ISO-10303-21;
HEADER;
FILE_DESCRIPTION (( 'STEP AP214' ),
    '1' );
FILE_NAME ('1x_carrier_bottom_output.STEP',
    '2025-09-05T22:04:48',
    ( '' ),
    ( '' ),
    'SwSTEP 2.0',
    'SolidWorks 2024',
    '' );
FILE_SCHEMA (( 'AUTOMOTIVE_DESIGN' ));
ENDSEC;

DATA;
#1 = ORIENTED_EDGE ( 'NONE', *, *, #4932, .F. ) ;
#2 = B_SPLINE_CURVE_WITH_KNOTS ( 'NONE', 3,
 ( #3398, #2239, #2343, #6485 ),
 .UNSPECIFIED., .F., .F.,
 ( 4, 4 ),
 ( 0.0008907263954035209022, 0.001251412914530901452 ),
 .UNSPECIFIED. ) ;
#3 = CARTESIAN_POINT ( 'NONE',  ( -12.24286044577887900, -14.51652791247548535, -19.24987166245047376 ) ) ;
#4 = CARTESIAN_POINT ( 'NONE',  ( 5.570081339012637578, 18.33944039556611472, -18.41665177919101382 ) ) ;
#5 = CARTESIAN_POINT ( 'NONE',  ( 18.20513365235256842, -3.289974787677079071, -18.62636688832870036 ) ) ;
#6 = CARTESIAN_POINT ( 'NONE',  ( 6.253365082237697159, -17.41109561606680955, -18.62636688832869325 ) ) ;
#7 = DIRECTION ( 'NONE',  ( 0.000000000000000000, 0.000000000000000000, 1.000000000000000000 ) ) ;
#8 = VERTEX_POINT ( 'NONE', #1519 ) ;
#9 = EDGE_CURVE ( 'NONE', #6340, #104, #4769, .T. ) ;
#10 = CARTESIAN_POINT ( 'NONE',  ( -28.45182871386007761, 6.161851725716085859, 6.750000000000000888 ) ) ;
#11 = DIRECTION ( 'NONE',  ( -1.000000000000000000, 0.000000000000000000, 0.000000000000000000 ) ) ;
#12 = CARTESIAN_POINT ( 'NONE',  ( -7.517496621938821733, 23.49650120891936567, -18.08021765461926833 ) ) ;
#13 = ORIENTED_EDGE ( 'NONE', *, *, #2914, .F. ) ;
#14 = EDGE_CURVE ( 'NONE', #2515, #1193, #6524, .T. ) ;
#15 = DIRECTION ( 'NONE',  ( -1.000000000000000000, 0.000000000000000000, 0.000000000000000000 ) ) ;
#16 = DIRECTION ( 'NONE',  ( -0.8660254037844434816, -0.4999999999999916178, 0.000000000000000000 ) ) ;
#17 = ORIENTED_EDGE ( 'NONE', *, *, #979, .F. ) ;
#18 = CARTESIAN_POINT ( 'NONE',  ( -5.454806341704449224, 18.02478633274964892, -18.08208545839345405 ) ) ;
#19 = DIRECTION ( 'NONE',  ( -0.000000000000000000, -0.000000000000000000, 1.000000000000000000 ) ) ;
#20 = PLANE ( 'NONE',  #5012 ) ;
#21 = CARTESIAN_POINT ( 'NONE',  ( -5.338265050630923270, -17.70680112309824139, -17.74399577602797962 ) ) ;
#22 = EDGE_CURVE ( 'NONE', #4063, #621, #1445, .T. ) ;
#23 = CARTESIAN_POINT ( 'NONE',  ( 0.000000000000000000, 0.000000000000000000, -13.75000000000000178 ) ) ;
#24 = ORIENTED_EDGE ( 'NONE', *, *, #3218, .T. ) ;
#25 = AXIS2_PLACEMENT_3D ( 'NONE', #1868, #4000, #3520 ) ;
#26 = ORIENTED_EDGE ( 'NONE', *, *, #4938, .T. ) ;
#27 = ORIENTED_EDGE ( 'NONE', *, *, #1981, .T. ) ;
#28 = EDGE_CURVE ( 'NONE', #4312, #526, #4881, .T. ) ;
#29 = FACE_OUTER_BOUND ( 'NONE', #2834, .T. ) ;
#30 = VECTOR ( 'NONE', #4908, 1000.000000000000000 ) ;
#31 = AXIS2_PLACEMENT_3D ( 'NONE', #1438, #4158, #1411 ) ;
#32 = EDGE_CURVE ( 'NONE', #1583, #4740, #3017, .T. ) ;
#33 = VERTEX_POINT ( 'NONE', #2561 ) ;
#34 = FACE_BOUND ( 'NONE', #4901, .T. ) ;
#35 = VERTEX_POINT ( 'NONE', #1550 ) ;
#36 = AXIS2_PLACEMENT_3D ( 'NONE', #2730, #87, #4319 ) ;
#37 = CIRCLE ( 'NONE', #3026, 1.649999999999996581 ) ;
#38 = CARTESIAN_POINT ( 'NONE',  ( -12.66540103211334944, -13.47646648270004555, -17.74398637837705195 ) ) ;
#39 = FACE_OUTER_BOUND ( 'NONE', #2074, .T. ) ;
#40 = CARTESIAN_POINT ( 'NONE',  ( 15.36324772583609466, -11.75672655608661543, -13.75000000000000178 ) ) ;
#41 = AXIS2_PLACEMENT_3D ( 'NONE', #2391, #826, #1863 ) ;
#42 = DIRECTION ( 'NONE',  ( -0.000000000000000000, -0.000000000000000000, 1.000000000000000000 ) ) ;
#43 = ORIENTED_EDGE ( 'NONE', *, *, #2057, .F. ) ;
#44 = CIRCLE ( 'NONE', #1477, 3.149999999999999911 ) ;
#45 = CARTESIAN_POINT ( 'NONE',  ( -8.975000000000013856, -18.83605253231153398, -18.25000000000002132 ) ) ;
#46 = DIRECTION ( 'NONE',  ( 0.4999999999999933942, -0.8660254037844425934, 0.000000000000000000 ) ) ;
#47 = EDGE_LOOP ( 'NONE', ( #4260, #238, #4379 ) ) ;
#48 = AXIS2_PLACEMENT_3D ( 'NONE', #3046, #6103, #5546 ) ;
#49 = DIRECTION ( 'NONE',  ( 0.000000000000000000, 0.000000000000000000, 1.000000000000000000 ) ) ;
#50 = CARTESIAN_POINT ( 'NONE',  ( 21.75000000000000355, 0.000000000000000000, -8.750000000000001776 ) ) ;
#51 = ORIENTED_EDGE ( 'NONE', *, *, #1961, .T. ) ;
#52 = B_SPLINE_CURVE_WITH_KNOTS ( 'NONE', 3,
 ( #3839, #6508, #1736, #5920, #1764, #2192, #4316, #1189, #3900, #3872 ),
 .UNSPECIFIED., .F., .F.,
 ( 4, 2, 2, 2, 4 ),
 ( 0.000000000000000000, 0.0003692409471152334173, 0.0007384818942304668347, 0.001107722841345700360, 0.001476963788460933669 ),
 .UNSPECIFIED. ) ;
#53 = DIRECTION ( 'NONE',  ( 0.000000000000000000, 0.000000000000000000, -1.000000000000000000 ) ) ;
#54 = CARTESIAN_POINT ( 'NONE',  ( -2.010996139922139658, 18.39037505123857841, -6.150000000000001243 ) ) ;
#55 = AXIS2_PLACEMENT_3D ( 'NONE', #5505, #3325, #5408 ) ;
#56 = CARTESIAN_POINT ( 'NONE',  ( -22.42228936682222695, -9.156294299078421517, -18.53156121588232708 ) ) ;
#57 = DIRECTION ( 'NONE',  ( -0.000000000000000000, -0.000000000000000000, 1.000000000000000000 ) ) ;
#58 = VERTEX_POINT ( 'NONE', #3682 ) ;
#59 = ORIENTED_EDGE ( 'NONE', *, *, #1597, .F. ) ;
#60 = ORIENTED_EDGE ( 'NONE', *, *, #242, .F. ) ;
#61 = ADVANCED_FACE ( 'NONE', ( #1025 ), #5752, .F. ) ;
#62 = EDGE_CURVE ( 'NONE', #1265, #5215, #5455, .T. ) ;
#63 = DIRECTION ( 'NONE',  ( -1.000000000000000000, 0.000000000000000000, 0.000000000000000000 ) ) ;
#64 = DIRECTION ( 'NONE',  ( 0.000000000000000000, 0.000000000000000000, -1.000000000000000000 ) ) ;
#65 = CARTESIAN_POINT ( 'NONE',  ( -18.36324772583621368, -6.560574133379725836, -14.25000000000000178 ) ) ;
#66 = CONICAL_SURFACE ( 'NONE', #1278, 1.899999999999999023, 0.7853981633974557175 ) ;
#67 = CARTESIAN_POINT ( 'NONE',  ( -18.99636252835464845, 4.403204593398254652, -18.75000000000000355 ) ) ;
#68 = CARTESIAN_POINT ( 'NONE',  ( -18.06610460757236680, 3.984764071976622635, -17.78405629901139662 ) ) ;
#69 = ORIENTED_EDGE ( 'NONE', *, *, #6691, .F. ) ;
#70 = AXIS2_PLACEMENT_3D ( 'NONE', #2387, #5551, #1923 ) ;
#71 = CARTESIAN_POINT ( 'NONE',  ( -11.59010985392614934, -13.73843660097799280, -18.23526651095309958 ) ) ;
#72 = EDGE_CURVE ( 'NONE', #6552, #201, #2684, .T. ) ;
#73 = CARTESIAN_POINT ( 'NONE',  ( 5.340334732698440945, 17.71244830458891428, -17.75000000000000711 ) ) ;
#74 = CARTESIAN_POINT ( 'NONE',  ( -21.75000000000000000, 3.469446951953614189E-15, -18.75000000000000355 ) ) ;
#75 = AXIS2_PLACEMENT_3D ( 'NONE', #3674, #6705, #385 ) ;
#76 = EDGE_CURVE ( 'NONE', #5667, #1081, #4557, .T. ) ;
#77 = CARTESIAN_POINT ( 'NONE',  ( 19.73610146207804306, -14.42077985809121543, -17.87071096845080831 ) ) ;
#78 = DIRECTION ( 'NONE',  ( 0.4999999999999911182, -0.8660254037844439257, 0.000000000000000000 ) ) ;
#79 = VERTEX_POINT ( 'NONE', #2279 ) ;
#80 = CIRCLE ( 'NONE', #530, 19.50000000000000355 ) ;
#81 = DIRECTION ( 'NONE',  ( -0.000000000000000000, -0.000000000000000000, 1.000000000000000000 ) ) ;
#82 = DIRECTION ( 'NONE',  ( 0.000000000000000000, 0.000000000000000000, -1.000000000000000000 ) ) ;
#83 = CARTESIAN_POINT ( 'NONE',  ( -14.71277491685819783, -9.937800231748505908, -5.950000000000000178 ) ) ;
#84 = CARTESIAN_POINT ( 'NONE',  ( 18.96223448575325676, 22.59831107200955458, -6.750000000000000888 ) ) ;
#85 = ORIENTED_EDGE ( 'NONE', *, *, #297, .F. ) ;
#86 = CARTESIAN_POINT ( 'NONE',  ( -18.36223448575293915, 23.63754155655114886, 6.750000000000000888 ) ) ;
#87 = DIRECTION ( 'NONE',  ( -0.000000000000000000, 0.000000000000000000, -1.000000000000000000 ) ) ;
#88 = ORIENTED_EDGE ( 'NONE', *, *, #1670, .T. ) ;
#89 = CARTESIAN_POINT ( 'NONE',  ( 28.65638511542515943, 14.24119349339939689, -6.750000000000000888 ) ) ;
#90 = CARTESIAN_POINT ( 'NONE',  ( 19.56223448575324753, 21.55908058746821965, -6.750000000000000888 ) ) ;
#91 = DIRECTION ( 'NONE',  ( 0.000000000000000000, 0.000000000000000000, 1.000000000000000000 ) ) ;
#92 = DIRECTION ( 'NONE',  ( 0.000000000000000000, 0.000000000000000000, -1.000000000000000000 ) ) ;
#93 = CARTESIAN_POINT ( 'NONE',  ( -18.02627526814912784, 3.226856180999943202, -18.57342577602706513 ) ) ;
#94 = ORIENTED_EDGE ( 'NONE', *, *, #4703, .T. ) ;
#95 = CARTESIAN_POINT ( 'NONE',  ( 0.000000000000000000, 0.000000000000000000, -17.75000000000000355 ) ) ;
#96 = ORIENTED_EDGE ( 'NONE', *, *, #4622, .T. ) ;
#97 = ORIENTED_EDGE ( 'NONE', *, *, #979, .T. ) ;
#98 = ADVANCED_FACE ( 'NONE', ( #1172 ), #4396, .F. ) ;
#99 = DIRECTION ( 'NONE',  ( 0.000000000000000000, 0.000000000000000000, -1.000000000000000000 ) ) ;
#100 = CARTESIAN_POINT ( 'NONE',  ( 5.570081339012635802, -18.33944039556611472, -18.41665177919101382 ) ) ;
#101 = CARTESIAN_POINT ( 'NONE',  ( -15.15584834907555845, -11.63698447008384562, -17.75000000000000355 ) ) ;
#102 = CARTESIAN_POINT ( 'NONE',  ( -18.19790888430940967, 3.330028110422404541, -18.50744200514312254 ) ) ;
#103 = EDGE_CURVE ( 'NONE', #5349, #2879, #4362, .T. ) ;
#104 = VERTEX_POINT ( 'NONE', #5936 ) ;
#105 = DIRECTION ( 'NONE',  ( 0.5000000000000044409, 0.8660254037844361541, 0.000000000000000000 ) ) ;
#106 = CARTESIAN_POINT ( 'NONE',  ( -15.98732343811255419, -18.99447482761547690, -18.93308766683991351 ) ) ;
#107 = DIRECTION ( 'NONE',  ( -0.000000000000000000, -0.000000000000000000, 1.000000000000000000 ) ) ;
#108 = DIRECTION ( 'NONE',  ( -0.000000000000000000, -0.000000000000000000, 1.000000000000000000 ) ) ;
#109 = CARTESIAN_POINT ( 'NONE',  ( -1.994957212218750220, -31.93775423728816776, -6.750000000000000888 ) ) ;
#110 = CARTESIAN_POINT ( 'NONE',  ( -12.86155828004102908, -14.45533056361748336, -18.75000000000000711 ) ) ;
#111 = DIRECTION ( 'NONE',  ( -0.000000000000000000, -0.000000000000000000, 1.000000000000000000 ) ) ;
#112 = PLANE ( 'NONE',  #1732 ) ;
#113 = VERTEX_POINT ( 'NONE', #4809 ) ;
#114 = DIRECTION ( 'NONE',  ( -1.000000000000000000, 0.000000000000000000, 0.000000000000000000 ) ) ;
#115 = EDGE_CURVE ( 'NONE', #1045, #1007, #6441, .T. ) ;
#116 = DIRECTION ( 'NONE',  ( 3.642919299551294898E-16, 1.000000000000000000, 0.000000000000000000 ) ) ;
#117 = CARTESIAN_POINT ( 'NONE',  ( -23.77579162780896382, -5.179071158870041103, -18.41667154759604585 ) ) ;
#118 = CARTESIAN_POINT ( 'NONE',  ( 8.362615282625672108, 23.55990467015829637, -18.28709221241552996 ) ) ;
#119 = EDGE_CURVE ( 'NONE', #6751, #811, #3493, .T. ) ;
#120 = DIRECTION ( 'NONE',  ( 0.000000000000000000, -0.000000000000000000, -1.000000000000000000 ) ) ;
#121 =( BOUNDED_SURFACE ( )  B_SPLINE_SURFACE ( 3, 2, ( 
 ( #1839, #3975, #1942 ),
 ( #1324, #3455, #2931 ),
 ( #5570, #5024, #2407 ),
 ( #6090, #3494, #5633 ) ),
 .UNSPECIFIED., .F., .F., .T. ) 
 B_SPLINE_SURFACE_WITH_KNOTS ( ( 4, 4 ),
 ( 3, 3 ),
 ( 0.01930857556307358572, 0.02074190177765423276 ),
 ( 0.000000000000000000, 0.7968612372486103546 ),
 .UNSPECIFIED. ) 
 GEOMETRIC_REPRESENTATION_ITEM ( )  RATIONAL_B_SPLINE_SURFACE ( (
 ( 1.000000000000000000, 0.7559064253551377455, 0.9008302665021573619),
 ( 1.000000000000000000, 0.7557124412047507844, 0.9007514551015514126),
 ( 1.000000000000000000, 0.7555079541592546466, 0.9006683766107098643),
 ( 1.000000000000000000, 0.7552910436305799724, 0.9005802507378644073) ) ) 
 REPRESENTATION_ITEM ( '' )  SURFACE ( )  );
#122 = EDGE_CURVE ( 'NONE', #1505, #1058, #518, .T. ) ;
#123 = CARTESIAN_POINT ( 'NONE',  ( -16.11911819238239474, 19.10954340191881329, -18.62880109420078512 ) ) ;
#124 = CARTESIAN_POINT ( 'NONE',  ( 3.320512820512827368, 18.19956578077647436, -17.75000000000000711 ) ) ;
#125 = VERTEX_POINT ( 'NONE', #2844 ) ;
#126 = CYLINDRICAL_SURFACE ( 'NONE', #1468, 1.000000000000000888 ) ;
#127 = DIRECTION ( 'NONE',  ( 1.000000000000000000, 0.000000000000000000, 0.000000000000000000 ) ) ;
#128 = DIRECTION ( 'NONE',  ( 0.000000000000000000, -0.000000000000000000, 1.000000000000000000 ) ) ;
#129 = ORIENTED_EDGE ( 'NONE', *, *, #886, .T. ) ;
#130 = ORIENTED_EDGE ( 'NONE', *, *, #186, .F. ) ;
#131 = ORIENTED_EDGE ( 'NONE', *, *, #2651, .F. ) ;
#132 = DIRECTION ( 'NONE',  ( 0.000000000000000000, 0.000000000000000000, 1.000000000000000000 ) ) ;
#133 = FACE_OUTER_BOUND ( 'NONE', #2664, .T. ) ;
#134 = CARTESIAN_POINT ( 'NONE',  ( -16.93203004945722512, -7.453613781534269123, -6.150000000000001243 ) ) ;
#135 = CIRCLE ( 'NONE', #3572, 19.50000000000000355 ) ;
#136 = DIRECTION ( 'NONE',  ( -0.4999999999999920064, 0.8660254037844432595, 0.000000000000000000 ) ) ;
#137 = CIRCLE ( 'NONE', #3355, 15.99999999999999645 ) ;
#138 = DIRECTION ( 'NONE',  ( 0.000000000000000000, 0.000000000000000000, 1.000000000000000000 ) ) ;
#139 = DIRECTION ( 'NONE',  ( -0.000000000000000000, 0.000000000000000000, -1.000000000000000000 ) ) ;
#140 = EDGE_LOOP ( 'NONE', ( #3960, #2804, #4838, #6036 ) ) ;
#141 = ORIENTED_EDGE ( 'NONE', *, *, #1208, .T. ) ;
#142 = CARTESIAN_POINT ( 'NONE',  ( -24.24921954250182665, 4.516751617776077588, -18.09466008188259423 ) ) ;
#143 = AXIS2_PLACEMENT_3D ( 'NONE', #3099, #3211, #11 ) ;
#144 = DIRECTION ( 'NONE',  ( 0.4999999999999923395, -0.8660254037844431485, 0.000000000000000000 ) ) ;
#145 = CIRCLE ( 'NONE', #3912, 0.5000000000000001110 ) ;
#146 = CARTESIAN_POINT ( 'NONE',  ( 23.24208855726890732, -9.208980372227429712, -14.25000000000000178 ) ) ;
#147 = CONICAL_SURFACE ( 'NONE', #3583, 1.899999999999995470, 0.7853981633974559395 ) ;
#148 = AXIS2_PLACEMENT_3D ( 'NONE', #3154, #1232, #3432 ) ;
#149 = ORIENTED_EDGE ( 'NONE', *, *, #6792, .F. ) ;
#150 = CARTESIAN_POINT ( 'NONE',  ( -18.81240501497832085, -14.90279898382912549, -14.25000000000000178 ) ) ;
#151 = CARTESIAN_POINT ( 'NONE',  ( 16.15838216916553449, 17.74561032129336269, -18.75000000000000355 ) ) ;
#152 = CIRCLE ( 'NONE', #4032, 1.899999999999995470 ) ;
#153 = CARTESIAN_POINT ( 'NONE',  ( 18.81240501497811479, -14.90279898382939905, -14.25000000000000178 ) ) ;
#154 = B_SPLINE_CURVE_WITH_KNOTS ( 'NONE', 3,
 ( #6188, #3690, #2536, #4102, #4137, #1526, #2083, #3658 ),
 .UNSPECIFIED., .F., .F.,
 ( 4, 2, 2, 4 ),
 ( 1.734723475976807094E-18, 0.0004715209418158114950, 0.0007072814127237149386, 0.0009430418836316185448 ),
 .UNSPECIFIED. ) ;
#155 = DIRECTION ( 'NONE',  ( -0.000000000000000000, -0.000000000000000000, 1.000000000000000000 ) ) ;
#156 = ORIENTED_EDGE ( 'NONE', *, *, #5190, .T. ) ;
#157 = EDGE_CURVE ( 'NONE', #1699, #4254, #1452, .T. ) ;
#158 = CARTESIAN_POINT ( 'NONE',  ( 23.77579162780888566, -5.179071158870374170, -18.41667154759604941 ) ) ;
#159 = CIRCLE ( 'NONE', #4036, 1.000000000000000444 ) ;
#160 = CARTESIAN_POINT ( 'NONE',  ( 19.79681527361794480, -15.11155793262432923, -17.84494422233777655 ) ) ;
#161 = ORIENTED_EDGE ( 'NONE', *, *, #3558, .T. ) ;
#162 = ADVANCED_FACE ( 'NONE', ( #2244 ), #2798, .F. ) ;
#163 = CARTESIAN_POINT ( 'NONE',  ( 8.687313370855779482, 23.97818775844485373, -18.25715341813936732 ) ) ;
#164 = TOROIDAL_SURFACE ( 'NONE', #2143, 1.500000000000000000, 0.5000000000000000000 ) ;
#165 = CARTESIAN_POINT ( 'NONE',  ( 20.28421686950846592, -14.61336874203714231, -13.75000000000000178 ) ) ;
#166 = CARTESIAN_POINT ( 'NONE',  ( -18.15669667498968209, 3.485475877737180816, -17.72258545733680535 ) ) ;
#167 = ORIENTED_EDGE ( 'NONE', *, *, #297, .T. ) ;
#168 = VERTEX_POINT ( 'NONE', #679 ) ;
#169 = VECTOR ( 'NONE', #2268, 1000.000000000000114 ) ;
#170 = ORIENTED_EDGE ( 'NONE', *, *, #2312, .T. ) ;
#171 = CARTESIAN_POINT ( 'NONE',  ( 0.000000000000000000, 0.000000000000000000, -6.750000000000000888 ) ) ;
#172 = DIRECTION ( 'NONE',  ( -0.000000000000000000, -0.000000000000000000, -1.000000000000000000 ) ) ;
#173 = DIRECTION ( 'NONE',  ( -1.000000000000000000, 0.000000000000000000, 0.000000000000000000 ) ) ;
#174 = AXIS2_PLACEMENT_3D ( 'NONE', #2483, #2905, #1436 ) ;
#175 = DIRECTION ( 'NONE',  ( 0.000000000000000000, 0.000000000000000000, -1.000000000000000000 ) ) ;
#176 = CYLINDRICAL_SURFACE ( 'NONE', #5101, 1.899999999999997247 ) ;
#177 = ORIENTED_EDGE ( 'NONE', *, *, #1960, .T. ) ;
#178 = AXIS2_PLACEMENT_3D ( 'NONE', #4981, #324, #6082 ) ;
#179 = CARTESIAN_POINT ( 'NONE',  ( 18.96223448575325676, 22.59831107200955458, -5.249999999999999112 ) ) ;
#180 = CARTESIAN_POINT ( 'NONE',  ( -0.7048207503311053612, -31.99271028971804043, -6.184803070776126788 ) ) ;
#181 = CARTESIAN_POINT ( 'NONE',  ( 8.328450268918535571, -23.57639571506660303, -17.75661743300355155 ) ) ;
#182 = CARTESIAN_POINT ( 'NONE',  ( 31.90184760431295885, 2.504419978995468643, 6.750000000000000888 ) ) ;
#183 = AXIS2_PLACEMENT_3D ( 'NONE', #6328, #6127, #3655 ) ;
#184 = ORIENTED_EDGE ( 'NONE', *, *, #1383, .F. ) ;
#185 = FACE_OUTER_BOUND ( 'NONE', #5347, .T. ) ;
#186 = EDGE_CURVE ( 'NONE', #2597, #3208, #254, .T. ) ;
#187 = CARTESIAN_POINT ( 'NONE',  ( 18.36324772583612486, -6.560574133379988737, -14.25000000000000178 ) ) ;
#188 = CARTESIAN_POINT ( 'NONE',  ( -10.87500000000000888, -18.83605253231153398, -8.750000000000001776 ) ) ;
#189 = CIRCLE ( 'NONE', #1059, 1.200000000000001288 ) ;
#190 = CARTESIAN_POINT ( 'NONE',  ( 12.06574566513210023, 14.02393512970508560, -18.28048286926300747 ) ) ;
#191 = EDGE_LOOP ( 'NONE', ( #5053, #491, #2261, #3563, #1356, #3850 ) ) ;
#192 = DIRECTION ( 'NONE',  ( 0.000000000000000000, 0.000000000000000000, -1.000000000000000000 ) ) ;
#193 = CIRCLE ( 'NONE', #632, 2.500000000000002220 ) ;
#194 = CARTESIAN_POINT ( 'NONE',  ( 31.90184760431295885, 2.504419978995481078, -6.750000000000000888 ) ) ;
#195 = ORIENTED_EDGE ( 'NONE', *, *, #6752, .T. ) ;
#196 = CARTESIAN_POINT ( 'NONE',  ( 5.914770989323915096, 18.54608100127622450, -18.75000000000000355 ) ) ;
#197 = CARTESIAN_POINT ( 'NONE',  ( 24.72274941164109308, 16.17894191624408151, -5.250000000000000000 ) ) ;
#198 = DIRECTION ( 'NONE',  ( 0.000000000000000000, 0.000000000000000000, 1.000000000000000000 ) ) ;
#199 = EDGE_CURVE ( 'NONE', #2539, #3140, #3577, .T. ) ;
#200 = FACE_BOUND ( 'NONE', #2440, .T. ) ;
#201 = VERTEX_POINT ( 'NONE', #5902 ) ;
#202 = CARTESIAN_POINT ( 'NONE',  ( -3.500000000000000444, 19.18332609325088001, -18.75000000000000355 ) ) ;
#203 = ORIENTED_EDGE ( 'NONE', *, *, #6433, .F. ) ;
#204 = ORIENTED_EDGE ( 'NONE', *, *, #5702, .T. ) ;
#205 = CARTESIAN_POINT ( 'NONE',  ( 0.000000000000000000, 0.000000000000000000, -18.75000000000000355 ) ) ;
#206 = DIRECTION ( 'NONE',  ( 0.000000000000000000, 0.000000000000000000, -1.000000000000000000 ) ) ;
#207 = EDGE_CURVE ( 'NONE', #3426, #3964, #5198, .T. ) ;
#208 = DIRECTION ( 'NONE',  ( 0.000000000000000000, -0.000000000000000000, -1.000000000000000000 ) ) ;
#209 = CARTESIAN_POINT ( 'NONE',  ( -14.68427343364245985, -11.63889820918746487, -17.98744480439649251 ) ) ;
#210 = CARTESIAN_POINT ( 'NONE',  ( 18.69155846397862319, 3.344090421534251512, -19.24829548201505247 ) ) ;
#211 = EDGE_CURVE ( 'NONE', #3140, #723, #6647, .T. ) ;
#212 = CARTESIAN_POINT ( 'NONE',  ( 19.85000000000000142, 0.000000000000000000, -18.25000000000002487 ) ) ;
#213 = ORIENTED_EDGE ( 'NONE', *, *, #340, .T. ) ;
#214 = EDGE_CURVE ( 'NONE', #4477, #4686, #1237, .T. ) ;
#215 = VERTEX_POINT ( 'NONE', #4653 ) ;
#216 = CARTESIAN_POINT ( 'NONE',  ( -14.65754272463700758, -11.28931970290974007, -13.75000000000000178 ) ) ;
#217 = B_SPLINE_CURVE_WITH_KNOTS ( 'NONE', 3,
 ( #4970, #6002, #2344, #1375, #5003, #279, #6628, #1985, #2978, #4525 ),
 .UNSPECIFIED., .F., .F.,
 ( 4, 2, 2, 2, 4 ),
 ( 0.000000000000000000, 0.0003692409471152334173, 0.0007384818942304668347, 0.001107722841345700360, 0.001476963788460933669 ),
 .UNSPECIFIED. ) ;
#218 = EDGE_CURVE ( 'NONE', #1110, #6251, #4583, .T. ) ;
#219 = B_SPLINE_CURVE_WITH_KNOTS ( 'NONE', 3,
 ( #3551, #5627, #891, #3023 ),
 .UNSPECIFIED., .F., .F.,
 ( 4, 4 ),
 ( 0.0006131941093947109117, 0.001811011396899782095 ),
 .UNSPECIFIED. ) ;
#220 = CARTESIAN_POINT ( 'NONE',  ( -7.864282676183739440, 23.73108946451479540, -17.78489111920823262 ) ) ;
#221 = PRODUCT_CONTEXT ( 'NONE', #1876, 'mechanical' ) ;
#222 = ORIENTED_EDGE ( 'NONE', *, *, #6796, .F. ) ;
#223 = DIRECTION ( 'NONE',  ( 0.000000000000000000, 0.000000000000000000, 1.000000000000000000 ) ) ;
#224 = FACE_OUTER_BOUND ( 'NONE', #2769, .T. ) ;
#225 = CARTESIAN_POINT ( 'NONE',  ( -3.320512820512820262, 18.19956578077647436, -17.75000000000000711 ) ) ;
#226 = ORIENTED_EDGE ( 'NONE', *, *, #1993, .T. ) ;
#227 = B_SPLINE_CURVE_WITH_KNOTS ( 'NONE', 3,
 ( #2034, #3758, #587, #5719, #2076, #1096 ),
 .UNSPECIFIED., .F., .F.,
 ( 4, 2, 4 ),
 ( 0.000000000000000000, 0.0006079252980687515837, 0.001215850596137503167 ),
 .UNSPECIFIED. ) ;
#228 = ADVANCED_FACE ( 'NONE', ( #335 ), #2545, .F. ) ;
#229 = LINE ( 'NONE', #3874, #6594 ) ;
#230 = ORIENTED_EDGE ( 'NONE', *, *, #2093, .F. ) ;
#231 = CARTESIAN_POINT ( 'NONE',  ( -23.77579162780885369, 5.179071158870541147, -18.41667154759604230 ) ) ;
#232 = B_SPLINE_CURVE_WITH_KNOTS ( 'NONE', 3,
 ( #3562, #4730, #6728, #5130 ),
 .UNSPECIFIED., .F., .F.,
 ( 4, 4 ),
 ( 0.000000000000000000, 0.001414740136845097371 ),
 .UNSPECIFIED. ) ;
#233 = CARTESIAN_POINT ( 'NONE',  ( 2.737444804396497400, 18.53640293424503582, -17.98744480439650673 ) ) ;
#234 = CARTESIAN_POINT ( 'NONE',  ( 18.99636252835470884, 4.403204593397987310, -18.75000000000000355 ) ) ;
#235 = CARTESIAN_POINT ( 'NONE',  ( -24.60455152634237308, 4.429280070737452668, -18.50777622429791336 ) ) ;
#236 = EDGE_LOOP ( 'NONE', ( #4812, #1723, #3224, #473, #4522, #1649 ) ) ;
#237 = CARTESIAN_POINT ( 'NONE',  ( 3.645833333333342807, 24.73272931371618100, -14.25000000000000178 ) ) ;
#238 = ORIENTED_EDGE ( 'NONE', *, *, #3545, .F. ) ;
#239 = ORIENTED_EDGE ( 'NONE', *, *, #3761, .F. ) ;
#240 = CYLINDRICAL_SURFACE ( 'NONE', #2159, 1.000000000000000000 ) ;
#241 = CARTESIAN_POINT ( 'NONE',  ( 0.000000000000000000, 0.000000000000000000, -5.750000000000000888 ) ) ;
#242 = EDGE_CURVE ( 'NONE', #871, #5594, #6163, .T. ) ;
#243 = CARTESIAN_POINT ( 'NONE',  ( 7.408492393810297116, 22.82827152249866387, -18.75000000000000711 ) ) ;
#244 = B_SPLINE_CURVE_WITH_KNOTS ( 'NONE', 3,
 ( #1460, #4754, #2541, #3594, #2510, #1533, #937, #5731, #6305, #6827 ),
 .UNSPECIFIED., .F., .F.,
 ( 4, 2, 2, 2, 4 ),
 ( 0.000000000000000000, 0.0003741468002070884769, 0.0007482936004141769537, 0.001122440400621265485, 0.001496587200828353907 ),
 .UNSPECIFIED. ) ;
#245 = FACE_OUTER_BOUND ( 'NONE', #5246, .T. ) ;
#246 = ORIENTED_EDGE ( 'NONE', *, *, #5004, .T. ) ;
#247 = EDGE_CURVE ( 'NONE', #3502, #6134, #3127, .T. ) ;
#248 = ORIENTED_EDGE ( 'NONE', *, *, #4545, .F. ) ;
#249 = ORIENTED_EDGE ( 'NONE', *, *, #3999, .F. ) ;
#250 = DIRECTION ( 'NONE',  ( -1.000000000000000000, 0.000000000000000000, 0.000000000000000000 ) ) ;
#251 = EDGE_CURVE ( 'NONE', #2728, #1650, #5041, .T. ) ;
#252 = VECTOR ( 'NONE', #6585, 1000.000000000000000 ) ;
#253 = FACE_OUTER_BOUND ( 'NONE', #6677, .T. ) ;
#254 = CIRCLE ( 'NONE', #4987, 2.399999999999985256 ) ;
#255 = CARTESIAN_POINT ( 'NONE',  ( -7.748979407603187930, 23.76907401241658846, -17.75000000000000355 ) ) ;
#256 = B_SPLINE_CURVE_WITH_KNOTS ( 'NONE', 3,
 ( #2954, #6149, #2494, #5071, #3543, #4666, #6112, #4066 ),
 .UNSPECIFIED., .F., .F.,
 ( 4, 2, 2, 4 ),
 ( -0.0006247151556717182169, -0.0002596420021041193744, 0.0001054311514634794682, 0.0008355774585986673955 ),
 .UNSPECIFIED. ) ;
#257 = ORIENTED_EDGE ( 'NONE', *, *, #5264, .T. ) ;
#258 = AXIS2_PLACEMENT_3D ( 'NONE', #4671, #3158, #2562 ) ;
#259 = AXIS2_PLACEMENT_3D ( 'NONE', #878, #2419, #6105 ) ;
#260 = FACE_OUTER_BOUND ( 'NONE', #4911, .T. ) ;
#261 = CARTESIAN_POINT ( 'NONE',  ( -26.66142790320619937, 17.69656074388863232, -6.750000000000000888 ) ) ;
#262 = CIRCLE ( 'NONE', #4028, 15.99999999999999645 ) ;
#263 = AXIS2_PLACEMENT_3D ( 'NONE', #3617, #6774, #957 ) ;
#264 = DIRECTION ( 'NONE',  ( 0.4999999999999911182, -0.8660254037844439257, 0.000000000000000000 ) ) ;
#265 = EDGE_LOOP ( 'NONE', ( #5443, #184, #1404, #24 ) ) ;
#266 = AXIS2_PLACEMENT_3D ( 'NONE', #2548, #5678, #571 ) ;
#267 = ORIENTED_EDGE ( 'NONE', *, *, #1757, .F. ) ;
#268 = CARTESIAN_POINT ( 'NONE',  ( -18.18132074165565371, -3.423043028195730031, -18.26740258996976607 ) ) ;
#269 = DIRECTION ( 'NONE',  ( -0.000000000000000000, -0.000000000000000000, -1.000000000000000000 ) ) ;
#270 = CIRCLE ( 'NONE', #4144, 2.399999999999985256 ) ;
#271 = DIRECTION ( 'NONE',  ( 0.7071067811865526798, 8.659560562354995721E-17, -0.7071067811865422437 ) ) ;
#272 = CARTESIAN_POINT ( 'NONE',  ( 10.87500000000000355, -18.83605253231153753, -18.25000000000002487 ) ) ;
#273 = VERTEX_POINT ( 'NONE', #5704 ) ;
#274 = ORIENTED_EDGE ( 'NONE', *, *, #4771, .F. ) ;
#275 = VERTEX_POINT ( 'NONE', #5127 ) ;
#276 = DIRECTION ( 'NONE',  ( -0.8660254037844432595, -0.4999999999999919509, 0.000000000000000000 ) ) ;
#277 = DIRECTION ( 'NONE',  ( -0.000000000000000000, -0.000000000000000000, 1.000000000000000000 ) ) ;
#278 = AXIS2_PLACEMENT_3D ( 'NONE', #5011, #4499, #5557 ) ;
#279 = CARTESIAN_POINT ( 'NONE',  ( 7.895058212619366245, -22.91583655794892138, -18.75000000000000355 ) ) ;
#280 = CARTESIAN_POINT ( 'NONE',  ( -21.75000000000000000, 3.469446951953614189E-15, -18.25000000000002487 ) ) ;
#281 = CARTESIAN_POINT ( 'NONE',  ( 12.13829837623501540, 14.28042687942914846, -18.75000000000000355 ) ) ;
#282 = ORIENTED_EDGE ( 'NONE', *, *, #3088, .F. ) ;
#283 = VECTOR ( 'NONE', #1350, 1000.000000000000114 ) ;
#284 = EDGE_CURVE ( 'NONE', #8, #4530, #2230, .T. ) ;
#285 = VERTEX_POINT ( 'NONE', #6652 ) ;
#286 = EDGE_CURVE ( 'NONE', #2617, #1057, #898, .T. ) ;
#287 = ORIENTED_EDGE ( 'NONE', *, *, #1459, .T. ) ;
#288 = CARTESIAN_POINT ( 'NONE',  ( -24.10731525787521790, 5.237907556985223145, -18.08021765469029773 ) ) ;
#289 = CIRCLE ( 'NONE', #2042, 32.00000000000000000 ) ;
#290 = CARTESIAN_POINT ( 'NONE',  ( -31.90184760431295885, 2.504419978995461094, -6.750000000000000888 ) ) ;
#291 = EDGE_CURVE ( 'NONE', #6110, #3193, #2753, .T. ) ;
#292 = EDGE_LOOP ( 'NONE', ( #3238, #698, #4475, #5422 ) ) ;
#293 = AXIS2_PLACEMENT_3D ( 'NONE', #4644, #4614, #5154 ) ;
#294 = CARTESIAN_POINT ( 'NONE',  ( 16.15838216916540659, -17.74561032129347282, -18.75000000000000355 ) ) ;
#295 = CARTESIAN_POINT ( 'NONE',  ( -2.448066291845694575, 18.33846420804627542, -13.75000000000000355 ) ) ;
#296 = DIRECTION ( 'NONE',  ( -0.000000000000000000, -0.000000000000000000, 1.000000000000000000 ) ) ;
#297 = EDGE_CURVE ( 'NONE', #6551, #1475, #575, .T. ) ;
#298 = CARTESIAN_POINT ( 'NONE',  ( -19.58605253231149845, 9.575961894323432588, -12.75000000000000178 ) ) ;
#299 = ORIENTED_EDGE ( 'NONE', *, *, #14, .T. ) ;
#300 = DIRECTION ( 'NONE',  ( 0.7071067811865526798, 8.659560562354995721E-17, -0.7071067811865422437 ) ) ;
#301 = EDGE_LOOP ( 'NONE', ( #4791, #4698, #5822 ) ) ;
#302 = DIRECTION ( 'NONE',  ( -0.000000000000000000, -0.000000000000000000, 1.000000000000000000 ) ) ;
#303 = CARTESIAN_POINT ( 'NONE',  ( 6.291709540207141238, -18.10235052396657451, -18.39952984009515546 ) ) ;
#304 = EDGE_CURVE ( 'NONE', #5144, #1539, #3801, .T. ) ;
#305 = B_SPLINE_CURVE_WITH_KNOTS ( 'NONE', 3,
 ( #109, #1211, #5833, #3862, #180, #2214, #2182, #6497, #5798, #2718, #2814, #3794, #6395, #5360 ),
 .UNSPECIFIED., .F., .F.,
 ( 4, 2, 2, 2, 2, 2, 4 ),
 ( 3.936710395831654695E-07, 0.001056309201365953059, 0.001584266966529138164, 0.002112224731692323269, 0.002640182496855508158, 0.003168140262018693479, 0.004224055792345061955 ),
 .UNSPECIFIED. ) ;
#306 = AXIS2_PLACEMENT_3D ( 'NONE', #5592, #120, #2727 ) ;
#307 = DIRECTION ( 'NONE',  ( 0.4999999999999911182, -0.8660254037844439257, 0.000000000000000000 ) ) ;
#308 = FACE_OUTER_BOUND ( 'NONE', #3281, .T. ) ;
#309 = EDGE_LOOP ( 'NONE', ( #1259, #3881, #554, #6723, #6125 ) ) ;
#310 = ORIENTED_EDGE ( 'NONE', *, *, #4099, .T. ) ;
#311 = ORIENTED_EDGE ( 'NONE', *, *, #6286, .F. ) ;
#312 = DIRECTION ( 'NONE',  ( -0.4999999999999920064, 0.8660254037844433705, 0.000000000000000000 ) ) ;
#313 = DIRECTION ( 'NONE',  ( -1.000000000000000000, 0.000000000000000000, 0.000000000000000000 ) ) ;
#314 = CARTESIAN_POINT ( 'NONE',  ( -2.500000000000000000, 19.87560046349701892, -5.250000000000000000 ) ) ;
#315 = CARTESIAN_POINT ( 'NONE',  ( 12.73324811507681886, 14.45739233964823534, -18.75000000000000355 ) ) ;
#316 = EDGE_LOOP ( 'NONE', ( #1010, #6579, #763, #3297 ) ) ;
#317 = EDGE_CURVE ( 'NONE', #3436, #2617, #6757, .T. ) ;
#318 = ORIENTED_EDGE ( 'NONE', *, *, #350, .T. ) ;
#319 = CARTESIAN_POINT ( 'NONE',  ( -23.58357164354578472, 4.399121903545024637, -18.77088643780694710 ) ) ;
#320 = DIRECTION ( 'NONE',  ( -1.000000000000000000, 0.000000000000000000, 0.000000000000000000 ) ) ;
#321 = DIRECTION ( 'NONE',  ( 0.000000000000000000, 0.000000000000000000, -1.000000000000000000 ) ) ;
#322 = EDGE_LOOP ( 'NONE', ( #6563, #4549 ) ) ;
#323 = VERTEX_POINT ( 'NONE', #6268 ) ;
#324 = DIRECTION ( 'NONE',  ( -0.000000000000000000, -0.000000000000000000, -1.000000000000000000 ) ) ;
#325 = CARTESIAN_POINT ( 'NONE',  ( 26.50000000000000355, 0.000000000000000000, -6.950000000000000178 ) ) ;
#326 = DIRECTION ( 'NONE',  ( -0.000000000000000000, -0.000000000000000000, 1.000000000000000000 ) ) ;
#327 = CARTESIAN_POINT ( 'NONE',  ( -23.17861016938476482, -9.369190325234296068, -14.13060928045022635 ) ) ;
#328 = ORIENTED_EDGE ( 'NONE', *, *, #4018, .F. ) ;
#329 = CYLINDRICAL_SURFACE ( 'NONE', #4484, 15.00000000000000000 ) ;
#330 = EDGE_CURVE ( 'NONE', #1663, #1146, #3664, .T. ) ;
#331 = LINE ( 'NONE', #4579, #1605 ) ;
#332 = DIRECTION ( 'NONE',  ( -1.000000000000000000, 0.000000000000000000, 0.000000000000000000 ) ) ;
#333 = EDGE_CURVE ( 'NONE', #3261, #5451, #2496, .T. ) ;
#334 = CARTESIAN_POINT ( 'NONE',  ( -16.80250080122364764, 18.51150903694452410, -17.75000000000000355 ) ) ;
#335 = FACE_OUTER_BOUND ( 'NONE', #1091, .T. ) ;
#336 = DIRECTION ( 'NONE',  ( -1.000000000000000000, 0.000000000000000000, 0.000000000000000000 ) ) ;
#337 = FACE_OUTER_BOUND ( 'NONE', #4728, .T. ) ;
#338 = ORIENTED_EDGE ( 'NONE', *, *, #999, .T. ) ;
#339 = CARTESIAN_POINT ( 'NONE',  ( -0.000000000000000000, 0.000000000000000000, -17.75000000000000711 ) ) ;
#340 = EDGE_CURVE ( 'NONE', #3067, #5525, #1568, .T. ) ;
#341 = ORIENTED_EDGE ( 'NONE', *, *, #5462, .F. ) ;
#342 = CARTESIAN_POINT ( 'NONE',  ( -16.25357817040687536, 19.00090177089465726, -17.75654636269958075 ) ) ;
#343 = EDGE_LOOP ( 'NONE', ( #2170, #3860, #3060, #4707 ) ) ;
#344 = DIRECTION ( 'NONE',  ( -0.000000000000000000, -0.000000000000000000, 1.000000000000000000 ) ) ;
#345 = DIRECTION ( 'NONE',  ( 0.000000000000000000, 0.000000000000000000, -1.000000000000000000 ) ) ;
#346 = DIRECTION ( 'NONE',  ( 0.000000000000000000, 0.000000000000000000, -1.000000000000000000 ) ) ;
#347 = VERTEX_POINT ( 'NONE', #4174 ) ;
#348 = ORIENTED_EDGE ( 'NONE', *, *, #5462, .T. ) ;
#349 = DIRECTION ( 'NONE',  ( -0.000000000000000000, -0.000000000000000000, -1.000000000000000000 ) ) ;
#350 = EDGE_CURVE ( 'NONE', #5828, #761, #4781, .T. ) ;
#351 = CARTESIAN_POINT ( 'NONE',  ( 10.87500000000000355, -18.83605253231153753, -8.750000000000001776 ) ) ;
#352 = ORIENTED_EDGE ( 'NONE', *, *, #2710, .T. ) ;
#353 = VERTEX_POINT ( 'NONE', #1033 ) ;
#354 = DIRECTION ( 'NONE',  ( 0.000000000000000000, 0.000000000000000000, 1.000000000000000000 ) ) ;
#355 = CIRCLE ( 'NONE', #4233, 2.499999999999986677 ) ;
#356 = CARTESIAN_POINT ( 'NONE',  ( 16.03626178593285445, -18.74210050379001657, -18.09461283607914339 ) ) ;
#357 = CARTESIAN_POINT ( 'NONE',  ( -27.88676850734820434, 15.69580881598363398, -6.117216763927951106 ) ) ;
#358 = EDGE_CURVE ( 'NONE', #5451, #5951, #1677, .T. ) ;
#359 = DIRECTION ( 'NONE',  ( -0.5000000000000033307, -0.8660254037844368202, 0.000000000000000000 ) ) ;
#360 = EDGE_LOOP ( 'NONE', ( #654, #3195, #5883, #1283, #5959, #3454 ) ) ;
#361 = AXIS2_PLACEMENT_3D ( 'NONE', #5599, #6681, #1937 ) ;
#362 = CIRCLE ( 'NONE', #4240, 1.500000000000001776 ) ;
#363 = ADVANCED_FACE ( 'NONE', ( #397 ), #5324, .F. ) ;
#364 = CARTESIAN_POINT ( 'NONE',  ( 19.58605253231162635, 9.575961894323159029, -12.75000000000000178 ) ) ;
#365 = CARTESIAN_POINT ( 'NONE',  ( 19.89974722439033172, -15.13552364839988051, -13.90577048054081821 ) ) ;
#366 = CIRCLE ( 'NONE', #3910, 18.49999999999999645 ) ;
#367 = AXIS2_PLACEMENT_3D ( 'NONE', #5712, #3220, #577 ) ;
#368 = ADVANCED_FACE ( 'NONE', ( #5221 ), #2084, .T. ) ;
#369 = DIRECTION ( 'NONE',  ( -1.000000000000000000, 0.000000000000000000, 0.000000000000000000 ) ) ;
#370 = FACE_OUTER_BOUND ( 'NONE', #5957, .T. ) ;
#371 = ORIENTED_EDGE ( 'NONE', *, *, #3214, .T. ) ;
#372 = AXIS2_PLACEMENT_3D ( 'NONE', #6761, #3184, #3748 ) ;
#373 = DIRECTION ( 'NONE',  ( 0.000000000000000000, 0.000000000000000000, -1.000000000000000000 ) ) ;
#374 = AXIS2_PLACEMENT_3D ( 'NONE', #4392, #4941, #3821 ) ;
#375 = ORIENTED_EDGE ( 'NONE', *, *, #5963, .T. ) ;
#376 = ADVANCED_FACE ( 'NONE', ( #965 ), #3627, .F. ) ;
#377 = ORIENTED_EDGE ( 'NONE', *, *, #3926, .T. ) ;
#378 = DIRECTION ( 'NONE',  ( 0.4999999999999911182, -0.8660254037844438146, 0.000000000000000000 ) ) ;
#379 = CARTESIAN_POINT ( 'NONE',  ( 17.86324772583611775, -7.426599537164426224, -17.75000000000000000 ) ) ;
#380 = CYLINDRICAL_SURFACE ( 'NONE', #4336, 1.199999999999999734 ) ;
#381 = CARTESIAN_POINT ( 'NONE',  ( 0.000000000000000000, 0.000000000000000000, -6.750000000000000888 ) ) ;
#382 = DIRECTION ( 'NONE',  ( -0.000000000000000000, -0.000000000000000000, 1.000000000000000000 ) ) ;
#383 = AXIS2_PLACEMENT_3D ( 'NONE', #3095, #2115, #1560 ) ;
#384 = ADVANCED_FACE ( 'NONE', ( #3094 ), #470, .F. ) ;
#385 = DIRECTION ( 'NONE',  ( 0.000000000000000000, 0.000000000000000000, 1.000000000000000000 ) ) ;
#386 = ORIENTED_EDGE ( 'NONE', *, *, #2752, .T. ) ;
#387 = EDGE_LOOP ( 'NONE', ( #922, #6392 ) ) ;
#388 = AXIS2_PLACEMENT_3D ( 'NONE', #3661, #4782, #3735 ) ;
#389 = ORIENTED_EDGE ( 'NONE', *, *, #291, .F. ) ;
#390 = CARTESIAN_POINT ( 'NONE',  ( -18.99636252835464845, 4.403204593398254652, -18.75000000000000355 ) ) ;
#391 = DIRECTION ( 'NONE',  ( -1.000000000000000000, 0.000000000000000000, 0.000000000000000000 ) ) ;
#392 = LINE ( 'NONE', #2497, #1473 ) ;
#393 = EDGE_LOOP ( 'NONE', ( #2975, #2768, #450, #2524 ) ) ;
#394 = DIRECTION ( 'NONE',  ( -1.000000000000000000, 0.000000000000000000, 0.000000000000000000 ) ) ;
#395 = AXIS2_PLACEMENT_3D ( 'NONE', #1547, #3226, #2667 ) ;
#396 = DIRECTION ( 'NONE',  ( -1.734723475976807094E-17, -1.000000000000000000, -0.000000000000000000 ) ) ;
#397 = FACE_OUTER_BOUND ( 'NONE', #4939, .T. ) ;
#398 = CARTESIAN_POINT ( 'NONE',  ( -7.288958259316672184, -22.86637460320151760, -18.75000000000000355 ) ) ;
#399 = DIRECTION ( 'NONE',  ( -0.000000000000000000, -0.000000000000000000, -1.000000000000000000 ) ) ;
#400 = ORIENTED_EDGE ( 'NONE', *, *, #6749, .F. ) ;
#401 = AXIS2_PLACEMENT_3D ( 'NONE', #4306, #3231, #3307 ) ;
#402 = EDGE_CURVE ( 'NONE', #3260, #5533, #1343, .T. ) ;
#403 = DIRECTION ( 'NONE',  ( -0.000000000000000000, -0.000000000000000000, 1.000000000000000000 ) ) ;
#404 = CARTESIAN_POINT ( 'NONE',  ( 23.65000000000000213, 2.326828918379969393E-16, -8.750000000000001776 ) ) ;
#405 = CIRCLE ( 'NONE', #3838, 18.50000000000000355 ) ;
#406 = CARTESIAN_POINT ( 'NONE',  ( -6.280388743951106356, -17.40134239720752873, -18.75000000000000355 ) ) ;
#407 = CARTESIAN_POINT ( 'NONE',  ( -23.53332756494303268, -4.886251429095865184, -18.75000000000000355 ) ) ;
#408 = CARTESIAN_POINT ( 'NONE',  ( 19.56223448575324753, 21.55908058746821965, -5.249999999999999112 ) ) ;
#409 = VERTEX_POINT ( 'NONE', #462 ) ;
#410 = CIRCLE ( 'NONE', #5912, 0.5000000000000006661 ) ;
#411 = CARTESIAN_POINT ( 'NONE',  ( -15.81891715332215576, 18.48327283598709769, -18.43272253076883516 ) ) ;
#412 = DIRECTION ( 'NONE',  ( 0.5000000000000066613, 0.8660254037844348218, 0.000000000000000000 ) ) ;
#413 = ORIENTED_EDGE ( 'NONE', *, *, #588, .F. ) ;
#414 = DIRECTION ( 'NONE',  ( -1.000000000000000000, 0.000000000000000000, 0.000000000000000000 ) ) ;
#415 = CARTESIAN_POINT ( 'NONE',  ( -24.58205271361093480, -4.575560712521275164, -17.75654636269958431 ) ) ;
#416 = EDGE_CURVE ( 'NONE', #552, #742, #996, .T. ) ;
#417 = FACE_OUTER_BOUND ( 'NONE', #1967, .T. ) ;
#418 = ORIENTED_EDGE ( 'NONE', *, *, #2025, .F. ) ;
#419 = ORIENTED_EDGE ( 'NONE', *, *, #1552, .F. ) ;
#420 = AXIS2_PLACEMENT_3D ( 'NONE', #1490, #537, #4141 ) ;
#421 = ORIENTED_EDGE ( 'NONE', *, *, #5402, .T. ) ;
#422 = EDGE_CURVE ( 'NONE', #4383, #1265, #137, .T. ) ;
#423 = CARTESIAN_POINT ( 'NONE',  ( -17.61324772583622789, -7.859612239056390948, -13.75000000000000178 ) ) ;
#424 =( NAMED_UNIT ( * ) SI_UNIT ( $, .STERADIAN. ) SOLID_ANGLE_UNIT ( ) );
#425 = CARTESIAN_POINT ( 'NONE',  ( -5.570081339012637578, -18.33944039556611472, -18.41665177919101382 ) ) ;
#426 = EDGE_CURVE ( 'NONE', #802, #3259, #6201, .T. ) ;
#427 = ORIENTED_EDGE ( 'NONE', *, *, #330, .T. ) ;
#428 = CARTESIAN_POINT ( 'NONE',  ( -26.50000000000000355, 3.245314017740486554E-15, -6.750000000000000888 ) ) ;
#429 = VERTEX_POINT ( 'NONE', #4490 ) ;
#430 = VERTEX_POINT ( 'NONE', #6454 ) ;
#431 = EDGE_CURVE ( 'NONE', #5206, #1583, #5449, .T. ) ;
#432 = CARTESIAN_POINT ( 'NONE',  ( 17.42154271425477674, -6.224134434232293955, -14.25000000000000178 ) ) ;
#433 = CARTESIAN_POINT ( 'NONE',  ( -3.499999999999999556, 19.18332609325088001, -14.25000000000000178 ) ) ;
#434 = CARTESIAN_POINT ( 'NONE',  ( -16.10006419922671128, -19.12558320106287724, -18.75000000000000355 ) ) ;
#435 = DIRECTION ( 'NONE',  ( -1.000000000000000000, 0.000000000000000000, 0.000000000000000000 ) ) ;
#436 = FACE_OUTER_BOUND ( 'NONE', #3461, .T. ) ;
#437 = ORIENTED_EDGE ( 'NONE', *, *, #1789, .T. ) ;
#438 = DIRECTION ( 'NONE',  ( 0.000000000000000000, 0.000000000000000000, -1.000000000000000000 ) ) ;
#439 = DIRECTION ( 'NONE',  ( 1.000000000000000000, 0.000000000000000000, 0.000000000000000000 ) ) ;
#440 = EDGE_CURVE ( 'NONE', #1915, #1834, #362, .T. ) ;
#441 = CARTESIAN_POINT ( 'NONE',  ( 10.87500000000000178, 18.83605253231153753, -18.24999999999999645 ) ) ;
#442 = CARTESIAN_POINT ( 'NONE',  ( 0.000000000000000000, 0.000000000000000000, 5.250000000000000000 ) ) ;
#443 = ORIENTED_EDGE ( 'NONE', *, *, #22, .T. ) ;
#444 = DIRECTION ( 'NONE',  ( -1.000000000000000000, 0.000000000000000000, 0.000000000000000000 ) ) ;
#445 = VERTEX_POINT ( 'NONE', #2808 ) ;
#446 = CARTESIAN_POINT ( 'NONE',  ( 15.92403308617853774, 18.66575591627282904, -18.75000000000000711 ) ) ;
#447 = DIRECTION ( 'NONE',  ( -1.000000000000000000, 0.000000000000000000, 0.000000000000000000 ) ) ;
#448 = LINE ( 'NONE', #1614, #2849 ) ;
#449 = VERTEX_POINT ( 'NONE', #5417 ) ;
#450 = ORIENTED_EDGE ( 'NONE', *, *, #3734, .T. ) ;
#451 = ORIENTED_EDGE ( 'NONE', *, *, #4552, .F. ) ;
#452 = EDGE_CURVE ( 'NONE', #5714, #954, #2121, .T. ) ;
#453 = CARTESIAN_POINT ( 'NONE',  ( 21.56240501497814677, -10.13965926301499465, -13.75000000000000178 ) ) ;
#454 = CARTESIAN_POINT ( 'NONE',  ( 0.000000000000000000, 0.000000000000000000, -18.75000000000000355 ) ) ;
#455 = EDGE_CURVE ( 'NONE', #353, #1466, #994, .T. ) ;
#456 = CARTESIAN_POINT ( 'NONE',  ( -10.87500000000000888, -18.83605253231153398, -8.750000000000001776 ) ) ;
#457 = DIRECTION ( 'NONE',  ( 1.000000000000000000, 0.000000000000000000, 0.000000000000000000 ) ) ;
#458 = VERTEX_POINT ( 'NONE', #134 ) ;
#459 = DIRECTION ( 'NONE',  ( 1.000000000000000000, -1.914725358886527419E-16, 0.000000000000000000 ) ) ;
#460 = EDGE_CURVE ( 'NONE', #3404, #1314, #4361, .T. ) ;
#461 = CARTESIAN_POINT ( 'NONE',  ( 15.36324772583609466, -11.75672655608661543, -14.25000000000000178 ) ) ;
#462 = CARTESIAN_POINT ( 'NONE',  ( 16.93203004945722867, -7.453613781534265570, -6.150000000000001243 ) ) ;
#463 = CARTESIAN_POINT ( 'NONE',  ( -23.64999999999999858, 3.469446951953614189E-15, -18.25000000000002487 ) ) ;
#464 = CARTESIAN_POINT ( 'NONE',  ( -8.975000000000013856, -18.83605253231153398, -8.750000000000001776 ) ) ;
#465 = ORIENTED_EDGE ( 'NONE', *, *, #6276, .T. ) ;
#466 = DIRECTION ( 'NONE',  ( -1.000000000000000000, 0.000000000000000000, 0.000000000000000000 ) ) ;
#467 = CARTESIAN_POINT ( 'NONE',  ( 5.687762263594870582, -18.66076596369007490, -18.75832709175207214 ) ) ;
#468 = CARTESIAN_POINT ( 'NONE',  ( -2.499999999999999556, 19.18332609325088001, -13.75000000000000178 ) ) ;
#469 = VECTOR ( 'NONE', #5136, 1000.000000000000000 ) ;
#470 = TOROIDAL_SURFACE ( 'NONE', #4337, 1.500000000000000000, 0.5000000000000000000 ) ;
#471 = CARTESIAN_POINT ( 'NONE',  ( 16.20467591816983699, 19.25348026800176982, -18.59515134009864212 ) ) ;
#472 = DIRECTION ( 'NONE',  ( 0.000000000000000000, 0.000000000000000000, -1.000000000000000000 ) ) ;
#473 = ORIENTED_EDGE ( 'NONE', *, *, #2046, .F. ) ;
#474 = CARTESIAN_POINT ( 'NONE',  ( 18.92153840428905553, -14.96580717552564543, -18.75000000000000355 ) ) ;
#475 = ORIENTED_EDGE ( 'NONE', *, *, #3554, .F. ) ;
#476 = AXIS2_PLACEMENT_3D ( 'NONE', #1089, #2660, #2100 ) ;
#477 = CARTESIAN_POINT ( 'NONE',  ( -12.13686638721888222, 14.27966840827393824, -18.75000000000000355 ) ) ;
#478 = DIRECTION ( 'NONE',  ( 0.000000000000000000, -0.000000000000000000, -1.000000000000000000 ) ) ;
#479 = FACE_OUTER_BOUND ( 'NONE', #5092, .T. ) ;
#480 = AXIS2_PLACEMENT_3D ( 'NONE', #1752, #1688, #5388 ) ;
#481 = DIRECTION ( 'NONE',  ( -0.5000000000000051070, -0.8660254037844358210, 0.000000000000000000 ) ) ;
#482 = ORIENTED_EDGE ( 'NONE', *, *, #3408, .T. ) ;
#483 = ORIENTED_EDGE ( 'NONE', *, *, #2778, .T. ) ;
#484 = ORIENTED_EDGE ( 'NONE', *, *, #4030, .T. ) ;
#485 = PLANE ( 'NONE',  #4895 ) ;
#486 = AXIS2_PLACEMENT_3D ( 'NONE', #339, #1847, #3984 ) ;
#487 = VERTEX_POINT ( 'NONE', #3884 ) ;
#488 = CYLINDRICAL_SURFACE ( 'NONE', #5757, 2.499999999999998668 ) ;
#489 = CARTESIAN_POINT ( 'NONE',  ( -18.00959756134187018, -4.231358609065061671, -17.75000000000000711 ) ) ;
#490 = AXIS2_PLACEMENT_3D ( 'NONE', #1203, #5513, #173 ) ;
#491 = ORIENTED_EDGE ( 'NONE', *, *, #3384, .T. ) ;
#492 = CARTESIAN_POINT ( 'NONE',  ( -5.582145389367112465, 17.63808757357301005, -17.78405629901138951 ) ) ;
#493 = CARTESIAN_POINT ( 'NONE',  ( 0.000000000000000000, -0.000000000000000000, -17.75000000000000711 ) ) ;
#494 = DIRECTION ( 'NONE',  ( 1.000000000000000000, 0.000000000000000000, 0.000000000000000000 ) ) ;
#495 = CARTESIAN_POINT ( 'NONE',  ( -16.06561598935231316, -17.83007917633276662, -18.75000000000000355 ) ) ;
#496 = DIRECTION ( 'NONE',  ( -1.000000000000000000, 0.000000000000000000, 0.000000000000000000 ) ) ;
#497 = CIRCLE ( 'NONE', #4364, 3.149999999999999911 ) ;
#498 = B_SPLINE_CURVE_WITH_KNOTS ( 'NONE', 3,
 ( #6092, #4080, #6161, #1362 ),
 .UNSPECIFIED., .F., .F.,
 ( 4, 4 ),
 ( 0.000000000000000000, 0.001414740136845098455 ),
 .UNSPECIFIED. ) ;
#499 = CARTESIAN_POINT ( 'NONE',  ( 6.280388743951103692, -17.40134239720752873, -18.75000000000000355 ) ) ;
#500 = EDGE_CURVE ( 'NONE', #409, #3756, #5316, .T. ) ;
#501 = CARTESIAN_POINT ( 'NONE',  ( -17.36532272309002067, -6.692231726662823732, -17.85991712921438790 ) ) ;
#502 = ORIENTED_EDGE ( 'NONE', *, *, #517, .T. ) ;
#503 = AXIS2_PLACEMENT_3D ( 'NONE', #4172, #4571, #6264 ) ;
#504 = FACE_OUTER_BOUND ( 'NONE', #4113, .T. ) ;
#505 = CARTESIAN_POINT ( 'NONE',  ( -19.80987672404021183, -15.25135698995975275, -14.00995253483054448 ) ) ;
#506 = CARTESIAN_POINT ( 'NONE',  ( 6.407672103724142865, -18.42021389177540769, -18.73811982885616345 ) ) ;
#507 = DIRECTION ( 'NONE',  ( 1.000000000000000000, 0.000000000000000000, 0.000000000000000000 ) ) ;
#508 = AXIS2_PLACEMENT_3D ( 'NONE', #5597, #859, #5076 ) ;
#509 = ORIENTED_EDGE ( 'NONE', *, *, #1353, .T. ) ;
#510 = CARTESIAN_POINT ( 'NONE',  ( -23.69293038825615483, 4.697753417893789418, -18.75000000000000355 ) ) ;
#511 = ORIENTED_EDGE ( 'NONE', *, *, #2888, .T. ) ;
#512 = LINE ( 'NONE', #5735, #5550 ) ;
#513 = CIRCLE ( 'NONE', #1048, 3.149999999999999911 ) ;
#514 = ORIENTED_EDGE ( 'NONE', *, *, #4457, .T. ) ;
#515 = FACE_OUTER_BOUND ( 'NONE', #2862, .T. ) ;
#516 = CARTESIAN_POINT ( 'NONE',  ( -14.71277491685818362, -9.937800231748505908, -6.750000000000000888 ) ) ;
#517 = EDGE_CURVE ( 'NONE', #2790, #2860, #4562, .T. ) ;
#518 = B_SPLINE_CURVE_WITH_KNOTS ( 'NONE', 3,
 ( #623, #1236, #4008, #4871 ),
 .UNSPECIFIED., .F., .F.,
 ( 4, 4 ),
 ( 0.000000000000000000, 0.001197817287522114733 ),
 .UNSPECIFIED. ) ;
#519 = CARTESIAN_POINT ( 'NONE',  ( 12.48523418501314275, -14.42096295303604592, -18.75000000000000355 ) ) ;
#520 = ORIENTED_EDGE ( 'NONE', *, *, #2656, .T. ) ;
#521 = ORIENTED_EDGE ( 'NONE', *, *, #6703, .F. ) ;
#522 = EDGE_LOOP ( 'NONE', ( #3321, #3695, #3106, #2823 ) ) ;
#523 = AXIS2_PLACEMENT_3D ( 'NONE', #3982, #2867, #1879 ) ;
#524 = DIRECTION ( 'NONE',  ( 0.000000000000000000, 0.000000000000000000, 1.000000000000000000 ) ) ;
#525 = FACE_OUTER_BOUND ( 'NONE', #4324, .T. ) ;
#526 = VERTEX_POINT ( 'NONE', #2841 ) ;
#527 = EDGE_CURVE ( 'NONE', #1018, #3756, #3365, .T. ) ;
#528 = CARTESIAN_POINT ( 'NONE',  ( -19.56223448575295265, 21.55908058746850386, -6.750000000000000888 ) ) ;
#529 = CARTESIAN_POINT ( 'NONE',  ( -18.66746194325714470, -4.345888257052298087, -18.41665177919101382 ) ) ;
#530 = AXIS2_PLACEMENT_3D ( 'NONE', #3970, #5079, #5500 ) ;
#531 = VERTEX_POINT ( 'NONE', #1271 ) ;
#532 = CARTESIAN_POINT ( 'NONE',  ( -12.02526258204579257, -14.25715019122294969, -18.91163151010981380 ) ) ;
#533 = CARTESIAN_POINT ( 'NONE',  ( 0.000000000000000000, 0.000000000000000000, -5.950000000000000178 ) ) ;
#534 = CARTESIAN_POINT ( 'NONE',  ( 19.58605253231162635, 9.575961894323159029, -18.75000000000000355 ) ) ;
#535 = DIRECTION ( 'NONE',  ( -1.000000000000000000, 0.000000000000000000, -0.000000000000000000 ) ) ;
#536 = EDGE_CURVE ( 'NONE', #2879, #1126, #4669, .T. ) ;
#537 = DIRECTION ( 'NONE',  ( 0.000000000000000000, 0.000000000000000000, 1.000000000000000000 ) ) ;
#538 = ORIENTED_EDGE ( 'NONE', *, *, #6028, .T. ) ;
#539 = CARTESIAN_POINT ( 'NONE',  ( -28.65638511542494626, 14.24119349339975393, -6.750000000000000888 ) ) ;
#540 = EDGE_CURVE ( 'NONE', #6632, #5772, #2874, .T. ) ;
#541 = CARTESIAN_POINT ( 'NONE',  ( 6.334422960333325747, -17.54275797935523329, -18.91163151065729409 ) ) ;
#542 = CARTESIAN_POINT ( 'NONE',  ( -2.582516947311056299, 18.71902283387233012, -17.83251694731107762 ) ) ;
#543 = EDGE_LOOP ( 'NONE', ( #6447, #3385, #5969, #161, #465 ) ) ;
#544 = ADVANCED_FACE ( 'NONE', ( #4943 ), #5536, .F. ) ;
#545 = CARTESIAN_POINT ( 'NONE',  ( -17.21277491685818362, -9.937800231748505908, -5.950000000000000178 ) ) ;
#546 = CARTESIAN_POINT ( 'NONE',  ( 15.90293567065229041, -18.54254979748464294, -18.75000000000000355 ) ) ;
#547 = ORIENTED_EDGE ( 'NONE', *, *, #4734, .T. ) ;
#548 = ADVANCED_FACE ( 'NONE', ( #1887 ), #6539, .F. ) ;
#549 = CARTESIAN_POINT ( 'NONE',  ( -6.273724281340838260, -17.89888114945610198, -18.75000000000000711 ) ) ;
#550 = CARTESIAN_POINT ( 'NONE',  ( -22.52936813157872464, -9.471942659495065087, -18.31174109947686190 ) ) ;
#551 = CARTESIAN_POINT ( 'NONE',  ( -18.35968554219386917, 3.285607787619418740, -18.91163151010798060 ) ) ;
#552 = VERTEX_POINT ( 'NONE', #3048 ) ;
#553 = ORIENTED_EDGE ( 'NONE', *, *, #2315, .T. ) ;
#554 = ORIENTED_EDGE ( 'NONE', *, *, #6191, .T. ) ;
#555 = DIRECTION ( 'NONE',  ( -0.000000000000000000, -0.000000000000000000, 1.000000000000000000 ) ) ;
#556 = CARTESIAN_POINT ( 'NONE',  ( 13.31681624684379806, 14.25612959281611758, -18.75832709176700064 ) ) ;
#557 = CARTESIAN_POINT ( 'NONE',  ( -10.87500000000000888, -18.83605253231153398, -18.75000000000000355 ) ) ;
#558 = LINE ( 'NONE', #4745, #589 ) ;
#559 = CARTESIAN_POINT ( 'NONE',  ( -1.499999999999998668, -21.75000000000000000, -12.75000000000000178 ) ) ;
#560 = ORIENTED_EDGE ( 'NONE', *, *, #1848, .T. ) ;
#561 = DIRECTION ( 'NONE',  ( -1.000000000000000000, 0.000000000000000000, 0.000000000000000000 ) ) ;
#562 = CARTESIAN_POINT ( 'NONE',  ( -19.79318038735571150, -14.70765885741225709, -18.09061600703659423 ) ) ;
#563 = DIRECTION ( 'NONE',  ( -1.000000000000000000, 0.000000000000000000, 0.000000000000000000 ) ) ;
#564 = EDGE_LOOP ( 'NONE', ( #4054, #5586, #6494, #3887, #6355, #2172, #1073, #1156, #170, #5396, #5561, #2412, #1523, #1456, #257, #6715, #3114, #1184, #4756, #6571, #3525, #4450, #4332, #6086, #3489, #318 ) ) ;
#565 = ADVANCED_FACE ( 'NONE', ( #4595 ), #2010, .F. ) ;
#566 = DIRECTION ( 'NONE',  ( -1.000000000000000000, 3.642919299551294405E-16, 0.000000000000000000 ) ) ;
#567 = CARTESIAN_POINT ( 'NONE',  ( -19.58605253231149845, 9.575961894323434365, -12.75000000000000178 ) ) ;
#568 = ORIENTED_EDGE ( 'NONE', *, *, #4345, .F. ) ;
#569 = EDGE_CURVE ( 'NONE', #4118, #4865, #5649, .T. ) ;
#570 = CARTESIAN_POINT ( 'NONE',  ( 23.58357164354581315, -4.399121903544857659, -18.77088643780695065 ) ) ;
#571 = DIRECTION ( 'NONE',  ( 1.000000000000000000, 0.000000000000000000, 0.000000000000000000 ) ) ;
#572 = ORIENTED_EDGE ( 'NONE', *, *, #3314, .F. ) ;
#573 = CARTESIAN_POINT ( 'NONE',  ( -12.03033118017965108, 14.21519971406484828, -18.75000000000000711 ) ) ;
#574 = AXIS2_PLACEMENT_3D ( 'NONE', #2332, #3904, #4829 ) ;
#575 = CIRCLE ( 'NONE', #6421, 1.899999999999997247 ) ;
#576 = ADVANCED_FACE ( 'NONE', ( #6704 ), #5549, .F. ) ;
#577 = DIRECTION ( 'NONE',  ( 0.4999999999999911182, -0.8660254037844438146, 0.000000000000000000 ) ) ;
#578 = EDGE_CURVE ( 'NONE', #3614, #215, #4630, .T. ) ;
#579 = CARTESIAN_POINT ( 'NONE',  ( -12.66540706710459929, 13.47647370760008023, -17.74399577611878698 ) ) ;
#580 = ORIENTED_EDGE ( 'NONE', *, *, #2025, .T. ) ;
#581 = VECTOR ( 'NONE', #1218, 1000.000000000000000 ) ;
#582 = AXIS2_PLACEMENT_3D ( 'NONE', #4847, #4203, #561 ) ;
#583 = ORIENTED_EDGE ( 'NONE', *, *, #2320, .T. ) ;
#584 = ORIENTED_EDGE ( 'NONE', *, *, #6574, .T. ) ;
#585 = CARTESIAN_POINT ( 'NONE',  ( -2.886127040299860891, 18.38557215466115125, -17.86041543728786962 ) ) ;
#586 = FACE_OUTER_BOUND ( 'NONE', #6706, .T. ) ;
#587 = CARTESIAN_POINT ( 'NONE',  ( 2.642376494730670267, 18.31119290318059001, -13.82130601192186425 ) ) ;
#588 = EDGE_CURVE ( 'NONE', #1760, #4388, #6194, .T. ) ;
#589 = VECTOR ( 'NONE', #3683, 1000.000000000000000 ) ;
#590 = CIRCLE ( 'NONE', #5541, 18.50000000000000711 ) ;
#591 = CARTESIAN_POINT ( 'NONE',  ( 2.931335054474017987, 24.82825775691786774, -13.82101639207460053 ) ) ;
#592 = PLANE ( 'NONE',  #4133 ) ;
#593 = ORIENTED_EDGE ( 'NONE', *, *, #3819, .T. ) ;
#594 = CIRCLE ( 'NONE', #36, 1.500000000000000222 ) ;
#595 = CIRCLE ( 'NONE', #5329, 2.500000000000000444 ) ;
#596 = PLANE ( 'NONE',  #4274 ) ;
#597 = DIRECTION ( 'NONE',  ( -0.000000000000000000, -0.000000000000000000, 1.000000000000000000 ) ) ;
#598 = AXIS2_PLACEMENT_3D ( 'NONE', #6568, #4334, #6429 ) ;
#599 = DIRECTION ( 'NONE',  ( 0.4999999999999923395, -0.8660254037844431485, 0.000000000000000000 ) ) ;
#600 = CARTESIAN_POINT ( 'NONE',  ( 0.000000000000000000, 0.000000000000000000, -18.75000000000000355 ) ) ;
#601 = ORIENTED_EDGE ( 'NONE', *, *, #2795, .T. ) ;
#602 = AXIS2_PLACEMENT_3D ( 'NONE', #153, #4377, #3871 ) ;
#603 = CARTESIAN_POINT ( 'NONE',  ( -18.36223448575293915, 23.63754155655114531, -6.750000000000000888 ) ) ;
#604 = CARTESIAN_POINT ( 'NONE',  ( -23.44734042848221378, -5.120764281907901783, -18.75000000000000355 ) ) ;
#605 = CARTESIAN_POINT ( 'NONE',  ( -10.87499999999999645, 18.83605253231154109, -18.75000000000000355 ) ) ;
#606 = EDGE_LOOP ( 'NONE', ( #896, #5148 ) ) ;
#607 = AXIS2_PLACEMENT_3D ( 'NONE', #493, #3232, #5320 ) ;
#608 = ADVANCED_FACE ( 'NONE', ( #6210 ), #6742, .F. ) ;
#609 =( BOUNDED_SURFACE ( )  B_SPLINE_SURFACE ( 3, 2, ( 
 ( #978, #1508, #4798 ),
 ( #4763, #3714, #6805 ),
 ( #2068, #2131, #4189 ),
 ( #21, #1013, #4256 ) ),
 .UNSPECIFIED., .F., .F., .F. ) 
 B_SPLINE_SURFACE_WITH_KNOTS ( ( 4, 4 ),
 ( 3, 3 ),
 ( 0.01835573525459935698, 0.01978906146585101763 ),
 ( 0.000000000000000000, 0.7968612372486094664 ),
 .UNSPECIFIED. ) 
 GEOMETRIC_REPRESENTATION_ITEM ( )  RATIONAL_B_SPLINE_SURFACE ( (
 ( 1.000000000000000000, 0.7559064253551215362, 0.9008302665021503675),
 ( 1.000000000000000000, 0.7557124412053184415, 0.9007514551017816729),
 ( 1.000000000000000000, 0.7555079541627706119, 0.9006683766121379442),
 ( 1.000000000000000000, 0.7552910436305211306, 0.9005802507378399824) ) ) 
 REPRESENTATION_ITEM ( '' )  SURFACE ( )  );
#610 = CARTESIAN_POINT ( 'NONE',  ( 24.11035793720076015, -4.289456550245660083, -19.27103650549346980 ) ) ;
#611 = CARTESIAN_POINT ( 'NONE',  ( 17.42154271425478385, -6.224134434232296620, -17.75000000000000711 ) ) ;
#612 = ORIENTED_EDGE ( 'NONE', *, *, #6620, .T. ) ;
#613 = DIRECTION ( 'NONE',  ( -1.000000000000000000, 0.000000000000000000, 0.000000000000000000 ) ) ;
#614 = CIRCLE ( 'NONE', #5133, 1.500000000000001776 ) ;
#615 = EDGE_CURVE ( 'NONE', #5491, #5619, #2347, .T. ) ;
#616 = CARTESIAN_POINT ( 'NONE',  ( -18.48976905060758114, 3.543917554499821598, -18.06100856369655716 ) ) ;
#617 = ORIENTED_EDGE ( 'NONE', *, *, #4339, .F. ) ;
#618 = AXIS2_PLACEMENT_3D ( 'NONE', #3835, #3209, #566 ) ;
#619 = CARTESIAN_POINT ( 'NONE',  ( 3.149999999999996358, -29.50000000000000000, -6.750000000000000888 ) ) ;
#620 = ORIENTED_EDGE ( 'NONE', *, *, #3309, .F. ) ;
#621 = VERTEX_POINT ( 'NONE', #2024 ) ;
#622 = CARTESIAN_POINT ( 'NONE',  ( -3.612708057484691604E-15, -29.50000000000000000, -6.750000000000000888 ) ) ;
#623 = CARTESIAN_POINT ( 'NONE',  ( 3.499999999999995559, 23.74342014116753674, -18.75000000000000355 ) ) ;
#624 = CARTESIAN_POINT ( 'NONE',  ( 18.00367211776698895, 4.230327415583671424, -17.74399577611878698 ) ) ;
#625 = EDGE_CURVE ( 'NONE', #4243, #5465, #1681, .T. ) ;
#626 = ORIENTED_EDGE ( 'NONE', *, *, #22, .F. ) ;
#627 = AXIS2_PLACEMENT_3D ( 'NONE', #2161, #5923, #640 ) ;
#628 = LINE ( 'NONE', #3272, #3390 ) ;
#629 = CARTESIAN_POINT ( 'NONE',  ( -25.54774941164087210, 14.75000000000012434, -6.750000000000000888 ) ) ;
#630 = EDGE_CURVE ( 'NONE', #1126, #5745, #4020, .T. ) ;
#631 = CARTESIAN_POINT ( 'NONE',  ( -12.73324811507691834, -14.45739233964815185, -18.75000000000000355 ) ) ;
#632 = AXIS2_PLACEMENT_3D ( 'NONE', #6158, #3555, #3937 ) ;
#633 = CARTESIAN_POINT ( 'NONE',  ( 7.982034498956291912, -22.62353310704703446, -18.77088643781372568 ) ) ;
#634 = DIRECTION ( 'NONE',  ( 0.000000000000000000, 0.000000000000000000, 1.000000000000000000 ) ) ;
#635 = ORIENTED_EDGE ( 'NONE', *, *, #3467, .F. ) ;
#636 = AXIS2_PLACEMENT_3D ( 'NONE', #2366, #5602, #6578 ) ;
#637 = CARTESIAN_POINT ( 'NONE',  ( 0.000000000000000000, 0.000000000000000000, -5.250000000000000000 ) ) ;
#638 = DIRECTION ( 'NONE',  ( 0.000000000000000000, 0.000000000000000000, -1.000000000000000000 ) ) ;
#639 = ORIENTED_EDGE ( 'NONE', *, *, #1070, .T. ) ;
#640 = DIRECTION ( 'NONE',  ( -0.8660254037844363761, 0.5000000000000039968, 0.000000000000000000 ) ) ;
#641 = CARTESIAN_POINT ( 'NONE',  ( 18.96223448575325676, 22.59831107200955458, 6.750000000000000888 ) ) ;
#642 = ORIENTED_EDGE ( 'NONE', *, *, #4273, .T. ) ;
#643 = DIRECTION ( 'NONE',  ( 0.000000000000000000, 0.000000000000000000, -1.000000000000000000 ) ) ;
#644 = CARTESIAN_POINT ( 'NONE',  ( -19.15620922529726400, 3.660900124944524769, -18.73811982887110972 ) ) ;
#645 = VERTEX_POINT ( 'NONE', #5034 ) ;
#646 = VERTEX_POINT ( 'NONE', #314 ) ;
#647 = ORIENTED_EDGE ( 'NONE', *, *, #4402, .T. ) ;
#648 = CARTESIAN_POINT ( 'NONE',  ( 1.699197433816952547E-15, -21.75000000000000000, -18.75000000000000355 ) ) ;
#649 = DIRECTION ( 'NONE',  ( -1.000000000000000000, 0.000000000000000000, 0.000000000000000000 ) ) ;
#650 = DIRECTION ( 'NONE',  ( 0.000000000000000000, 0.000000000000000000, -1.000000000000000000 ) ) ;
#651 = CARTESIAN_POINT ( 'NONE',  ( -23.44734042848221378, -5.120764281907901783, -18.75000000000000355 ) ) ;
#652 = CARTESIAN_POINT ( 'NONE',  ( -18.21019894790843452, 3.261695000700479241, -18.75000000000000355 ) ) ;
#653 = EDGE_CURVE ( 'NONE', #430, #2060, #1787, .T. ) ;
#654 = ORIENTED_EDGE ( 'NONE', *, *, #3419, .T. ) ;
#655 = CARTESIAN_POINT ( 'NONE',  ( 18.50000000000000000, 2.265596578422603396E-15, -5.750000000000000888 ) ) ;
#656 = CARTESIAN_POINT ( 'NONE',  ( -8.448053500040654029, -23.39994798795916964, -18.75000000000000355 ) ) ;
#657 = EDGE_CURVE ( 'NONE', #1333, #2350, #5102, .T. ) ;
#658 = CARTESIAN_POINT ( 'NONE',  ( 21.81240501497814321, -9.706646561122770578, -17.75000000000000000 ) ) ;
#659 = EDGE_CURVE ( 'NONE', #3787, #4529, #6285, .T. ) ;
#660 = ORIENTED_EDGE ( 'NONE', *, *, #1577, .F. ) ;
#661 = CARTESIAN_POINT ( 'NONE',  ( 0.000000000000000000, 0.000000000000000000, -17.75000000000000355 ) ) ;
#662 = UNCERTAINTY_MEASURE_WITH_UNIT (LENGTH_MEASURE( 1.000000000000000082E-05 ), #3378, 'distance_accuracy_value', 'NONE');
#663 = DIRECTION ( 'NONE',  ( 0.000000000000000000, 0.000000000000000000, 1.000000000000000000 ) ) ;
#664 = CARTESIAN_POINT ( 'NONE',  ( 18.94888789697207443, 3.909340673672966116, -18.75000000000000355 ) ) ;
#665 = ORIENTED_EDGE ( 'NONE', *, *, #6178, .F. ) ;
#666 = DIRECTION ( 'NONE',  ( 0.4999999999999923395, -0.8660254037844431485, 0.000000000000000000 ) ) ;
#667 = CARTESIAN_POINT ( 'NONE',  ( -19.31240501497831019, -14.03677358004468267, -14.25000000000000178 ) ) ;
#668 = ORIENTED_EDGE ( 'NONE', *, *, #3888, .F. ) ;
#669 = DIRECTION ( 'NONE',  ( 1.000000000000000000, 0.000000000000000000, -0.000000000000000000 ) ) ;
#670 = CARTESIAN_POINT ( 'NONE',  ( 8.097525244457536076, 22.94122053334275435, -18.43272253053939380 ) ) ;
#671 = FACE_OUTER_BOUND ( 'NONE', #292, .T. ) ;
#672 = CARTESIAN_POINT ( 'NONE',  ( 7.402688622315499067, 23.17997512420302186, -18.41667154759604585 ) ) ;
#673 = ORIENTED_EDGE ( 'NONE', *, *, #5088, .T. ) ;
#674 = DIRECTION ( 'NONE',  ( 0.000000000000000000, 0.000000000000000000, 1.000000000000000000 ) ) ;
#675 = EDGE_LOOP ( 'NONE', ( #299, #1624 ) ) ;
#676 = ORIENTED_EDGE ( 'NONE', *, *, #5938, .T. ) ;
#677 = CARTESIAN_POINT ( 'NONE',  ( -18.36324772583621368, -6.560574133379725836, -14.25000000000000178 ) ) ;
#678 = VECTOR ( 'NONE', #1816, 1000.000000000000000 ) ;
#679 = CARTESIAN_POINT ( 'NONE',  ( 17.36324772583612486, -6.560574133379988737, -14.25000000000000178 ) ) ;
#680 = AXIS2_PLACEMENT_3D ( 'NONE', #2345, #5935, #4906 ) ;
#681 = CARTESIAN_POINT ( 'NONE',  ( 0.000000000000000000, 19.87560046349701892, -6.150000000000001243 ) ) ;
#682 = ORIENTED_EDGE ( 'NONE', *, *, #1607, .F. ) ;
#683 = CARTESIAN_POINT ( 'NONE',  ( 19.80565637382753863, -14.77036323555639363, -18.04320306056190759 ) ) ;
#684 = AXIS2_PLACEMENT_3D ( 'NONE', #6537, #3934, #1318 ) ;
#685 = AXIS2_PLACEMENT_3D ( 'NONE', #2611, #6820, #4779 ) ;
#686 = EDGE_CURVE ( 'NONE', #5736, #953, #4079, .T. ) ;
#687 = CARTESIAN_POINT ( 'NONE',  ( 2.513440130719264864, 24.87333147588577376, -13.75000000000000178 ) ) ;
#688 = FACE_BOUND ( 'NONE', #2389, .T. ) ;
#689 = CIRCLE ( 'NONE', #3700, 1.200000000000002842 ) ;
#690 = AXIS2_PLACEMENT_3D ( 'NONE', #1341, #2560, #1416 ) ;
#691 = VERTEX_POINT ( 'NONE', #3751 ) ;
#692 = DIRECTION ( 'NONE',  ( -1.000000000000000000, 0.000000000000000000, 0.000000000000000000 ) ) ;
#693 = DIRECTION ( 'NONE',  ( -1.000000000000000000, 0.000000000000000000, 0.000000000000000000 ) ) ;
#694 = CARTESIAN_POINT ( 'NONE',  ( 18.36324772583612486, -6.560574133379988737, -14.25000000000000178 ) ) ;
#695 = VECTOR ( 'NONE', #4012, 1000.000000000000000 ) ;
#696 = CARTESIAN_POINT ( 'NONE',  ( 11.92981020395740188, 14.13964739650723246, -18.75000000000000355 ) ) ;
#697 = EDGE_CURVE ( 'NONE', #2952, #4483, #3109, .T. ) ;
#698 = ORIENTED_EDGE ( 'NONE', *, *, #5974, .F. ) ;
#699 = DIRECTION ( 'NONE',  ( 0.000000000000000000, 0.000000000000000000, -1.000000000000000000 ) ) ;
#700 = AXIS2_PLACEMENT_3D ( 'NONE', #2679, #42, #4278 ) ;
#701 = EDGE_CURVE ( 'NONE', #2860, #2790, #1123, .T. ) ;
#702 = ORIENTED_EDGE ( 'NONE', *, *, #1970, .F. ) ;
#703 = DIRECTION ( 'NONE',  ( -0.000000000000000000, -0.000000000000000000, -1.000000000000000000 ) ) ;
#704 = ADVANCED_FACE ( 'NONE', ( #5202 ), #3188, .F. ) ;
#705 = CARTESIAN_POINT ( 'NONE',  ( 17.42171823803882091, -6.897504725057500785, -17.98744480439649607 ) ) ;
#706 = FACE_BOUND ( 'NONE', #6250, .T. ) ;
#707 = ORIENTED_EDGE ( 'NONE', *, *, #2477, .F. ) ;
#708 = ORIENTED_EDGE ( 'NONE', *, *, #6189, .T. ) ;
#709 = B_SPLINE_CURVE_WITH_KNOTS ( 'NONE', 3,
 ( #4159, #3570, #5713, #1956, #519, #1580, #6175, #6807, #4631, #4738 ),
 .UNSPECIFIED., .F., .F.,
 ( 4, 2, 2, 2, 4 ),
 ( 0.000000000000000000, 0.0003731557972044649454, 0.0007463115944089298908, 0.001119467391613394782, 0.001492623188817859782 ),
 .UNSPECIFIED. ) ;
#710 = CIRCLE ( 'NONE', #607, 18.50000000000000711 ) ;
#711 = ORIENTED_EDGE ( 'NONE', *, *, #2506, .T. ) ;
#712 = DIRECTION ( 'NONE',  ( 0.000000000000000000, 0.000000000000000000, -1.000000000000000000 ) ) ;
#713 = DIRECTION ( 'NONE',  ( 1.734723475976807094E-17, 1.000000000000000000, 0.000000000000000000 ) ) ;
#714 = VECTOR ( 'NONE', #6660, 1000.000000000000000 ) ;
#715 = CARTESIAN_POINT ( 'NONE',  ( 15.99999999999999645, 0.000000000000000000, -5.950000000000000178 ) ) ;
#716 = CARTESIAN_POINT ( 'NONE',  ( 18.05115527735376801, -6.675215962265658831, -18.49467103960752112 ) ) ;
#717 = EDGE_LOOP ( 'NONE', ( #5960, #5121, #4085, #6482 ) ) ;
#718 = CARTESIAN_POINT ( 'NONE',  ( -16.03623141483002001, -18.74206433686444484, -18.09466008188282515 ) ) ;
#719 = B_SPLINE_CURVE_WITH_KNOTS ( 'NONE', 3,
 ( #6605, #3484, #6121, #793, #1866, #1899, #1796, #2962 ),
 .UNSPECIFIED., .F., .F.,
 ( 4, 2, 2, 4 ),
 ( 0.000000000000000000, 0.0004715209418172082185, 0.0007072814127258123277, 0.0009430418836344164370 ),
 .UNSPECIFIED. ) ;
#720 = AXIS2_PLACEMENT_3D ( 'NONE', #2923, #223, #3998 ) ;
#721 = CARTESIAN_POINT ( 'NONE',  ( -14.20757542382730243, -11.84997434534728811, -14.13051098493006386 ) ) ;
#722 = EDGE_CURVE ( 'NONE', #2705, #3420, #3134, .T. ) ;
#723 = VERTEX_POINT ( 'NONE', #5851 ) ;
#724 = DIRECTION ( 'NONE',  ( 0.5000000000000039968, 0.8660254037844363761, 0.000000000000000000 ) ) ;
#725 = CYLINDRICAL_SURFACE ( 'NONE', #6269, 1.500000000000000222 ) ;
#726 = VECTOR ( 'NONE', #1872, 1000.000000000000000 ) ;
#727 = ORIENTED_EDGE ( 'NONE', *, *, #5669, .T. ) ;
#728 = CARTESIAN_POINT ( 'NONE',  ( -16.13814482490591473, -19.09352663516700233, -18.50777622429791691 ) ) ;
#729 = CARTESIAN_POINT ( 'NONE',  ( 2.500000000000000000, 19.87560046349701892, -6.750000000000000888 ) ) ;
#730 = AXIS2_PLACEMENT_3D ( 'NONE', #5640, #472, #6164 ) ;
#731 = CARTESIAN_POINT ( 'NONE',  ( 18.63774791541782605, 3.516235970747573880, -18.75000000000000711 ) ) ;
#732 = ORIENTED_EDGE ( 'NONE', *, *, #3343, .F. ) ;
#733 = CARTESIAN_POINT ( 'NONE',  ( 20.07253303515961207, -14.90279898382938306, -13.81129573366794006 ) ) ;
#734 = CONICAL_SURFACE ( 'NONE', #6374, 3.149999999999999911, 0.7853981633974500554 ) ;
#735 = ADVANCED_FACE ( 'NONE', ( #479 ), #1117, .T. ) ;
#736 = ORIENTED_EDGE ( 'NONE', *, *, #3625, .T. ) ;
#737 = DIRECTION ( 'NONE',  ( 0.000000000000000000, 0.000000000000000000, 1.000000000000000000 ) ) ;
#738 = DIRECTION ( 'NONE',  ( 0.7071067811865554553, 8.659560562355031466E-17, -0.7071067811865395791 ) ) ;
#739 = EDGE_CURVE ( 'NONE', #5594, #5028, #3579, .T. ) ;
#740 = CARTESIAN_POINT ( 'NONE',  ( 12.77499999999999858, 18.83605253231153753, -8.750000000000001776 ) ) ;
#741 = DIRECTION ( 'NONE',  ( 0.000000000000000000, 0.000000000000000000, -1.000000000000000000 ) ) ;
#742 = VERTEX_POINT ( 'NONE', #5342 ) ;
#743 = B_SPLINE_CURVE_WITH_KNOTS ( 'NONE', 3,
 ( #5275, #573, #477, #1611, #2023, #5239, #1575, #4188, #2630, #4292 ),
 .UNSPECIFIED., .F., .F.,
 ( 4, 2, 2, 2, 4 ),
 ( 0.000000000000000000, 0.0003731557972044641865, 0.0007463115944089283730, 0.001119467391613392614, 0.001492623188817856746 ),
 .UNSPECIFIED. ) ;
#744 = ORIENTED_EDGE ( 'NONE', *, *, #2914, .T. ) ;
#745 = EDGE_CURVE ( 'NONE', #5304, #6138, #145, .T. ) ;
#746 = VERTEX_POINT ( 'NONE', #1645 ) ;
#747 = CARTESIAN_POINT ( 'NONE',  ( 19.59625522393553254, -15.52374894148895557, -17.75000000000000355 ) ) ;
#748 = CARTESIAN_POINT ( 'NONE',  ( -3.320512820512820262, 18.19956578077647436, -17.75000000000000711 ) ) ;
#749 = CARTESIAN_POINT ( 'NONE',  ( 24.12429141588370385, -10.96670249808573061, -6.750000000000000888 ) ) ;
#750 = DIRECTION ( 'NONE',  ( -0.7071067811865487940, 0.000000000000000000, -0.7071067811865463515 ) ) ;
#751 = CARTESIAN_POINT ( 'NONE',  ( -18.00959756134187018, -4.231358609065061671, -17.75000000000000711 ) ) ;
#752 = CARTESIAN_POINT ( 'NONE',  ( -15.36324772583625631, -11.75672655608639339, -14.25000000000000178 ) ) ;
#753 = ORIENTED_EDGE ( 'NONE', *, *, #6191, .F. ) ;
#754 = ORIENTED_EDGE ( 'NONE', *, *, #1784, .F. ) ;
#755 = CARTESIAN_POINT ( 'NONE',  ( 14.74689997892377136, -11.96720874348720898, -18.24045679478920334 ) ) ;
#756 = CARTESIAN_POINT ( 'NONE',  ( -0.000000000000000000, 0.000000000000000000, -17.75000000000000355 ) ) ;
#757 = ORIENTED_EDGE ( 'NONE', *, *, #455, .F. ) ;
#758 = CYLINDRICAL_SURFACE ( 'NONE', #3061, 2.500000000000000000 ) ;
#759 = CARTESIAN_POINT ( 'NONE',  ( -28.13715208313423588, 15.24232875704804080, -6.231158178779193868 ) ) ;
#760 = DIRECTION ( 'NONE',  ( -1.000000000000000000, 0.000000000000000000, 0.000000000000000000 ) ) ;
#761 = VERTEX_POINT ( 'NONE', #5738 ) ;
#762 = CARTESIAN_POINT ( 'NONE',  ( 14.71277491685818539, -9.937800231748504132, -5.250000000000000000 ) ) ;
#763 = ORIENTED_EDGE ( 'NONE', *, *, #5677, .T. ) ;
#764 = DIRECTION ( 'NONE',  ( 0.000000000000000000, 0.000000000000000000, -1.000000000000000000 ) ) ;
#765 = CARTESIAN_POINT ( 'NONE',  ( 2.500000000000006661, 18.94384192124578448, -17.75000000000001066 ) ) ;
#766 = ADVANCED_FACE ( 'NONE', ( #4322 ), #609, .F. ) ;
#767 = ADVANCED_FACE ( 'NONE', ( #6315 ), #1082, .F. ) ;
#768 = CARTESIAN_POINT ( 'NONE',  ( 8.474999999999985434, 18.83605253231153753, -18.75000000000000355 ) ) ;
#769 = CARTESIAN_POINT ( 'NONE',  ( -2.499999999999999556, 23.74342014116752964, -17.75000000000001421 ) ) ;
#770 = ORIENTED_EDGE ( 'NONE', *, *, #2486, .F. ) ;
#771 = CARTESIAN_POINT ( 'NONE',  ( -3.057528741257757421, 24.64271353068501824, -17.91838839031905195 ) ) ;
#772 = ORIENTED_EDGE ( 'NONE', *, *, #2752, .F. ) ;
#773 = VERTEX_POINT ( 'NONE', #1594 ) ;
#774 = CARTESIAN_POINT ( 'NONE',  ( -14.80648423774639255, -12.29515105671300290, -18.49467103960752112 ) ) ;
#775 = DIRECTION ( 'NONE',  ( -0.8660254037844424824, -0.4999999999999932832, 0.000000000000000000 ) ) ;
#776 = B_SPLINE_CURVE_WITH_KNOTS ( 'NONE', 3,
 ( #4038, #327, #1800, #4538, #2402, #6022 ),
 .UNSPECIFIED., .F., .F.,
 ( 4, 2, 4 ),
 ( -6.454972268294371708E-06, 0.0006224789711313762552, 0.001251412914531046736 ),
 .UNSPECIFIED. ) ;
#777 = EDGE_CURVE ( 'NONE', #5525, #3067, #790, .T. ) ;
#778 = DIRECTION ( 'NONE',  ( 0.000000000000000000, 0.000000000000000000, -1.000000000000000000 ) ) ;
#779 = ORIENTED_EDGE ( 'NONE', *, *, #2452, .F. ) ;
#780 = ORIENTED_EDGE ( 'NONE', *, *, #1070, .F. ) ;
#781 = ORIENTED_EDGE ( 'NONE', *, *, #6286, .T. ) ;
#782 = EDGE_CURVE ( 'NONE', #429, #6256, #4888, .T. ) ;
#783 = FACE_OUTER_BOUND ( 'NONE', #6675, .T. ) ;
#784 = B_SPLINE_CURVE_WITH_KNOTS ( 'NONE', 3,
 ( #499, #6, #4683, #6338, #6788, #4176, #5728, #4310, #1598, #4723 ),
 .UNSPECIFIED., .F., .F.,
 ( 4, 2, 2, 2, 4 ),
 ( -0.0005834083847811544167, -0.0002062081600717802546, 0.0001709920646375939074, 0.0005481922893469680152, 0.0009253925140563422315 ),
 .UNSPECIFIED. ) ;
#785 = AXIS2_PLACEMENT_3D ( 'NONE', #4138, #1559, #6418 ) ;
#786 = CARTESIAN_POINT ( 'NONE',  ( -25.54774941164087210, 14.75000000000012434, -6.750000000000000888 ) ) ;
#787 = DIRECTION ( 'NONE',  ( 1.000000000000000000, 0.000000000000000000, 0.000000000000000000 ) ) ;
#788 = VERTEX_POINT ( 'NONE', #5831 ) ;
#789 = AXIS2_PLACEMENT_3D ( 'NONE', #840, #2511, #3032 ) ;
#790 = CIRCLE ( 'NONE', #5985, 2.399999999999985256 ) ;
#791 = DIRECTION ( 'NONE',  ( 0.000000000000000000, 0.000000000000000000, -1.000000000000000000 ) ) ;
#792 = B_SPLINE_CURVE_WITH_KNOTS ( 'NONE', 3,
 ( #5585, #2449, #851, #6005, #315, #2980, #1274, #281, #3403, #5489 ),
 .UNSPECIFIED., .F., .F.,
 ( 4, 2, 2, 2, 4 ),
 ( 0.000000000000000000, 0.0003741468002070892358, 0.0007482936004141784716, 0.001122440400621267653, 0.001496587200828356943 ),
 .UNSPECIFIED. ) ;
#793 = CARTESIAN_POINT ( 'NONE',  ( 22.92769406510857522, -9.632269491507901904, -17.88123541021012741 ) ) ;
#794 = EDGE_CURVE ( 'NONE', #5176, #5336, #5290, .T. ) ;
#795 = DIRECTION ( 'NONE',  ( -0.000000000000000000, -0.000000000000000000, -1.000000000000000000 ) ) ;
#796 = CYLINDRICAL_SURFACE ( 'NONE', #2928, 15.00000000000000000 ) ;
#797 = AXIS2_PLACEMENT_3D ( 'NONE', #5827, #5182, #1588 ) ;
#798 = AXIS2_PLACEMENT_3D ( 'NONE', #6217, #4636, #2424 ) ;
#799 = DIRECTION ( 'NONE',  ( 1.000000000000000000, 0.000000000000000000, 0.000000000000000000 ) ) ;
#800 = EDGE_LOOP ( 'NONE', ( #1581, #2878, #203, #1434, #6773, #5471 ) ) ;
#801 = AXIS2_PLACEMENT_3D ( 'NONE', #6310, #5168, #444 ) ;
#802 = VERTEX_POINT ( 'NONE', #3828 ) ;
#803 = CARTESIAN_POINT ( 'NONE',  ( 21.55958866703036847, -15.40889796541128298, -6.750000000000000888 ) ) ;
#804 = ADVANCED_FACE ( 'NONE', ( #39 ), #2113, .F. ) ;
#805 = CIRCLE ( 'NONE', #1258, 3.150000000000002576 ) ;
#806 = CARTESIAN_POINT ( 'NONE',  ( 18.83605253231163701, 10.87499999999982592, -12.75000000000000178 ) ) ;
#807 = CARTESIAN_POINT ( 'NONE',  ( -24.54452521362295414, 4.751026253238046060, -17.99010654519315011 ) ) ;
#808 = ORIENTED_EDGE ( 'NONE', *, *, #1754, .F. ) ;
#809 = LINE ( 'NONE', #2938, #1359 ) ;
#810 = ORIENTED_EDGE ( 'NONE', *, *, #6025, .T. ) ;
#811 = VERTEX_POINT ( 'NONE', #6366 ) ;
#812 = LINE ( 'NONE', #6593, #714 ) ;
#813 = FACE_OUTER_BOUND ( 'NONE', #5063, .T. ) ;
#814 = AXIS2_PLACEMENT_3D ( 'NONE', #4637, #3681, #4098 ) ;
#815 = ADVANCED_FACE ( 'NONE', ( #1101 ), #5751, .F. ) ;
#816 = CARTESIAN_POINT ( 'NONE',  ( 18.82295019153416149, -3.602394966837368262, -18.39952983954383470 ) ) ;
#817 = CARTESIAN_POINT ( 'NONE',  ( 19.71277491685818717, -9.937800231748504132, -5.250000000000000000 ) ) ;
#818 = VERTEX_POINT ( 'NONE', #2676 ) ;
#819 = AXIS2_PLACEMENT_3D ( 'NONE', #5725, #5694, #6718 ) ;
#820 = ORIENTED_EDGE ( 'NONE', *, *, #3041, .F. ) ;
#821 = ORIENTED_EDGE ( 'NONE', *, *, #2144, .F. ) ;
#822 = CARTESIAN_POINT ( 'NONE',  ( 26.50000000000000355, 0.000000000000000000, -6.750000000000000888 ) ) ;
#823 = CIRCLE ( 'NONE', #4706, 19.50000000000000000 ) ;
#824 = DIRECTION ( 'NONE',  ( 0.8660254037844361541, -0.5000000000000043299, 0.000000000000000000 ) ) ;
#825 = ADVANCED_FACE ( 'NONE', ( #3274 ), #5211, .F. ) ;
#826 = DIRECTION ( 'NONE',  ( 0.000000000000000000, 0.000000000000000000, -1.000000000000000000 ) ) ;
#827 = ORIENTED_EDGE ( 'NONE', *, *, #4886, .T. ) ;
#828 = ORIENTED_EDGE ( 'NONE', *, *, #2754, .F. ) ;
#829 = VECTOR ( 'NONE', #1557, 1000.000000000000000 ) ;
#830 = EDGE_CURVE ( 'NONE', #168, #4406, #1627, .T. ) ;
#831 = CARTESIAN_POINT ( 'NONE',  ( 11.92981020395730063, -14.13964739650731772, -18.75000000000000355 ) ) ;
#832 = LINE ( 'NONE', #6156, #2454 ) ;
#833 = AXIS2_PLACEMENT_3D ( 'NONE', #2110, #3160, #2968 ) ;
#834 = ADVANCED_FACE ( 'NONE', ( #5219 ), #4343, .F. ) ;
#835 = DIRECTION ( 'NONE',  ( 0.000000000000000000, 0.000000000000000000, 1.000000000000000000 ) ) ;
#836 = ORIENTED_EDGE ( 'NONE', *, *, #625, .F. ) ;
#837 = FACE_BOUND ( 'NONE', #990, .T. ) ;
#838 = FACE_OUTER_BOUND ( 'NONE', #3222, .T. ) ;
#839 = VECTOR ( 'NONE', #2336, 1000.000000000000114 ) ;
#840 = CARTESIAN_POINT ( 'NONE',  ( 15.61324772583609644, -11.32371385419439846, -14.25000000000000178 ) ) ;
#841 = CONICAL_SURFACE ( 'NONE', #3962, 25.00000000000000355, 0.7853981633974466137 ) ;
#842 = CARTESIAN_POINT ( 'NONE',  ( 0.000000000000000000, 0.000000000000000000, -18.75000000000000355 ) ) ;
#843 = DIRECTION ( 'NONE',  ( -1.000000000000000000, 0.000000000000000000, -0.000000000000000000 ) ) ;
#844 = ORIENTED_EDGE ( 'NONE', *, *, #422, .F. ) ;
#845 = DIRECTION ( 'NONE',  ( 0.000000000000000000, 0.000000000000000000, -1.000000000000000000 ) ) ;
#846 = ORIENTED_EDGE ( 'NONE', *, *, #3257, .F. ) ;
#847 = VERTEX_POINT ( 'NONE', #2644 ) ;
#848 = CARTESIAN_POINT ( 'NONE',  ( 16.10006419922657983, 19.12558320106298737, -18.75000000000000355 ) ) ;
#849 = FACE_OUTER_BOUND ( 'NONE', #2607, .T. ) ;
#850 = CARTESIAN_POINT ( 'NONE',  ( -7.516431917597762968, 23.49356557121846478, -18.08333802952935798 ) ) ;
#851 = CARTESIAN_POINT ( 'NONE',  ( 13.10444576543423523, 14.39511022443092791, -18.75000000000000355 ) ) ;
#852 = ORIENTED_EDGE ( 'NONE', *, *, #1593, .T. ) ;
#853 = VERTEX_POINT ( 'NONE', #2082 ) ;
#854 = DIRECTION ( 'NONE',  ( 0.000000000000000000, 0.000000000000000000, -1.000000000000000000 ) ) ;
#855 = EDGE_CURVE ( 'NONE', #847, #5494, #5869, .T. ) ;
#856 = DIRECTION ( 'NONE',  ( 0.8660254037844361541, -0.5000000000000043299, -0.000000000000000000 ) ) ;
#857 = ORIENTED_EDGE ( 'NONE', *, *, #4277, .T. ) ;
#858 = ORIENTED_EDGE ( 'NONE', *, *, #3890, .F. ) ;
#859 = DIRECTION ( 'NONE',  ( 0.000000000000000000, 0.000000000000000000, 1.000000000000000000 ) ) ;
#860 = DIRECTION ( 'NONE',  ( 1.000000000000000000, 0.000000000000000000, 0.000000000000000000 ) ) ;
#861 = ADVANCED_FACE ( 'NONE', ( #6297 ), #4815, .F. ) ;
#862 = CARTESIAN_POINT ( 'NONE',  ( -28.05579582096038038, 15.39164036166771510, -6.183179191451041667 ) ) ;
#863 = EDGE_CURVE ( 'NONE', #4952, #113, #912, .T. ) ;
#864 = LINE ( 'NONE', #6682, #5804 ) ;
#865 = EDGE_LOOP ( 'NONE', ( #85, #2803, #1406, #1515 ) ) ;
#866 = CYLINDRICAL_SURFACE ( 'NONE', #2736, 2.500000000000002220 ) ;
#867 = CARTESIAN_POINT ( 'NONE',  ( -18.11295034736365750, -3.766109299700275415, -17.90054203017850654 ) ) ;
#868 = EDGE_CURVE ( 'NONE', #3542, #4675, #3149, .T. ) ;
#869 = CARTESIAN_POINT ( 'NONE',  ( 16.80250080122377554, -18.51150903694440331, -17.75000000000000355 ) ) ;
#870 = CARTESIAN_POINT ( 'NONE',  ( -0.000000000000000000, 0.000000000000000000, -17.75000000000000355 ) ) ;
#871 = VERTEX_POINT ( 'NONE', #4462 ) ;
#872 = DIRECTION ( 'NONE',  ( 0.000000000000000000, 0.000000000000000000, 1.000000000000000000 ) ) ;
#873 = EDGE_LOOP ( 'NONE', ( #5734, #1219, #4326 ) ) ;
#874 = ORIENTED_EDGE ( 'NONE', *, *, #6238, .T. ) ;
#875 = FACE_OUTER_BOUND ( 'NONE', #2216, .T. ) ;
#876 = CARTESIAN_POINT ( 'NONE',  ( 19.85000000000000142, 0.000000000000000000, -8.750000000000001776 ) ) ;
#877 = DIRECTION ( 'NONE',  ( -0.000000000000000000, -0.000000000000000000, 1.000000000000000000 ) ) ;
#878 = CARTESIAN_POINT ( 'NONE',  ( 17.21277491685818717, -9.937800231748504132, -5.950000000000000178 ) ) ;
#879 = CARTESIAN_POINT ( 'NONE',  ( 18.88709309615231646, -3.798620170522768902, -18.75000000000000355 ) ) ;
#880 = ORIENTED_EDGE ( 'NONE', *, *, #500, .F. ) ;
#881 = ORIENTED_EDGE ( 'NONE', *, *, #6184, .T. ) ;
#882 = ORIENTED_EDGE ( 'NONE', *, *, #5766, .F. ) ;
#883 = B_SPLINE_CURVE_WITH_KNOTS ( 'NONE', 3,
 ( #5691, #6257, #3120, #3229 ),
 .UNSPECIFIED., .F., .F.,
 ( 4, 4 ),
 ( 4.249187360970369464E-18, 0.001415357249055940051 ),
 .UNSPECIFIED. ) ;
#884 = LINE ( 'NONE', #453, #2466 ) ;
#885 = CARTESIAN_POINT ( 'NONE',  ( 2.737444804396497400, 18.53640293424503582, -17.98744480439650673 ) ) ;
#886 = EDGE_CURVE ( 'NONE', #2022, #6632, #4991, .T. ) ;
#887 = DIRECTION ( 'NONE',  ( 0.000000000000000000, 0.000000000000000000, -1.000000000000000000 ) ) ;
#888 = ORIENTED_EDGE ( 'NONE', *, *, #4757, .F. ) ;
#889 = DIRECTION ( 'NONE',  ( -0.4999999999999916178, 0.8660254037844434816, 0.000000000000000000 ) ) ;
#890 = CIRCLE ( 'NONE', #4454, 32.00000000000000000 ) ;
#891 = CARTESIAN_POINT ( 'NONE',  ( 22.42228936682052876, -9.156294299074255960, -18.53156121588543570 ) ) ;
#892 = CARTESIAN_POINT ( 'NONE',  ( 19.56240501497812190, -13.60376087815274637, -14.25000000000000178 ) ) ;
#893 = LINE ( 'NONE', #325, #3696 ) ;
#894 =( BOUNDED_CURVE ( )  B_SPLINE_CURVE ( 3, ( #4770, #2174, #4709, #6812 ),
 .UNSPECIFIED., .F., .T. ) 
 B_SPLINE_CURVE_WITH_KNOTS ( ( 4, 4 ),
 ( 2.438050066743680411, 3.141592653589794892 ),
 .UNSPECIFIED. ) 
 CURVE ( )  GEOMETRIC_REPRESENTATION_ITEM ( )  RATIONAL_B_SPLINE_CURVE ( ( 1.000000000000000000, 0.9591759112683384547, 0.9591759112683384547, 1.000000000000000000 ) ) 
 REPRESENTATION_ITEM ( '' )  );
#895 = PLANE ( 'NONE',  #4076 ) ;
#896 = ORIENTED_EDGE ( 'NONE', *, *, #1493, .F. ) ;
#897 = CONICAL_SURFACE ( 'NONE', #4887, 1.899999999999999023, 0.7853981633974557175 ) ;
#898 = CIRCLE ( 'NONE', #3691, 0.5000000000000004441 ) ;
#899 = CARTESIAN_POINT ( 'NONE',  ( -19.71277491685818362, -9.937800231748505908, -5.250000000000000000 ) ) ;
#900 = EDGE_CURVE ( 'NONE', #5238, #6193, #4444, .T. ) ;
#901 = CARTESIAN_POINT ( 'NONE',  ( 0.000000000000000000, 0.000000000000000000, -10.75000000000000000 ) ) ;
#902 = AXIS2_PLACEMENT_3D ( 'NONE', #6413, #1266, #6448 ) ;
#903 = AXIS2_PLACEMENT_3D ( 'NONE', #3507, #4526, #3569 ) ;
#904 = CARTESIAN_POINT ( 'NONE',  ( 15.98732343811221313, 18.99447482761609862, -18.93308766684020128 ) ) ;
#905 = EDGE_CURVE ( 'NONE', #1469, #761, #1210, .T. ) ;
#906 = DIRECTION ( 'NONE',  ( -1.000000000000000000, 0.000000000000000000, 0.000000000000000000 ) ) ;
#907 = ORIENTED_EDGE ( 'NONE', *, *, #62, .F. ) ;
#908 = CIRCLE ( 'NONE', #2357, 1.899999999999999023 ) ;
#909 = DIRECTION ( 'NONE',  ( -1.000000000000000000, 0.000000000000000000, 0.000000000000000000 ) ) ;
#910 = ORIENTED_EDGE ( 'NONE', *, *, #3176, .F. ) ;
#911 = CYLINDRICAL_SURFACE ( 'NONE', #2610, 1.200000000000000178 ) ;
#912 = B_SPLINE_CURVE_WITH_KNOTS ( 'NONE', 3,
 ( #1724, #683, #6496, #2813 ),
 .UNSPECIFIED., .F., .F.,
 ( 4, 4 ),
 ( 1.734723475976807094E-18, 0.0002361140179058113513 ),
 .UNSPECIFIED. ) ;
#913 = EDGE_CURVE ( 'NONE', #4118, #4320, #6207, .T. ) ;
#914 = CARTESIAN_POINT ( 'NONE',  ( -18.99636252835464845, 4.403204593398254652, -18.75000000000000355 ) ) ;
#915 = LINE ( 'NONE', #3047, #469 ) ;
#916 = FACE_OUTER_BOUND ( 'NONE', #5357, .T. ) ;
#917 = CARTESIAN_POINT ( 'NONE',  ( -21.75000000000000000, 3.469446951953614189E-15, -8.750000000000001776 ) ) ;
#918 = EDGE_CURVE ( 'NONE', #125, #458, #4427, .T. ) ;
#919 = AXIS2_PLACEMENT_3D ( 'NONE', #351, #321, #2920 ) ;
#920 = CARTESIAN_POINT ( 'NONE',  ( 29.65182871386013730, 4.083390756633022534, 6.750000000000000888 ) ) ;
#921 = ORIENTED_EDGE ( 'NONE', *, *, #3580, .T. ) ;
#922 = ORIENTED_EDGE ( 'NONE', *, *, #2360, .F. ) ;
#923 = CIRCLE ( 'NONE', #4799, 0.5000000000000004441 ) ;
#924 = ORIENTED_EDGE ( 'NONE', *, *, #186, .T. ) ;
#925 = DIRECTION ( 'NONE',  ( -0.4999999999999922839, 0.8660254037844431485, 0.000000000000000000 ) ) ;
#926 = AXIS2_PLACEMENT_3D ( 'NONE', #6678, #889, #4613 ) ;
#927 = CARTESIAN_POINT ( 'NONE',  ( -18.43498879279276892, -3.371000409532087794, -18.75000000000000355 ) ) ;
#928 = ORIENTED_EDGE ( 'NONE', *, *, #3198, .T. ) ;
#929 = CARTESIAN_POINT ( 'NONE',  ( -5.462778987134828235, 17.67553114364416800, -17.75000000000000711 ) ) ;
#930 = AXIS2_PLACEMENT_3D ( 'NONE', #6169, #4488, #378 ) ;
#931 = CARTESIAN_POINT ( 'NONE',  ( -15.92403308617866209, -18.66575591627271891, -18.75000000000000711 ) ) ;
#932 = EDGE_CURVE ( 'NONE', #2338, #2533, #2565, .T. ) ;
#933 = CARTESIAN_POINT ( 'NONE',  ( 0.000000000000000000, 0.000000000000000000, -5.950000000000000178 ) ) ;
#934 = DIRECTION ( 'NONE',  ( -1.000000000000000000, 0.000000000000000000, -0.000000000000000000 ) ) ;
#935 = ORIENTED_EDGE ( 'NONE', *, *, #1843, .F. ) ;
#936 = AXIS2_PLACEMENT_3D ( 'NONE', #5579, #6038, #6139 ) ;
#937 = CARTESIAN_POINT ( 'NONE',  ( 6.273538800741100374, -17.89974015217990910, -18.75000000000000355 ) ) ;
#938 = CARTESIAN_POINT ( 'NONE',  ( 0.000000000000000000, 0.000000000000000000, -18.75000000000000355 ) ) ;
#939 = AXIS2_PLACEMENT_3D ( 'NONE', #637, #3802, #3345 ) ;
#940 = DIRECTION ( 'NONE',  ( 0.000000000000000000, 0.000000000000000000, -1.000000000000000000 ) ) ;
#941 = ADVANCED_FACE ( 'NONE', ( #783 ), #4349, .T. ) ;
#942 = ADVANCED_FACE ( 'NONE', ( #2352 ), #5216, .F. ) ;
#943 = LINE ( 'NONE', #1403, #2173 ) ;
#944 = ORIENTED_EDGE ( 'NONE', *, *, #6373, .F. ) ;
#945 = DIRECTION ( 'NONE',  ( -1.000000000000000000, 0.000000000000000000, 0.000000000000000000 ) ) ;
#946 = ORIENTED_EDGE ( 'NONE', *, *, #2167, .T. ) ;
#947 = DIRECTION ( 'NONE',  ( -1.000000000000000000, 0.000000000000000000, 0.000000000000000000 ) ) ;
#948 = EDGE_CURVE ( 'NONE', #2457, #4214, #4463, .T. ) ;
#949 = CARTESIAN_POINT ( 'NONE',  ( -24.44033107460558085, -5.296994218704601742, -17.74224258776247254 ) ) ;
#950 = CIRCLE ( 'NONE', #3631, 1.899999999999999023 ) ;
#951 = EDGE_CURVE ( 'NONE', #1466, #1782, #3743, .T. ) ;
#952 = CARTESIAN_POINT ( 'NONE',  ( 19.02500695070348158, -4.279626453929203045, -18.75000000000000711 ) ) ;
#953 = VERTEX_POINT ( 'NONE', #6045 ) ;
#954 = VERTEX_POINT ( 'NONE', #4949 ) ;
#955 = ORIENTED_EDGE ( 'NONE', *, *, #5838, .T. ) ;
#956 = CARTESIAN_POINT ( 'NONE',  ( -16.37217233160759022, -17.99979714187423596, -18.41811665423655597 ) ) ;
#957 = DIRECTION ( 'NONE',  ( 1.000000000000000000, 0.000000000000000000, 0.000000000000000000 ) ) ;
#958 = DIRECTION ( 'NONE',  ( -0.4999999999999911182, 0.8660254037844438146, 0.000000000000000000 ) ) ;
#959 = DIRECTION ( 'NONE',  ( -1.000000000000000000, 0.000000000000000000, 0.000000000000000000 ) ) ;
#960 = FACE_OUTER_BOUND ( 'NONE', #3358, .T. ) ;
#961 = EDGE_LOOP ( 'NONE', ( #5554, #2072 ) ) ;
#962 = CYLINDRICAL_SURFACE ( 'NONE', #819, 2.500000000000000000 ) ;
#963 = CARTESIAN_POINT ( 'NONE',  ( -14.86324772583626697, -12.62275195987083620, -14.25000000000000178 ) ) ;
#964 = CARTESIAN_POINT ( 'NONE',  ( 24.48897615482754730, 4.383745050414283639, -18.75000000000000355 ) ) ;
#965 = FACE_OUTER_BOUND ( 'NONE', #2289, .T. ) ;
#966 = ADVANCED_FACE ( 'NONE', ( #1861 ), #3763, .F. ) ;
#967 = CARTESIAN_POINT ( 'NONE',  ( -19.14072815093994251, -14.84012505313416597, -18.53156121588232352 ) ) ;
#968 = CARTESIAN_POINT ( 'NONE',  ( -17.36145615599775738, -6.462585952583865812, -17.77495057610073204 ) ) ;
#969 = EDGE_LOOP ( 'NONE', ( #2450, #2237 ) ) ;
#970 = DIRECTION ( 'NONE',  ( 1.000000000000000000, 0.000000000000000000, 0.000000000000000000 ) ) ;
#971 = CARTESIAN_POINT ( 'NONE',  ( 24.52652987999732304, 4.843647772427930320, -17.90510128897909681 ) ) ;
#972 = CARTESIAN_POINT ( 'NONE',  ( 12.88331105498855678, 13.73734063562962682, -18.08331757544337393 ) ) ;
#973 = CARTESIAN_POINT ( 'NONE',  ( -2.499999999999999556, 19.18332609325088001, -17.75000000000001421 ) ) ;
#974 = ORIENTED_EDGE ( 'NONE', *, *, #1317, .F. ) ;
#975 = DIRECTION ( 'NONE',  ( 0.000000000000000000, 0.000000000000000000, -1.000000000000000000 ) ) ;
#976 = ORIENTED_EDGE ( 'NONE', *, *, #2832, .F. ) ;
#977 = DIRECTION ( 'NONE',  ( 1.000000000000000000, 0.000000000000000000, 0.000000000000000000 ) ) ;
#979 = EDGE_CURVE ( 'NONE', #5931, #2703, #2984, .T. ) ;
#978 = CARTESIAN_POINT ( 'NONE',  ( -5.687219535050579644, -18.65928404628379411, -18.75675132254886535 ) ) ;
#980 = CARTESIAN_POINT ( 'NONE',  ( 18.43636164258928645, -3.371861312820394918, -18.75000000000000355 ) ) ;
#981 = ORIENTED_EDGE ( 'NONE', *, *, #2304, .F. ) ;
#982 = ORIENTED_EDGE ( 'NONE', *, *, #2857, .F. ) ;
#983 = EDGE_LOOP ( 'NONE', ( #1795, #4418 ) ) ;
#984 = DIRECTION ( 'NONE',  ( -0.000000000000000000, -0.000000000000000000, -1.000000000000000000 ) ) ;
#985 = EDGE_CURVE ( 'NONE', #4747, #5603, #884, .T. ) ;
#986 = CARTESIAN_POINT ( 'NONE',  ( 10.87500000000000178, 18.83605253231153753, -18.75000000000000355 ) ) ;
#987 = DIRECTION ( 'NONE',  ( -1.000000000000000000, 0.000000000000000000, 0.000000000000000000 ) ) ;
#988 = CARTESIAN_POINT ( 'NONE',  ( -19.35000000000001208, 3.763362183748977124E-15, -18.75000000000000355 ) ) ;
#989 = EDGE_CURVE ( 'NONE', #1415, #1663, #4567, .T. ) ;
#990 = EDGE_LOOP ( 'NONE', ( #4632, #3903 ) ) ;
#991 = CARTESIAN_POINT ( 'NONE',  ( -6.253365082237697159, 17.41109561606680245, -18.62636688832869325 ) ) ;
#992 = ADVANCED_FACE ( 'NONE', ( #3014, #5179 ), #5040, .T. ) ;
#993 = DIRECTION ( 'NONE',  ( -1.000000000000000000, 0.000000000000000000, 0.000000000000000000 ) ) ;
#994 = B_SPLINE_CURVE_WITH_KNOTS ( 'NONE', 3,
 ( #1750, #3988, #2385, #3917, #2241, #3954, #3433, #6003, #6072, #5515 ),
 .UNSPECIFIED., .F., .F.,
 ( 4, 2, 2, 2, 4 ),
 ( -0.0005834083847811862922, -0.0002062081600718114254, 0.0001709920646375634413, 0.0005481922893469383081, 0.0009253925140563131748 ),
 .UNSPECIFIED. ) ;
#995 = CARTESIAN_POINT ( 'NONE',  ( 23.79398534651627273, 4.620087357056424260, -18.75000000000000355 ) ) ;
#996 = LINE ( 'NONE', #1972, #6319 ) ;
#997 = DIRECTION ( 'NONE',  ( -1.000000000000000000, 0.000000000000000000, -0.000000000000000000 ) ) ;
#998 = EDGE_LOOP ( 'NONE', ( #6177, #2576 ) ) ;
#999 = EDGE_CURVE ( 'NONE', #2950, #4708, #256, .T. ) ;
#1000 = CYLINDRICAL_SURFACE ( 'NONE', #5021, 32.00000000000000000 ) ;
#1001 = CARTESIAN_POINT ( 'NONE',  ( 16.15838216916553449, 17.74561032129336269, -18.75000000000000355 ) ) ;
#1002 = CARTESIAN_POINT ( 'NONE',  ( 10.08959422810705497, -27.72093231318435613, 6.750000000000000888 ) ) ;
#1003 = AXIS2_PLACEMENT_3D ( 'NONE', #5341, #5927, #4351 ) ;
#1004 = AXIS2_PLACEMENT_3D ( 'NONE', #3266, #6489, #5355 ) ;
#1005 = ORIENTED_EDGE ( 'NONE', *, *, #2891, .F. ) ;
#1006 = DIRECTION ( 'NONE',  ( -0.000000000000000000, -0.000000000000000000, 1.000000000000000000 ) ) ;
#1007 = VERTEX_POINT ( 'NONE', #4606 ) ;
#1008 = CARTESIAN_POINT ( 'NONE',  ( 17.17914376036004853, -6.867237997875731637, -13.82130343607037659 ) ) ;
#1009 = AXIS2_PLACEMENT_3D ( 'NONE', #6376, #1254, #1187 ) ;
#1010 = ORIENTED_EDGE ( 'NONE', *, *, #1841, .T. ) ;
#1011 = CARTESIAN_POINT ( 'NONE',  ( 16.10006419922657983, 19.12558320106298737, -18.75000000000000355 ) ) ;
#1012 = EDGE_CURVE ( 'NONE', #2064, #3097, #2901, .T. ) ;
#1013 = CARTESIAN_POINT ( 'NONE',  ( -6.059840880357158177, -17.46690734916268184, -17.72259486746651547 ) ) ;
#1014 = CIRCLE ( 'NONE', #1686, 2.399999999999985256 ) ;
#1015 = AXIS2_PLACEMENT_3D ( 'NONE', #6322, #4839, #3116 ) ;
#1016 = CARTESIAN_POINT ( 'NONE',  ( 10.87500000000000178, 18.83605253231153753, -8.750000000000001776 ) ) ;
#1017 = VERTEX_POINT ( 'NONE', #423 ) ;
#1018 = VERTEX_POINT ( 'NONE', #1962 ) ;
#1019 = ORIENTED_EDGE ( 'NONE', *, *, #218, .F. ) ;
#1020 = EDGE_CURVE ( 'NONE', #5772, #723, #1462, .T. ) ;
#1021 = CARTESIAN_POINT ( 'NONE',  ( -15.76995730954277519, -18.73545419282873326, -19.27103650549346270 ) ) ;
#1022 = DIRECTION ( 'NONE',  ( -0.000000000000000000, -0.000000000000000000, -1.000000000000000000 ) ) ;
#1023 = VECTOR ( 'NONE', #4381, 1000.000000000000000 ) ;
#1024 = CARTESIAN_POINT ( 'NONE',  ( 12.02526258204606435, 14.25715019122254112, -18.91163151010996302 ) ) ;
#1025 = FACE_OUTER_BOUND ( 'NONE', #6729, .T. ) ;
#1026 = CARTESIAN_POINT ( 'NONE',  ( -10.87500000000000888, -18.83605253231153398, -18.25000000000002132 ) ) ;
#1027 = DIRECTION ( 'NONE',  ( 1.000000000000000000, 0.000000000000000000, 0.000000000000000000 ) ) ;
#1028 = AXIS2_PLACEMENT_3D ( 'NONE', #756, #2883, #4978 ) ;
#1029 = ORIENTED_EDGE ( 'NONE', *, *, #76, .F. ) ;
#1030 = CARTESIAN_POINT ( 'NONE',  ( -13.09965912646895880, -13.99627954824203613, -18.42019982191737881 ) ) ;
#1031 = DIRECTION ( 'NONE',  ( -1.000000000000000000, 0.000000000000000000, 0.000000000000000000 ) ) ;
#1032 = DIRECTION ( 'NONE',  ( 0.5000000000000001110, -0.8660254037844385966, 0.000000000000000000 ) ) ;
#1033 = CARTESIAN_POINT ( 'NONE',  ( -11.92981020395750136, -14.13964739650715252, -18.75000000000000355 ) ) ;
#1034 = CIRCLE ( 'NONE', #6007, 1.500000000000000000 ) ;
#1035 = ADVANCED_FACE ( 'NONE', ( #5623 ), #2354, .T. ) ;
#1036 = CARTESIAN_POINT ( 'NONE',  ( -10.87500000000000888, -18.83605253231153398, -18.25000000000002132 ) ) ;
#1037 = CARTESIAN_POINT ( 'NONE',  ( -17.42154271425487266, -6.224134434232049706, -17.75000000000000711 ) ) ;
#1038 = ORIENTED_EDGE ( 'NONE', *, *, #5840, .T. ) ;
#1039 = EDGE_CURVE ( 'NONE', #3614, #4024, #37, .T. ) ;
#1040 = AXIS2_PLACEMENT_3D ( 'NONE', #1284, #6604, #5981 ) ;
#1041 = EDGE_CURVE ( 'NONE', #2367, #2950, #3478, .T. ) ;
#1042 = CARTESIAN_POINT ( 'NONE',  ( 15.00000000000000000, 0.000000000000000000, -5.750000000000001776 ) ) ;
#1043 = FACE_OUTER_BOUND ( 'NONE', #6637, .T. ) ;
#1044 = CIRCLE ( 'NONE', #930, 1.200000000000000178 ) ;
#1045 = VERTEX_POINT ( 'NONE', #390 ) ;
#1046 = DIRECTION ( 'NONE',  ( -1.000000000000000000, 0.000000000000000000, 0.000000000000000000 ) ) ;
#1047 = CARTESIAN_POINT ( 'NONE',  ( 17.36616652918139181, -6.379134070535543266, -14.13051098491742330 ) ) ;
#1048 = AXIS2_PLACEMENT_3D ( 'NONE', #5256, #2612, #993 ) ;
#1049 = ORIENTED_EDGE ( 'NONE', *, *, #3335, .F. ) ;
#1050 = CYLINDRICAL_SURFACE ( 'NONE', #4582, 32.00000000000000000 ) ;
#1051 = CARTESIAN_POINT ( 'NONE',  ( -3.281561215885435256, 23.99641935220938294, -18.53156121588543925 ) ) ;
#1052 = CARTESIAN_POINT ( 'NONE',  ( 24.44338250964536741, 4.348194889313961475, -18.93306426489417049 ) ) ;
#1053 = VECTOR ( 'NONE', #3237, 1000.000000000000000 ) ;
#1054 = AXIS2_PLACEMENT_3D ( 'NONE', #5036, #1856, #3989 ) ;
#1055 = FACE_OUTER_BOUND ( 'NONE', #2283, .T. ) ;
#1056 = VERTEX_POINT ( 'NONE', #5590 ) ;
#1057 = VERTEX_POINT ( 'NONE', #3576 ) ;
#1058 = VERTEX_POINT ( 'NONE', #5656 ) ;
#1059 = AXIS2_PLACEMENT_3D ( 'NONE', #3010, #1439, #481 ) ;
#1060 = FACE_OUTER_BOUND ( 'NONE', #1405, .T. ) ;
#1061 = CARTESIAN_POINT ( 'NONE',  ( 13.09965912646925545, 13.99627954824179454, -18.42019982191740368 ) ) ;
#1062 = ORIENTED_EDGE ( 'NONE', *, *, #211, .T. ) ;
#1063 = DIRECTION ( 'NONE',  ( -1.000000000000000000, 0.000000000000000000, 0.000000000000000000 ) ) ;
#1064 = DIRECTION ( 'NONE',  ( -1.000000000000000000, 0.000000000000000000, 0.000000000000000000 ) ) ;
#1065 = AXIS2_PLACEMENT_3D ( 'NONE', #4859, #1702, #666 ) ;
#1066 = ORIENTED_EDGE ( 'NONE', *, *, #6567, .F. ) ;
#1067 = CARTESIAN_POINT ( 'NONE',  ( -14.78121959228383986, -11.12499651077178342, -13.75000000000000178 ) ) ;
#1068 = CARTESIAN_POINT ( 'NONE',  ( -16.42201736042281013, -19.51247350359026100, -18.25722445815090822 ) ) ;
#1069 = CARTESIAN_POINT ( 'NONE',  ( -1.000000000000009104, -1.732050807568872752, -14.25000000000000178 ) ) ;
#1070 = EDGE_CURVE ( 'NONE', #5304, #5000, #6077, .T. ) ;
#1071 = CARTESIAN_POINT ( 'NONE',  ( 14.10102989374192539, -11.97543134654432961, -14.25000000000000178 ) ) ;
#1072 = CARTESIAN_POINT ( 'NONE',  ( 18.81240501497811479, -14.90279898382939905, -14.25000000000000178 ) ) ;
#1073 = ORIENTED_EDGE ( 'NONE', *, *, #4304, .T. ) ;
#1074 = EDGE_CURVE ( 'NONE', #3648, #3481, #1130, .T. ) ;
#1075 = DIRECTION ( 'NONE',  ( 0.7071067811865543451, 8.659560562355015442E-17, -0.7071067811865408004 ) ) ;
#1076 = FACE_OUTER_BOUND ( 'NONE', #1501, .T. ) ;
#1077 = CARTESIAN_POINT ( 'NONE',  ( 6.226338646284344414, 17.42084983618823202, -18.50272108452413633 ) ) ;
#1078 = DIRECTION ( 'NONE',  ( -0.5000000000000038858, -0.8660254037844362651, 0.000000000000000000 ) ) ;
#1079 = EDGE_CURVE ( 'NONE', #6380, #5793, #595, .T. ) ;
#1080 = CARTESIAN_POINT ( 'NONE',  ( -7.632809739926349479, 23.81437787516004789, -17.74231361947238028 ) ) ;
#1081 = VERTEX_POINT ( 'NONE', #822 ) ;
#1082 =( BOUNDED_SURFACE ( )  B_SPLINE_SURFACE ( 3, 2, ( 
 ( #5241, #1576, #5779 ),
 ( #1052, #4749, #3793 ),
 ( #6394, #5761, #4275 ),
 ( #6334, #4307, #3765 ) ),
 .UNSPECIFIED., .F., .F., .F. ) 
 B_SPLINE_SURFACE_WITH_KNOTS ( ( 4, 4 ),
 ( 3, 3 ),
 ( 0.02292256358953809192, 0.02435681235376890158 ),
 ( 0.1879833979367890318, 1.000000000000000000 ),
 .UNSPECIFIED. ) 
 GEOMETRIC_REPRESENTATION_ITEM ( )  RATIONAL_B_SPLINE_SURFACE ( (
 ( 0.9136503078556508228, 0.7703262812246196578, 1.000000000000000000),
 ( 0.9136086307541297913, 0.7702154280801969399, 1.000000000000000000),
 ( 0.9135686483603964181, 0.7701090825353984481, 1.000000000000000000),
 ( 0.9135301692068665824, 0.7700067353229522737, 1.000000000000000000) ) ) 
 REPRESENTATION_ITEM ( '' )  SURFACE ( )  );
#1083 = FACE_OUTER_BOUND ( 'NONE', #3816, .T. ) ;
#1084 = EDGE_CURVE ( 'NONE', #1386, #6760, #6671, .T. ) ;
#1085 = LINE ( 'NONE', #6801, #3480 ) ;
#1086 = ORIENTED_EDGE ( 'NONE', *, *, #1012, .T. ) ;
#1087 = CARTESIAN_POINT ( 'NONE',  ( -18.81240501497832085, -14.90279898382912549, -14.25000000000000178 ) ) ;
#1088 = CARTESIAN_POINT ( 'NONE',  ( -5.914770989323915096, -18.54608100127622450, -18.75000000000000355 ) ) ;
#1089 = CARTESIAN_POINT ( 'NONE',  ( -0.000000000000000000, 0.000000000000000000, -13.75000000000000178 ) ) ;
#1090 = CARTESIAN_POINT ( 'NONE',  ( -13.31580423300470528, 14.25491861741735633, -18.75675132257798339 ) ) ;
#1091 = EDGE_LOOP ( 'NONE', ( #5660, #4495, #1933 ) ) ;
#1092 = VERTEX_POINT ( 'NONE', #2744 ) ;
#1093 = EDGE_LOOP ( 'NONE', ( #2202, #2256, #6483, #2739, #418, #2949 ) ) ;
#1094 = CARTESIAN_POINT ( 'NONE',  ( -2.737444804396491183, 18.53640293424503582, -17.98744480439650317 ) ) ;
#1095 = FACE_OUTER_BOUND ( 'NONE', #1582, .T. ) ;
#1096 = CARTESIAN_POINT ( 'NONE',  ( 3.320512820512826480, 18.19956578077647080, -14.25000000000000178 ) ) ;
#1097 = CARTESIAN_POINT ( 'NONE',  ( 3.475348250144673745, 24.75786039372119518, -14.13060928045490172 ) ) ;
#1098 = FACE_OUTER_BOUND ( 'NONE', #5428, .T. ) ;
#1099 = EDGE_LOOP ( 'NONE', ( #3151, #754, #4565, #3546, #3784, #3669, #5309, #482, #3677, #2490, #2311, #1656, #4610, #1320, #3811, #6683, #5811, #5060, #6137, #2122, #5954, #5659, #3503, #1813, #6362, #338, #5207, #1949, #642 ) ) ;
#1100 = CARTESIAN_POINT ( 'NONE',  ( 24.61327301392672950, -4.380272998559149755, -18.75000000000000355 ) ) ;
#1101 = FACE_OUTER_BOUND ( 'NONE', #343, .T. ) ;
#1102 = DIRECTION ( 'NONE',  ( 0.000000000000000000, -0.000000000000000000, -1.000000000000000000 ) ) ;
#1103 = EDGE_CURVE ( 'NONE', #4529, #4865, #4998, .T. ) ;
#1104 = LINE ( 'NONE', #182, #4604 ) ;
#1105 = ORIENTED_EDGE ( 'NONE', *, *, #5968, .F. ) ;
#1106 = CARTESIAN_POINT ( 'NONE',  ( -8.974999999999996092, 18.83605253231154109, -18.25000000000002487 ) ) ;
#1107 = CARTESIAN_POINT ( 'NONE',  ( -8.974999999999996092, 18.83605253231154109, -8.750000000000001776 ) ) ;
#1108 = FACE_OUTER_BOUND ( 'NONE', #4717, .T. ) ;
#1109 = CARTESIAN_POINT ( 'NONE',  ( -22.84194004145702905, -13.18780023174851301, -5.250000000000000000 ) ) ;
#1110 = VERTEX_POINT ( 'NONE', #4196 ) ;
#1111 = PLANE ( 'NONE',  #627 ) ;
#1112 = DIRECTION ( 'NONE',  ( 0.000000000000000000, 0.000000000000000000, 1.000000000000000000 ) ) ;
#1113 = ORIENTED_EDGE ( 'NONE', *, *, #2187, .T. ) ;
#1114 = CARTESIAN_POINT ( 'NONE',  ( 24.36671342639712989, -4.399204168962537409, -18.75000000000000355 ) ) ;
#1115 = AXIS2_PLACEMENT_3D ( 'NONE', #1305, #5512, #1748 ) ;
#1116 = AXIS2_PLACEMENT_3D ( 'NONE', #5690, #5283, #959 ) ;
#1117 = CYLINDRICAL_SURFACE ( 'NONE', #6094, 1.000000000000000888 ) ;
#1118 = EDGE_CURVE ( 'NONE', #5340, #2902, #3722, .T. ) ;
#1119 =( BOUNDED_SURFACE ( )  B_SPLINE_SURFACE ( 3, 2, ( 
 ( #2535, #3483, #5562 ),
 ( #5046, #6119, #1525 ),
 ( #1138, #4814, #1626 ),
 ( #3163, #5830, #5218 ) ),
 .UNSPECIFIED., .F., .F., .F. ) 
 B_SPLINE_SURFACE_WITH_KNOTS ( ( 4, 4 ),
 ( 3, 3 ),
 ( 0.02189357877924648366, 0.02332782765566720692 ),
 ( 0.1879833979367935282, 1.000000000000000000 ),
 .UNSPECIFIED. ) 
 GEOMETRIC_REPRESENTATION_ITEM ( )  RATIONAL_B_SPLINE_SURFACE ( (
 ( 0.9136503078556497126, 0.7703262812246218783, 1.000000000000000000),
 ( 0.9136086307541011475, 0.7702154280801257746, 1.000000000000000000),
 ( 0.9135686483603918662, 0.7701090825353913427, 1.000000000000000000),
 ( 0.9135301692068651391, 0.7700067353229538281, 1.000000000000000000) ) ) 
 REPRESENTATION_ITEM ( '' )  SURFACE ( )  );
#1120 = DIRECTION ( 'NONE',  ( -1.000000000000000000, 0.000000000000000000, 0.000000000000000000 ) ) ;
#1121 = ORIENTED_EDGE ( 'NONE', *, *, #630, .F. ) ;
#1122 = AXIS2_PLACEMENT_3D ( 'NONE', #1697, #5983, #5841 ) ;
#1123 = CIRCLE ( 'NONE', #2128, 1.899999999999999023 ) ;
#1124 = ORIENTED_EDGE ( 'NONE', *, *, #4058, .F. ) ;
#1125 = ADVANCED_FACE ( 'NONE', ( #1095 ), #4164, .T. ) ;
#1126 = VERTEX_POINT ( 'NONE', #3196 ) ;
#1127 = EDGE_CURVE ( 'NONE', #5501, #6224, #5787, .T. ) ;
#1128 = FACE_OUTER_BOUND ( 'NONE', #5926, .T. ) ;
#1129 = CIRCLE ( 'NONE', #5650, 1.899999999999999023 ) ;
#1130 = CIRCLE ( 'NONE', #1354, 18.50000000000000000 ) ;
#1131 = ADVANCED_FACE ( 'NONE', ( #2602 ), #1517, .F. ) ;
#1132 = DIRECTION ( 'NONE',  ( -0.000000000000000000, -0.000000000000000000, 1.000000000000000000 ) ) ;
#1133 = CARTESIAN_POINT ( 'NONE',  ( 18.33681387225095349, 4.288303172629491122, -18.08156648969051616 ) ) ;
#1134 = ORIENTED_EDGE ( 'NONE', *, *, #5083, .T. ) ;
#1135 = ORIENTED_EDGE ( 'NONE', *, *, #2274, .F. ) ;
#1136 = AXIS2_PLACEMENT_3D ( 'NONE', #6589, #845, #4051 ) ;
#1137 = FACE_OUTER_BOUND ( 'NONE', #6278, .T. ) ;
#1138 = CARTESIAN_POINT ( 'NONE',  ( -8.571681220942386048, -23.66044553653384597, -18.59510411917990425 ) ) ;
#1139 = DIRECTION ( 'NONE',  ( 1.000000000000000000, 0.000000000000000000, 0.000000000000000000 ) ) ;
#1140 = LINE ( 'NONE', #40, #1938 ) ;
#1141 = DIRECTION ( 'NONE',  ( 0.000000000000000000, 0.000000000000000000, 1.000000000000000000 ) ) ;
#1142 = STYLED_ITEM ( 'NONE', ( #2327 ), #3471 ) ;
#1143 = DIRECTION ( 'NONE',  ( 1.000000000000000000, 0.000000000000000000, 0.000000000000000000 ) ) ;
#1144 = FACE_OUTER_BOUND ( 'NONE', #5686, .T. ) ;
#1145 = ORIENTED_EDGE ( 'NONE', *, *, #211, .F. ) ;
#1146 = VERTEX_POINT ( 'NONE', #6387 ) ;
#1147 = ADVANCED_FACE ( 'NONE', ( #586 ), #1620, .T. ) ;
#1148 = AXIS2_PLACEMENT_3D ( 'NONE', #3994, #4464, #2455 ) ;
#1149 = CARTESIAN_POINT ( 'NONE',  ( 0.000000000000000000, 0.000000000000000000, -6.750000000000000888 ) ) ;
#1150 = CARTESIAN_POINT ( 'NONE',  ( -2.642369320185935511, 18.31119391067459290, -13.82130343607037659 ) ) ;
#1151 = CARTESIAN_POINT ( 'NONE',  ( 8.489790944591524280, 23.51433754216655103, -18.62880109420078512 ) ) ;
#1152 = ORIENTED_EDGE ( 'NONE', *, *, #615, .T. ) ;
#1153 = AXIS2_PLACEMENT_3D ( 'NONE', #2518, #6555, #1853 ) ;
#1154 = DIRECTION ( 'NONE',  ( -0.000000000000000000, -0.000000000000000000, -1.000000000000000000 ) ) ;
#1155 = CARTESIAN_POINT ( 'NONE',  ( 6.449711974378422141, 17.85940967686727632, -19.24829548198592022 ) ) ;
#1156 = ORIENTED_EDGE ( 'NONE', *, *, #3548, .T. ) ;
#1157 = CARTESIAN_POINT ( 'NONE',  ( 14.86324772583608933, -12.62275195987105292, -5.750000000000000888 ) ) ;
#1158 = CONICAL_SURFACE ( 'NONE', #2495, 3.149999999999999911, 0.7853981633974500554 ) ;
#1159 = ADVANCED_FACE ( 'NONE', ( #1060 ), #3757, .T. ) ;
#1160 = CARTESIAN_POINT ( 'NONE',  ( -19.00457851044372148, 4.404636370888187713, -18.75832709176700419 ) ) ;
#1161 = ORIENTED_EDGE ( 'NONE', *, *, #4672, .F. ) ;
#1162 = AXIS2_PLACEMENT_3D ( 'NONE', #1149, #4854, #1285 ) ;
#1163 = CARTESIAN_POINT ( 'NONE',  ( 2.620710968450809641, 24.30235516687239539, -17.87071096845081541 ) ) ;
#1164 = EDGE_LOOP ( 'NONE', ( #6667, #5519, #5508 ) ) ;
#1165 = ORIENTED_EDGE ( 'NONE', *, *, #5384, .T. ) ;
#1166 = EDGE_CURVE ( 'NONE', #3247, #6110, #590, .T. ) ;
#1167 = DIRECTION ( 'NONE',  ( 1.000000000000000000, 0.000000000000000000, 0.000000000000000000 ) ) ;
#1168 = CARTESIAN_POINT ( 'NONE',  ( -5.794928846712408266, -17.56932978815329705, -17.90054203017849588 ) ) ;
#1169 = CARTESIAN_POINT ( 'NONE',  ( -18.02576361042712705, -3.226766033893428087, -18.57290674722171175 ) ) ;
#1170 = VECTOR ( 'NONE', #6840, 1000.000000000000227 ) ;
#1171 = EDGE_CURVE ( 'NONE', #2022, #2426, #6544, .T. ) ;
#1172 = FACE_OUTER_BOUND ( 'NONE', #2154, .T. ) ;
#1173 = CARTESIAN_POINT ( 'NONE',  ( -18.17795691591565088, 3.437274696753992664, -18.28048286926301813 ) ) ;
#1174 = B_SPLINE_CURVE_WITH_KNOTS ( 'NONE', 3,
 ( #3243, #4824, #4341, #731, #2293, #5435, #664, #1188, #3837, #4885 ),
 .UNSPECIFIED., .F., .F.,
 ( 4, 2, 2, 2, 4 ),
 ( 0.000000000000000000, 0.0003731557972044648370, 0.0007463115944089296740, 0.001119467391613394565, 0.001492623188817859348 ),
 .UNSPECIFIED. ) ;
#1175 = ORIENTED_EDGE ( 'NONE', *, *, #2360, .T. ) ;
#1176 = CONICAL_SURFACE ( 'NONE', #523, 19.50000000000000000, 0.7853981633974500554 ) ;
#1177 = CARTESIAN_POINT ( 'NONE',  ( 0.000000000000000000, 0.000000000000000000, -5.750000000000000888 ) ) ;
#1178 = DIRECTION ( 'NONE',  ( 0.000000000000000000, 0.000000000000000000, 1.000000000000000000 ) ) ;
#1179 = CARTESIAN_POINT ( 'NONE',  ( 3.058042687979874774, 24.64298353805785524, -17.91805757971330948 ) ) ;
#1180 = CARTESIAN_POINT ( 'NONE',  ( -12.36486029255771513, -14.38291404915899285, -18.75000000000000355 ) ) ;
#1181 = CIRCLE ( 'NONE', #5039, 25.00000000000001066 ) ;
#1182 = CARTESIAN_POINT ( 'NONE',  ( 7.864282676183739440, -23.73108946451479540, -17.78489111920823262 ) ) ;
#1183 =( NAMED_UNIT ( * ) SI_UNIT ( $, .STERADIAN. ) SOLID_ANGLE_UNIT ( ) );
#1184 = ORIENTED_EDGE ( 'NONE', *, *, #3485, .T. ) ;
#1185 = AXIS2_PLACEMENT_3D ( 'NONE', #1072, #2616, #1561 ) ;
#1186 = LINE ( 'NONE', #3316, #2051 ) ;
#1187 = DIRECTION ( 'NONE',  ( 0.5000000000000039968, 0.8660254037844363761, 0.000000000000000000 ) ) ;
#1188 = CARTESIAN_POINT ( 'NONE',  ( 19.01876278241111606, 4.150698566316342486, -18.75000000000000355 ) ) ;
#1189 = CARTESIAN_POINT ( 'NONE',  ( -7.534420914529482260, 22.82356465530928347, -18.75000000000000355 ) ) ;
#1190 = ORIENTED_EDGE ( 'NONE', *, *, #3775, .T. ) ;
#1191 = PLANE ( 'NONE',  #2392 ) ;
#1192 = CARTESIAN_POINT ( 'NONE',  ( 15.36324772583609466, -11.75672655608661543, -17.75000000000000711 ) ) ;
#1193 = VERTEX_POINT ( 'NONE', #3788 ) ;
#1194 = FACE_OUTER_BOUND ( 'NONE', #6099, .T. ) ;
#1195 = CARTESIAN_POINT ( 'NONE',  ( 17.38521459688951509, -6.795497797212441071, -17.91595429800411665 ) ) ;
#1196 = CARTESIAN_POINT ( 'NONE',  ( -22.48103844155181008, 14.03042802588258375, -6.750000000000000888 ) ) ;
#1197 = ORIENTED_EDGE ( 'NONE', *, *, #722, .T. ) ;
#1198 = ORIENTED_EDGE ( 'NONE', *, *, #2619, .F. ) ;
#1199 = ORIENTED_EDGE ( 'NONE', *, *, #4764, .T. ) ;
#1200 = ADVANCED_FACE ( 'NONE', ( #4300, #4806, #5208, #2106 ), #485, .T. ) ;
#1201 = B_SPLINE_CURVE_WITH_KNOTS ( 'NONE', 3,
 ( #6822, #1558, #6227, #5116, #995, #6784, #1488, #3626, #964, #5697 ),
 .UNSPECIFIED., .F., .F.,
 ( 4, 2, 2, 2, 4 ),
 ( 0.000000000000000000, 0.0003697710609445205559, 0.0007395421218890411118, 0.001109313182833561668, 0.001479084243778082224 ),
 .UNSPECIFIED. ) ;
#1202 = DIRECTION ( 'NONE',  ( -1.000000000000000000, 0.000000000000000000, 0.000000000000000000 ) ) ;
#1203 = CARTESIAN_POINT ( 'NONE',  ( 0.000000000000000000, 0.000000000000000000, -18.75000000000000355 ) ) ;
#1204 = DIRECTION ( 'NONE',  ( -0.000000000000000000, -0.000000000000000000, -1.000000000000000000 ) ) ;
#1205 = CARTESIAN_POINT ( 'NONE',  ( 0.000000000000000000, 0.000000000000000000, -6.750000000000000888 ) ) ;
#1206 = DIRECTION ( 'NONE',  ( -1.000000000000000000, 0.000000000000000000, 0.000000000000000000 ) ) ;
#1207 = ORIENTED_EDGE ( 'NONE', *, *, #1837, .F. ) ;
#1208 = EDGE_CURVE ( 'NONE', #5483, #3435, #894, .T. ) ;
#1209 = CARTESIAN_POINT ( 'NONE',  ( -16.20467591816968422, -19.25348026800011780, -18.59515134009726367 ) ) ;
#1210 = LINE ( 'NONE', #655, #5323 ) ;
#1211 = CARTESIAN_POINT ( 'NONE',  ( -1.689292692996493983, -31.95684724027798040, -6.571192511682283133 ) ) ;
#1212 = EDGE_LOOP ( 'NONE', ( #4802, #2186 ) ) ;
#1213 = ADVANCED_FACE ( 'NONE', ( #1128 ), #2918, .F. ) ;
#1214 = CARTESIAN_POINT ( 'NONE',  ( 7.632809739926349479, -23.81437787516004789, -17.74231361947238028 ) ) ;
#1215 = DIRECTION ( 'NONE',  ( 1.000000000000000000, 0.000000000000000000, 0.000000000000000000 ) ) ;
#1216 = ORIENTED_EDGE ( 'NONE', *, *, #4103, .F. ) ;
#1217 = CARTESIAN_POINT ( 'NONE',  ( 22.63379639438766233, -9.787567608418237697, -18.09061600704604444 ) ) ;
#1218 = DIRECTION ( 'NONE',  ( -0.000000000000000000, -0.000000000000000000, 1.000000000000000000 ) ) ;
#1219 = ORIENTED_EDGE ( 'NONE', *, *, #4757, .T. ) ;
#1220 = ADVANCED_FACE ( 'NONE', ( #29 ), #5876, .F. ) ;
#1221 = CARTESIAN_POINT ( 'NONE',  ( 24.43268748899090426, -5.295638022496204300, -17.75000000000000000 ) ) ;
#1222 = B_SPLINE_CURVE_WITH_KNOTS ( 'NONE', 3,
 ( #6507, #2220, #3836, #3804, #1762, #3898 ),
 .UNSPECIFIED., .F., .F.,
 ( 4, 2, 4 ),
 ( 0.000000000000000000, 0.0006343032378714942186, 0.001268606475742988437 ),
 .UNSPECIFIED. ) ;
#1223 = CARTESIAN_POINT ( 'NONE',  ( 19.72587104001680558, -15.32496444560628390, -17.77094379873163277 ) ) ;
#1224 = CARTESIAN_POINT ( 'NONE',  ( 6.273724281340838260, 17.89888114945610198, -18.75000000000000711 ) ) ;
#1225 = CARTESIAN_POINT ( 'NONE',  ( -19.71277491685818362, -9.937800231748505908, -6.150000000000001243 ) ) ;
#1226 = FACE_BOUND ( 'NONE', #2598, .T. ) ;
#1227 = ORIENTED_EDGE ( 'NONE', *, *, #32, .T. ) ;
#1228 = ORIENTED_EDGE ( 'NONE', *, *, #5313, .T. ) ;
#1229 = AXIS2_PLACEMENT_3D ( 'NONE', #2519, #5681, #414 ) ;
#1230 = VERTEX_POINT ( 'NONE', #3679 ) ;
#1231 = EDGE_CURVE ( 'NONE', #1332, #1469, #5991, .T. ) ;
#1232 = DIRECTION ( 'NONE',  ( 0.000000000000000000, 0.000000000000000000, -1.000000000000000000 ) ) ;
#1233 = CARTESIAN_POINT ( 'NONE',  ( -5.890143307921669624, -17.53747768874152868, -17.98392723399036086 ) ) ;
#1234 = DIRECTION ( 'NONE',  ( -1.000000000000000000, 0.000000000000000000, 0.000000000000000000 ) ) ;
#1235 = CONICAL_SURFACE ( 'NONE', #5429, 25.00000000000000000, 0.7853981633974466137 ) ;
#1236 = CARTESIAN_POINT ( 'NONE',  ( 3.281561215882322635, 23.99641935221298539, -18.53156121588233063 ) ) ;
#1237 = CIRCLE ( 'NONE', #2342, 25.00000000000001066 ) ;
#1238 = CARTESIAN_POINT ( 'NONE',  ( 17.42171823803882091, -6.897504725057500785, -17.98744480439649607 ) ) ;
#1239 = B_SPLINE_CURVE_WITH_KNOTS ( 'NONE', 3,
 ( #696, #5919, #5949, #190, #6084, #6609, #5050, #1869, #4472, #4434 ),
 .UNSPECIFIED., .F., .F.,
 ( 4, 2, 2, 2, 4 ),
 ( -0.0005834083847811651503, -0.0002062081600717917472, 0.0001709920646375816559, 0.0005481922893469551132, 0.0009253925140563284621 ),
 .UNSPECIFIED. ) ;
#1240 = EDGE_CURVE ( 'NONE', #1915, #6117, #5452, .T. ) ;
#1241 = VERTEX_POINT ( 'NONE', #749 ) ;
#1242 = EDGE_LOOP ( 'NONE', ( #2505, #4372 ) ) ;
#1243 = DIRECTION ( 'NONE',  ( 1.000000000000000000, 0.000000000000000000, 0.000000000000000000 ) ) ;
#1244 = AXIS2_PLACEMENT_3D ( 'NONE', #681, #138, #5456 ) ;
#1245 = ADVANCED_FACE ( 'NONE', ( #2806 ), #4677, .F. ) ;
#1246 = CARTESIAN_POINT ( 'NONE',  ( 7.402195422170622763, -23.17861572563911210, -18.41811665381802499 ) ) ;
#1247 = FACE_OUTER_BOUND ( 'NONE', #2663, .T. ) ;
#1248 = AXIS2_PLACEMENT_3D ( 'NONE', #6833, #4186, #945 ) ;
#1249 = AXIS2_PLACEMENT_3D ( 'NONE', #3476, #2033, #1444 ) ;
#1250 = ORIENTED_EDGE ( 'NONE', *, *, #1821, .F. ) ;
#1251 = LINE ( 'NONE', #5466, #6562 ) ;
#1252 = CARTESIAN_POINT ( 'NONE',  ( 31.90184760431295885, 2.504419978995481078, -6.750000000000000888 ) ) ;
#1253 = ADVANCED_FACE ( 'NONE', ( #3364 ), #6556, .F. ) ;
#1254 = DIRECTION ( 'NONE',  ( 0.000000000000000000, -0.000000000000000000, -1.000000000000000000 ) ) ;
#1255 = CIRCLE ( 'NONE', #6547, 1.649999999999996581 ) ;
#1256 = ADVANCED_FACE ( 'NONE', ( #4904 ), #6518, .F. ) ;
#1257 = ORIENTED_EDGE ( 'NONE', *, *, #6428, .T. ) ;
#1258 = AXIS2_PLACEMENT_3D ( 'NONE', #786, #887, #6714 ) ;
#1259 = ORIENTED_EDGE ( 'NONE', *, *, #4062, .T. ) ;
#1260 = CARTESIAN_POINT ( 'NONE',  ( 5.806165260689054364, 18.61597479780602882, -18.75000000000000355 ) ) ;
#1261 = TOROIDAL_SURFACE ( 'NONE', #602, 1.500000000000000000, 0.5000000000000000000 ) ;
#1262 = LINE ( 'NONE', #2139, #5016 ) ;
#1263 = DIRECTION ( 'NONE',  ( -0.7071067811865554553, 0.000000000000000000, -0.7071067811865395791 ) ) ;
#1264 = DIRECTION ( 'NONE',  ( 0.000000000000000000, 0.000000000000000000, -1.000000000000000000 ) ) ;
#1265 = VERTEX_POINT ( 'NONE', #6040 ) ;
#1266 = DIRECTION ( 'NONE',  ( 0.8660254037844459241, 0.4999999999999873990, -7.743981870925444008E-15 ) ) ;
#1267 = ORIENTED_EDGE ( 'NONE', *, *, #4729, .T. ) ;
#1268 = AXIS2_PLACEMENT_3D ( 'NONE', #6186, #4678, #3123 ) ;
#1269 = ORIENTED_EDGE ( 'NONE', *, *, #2183, .T. ) ;
#1270 = CARTESIAN_POINT ( 'NONE',  ( -21.75000000000000000, 3.469446951953614189E-15, -8.750000000000001776 ) ) ;
#1271 = CARTESIAN_POINT ( 'NONE',  ( 18.08605253231165122, 12.17403810567649103, -18.75000000000000355 ) ) ;
#1272 = VECTOR ( 'NONE', #6393, 1000.000000000000000 ) ;
#1273 = FACE_OUTER_BOUND ( 'NONE', #1242, .T. ) ;
#1274 = CARTESIAN_POINT ( 'NONE',  ( 12.36486029255761920, 14.38291404915907457, -18.75000000000000355 ) ) ;
#1275 = ORIENTED_EDGE ( 'NONE', *, *, #3068, .F. ) ;
#1276 = EDGE_LOOP ( 'NONE', ( #1344, #981, #560, #2227 ) ) ;
#1277 = VERTEX_POINT ( 'NONE', #3883 ) ;
#1278 = AXIS2_PLACEMENT_3D ( 'NONE', #3868, #2785, #114 ) ;
#1279 = CARTESIAN_POINT ( 'NONE',  ( -13.09738060424460038, -13.99355213851352175, -18.41665177919101382 ) ) ;
#1280 = EDGE_CURVE ( 'NONE', #2885, #811, #5601, .T. ) ;
#1281 = DIRECTION ( 'NONE',  ( 1.000000000000000000, 0.000000000000000000, 0.000000000000000000 ) ) ;
#1282 = VECTOR ( 'NONE', #2563, 1000.000000000000000 ) ;
#1283 = ORIENTED_EDGE ( 'NONE', *, *, #3384, .F. ) ;
#1284 = CARTESIAN_POINT ( 'NONE',  ( 0.000000000000000000, 0.000000000000000000, -18.75000000000000355 ) ) ;
#1285 = DIRECTION ( 'NONE',  ( -1.000000000000000000, 0.000000000000000000, 0.000000000000000000 ) ) ;
#1286 = EDGE_CURVE ( 'NONE', #3043, #6638, #1793, .T. ) ;
#1287 = FILL_AREA_STYLE ('',( #3544 ) ) ;
#1288 = B_SPLINE_CURVE_WITH_KNOTS ( 'NONE', 3,
 ( #2213, #2251, #5908, #1179, #4875, #4276, #3659, #4681 ),
 .UNSPECIFIED., .F., .F.,
 ( 4, 2, 2, 4 ),
 ( 1.301042606982605321E-18, 0.0002357079118390479375, 0.0004714158236780945739, 0.0009428316473561920751 ),
 .UNSPECIFIED. ) ;
#1289 = CARTESIAN_POINT ( 'NONE',  ( -2.243919799199856957, 18.36340992121993665, -13.75000000000000178 ) ) ;
#1290 = AXIS2_PLACEMENT_3D ( 'NONE', #5482, #5507, #2936 ) ;
#1291 = DIRECTION ( 'NONE',  ( -0.7071067811865475727, 2.575932940028068552E-16, -0.7071067811865475727 ) ) ;
#1292 = ORIENTED_EDGE ( 'NONE', *, *, #2909, .F. ) ;
#1293 = CARTESIAN_POINT ( 'NONE',  ( 25.54774941164107815, 14.74999999999975842, -6.750000000000000888 ) ) ;
#1294 = VERTEX_POINT ( 'NONE', #3330 ) ;
#1295 = EDGE_CURVE ( 'NONE', #2748, #5612, #5758, .T. ) ;
#1296 = CARTESIAN_POINT ( 'NONE',  ( 27.80362322393323282, 15.84265325812692460, -6.100346232063479590 ) ) ;
#1297 = CARTESIAN_POINT ( 'NONE',  ( -7.749198922295954972, -23.76900365799392745, -17.75000000000000711 ) ) ;
#1299 = EDGE_CURVE ( 'NONE', #645, #3396, #2701, .T. ) ;
#1298 = DIRECTION ( 'NONE',  ( 0.000000000000000000, 0.000000000000000000, -1.000000000000000000 ) ) ;
#1300 = CARTESIAN_POINT ( 'NONE',  ( 16.38677203616225242, 18.88066923220628013, -17.99010654519315366 ) ) ;
#1301 = ORIENTED_EDGE ( 'NONE', *, *, #1074, .F. ) ;
#1302 = ORIENTED_EDGE ( 'NONE', *, *, #4264, .F. ) ;
#1303 = ORIENTED_EDGE ( 'NONE', *, *, #657, .F. ) ;
#1304 = DIRECTION ( 'NONE',  ( 0.000000000000000000, 0.000000000000000000, -1.000000000000000000 ) ) ;
#1305 = CARTESIAN_POINT ( 'NONE',  ( -22.31240501497826756, -8.840621157338013347, -14.25000000000000178 ) ) ;
#1306 = CARTESIAN_POINT ( 'NONE',  ( 7.895879654343908705, 22.91623944588600281, -18.75000000000000355 ) ) ;
#1307 = CARTESIAN_POINT ( 'NONE',  ( -16.15838216916528580, 17.74561032129359006, -18.75000000000000355 ) ) ;
#1308 = EDGE_LOOP ( 'NONE', ( #5654, #6289, #3217, #5300, #2870, #2636, #1267, #4741 ) ) ;
#1309 = ORIENTED_EDGE ( 'NONE', *, *, #1383, .T. ) ;
#1310 =( BOUNDED_SURFACE ( )  B_SPLINE_SURFACE ( 3, 2, ( 
 ( #2585, #4652, #1080 ),
 ( #4213, #6755, #12 ),
 ( #2016, #6307, #1566 ),
 ( #5299, #3703, #6236 ) ),
 .UNSPECIFIED., .F., .F., .F. ) 
 B_SPLINE_SURFACE_WITH_KNOTS ( ( 4, 4 ),
 ( 3, 3 ),
 ( 0.02191920879596989322, 0.02335335691630677571 ),
 ( 0.1879833974460859147, 1.000000000000000000 ),
 .UNSPECIFIED. ) 
 GEOMETRIC_REPRESENTATION_ITEM ( )  RATIONAL_B_SPLINE_SURFACE ( (
 ( 0.9135301774684740916, 0.7700067566968896715, 1.000000000000000000),
 ( 0.9135686541207677092, 0.7701090972567909976, 1.000000000000000000),
 ( 0.9136086338142974661, 0.7702154356198401830, 1.000000000000000000),
 ( 0.9136503079766189472, 0.7703262809468417460, 1.000000000000000000) ) ) 
 REPRESENTATION_ITEM ( '' )  SURFACE ( )  );
#1311 = ORIENTED_EDGE ( 'NONE', *, *, #1737, .F. ) ;
#1312 = CARTESIAN_POINT ( 'NONE',  ( 14.80648423774623801, -12.29515105671321074, -18.49467103960751757 ) ) ;
#1313 = CARTESIAN_POINT ( 'NONE',  ( -14.18133611517921899, -11.88087104250421433, -17.75000000000000711 ) ) ;
#1314 = VERTEX_POINT ( 'NONE', #3916 ) ;
#1315 = DIRECTION ( 'NONE',  ( -0.000000000000000000, -0.000000000000000000, 1.000000000000000000 ) ) ;
#1316 = CARTESIAN_POINT ( 'NONE',  ( -31.90184760431295885, 2.504419978995468643, 6.750000000000000888 ) ) ;
#1317 = EDGE_CURVE ( 'NONE', #3306, #1562, #2568, .T. ) ;
#1318 = DIRECTION ( 'NONE',  ( -1.000000000000000000, 0.000000000000000000, 0.000000000000000000 ) ) ;
#1319 = CARTESIAN_POINT ( 'NONE',  ( -13.78203247860110459, -28.88002044249249423, 6.750000000000000888 ) ) ;
#1320 = ORIENTED_EDGE ( 'NONE', *, *, #6733, .T. ) ;
#1321 = CARTESIAN_POINT ( 'NONE',  ( -22.87047111298986835, -9.673149115380892837, -17.91805757971330948 ) ) ;
#1322 = EDGE_CURVE ( 'NONE', #6436, #4112, #2, .T. ) ;
#1323 = ORIENTED_EDGE ( 'NONE', *, *, #6388, .F. ) ;
#1324 = CARTESIAN_POINT ( 'NONE',  ( 13.09898651505100098, -13.99547452524445923, -18.41915247809021494 ) ) ;
#1325 = CARTESIAN_POINT ( 'NONE',  ( 27.88991121172024990, 15.69022423594668147, -6.118049552280953485 ) ) ;
#1326 = CARTESIAN_POINT ( 'NONE',  ( 5.454806341707072015, -18.02478633274881048, -18.08208545839340786 ) ) ;
#1327 = CARTESIAN_POINT ( 'NONE',  ( 5.050203106331699892E-15, 26.37560046349702247, -6.750000000000000888 ) ) ;
#1328 = FACE_OUTER_BOUND ( 'NONE', #717, .T. ) ;
#1329 = CYLINDRICAL_SURFACE ( 'NONE', #4289, 0.5000000000000001110 ) ;
#1330 = ORIENTED_EDGE ( 'NONE', *, *, #2999, .T. ) ;
#1331 = DIRECTION ( 'NONE',  ( 0.000000000000000000, 0.000000000000000000, -1.000000000000000000 ) ) ;
#1332 = VERTEX_POINT ( 'NONE', #5416 ) ;
#1333 = VERTEX_POINT ( 'NONE', #6417 ) ;
#1334 = CARTESIAN_POINT ( 'NONE',  ( 8.975000000000003197, 18.83605253231153753, -18.24999999999999645 ) ) ;
#1335 = EDGE_CURVE ( 'NONE', #4383, #6037, #5486, .T. ) ;
#1336 = CARTESIAN_POINT ( 'NONE',  ( -1.999999999999999556, 23.74342014116752964, -13.75000000000000178 ) ) ;
#1337 = EDGE_CURVE ( 'NONE', #1333, #6075, #1717, .T. ) ;
#1338 = CARTESIAN_POINT ( 'NONE',  ( -22.31240501497827822, -8.840621157338002689, -18.75000000000000355 ) ) ;
#1339 = ORIENTED_EDGE ( 'NONE', *, *, #1674, .F. ) ;
#1340 = ORIENTED_EDGE ( 'NONE', *, *, #4277, .F. ) ;
#1341 = CARTESIAN_POINT ( 'NONE',  ( 0.000000000000000000, 0.000000000000000000, -6.750000000000000888 ) ) ;
#1342 = AXIS2_PLACEMENT_3D ( 'NONE', #4761, #19, #977 ) ;
#1343 = CIRCLE ( 'NONE', #5638, 26.50000000000000355 ) ;
#1344 = ORIENTED_EDGE ( 'NONE', *, *, #6229, .F. ) ;
#1345 = DIRECTION ( 'NONE',  ( 0.000000000000000000, 0.000000000000000000, -1.000000000000000000 ) ) ;
#1346 = VERTEX_POINT ( 'NONE', #2772 ) ;
#1347 = ORIENTED_EDGE ( 'NONE', *, *, #1743, .F. ) ;
#1348 = CIRCLE ( 'NONE', #143, 32.00000000000000000 ) ;
#1349 = VECTOR ( 'NONE', #4737, 1000.000000000000000 ) ;
#1350 = DIRECTION ( 'NONE',  ( -0.7071067811865543451, 0.000000000000000000, -0.7071067811865408004 ) ) ;
#1351 = CARTESIAN_POINT ( 'NONE',  ( 0.000000000000000000, 0.000000000000000000, -17.75000000000000711 ) ) ;
#1352 = FACE_BOUND ( 'NONE', #6763, .T. ) ;
#1353 = EDGE_CURVE ( 'NONE', #5304, #2930, #1676, .T. ) ;
#1354 = AXIS2_PLACEMENT_3D ( 'NONE', #6740, #854, #5555 ) ;
#1355 = DIRECTION ( 'NONE',  ( 0.000000000000000000, 0.000000000000000000, 1.000000000000000000 ) ) ;
#1356 = ORIENTED_EDGE ( 'NONE', *, *, #2297, .F. ) ;
#1357 = CARTESIAN_POINT ( 'NONE',  ( 8.975000000000003197, 18.83605253231153753, -8.750000000000001776 ) ) ;
#1358 = CARTESIAN_POINT ( 'NONE',  ( -23.08977348453743517, -9.486138305288111638, -17.78788262449477031 ) ) ;
#1359 = VECTOR ( 'NONE', #1810, 1000.000000000000000 ) ;
#1360 = CARTESIAN_POINT ( 'NONE',  ( -18.20006783679518136, -3.318257477846890957, -18.50272108452413633 ) ) ;
#1361 = CARTESIAN_POINT ( 'NONE',  ( 28.05891022197732099, 15.38596246995761874, -6.184803070776124123 ) ) ;
#1362 = CARTESIAN_POINT ( 'NONE',  ( 23.44734042848217825, 5.120764281908062543, -18.75000000000000355 ) ) ;
#1363 = CYLINDRICAL_SURFACE ( 'NONE', #5778, 1.000000000000000888 ) ;
#1364 = CARTESIAN_POINT ( 'NONE',  ( 13.31146830012040994, 14.24973023235490999, -18.75000000000000355 ) ) ;
#1365 = CIRCLE ( 'NONE', #5770, 26.50000000000000355 ) ;
#1366 = LINE ( 'NONE', #4547, #1578 ) ;
#1367 = FACE_BOUND ( 'NONE', #5740, .T. ) ;
#1368 = VERTEX_POINT ( 'NONE', #2907 ) ;
#1369 = EDGE_LOOP ( 'NONE', ( #3776, #2414 ) ) ;
#1370 = ORIENTED_EDGE ( 'NONE', *, *, #4258, .F. ) ;
#1371 = B_SPLINE_CURVE_WITH_KNOTS ( 'NONE', 3,
 ( #2096, #1047, #1504, #1008, #3216, #3639 ),
 .UNSPECIFIED., .F., .F.,
 ( 4, 2, 4 ),
 ( -6.160253112247193306E-06, 0.0006040211135725252409, 0.001214202480257297635 ),
 .UNSPECIFIED. ) ;
#1372 = DIRECTION ( 'NONE',  ( 0.000000000000000000, 0.000000000000000000, -1.000000000000000000 ) ) ;
#1373 = CIRCLE ( 'NONE', #2257, 18.50000000000000000 ) ;
#1374 = EDGE_CURVE ( 'NONE', #3426, #5736, #6756, .T. ) ;
#1375 = CARTESIAN_POINT ( 'NONE',  ( 8.203002261242737347, -23.12349514147092222, -18.75000000000000711 ) ) ;
#1376 = CARTESIAN_POINT ( 'NONE',  ( 19.15620922529729242, -3.660900124944395095, -18.73811982887110972 ) ) ;
#1377 = DIRECTION ( 'NONE',  ( -1.000000000000000000, 0.000000000000000000, -0.000000000000000000 ) ) ;
#1378 = ORIENTED_EDGE ( 'NONE', *, *, #6122, .F. ) ;
#1379 = CIRCLE ( 'NONE', #4045, 18.50000000000000000 ) ;
#1380 = EDGE_CURVE ( 'NONE', #6698, #6134, #4554, .T. ) ;
#1381 = EDGE_LOOP ( 'NONE', ( #882, #389, #5080 ) ) ;
#1382 = CARTESIAN_POINT ( 'NONE',  ( 14.31297408130130044, -11.72265806143783351, -14.01028823561937564 ) ) ;
#1383 = EDGE_CURVE ( 'NONE', #2350, #1333, #6218, .T. ) ;
#1384 = CIRCLE ( 'NONE', #508, 1.649999999999994582 ) ;
#1385 = DIRECTION ( 'NONE',  ( -0.8660254037844363761, 0.5000000000000039968, -0.000000000000000000 ) ) ;
#1386 = VERTEX_POINT ( 'NONE', #3607 ) ;
#1387 = ORIENTED_EDGE ( 'NONE', *, *, #5330, .T. ) ;
#1388 = AXIS2_PLACEMENT_3D ( 'NONE', #150, #5805, #2218 ) ;
#1389 = DIRECTION ( 'NONE',  ( 0.5000000000000039968, 0.8660254037844363761, 0.000000000000000000 ) ) ;
#1390 = CARTESIAN_POINT ( 'NONE',  ( 16.20470628900550025, -19.25351645872260065, -18.59510411921135287 ) ) ;
#1391 = DIRECTION ( 'NONE',  ( 0.000000000000000000, 0.000000000000000000, 1.000000000000000000 ) ) ;
#1392 = CARTESIAN_POINT ( 'NONE',  ( 12.77500000000000213, -18.83605253231153753, -8.750000000000001776 ) ) ;
#1393 = AXIS2_PLACEMENT_3D ( 'NONE', #3956, #346, #4528 ) ;
#1394 = DIRECTION ( 'NONE',  ( 0.000000000000000000, 0.000000000000000000, 1.000000000000000000 ) ) ;
#1395 = ORIENTED_EDGE ( 'NONE', *, *, #3713, .T. ) ;
#1396 = CYLINDRICAL_SURFACE ( 'NONE', #1828, 15.99999999999999645 ) ;
#1397 = CIRCLE ( 'NONE', #2284, 2.499999999999984901 ) ;
#1398 = CARTESIAN_POINT ( 'NONE',  ( 26.66142790320640188, 17.69656074388826283, -6.750000000000000888 ) ) ;
#1399 = CARTESIAN_POINT ( 'NONE',  ( 16.70996152931992640, -18.59550495468432985, -17.75000000000000355 ) ) ;
#1400 = CIRCLE ( 'NONE', #4179, 26.50000000000000355 ) ;
#1401 = CARTESIAN_POINT ( 'NONE',  ( -24.00978701088586220, -4.501071386792169449, -18.75000000000000355 ) ) ;
#1402 = FACE_OUTER_BOUND ( 'NONE', #4335, .T. ) ;
#1403 = CARTESIAN_POINT ( 'NONE',  ( -8.974999999999996092, 18.83605253231154109, -8.750000000000001776 ) ) ;
#1404 = ORIENTED_EDGE ( 'NONE', *, *, #5620, .T. ) ;
#1405 = EDGE_LOOP ( 'NONE', ( #5744, #874, #3799, #1545, #2307, #6790, #5311, #386, #6010, #230 ) ) ;
#1406 = ORIENTED_EDGE ( 'NONE', *, *, #14, .F. ) ;
#1407 = CARTESIAN_POINT ( 'NONE',  ( 8.513208814700213622, -23.50585619962205541, -18.75000000000000355 ) ) ;
#1408 = LINE ( 'NONE', #876, #4773 ) ;
#1409 = CARTESIAN_POINT ( 'NONE',  ( 2.500000000000007105, 19.18332609325088001, -13.75000000000000178 ) ) ;
#1410 = ADVANCED_FACE ( 'NONE', ( #849 ), #5648, .F. ) ;
#1411 = DIRECTION ( 'NONE',  ( 1.000000000000000000, 0.000000000000000000, 0.000000000000000000 ) ) ;
#1412 = CARTESIAN_POINT ( 'NONE',  ( -15.91470319448997905, 18.17045068186476087, -18.75000000000000711 ) ) ;
#1413 = ORIENTED_EDGE ( 'NONE', *, *, #2614, .T. ) ;
#1414 = EDGE_LOOP ( 'NONE', ( #5166, #59, #4152 ) ) ;
#1415 = VERTEX_POINT ( 'NONE', #4057 ) ;
#1416 = DIRECTION ( 'NONE',  ( -1.000000000000000000, 0.000000000000000000, -0.000000000000000000 ) ) ;
#1417 = CARTESIAN_POINT ( 'NONE',  ( -14.27792341403907983, -11.80382167760891932, -17.77506068047812704 ) ) ;
#1418 = ADVANCED_FACE ( 'NONE', ( #813 ), #4090, .T. ) ;
#1419 = ORIENTED_EDGE ( 'NONE', *, *, #4121, .F. ) ;
#1420 = DIRECTION ( 'NONE',  ( 0.000000000000000000, 0.000000000000000000, 1.000000000000000000 ) ) ;
#1421 = LINE ( 'NONE', #5114, #2499 ) ;
#1422 = CARTESIAN_POINT ( 'NONE',  ( 14.78121959228367643, -11.12499651077199836, -13.75000000000000178 ) ) ;
#1423 = EDGE_CURVE ( 'NONE', #5206, #1505, #5637, .T. ) ;
#1424 = DIRECTION ( 'NONE',  ( -0.000000000000000000, -0.000000000000000000, -1.000000000000000000 ) ) ;
#1425 = EDGE_LOOP ( 'NONE', ( #974, #5921, #502, #3462 ) ) ;
#1426 = EDGE_CURVE ( 'NONE', #3756, #4576, #5314, .T. ) ;
#1427 = EDGE_CURVE ( 'NONE', #6320, #4708, #2358, .T. ) ;
#1428 = LINE ( 'NONE', #3632, #3834 ) ;
#1429 = CYLINDRICAL_SURFACE ( 'NONE', #3905, 25.00000000000000000 ) ;
#1430 = ADVANCED_FACE ( 'NONE', ( #3466 ), #5581, .F. ) ;
#1431 = LINE ( 'NONE', #6199, #5348 ) ;
#1432 = CARTESIAN_POINT ( 'NONE',  ( -23.79398534651630470, -4.620087357056261723, -18.75000000000000355 ) ) ;
#1433 = DIRECTION ( 'NONE',  ( 0.000000000000000000, 0.000000000000000000, 1.000000000000000000 ) ) ;
#1434 = ORIENTED_EDGE ( 'NONE', *, *, #119, .T. ) ;
#1435 = ORIENTED_EDGE ( 'NONE', *, *, #5437, .T. ) ;
#1436 = DIRECTION ( 'NONE',  ( 0.000000000000000000, 0.000000000000000000, -1.000000000000000000 ) ) ;
#1437 = DIRECTION ( 'NONE',  ( -1.000000000000000000, 0.000000000000000000, 0.000000000000000000 ) ) ;
#1438 = CARTESIAN_POINT ( 'NONE',  ( -18.81240501497832085, -14.90279898382912549, -13.75000000000000178 ) ) ;
#1439 = DIRECTION ( 'NONE',  ( 0.000000000000000000, 0.000000000000000000, 1.000000000000000000 ) ) ;
#1440 = ORIENTED_EDGE ( 'NONE', *, *, #4185, .T. ) ;
#1441 = EDGE_CURVE ( 'NONE', #3223, #4956, #890, .T. ) ;
#1442 = ORIENTED_EDGE ( 'NONE', *, *, #5826, .F. ) ;
#1443 = ORIENTED_EDGE ( 'NONE', *, *, #2520, .F. ) ;
#1444 = DIRECTION ( 'NONE',  ( -0.5000000000000038858, -0.8660254037844362651, 0.000000000000000000 ) ) ;
#1445 = CIRCLE ( 'NONE', #1116, 1.899999999999995470 ) ;
#1446 = CARTESIAN_POINT ( 'NONE',  ( -18.32588966233926442, -3.310972560943220788, -18.75000000000000711 ) ) ;
#1447 = VERTEX_POINT ( 'NONE', #6172 ) ;
#1448 = ORIENTED_EDGE ( 'NONE', *, *, #6771, .T. ) ;
#1449 = FACE_OUTER_BOUND ( 'NONE', #1482, .T. ) ;
#1450 = CIRCLE ( 'NONE', #1342, 25.00000000000000000 ) ;
#1451 = LINE ( 'NONE', #5762, #829 ) ;
#1452 = CIRCLE ( 'NONE', #2570, 26.50000000000000355 ) ;
#1453 = DIRECTION ( 'NONE',  ( 0.000000000000000000, 0.000000000000000000, 1.000000000000000000 ) ) ;
#1454 = EDGE_CURVE ( 'NONE', #3575, #1858, #5859, .T. ) ;
#1455 = PLANE ( 'NONE',  #3190 ) ;
#1456 = ORIENTED_EDGE ( 'NONE', *, *, #5183, .F. ) ;
#1457 = CONICAL_SURFACE ( 'NONE', #1009, 19.50000000000000355, 0.7853981633974500554 ) ;
#1458 = AXIS2_PLACEMENT_3D ( 'NONE', #179, #1756, #2285 ) ;
#1459 = EDGE_CURVE ( 'NONE', #1650, #2236, #2383, .T. ) ;
#1460 = CARTESIAN_POINT ( 'NONE',  ( 5.684894228234322000, -18.65293482575297190, -18.75000000000000355 ) ) ;
#1461 = CARTESIAN_POINT ( 'NONE',  ( -15.61324772583625453, -11.32371385419417109, -14.25000000000000178 ) ) ;
#1462 = CIRCLE ( 'NONE', #263, 1.500000000000000000 ) ;
#1463 = EDGE_CURVE ( 'NONE', #6398, #3043, #1408, .T. ) ;
#1464 = PRODUCT_RELATED_PRODUCT_CATEGORY ( 'part', '', ( #5199 ) ) ;
#1465 = DIRECTION ( 'NONE',  ( 0.000000000000000000, 0.000000000000000000, -1.000000000000000000 ) ) ;
#1466 = VERTEX_POINT ( 'NONE', #3536 ) ;
#1467 = VECTOR ( 'NONE', #6439, 1000.000000000000114 ) ;
#1468 = AXIS2_PLACEMENT_3D ( 'NONE', #1157, #703, #613 ) ;
#1469 = VERTEX_POINT ( 'NONE', #6069 ) ;
#1470 = DIRECTION ( 'NONE',  ( -1.000000000000000000, 0.000000000000000000, 0.000000000000000000 ) ) ;
#1471 = FACE_BOUND ( 'NONE', #998, .T. ) ;
#1472 = CARTESIAN_POINT ( 'NONE',  ( 18.48976905060752074, -3.543917554499924627, -18.06100856369656782 ) ) ;
#1473 = VECTOR ( 'NONE', #856, 1000.000000000000227 ) ;
#1474 = CARTESIAN_POINT ( 'NONE',  ( -3.500000000000000444, 23.74342014116753674, -18.75000000000000355 ) ) ;
#1475 = VERTEX_POINT ( 'NONE', #1334 ) ;
#1476 = EDGE_LOOP ( 'NONE', ( #3142, #3437, #4929, #982 ) ) ;
#1477 = AXIS2_PLACEMENT_3D ( 'NONE', #3449, #3416, #6642 ) ;
#1478 = ORIENTED_EDGE ( 'NONE', *, *, #6662, .T. ) ;
#1479 = CARTESIAN_POINT ( 'NONE',  ( 14.53676998038632640, -11.44396162239000425, -13.82130601192186425 ) ) ;
#1480 = DIRECTION ( 'NONE',  ( 0.000000000000000000, 0.000000000000000000, 1.000000000000000000 ) ) ;
#1481 = CIRCLE ( 'NONE', #395, 25.00000000000000000 ) ;
#1482 = EDGE_LOOP ( 'NONE', ( #1745, #620, #6543, #1891 ) ) ;
#1483 = DIRECTION ( 'NONE',  ( -1.000000000000000000, 0.000000000000000000, 0.000000000000000000 ) ) ;
#1484 = ORIENTED_EDGE ( 'NONE', *, *, #6428, .F. ) ;
#1485 = DIRECTION ( 'NONE',  ( -0.4999999999999919509, 0.8660254037844432595, 0.000000000000000000 ) ) ;
#1486 = CIRCLE ( 'NONE', #174, 0.5000000000000004441 ) ;
#1487 = CARTESIAN_POINT ( 'NONE',  ( -21.81240501497827822, -9.706646561122456163, -14.25000000000000178 ) ) ;
#1488 = CARTESIAN_POINT ( 'NONE',  ( 24.12800374294053540, 4.457454311170403471, -18.75000000000000355 ) ) ;
#1489 = DIRECTION ( 'NONE',  ( -1.000000000000000000, 0.000000000000000000, 0.000000000000000000 ) ) ;
#1490 = CARTESIAN_POINT ( 'NONE',  ( -0.000000000000000000, 0.000000000000000000, -18.75000000000000355 ) ) ;
#1491 = VERTEX_POINT ( 'NONE', #4524 ) ;
#1492 = AXIS2_PLACEMENT_3D ( 'NONE', #1634, #3771, #2724 ) ;
#1493 = EDGE_CURVE ( 'NONE', #552, #2994, #3689, .T. ) ;
#1494 = ADVANCED_FACE ( 'NONE', ( #5064 ), #4437, .F. ) ;
#1495 = DIRECTION ( 'NONE',  ( 0.000000000000000000, 0.000000000000000000, -1.000000000000000000 ) ) ;
#1496 = CARTESIAN_POINT ( 'NONE',  ( 5.340334732698440945, 17.71244830458891428, -17.75000000000000711 ) ) ;
#1497 = AXIS2_PLACEMENT_3D ( 'NONE', #2431, #5081, #4540 ) ;
#1498 = LINE ( 'NONE', #468, #3599 ) ;
#1499 = CARTESIAN_POINT ( 'NONE',  ( 15.60153714458727059, 18.22441120350861965, -18.77088643780695776 ) ) ;
#1500 = CYLINDRICAL_SURFACE ( 'NONE', #5151, 32.00000000000000000 ) ;
#1501 = EDGE_LOOP ( 'NONE', ( #5068, #6386, #421, #511 ) ) ;
#1502 = CIRCLE ( 'NONE', #3628, 18.50000000000000000 ) ;
#1503 = ADVANCED_FACE ( 'NONE', ( #5098 ), #380, .F. ) ;
#1504 = CARTESIAN_POINT ( 'NONE',  ( 17.30860212395302966, -6.534082228842454931, -14.01028013692319085 ) ) ;
#1505 = VERTEX_POINT ( 'NONE', #1953 ) ;
#1506 = CARTESIAN_POINT ( 'NONE',  ( -6.175761895215599040, 17.78456848799871537, -18.06100856669519672 ) ) ;
#1507 = CARTESIAN_POINT ( 'NONE',  ( -5.806165260689054364, -18.61597479780602882, -18.75000000000000355 ) ) ;
#1508 = CARTESIAN_POINT ( 'NONE',  ( -6.407131798222990504, -18.41873294737571243, -18.73654230931972364 ) ) ;
#1509 = AXIS2_PLACEMENT_3D ( 'NONE', #5882, #155, #2260 ) ;
#1510 = EDGE_CURVE ( 'NONE', #4419, #2930, #915, .T. ) ;
#1511 = CARTESIAN_POINT ( 'NONE',  ( 18.99636252835468042, -4.403204593398121425, -18.75000000000000355 ) ) ;
#1512 = EDGE_LOOP ( 'NONE', ( #3909, #1121, #5503, #3516 ) ) ;
#1513 = VERTEX_POINT ( 'NONE', #1983 ) ;
#1514 = AXIS2_PLACEMENT_3D ( 'NONE', #600, #2756, #1215 ) ;
#1515 = ORIENTED_EDGE ( 'NONE', *, *, #2427, .F. ) ;
#1516 = CARTESIAN_POINT ( 'NONE',  ( -16.15451071917611969, -17.74100733991596002, -18.75600996059789338 ) ) ;
#1517 = CYLINDRICAL_SURFACE ( 'NONE', #6332, 1.899999999999995470 ) ;
#1518 = DIRECTION ( 'NONE',  ( 1.000000000000000000, 0.000000000000000000, 0.000000000000000000 ) ) ;
#1519 = CARTESIAN_POINT ( 'NONE',  ( -13.78203247860110459, -28.88002044249249423, -5.249999999999999112 ) ) ;
#1520 = FACE_OUTER_BOUND ( 'NONE', #3373, .T. ) ;
#1521 = EDGE_CURVE ( 'NONE', #4708, #3296, #6359, .T. ) ;
#1522 = LINE ( 'NONE', #1357, #1282 ) ;
#1523 = ORIENTED_EDGE ( 'NONE', *, *, #4545, .T. ) ;
#1524 = CARTESIAN_POINT ( 'NONE',  ( 29.65182871386013730, 4.083390756633022534, -5.249999999999999112 ) ) ;
#1525 = CARTESIAN_POINT ( 'NONE',  ( -7.402203404874025949, -23.17863773725608922, -18.41809325752504378 ) ) ;
#1526 = CARTESIAN_POINT ( 'NONE',  ( -19.81235797927272557, -14.83495000121619256, -17.99919408963713252 ) ) ;
#1527 = DIRECTION ( 'NONE',  ( 0.000000000000000000, 0.000000000000000000, -1.000000000000000000 ) ) ;
#1528 = CARTESIAN_POINT ( 'NONE',  ( -11.92981020395720471, 14.13964739650740299, -18.75000000000000355 ) ) ;
#1529 = LINE ( 'NONE', #463, #2812 ) ;
#1530 = PLANE ( 'NONE',  #2399 ) ;
#1531 = EDGE_LOOP ( 'NONE', ( #1859, #772 ) ) ;
#1532 = EDGE_CURVE ( 'NONE', #5037, #1673, #743, .T. ) ;
#1533 = CARTESIAN_POINT ( 'NONE',  ( 6.246027169080361929, -18.02401059039307896, -18.75000000000000355 ) ) ;
#1534 = CARTESIAN_POINT ( 'NONE',  ( 0.000000000000000000, 0.000000000000000000, -5.750000000000001776 ) ) ;
#1535 = ORIENTED_EDGE ( 'NONE', *, *, #2960, .F. ) ;
#1536 = DIRECTION ( 'NONE',  ( -0.000000000000000000, -0.000000000000000000, 1.000000000000000000 ) ) ;
#1537 = EDGE_LOOP ( 'NONE', ( #5069, #1600, #1569, #6810, #3379 ) ) ;
#1538 = DIRECTION ( 'NONE',  ( 0.000000000000000000, 0.000000000000000000, 1.000000000000000000 ) ) ;
#1539 = VERTEX_POINT ( 'NONE', #3710 ) ;
#1540 = CARTESIAN_POINT ( 'NONE',  ( -3.500000000000000444, 23.74342014116753674, -18.75000000000000355 ) ) ;
#1541 = DIRECTION ( 'NONE',  ( 0.8660254037844424824, 0.4999999999999932832, -0.000000000000000000 ) ) ;
#1542 = CARTESIAN_POINT ( 'NONE',  ( 18.63839909329866629, -3.516826103020885608, -18.75000000000000355 ) ) ;
#1543 = ORIENTED_EDGE ( 'NONE', *, *, #5899, .F. ) ;
#1544 = ORIENTED_EDGE ( 'NONE', *, *, #2037, .T. ) ;
#1545 = ORIENTED_EDGE ( 'NONE', *, *, #1674, .T. ) ;
#1546 = ADVANCED_FACE ( 'NONE', ( #515 ), #6313, .F. ) ;
#1547 = CARTESIAN_POINT ( 'NONE',  ( 0.000000000000000000, 0.000000000000000000, -6.950000000000000178 ) ) ;
#1548 = DIRECTION ( 'NONE',  ( -1.000000000000000000, 0.000000000000000000, 0.000000000000000000 ) ) ;
#1549 = EDGE_CURVE ( 'NONE', #4163, #5676, #1652, .T. ) ;
#1550 = CARTESIAN_POINT ( 'NONE',  ( 18.08605253231165122, 12.17403810567649103, -12.75000000000000178 ) ) ;
#1551 = DIRECTION ( 'NONE',  ( -1.000000000000000000, 0.000000000000000000, 0.000000000000000000 ) ) ;
#1552 = EDGE_CURVE ( 'NONE', #5631, #5931, #6261, .T. ) ;
#1553 = FACE_OUTER_BOUND ( 'NONE', #5693, .T. ) ;
#1554 = ORIENTED_EDGE ( 'NONE', *, *, #1577, .T. ) ;
#1555 = DIRECTION ( 'NONE',  ( 0.000000000000000000, 0.000000000000000000, 1.000000000000000000 ) ) ;
#1556 = CARTESIAN_POINT ( 'NONE',  ( -22.31240501497826756, -8.840621157338013347, -14.25000000000000178 ) ) ;
#1557 = DIRECTION ( 'NONE',  ( 0.000000000000000000, 0.000000000000000000, 1.000000000000000000 ) ) ;
#1558 = CARTESIAN_POINT ( 'NONE',  ( 23.47410925987786356, 4.998193144465768789, -18.75000000000000711 ) ) ;
#1559 = DIRECTION ( 'NONE',  ( -0.000000000000000000, -0.000000000000000000, 1.000000000000000000 ) ) ;
#1560 = DIRECTION ( 'NONE',  ( 1.000000000000000000, 0.000000000000000000, 0.000000000000000000 ) ) ;
#1561 = DIRECTION ( 'NONE',  ( 1.000000000000000000, 0.000000000000000000, 0.000000000000000000 ) ) ;
#1562 = VERTEX_POINT ( 'NONE', #2697 ) ;
#1563 = CARTESIAN_POINT ( 'NONE',  ( 0.000000000000000000, 0.000000000000000000, 5.250000000000000000 ) ) ;
#1564 = CARTESIAN_POINT ( 'NONE',  ( -19.70417544992358927, -15.38751688180686017, -14.12959002566511302 ) ) ;
#1565 = CARTESIAN_POINT ( 'NONE',  ( 24.54444671326701766, 4.751429405238334347, -17.98974690884337591 ) ) ;
#1566 = CARTESIAN_POINT ( 'NONE',  ( -7.402195422170622763, 23.17861572563911210, -18.41811665381802499 ) ) ;
#1567 = AXIS2_PLACEMENT_3D ( 'NONE', #6208, #344, #1886 ) ;
#1568 = CIRCLE ( 'NONE', #785, 2.399999999999985256 ) ;
#1569 = ORIENTED_EDGE ( 'NONE', *, *, #3878, .F. ) ;
#1570 = CARTESIAN_POINT ( 'NONE',  ( 24.44026108517581619, -5.296981800550979003, -17.74231361947036589 ) ) ;
#1571 = FACE_OUTER_BOUND ( 'NONE', #4899, .T. ) ;
#1572 = AXIS2_PLACEMENT_3D ( 'NONE', #6274, #4727, #5192 ) ;
#1573 = ORIENTED_EDGE ( 'NONE', *, *, #2614, .F. ) ;
#1574 = AXIS2_PLACEMENT_3D ( 'NONE', #280, #4971, #1234 ) ;
#1575 = CARTESIAN_POINT ( 'NONE',  ( -12.86003228393446385, 14.45554795540494197, -18.75000000000000355 ) ) ;
#1576 = CARTESIAN_POINT ( 'NONE',  ( 23.58357122614643231, 4.399121830365769092, -18.77088686171868659 ) ) ;
#1577 = EDGE_CURVE ( 'NONE', #5007, #6814, #1450, .T. ) ;
#1578 = VECTOR ( 'NONE', #1263, 1000.000000000000000 ) ;
#1579 = AXIS2_PLACEMENT_3D ( 'NONE', #5312, #555, #5747 ) ;
#1580 = CARTESIAN_POINT ( 'NONE',  ( 12.73219994207041594, -14.45735155629941637, -18.75000000000000355 ) ) ;
#1581 = ORIENTED_EDGE ( 'NONE', *, *, #3034, .F. ) ;
#1582 = EDGE_LOOP ( 'NONE', ( #3132, #2989, #5874 ) ) ;
#1583 = VERTEX_POINT ( 'NONE', #4797 ) ;
#1584 = DIRECTION ( 'NONE',  ( -0.000000000000000000, 0.000000000000000000, -1.000000000000000000 ) ) ;
#1585 = CIRCLE ( 'NONE', #372, 26.50000000000000355 ) ;
#1586 = VERTEX_POINT ( 'NONE', #54 ) ;
#1587 = ADVANCED_FACE ( 'NONE', ( #4255, #5849 ), #3146, .T. ) ;
#1588 = DIRECTION ( 'NONE',  ( 0.000000000000000000, 0.000000000000000000, -1.000000000000000000 ) ) ;
#1589 = CARTESIAN_POINT ( 'NONE',  ( -22.84194004145702905, -13.18780023174851301, -6.750000000000000888 ) ) ;
#1590 = VECTOR ( 'NONE', #1931, 1000.000000000000000 ) ;
#1591 = VERTEX_POINT ( 'NONE', #6349 ) ;
#1592 = DIRECTION ( 'NONE',  ( 0.5000000000000101030, 0.8660254037844328234, 0.000000000000000000 ) ) ;
#1593 = EDGE_CURVE ( 'NONE', #4740, #1846, #2062, .T. ) ;
#1594 = CARTESIAN_POINT ( 'NONE',  ( 19.31240501497811834, -14.03677358004496156, -17.75000000000000711 ) ) ;
#1595 = AXIS2_PLACEMENT_3D ( 'NONE', #605, #2221, #3347 ) ;
#1596 = CARTESIAN_POINT ( 'NONE',  ( -7.535045915596273680, -22.82358522136926027, -18.75000000000000355 ) ) ;
#1597 = EDGE_CURVE ( 'NONE', #3825, #1615, #3319, .T. ) ;
#1598 = CARTESIAN_POINT ( 'NONE',  ( 5.462778987134826458, -17.67553114364416800, -17.75000000000000711 ) ) ;
#1599 = CARTESIAN_POINT ( 'NONE',  ( -15.36324772583625986, -11.75672655608639516, -17.75000000000000355 ) ) ;
#1600 = ORIENTED_EDGE ( 'NONE', *, *, #426, .T. ) ;
#1601 = CIRCLE ( 'NONE', #3931, 1.000000000000000888 ) ;
#1602 = FACE_OUTER_BOUND ( 'NONE', #309, .T. ) ;
#1603 = CARTESIAN_POINT ( 'NONE',  ( 28.45182871386015577, 6.161851725715687955, -6.750000000000000888 ) ) ;
#1604 = CARTESIAN_POINT ( 'NONE',  ( 5.462838518616375261, 17.67551319479637684, -17.75000000000000711 ) ) ;
#1605 = VECTOR ( 'NONE', #6160, 1000.000000000000000 ) ;
#1606 = ORIENTED_EDGE ( 'NONE', *, *, #2754, .T. ) ;
#1607 = EDGE_CURVE ( 'NONE', #1294, #3549, #135, .T. ) ;
#1608 = CARTESIAN_POINT ( 'NONE',  ( -16.15838216916565884, -17.74561032129325255, -18.75000000000000355 ) ) ;
#1609 = PLANE ( 'NONE',  #4789 ) ;
#1610 = EDGE_LOOP ( 'NONE', ( #5577, #6800, #4999 ) ) ;
#1611 = CARTESIAN_POINT ( 'NONE',  ( -12.36402363407681371, 14.38264517870863202, -18.75000000000000711 ) ) ;
#1612 =( BOUNDED_SURFACE ( )  B_SPLINE_SURFACE ( 3, 2, ( 
 ( #5406, #2197, #3812 ),
 ( #5887, #670, #2796 ),
 ( #2266, #6410, #4896 ),
 ( #163, #2300, #3877 ) ),
 .UNSPECIFIED., .F., .F., .T. ) 
 B_SPLINE_SURFACE_WITH_KNOTS ( ( 4, 4 ),
 ( 3, 3 ),
 ( 0.02189357877924648366, 0.02332782765566720692 ),
 ( 0.1879833979367935282, 1.000000000000000000 ),
 .UNSPECIFIED. ) 
 GEOMETRIC_REPRESENTATION_ITEM ( )  RATIONAL_B_SPLINE_SURFACE ( (
 ( 0.9136503078556497126, 0.7703262812246218783, 1.000000000000000000),
 ( 0.9136086307541011475, 0.7702154280801257746, 1.000000000000000000),
 ( 0.9135686483603918662, 0.7701090825353913427, 1.000000000000000000),
 ( 0.9135301692068651391, 0.7700067353229538281, 1.000000000000000000) ) ) 
 REPRESENTATION_ITEM ( '' )  SURFACE ( )  );
#1613 = AXIS2_PLACEMENT_3D ( 'NONE', #3268, #2209, #4398 ) ;
#1614 = CARTESIAN_POINT ( 'NONE',  ( -21.81240501497827822, -9.706646561122457939, -14.25000000000000178 ) ) ;
#1615 = VERTEX_POINT ( 'NONE', #2228 ) ;
#1616 = ORIENTED_EDGE ( 'NONE', *, *, #6554, .T. ) ;
#1617 = ORIENTED_EDGE ( 'NONE', *, *, #4635, .T. ) ;
#1618 = ADVANCED_FACE ( 'NONE', ( #4862 ), #126, .T. ) ;
#1619 = AXIS2_PLACEMENT_3D ( 'NONE', #272, #1264, #4482 ) ;
#1620 = CYLINDRICAL_SURFACE ( 'NONE', #5109, 1.000000000000000888 ) ;
#1621 = VERTEX_POINT ( 'NONE', #6477 ) ;
#1622 = PLANE ( 'NONE',  #6655 ) ;
#1623 = CARTESIAN_POINT ( 'NONE',  ( 23.39122631715943257, 12.45393638089698740, -6.750000000000000888 ) ) ;
#1624 = ORIENTED_EDGE ( 'NONE', *, *, #5968, .T. ) ;
#1625 = CARTESIAN_POINT ( 'NONE',  ( -18.96223448575294768, 22.59831107200982458, -6.750000000000000888 ) ) ;
#1626 = CARTESIAN_POINT ( 'NONE',  ( -7.517512732423186073, -23.49654562555987170, -18.08017044159342746 ) ) ;
#1627 = LINE ( 'NONE', #2717, #2009 ) ;
#1628 = DIRECTION ( 'NONE',  ( 1.000000000000000000, 0.000000000000000000, 0.000000000000000000 ) ) ;
#1629 = B_SPLINE_CURVE_WITH_KNOTS ( 'NONE', 3,
 ( #2162, #4697, #4732, #2021, #5813, #546, #4153, #6379, #4253, #2125 ),
 .UNSPECIFIED., .F., .F.,
 ( 4, 2, 2, 2, 4 ),
 ( 0.000000000000000000, 0.0003697710609445182791, 0.0007395421218890365581, 0.001109313182833554946, 0.001479084243778073116 ),
 .UNSPECIFIED. ) ;
#1630 = CARTESIAN_POINT ( 'NONE',  ( -10.08959422810705497, -27.72093231318435613, 6.750000000000000888 ) ) ;
#1631 = ADVANCED_FACE ( 'NONE', ( #4384 ), #2339, .F. ) ;
#1632 = CARTESIAN_POINT ( 'NONE',  ( -24.52652987999735501, -4.843647772427761566, -17.90510128897909681 ) ) ;
#1633 = ORIENTED_EDGE ( 'NONE', *, *, #199, .F. ) ;
#1634 = CARTESIAN_POINT ( 'NONE',  ( -10.08959422810705497, -27.72093231318435613, -6.750000000000000888 ) ) ;
#1635 = EDGE_CURVE ( 'NONE', #4112, #4803, #5973, .T. ) ;
#1636 = FACE_OUTER_BOUND ( 'NONE', #3914, .T. ) ;
#1637 = CARTESIAN_POINT ( 'NONE',  ( 14.68427343364230175, -11.63889820918767981, -17.98744480439650317 ) ) ;
#1638 = EDGE_CURVE ( 'NONE', #6240, #347, #2683, .T. ) ;
#1639 = VERTEX_POINT ( 'NONE', #2864 ) ;
#1640 = ADVANCED_FACE ( 'NONE', ( #5377 ), #5741, .F. ) ;
#1641 = CARTESIAN_POINT ( 'NONE',  ( -2.500000000000000000, 9.184850993605147944E-16, -17.75000000000001421 ) ) ;
#1642 = CARTESIAN_POINT ( 'NONE',  ( 0.000000000000000000, 0.000000000000000000, -6.750000000000000888 ) ) ;
#1643 = ORIENTED_EDGE ( 'NONE', *, *, #6752, .F. ) ;
#1644 = CARTESIAN_POINT ( 'NONE',  ( -3.061741099483116901, 24.24697646289914843, -18.31174109948312534 ) ) ;
#1645 = CARTESIAN_POINT ( 'NONE',  ( 2.500000000000008882, 23.74342014116752964, -17.75000000000001421 ) ) ;
#1646 = DIRECTION ( 'NONE',  ( 1.000000000000000000, 0.000000000000000000, 0.000000000000000000 ) ) ;
#1647 = VERTEX_POINT ( 'NONE', #6443 ) ;
#1648 = DIRECTION ( 'NONE',  ( -1.000000000000000000, 0.000000000000000000, 0.000000000000000000 ) ) ;
#1649 = ORIENTED_EDGE ( 'NONE', *, *, #416, .F. ) ;
#1650 = VERTEX_POINT ( 'NONE', #4321 ) ;
#1651 = DIRECTION ( 'NONE',  ( 0.4999999999999978906, -0.8660254037844397068, 0.000000000000000000 ) ) ;
#1652 = B_SPLINE_CURVE_WITH_KNOTS ( 'NONE', 3,
 ( #6282, #3108, #6245, #549, #6804, #2659, #3219, #1088, #1507, #5170 ),
 .UNSPECIFIED., .F., .F.,
 ( 4, 2, 2, 2, 4 ),
 ( 0.000000000000000000, 0.0003731557972044646744, 0.0007463115944089293487, 0.001119467391613393915, 0.001492623188817858697 ),
 .UNSPECIFIED. ) ;
#1653 = CARTESIAN_POINT ( 'NONE',  ( 10.87500000000000355, -18.83605253231153753, -18.75000000000000355 ) ) ;
#1654 = EDGE_CURVE ( 'NONE', #1513, #2064, #3239, .T. ) ;
#1655 = CARTESIAN_POINT ( 'NONE',  ( 18.36324772583612130, -6.560574133379981632, -18.75000000000000355 ) ) ;
#1656 = ORIENTED_EDGE ( 'NONE', *, *, #4415, .F. ) ;
#1657 = CARTESIAN_POINT ( 'NONE',  ( -18.00959756134178136, 4.231358609065440035, -17.75000000000000711 ) ) ;
#1658 = FACE_OUTER_BOUND ( 'NONE', #6695, .T. ) ;
#1659 = CARTESIAN_POINT ( 'NONE',  ( 20.31240501497811479, -14.90279898382939905, -14.25000000000000178 ) ) ;
#1660 = DIRECTION ( 'NONE',  ( 0.000000000000000000, -0.000000000000000000, -1.000000000000000000 ) ) ;
#1661 = CARTESIAN_POINT ( 'NONE',  ( -24.43268748899097886, -5.295638022495861463, -17.75000000000000355 ) ) ;
#1662 = VERTEX_POINT ( 'NONE', #90 ) ;
#1663 = VERTEX_POINT ( 'NONE', #1706 ) ;
#1664 = CARTESIAN_POINT ( 'NONE',  ( 12.77500000000000213, -18.83605253231153753, -18.25000000000002487 ) ) ;
#1665 = ADVANCED_FACE ( 'NONE', ( #1194 ), #1612, .F. ) ;
#1666 = CARTESIAN_POINT ( 'NONE',  ( -3.158591105347921424, 18.22910841589211373, -14.13051098493458468 ) ) ;
#1667 = CARTESIAN_POINT ( 'NONE',  ( -0.000000000000000000, 0.000000000000000000, -17.75000000000000355 ) ) ;
#1668 = CYLINDRICAL_SURFACE ( 'NONE', #1509, 1.000000000000000444 ) ;
#1669 = ORIENTED_EDGE ( 'NONE', *, *, #1208, .F. ) ;
#1670 = EDGE_CURVE ( 'NONE', #3648, #4868, #4131, .T. ) ;
#1671 = CARTESIAN_POINT ( 'NONE',  ( 24.44335945131747323, -4.348190822116442256, -18.93308766684213396 ) ) ;
#1672 = CARTESIAN_POINT ( 'NONE',  ( 2.500000000000007105, 19.33907960581371555, -17.75000000000001421 ) ) ;
#1673 = VERTEX_POINT ( 'NONE', #4960 ) ;
#1674 = EDGE_CURVE ( 'NONE', #5533, #6009, #6645, .T. ) ;
#1675 = DIRECTION ( 'NONE',  ( -0.5000000000000039968, -0.8660254037844363761, 0.000000000000000000 ) ) ;
#1676 = CIRCLE ( 'NONE', #1115, 1.000000000000000888 ) ;
#1677 = CIRCLE ( 'NONE', #1779, 24.00000000000000355 ) ;
#1678 = DIRECTION ( 'NONE',  ( -0.000000000000000000, -0.000000000000000000, -1.000000000000000000 ) ) ;
#1679 = ORIENTED_EDGE ( 'NONE', *, *, #460, .F. ) ;
#1680 = CARTESIAN_POINT ( 'NONE',  ( 8.475000000000017408, -18.83605253231153753, -18.75000000000000355 ) ) ;
#1681 = CIRCLE ( 'NONE', #903, 1.200000000000002842 ) ;
#1682 = ORIENTED_EDGE ( 'NONE', *, *, #2355, .F. ) ;
#1683 = VERTEX_POINT ( 'NONE', #3945 ) ;
#1684 = CARTESIAN_POINT ( 'NONE',  ( -0.000000000000000000, 0.000000000000000000, -18.75000000000000355 ) ) ;
#1685 = CARTESIAN_POINT ( 'NONE',  ( -17.69289932036208413, -3.168112913086702065, -18.23527588802608435 ) ) ;
#1686 = AXIS2_PLACEMENT_3D ( 'NONE', #3424, #2335, #5506 ) ;
#1687 = DIRECTION ( 'NONE',  ( 1.000000000000000000, 0.000000000000000000, 0.000000000000000000 ) ) ;
#1688 = DIRECTION ( 'NONE',  ( 0.000000000000000000, 0.000000000000000000, 1.000000000000000000 ) ) ;
#1689 = ORIENTED_EDGE ( 'NONE', *, *, #4639, .T. ) ;
#1690 = CONICAL_SURFACE ( 'NONE', #5989, 1.899999999999999023, 0.7853981633974557175 ) ;
#1691 = DIRECTION ( 'NONE',  ( -0.000000000000000000, -0.000000000000000000, -1.000000000000000000 ) ) ;
#1692 = CARTESIAN_POINT ( 'NONE',  ( 18.03884848934625396, -4.106860193703578688, -17.75000000000000711 ) ) ;
#1693 = VECTOR ( 'NONE', #2987, 1000.000000000000000 ) ;
#1694 = CARTESIAN_POINT ( 'NONE',  ( 1.699197433816952547E-15, -21.75000000000000000, -18.75000000000000355 ) ) ;
#1695 = ORIENTED_EDGE ( 'NONE', *, *, #2486, .T. ) ;
#1696 = CARTESIAN_POINT ( 'NONE',  ( 3.244671039607510021, 18.97036701897873456, -18.49467103960751757 ) ) ;
#1697 = CARTESIAN_POINT ( 'NONE',  ( 0.000000000000000000, 0.000000000000000000, -18.75000000000000355 ) ) ;
#1698 = CARTESIAN_POINT ( 'NONE',  ( 8.157364787408669216, 23.63182907814188738, -17.98974690884337591 ) ) ;
#1699 = VERTEX_POINT ( 'NONE', #803 ) ;
#1700 = CIRCLE ( 'NONE', #4469, 1.500000000000001332 ) ;
#1701 = EDGE_CURVE ( 'NONE', #5619, #1332, #355, .T. ) ;
#1702 = DIRECTION ( 'NONE',  ( 0.000000000000000000, 0.000000000000000000, -1.000000000000000000 ) ) ;
#1703 = FACE_OUTER_BOUND ( 'NONE', #1979, .T. ) ;
#1704 = ORIENTED_EDGE ( 'NONE', *, *, #2012, .F. ) ;
#1705 = DIRECTION ( 'NONE',  ( -1.000000000000000000, 0.000000000000000000, -0.000000000000000000 ) ) ;
#1706 = CARTESIAN_POINT ( 'NONE',  ( 5.340334732698440057, -17.71244830458891428, -17.75000000000000711 ) ) ;
#1707 = AXIS2_PLACEMENT_3D ( 'NONE', #5358, #3731, #4202 ) ;
#1708 = ADVANCED_FACE ( 'NONE', ( #6617 ), #897, .F. ) ;
#1709 = DIRECTION ( 'NONE',  ( 1.734723475976807094E-17, 1.000000000000000000, 0.000000000000000000 ) ) ;
#1710 = ORIENTED_EDGE ( 'NONE', *, *, #653, .T. ) ;
#1711 = B_SPLINE_CURVE_WITH_KNOTS ( 'NONE', 3,
 ( #2361, #6573, #5077, #6505, #1830, #1761, #728, #4953 ),
 .UNSPECIFIED., .F., .F.,
 ( 4, 2, 2, 4 ),
 ( -0.0006247151556717223369, -0.0002596420021041240906, 0.0001054311514634741556, 0.0008355774585986667450 ),
 .UNSPECIFIED. ) ;
#1712 = AXIS2_PLACEMENT_3D ( 'NONE', #3063, #6680, #1032 ) ;
#1713 = CARTESIAN_POINT ( 'NONE',  ( 2.840616007036597335, 24.49522646584405194, -18.09061600703660488 ) ) ;
#1714 = EDGE_LOOP ( 'NONE', ( #6770, #4013, #5233, #5450, #483, #4965 ) ) ;
#1715 = ORIENTED_EDGE ( 'NONE', *, *, #3119, .T. ) ;
#1716 = CARTESIAN_POINT ( 'NONE',  ( -18.50000000000000000, 0.000000000000000000, -5.750000000000000888 ) ) ;
#1717 = LINE ( 'NONE', #3953, #6528 ) ;
#1718 = EDGE_CURVE ( 'NONE', #1916, #6436, #6676, .T. ) ;
#1719 = CARTESIAN_POINT ( 'NONE',  ( 0.000000000000000000, 0.000000000000000000, -6.150000000000001243 ) ) ;
#1720 = CARTESIAN_POINT ( 'NONE',  ( -18.96223448575294768, 22.59831107200982458, -6.750000000000000888 ) ) ;
#1721 = CARTESIAN_POINT ( 'NONE',  ( 0.000000000000000000, 0.000000000000000000, -6.750000000000000888 ) ) ;
#1722 = EDGE_LOOP ( 'NONE', ( #1323, #5070, #1989, #2529 ) ) ;
#1723 = ORIENTED_EDGE ( 'NONE', *, *, #4269, .T. ) ;
#1724 = CARTESIAN_POINT ( 'NONE',  ( 19.79318038735550189, -14.70765885741253420, -18.09061600703659778 ) ) ;
#1725 = DIRECTION ( 'NONE',  ( 0.000000000000000000, -1.000000000000000000, 0.000000000000000000 ) ) ;
#1726 = EDGE_CURVE ( 'NONE', #6138, #1017, #6649, .T. ) ;
#1727 = VECTOR ( 'NONE', #4575, 1000.000000000000000 ) ;
#1728 = CARTESIAN_POINT ( 'NONE',  ( 7.748979407603187930, -23.76907401241658846, -17.75000000000000355 ) ) ;
#1729 = LINE ( 'NONE', #5976, #1053 ) ;
#1730 = EDGE_LOOP ( 'NONE', ( #665, #5365, #130, #5414 ) ) ;
#1731 = ORIENTED_EDGE ( 'NONE', *, *, #6488, .T. ) ;
#1732 = AXIS2_PLACEMENT_3D ( 'NONE', #3769, #6465, #3832 ) ;
#1733 = DIRECTION ( 'NONE',  ( -1.000000000000000000, 0.000000000000000000, 0.000000000000000000 ) ) ;
#1734 = FACE_OUTER_BOUND ( 'NONE', #6509, .T. ) ;
#1735 = CARTESIAN_POINT ( 'NONE',  ( 8.068542922092110103, 23.66242182896976232, -17.90510128897909681 ) ) ;
#1736 = CARTESIAN_POINT ( 'NONE',  ( -8.373534146442707993, 23.30179491847649942, -18.75000000000000355 ) ) ;
#1737 = EDGE_CURVE ( 'NONE', #4937, #4477, #6838, .T. ) ;
#1738 = CARTESIAN_POINT ( 'NONE',  ( -22.63379639439227020, -9.787567608431404054, -18.09061600703659778 ) ) ;
#1739 = CARTESIAN_POINT ( 'NONE',  ( 5.338265050630923270, 17.70680112309824139, -17.74399577602797962 ) ) ;
#1740 = ORIENTED_EDGE ( 'NONE', *, *, #3621, .F. ) ;
#1741 = CARTESIAN_POINT ( 'NONE',  ( -24.43268748899097886, -5.295638022495861463, -17.75000000000000355 ) ) ;
#1742 = CARTESIAN_POINT ( 'NONE',  ( -10.87499999999999645, 18.83605253231154109, -18.25000000000002487 ) ) ;
#1743 = EDGE_CURVE ( 'NONE', #5490, #3261, #5748, .T. ) ;
#1744 = FACE_OUTER_BOUND ( 'NONE', #4456, .T. ) ;
#1745 = ORIENTED_EDGE ( 'NONE', *, *, #1922, .F. ) ;
#1746 = ORIENTED_EDGE ( 'NONE', *, *, #569, .F. ) ;
#1747 = ORIENTED_EDGE ( 'NONE', *, *, #2832, .T. ) ;
#1748 = DIRECTION ( 'NONE',  ( 1.000000000000000000, 0.000000000000000000, 0.000000000000000000 ) ) ;
#1749 = CARTESIAN_POINT ( 'NONE',  ( 12.74853712156808072, 14.75931376684510532, -18.73811982887110617 ) ) ;
#1750 = CARTESIAN_POINT ( 'NONE',  ( -11.92981020395750136, -14.13964739650715252, -18.75000000000000355 ) ) ;
#1751 = DIRECTION ( 'NONE',  ( 0.000000000000000000, 0.000000000000000000, 1.000000000000000000 ) ) ;
#1752 = CARTESIAN_POINT ( 'NONE',  ( 0.000000000000000000, 0.000000000000000000, -18.75000000000000355 ) ) ;
#1753 = ORIENTED_EDGE ( 'NONE', *, *, #1337, .T. ) ;
#1754 = EDGE_CURVE ( 'NONE', #1491, #6638, #5571, .T. ) ;
#1755 = ORIENTED_EDGE ( 'NONE', *, *, #4339, .T. ) ;
#1756 = DIRECTION ( 'NONE',  ( 0.000000000000000000, 0.000000000000000000, 1.000000000000000000 ) ) ;
#1757 = EDGE_CURVE ( 'NONE', #323, #1994, #498, .T. ) ;
#1758 = CARTESIAN_POINT ( 'NONE',  ( -7.630186687767061215, 23.80714705944041398, -17.75000000000000355 ) ) ;
#1759 = CARTESIAN_POINT ( 'NONE',  ( -24.54444671326705318, -4.751429405238164705, -17.98974690884337591 ) ) ;
#1760 = VERTEX_POINT ( 'NONE', #3421 ) ;
#1761 = CARTESIAN_POINT ( 'NONE',  ( -16.21126786224089145, -19.03204318992538546, -18.27517112885533734 ) ) ;
#1762 = CARTESIAN_POINT ( 'NONE',  ( -3.473892795845094028, 24.75807494116289220, -14.12959002566509881 ) ) ;
#1763 = CARTESIAN_POINT ( 'NONE',  ( 7.864438724823551219, 23.73103864649086958, -17.78491152439199752 ) ) ;
#1764 = CARTESIAN_POINT ( 'NONE',  ( -8.106332911537020181, 23.04321566581264236, -18.75000000000000355 ) ) ;
#1765 = VERTEX_POINT ( 'NONE', #2370 ) ;
#1766 = ORIENTED_EDGE ( 'NONE', *, *, #1532, .T. ) ;
#1767 = CARTESIAN_POINT ( 'NONE',  ( 5.684894228234323776, 18.65293482575297190, -18.75000000000000355 ) ) ;
#1768 = ADVANCED_FACE ( 'NONE', ( #4007 ), #1429, .T. ) ;
#1769 = CARTESIAN_POINT ( 'NONE',  ( 16.80250080122391054, 18.51150903694428251, -17.75000000000000355 ) ) ;
#1770 = ORIENTED_EDGE ( 'NONE', *, *, #863, .F. ) ;
#1771 = ORIENTED_EDGE ( 'NONE', *, *, #4021, .T. ) ;
#1772 = VERTEX_POINT ( 'NONE', #4478 ) ;
#1773 = AXIS2_PLACEMENT_3D ( 'NONE', #454, #2671, #4774 ) ;
#1774 = DIRECTION ( 'NONE',  ( 0.000000000000000000, 0.000000000000000000, -1.000000000000000000 ) ) ;
#1775 = EDGE_CURVE ( 'NONE', #5278, #5913, #2910, .T. ) ;
#1776 = CARTESIAN_POINT ( 'NONE',  ( -6.280388743951106356, -17.40134239720752873, -18.75000000000000355 ) ) ;
#1777 = CARTESIAN_POINT ( 'NONE',  ( 7.535045915596273680, 22.82358522136926027, -18.75000000000000355 ) ) ;
#1778 = CIRCLE ( 'NONE', #5867, 1.000000000000000000 ) ;
#1779 = AXIS2_PLACEMENT_3D ( 'NONE', #5155, #1453, #496 ) ;
#1780 = DIRECTION ( 'NONE',  ( -1.000000000000000000, 0.000000000000000000, 0.000000000000000000 ) ) ;
#1781 = CYLINDRICAL_SURFACE ( 'NONE', #1054, 1.200000000000001288 ) ;
#1782 = VERTEX_POINT ( 'NONE', #4621 ) ;
#1783 = ADVANCED_FACE ( 'NONE', ( #2969 ), #3271, .F. ) ;
#1784 = EDGE_CURVE ( 'NONE', #3964, #3295, #4239, .T. ) ;
#1785 = ORIENTED_EDGE ( 'NONE', *, *, #4091, .T. ) ;
#1786 = CARTESIAN_POINT ( 'NONE',  ( -6.280388743951103692, 17.40134239720752873, -18.75000000000000355 ) ) ;
#1787 = CIRCLE ( 'NONE', #259, 2.499999999999988454 ) ;
#1788 = CYLINDRICAL_SURFACE ( 'NONE', #1148, 1.200000000000000178 ) ;
#1789 = EDGE_CURVE ( 'NONE', #4497, #323, #4218, .T. ) ;
#1790 = CARTESIAN_POINT ( 'NONE',  ( -8.466406701436698157, 23.52280670590432621, -18.50777622429792046 ) ) ;
#1791 = APPLICATION_PROTOCOL_DEFINITION ( 'draft international standard', 'automotive_design', 1998, #3446 ) ;
#1792 = AXIS2_PLACEMENT_3D ( 'NONE', #50, #975, #3105 ) ;
#1793 = CIRCLE ( 'NONE', #374, 1.899999999999999023 ) ;
#1794 = ADVANCED_FACE ( 'NONE', ( #5231 ), #3177, .F. ) ;
#1795 = ORIENTED_EDGE ( 'NONE', *, *, #1454, .T. ) ;
#1796 = CARTESIAN_POINT ( 'NONE',  ( 22.69422050278051728, -9.767059809366219980, -18.04329505623529073 ) ) ;
#1797 = CARTESIAN_POINT ( 'NONE',  ( -17.99813422444429989, -7.504476293445587309, -17.75000000000000355 ) ) ;
#1798 = CIRCLE ( 'NONE', #4574, 3.150000000000002576 ) ;
#1799 = EDGE_CURVE ( 'NONE', #449, #6176, #1348, .T. ) ;
#1800 = CARTESIAN_POINT ( 'NONE',  ( -23.11301299445115376, -9.530148937129622411, -14.00997130680876168 ) ) ;
#1801 = ORIENTED_EDGE ( 'NONE', *, *, #6178, .T. ) ;
#1802 = FACE_OUTER_BOUND ( 'NONE', #3986, .T. ) ;
#1803 = CIRCLE ( 'NONE', #3824, 18.50000000000000355 ) ;
#1804 = CARTESIAN_POINT ( 'NONE',  ( 6.280388743951106356, 17.40134239720752873, -18.75000000000000355 ) ) ;
#1805 = B_SPLINE_CURVE_WITH_KNOTS ( 'NONE', 3,
 ( #398, #6748, #1596, #4617, #2004, #6721, #4369, #4915, #656, #4309 ),
 .UNSPECIFIED., .F., .F.,
 ( 4, 2, 2, 2, 4 ),
 ( 8.673617379884035472E-19, 0.0003697710609445206101, 0.0007395421218890403528, 0.001109313182833560150, 0.001479084243778079838 ),
 .UNSPECIFIED. ) ;
#1806 = CARTESIAN_POINT ( 'NONE',  ( -18.83605253231149135, 10.87500000000008704, -18.75000000000000355 ) ) ;
#1807 = DIRECTION ( 'NONE',  ( 0.000000000000000000, 0.000000000000000000, -1.000000000000000000 ) ) ;
#1808 = CARTESIAN_POINT ( 'NONE',  ( 16.61958499765923847, 18.67621331237434390, -17.78489111920823973 ) ) ;
#1809 = ORIENTED_EDGE ( 'NONE', *, *, #3680, .F. ) ;
#1810 = DIRECTION ( 'NONE',  ( -0.000000000000000000, -0.000000000000000000, 1.000000000000000000 ) ) ;
#1811 = ORIENTED_EDGE ( 'NONE', *, *, #5963, .F. ) ;
#1812 = CIRCLE ( 'NONE', #1707, 24.00000000000000355 ) ;
#1813 = ORIENTED_EDGE ( 'NONE', *, *, #3278, .T. ) ;
#1814 = DIRECTION ( 'NONE',  ( -0.000000000000000000, -0.000000000000000000, -1.000000000000000000 ) ) ;
#1815 = CARTESIAN_POINT ( 'NONE',  ( -15.99999999999999645, 1.959434878635764737E-15, -5.950000000000000178 ) ) ;
#1816 = DIRECTION ( 'NONE',  ( -0.000000000000000000, -0.000000000000000000, 1.000000000000000000 ) ) ;
#1817 = CARTESIAN_POINT ( 'NONE',  ( 10.08959422810705497, -27.72093231318435613, -6.750000000000000888 ) ) ;
#1818 = CIRCLE ( 'NONE', #1492, 1.199999999999999734 ) ;
#1819 = FACE_OUTER_BOUND ( 'NONE', #3002, .T. ) ;
#1820 = EDGE_LOOP ( 'NONE', ( #1124, #944 ) ) ;
#1821 = EDGE_CURVE ( 'NONE', #2732, #3648, #2807, .T. ) ;
#1822 = EDGE_LOOP ( 'NONE', ( #2961, #5596, #4744, #5894, #3759, #3362 ) ) ;
#1823 = AXIS2_PLACEMENT_3D ( 'NONE', #5837, #4374, #3241 ) ;
#1824 = CARTESIAN_POINT ( 'NONE',  ( -6.087904348174022928, 18.36610148457831571, -18.75000000000000711 ) ) ;
#1825 = CARTESIAN_POINT ( 'NONE',  ( -12.77500000000000568, -18.83605253231153398, -18.25000000000002132 ) ) ;
#1826 = EDGE_CURVE ( 'NONE', #5336, #3549, #2305, .T. ) ;
#1827 = FACE_OUTER_BOUND ( 'NONE', #3011, .T. ) ;
#1828 = AXIS2_PLACEMENT_3D ( 'NONE', #2039, #1906, #457 ) ;
#1829 = EDGE_LOOP ( 'NONE', ( #5197, #1897, #6109, #6215 ) ) ;
#1830 = CARTESIAN_POINT ( 'NONE',  ( -16.38677203616238387, -18.88066923220616999, -17.99010654519315366 ) ) ;
#1831 = CARTESIAN_POINT ( 'NONE',  ( -27.62195179685291890, 16.15731740011357331, -6.100346232063474261 ) ) ;
#1832 = VECTOR ( 'NONE', #1536, 1000.000000000000000 ) ;
#1833 = CARTESIAN_POINT ( 'NONE',  ( 8.975000000000003197, 18.83605253231153753, -8.750000000000001776 ) ) ;
#1834 = VERTEX_POINT ( 'NONE', #567 ) ;
#1835 = DIRECTION ( 'NONE',  ( -1.000000000000000000, 0.000000000000000000, -0.000000000000000000 ) ) ;
#1836 = AXIS2_PLACEMENT_3D ( 'NONE', #6052, #5528, #799 ) ;
#1837 = EDGE_CURVE ( 'NONE', #2738, #3054, #2458, .T. ) ;
#1838 = ORIENTED_EDGE ( 'NONE', *, *, #5384, .F. ) ;
#1839 = CARTESIAN_POINT ( 'NONE',  ( 13.31580423300479943, -14.25491861741726396, -18.75675132257798339 ) ) ;
#1840 = CARTESIAN_POINT ( 'NONE',  ( 5.338261811194465523, -17.70679228423199447, -17.74398637832836201 ) ) ;
#1841 = EDGE_CURVE ( 'NONE', #4935, #1110, #5535, .T. ) ;
#1842 = CARTESIAN_POINT ( 'NONE',  ( 18.81240501497811479, -14.90279898382939905, -10.75000000000000000 ) ) ;
#1843 = EDGE_CURVE ( 'NONE', #761, #5176, #2577, .T. ) ;
#1844 = CARTESIAN_POINT ( 'NONE',  ( 0.000000000000000000, 0.000000000000000000, -5.750000000000000888 ) ) ;
#1845 = DIRECTION ( 'NONE',  ( 0.000000000000000000, 0.000000000000000000, 1.000000000000000000 ) ) ;
#1846 = VERTEX_POINT ( 'NONE', #1001 ) ;
#1847 = DIRECTION ( 'NONE',  ( 0.000000000000000000, 0.000000000000000000, 1.000000000000000000 ) ) ;
#1848 = EDGE_CURVE ( 'NONE', #5045, #4861, #3138, .T. ) ;
#1849 = ORIENTED_EDGE ( 'NONE', *, *, #868, .F. ) ;
#1850 = CARTESIAN_POINT ( 'NONE',  ( -16.58984904668065141, 18.25862981231049886, -18.08017044162416909 ) ) ;
#1851 = ORIENTED_EDGE ( 'NONE', *, *, #6095, .F. ) ;
#1852 = DIRECTION ( 'NONE',  ( 0.000000000000000000, 0.000000000000000000, 1.000000000000000000 ) ) ;
#1853 = DIRECTION ( 'NONE',  ( -1.000000000000000000, 0.000000000000000000, 0.000000000000000000 ) ) ;
#1854 = DIRECTION ( 'NONE',  ( -0.000000000000000000, -0.000000000000000000, -1.000000000000000000 ) ) ;
#1855 = CARTESIAN_POINT ( 'NONE',  ( 7.778720291461902470, 22.86776260105014913, -18.75000000000000711 ) ) ;
#1856 = DIRECTION ( 'NONE',  ( 0.000000000000000000, 0.000000000000000000, 1.000000000000000000 ) ) ;
#1857 = ORIENTED_EDGE ( 'NONE', *, *, #1084, .F. ) ;
#1858 = VERTEX_POINT ( 'NONE', #1107 ) ;
#1859 = ORIENTED_EDGE ( 'NONE', *, *, #1996, .F. ) ;
#1860 = EDGE_CURVE ( 'NONE', #1332, #5998, #3317, .T. ) ;
#1861 = FACE_OUTER_BOUND ( 'NONE', #1414, .T. ) ;
#1862 = ORIENTED_EDGE ( 'NONE', *, *, #2876, .T. ) ;
#1863 = DIRECTION ( 'NONE',  ( -1.000000000000000000, 0.000000000000000000, 0.000000000000000000 ) ) ;
#1864 = ORIENTED_EDGE ( 'NONE', *, *, #3265, .T. ) ;
#1865 = CARTESIAN_POINT ( 'NONE',  ( 17.36324772582933562, -6.560574133389632578, -17.81134436263193521 ) ) ;
#1866 = CARTESIAN_POINT ( 'NONE',  ( 22.86998030638459056, -9.673459202612336938, -17.91838839031905195 ) ) ;
#1867 = B_SPLINE_CURVE_WITH_KNOTS ( 'NONE', 3,
 ( #2356, #1728, #1182, #2215, #5975, #5395, #5463, #3928 ),
 .UNSPECIFIED., .F., .F.,
 ( 4, 2, 2, 4 ),
 ( -0.0006247151556717204937, -0.0002596420021041223559, 0.0001054311514634757819, 0.0008355774585986668534 ),
 .UNSPECIFIED. ) ;
#1868 = CARTESIAN_POINT ( 'NONE',  ( 0.000000000000000000, -0.000000000000000000, -18.75000000000000355 ) ) ;
#1869 = CARTESIAN_POINT ( 'NONE',  ( 12.48395921820533694, 13.65332350159657082, -17.78405629901138951 ) ) ;
#1870 = CARTESIAN_POINT ( 'NONE',  ( -18.99636252835473726, -4.403204593397854971, -18.75000000000000355 ) ) ;
#1871 = ORIENTED_EDGE ( 'NONE', *, *, #701, .F. ) ;
#1872 = DIRECTION ( 'NONE',  ( 0.5000000000000001110, -0.8660254037844385966, 0.000000000000000000 ) ) ;
#1873 = ORIENTED_EDGE ( 'NONE', *, *, #431, .T. ) ;
#1874 = CARTESIAN_POINT ( 'NONE',  ( -8.068542922092110103, -23.66242182896976232, -17.90510128897909681 ) ) ;
#1875 = DIRECTION ( 'NONE',  ( -0.000000000000000000, -0.000000000000000000, -1.000000000000000000 ) ) ;
#1876 = APPLICATION_CONTEXT ( 'automotive_design' ) ;
#1877 = ADVANCED_FACE ( 'NONE', ( #1734 ), #2234, .F. ) ;
#1878 = CARTESIAN_POINT ( 'NONE',  ( -18.32594876222467661, 3.310997734080311616, -18.75000000000000355 ) ) ;
#1879 = DIRECTION ( 'NONE',  ( -1.000000000000000000, 0.000000000000000000, 0.000000000000000000 ) ) ;
#1880 = ORIENTED_EDGE ( 'NONE', *, *, #4071, .T. ) ;
#1881 = ORIENTED_EDGE ( 'NONE', *, *, #6335, .T. ) ;
#1882 = ADVANCED_FACE ( 'NONE', ( #224 ), #1235, .T. ) ;
#1883 = DIRECTION ( 'NONE',  ( -0.000000000000000000, -0.000000000000000000, -1.000000000000000000 ) ) ;
#1884 = ORIENTED_EDGE ( 'NONE', *, *, #782, .T. ) ;
#1885 = FACE_OUTER_BOUND ( 'NONE', #3647, .T. ) ;
#1886 = DIRECTION ( 'NONE',  ( 1.000000000000000000, 0.000000000000000000, 0.000000000000000000 ) ) ;
#1887 = FACE_OUTER_BOUND ( 'NONE', #4410, .T. ) ;
#1888 = DIRECTION ( 'NONE',  ( 0.8660254037844432595, 0.4999999999999919509, -0.000000000000000000 ) ) ;
#1889 = ORIENTED_EDGE ( 'NONE', *, *, #5392, .F. ) ;
#1890 = ORIENTED_EDGE ( 'NONE', *, *, #340, .F. ) ;
#1891 = ORIENTED_EDGE ( 'NONE', *, *, #739, .T. ) ;
#1892 = CARTESIAN_POINT ( 'NONE',  ( 17.21277491685818717, -9.937800231748504132, -5.250000000000000000 ) ) ;
#1893 = FACE_OUTER_BOUND ( 'NONE', #1093, .T. ) ;
#1894 = AXIS2_PLACEMENT_3D ( 'NONE', #6618, #3333, #136 ) ;
#1895 = CARTESIAN_POINT ( 'NONE',  ( 18.11981512571184538, 26.37560046349701892, 6.750000000000000888 ) ) ;
#1896 = ORIENTED_EDGE ( 'NONE', *, *, #304, .F. ) ;
#1897 = ORIENTED_EDGE ( 'NONE', *, *, #1754, .T. ) ;
#1898 = AXIS2_PLACEMENT_3D ( 'NONE', #4822, #82, #4314 ) ;
#1899 = CARTESIAN_POINT ( 'NONE',  ( 22.75362255455987537, -9.740530318314176483, -17.99919408963839373 ) ) ;
#1900 = CARTESIAN_POINT ( 'NONE',  ( 8.975000000000003197, -18.83605253231153753, -18.25000000000002487 ) ) ;
#1901 = FACE_OUTER_BOUND ( 'NONE', #2248, .T. ) ;
#1902 = CIRCLE ( 'NONE', #480, 19.50000000000000000 ) ;
#1903 = AXIS2_PLACEMENT_3D ( 'NONE', #677, #4420, #1167 ) ;
#1904 = CARTESIAN_POINT ( 'NONE',  ( 0.000000000000000000, 0.000000000000000000, -17.75000000000000355 ) ) ;
#1905 = ORIENTED_EDGE ( 'NONE', *, *, #2144, .T. ) ;
#1906 = DIRECTION ( 'NONE',  ( -0.000000000000000000, -0.000000000000000000, 1.000000000000000000 ) ) ;
#1907 = AXIS2_PLACEMENT_3D ( 'NONE', #3768, #4751, #599 ) ;
#1908 = CARTESIAN_POINT ( 'NONE',  ( 27.26881995800489733, 16.74632411561634271, -6.231158178779198309 ) ) ;
#1909 = CARTESIAN_POINT ( 'NONE',  ( 16.14683421618021342, -19.08617791039745626, -18.51171498810927929 ) ) ;
#1910 = LINE ( 'NONE', #1327, #2719 ) ;
#1911 = CARTESIAN_POINT ( 'NONE',  ( -24.61327301392679345, -4.380272998558801589, -18.75000000000000355 ) ) ;
#1912 = VECTOR ( 'NONE', #6058, 1000.000000000000000 ) ;
#1913 = CARTESIAN_POINT ( 'NONE',  ( 18.00959756134184175, 4.231358609065186016, -17.75000000000000711 ) ) ;
#1914 = CARTESIAN_POINT ( 'NONE',  ( -17.73735677371308483, -6.787585637072492517, -18.24045679478919979 ) ) ;
#1915 = VERTEX_POINT ( 'NONE', #4884 ) ;
#1916 = VERTEX_POINT ( 'NONE', #5434 ) ;
#1917 = ORIENTED_EDGE ( 'NONE', *, *, #3548, .F. ) ;
#1918 = CARTESIAN_POINT ( 'NONE',  ( -17.07685993093764409, -7.116763907486909346, -13.75000000000000355 ) ) ;
#1919 = CARTESIAN_POINT ( 'NONE',  ( 18.81240501497811479, -14.90279898382939905, -14.25000000000000178 ) ) ;
#1920 = CIRCLE ( 'NONE', #4465, 18.50000000000000000 ) ;
#1921 = CARTESIAN_POINT ( 'NONE',  ( 19.00457851044375346, -4.404636370888056263, -18.75832709176700419 ) ) ;
#1922 = EDGE_CURVE ( 'NONE', #3866, #5028, #5369, .T. ) ;
#1923 = DIRECTION ( 'NONE',  ( -1.000000000000000000, 0.000000000000000000, 0.000000000000000000 ) ) ;
#1924 = EDGE_LOOP ( 'NONE', ( #2164, #6743 ) ) ;
#1925 = CIRCLE ( 'NONE', #3386, 1.500000000000001776 ) ;
#1926 = ORIENTED_EDGE ( 'NONE', *, *, #3068, .T. ) ;
#1927 = VERTEX_POINT ( 'NONE', #6434 ) ;
#1928 = EDGE_CURVE ( 'NONE', #6320, #104, #4954, .T. ) ;
#1929 = CARTESIAN_POINT ( 'NONE',  ( -19.59625522393575991, -15.52374894148867490, -10.75000000000000000 ) ) ;
#1930 = EDGE_CURVE ( 'NONE', #2629, #168, #3468, .T. ) ;
#1931 = DIRECTION ( 'NONE',  ( 0.000000000000000000, 0.000000000000000000, -1.000000000000000000 ) ) ;
#1932 = CARTESIAN_POINT ( 'NONE',  ( 0.000000000000000000, 0.000000000000000000, 0.000000000000000000 ) ) ;
#1933 = ORIENTED_EDGE ( 'NONE', *, *, #1593, .F. ) ;
#1934 = AXIS2_PLACEMENT_3D ( 'NONE', #6432, #2758, #4282 ) ;
#1935 = DIRECTION ( 'NONE',  ( 0.000000000000000000, 0.000000000000000000, -1.000000000000000000 ) ) ;
#1936 = DIRECTION ( 'NONE',  ( -0.000000000000000000, -0.000000000000000000, -1.000000000000000000 ) ) ;
#1937 = DIRECTION ( 'NONE',  ( -1.000000000000000000, 0.000000000000000000, -0.000000000000000000 ) ) ;
#1938 = VECTOR ( 'NONE', #108, 1000.000000000000000 ) ;
#1939 = CARTESIAN_POINT ( 'NONE',  ( 0.000000000000000000, 0.000000000000000000, -6.950000000000000178 ) ) ;
#1940 = EDGE_LOOP ( 'NONE', ( #4446, #2838 ) ) ;
#1941 = CONICAL_SURFACE ( 'NONE', #1619, 1.899999999999999023, 0.7853981633974561616 ) ;
#1942 = CARTESIAN_POINT ( 'NONE',  ( 12.24184648959015043, -14.51531925536043133, -19.24829548201505247 ) ) ;
#1943 = CARTESIAN_POINT ( 'NONE',  ( 16.45798695790511701, -18.81877405654185509, -17.90510128897910391 ) ) ;
#1944 = DIRECTION ( 'NONE',  ( -0.000000000000000000, -0.000000000000000000, 1.000000000000000000 ) ) ;
#1945 = ADVANCED_FACE ( 'NONE', ( #2821 ), #1457, .F. ) ;
#1946 = CARTESIAN_POINT ( 'NONE',  ( -15.00000000000000000, 1.836970198721029589E-15, -18.85547895472983626 ) ) ;
#1947 = LINE ( 'NONE', #5994, #2353 ) ;
#1948 = CARTESIAN_POINT ( 'NONE',  ( 0.000000000000000000, 0.000000000000000000, -18.75000000000000355 ) ) ;
#1949 = ORIENTED_EDGE ( 'NONE', *, *, #1928, .T. ) ;
#1950 = ORIENTED_EDGE ( 'NONE', *, *, #4030, .F. ) ;
#1951 = ORIENTED_EDGE ( 'NONE', *, *, #1860, .F. ) ;
#1952 = CARTESIAN_POINT ( 'NONE',  ( -17.12575127438577027, -6.998118065583283531, -13.77982472411432369 ) ) ;
#1953 = CARTESIAN_POINT ( 'NONE',  ( 3.499999999999995559, 23.74342014116753674, -18.75000000000000355 ) ) ;
#1954 = CARTESIAN_POINT ( 'NONE',  ( -22.79765700022789332, -10.25996273384850888, -13.75000000000000178 ) ) ;
#1955 = CARTESIAN_POINT ( 'NONE',  ( 23.97274941164110018, 17.47798002192075373, -6.750000000000000888 ) ) ;
#1956 = CARTESIAN_POINT ( 'NONE',  ( 12.36402363407691674, -14.38264517870854498, -18.75000000000000711 ) ) ;
#1957 = ORIENTED_EDGE ( 'NONE', *, *, #5970, .F. ) ;
#1958 = ORIENTED_EDGE ( 'NONE', *, *, #2829, .F. ) ;
#1959 = ORIENTED_EDGE ( 'NONE', *, *, #5171, .T. ) ;
#1960 = EDGE_CURVE ( 'NONE', #1846, #1621, #5351, .T. ) ;
#1961 = EDGE_CURVE ( 'NONE', #3876, #2338, #3808, .T. ) ;
#1962 = CARTESIAN_POINT ( 'NONE',  ( 14.92103390953509923, -10.93676126970428797, -5.950000000000000178 ) ) ;
#1963 = SURFACE_SIDE_STYLE ('',( #3086 ) ) ;
#1964 = DIRECTION ( 'NONE',  ( -0.000000000000000000, -0.000000000000000000, -1.000000000000000000 ) ) ;
#1965 = EDGE_CURVE ( 'NONE', #275, #6668, #3805, .T. ) ;
#1966 = CARTESIAN_POINT ( 'NONE',  ( 12.77499999999999858, 18.83605253231153753, -8.750000000000001776 ) ) ;
#1967 = EDGE_LOOP ( 'NONE', ( #1849, #3990, #4228, #2741 ) ) ;
#1968 = EDGE_LOOP ( 'NONE', ( #3510, #2674, #3806, #484 ) ) ;
#1969 = CARTESIAN_POINT ( 'NONE',  ( -14.71277491685818362, -9.937800231748505908, -5.250000000000000000 ) ) ;
#1970 = EDGE_CURVE ( 'NONE', #3361, #3426, #4047, .T. ) ;
#1971 = DIRECTION ( 'NONE',  ( -0.000000000000000000, -0.000000000000000000, -1.000000000000000000 ) ) ;
#1972 = CARTESIAN_POINT ( 'NONE',  ( -23.97274941164085860, 17.47798002192110189, -6.750000000000000888 ) ) ;
#1973 = FACE_OUTER_BOUND ( 'NONE', #4493, .T. ) ;
#1974 = EDGE_LOOP ( 'NONE', ( #6772, #1347, #5390 ) ) ;
#1975 = LINE ( 'NONE', #4107, #3504 ) ;
#1976 = CARTESIAN_POINT ( 'NONE',  ( 16.10006419922644483, -19.12558320106309750, -18.75000000000000355 ) ) ;
#1977 = DIRECTION ( 'NONE',  ( 0.000000000000000000, 0.000000000000000000, 1.000000000000000000 ) ) ;
#1978 = CARTESIAN_POINT ( 'NONE',  ( -23.79322571446555301, 4.620597302489408698, -18.75000000000000355 ) ) ;
#1979 = EDGE_LOOP ( 'NONE', ( #5566, #1250, #3118 ) ) ;
#1980 = ORIENTED_EDGE ( 'NONE', *, *, #4848, .F. ) ;
#1981 = EDGE_CURVE ( 'NONE', #723, #802, #1222, .T. ) ;
#1982 = DIRECTION ( 'NONE',  ( -0.000000000000000000, -0.000000000000000000, -1.000000000000000000 ) ) ;
#1983 = CARTESIAN_POINT ( 'NONE',  ( 17.02513939148356314, -7.238413410448087504, -13.75000000000000178 ) ) ;
#1984 = B_SPLINE_CURVE_WITH_KNOTS ( 'NONE', 3,
 ( #3774, #1151, #3383, #118, #5371, #1698, #1735, #1763, #6470, #4856 ),
 .UNSPECIFIED., .F., .F.,
 ( 4, 2, 2, 2, 4 ),
 ( -0.0009489708195408632762, -0.0005792780970374664063, -0.0002095853745340695365, 0.0001601073479693272249, 0.0005298000704727242032 ),
 .UNSPECIFIED. ) ;
#1985 = CARTESIAN_POINT ( 'NONE',  ( 7.534420914529482260, -22.82356465530928347, -18.75000000000000355 ) ) ;
#1986 = CARTESIAN_POINT ( 'NONE',  ( -19.71277491685818362, -9.937800231748505908, -6.750000000000000888 ) ) ;
#1987 = DIRECTION ( 'NONE',  ( 0.000000000000000000, 0.000000000000000000, -1.000000000000000000 ) ) ;
#1988 = ORIENTED_EDGE ( 'NONE', *, *, #1463, .T. ) ;
#1989 = ORIENTED_EDGE ( 'NONE', *, *, #4817, .T. ) ;
#1990 = ORIENTED_EDGE ( 'NONE', *, *, #304, .T. ) ;
#1991 = DIRECTION ( 'NONE',  ( -0.000000000000000000, -0.000000000000000000, 1.000000000000000000 ) ) ;
#1992 = DIRECTION ( 'NONE',  ( 0.000000000000000000, 0.000000000000000000, 1.000000000000000000 ) ) ;
#1993 = EDGE_CURVE ( 'NONE', #285, #1639, #2346, .T. ) ;
#1994 = VERTEX_POINT ( 'NONE', #2725 ) ;
#1995 = CARTESIAN_POINT ( 'NONE',  ( -1.250000000000010214, -2.165063509461091495, -13.75000000000000178 ) ) ;
#1996 = EDGE_CURVE ( 'NONE', #5667, #1230, #5093, .T. ) ;
#1997 = ORIENTED_EDGE ( 'NONE', *, *, #115, .F. ) ;
#1998 = ORIENTED_EDGE ( 'NONE', *, *, #1380, .F. ) ;
#1999 = CARTESIAN_POINT ( 'NONE',  ( -6.046664279804225828, 17.48412908991418035, -18.17164737662105622 ) ) ;
#2000 = AXIS2_PLACEMENT_3D ( 'NONE', #2276, #5933, #1202 ) ;
#2001 = CARTESIAN_POINT ( 'NONE',  ( -16.15838216916565884, -17.74561032129325255, -18.75000000000000355 ) ) ;
#2002 = AXIS2_PLACEMENT_3D ( 'NONE', #6237, #3073, #3634 ) ;
#2003 = CARTESIAN_POINT ( 'NONE',  ( -19.00302376806551763, -4.404365428893802559, -18.75675132257798339 ) ) ;
#2004 = CARTESIAN_POINT ( 'NONE',  ( -7.895879654343908705, -22.91623944588600281, -18.75000000000000355 ) ) ;
#2005 = EDGE_CURVE ( 'NONE', #5090, #2022, #2393, .T. ) ;
#2006 = FACE_BOUND ( 'NONE', #5641, .T. ) ;
#2007 = ORIENTED_EDGE ( 'NONE', *, *, #119, .F. ) ;
#2008 = CIRCLE ( 'NONE', #797, 0.5000000000000004441 ) ;
#2009 = VECTOR ( 'NONE', #5907, 1000.000000000000000 ) ;
#2010 =( BOUNDED_SURFACE ( )  B_SPLINE_SURFACE ( 3, 2, ( 
 ( #5100, #5138, #3079 ),
 ( #4559, #3009, #2979 ),
 ( #2487, #4659, #6629 ),
 ( #3609, #415, #949 ) ),
 .UNSPECIFIED., .F., .F., .F. ) 
 B_SPLINE_SURFACE_WITH_KNOTS ( ( 4, 4 ),
 ( 3, 3 ),
 ( 0.02292256358953807110, 0.02435681235376888076 ),
 ( 0.1879833979367900865, 1.000000000000000000 ),
 .UNSPECIFIED. ) 
 GEOMETRIC_REPRESENTATION_ITEM ( )  RATIONAL_B_SPLINE_SURFACE ( (
 ( 0.9136503078556503787, 0.7703262812246193247, 1.000000000000000000),
 ( 0.9136086307541293472, 0.7702154280801967179, 1.000000000000000000),
 ( 0.9135686483603968622, 0.7701090825354004465, 1.000000000000000000),
 ( 0.9135301692068662494, 0.7700067353229526068, 1.000000000000000000) ) ) 
 REPRESENTATION_ITEM ( '' )  SURFACE ( )  );
#2011 = DIRECTION ( 'NONE',  ( -1.000000000000000000, 0.000000000000000000, 0.000000000000000000 ) ) ;
#2012 = EDGE_CURVE ( 'NONE', #4828, #1294, #832, .T. ) ;
#2013 = CARTESIAN_POINT ( 'NONE',  ( 6.450251724055267921, -17.86089211725581904, -19.24987166243553460 ) ) ;
#2014 = AXIS2_PLACEMENT_3D ( 'NONE', #6619, #2437, #4963 ) ;
#2015 = AXIS2_PLACEMENT_3D ( 'NONE', #6357, #2708, #4742 ) ;
#2016 = CARTESIAN_POINT ( 'NONE',  ( -8.456036013346828639, 23.34266565012780958, -18.93308766642396179 ) ) ;
#2017 = DIRECTION ( 'NONE',  ( -0.000000000000000000, -0.000000000000000000, -1.000000000000000000 ) ) ;
#2018 = CYLINDRICAL_SURFACE ( 'NONE', #3406, 1.000000000000000888 ) ;
#2019 = ORIENTED_EDGE ( 'NONE', *, *, #6046, .T. ) ;
#2020 = CIRCLE ( 'NONE', #4453, 2.500000000000000444 ) ;
#2021 = CARTESIAN_POINT ( 'NONE',  ( 15.91470319449010340, -18.17045068186465073, -18.75000000000000711 ) ) ;
#2022 = VERTEX_POINT ( 'NONE', #4573 ) ;
#2023 = CARTESIAN_POINT ( 'NONE',  ( -12.48523418501304683, 14.42096295303613651, -18.75000000000000355 ) ) ;
#2024 = CARTESIAN_POINT ( 'NONE',  ( -12.77500000000000568, -18.83605253231153398, -18.25000000000002132 ) ) ;
#2025 = EDGE_CURVE ( 'NONE', #347, #4952, #6011, .T. ) ;
#2026 = CIRCLE ( 'NONE', #2925, 1.500000000000001332 ) ;
#2027 = CARTESIAN_POINT ( 'NONE',  ( 18.32594876222470504, -3.310997734080185051, -18.75000000000000355 ) ) ;
#2028 = ORIENTED_EDGE ( 'NONE', *, *, #1775, .T. ) ;
#2029 = ORIENTED_EDGE ( 'NONE', *, *, #3459, .F. ) ;
#2030 = CIRCLE ( 'NONE', #5889, 1.200000000000000178 ) ;
#2031 = ORIENTED_EDGE ( 'NONE', *, *, #5051, .F. ) ;
#2032 = CARTESIAN_POINT ( 'NONE',  ( -2.804130158148759655, 18.45779813819384074, -17.91942578097492955 ) ) ;
#2033 = DIRECTION ( 'NONE',  ( 0.000000000000000000, 0.000000000000000000, 1.000000000000000000 ) ) ;
#2034 = CARTESIAN_POINT ( 'NONE',  ( 2.243919799199864507, 18.36340992121993310, -13.75000000000000178 ) ) ;
#2035 = DIRECTION ( 'NONE',  ( 0.000000000000000000, 0.000000000000000000, 1.000000000000000000 ) ) ;
#2036 = ORIENTED_EDGE ( 'NONE', *, *, #452, .F. ) ;
#2037 = EDGE_CURVE ( 'NONE', #5000, #3435, #4471, .T. ) ;
#2038 = DIRECTION ( 'NONE',  ( -0.000000000000000000, -0.000000000000000000, -1.000000000000000000 ) ) ;
#2039 = CARTESIAN_POINT ( 'NONE',  ( 0.000000000000000000, 0.000000000000000000, -5.950000000000000178 ) ) ;
#2040 = ORIENTED_EDGE ( 'NONE', *, *, #9, .T. ) ;
#2041 = DIRECTION ( 'NONE',  ( 0.000000000000000000, 0.000000000000000000, -1.000000000000000000 ) ) ;
#2042 = AXIS2_PLACEMENT_3D ( 'NONE', #4726, #438, #2011 ) ;
#2043 = DIRECTION ( 'NONE',  ( 0.000000000000000000, 0.000000000000000000, 1.000000000000000000 ) ) ;
#2044 = CYLINDRICAL_SURFACE ( 'NONE', #5146, 1.500000000000001776 ) ;
#2045 = CARTESIAN_POINT ( 'NONE',  ( -0.000000000000000000, 0.000000000000000000, -17.75000000000000355 ) ) ;
#2046 = EDGE_CURVE ( 'NONE', #6738, #4956, #6499, .T. ) ;
#2047 = DIRECTION ( 'NONE',  ( -0.000000000000000000, -0.000000000000000000, 1.000000000000000000 ) ) ;
#2048 = CARTESIAN_POINT ( 'NONE',  ( 0.000000000000000000, 0.000000000000000000, -17.75000000000000355 ) ) ;
#2049 = B_SPLINE_CURVE_WITH_KNOTS ( 'NONE', 3,
 ( #434, #5663, #6155, #931, #3126, #6746, #5696, #4204, #495, #2001 ),
 .UNSPECIFIED., .F., .F.,
 ( 4, 2, 2, 2, 4 ),
 ( 0.000000000000000000, 0.0003692409471152340679, 0.0007384818942304681357, 0.001107722841345702095, 0.001476963788460936271 ),
 .UNSPECIFIED. ) ;
#2050 = ORIENTED_EDGE ( 'NONE', *, *, #5306, .F. ) ;
#2051 = VECTOR ( 'NONE', #5915, 1000.000000000000000 ) ;
#2052 = CARTESIAN_POINT ( 'NONE',  ( -17.21277491685818362, -9.937800231748505908, -5.250000000000000000 ) ) ;
#2053 = CARTESIAN_POINT ( 'NONE',  ( 18.99636252835468042, -4.403204593398121425, -18.75000000000000355 ) ) ;
#2054 = VECTOR ( 'NONE', #6816, 1000.000000000000000 ) ;
#2055 = DIRECTION ( 'NONE',  ( 0.000000000000000000, 0.000000000000000000, 1.000000000000000000 ) ) ;
#2056 = CARTESIAN_POINT ( 'NONE',  ( -17.29765495783236418, -6.560574133395446594, -14.00243110698344573 ) ) ;
#2057 = EDGE_CURVE ( 'NONE', #6311, #2457, #3729, .T. ) ;
#2058 =( BOUNDED_SURFACE ( )  B_SPLINE_SURFACE ( 3, 2, ( 
 ( #3264, #3155, #5352 ),
 ( #3723, #3652, #6255 ),
 ( #1061, #5209, #1024 ),
 ( #556, #1749, #5934 ) ),
 .UNSPECIFIED., .F., .F., .F. ) 
 B_SPLINE_SURFACE_WITH_KNOTS ( ( 4, 4 ),
 ( 3, 3 ),
 ( 0.01927081301317757484, 0.02070637700300043474 ),
 ( 0.000000000000000000, 0.7968612588050321133 ),
 .UNSPECIFIED. ) 
 GEOMETRIC_REPRESENTATION_ITEM ( )  RATIONAL_B_SPLINE_SURFACE ( (
 ( 1.000000000000000000, 0.7552910309719301774, 0.9005802561450391153),
 ( 1.000000000000000000, 0.7555082812096366451, 0.9006685200246631329),
 ( 1.000000000000000000, 0.7557130691372272446, 0.9007517207483083377),
 ( 1.000000000000000000, 0.7559073240766998047, 0.9008306421560590138) ) ) 
 REPRESENTATION_ITEM ( '' )  SURFACE ( )  );
#2059 = LINE ( 'NONE', #6277, #1832 ) ;
#2060 = VERTEX_POINT ( 'NONE', #2887 ) ;
#2061 = AXIS2_PLACEMENT_3D ( 'NONE', #2633, #5739, #5103 ) ;
#2062 = B_SPLINE_CURVE_WITH_KNOTS ( 'NONE', 3,
 ( #1011, #5200, #3642, #446, #4736, #2551, #4658, #6766, #5711, #2594 ),
 .UNSPECIFIED., .F., .F.,
 ( 4, 2, 2, 2, 4 ),
 ( 0.000000000000000000, 0.0003692409471152339594, 0.0007384818942304679189, 0.001107722841345701878, 0.001476963788460935838 ),
 .UNSPECIFIED. ) ;
#2063 = CARTESIAN_POINT ( 'NONE',  ( -18.81240501497831730, -14.90279898382913615, -18.75000000000000355 ) ) ;
#2064 = VERTEX_POINT ( 'NONE', #1422 ) ;
#2065 = EDGE_CURVE ( 'NONE', #2442, #6625, #5749, .T. ) ;
#2066 = B_SPLINE_CURVE_WITH_KNOTS ( 'NONE', 3,
 ( #4089, #2943, #6171, #914 ),
 .UNSPECIFIED., .F., .F.,
 ( 4, 4 ),
 ( 4.906538933386797396E-18, 0.001415357249055940484 ),
 .UNSPECIFIED. ) ;
#2067 = DIRECTION ( 'NONE',  ( -1.000000000000000000, 0.000000000000000000, -0.000000000000000000 ) ) ;
#2068 = CARTESIAN_POINT ( 'NONE',  ( -5.454627451423639251, -18.02429822939877369, -18.08156649527050419 ) ) ;
#2069 = EDGE_CURVE ( 'NONE', #5594, #2597, #2398, .T. ) ;
#2070 = CIRCLE ( 'NONE', #4294, 25.00000000000000355 ) ;
#2071 = DIRECTION ( 'NONE',  ( 0.000000000000000000, 0.000000000000000000, 1.000000000000000000 ) ) ;
#2072 = ORIENTED_EDGE ( 'NONE', *, *, #9, .F. ) ;
#2073 = ORIENTED_EDGE ( 'NONE', *, *, #5848, .T. ) ;
#2074 = EDGE_LOOP ( 'NONE', ( #6414, #3058, #2564, #1695 ) ) ;
#2075 = CARTESIAN_POINT ( 'NONE',  ( -0.000000000000000000, 0.000000000000000000, -18.75000000000000355 ) ) ;
#2076 = CARTESIAN_POINT ( 'NONE',  ( 3.159189790464991265, 18.22899918572527511, -14.13095278048457537 ) ) ;
#2077 = ORIENTED_EDGE ( 'NONE', *, *, #4232, .T. ) ;
#2078 = DIRECTION ( 'NONE',  ( -1.000000000000000000, 0.000000000000000000, 0.000000000000000000 ) ) ;
#2079 = CARTESIAN_POINT ( 'NONE',  ( 21.56240501497813611, -10.13965926301498754, -13.75000000000000178 ) ) ;
#2080 = ORIENTED_EDGE ( 'NONE', *, *, #4148, .T. ) ;
#2081 = CARTESIAN_POINT ( 'NONE',  ( 0.000000000000000000, 0.000000000000000000, -6.750000000000000888 ) ) ;
#2082 = CARTESIAN_POINT ( 'NONE',  ( 13.31146830012030513, -14.24973023235500236, -18.75000000000000355 ) ) ;
#2083 = CARTESIAN_POINT ( 'NONE',  ( -19.80563216658338277, -14.77024156980988323, -18.04329505623565666 ) ) ;
#2084 = PLANE ( 'NONE',  #3465 ) ;
#2085 = CARTESIAN_POINT ( 'NONE',  ( -11.97372919051064244, 14.10259235834130465, -18.50272108452413633 ) ) ;
#2086 = DIRECTION ( 'NONE',  ( 0.000000000000000000, 0.000000000000000000, -1.000000000000000000 ) ) ;
#2087 = FACE_OUTER_BOUND ( 'NONE', #969, .T. ) ;
#2088 = ORIENTED_EDGE ( 'NONE', *, *, #3286, .F. ) ;
#2089 = CARTESIAN_POINT ( 'NONE',  ( -21.81240501497827822, -9.706646561122457939, -17.75000000000000355 ) ) ;
#2090 = CARTESIAN_POINT ( 'NONE',  ( 23.97274941164110018, 17.47798002192075373, -6.750000000000000888 ) ) ;
#2091 = CYLINDRICAL_SURFACE ( 'NONE', #2150, 1.199999999999999734 ) ;
#2092 = ORIENTED_EDGE ( 'NONE', *, *, #330, .F. ) ;
#2093 = EDGE_CURVE ( 'NONE', #847, #1081, #893, .T. ) ;
#2094 = LINE ( 'NONE', #4216, #2964 ) ;
#2095 = ORIENTED_EDGE ( 'NONE', *, *, #1961, .F. ) ;
#2096 = CARTESIAN_POINT ( 'NONE',  ( 17.42154271425477674, -6.224134434232293955, -14.25000000000000178 ) ) ;
#2097 = ORIENTED_EDGE ( 'NONE', *, *, #855, .T. ) ;
#2098 = CARTESIAN_POINT ( 'NONE',  ( 23.53299725367918782, -4.886782412867437309, -18.75000000000000355 ) ) ;
#2099 = EDGE_CURVE ( 'NONE', #6037, #5215, #5322, .T. ) ;
#2100 = DIRECTION ( 'NONE',  ( -0.4999999999999919509, 0.8660254037844432595, 0.000000000000000000 ) ) ;
#2101 = EDGE_CURVE ( 'NONE', #1650, #79, #6318, .T. ) ;
#2102 = CARTESIAN_POINT ( 'NONE',  ( 18.94946262821490635, -3.910770920960794594, -18.75000000000000711 ) ) ;
#2103 = ORIENTED_EDGE ( 'NONE', *, *, #3915, .T. ) ;
#2104 = ORIENTED_EDGE ( 'NONE', *, *, #913, .T. ) ;
#2105 = EDGE_LOOP ( 'NONE', ( #1746, #1573, #3410, #311, #6466, #6330 ) ) ;
#2106 = FACE_BOUND ( 'NONE', #2196, .T. ) ;
#2107 = ADVANCED_FACE ( 'NONE', ( #5018 ), #2120, .T. ) ;
#2108 = ORIENTED_EDGE ( 'NONE', *, *, #1510, .F. ) ;
#2109 = DIRECTION ( 'NONE',  ( -1.000000000000000000, 0.000000000000000000, 0.000000000000000000 ) ) ;
#2110 = CARTESIAN_POINT ( 'NONE',  ( -8.606387458429091808, -4.968900115874252954, -5.950000000000000178 ) ) ;
#2111 = VERTEX_POINT ( 'NONE', #6608 ) ;
#2112 = CARTESIAN_POINT ( 'NONE',  ( 0.000000000000000000, 19.87560046349701892, -6.150000000000001243 ) ) ;
#2113 = CYLINDRICAL_SURFACE ( 'NONE', #2695, 15.99999999999999645 ) ;
#2114 = DIRECTION ( 'NONE',  ( 0.000000000000000000, 0.000000000000000000, 1.000000000000000000 ) ) ;
#2115 = DIRECTION ( 'NONE',  ( 0.000000000000000000, 0.000000000000000000, 1.000000000000000000 ) ) ;
#2116 = CARTESIAN_POINT ( 'NONE',  ( -17.42171823803891328, -6.897504725057255648, -17.98744480439649607 ) ) ;
#2117 = ORIENTED_EDGE ( 'NONE', *, *, #2825, .T. ) ;
#2118 = CARTESIAN_POINT ( 'NONE',  ( 5.684894228234323776, 18.65293482575297190, -18.75000000000000355 ) ) ;
#2119 = CARTESIAN_POINT ( 'NONE',  ( -2.737444804396491183, 18.53640293424503582, -17.98744480439650317 ) ) ;
#2120 = CONICAL_SURFACE ( 'NONE', #4561, 25.00000000000001066, 0.7853981633974466137 ) ;
#2121 = CIRCLE ( 'NONE', #5980, 1.199999999999999734 ) ;
#2122 = ORIENTED_EDGE ( 'NONE', *, *, #1718, .T. ) ;
#2123 = EDGE_CURVE ( 'NONE', #4828, #3296, #3354, .T. ) ;
#2124 = CARTESIAN_POINT ( 'NONE',  ( -16.27030280173078225, 18.98112727404141964, -18.17914030857284757 ) ) ;
#2125 = CARTESIAN_POINT ( 'NONE',  ( 16.10006419922644483, -19.12558320106309750, -18.75000000000000355 ) ) ;
#2126 = CIRCLE ( 'NONE', #902, 0.4999999999999999445 ) ;
#2127 = ORIENTED_EDGE ( 'NONE', *, *, #157, .F. ) ;
#2128 = AXIS2_PLACEMENT_3D ( 'NONE', #6837, #92, #3782 ) ;
#2129 = DIRECTION ( 'NONE',  ( -0.000000000000000000, -0.000000000000000000, -1.000000000000000000 ) ) ;
#2130 = CARTESIAN_POINT ( 'NONE',  ( 0.000000000000000000, 0.000000000000000000, -17.75000000000000711 ) ) ;
#2131 = CARTESIAN_POINT ( 'NONE',  ( -6.175583984874925214, -17.78408103608562385, -18.06048926113470188 ) ) ;
#2132 = CIRCLE ( 'NONE', #1792, 1.899999999999999023 ) ;
#2133 = ORIENTED_EDGE ( 'NONE', *, *, #1965, .T. ) ;
#2134 = ORIENTED_EDGE ( 'NONE', *, *, #6329, .F. ) ;
#2135 = ORIENTED_EDGE ( 'NONE', *, *, #247, .F. ) ;
#2136 = CARTESIAN_POINT ( 'NONE',  ( -17.21277491685818362, -9.937800231748505908, -5.250000000000000000 ) ) ;
#2137 = AXIS2_PLACEMENT_3D ( 'NONE', #5560, #2425, #6151 ) ;
#2138 = ADVANCED_FACE ( 'NONE', ( #1352, #5564 ), #2963, .T. ) ;
#2139 = CARTESIAN_POINT ( 'NONE',  ( 12.77499999999999858, 18.83605253231153753, -18.24999999999999645 ) ) ;
#2140 = EDGE_LOOP ( 'NONE', ( #4003, #3991, #204, #2029 ) ) ;
#2141 = FACE_OUTER_BOUND ( 'NONE', #3451, .T. ) ;
#2142 = DIRECTION ( 'NONE',  ( -1.000000000000000000, 0.000000000000000000, -0.000000000000000000 ) ) ;
#2143 = AXIS2_PLACEMENT_3D ( 'NONE', #4513, #4044, #4581 ) ;
#2144 = EDGE_CURVE ( 'NONE', #33, #5090, #1778, .T. ) ;
#2145 = EDGE_LOOP ( 'NONE', ( #5509, #4664, #443, #668 ) ) ;
#2146 = CARTESIAN_POINT ( 'NONE',  ( -13.31681624684389220, -14.25612959281602699, -18.75832709176700064 ) ) ;
#2147 = CARTESIAN_POINT ( 'NONE',  ( -14.10102989374210125, -11.97543134654413066, -14.25000000000000178 ) ) ;
#2148 = CARTESIAN_POINT ( 'NONE',  ( 25.54774941164107815, 14.74999999999975842, -6.750000000000000888 ) ) ;
#2149 = ADVANCED_FACE ( 'NONE', ( #1098 ), #6361, .F. ) ;
#2150 = AXIS2_PLACEMENT_3D ( 'NONE', #1002, #5232, #439 ) ;
#2151 = CARTESIAN_POINT ( 'NONE',  ( 19.59625522393553254, -15.52374894148895379, -10.75000000000000000 ) ) ;
#2152 = EDGE_CURVE ( 'NONE', #1017, #1765, #3578, .T. ) ;
#2153 = CARTESIAN_POINT ( 'NONE',  ( 28.45182871386015577, 6.161851725715687955, -5.249999999999999112 ) ) ;
#2154 = EDGE_LOOP ( 'NONE', ( #1980, #2444, #736, #2073 ) ) ;
#2155 = EDGE_CURVE ( 'NONE', #5037, #4214, #4125, .T. ) ;
#2156 = CARTESIAN_POINT ( 'NONE',  ( -21.81240501497827822, -9.706646561122457939, -17.75000000000000355 ) ) ;
#2157 = CARTESIAN_POINT ( 'NONE',  ( 2.500000000000000000, 0.000000000000000000, -13.75000000000000178 ) ) ;
#2158 = CARTESIAN_POINT ( 'NONE',  ( 5.890143307921669624, 17.53747768874152868, -17.98392723399036086 ) ) ;
#2159 = AXIS2_PLACEMENT_3D ( 'NONE', #4333, #1691, #2716 ) ;
#2160 = ORIENTED_EDGE ( 'NONE', *, *, #6450, .F. ) ;
#2161 = CARTESIAN_POINT ( 'NONE',  ( 1.250000000000011102, 2.165063509461091051, -13.75000000000000178 ) ) ;
#2162 = CARTESIAN_POINT ( 'NONE',  ( 16.15838216916540659, -17.74561032129347282, -18.75000000000000355 ) ) ;
#2163 = AXIS2_PLACEMENT_3D ( 'NONE', #4504, #6639, #6535 ) ;
#2164 = ORIENTED_EDGE ( 'NONE', *, *, #4185, .F. ) ;
#2165 = CARTESIAN_POINT ( 'NONE',  ( 24.48895191096087842, -4.383745727631588096, -18.75000000000000711 ) ) ;
#2166 = DIRECTION ( 'NONE',  ( -1.000000000000000000, 0.000000000000000000, -0.000000000000000000 ) ) ;
#2167 = EDGE_CURVE ( 'NONE', #1277, #6206, #2008, .T. ) ;
#2168 = AXIS2_PLACEMENT_3D ( 'NONE', #2348, #778, #4455 ) ;
#2169 = CARTESIAN_POINT ( 'NONE',  ( -11.80734316263487926, 13.99738619229639092, -18.57290674722115043 ) ) ;
#2170 = ORIENTED_EDGE ( 'NONE', *, *, #6570, .F. ) ;
#2171 = ORIENTED_EDGE ( 'NONE', *, *, #2789, .T. ) ;
#2172 = ORIENTED_EDGE ( 'NONE', *, *, #615, .F. ) ;
#2173 = VECTOR ( 'NONE', #6203, 1000.000000000000000 ) ;
#2174 = CARTESIAN_POINT ( 'NONE',  ( -17.50240778181000323, -7.122986134860775920, -17.83251694731105985 ) ) ;
#2175 = CARTESIAN_POINT ( 'NONE',  ( -19.02500695070344960, 4.279626453929338048, -18.75000000000000711 ) ) ;
#2176 = CARTESIAN_POINT ( 'NONE',  ( 18.02576361042613229, 3.226766033893761598, -18.57290674722264612 ) ) ;
#2177 = AXIS2_PLACEMENT_3D ( 'NONE', #2048, #5700, #3662 ) ;
#2178 = ORIENTED_EDGE ( 'NONE', *, *, #1127, .T. ) ;
#2179 = EDGE_CURVE ( 'NONE', #853, #3371, #883, .T. ) ;
#2180 = CARTESIAN_POINT ( 'NONE',  ( 1.250000000000011102, 2.165063509461091051, -17.74999999999999645 ) ) ;
#2181 = CARTESIAN_POINT ( 'NONE',  ( 18.21019894790845939, -3.261695000700352676, -18.75000000000000355 ) ) ;
#2182 = CARTESIAN_POINT ( 'NONE',  ( -0.1816714270801045028, -31.99997065824063824, -6.100346232063481366 ) ) ;
#2183 = EDGE_CURVE ( 'NONE', #4937, #4777, #5328, .T. ) ;
#2184 = CARTESIAN_POINT ( 'NONE',  ( 3.500000000000008882, 23.74342014116752964, -14.25000000000000178 ) ) ;
#2185 = CARTESIAN_POINT ( 'NONE',  ( -27.12274941164088560, 12.02201997807914857, -6.750000000000000888 ) ) ;
#2186 = ORIENTED_EDGE ( 'NONE', *, *, #5677, .F. ) ;
#2187 = EDGE_CURVE ( 'NONE', #4320, #458, #366, .T. ) ;
#2188 = DIRECTION ( 'NONE',  ( 1.000000000000000000, 0.000000000000000000, 0.000000000000000000 ) ) ;
#2189 = CARTESIAN_POINT ( 'NONE',  ( 18.36223448575326955, 23.63754155655088596, -6.750000000000000888 ) ) ;
#2190 = CARTESIAN_POINT ( 'NONE',  ( 25.00000000000000000, 0.000000000000000000, -10.75000000000000000 ) ) ;
#2191 = FACE_OUTER_BOUND ( 'NONE', #5701, .T. ) ;
#2192 = CARTESIAN_POINT ( 'NONE',  ( -7.895058212619366245, 22.91583655794892138, -18.75000000000000355 ) ) ;
#2193 = ORIENTED_EDGE ( 'NONE', *, *, #3459, .T. ) ;
#2194 = CARTESIAN_POINT ( 'NONE',  ( -5.340334732698440057, 17.71244830458891428, -17.75000000000000711 ) ) ;
#2195 = DIRECTION ( 'NONE',  ( -1.000000000000000000, 0.000000000000000000, 0.000000000000000000 ) ) ;
#2196 = EDGE_LOOP ( 'NONE', ( #5524, #2193 ) ) ;
#2197 = CARTESIAN_POINT ( 'NONE',  ( 7.982034353632461610, 22.62353270898200464, -18.77088686172233878 ) ) ;
#2198 = CARTESIAN_POINT ( 'NONE',  ( -22.31240501497826756, -8.840621157338013347, -10.75000000000000000 ) ) ;
#2199 = CARTESIAN_POINT ( 'NONE',  ( -13.09898651504965628, 13.99547452524560143, -18.41915247809012257 ) ) ;
#2200 = VERTEX_POINT ( 'NONE', #528 ) ;
#2201 = FACE_OUTER_BOUND ( 'NONE', #1820, .T. ) ;
#2202 = ORIENTED_EDGE ( 'NONE', *, *, #932, .F. ) ;
#2203 = ORIENTED_EDGE ( 'NONE', *, *, #72, .T. ) ;
#2204 = DIRECTION ( 'NONE',  ( 0.000000000000000000, 0.000000000000000000, -1.000000000000000000 ) ) ;
#2205 = CARTESIAN_POINT ( 'NONE',  ( -5.581733346322325318, -17.63821993268888733, -17.78385320917842449 ) ) ;
#2206 = CARTESIAN_POINT ( 'NONE',  ( -18.48925794715450976, -3.543827902972791932, -18.06048925554958373 ) ) ;
#2207 = CARTESIAN_POINT ( 'NONE',  ( -18.88709309615228804, 3.798620170522900352, -18.75000000000000355 ) ) ;
#2208 = CARTESIAN_POINT ( 'NONE',  ( 10.87500000000000178, 18.83605253231153753, -8.750000000000001776 ) ) ;
#2209 = DIRECTION ( 'NONE',  ( 0.000000000000000000, 0.000000000000000000, -1.000000000000000000 ) ) ;
#2210 = VERTEX_POINT ( 'NONE', #4270 ) ;
#2211 = CARTESIAN_POINT ( 'NONE',  ( 31.90184760431295885, 2.504419978995481078, -6.750000000000000888 ) ) ;
#2212 = CARTESIAN_POINT ( 'NONE',  ( 18.17795691591566865, -3.437274696753863878, -18.28048286926301813 ) ) ;
#2213 = CARTESIAN_POINT ( 'NONE',  ( 2.840616007036597335, 24.49522646584405194, -18.09061600703660488 ) ) ;
#2214 = CARTESIAN_POINT ( 'NONE',  ( -0.3568228264557312679, -31.99848373661551193, -6.118049552280954373 ) ) ;
#2215 = CARTESIAN_POINT ( 'NONE',  ( 8.068013231619691084, -23.66260154078874933, -17.90471812681237651 ) ) ;
#2216 = EDGE_LOOP ( 'NONE', ( #1175, #3770, #6503, #1198 ) ) ;
#2217 = B_SPLINE_CURVE_WITH_KNOTS ( 'NONE', 3,
 ( #705, #1195, #6478, #4266 ),
 .UNSPECIFIED., .F., .F.,
 ( 4, 4 ),
 ( 0.000000000000000000, 0.0003853778271919960051 ),
 .UNSPECIFIED. ) ;
#2218 = DIRECTION ( 'NONE',  ( 1.000000000000000000, 0.000000000000000000, 0.000000000000000000 ) ) ;
#2219 = CARTESIAN_POINT ( 'NONE',  ( 2.990456794789195349, 18.75479438055980808, -18.24045679478920334 ) ) ;
#2220 = CARTESIAN_POINT ( 'NONE',  ( -2.726864271724098288, 24.85176505236965028, -13.75000000000000178 ) ) ;
#2221 = DIRECTION ( 'NONE',  ( -0.000000000000000000, -0.000000000000000000, 1.000000000000000000 ) ) ;
#2222 = ADVANCED_FACE ( 'NONE', ( #1520 ), #592, .F. ) ;
#2223 = ORIENTED_EDGE ( 'NONE', *, *, #1459, .F. ) ;
#2224 = CARTESIAN_POINT ( 'NONE',  ( 24.10731525787552698, -5.237907556983791402, -18.08021765469030484 ) ) ;
#2225 = EDGE_CURVE ( 'NONE', #3866, #871, #1129, .T. ) ;
#2226 = CARTESIAN_POINT ( 'NONE',  ( 5.570943219736452789, 18.34179234952469528, -18.41915247919505916 ) ) ;
#2227 = ORIENTED_EDGE ( 'NONE', *, *, #6184, .F. ) ;
#2228 = CARTESIAN_POINT ( 'NONE',  ( -24.43268748899086518, 5.295638022496374830, -17.75000000000000355 ) ) ;
#2229 = AXIS2_PLACEMENT_3D ( 'NONE', #5737, #4155, #2067 ) ;
#2230 = CIRCLE ( 'NONE', #6088, 32.00000000000000000 ) ;
#2231 =( BOUNDED_CURVE ( )  B_SPLINE_CURVE ( 3, ( #2089, #3665, #5229, #2652 ),
 .UNSPECIFIED., .F., .T. ) 
 B_SPLINE_CURVE_WITH_KNOTS ( ( 4, 4 ),
 ( 1.951563910473905615E-15, 0.8507972299641288760 ),
 .UNSPECIFIED. ) 
 CURVE ( )  GEOMETRIC_REPRESENTATION_ITEM ( )  RATIONAL_B_SPLINE_CURVE ( ( 1.000000000000000000, 0.9405828688920784275, 0.9405828688920784275, 1.000000000000000000 ) ) 
 REPRESENTATION_ITEM ( '' )  );
#2232 = CARTESIAN_POINT ( 'NONE',  ( -12.74752473885583903, 14.75810537636651887, -18.73654230934887366 ) ) ;
#2233 = ORIENTED_EDGE ( 'NONE', *, *, #5437, .F. ) ;
#2234 = CONICAL_SURFACE ( 'NONE', #6762, 19.50000000000000000, 0.7853981633974500554 ) ;
#2235 = VECTOR ( 'NONE', #3538, 1000.000000000000000 ) ;
#2236 = VERTEX_POINT ( 'NONE', #4235 ) ;
#2237 = ORIENTED_EDGE ( 'NONE', *, *, #2065, .T. ) ;
#2238 = ADVANCED_FACE ( 'NONE', ( #4129 ), #147, .F. ) ;
#2239 = CARTESIAN_POINT ( 'NONE',  ( 20.14199670759709804, -14.80923858210499233, -13.77331482052944800 ) ) ;
#2240 = CARTESIAN_POINT ( 'NONE',  ( 21.75000000000000355, 0.000000000000000000, -8.750000000000001776 ) ) ;
#2241 = CARTESIAN_POINT ( 'NONE',  ( -12.11836781501019722, -13.97862941942337578, -18.17164737662105267 ) ) ;
#2242 = AXIS2_PLACEMENT_3D ( 'NONE', #2410, #1807, #4009 ) ;
#2243 = VECTOR ( 'NONE', #3085, 1000.000000000000000 ) ;
#2244 = FACE_OUTER_BOUND ( 'NONE', #873, .T. ) ;
#2245 = PLANE ( 'NONE',  #6324 ) ;
#2246 = DIRECTION ( 'NONE',  ( 0.4999999999999911182, -0.8660254037844439257, 0.000000000000000000 ) ) ;
#2247 = EDGE_LOOP ( 'NONE', ( #4586, #413, #2690 ) ) ;
#2248 = EDGE_LOOP ( 'NONE', ( #1019, #520, #1617, #3938 ) ) ;
#2249 = CIRCLE ( 'NONE', #2470, 26.50000000000000355 ) ;
#2250 = CARTESIAN_POINT ( 'NONE',  ( -23.77436775363364063, 5.178818583370540907, -18.41811665423659505 ) ) ;
#2251 = CARTESIAN_POINT ( 'NONE',  ( 2.888598927429522512, 24.53731066838963670, -18.04328460881295726 ) ) ;
#2252 = ADVANCED_FACE ( 'NONE', ( #960 ), #3090, .F. ) ;
#2253 = VECTOR ( 'NONE', #5523, 1000.000000000000000 ) ;
#2254 = CARTESIAN_POINT ( 'NONE',  ( 22.35681243053207723, -9.881575308781730627, -17.87071096845211926 ) ) ;
#2255 = CARTESIAN_POINT ( 'NONE',  ( 22.96756246259948497, -9.875534435333401362, -13.82101041438894207 ) ) ;
#2256 = ORIENTED_EDGE ( 'NONE', *, *, #2929, .T. ) ;
#2257 = AXIS2_PLACEMENT_3D ( 'NONE', #6713, #2035, #6181 ) ;
#2258 = DIRECTION ( 'NONE',  ( 0.5000000000000102141, 0.8660254037844328234, 0.000000000000000000 ) ) ;
#2259 = CARTESIAN_POINT ( 'NONE',  ( 16.37310300549345143, 18.00090396533271431, -18.41667154759604941 ) ) ;
#2260 = DIRECTION ( 'NONE',  ( 1.000000000000000000, 0.000000000000000000, 0.000000000000000000 ) ) ;
#2261 = ORIENTED_EDGE ( 'NONE', *, *, #4891, .F. ) ;
#2262 = CIRCLE ( 'NONE', #1040, 25.00000000000000000 ) ;
#2263 = DIRECTION ( 'NONE',  ( -0.4999999999999998335, -0.8660254037844387076, 0.000000000000000000 ) ) ;
#2264 = LINE ( 'NONE', #194, #2921 ) ;
#2265 = ORIENTED_EDGE ( 'NONE', *, *, #1996, .T. ) ;
#2266 = CARTESIAN_POINT ( 'NONE',  ( 8.571681220942386048, 23.66044553653384597, -18.59510411917990425 ) ) ;
#2267 = CIRCLE ( 'NONE', #6126, 1.200000000000002842 ) ;
#2268 = DIRECTION ( 'NONE',  ( -0.5000000000000002220, 0.8660254037844384856, 0.000000000000000000 ) ) ;
#2269 = ADVANCED_FACE ( 'NONE', ( #5213 ), #488, .F. ) ;
#2270 = CARTESIAN_POINT ( 'NONE',  ( -18.69311216983909318, 3.344364204794485929, -19.24987166245048087 ) ) ;
#2271 = ORIENTED_EDGE ( 'NONE', *, *, #3442, .F. ) ;
#2272 = CIRCLE ( 'NONE', #939, 32.00000000000000000 ) ;
#2273 = ORIENTED_EDGE ( 'NONE', *, *, #3976, .F. ) ;
#2274 = EDGE_CURVE ( 'NONE', #954, #5714, #6538, .T. ) ;
#2275 = ORIENTED_EDGE ( 'NONE', *, *, #1012, .F. ) ;
#2276 = CARTESIAN_POINT ( 'NONE',  ( 0.000000000000000000, 0.000000000000000000, -6.750000000000000888 ) ) ;
#2277 = CARTESIAN_POINT ( 'NONE',  ( -18.83605253231149135, 10.87500000000008704, -12.75000000000000178 ) ) ;
#2278 = EDGE_CURVE ( 'NONE', #3435, #3893, #558, .T. ) ;
#2279 = CARTESIAN_POINT ( 'NONE',  ( -17.36324772583621368, -6.560574133379725836, -14.25000000000000178 ) ) ;
#2280 = B_SPLINE_CURVE_WITH_KNOTS ( 'NONE', 3,
 ( #3323, #2764, #160, #1223, #4892, #3351 ),
 .UNSPECIFIED., .F., .F.,
 ( 4, 2, 4 ),
 ( 0.0002361140179058113513, 0.0005894728326309989349, 0.0009428316473561865457 ),
 .UNSPECIFIED. ) ;
#2281 = CARTESIAN_POINT ( 'NONE',  ( -16.10006419922671128, -19.12558320106287724, -18.75000000000000355 ) ) ;
#2282 = PLANE ( 'NONE',  #2731 ) ;
#2283 = EDGE_LOOP ( 'NONE', ( #1682, #5008, #475, #3270, #249 ) ) ;
#2284 = AXIS2_PLACEMENT_3D ( 'NONE', #545, #4758, #1046 ) ;
#2285 = DIRECTION ( 'NONE',  ( -0.4999999999999911182, 0.8660254037844438146, 0.000000000000000000 ) ) ;
#2286 = CARTESIAN_POINT ( 'NONE',  ( 8.456036013346828639, -23.34266565012780958, -18.93308766642396179 ) ) ;
#2287 =( NAMED_UNIT ( * ) PLANE_ANGLE_UNIT ( ) SI_UNIT ( $, .RADIAN. ) );
#2288 = ORIENTED_EDGE ( 'NONE', *, *, #2427, .T. ) ;
#2289 = EDGE_LOOP ( 'NONE', ( #1378, #6056, #6699, #274 ) ) ;
#2290 = CARTESIAN_POINT ( 'NONE',  ( -12.77499999999999503, 18.83605253231154109, -18.25000000000002487 ) ) ;
#2291 = CARTESIAN_POINT ( 'NONE',  ( 0.000000000000000000, 0.000000000000000000, -6.950000000000000178 ) ) ;
#2292 = DIRECTION ( 'NONE',  ( -1.000000000000000000, 0.000000000000000000, 0.000000000000000000 ) ) ;
#2293 = CARTESIAN_POINT ( 'NONE',  ( 18.73153735687003163, 3.602048499901304712, -18.75000000000000355 ) ) ;
#2294 = CARTESIAN_POINT ( 'NONE',  ( 18.99636252835470884, 4.403204593397987310, -18.75000000000000355 ) ) ;
#2295 = ORIENTED_EDGE ( 'NONE', *, *, #4269, .F. ) ;
#2296 = CARTESIAN_POINT ( 'NONE',  ( 27.12274941164105257, 12.02201997807876133, -6.750000000000000888 ) ) ;
#2297 = EDGE_CURVE ( 'NONE', #4733, #487, #3810, .T. ) ;
#2298 = FACE_OUTER_BOUND ( 'NONE', #393, .T. ) ;
#2299 = ORIENTED_EDGE ( 'NONE', *, *, #2579, .T. ) ;
#2300 = CARTESIAN_POINT ( 'NONE',  ( 8.328474543203459035, 23.57646248341506734, -17.75654636270055065 ) ) ;
#2301 = CARTESIAN_POINT ( 'NONE',  ( -29.65182871386009111, 4.083390756633437313, 6.750000000000000888 ) ) ;
#2302 = CARTESIAN_POINT ( 'NONE',  ( 2.582516947311063404, 18.71902283387233012, -17.83251694731107406 ) ) ;
#2303 = ADVANCED_FACE ( 'NONE', ( #34, #2141 ), #1622, .T. ) ;
#2304 = EDGE_CURVE ( 'NONE', #5045, #1346, #3139, .T. ) ;
#2305 = B_SPLINE_CURVE_WITH_KNOTS ( 'NONE', 3,
 ( #6197, #6794, #5298, #2053 ),
 .UNSPECIFIED., .F., .F.,
 ( 4, 4 ),
 ( 0.000000000000000000, 0.001415357249055938967 ),
 .UNSPECIFIED. ) ;
#2306 = FACE_BOUND ( 'NONE', #606, .T. ) ;
#2307 = ORIENTED_EDGE ( 'NONE', *, *, #3257, .T. ) ;
#2308 = CARTESIAN_POINT ( 'NONE',  ( -3.244671039607517571, 18.97036701897872035, -18.49467103960752112 ) ) ;
#2309 = ORIENTED_EDGE ( 'NONE', *, *, #3926, .F. ) ;
#2310 = B_SPLINE_CURVE_WITH_KNOTS ( 'NONE', 3,
 ( #3376, #5522, #2851, #4950 ),
 .UNSPECIFIED., .F., .F.,
 ( 4, 4 ),
 ( 0.000000000000000000, 0.001414740136845099323 ),
 .UNSPECIFIED. ) ;
#2311 = ORIENTED_EDGE ( 'NONE', *, *, #5227, .T. ) ;
#2312 = EDGE_CURVE ( 'NONE', #1007, #4588, #6079, .T. ) ;
#2313 = CARTESIAN_POINT ( 'NONE',  ( -10.87499999999999645, 18.83605253231154109, -18.25000000000002487 ) ) ;
#2314 = DIRECTION ( 'NONE',  ( -1.000000000000000000, 0.000000000000000000, 0.000000000000000000 ) ) ;
#2315 = EDGE_CURVE ( 'NONE', #5676, #1146, #1902, .T. ) ;
#2316 = DIRECTION ( 'NONE',  ( -0.000000000000000000, -0.000000000000000000, 1.000000000000000000 ) ) ;
#2317 = FACE_OUTER_BOUND ( 'NONE', #1164, .T. ) ;
#2318 = CARTESIAN_POINT ( 'NONE',  ( -16.06561686606734796, 17.83007837803302564, -18.75000000000000711 ) ) ;
#2319 = ORIENTED_EDGE ( 'NONE', *, *, #2152, .F. ) ;
#2320 = EDGE_CURVE ( 'NONE', #2200, #5009, #689, .T. ) ;
#2321 = CARTESIAN_POINT ( 'NONE',  ( -3.499999999999999556, 19.18332609325088001, -13.75000000000000178 ) ) ;
#2322 = FACE_OUTER_BOUND ( 'NONE', #1537, .T. ) ;
#2323 =( BOUNDED_SURFACE ( )  B_SPLINE_SURFACE ( 3, 2, ( 
 ( #1068, #4679, #3273 ),
 ( #1209, #718, #6564 ),
 ( #106, #3827, #956 ),
 ( #1021, #3616, #1516 ) ),
 .UNSPECIFIED., .F., .F., .T. ) 
 B_SPLINE_SURFACE_WITH_KNOTS ( ( 4, 4 ),
 ( 3, 3 ),
 ( 0.02294819146188743428, 0.02438233958186699496 ),
 ( 0.1879833974460826396, 1.000000000000000000 ),
 .UNSPECIFIED. ) 
 GEOMETRIC_REPRESENTATION_ITEM ( )  RATIONAL_B_SPLINE_SURFACE ( (
 ( 0.9135301774684752019, 0.7700067566968882282, 1.000000000000000000),
 ( 0.9135686541207757028, 0.7701090972568083171, 1.000000000000000000),
 ( 0.9136086338143498686, 0.7702154356199755192, 1.000000000000000000),
 ( 0.9136503079766193913, 0.7703262809468387484, 1.000000000000000000) ) ) 
 REPRESENTATION_ITEM ( '' )  SURFACE ( )  );
#2324 = CARTESIAN_POINT ( 'NONE',  ( 12.48427986608439788, -13.65303284141035789, -17.78385320917842094 ) ) ;
#2325 = EDGE_LOOP ( 'NONE', ( #1442, #5286, #4534 ) ) ;
#2326 = CARTESIAN_POINT ( 'NONE',  ( 0.000000000000000000, 19.87560046349701892, -6.750000000000000888 ) ) ;
#2327 = PRESENTATION_STYLE_ASSIGNMENT (( #2526 ) ) ;
#2328 = CARTESIAN_POINT ( 'NONE',  ( -5.455230443401286600, 18.02594497629178605, -18.08331757544337393 ) ) ;
#2329 = CYLINDRICAL_SURFACE ( 'NONE', #6135, 1.000000000000000888 ) ;
#2330 = PLANE ( 'NONE',  #3298 ) ;
#2331 = EDGE_LOOP ( 'NONE', ( #4894, #5610, #246, #5847, #4356 ) ) ;
#2332 = CARTESIAN_POINT ( 'NONE',  ( 0.000000000000000000, -0.000000000000000000, -13.75000000000000178 ) ) ;
#2333 = CARTESIAN_POINT ( 'NONE',  ( 2.500000000000007105, 19.18332609325088001, -17.75000000000001421 ) ) ;
#2334 = ADVANCED_FACE ( 'NONE', ( #1273 ), #2245, .T. ) ;
#2335 = DIRECTION ( 'NONE',  ( -0.000000000000000000, -0.000000000000000000, 1.000000000000000000 ) ) ;
#2336 = DIRECTION ( 'NONE',  ( 0.8660254037844432595, 0.4999999999999919509, 0.000000000000000000 ) ) ;
#2337 = VERTEX_POINT ( 'NONE', #2281 ) ;
#2338 = VERTEX_POINT ( 'NONE', #4331 ) ;
#2339 = CONICAL_SURFACE ( 'NONE', #4880, 1.899999999999999023, 0.7853981633974579379 ) ;
#2340 = ORIENTED_EDGE ( 'NONE', *, *, #989, .T. ) ;
#2341 = CARTESIAN_POINT ( 'NONE',  ( 2.500000000000007105, 19.18332609325088001, -17.75000000000001421 ) ) ;
#2342 = AXIS2_PLACEMENT_3D ( 'NONE', #2544, #6727, #4623 ) ;
#2343 = CARTESIAN_POINT ( 'NONE',  ( 20.21230447228463944, -14.71318738663879699, -13.75000000000000178 ) ) ;
#2344 = CARTESIAN_POINT ( 'NONE',  ( 8.373534146442707993, -23.30179491847649942, -18.75000000000000355 ) ) ;
#2345 = CARTESIAN_POINT ( 'NONE',  ( -3.499999999999999556, 23.74342014116752964, -14.25000000000000178 ) ) ;
#2346 = CIRCLE ( 'NONE', #1122, 18.50000000000000000 ) ;
#2347 = CIRCLE ( 'NONE', #3360, 18.50000000000000000 ) ;
#2348 = CARTESIAN_POINT ( 'NONE',  ( 10.87500000000000178, 18.83605253231153753, -18.24999999999999645 ) ) ;
#2349 = VERTEX_POINT ( 'NONE', #751 ) ;
#2350 = VERTEX_POINT ( 'NONE', #2776 ) ;
#2351 = EDGE_LOOP ( 'NONE', ( #6275, #43, #248 ) ) ;
#2352 = FACE_OUTER_BOUND ( 'NONE', #3649, .T. ) ;
#2353 = VECTOR ( 'NONE', #6587, 1000.000000000000000 ) ;
#2354 = CONICAL_SURFACE ( 'NONE', #3253, 25.00000000000000000, 0.7853981633974466137 ) ;
#2355 = EDGE_CURVE ( 'NONE', #3436, #2922, #3303, .T. ) ;
#2356 = CARTESIAN_POINT ( 'NONE',  ( 7.630186687767061215, -23.80714705944041398, -17.75000000000000355 ) ) ;
#2357 = AXIS2_PLACEMENT_3D ( 'NONE', #3693, #2086, #5325 ) ;
#2358 = CIRCLE ( 'NONE', #1229, 25.00000000000000000 ) ;
#2359 = ORIENTED_EDGE ( 'NONE', *, *, #199, .T. ) ;
#2360 = EDGE_CURVE ( 'NONE', #3420, #2705, #4447, .T. ) ;
#2361 = CARTESIAN_POINT ( 'NONE',  ( -16.80250080122403489, -18.51150903694416883, -17.75000000000000355 ) ) ;
#2362 = EDGE_CURVE ( 'NONE', #1294, #4889, #5082, .T. ) ;
#2363 = CARTESIAN_POINT ( 'NONE',  ( -27.26422678008063016, 16.75379129817530810, -6.233895585428695263 ) ) ;
#2364 = CIRCLE ( 'NONE', #919, 1.899999999999999023 ) ;
#2365 = ADVANCED_FACE ( 'NONE', ( #2317 ), #2742, .F. ) ;
#2366 = CARTESIAN_POINT ( 'NONE',  ( 1.249999999999978906, -2.165063509461108815, -17.75000000000000355 ) ) ;
#2367 = VERTEX_POINT ( 'NONE', #4303 ) ;
#2368 = PLANE ( 'NONE',  #4940 ) ;
#2369 = VECTOR ( 'NONE', #877, 1000.000000000000000 ) ;
#2370 = CARTESIAN_POINT ( 'NONE',  ( -17.02513939148366262, -7.238413410447853025, -13.75000000000000178 ) ) ;
#2371 = FACE_OUTER_BOUND ( 'NONE', #4648, .T. ) ;
#2372 = AXIS2_PLACEMENT_3D ( 'NONE', #433, #6187, #5662 ) ;
#2373 = DIRECTION ( 'NONE',  ( -1.000000000000000000, 0.000000000000000000, 0.000000000000000000 ) ) ;
#2374 = CARTESIAN_POINT ( 'NONE',  ( 2.243919799199864507, 18.36340992121993310, -13.75000000000000178 ) ) ;
#2375 = CARTESIAN_POINT ( 'NONE',  ( -0.9999999999999833467, 1.732050807568886963, -14.25000000000000178 ) ) ;
#2376 = ORIENTED_EDGE ( 'NONE', *, *, #402, .F. ) ;
#2377 = VERTEX_POINT ( 'NONE', #3920 ) ;
#2378 = AXIS2_PLACEMENT_3D ( 'NONE', #5095, #3604, #3291 ) ;
#2379 = ORIENTED_EDGE ( 'NONE', *, *, #989, .F. ) ;
#2380 = CARTESIAN_POINT ( 'NONE',  ( -17.25842525267839989, -6.664007444269640423, -13.93359504513806790 ) ) ;
#2381 = EDGE_CURVE ( 'NONE', #4254, #3502, #5442, .T. ) ;
#2382 = FACE_OUTER_BOUND ( 'NONE', #3873, .T. ) ;
#2383 = LINE ( 'NONE', #2446, #3800 ) ;
#2384 = CARTESIAN_POINT ( 'NONE',  ( -12.77499999999999503, 18.83605253231154109, -8.750000000000001776 ) ) ;
#2385 = CARTESIAN_POINT ( 'NONE',  ( -11.98284338109676916, -14.09483733435530617, -18.50744200514312610 ) ) ;
#2386 = VECTOR ( 'NONE', #5526, 1000.000000000000000 ) ;
#2387 = CARTESIAN_POINT ( 'NONE',  ( -10.87499999999999645, 18.83605253231154109, -8.750000000000001776 ) ) ;
#2388 = ORIENTED_EDGE ( 'NONE', *, *, #5222, .T. ) ;
#2389 = EDGE_LOOP ( 'NONE', ( #924, #711 ) ) ;
#2390 = CARTESIAN_POINT ( 'NONE',  ( -23.91641934725702612, 4.457943623021192181, -18.43274594787837373 ) ) ;
#2391 = CARTESIAN_POINT ( 'NONE',  ( 21.75000000000000355, 0.000000000000000000, -18.25000000000002487 ) ) ;
#2392 = AXIS2_PLACEMENT_3D ( 'NONE', #1641, #5774, #3807 ) ;
#2393 = B_SPLINE_CURVE_WITH_KNOTS ( 'NONE', 3,
 ( #6402, #1666, #5880, #1150, #295, #1289 ),
 .UNSPECIFIED., .F., .F.,
 ( 4, 2, 4 ),
 ( -6.160253112245624601E-06, 0.0006040211135725052916, 0.001214202480257256219 ),
 .UNSPECIFIED. ) ;
#2394 = ORIENTED_EDGE ( 'NONE', *, *, #2778, .F. ) ;
#2395 = CARTESIAN_POINT ( 'NONE',  ( -2.000000000000000000, 3.469446951953614189E-17, -14.25000000000000178 ) ) ;
#2396 = CARTESIAN_POINT ( 'NONE',  ( 16.42206305009893796, -19.51252794902058341, -18.25715341813839387 ) ) ;
#2397 = ADVANCED_FACE ( 'NONE', ( #2845 ), #176, .F. ) ;
#2398 = LINE ( 'NONE', #1900, #6650 ) ;
#2399 = AXIS2_PLACEMENT_3D ( 'NONE', #3591, #3694, #2649 ) ;
#2400 = LINE ( 'NONE', #4001, #4262 ) ;
#2401 = EDGE_CURVE ( 'NONE', #1662, #6193, #1947, .T. ) ;
#2402 = CARTESIAN_POINT ( 'NONE',  ( -22.88569584397294321, -10.06434025309867408, -13.75000000000000178 ) ) ;
#2403 = ORIENTED_EDGE ( 'NONE', *, *, #2965, .F. ) ;
#2404 = CARTESIAN_POINT ( 'NONE',  ( 19.85000000000000142, 0.000000000000000000, -8.750000000000001776 ) ) ;
#2405 = PRODUCT_DEFINITION_FORMATION_WITH_SPECIFIED_SOURCE ( 'ANY', '', #5199, .NOT_KNOWN. ) ;
#2406 = ORIENTED_EDGE ( 'NONE', *, *, #5481, .T. ) ;
#2407 = CARTESIAN_POINT ( 'NONE',  ( 11.80734316263450978, -13.99738619229648506, -18.57290674722125345 ) ) ;
#2408 = DIRECTION ( 'NONE',  ( 1.000000000000000000, 0.000000000000000000, 0.000000000000000000 ) ) ;
#2409 = CARTESIAN_POINT ( 'NONE',  ( -21.75000000000000000, 3.469446951953614189E-15, -18.25000000000002487 ) ) ;
#2410 = CARTESIAN_POINT ( 'NONE',  ( -10.87500000000000888, -18.83605253231153398, -18.25000000000002132 ) ) ;
#2411 = FACE_OUTER_BOUND ( 'NONE', #2623, .T. ) ;
#2412 = ORIENTED_EDGE ( 'NONE', *, *, #2155, .T. ) ;
#2413 = CARTESIAN_POINT ( 'NONE',  ( -3.122056956810736583, 24.67210025633566417, -17.88123541021012741 ) ) ;
#2414 = ORIENTED_EDGE ( 'NONE', *, *, #4673, .T. ) ;
#2415 = ORIENTED_EDGE ( 'NONE', *, *, #4058, .T. ) ;
#2416 = CARTESIAN_POINT ( 'NONE',  ( 17.50240778180990731, -7.122986134861022833, -17.83251694731105630 ) ) ;
#2417 = DIRECTION ( 'NONE',  ( -0.000000000000000000, -0.000000000000000000, -1.000000000000000000 ) ) ;
#2418 = PLANE ( 'NONE',  #5458 ) ;
#2419 = DIRECTION ( 'NONE',  ( -0.000000000000000000, -0.000000000000000000, 1.000000000000000000 ) ) ;
#2420 = LINE ( 'NONE', #752, #2621 ) ;
#2421 = ORIENTED_EDGE ( 'NONE', *, *, #625, .T. ) ;
#2422 = ORIENTED_EDGE ( 'NONE', *, *, #6484, .T. ) ;
#2423 = ORIENTED_EDGE ( 'NONE', *, *, #6839, .F. ) ;
#2424 = DIRECTION ( 'NONE',  ( -1.000000000000000000, 0.000000000000000000, 0.000000000000000000 ) ) ;
#2425 = DIRECTION ( 'NONE',  ( 0.000000000000000000, 0.000000000000000000, -1.000000000000000000 ) ) ;
#2426 = VERTEX_POINT ( 'NONE', #2374 ) ;
#2427 = EDGE_CURVE ( 'NONE', #1475, #2515, #1366, .T. ) ;
#2428 = CARTESIAN_POINT ( 'NONE',  ( -27.53308838526432112, 16.30825950066870433, -6.118049552280953485 ) ) ;
#2429 = DIRECTION ( 'NONE',  ( 3.642919299551294898E-16, 1.000000000000000000, 0.000000000000000000 ) ) ;
#2430 = VERTEX_POINT ( 'NONE', #4584 ) ;
#2431 = CARTESIAN_POINT ( 'NONE',  ( 29.05182871386014654, 5.122621241174355688, -5.249999999999999112 ) ) ;
#2432 = ADVANCED_FACE ( 'NONE', ( #1402 ), #6430, .F. ) ;
#2433 = CARTESIAN_POINT ( 'NONE',  ( 28.52008788143775675, 14.51545323357634487, -6.571192511682282245 ) ) ;
#2434 = CARTESIAN_POINT ( 'NONE',  ( 20.07253303515961207, -14.90279898382938306, -13.81129573366794006 ) ) ;
#2435 = CARTESIAN_POINT ( 'NONE',  ( -24.12429141588372516, -10.96670249808569864, -6.750000000000000888 ) ) ;
#2436 = DIRECTION ( 'NONE',  ( -1.000000000000000000, 0.000000000000000000, 0.000000000000000000 ) ) ;
#2438 = EDGE_CURVE ( 'NONE', #6476, #3247, #3636, .T. ) ;
#2437 = DIRECTION ( 'NONE',  ( 0.000000000000000000, 0.000000000000000000, -1.000000000000000000 ) ) ;
#2439 = CARTESIAN_POINT ( 'NONE',  ( -18.08605253231148424, 12.17403810567674327, -18.75000000000000355 ) ) ;
#2440 = EDGE_LOOP ( 'NONE', ( #4436, #6493 ) ) ;
#2441 = CARTESIAN_POINT ( 'NONE',  ( 0.000000000000000000, 0.000000000000000000, -5.950000000000000178 ) ) ;
#2442 = VERTEX_POINT ( 'NONE', #740 ) ;
#2443 = CARTESIAN_POINT ( 'NONE',  ( -15.36324772583625808, -11.75672655608639339, -14.25000000000000178 ) ) ;
#2444 = ORIENTED_EDGE ( 'NONE', *, *, #3029, .T. ) ;
#2445 = CARTESIAN_POINT ( 'NONE',  ( 17.61324772583611065, -7.859612239056644079, -13.75000000000000178 ) ) ;
#2446 = CARTESIAN_POINT ( 'NONE',  ( -17.42154271425486911, -6.224134434232047930, -5.750000000000000888 ) ) ;
#2447 = DIRECTION ( 'NONE',  ( -0.000000000000000000, -0.000000000000000000, 1.000000000000000000 ) ) ;
#2448 = CARTESIAN_POINT ( 'NONE',  ( 18.33732602984267146, -4.288392301218865832, -18.08208545539665835 ) ) ;
#2449 = CARTESIAN_POINT ( 'NONE',  ( 13.21876870316230956, 14.33632609952015713, -18.75000000000000711 ) ) ;
#2450 = ORIENTED_EDGE ( 'NONE', *, *, #5890, .T. ) ;
#2451 = ORIENTED_EDGE ( 'NONE', *, *, #3852, .T. ) ;
#2452 = EDGE_CURVE ( 'NONE', #818, #1056, #6548, .T. ) ;
#2453 = DIRECTION ( 'NONE',  ( 0.000000000000000000, 0.000000000000000000, -1.000000000000000000 ) ) ;
#2454 = VECTOR ( 'NONE', #3486, 999.9999999999998863 ) ;
#2455 = DIRECTION ( 'NONE',  ( -0.4999999999999911182, 0.8660254037844438146, 0.000000000000000000 ) ) ;
#2456 = DIRECTION ( 'NONE',  ( -0.000000000000000000, -0.000000000000000000, -1.000000000000000000 ) ) ;
#2457 = VERTEX_POINT ( 'NONE', #6061 ) ;
#2458 = CIRCLE ( 'NONE', #4342, 0.5000000000000001110 ) ;
#2459 = VECTOR ( 'NONE', #1204, 1000.000000000000000 ) ;
#2460 = DIRECTION ( 'NONE',  ( -1.000000000000000000, 0.000000000000000000, 0.000000000000000000 ) ) ;
#2461 = CARTESIAN_POINT ( 'NONE',  ( -10.87499999999999645, 18.83605253231154109, -18.25000000000002487 ) ) ;
#2462 = EDGE_CURVE ( 'NONE', #4024, #6360, #5058, .T. ) ;
#2463 = DIRECTION ( 'NONE',  ( -0.5000000000000038858, -0.8660254037844362651, 0.000000000000000000 ) ) ;
#2464 = LINE ( 'NONE', #4139, #3925 ) ;
#2465 = AXIS2_PLACEMENT_3D ( 'NONE', #6327, #5754, #4776 ) ;
#2466 = VECTOR ( 'NONE', #5689, 1000.000000000000114 ) ;
#2467 = CARTESIAN_POINT ( 'NONE',  ( 2.500000000000000000, 0.000000000000000000, -17.75000000000001421 ) ) ;
#2468 = ORIENTED_EDGE ( 'NONE', *, *, #830, .T. ) ;
#2469 = ADVANCED_FACE ( 'NONE', ( #5608 ), #4996, .F. ) ;
#2470 = AXIS2_PLACEMENT_3D ( 'NONE', #1642, #3250, #2195 ) ;
#2471 = CARTESIAN_POINT ( 'NONE',  ( -18.81240501497832085, -14.90279898382912549, -10.75000000000000000 ) ) ;
#2472 = PRODUCT_DEFINITION_CONTEXT ( 'detailed design', #3446, 'design' ) ;
#2473 = CARTESIAN_POINT ( 'NONE',  ( -8.362615282625672108, -23.55990467015829637, -18.28709221241552996 ) ) ;
#2474 = FACE_OUTER_BOUND ( 'NONE', #2828, .T. ) ;
#2475 = CARTESIAN_POINT ( 'NONE',  ( 16.03623141482844972, 18.74206433686717688, -18.09466008188390518 ) ) ;
#2476 = MECHANICAL_DESIGN_GEOMETRIC_PRESENTATION_REPRESENTATION (  '', ( #1142 ), #4257 ) ;
#2477 = EDGE_CURVE ( 'NONE', #1018, #2210, #3251, .T. ) ;
#2478 = PLANE ( 'NONE',  #2014 ) ;
#2479 = FACE_OUTER_BOUND ( 'NONE', #191, .T. ) ;
#2480 = ORIENTED_EDGE ( 'NONE', *, *, #4415, .T. ) ;
#2481 = ORIENTED_EDGE ( 'NONE', *, *, #4703, .F. ) ;
#2482 = ORIENTED_EDGE ( 'NONE', *, *, #830, .F. ) ;
#2483 = CARTESIAN_POINT ( 'NONE',  ( -16.86324772583621368, -6.560574133379725836, -14.25000000000000178 ) ) ;
#2484 = CARTESIAN_POINT ( 'NONE',  ( -25.54774941164087210, 14.75000000000012434, -5.250000000000000000 ) ) ;
#2485 = AXIS2_PLACEMENT_3D ( 'NONE', #6070, #5033, #2166 ) ;
#2486 = EDGE_CURVE ( 'NONE', #5215, #6037, #262, .T. ) ;
#2487 = CARTESIAN_POINT ( 'NONE',  ( -24.77638750993638794, -4.406929077783170001, -18.59510411920946638 ) ) ;
#2488 = ADVANCED_FACE ( 'NONE', ( #3530 ), #2478, .T. ) ;
#2489 = CARTESIAN_POINT ( 'NONE',  ( 15.61324772583609644, -11.32371385419439846, -13.75000000000000178 ) ) ;
#2490 = ORIENTED_EDGE ( 'NONE', *, *, #6221, .T. ) ;
#2491 = CIRCLE ( 'NONE', #3608, 1.199999999999999734 ) ;
#2492 = ORIENTED_EDGE ( 'NONE', *, *, #4800, .T. ) ;
#2493 = ORIENTED_EDGE ( 'NONE', *, *, #4811, .F. ) ;
#2494 = CARTESIAN_POINT ( 'NONE',  ( 24.48386767384290508, -5.054876152140525214, -17.78489111920822907 ) ) ;
#2495 = AXIS2_PLACEMENT_3D ( 'NONE', #6754, #5160, #466 ) ;
#2496 = B_SPLINE_CURVE_WITH_KNOTS ( 'NONE', 3,
 ( #5763, #4329, #3301, #5698 ),
 .UNSPECIFIED., .F., .F.,
 ( 4, 4 ),
 ( 0.000000000000000000, 0.001414740136845100190 ),
 .UNSPECIFIED. ) ;
#2497 = CARTESIAN_POINT ( 'NONE',  ( 19.31240501497812190, -14.03677358004496512, -14.25000000000000178 ) ) ;
#2498 = EDGE_LOOP ( 'NONE', ( #6717, #1755, #4354, #5932 ) ) ;
#2499 = VECTOR ( 'NONE', #396, 1000.000000000000000 ) ;
#2500 = FACE_OUTER_BOUND ( 'NONE', #5094, .T. ) ;
#2501 = CARTESIAN_POINT ( 'NONE',  ( 18.00959756134184175, 4.231358609065186016, -17.75000000000000711 ) ) ;
#2502 = DIRECTION ( 'NONE',  ( 0.000000000000000000, -0.000000000000000000, 1.000000000000000000 ) ) ;
#2503 = AXIS2_PLACEMENT_3D ( 'NONE', #4913, #6367, #1628 ) ;
#2504 = DIRECTION ( 'NONE',  ( 0.4999999999999979461, -0.8660254037844398178, 0.000000000000000000 ) ) ;
#2505 = ORIENTED_EDGE ( 'NONE', *, *, #440, .T. ) ;
#2506 = EDGE_CURVE ( 'NONE', #3208, #2597, #1014, .T. ) ;
#2507 = PRODUCT_DEFINITION_SHAPE ( 'NONE', 'NONE',  #6581 ) ;
#2508 =( BOUNDED_CURVE ( )  B_SPLINE_CURVE ( 3, ( #3817, #3911, #1163, #1713 ),
 .UNSPECIFIED., .F., .T. ) 
 B_SPLINE_CURVE_WITH_KNOTS ( ( 4, 4 ),
 ( 0.000000000000000000, 0.8507972299641112235 ),
 .UNSPECIFIED. ) 
 CURVE ( )  GEOMETRIC_REPRESENTATION_ITEM ( )  RATIONAL_B_SPLINE_CURVE ( ( 1.000000000000000000, 0.9405828688920806480, 0.9405828688920806480, 1.000000000000000000 ) ) 
 REPRESENTATION_ITEM ( '' )  );
#2509 = CIRCLE ( 'NONE', #2061, 25.00000000000000000 ) ;
#2510 = CARTESIAN_POINT ( 'NONE',  ( 6.153844981075550002, -18.25601251017094739, -18.75000000000000355 ) ) ;
#2511 = DIRECTION ( 'NONE',  ( -0.8660254037844363761, 0.5000000000000041078, 0.000000000000000000 ) ) ;
#2512 = VECTOR ( 'NONE', #4857, 1000.000000000000000 ) ;
#2513 = CARTESIAN_POINT ( 'NONE',  ( -24.48897615482757573, -4.383745050414113997, -18.75000000000000355 ) ) ;
#2514 = CARTESIAN_POINT ( 'NONE',  ( 21.81240501497813966, -9.706646561122768802, -14.25000000000000178 ) ) ;
#2515 = VERTEX_POINT ( 'NONE', #768 ) ;
#2516 = CARTESIAN_POINT ( 'NONE',  ( -17.29765495783236418, -6.560574133395446594, -14.00243110698344573 ) ) ;
#2517 = EDGE_LOOP ( 'NONE', ( #5716, #6737, #676, #2271, #5856 ) ) ;
#2518 = CARTESIAN_POINT ( 'NONE',  ( 0.000000000000000000, 0.000000000000000000, -5.950000000000000178 ) ) ;
#2519 = CARTESIAN_POINT ( 'NONE',  ( 0.000000000000000000, 0.000000000000000000, -18.75000000000000355 ) ) ;
#2520 = EDGE_CURVE ( 'NONE', #2790, #5525, #2898, .T. ) ;
#2521 = CARTESIAN_POINT ( 'NONE',  ( -10.08959422810705497, -27.72093231318435613, 6.750000000000000888 ) ) ;
#2522 = ORIENTED_EDGE ( 'NONE', *, *, #1928, .F. ) ;
#2523 = ORIENTED_EDGE ( 'NONE', *, *, #3713, .F. ) ;
#2524 = ORIENTED_EDGE ( 'NONE', *, *, #4927, .F. ) ;
#2525 = CARTESIAN_POINT ( 'NONE',  ( 14.20718148516856338, -11.85043820678514415, -14.13095278047858017 ) ) ;
#2526 = SURFACE_STYLE_USAGE ( .BOTH. , #1963 ) ;
#2527 = ADVANCED_FACE ( 'NONE', ( #1328 ), #5538, .F. ) ;
#2528 = CARTESIAN_POINT ( 'NONE',  ( 29.05182871386014654, 5.122621241174355688, 6.750000000000000888 ) ) ;
#2529 = ORIENTED_EDGE ( 'NONE', *, *, #701, .T. ) ;
#2530 = CARTESIAN_POINT ( 'NONE',  ( -18.94888789697209930, -3.909340673672835997, -18.75000000000000355 ) ) ;
#2531 = ORIENTED_EDGE ( 'NONE', *, *, #4099, .F. ) ;
#2532 = EDGE_CURVE ( 'NONE', #3371, #5144, #3213, .T. ) ;
#2533 = VERTEX_POINT ( 'NONE', #3785 ) ;
#2534 = DIRECTION ( 'NONE',  ( 0.4999999999999923395, -0.8660254037844431485, 0.000000000000000000 ) ) ;
#2535 = CARTESIAN_POINT ( 'NONE',  ( -8.340400482306558061, -23.02491034425661809, -19.27103692871223473 ) ) ;
#2536 = CARTESIAN_POINT ( 'NONE',  ( -19.76022803212545753, -15.25320207882309553, -17.78783840234257951 ) ) ;
#2537 = CARTESIAN_POINT ( 'NONE',  ( -18.69155846397864806, -3.344090421534121838, -19.24829548201505247 ) ) ;
#2538 = FACE_BOUND ( 'NONE', #2681, .T. ) ;
#2539 = VERTEX_POINT ( 'NONE', #237 ) ;
#2540 = EDGE_CURVE ( 'NONE', #2703, #1927, #4206, .T. ) ;
#2541 = CARTESIAN_POINT ( 'NONE',  ( 5.914308261917219589, -18.54633804759690818, -18.75000000000000355 ) ) ;
#2542 = CARTESIAN_POINT ( 'NONE',  ( -20.03624492824655334, -14.95272533795023406, -13.82101041438893674 ) ) ;
#2543 = CARTESIAN_POINT ( 'NONE',  ( 24.57328981265088430, 4.599931916543509303, -18.17914030857284757 ) ) ;
#2544 = CARTESIAN_POINT ( 'NONE',  ( 0.000000000000000000, -0.000000000000000000, -17.75000000000000355 ) ) ;
#2545 =( BOUNDED_SURFACE ( )  B_SPLINE_SURFACE ( 3, 2, ( 
 ( #3561, #3529, #4083 ),
 ( #471, #2475, #5193 ),
 ( #904, #2971, #5164 ),
 ( #3035, #1499, #6132 ) ),
 .UNSPECIFIED., .F., .F., .T. ) 
 B_SPLINE_SURFACE_WITH_KNOTS ( ( 4, 4 ),
 ( 3, 3 ),
 ( 0.02294819146188745856, 0.02438233958186703659 ),
 ( 0.1879833974460788371, 1.000000000000000000 ),
 .UNSPECIFIED. ) 
 GEOMETRIC_REPRESENTATION_ITEM ( )  RATIONAL_B_SPLINE_SURFACE ( (
 ( 0.9135301774684765341, 0.7700067566968872290, 1.000000000000000000),
 ( 0.9135686541207770350, 0.7701090972568074289, 1.000000000000000000),
 ( 0.9136086338143509789, 0.7702154356199741869, 1.000000000000000000),
 ( 0.9136503079766207236, 0.7703262809468377492, 1.000000000000000000) ) ) 
 REPRESENTATION_ITEM ( '' )  SURFACE ( )  );
#2546 = CARTESIAN_POINT ( 'NONE',  ( 16.13814482490578328, 19.09352663516711601, -18.50777622429792046 ) ) ;
#2547 = ORIENTED_EDGE ( 'NONE', *, *, #4541, .F. ) ;
#2548 = CARTESIAN_POINT ( 'NONE',  ( -10.08959422810705497, -27.72093231318435613, -5.249999999999999112 ) ) ;
#2549 = ORIENTED_EDGE ( 'NONE', *, *, #6620, .F. ) ;
#2550 = CARTESIAN_POINT ( 'NONE',  ( -6.059837683080086634, 17.46689850817228162, -17.72258545728806212 ) ) ;
#2551 = CARTESIAN_POINT ( 'NONE',  ( 15.89816750184628802, 18.29523925545975871, -18.75000000000000355 ) ) ;
#2552 = ADVANCED_FACE ( 'NONE', ( #2201 ), #5346, .F. ) ;
#2553 = DIRECTION ( 'NONE',  ( 1.000000000000000000, 0.000000000000000000, 0.000000000000000000 ) ) ;
#2554 = FACE_OUTER_BOUND ( 'NONE', #5784, .T. ) ;
#2555 = ORIENTED_EDGE ( 'NONE', *, *, #1118, .F. ) ;
#2556 = ORIENTED_EDGE ( 'NONE', *, *, #5140, .F. ) ;
#2557 = ORIENTED_EDGE ( 'NONE', *, *, #4480, .T. ) ;
#2558 = ADVANCED_FACE ( 'NONE', ( #4325 ), #3477, .F. ) ;
#2559 = DIRECTION ( 'NONE',  ( -0.3535533905932772281, -0.6123724356957941373, -0.7071067811865462405 ) ) ;
#2560 = DIRECTION ( 'NONE',  ( 0.000000000000000000, 0.000000000000000000, -1.000000000000000000 ) ) ;
#2561 = CARTESIAN_POINT ( 'NONE',  ( -2.499999999999999556, 19.18332609325088001, -14.25000000000000178 ) ) ;
#2562 = DIRECTION ( 'NONE',  ( 1.000000000000000000, 0.000000000000000000, 0.000000000000000000 ) ) ;
#2563 = DIRECTION ( 'NONE',  ( -0.000000000000000000, -0.000000000000000000, -1.000000000000000000 ) ) ;
#2564 = ORIENTED_EDGE ( 'NONE', *, *, #62, .T. ) ;
#2565 = B_SPLINE_CURVE_WITH_KNOTS ( 'NONE', 3,
 ( #4366, #755, #1312, #4977 ),
 .UNSPECIFIED., .F., .F.,
 ( 4, 4 ),
 ( 0.0003939899509912101762, 0.001651559497339058101 ),
 .UNSPECIFIED. ) ;
#2566 = FACE_OUTER_BOUND ( 'NONE', #1276, .T. ) ;
#2567 = CARTESIAN_POINT ( 'NONE',  ( 5.684894228234323776, 18.65293482575297190, -18.75000000000000355 ) ) ;
#2568 = CIRCLE ( 'NONE', #4986, 1.899999999999999023 ) ;
#2569 = CARTESIAN_POINT ( 'NONE',  ( -19.31240501497831019, -14.03677358004468090, -17.75000000000000355 ) ) ;
#2570 = AXIS2_PLACEMENT_3D ( 'NONE', #1205, #2746, #5418 ) ;
#2571 = CARTESIAN_POINT ( 'NONE',  ( -19.15465653708902494, -3.660627571036532579, -18.73654230934887366 ) ) ;
#2572 = DIRECTION ( 'NONE',  ( -0.4999999999999919509, 0.8660254037844432595, 0.000000000000000000 ) ) ;
#2573 = ADVANCED_FACE ( 'NONE', ( #4936 ), #5984, .T. ) ;
#2574 = CARTESIAN_POINT ( 'NONE',  ( -18.81240501497831730, -14.90279898382913615, -18.75000000000000355 ) ) ;
#2575 = CARTESIAN_POINT ( 'NONE',  ( 0.000000000000000000, 0.000000000000000000, -17.75000000000000355 ) ) ;
#2576 = ORIENTED_EDGE ( 'NONE', *, *, #3159, .F. ) ;
#2577 = CIRCLE ( 'NONE', #6093, 18.50000000000000000 ) ;
#2578 = AXIS2_PLACEMENT_3D ( 'NONE', #5386, #650, #447 ) ;
#2579 = EDGE_CURVE ( 'NONE', #3893, #1017, #2126, .T. ) ;
#2580 = CARTESIAN_POINT ( 'NONE',  ( 19.79318038735550189, -14.70765885741253420, -18.09061600703659778 ) ) ;
#2581 = CARTESIAN_POINT ( 'NONE',  ( -13.27499999999998082, 18.83605253231154109, -18.75000000000000355 ) ) ;
#2582 = CARTESIAN_POINT ( 'NONE',  ( 24.60253203964367685, 4.440479666709181927, -18.51171498810927218 ) ) ;
#2583 = AXIS2_PLACEMENT_3D ( 'NONE', #3370, #2747, #1206 ) ;
#2584 = EDGE_CURVE ( 'NONE', #746, #1058, #2508, .T. ) ;
#2585 = CARTESIAN_POINT ( 'NONE',  ( -8.687289064568037844, 23.97812096730838149, -18.25722445815291550 ) ) ;
#2586 = CARTESIAN_POINT ( 'NONE',  ( -3.612708057484691604E-15, -29.50000000000000000, -6.750000000000000888 ) ) ;
#2587 = CARTESIAN_POINT ( 'NONE',  ( -23.47410951286823888, 4.998191986058245995, -18.75000000000000355 ) ) ;
#2588 = ORIENTED_EDGE ( 'NONE', *, *, #3728, .F. ) ;
#2589 = AXIS2_PLACEMENT_3D ( 'NONE', #5273, #1538, #6241 ) ;
#2590 = CARTESIAN_POINT ( 'NONE',  ( -16.20470628900352850, 19.25351645872218498, -18.59510411920975415 ) ) ;
#2591 = DIRECTION ( 'NONE',  ( 0.000000000000000000, 0.000000000000000000, 1.000000000000000000 ) ) ;
#2592 = ORIENTED_EDGE ( 'NONE', *, *, #2619, .T. ) ;
#2593 = CARTESIAN_POINT ( 'NONE',  ( -6.334422960333609076, 17.54275797935520487, -18.91163151065721237 ) ) ;
#2594 = CARTESIAN_POINT ( 'NONE',  ( 16.15838216916553449, 17.74561032129336269, -18.75000000000000355 ) ) ;
#2595 = DIRECTION ( 'NONE',  ( -0.000000000000000000, -0.000000000000000000, 1.000000000000000000 ) ) ;
#2596 = CARTESIAN_POINT ( 'NONE',  ( 0.000000000000000000, -0.000000000000000000, -17.75000000000000711 ) ) ;
#2597 = VERTEX_POINT ( 'NONE', #1680 ) ;
#2598 = EDGE_LOOP ( 'NONE', ( #3532, #881 ) ) ;
#2599 = CIRCLE ( 'NONE', #3492, 1.500000000000001776 ) ;
#2600 = ORIENTED_EDGE ( 'NONE', *, *, #5306, .T. ) ;
#2601 = CARTESIAN_POINT ( 'NONE',  ( -13.31146830012020743, 14.24973023235509650, -18.75000000000000355 ) ) ;
#2602 = FACE_OUTER_BOUND ( 'NONE', #2145, .T. ) ;
#2603 = CARTESIAN_POINT ( 'NONE',  ( -5.455230443401286600, -18.02594497629178605, -18.08331757544337393 ) ) ;
#2604 = CIRCLE ( 'NONE', #3052, 1.500000000000000444 ) ;
#2605 = ORIENTED_EDGE ( 'NONE', *, *, #2297, .T. ) ;
#2606 = LINE ( 'NONE', #559, #4718 ) ;
#2607 = EDGE_LOOP ( 'NONE', ( #352, #6622, #2531, #2088 ) ) ;
#2608 = CARTESIAN_POINT ( 'NONE',  ( -10.87500000000000888, -18.83605253231153398, -8.750000000000001776 ) ) ;
#2609 = CARTESIAN_POINT ( 'NONE',  ( -18.36223448575293915, 23.63754155655114531, -5.249999999999999112 ) ) ;
#2610 = AXIS2_PLACEMENT_3D ( 'NONE', #2942, #1852, #3431 ) ;
#2611 = CARTESIAN_POINT ( 'NONE',  ( 3.500000000000008882, 23.74342014116752964, -14.25000000000000178 ) ) ;
#2612 = DIRECTION ( 'NONE',  ( -0.000000000000000000, -0.000000000000000000, -1.000000000000000000 ) ) ;
#2613 = CARTESIAN_POINT ( 'NONE',  ( 5.340334732698440057, -17.71244830458891428, -17.75000000000000711 ) ) ;
#2614 = EDGE_CURVE ( 'NONE', #458, #4118, #4784, .T. ) ;
#2615 = LINE ( 'NONE', #6302, #3918 ) ;
#2616 = DIRECTION ( 'NONE',  ( -0.000000000000000000, -0.000000000000000000, -1.000000000000000000 ) ) ;
#2617 = VERTEX_POINT ( 'NONE', #3427 ) ;
#2618 = CIRCLE ( 'NONE', #4597, 25.00000000000000000 ) ;
#2619 = EDGE_CURVE ( 'NONE', #3420, #6829, #5061, .T. ) ;
#2620 = DIRECTION ( 'NONE',  ( -0.000000000000000000, -0.000000000000000000, -1.000000000000000000 ) ) ;
#2621 = VECTOR ( 'NONE', #1888, 1000.000000000000000 ) ;
#2622 = EDGE_CURVE ( 'NONE', #6814, #2539, #809, .T. ) ;
#2623 = EDGE_LOOP ( 'NONE', ( #6708, #857, #5996, #3113, #1 ) ) ;
#2624 = DIRECTION ( 'NONE',  ( -1.000000000000000000, 0.000000000000000000, 0.000000000000000000 ) ) ;
#2625 = ORIENTED_EDGE ( 'NONE', *, *, #4714, .T. ) ;
#2626 = AXIS2_PLACEMENT_3D ( 'NONE', #870, #4654, #3102 ) ;
#2627 = CARTESIAN_POINT ( 'NONE',  ( -16.15451044625623922, 17.74100701542736758, -18.75601038427238265 ) ) ;
#2628 = DIRECTION ( 'NONE',  ( -0.000000000000000000, -0.000000000000000000, 1.000000000000000000 ) ) ;
#2629 = VERTEX_POINT ( 'NONE', #5642 ) ;
#2630 = CARTESIAN_POINT ( 'NONE',  ( -13.21882446076620532, 14.33627401323058770, -18.75000000000000355 ) ) ;
#2631 = DIRECTION ( 'NONE',  ( -1.000000000000000000, 0.000000000000000000, 0.000000000000000000 ) ) ;
#2632 = AXIS2_PLACEMENT_3D ( 'NONE', #2691, #5301, #4346 ) ;
#2633 = CARTESIAN_POINT ( 'NONE',  ( 0.000000000000000000, 0.000000000000000000, -18.75000000000000355 ) ) ;
#2634 = EDGE_LOOP ( 'NONE', ( #1633, #3848, #946, #1740 ) ) ;
#2635 = ORIENTED_EDGE ( 'NONE', *, *, #5683, .F. ) ;
#2636 = ORIENTED_EDGE ( 'NONE', *, *, #5476, .T. ) ;
#2637 = CARTESIAN_POINT ( 'NONE',  ( 0.000000000000000000, 0.000000000000000000, -18.75000000000000355 ) ) ;
#2638 = CARTESIAN_POINT ( 'NONE',  ( 3.083964468920620483, 18.26675505407574818, -17.77495057610073914 ) ) ;
#2639 = ORIENTED_EDGE ( 'NONE', *, *, #2278, .F. ) ;
#2640 = DIRECTION ( 'NONE',  ( 0.000000000000000000, 0.000000000000000000, -1.000000000000000000 ) ) ;
#2641 = CARTESIAN_POINT ( 'NONE',  ( 19.81240501497811479, -14.90279898382939905, -10.75000000000000000 ) ) ;
#2642 = EDGE_LOOP ( 'NONE', ( #2275, #2523, #5886, #1851 ) ) ;
#2643 = CARTESIAN_POINT ( 'NONE',  ( -12.88251968916979529, -13.73639402871257431, -18.08208545539663703 ) ) ;
#2644 = CARTESIAN_POINT ( 'NONE',  ( 26.50000000000000355, 0.000000000000000000, -6.950000000000000178 ) ) ;
#2645 = CARTESIAN_POINT ( 'NONE',  ( -7.288958259316672184, -22.86637460320151760, -18.75000000000000355 ) ) ;
#2646 = CARTESIAN_POINT ( 'NONE',  ( -12.48427986608430551, 13.65303284141044315, -17.78385320917842449 ) ) ;
#2647 = EDGE_CURVE ( 'NONE', #5270, #5631, #6336, .T. ) ;
#2648 = CARTESIAN_POINT ( 'NONE',  ( -15.61324772583625276, -11.32371385419417109, -13.75000000000000178 ) ) ;
#2649 = DIRECTION ( 'NONE',  ( -1.000000000000000000, 0.000000000000000000, -0.000000000000000000 ) ) ;
#2650 = ORIENTED_EDGE ( 'NONE', *, *, #1280, .T. ) ;
#2651 = EDGE_CURVE ( 'NONE', #2738, #6751, #3040, .T. ) ;
#2652 = CARTESIAN_POINT ( 'NONE',  ( -22.63379639439227020, -9.787567608431404054, -18.09061600703659778 ) ) ;
#2653 = CARTESIAN_POINT ( 'NONE',  ( -6.280388743951103692, 17.40134239720752873, -18.75000000000000355 ) ) ;
#2654 = ORIENTED_EDGE ( 'NONE', *, *, #2225, .T. ) ;
#2655 = LINE ( 'NONE', #86, #6143 ) ;
#2656 = EDGE_CURVE ( 'NONE', #1110, #4935, #4682, .T. ) ;
#2657 = DIRECTION ( 'NONE',  ( 0.000000000000000000, 0.000000000000000000, 1.000000000000000000 ) ) ;
#2658 = ORIENTED_EDGE ( 'NONE', *, *, #4916, .T. ) ;
#2659 = CARTESIAN_POINT ( 'NONE',  ( -6.154333748162492235, -18.25508437404548090, -18.75000000000000355 ) ) ;
#2660 = DIRECTION ( 'NONE',  ( 0.000000000000000000, 0.000000000000000000, 1.000000000000000000 ) ) ;
#2661 = EDGE_CURVE ( 'NONE', #1368, #1466, #5005, .T. ) ;
#2662 = CARTESIAN_POINT ( 'NONE',  ( -12.24184648959004917, 14.51531925536051659, -19.24829548201505247 ) ) ;
#2663 = EDGE_LOOP ( 'NONE', ( #5978, #6159, #1478, #5152, #4619, #3930, #553, #827, #1896, #4967, #4271, #1862, #4626, #1606, #1269, #6034, #4209, #2103, #2480, #1228 ) ) ;
#2664 = EDGE_LOOP ( 'NONE', ( #5397, #3663, #5653, #2423, #2077 ) ) ;
#2665 = EDGE_CURVE ( 'NONE', #5793, #6380, #2020, .T. ) ;
#2666 = ORIENTED_EDGE ( 'NONE', *, *, #3340, .T. ) ;
#2667 = DIRECTION ( 'NONE',  ( -1.000000000000000000, 0.000000000000000000, 0.000000000000000000 ) ) ;
#2668 = ADVANCED_FACE ( 'NONE', ( #6136 ), #1690, .F. ) ;
#2669 = CARTESIAN_POINT ( 'NONE',  ( 18.36324772583612486, -6.560574133379988737, -5.750000000000000888 ) ) ;
#2670 = CARTESIAN_POINT ( 'NONE',  ( 17.61324772583611420, -7.859612239056644079, -14.25000000000000178 ) ) ;
#2671 = DIRECTION ( 'NONE',  ( 0.000000000000000000, 0.000000000000000000, -1.000000000000000000 ) ) ;
#2672 = DIRECTION ( 'NONE',  ( 0.000000000000000000, 0.000000000000000000, -1.000000000000000000 ) ) ;
#2673 = FACE_OUTER_BOUND ( 'NONE', #4280, .T. ) ;
#2674 = ORIENTED_EDGE ( 'NONE', *, *, #440, .F. ) ;
#2675 = DIRECTION ( 'NONE',  ( -0.000000000000000000, -0.000000000000000000, 1.000000000000000000 ) ) ;
#2676 = CARTESIAN_POINT ( 'NONE',  ( -18.11981512571183828, 26.37560046349702603, -5.249999999999999112 ) ) ;
#2677 = LINE ( 'NONE', #5832, #4382 ) ;
#2678 = AXIS2_PLACEMENT_3D ( 'NONE', #5181, #3653, #3157 ) ;
#2679 = CARTESIAN_POINT ( 'NONE',  ( 17.21277491685818717, -9.937800231748504132, -6.750000000000000888 ) ) ;
#2680 = DIRECTION ( 'NONE',  ( -1.000000000000000000, 0.000000000000000000, 0.000000000000000000 ) ) ;
#2681 = EDGE_LOOP ( 'NONE', ( #1950, #1419 ) ) ;
#2682 = CARTESIAN_POINT ( 'NONE',  ( 12.57602419231246316, -13.56871353129218427, -17.75000000000000711 ) ) ;
#2683 = CIRCLE ( 'NONE', #1003, 24.00000000000001066 ) ;
#2684 = CIRCLE ( 'NONE', #1894, 19.50000000000000000 ) ;
#2685 = EDGE_CURVE ( 'NONE', #1469, #430, #6106, .T. ) ;
#2686 = DIRECTION ( 'NONE',  ( 0.000000000000000000, 0.000000000000000000, -1.000000000000000000 ) ) ;
#2687 = CARTESIAN_POINT ( 'NONE',  ( 24.60890913697414106, 4.404794140247877188, -18.62880109420078512 ) ) ;
#2688 = AXIS2_PLACEMENT_3D ( 'NONE', #2321, #6462, #4400 ) ;
#2689 =( BOUNDED_SURFACE ( )  B_SPLINE_SURFACE ( 3, 2, ( 
 ( #4034, #4536, #5496 ),
 ( #5563, #5017, #4470 ),
 ( #1390, #356, #2886 ),
 ( #2396, #3932, #3519 ) ),
 .UNSPECIFIED., .F., .F., .F. ) 
 B_SPLINE_SURFACE_WITH_KNOTS ( ( 4, 4 ),
 ( 3, 3 ),
 ( 0.02292256358953810580, 0.02435681235376891893 ),
 ( 0.1879833979367950825, 1.000000000000000000 ),
 .UNSPECIFIED. ) 
 GEOMETRIC_REPRESENTATION_ITEM ( )  RATIONAL_B_SPLINE_SURFACE ( (
 ( 0.9136503078556490465, 0.7703262812246215452, 1.000000000000000000),
 ( 0.9136086307541276819, 0.7702154280801983832, 1.000000000000000000),
 ( 0.9135686483603946417, 0.7701090825354007796, 1.000000000000000000),
 ( 0.9135301692068644730, 0.7700067353229543832, 1.000000000000000000) ) ) 
 REPRESENTATION_ITEM ( '' )  SURFACE ( )  );
#2690 = ORIENTED_EDGE ( 'NONE', *, *, #6484, .F. ) ;
#2691 = CARTESIAN_POINT ( 'NONE',  ( 18.83605253231163701, 10.87499999999982592, -18.75000000000000355 ) ) ;
#2692 = LINE ( 'NONE', #4656, #5446 ) ;
#2693 = AXIS2_PLACEMENT_3D ( 'NONE', #3654, #5722, #987 ) ;
#2694 = ORIENTED_EDGE ( 'NONE', *, *, #5128, .T. ) ;
#2695 = AXIS2_PLACEMENT_3D ( 'NONE', #533, #597, #494 ) ;
#2696 = PLANE ( 'NONE',  #2709 ) ;
#2697 = CARTESIAN_POINT ( 'NONE',  ( -23.64999999999999858, 3.469446951953614189E-15, -8.750000000000001776 ) ) ;
#2698 = DIRECTION ( 'NONE',  ( 1.000000000000000000, 0.000000000000000000, 0.000000000000000000 ) ) ;
#2699 = ADVANCED_FACE ( 'NONE', ( #6697 ), #3447, .F. ) ;
#2700 = VECTOR ( 'NONE', #2591, 1000.000000000000000 ) ;
#2701 = CIRCLE ( 'NONE', #3590, 25.00000000000000000 ) ;
#2702 = CARTESIAN_POINT ( 'NONE',  ( 0.000000000000000000, 0.000000000000000000, -18.75000000000000355 ) ) ;
#2703 = VERTEX_POINT ( 'NONE', #2940 ) ;
#2704 = ORIENTED_EDGE ( 'NONE', *, *, #157, .T. ) ;
#2705 = VERTEX_POINT ( 'NONE', #6730 ) ;
#2706 = ADVANCED_FACE ( 'NONE', ( #4589 ), #5030, .T. ) ;
#2707 = CARTESIAN_POINT ( 'NONE',  ( -3.083447727531396954, 18.26695522865091448, -17.77506068047813059 ) ) ;
#2708 = DIRECTION ( 'NONE',  ( 0.000000000000000000, 0.000000000000000000, 1.000000000000000000 ) ) ;
#2709 = AXIS2_PLACEMENT_3D ( 'NONE', #4796, #53, #1705 ) ;
#2710 = EDGE_CURVE ( 'NONE', #6224, #5603, #5108, .T. ) ;
#2711 = CARTESIAN_POINT ( 'NONE',  ( 2.726873590472483677, 24.85176411071388003, -13.75000000000000355 ) ) ;
#2712 = DIRECTION ( 'NONE',  ( 0.8660254037844361541, -0.5000000000000043299, 0.000000000000000000 ) ) ;
#2713 = DIRECTION ( 'NONE',  ( 0.000000000000000000, 0.000000000000000000, -1.000000000000000000 ) ) ;
#2714 = AXIS2_PLACEMENT_3D ( 'NONE', #4429, #6014, #824 ) ;
#2715 = ORIENTED_EDGE ( 'NONE', *, *, #3265, .F. ) ;
#2716 = DIRECTION ( 'NONE',  ( -1.000000000000000000, 0.000000000000000000, 0.000000000000000000 ) ) ;
#2717 = CARTESIAN_POINT ( 'NONE',  ( 17.36324772583612486, -6.560574133379988737, -5.750000000000000888 ) ) ;
#2718 = CARTESIAN_POINT ( 'NONE',  ( 0.6983463513621702701, -31.99285208517484236, -6.183179191451041667 ) ) ;
#2719 = VECTOR ( 'NONE', #3560, 1000.000000000000000 ) ;
#2720 = CARTESIAN_POINT ( 'NONE',  ( -29.05182871386008259, 5.122621241174761586, -6.750000000000000888 ) ) ;
#2721 = DIRECTION ( 'NONE',  ( -0.000000000000000000, -0.000000000000000000, -1.000000000000000000 ) ) ;
#2722 = ORIENTED_EDGE ( 'NONE', *, *, #777, .T. ) ;
#2723 = VECTOR ( 'NONE', #4688, 1000.000000000000000 ) ;
#2724 = DIRECTION ( 'NONE',  ( -1.000000000000000000, 0.000000000000000000, 0.000000000000000000 ) ) ;
#2725 = CARTESIAN_POINT ( 'NONE',  ( 23.44734042848217825, 5.120764281908062543, -18.75000000000000355 ) ) ;
#2726 = VECTOR ( 'NONE', #5878, 1000.000000000000227 ) ;
#2727 = DIRECTION ( 'NONE',  ( 0.5000000000000051070, 0.8660254037844358210, 0.000000000000000000 ) ) ;
#2728 = VERTEX_POINT ( 'NONE', #2516 ) ;
#2729 = CARTESIAN_POINT ( 'NONE',  ( -16.61946296363938202, 18.67632304544892108, -17.78491152439199752 ) ) ;
#2730 = CARTESIAN_POINT ( 'NONE',  ( 18.83605253231163701, 10.87499999999982592, -12.75000000000000178 ) ) ;
#2731 = AXIS2_PLACEMENT_3D ( 'NONE', #1721, #2713, #2142 ) ;
#2732 = VERTEX_POINT ( 'NONE', #4014 ) ;
#2733 = CARTESIAN_POINT ( 'NONE',  ( -24.43268748899086518, 5.295638022496374830, -17.75000000000000355 ) ) ;
#2734 = DIRECTION ( 'NONE',  ( 1.000000000000000000, 0.000000000000000000, 0.000000000000000000 ) ) ;
#2735 = CARTESIAN_POINT ( 'NONE',  ( -22.63379639439227020, -9.787567608431404054, -18.09061600703659778 ) ) ;
#2736 = AXIS2_PLACEMENT_3D ( 'NONE', #5285, #6259, #2995 ) ;
#2737 = CARTESIAN_POINT ( 'NONE',  ( 10.87500000000000178, 18.83605253231153753, -18.75000000000000355 ) ) ;
#2738 = VERTEX_POINT ( 'NONE', #2443 ) ;
#2739 = ORIENTED_EDGE ( 'NONE', *, *, #3049, .T. ) ;
#2740 = B_SPLINE_CURVE_WITH_KNOTS ( 'NONE', 3,
 ( #2955, #6113, #2638, #4126, #4743, #885 ),
 .UNSPECIFIED., .F., .F.,
 ( 4, 2, 4 ),
 ( 4.336808689942017736E-19, 0.0003657429268245238757, 0.0007314858536490473177 ),
 .UNSPECIFIED. ) ;
#2741 = ORIENTED_EDGE ( 'NONE', *, *, #5476, .F. ) ;
#2742 =( BOUNDED_SURFACE ( )  B_SPLINE_SURFACE ( 3, 2, ( 
 ( #4422, #2875, #210 ),
 ( #4872, #3858, #6490 ),
 ( #1133, #5356, #2176 ),
 ( #624, #6422, #5937 ) ),
 .UNSPECIFIED., .F., .F., .T. ) 
 B_SPLINE_SURFACE_WITH_KNOTS ( ( 4, 4 ),
 ( 3, 3 ),
 ( 0.01930857556307356837, 0.02074190177765421542 ),
 ( 0.000000000000000000, 0.7968612372486106876 ),
 .UNSPECIFIED. ) 
 GEOMETRIC_REPRESENTATION_ITEM ( )  RATIONAL_B_SPLINE_SURFACE ( (
 ( 1.000000000000000000, 0.7559064253551377455, 0.9008302665021576949),
 ( 1.000000000000000000, 0.7557124412047500073, 0.9007514551015511906),
 ( 1.000000000000000000, 0.7555079541592553127, 0.9006683766107101974),
 ( 1.000000000000000000, 0.7552910436305794173, 0.9005802507378644073) ) ) 
 REPRESENTATION_ITEM ( '' )  SURFACE ( )  );
#2743 = CIRCLE ( 'NONE', #4070, 18.50000000000000711 ) ;
#2744 = CARTESIAN_POINT ( 'NONE',  ( -16.15838216916565884, -17.74561032129325255, -18.75000000000000355 ) ) ;
#2745 = DIRECTION ( 'NONE',  ( 0.000000000000000000, 0.000000000000000000, -1.000000000000000000 ) ) ;
#2746 = DIRECTION ( 'NONE',  ( 0.000000000000000000, 0.000000000000000000, -1.000000000000000000 ) ) ;
#2747 = DIRECTION ( 'NONE',  ( -0.000000000000000000, -0.000000000000000000, -1.000000000000000000 ) ) ;
#2748 = VERTEX_POINT ( 'NONE', #4553 ) ;
#2749 = AXIS2_PLACEMENT_3D ( 'NONE', #4474, #6643, #2889 ) ;
#2750 = EDGE_LOOP ( 'NONE', ( #2223, #5724, #5495, #2639, #1669, #4966 ) ) ;
#2751 = LINE ( 'NONE', #2211, #3613 ) ;
#2752 = EDGE_CURVE ( 'NONE', #1230, #5667, #1585, .T. ) ;
#2753 = B_SPLINE_CURVE_WITH_KNOTS ( 'NONE', 3,
 ( #6758, #972, #3101, #1364 ),
 .UNSPECIFIED., .F., .F.,
 ( 4, 4 ),
 ( 0.000000000000000000, 0.001415357249055940918 ),
 .UNSPECIFIED. ) ;
#2754 = EDGE_CURVE ( 'NONE', #6240, #4937, #1629, .T. ) ;
#2755 = CARTESIAN_POINT ( 'NONE',  ( 22.06571939074975930, -9.852897684164116043, -17.75000000000000355 ) ) ;
#2756 = DIRECTION ( 'NONE',  ( -0.000000000000000000, -0.000000000000000000, 1.000000000000000000 ) ) ;
#2757 = VERTEX_POINT ( 'NONE', #4219 ) ;
#2758 = DIRECTION ( 'NONE',  ( -0.000000000000000000, -0.000000000000000000, -1.000000000000000000 ) ) ;
#2759 = DIRECTION ( 'NONE',  ( 1.000000000000000000, 1.734723475976805517E-15, 0.000000000000000000 ) ) ;
#2760 = DIRECTION ( 'NONE',  ( -0.4999999999999919509, 0.8660254037844432595, 0.000000000000000000 ) ) ;
#2761 = EDGE_LOOP ( 'NONE', ( #4201, #2092, #1275 ) ) ;
#2762 = EDGE_CURVE ( 'NONE', #2200, #5465, #3670, .T. ) ;
#2763 = CARTESIAN_POINT ( 'NONE',  ( -16.80250080122364764, 18.51150903694452410, -17.75000000000000355 ) ) ;
#2764 = CARTESIAN_POINT ( 'NONE',  ( 19.81240501497810769, -15.00383002272193522, -17.89764017374067961 ) ) ;
#2765 = VERTEX_POINT ( 'NONE', #2063 ) ;
#2766 = CARTESIAN_POINT ( 'NONE',  ( -23.44734042848210365, 5.120764281908393833, -18.75000000000000355 ) ) ;
#2767 = CARTESIAN_POINT ( 'NONE',  ( -17.69289003169194174, 3.168111265663441589, -18.23526651095309603 ) ) ;
#2768 = ORIENTED_EDGE ( 'NONE', *, *, #2401, .T. ) ;
#2769 = EDGE_LOOP ( 'NONE', ( #3112, #3958, #2031, #6214 ) ) ;
#2770 = ORIENTED_EDGE ( 'NONE', *, *, #28, .F. ) ;
#2771 = EDGE_CURVE ( 'NONE', #58, #2902, #3256, .T. ) ;
#2772 = CARTESIAN_POINT ( 'NONE',  ( -2.500000000000000000, 19.87560046349701892, -6.150000000000001243 ) ) ;
#2773 = DIRECTION ( 'NONE',  ( -1.000000000000000000, 0.000000000000000000, 0.000000000000000000 ) ) ;
#2774 = CARTESIAN_POINT ( 'NONE',  ( 7.288958259316672184, 22.86637460320151760, -18.75000000000000355 ) ) ;
#2775 = CARTESIAN_POINT ( 'NONE',  ( -23.47410925987789554, -4.998193144465608029, -18.75000000000000711 ) ) ;
#2776 = CARTESIAN_POINT ( 'NONE',  ( -1.499999999999998668, -21.75000000000000000, -12.75000000000000178 ) ) ;
#2777 = CARTESIAN_POINT ( 'NONE',  ( 18.83605253231163701, 10.87499999999982592, -12.75000000000000178 ) ) ;
#2778 = EDGE_CURVE ( 'NONE', #4576, #5793, #2692, .T. ) ;
#2779 = ORIENTED_EDGE ( 'NONE', *, *, #5313, .F. ) ;
#2780 = CARTESIAN_POINT ( 'NONE',  ( -12.66926282864351805, -13.48108969552356839, -17.75000000000000711 ) ) ;
#2781 = CARTESIAN_POINT ( 'NONE',  ( 18.21019894790848070, 3.261695000700221225, -18.75000000000000355 ) ) ;
#2782 = CARTESIAN_POINT ( 'NONE',  ( -25.54774941164087210, 14.75000000000012434, -6.750000000000000888 ) ) ;
#2783 = CARTESIAN_POINT ( 'NONE',  ( 23.17806824576621949, -9.370558059361689729, -14.12959002567400013 ) ) ;
#2784 = ORIENTED_EDGE ( 'NONE', *, *, #4071, .F. ) ;
#2785 = DIRECTION ( 'NONE',  ( 0.000000000000000000, 0.000000000000000000, -1.000000000000000000 ) ) ;
#2786 = EDGE_CURVE ( 'NONE', #5998, #5045, #6542, .T. ) ;
#2787 = CARTESIAN_POINT ( 'NONE',  ( 3.320512820512826480, 18.19956578077647080, -14.25000000000000178 ) ) ;
#2788 = CARTESIAN_POINT ( 'NONE',  ( 16.80250080122391054, 18.51150903694428251, -17.75000000000000355 ) ) ;
#2789 = EDGE_CURVE ( 'NONE', #2060, #1018, #4247, .T. ) ;
#2790 = VERTEX_POINT ( 'NONE', #4290 ) ;
#2791 = B_SPLINE_CURVE_WITH_KNOTS ( 'NONE', 3,
 ( #5013, #1446, #927, #4568, #5149, #3995, #2530, #4640, #6674, #5043 ),
 .UNSPECIFIED., .F., .F.,
 ( 4, 2, 2, 2, 4 ),
 ( 3.878959614448864246E-18, 0.0003731557972044674391, 0.0007463115944089309750, 0.001119467391613394565, 0.001492623188817858047 ),
 .UNSPECIFIED. ) ;
#2792 = CARTESIAN_POINT ( 'NONE',  ( -25.00000000000000000, 3.061616997868383043E-15, -6.950000000000000178 ) ) ;
#2793 = LINE ( 'NONE', #1672, #1023 ) ;
#2794 = VERTEX_POINT ( 'NONE', #6279 ) ;
#2795 = EDGE_CURVE ( 'NONE', #1772, #2111, #3589, .T. ) ;
#2796 = CARTESIAN_POINT ( 'NONE',  ( 7.402203404874025949, 23.17863773725608922, -18.41809325752504378 ) ) ;
#2797 = AXIS2_PLACEMENT_3D ( 'NONE', #2830, #643, #3845 ) ;
#2798 = TOROIDAL_SURFACE ( 'NONE', #6529, 1.500000000000000000, 0.5000000000000000000 ) ;
#2799 = CARTESIAN_POINT ( 'NONE',  ( 7.288958259316672184, 22.86637460320151760, -18.75000000000000355 ) ) ;
#2800 = EDGE_LOOP ( 'NONE', ( #888, #4768, #2319, #2939, #4052 ) ) ;
#2801 = AXIS2_PLACEMENT_3D ( 'NONE', #4983, #6575, #4035 ) ;
#2802 = AXIS2_PLACEMENT_3D ( 'NONE', #1556, #5359, #1139 ) ;
#2803 = ORIENTED_EDGE ( 'NONE', *, *, #4103, .T. ) ;
#2804 = ORIENTED_EDGE ( 'NONE', *, *, #6183, .T. ) ;
#2805 = DIRECTION ( 'NONE',  ( -0.000000000000000000, -0.000000000000000000, -1.000000000000000000 ) ) ;
#2806 = FACE_OUTER_BOUND ( 'NONE', #2800, .T. ) ;
#2807 = B_SPLINE_CURVE_WITH_KNOTS ( 'NONE', 3,
 ( #1496, #1604, #3741, #4690, #2158, #5808, #1077, #4212 ),
 .UNSPECIFIED., .F., .F.,
 ( 4, 2, 2, 4 ),
 ( -0.0006547701993731384895, -0.0002798739370123077869, 9.502232534852291575E-05, 0.0008448148500701862726 ),
 .UNSPECIFIED. ) ;
#2808 = CARTESIAN_POINT ( 'NONE',  ( -29.65182871386009111, 4.083390756633438201, -6.750000000000000888 ) ) ;
#2809 = AXIS2_PLACEMENT_3D ( 'NONE', #241, #2872, #3299 ) ;
#2810 = CARTESIAN_POINT ( 'NONE',  ( -18.63839909329863787, 3.516826103021017058, -18.75000000000000355 ) ) ;
#2811 = ORIENTED_EDGE ( 'NONE', *, *, #2401, .F. ) ;
#2812 = VECTOR ( 'NONE', #3130, 1000.000000000000114 ) ;
#2813 = CARTESIAN_POINT ( 'NONE',  ( 19.81240501497811479, -14.90279898382939727, -17.95837217869798152 ) ) ;
#2814 = CARTESIAN_POINT ( 'NONE',  ( 0.8683321251295558207, -31.98865287266450252, -6.231158178779187651 ) ) ;
#2815 = VECTOR ( 'NONE', #5839, 1000.000000000000000 ) ;
#2816 = DIRECTION ( 'NONE',  ( -0.000000000000000000, 0.000000000000000000, -1.000000000000000000 ) ) ;
#2817 = EDGE_LOOP ( 'NONE', ( #2837, #3230 ) ) ;
#2818 = AXIS2_PLACEMENT_3D ( 'NONE', #2240, #2873, #2773 ) ;
#2819 = LINE ( 'NONE', #45, #3738 ) ;
#2820 = EDGE_CURVE ( 'NONE', #954, #4918, #512, .T. ) ;
#2821 = FACE_OUTER_BOUND ( 'NONE', #5709, .T. ) ;
#2822 = LINE ( 'NONE', #6404, #2512 ) ;
#2823 = ORIENTED_EDGE ( 'NONE', *, *, #426, .F. ) ;
#2824 = AXIS2_PLACEMENT_3D ( 'NONE', #3650, #5823, #63 ) ;
#2825 = EDGE_CURVE ( 'NONE', #4483, #1513, #1371, .T. ) ;
#2826 = CARTESIAN_POINT ( 'NONE',  ( -22.75373555909132151, -9.740492215604600545, -17.99910562987176377 ) ) ;
#2827 = CARTESIAN_POINT ( 'NONE',  ( 6.291350453567777556, 18.10136644195139866, -18.39848152564073658 ) ) ;
#2828 = EDGE_LOOP ( 'NONE', ( #1005, #4835, #3922, #2868 ) ) ;
#2829 = EDGE_CURVE ( 'NONE', #5028, #3208, #5775, .T. ) ;
#2830 = CARTESIAN_POINT ( 'NONE',  ( 10.87500000000000178, 18.83605253231153753, -18.24999999999999645 ) ) ;
#2831 = AXIS2_PLACEMENT_3D ( 'NONE', #4642, #1420, #1485 ) ;
#2832 = EDGE_CURVE ( 'NONE', #1265, #4383, #5223, .T. ) ;
#2833 = CARTESIAN_POINT ( 'NONE',  ( 0.000000000000000000, 0.000000000000000000, -5.250000000000000000 ) ) ;
#2834 = EDGE_LOOP ( 'NONE', ( #635, #514, #5814, #2451, #2415, #5645 ) ) ;
#2835 = CIRCLE ( 'NONE', #6689, 1.899999999999999023 ) ;
#2836 = CARTESIAN_POINT ( 'NONE',  ( 12.05510259149260399, -14.03396412252880054, -18.26740258996976252 ) ) ;
#2837 = ORIENTED_EDGE ( 'NONE', *, *, #1103, .T. ) ;
#2838 = ORIENTED_EDGE ( 'NONE', *, *, #1079, .T. ) ;
#2839 = CARTESIAN_POINT ( 'NONE',  ( -14.74689997892393301, -11.96720874348699759, -18.24045679478919624 ) ) ;
#2840 = CARTESIAN_POINT ( 'NONE',  ( -6.226338646284344414, -17.42084983618823202, -18.50272108452413633 ) ) ;
#2841 = CARTESIAN_POINT ( 'NONE',  ( -8.475000000000024514, -18.83605253231153398, -18.75000000000000355 ) ) ;
#2842 = CIRCLE ( 'NONE', #1514, 19.50000000000000000 ) ;
#2843 = CIRCLE ( 'NONE', #6576, 1.500000000000000222 ) ;
#2844 = CARTESIAN_POINT ( 'NONE',  ( -16.93203004945721446, -7.453613781534289551, -5.950000000000000178 ) ) ;
#2845 = FACE_OUTER_BOUND ( 'NONE', #4031, .T. ) ;
#2846 = CARTESIAN_POINT ( 'NONE',  ( -15.89810569217213398, 18.29615208882970734, -18.75000000000000355 ) ) ;
#2847 = EDGE_LOOP ( 'NONE', ( #5544, #6262, #6348, #4226 ) ) ;
#2848 = ADVANCED_FACE ( 'NONE', ( #1571 ), #1609, .T. ) ;
#2849 = VECTOR ( 'NONE', #4898, 1000.000000000000000 ) ;
#2850 = CARTESIAN_POINT ( 'NONE',  ( -6.298063266354315459, 17.65228819224949675, -18.75000000000000355 ) ) ;
#2851 = CARTESIAN_POINT ( 'NONE',  ( -16.37310300549320630, 18.00090396533295234, -18.41667154759604585 ) ) ;
#2852 = CIRCLE ( 'NONE', #1836, 1.000000000000000888 ) ;
#2853 = FACE_OUTER_BOUND ( 'NONE', #3192, .T. ) ;
#2854 = ORIENTED_EDGE ( 'NONE', *, *, #6148, .T. ) ;
#2855 = AXIS2_PLACEMENT_3D ( 'NONE', #2185, #4851, #4819 ) ;
#2856 = DIRECTION ( 'NONE',  ( 1.000000000000000000, 0.000000000000000000, 0.000000000000000000 ) ) ;
#2857 = EDGE_CURVE ( 'NONE', #2617, #1277, #1085, .T. ) ;
#2858 = CARTESIAN_POINT ( 'NONE',  ( 12.77500000000000213, -18.83605253231153753, -8.750000000000001776 ) ) ;
#2859 = DIRECTION ( 'NONE',  ( 0.000000000000000000, 0.000000000000000000, 1.000000000000000000 ) ) ;
#2860 = VERTEX_POINT ( 'NONE', #4794 ) ;
#2861 = CARTESIAN_POINT ( 'NONE',  ( -23.24208855726903522, -9.208980372227097533, -17.75000000000000355 ) ) ;
#2862 = EDGE_LOOP ( 'NONE', ( #1303, #1753, #4094, #5783 ) ) ;
#2863 = CARTESIAN_POINT ( 'NONE',  ( 22.31240501497814677, -8.840621157338329539, -18.75000000000000355 ) ) ;
#2864 = CARTESIAN_POINT ( 'NONE',  ( -18.50000000000000000, 0.000000000000000000, -18.75000000000000355 ) ) ;
#2865 = DIRECTION ( 'NONE',  ( 0.8660254037844351549, -0.5000000000000059952, 6.009258394948607726E-15 ) ) ;
#2866 = EDGE_CURVE ( 'NONE', #1491, #6398, #2132, .T. ) ;
#2867 = DIRECTION ( 'NONE',  ( 0.000000000000000000, 0.000000000000000000, -1.000000000000000000 ) ) ;
#2868 = ORIENTED_EDGE ( 'NONE', *, *, #3933, .F. ) ;
#2869 = ORIENTED_EDGE ( 'NONE', *, *, #1799, .F. ) ;
#2870 = ORIENTED_EDGE ( 'NONE', *, *, #4807, .F. ) ;
#2871 = CARTESIAN_POINT ( 'NONE',  ( 0.000000000000000000, 0.000000000000000000, -18.75000000000000355 ) ) ;
#2872 = DIRECTION ( 'NONE',  ( -0.000000000000000000, -0.000000000000000000, -1.000000000000000000 ) ) ;
#2873 = DIRECTION ( 'NONE',  ( -0.000000000000000000, -0.000000000000000000, -1.000000000000000000 ) ) ;
#2874 = LINE ( 'NONE', #1336, #3021 ) ;
#2875 = CARTESIAN_POINT ( 'NONE',  ( 19.15465653708900007, 3.660627571036666694, -18.73654230934887721 ) ) ;
#2876 = EDGE_CURVE ( 'NONE', #2533, #347, #5196, .T. ) ;
#2877 = CARTESIAN_POINT ( 'NONE',  ( -15.90293567065215541, 18.54254979748474952, -18.75000000000000355 ) ) ;
#2878 = ORIENTED_EDGE ( 'NONE', *, *, #3680, .T. ) ;
#2879 = VERTEX_POINT ( 'NONE', #667 ) ;
#2880 = CARTESIAN_POINT ( 'NONE',  ( -25.10930642499130627, 4.465647463720160637, -18.25722445815090111 ) ) ;
#2881 = CARTESIAN_POINT ( 'NONE',  ( -8.889594228107053908, -27.72093231318435613, -6.750000000000000888 ) ) ;
#2882 = ORIENTED_EDGE ( 'NONE', *, *, #4852, .T. ) ;
#2883 = DIRECTION ( 'NONE',  ( 0.000000000000000000, 0.000000000000000000, 1.000000000000000000 ) ) ;
#2884 = DIRECTION ( 'NONE',  ( 0.000000000000000000, 0.000000000000000000, 1.000000000000000000 ) ) ;
#2885 = VERTEX_POINT ( 'NONE', #5953 ) ;
#2886 = CARTESIAN_POINT ( 'NONE',  ( 16.58984904668477967, -18.25862981230687154, -18.08017044162407672 ) ) ;
#2887 = CARTESIAN_POINT ( 'NONE',  ( 14.71277491685819783, -9.937800231748504132, -5.950000000000000178 ) ) ;
#2888 = EDGE_CURVE ( 'NONE', #746, #4767, #2793, .T. ) ;
#2889 = DIRECTION ( 'NONE',  ( 1.000000000000000000, 0.000000000000000000, 0.000000000000000000 ) ) ;
#2890 = ORIENTED_EDGE ( 'NONE', *, *, #2661, .F. ) ;
#2891 = EDGE_CURVE ( 'NONE', #113, #4686, #2280, .T. ) ;
#2892 = DIRECTION ( 'NONE',  ( 0.4999999999999923395, -0.8660254037844431485, 0.000000000000000000 ) ) ;
#2893 = CARTESIAN_POINT ( 'NONE',  ( -18.00959756134187018, -4.231358609065061671, -17.75000000000000711 ) ) ;
#2894 = CARTESIAN_POINT ( 'NONE',  ( 27.62724588022864225, 16.14826342703970852, -6.099663908404142632 ) ) ;
#2895 = CARTESIAN_POINT ( 'NONE',  ( 16.61946296363951348, -18.67632304544880384, -17.78491152439199752 ) ) ;
#2896 = CARTESIAN_POINT ( 'NONE',  ( -2.500000000000000000, 9.184850993605147944E-16, -13.75000000000000178 ) ) ;
#2897 = CARTESIAN_POINT ( 'NONE',  ( -27.12274941164088560, 12.02201997807914857, -6.750000000000000888 ) ) ;
#2898 = LINE ( 'NONE', #4993, #5875 ) ;
#2899 = FACE_BOUND ( 'NONE', #6550, .T. ) ;
#2900 = ORIENTED_EDGE ( 'NONE', *, *, #2540, .F. ) ;
#2901 = B_SPLINE_CURVE_WITH_KNOTS ( 'NONE', 3,
 ( #6711, #4097, #1479, #1382, #2525, #4531 ),
 .UNSPECIFIED., .F., .F.,
 ( 4, 2, 4 ),
 ( 0.000000000000000000, 0.0006079252980687499574, 0.001215850596137499915 ),
 .UNSPECIFIED. ) ;
#2902 = VERTEX_POINT ( 'NONE', #5441 ) ;
#2903 = AXIS2_PLACEMENT_3D ( 'NONE', #5547, #6732, #1437 ) ;
#2904 = ORIENTED_EDGE ( 'NONE', *, *, #5910, .F. ) ;
#2905 = DIRECTION ( 'NONE',  ( 0.000000000000000000, -1.000000000000000000, 0.000000000000000000 ) ) ;
#2906 = VECTOR ( 'NONE', #5086, 1000.000000000000000 ) ;
#2907 = CARTESIAN_POINT ( 'NONE',  ( -14.10102989374210480, -11.97543134654413244, -17.75000000000000711 ) ) ;
#2908 = DIRECTION ( 'NONE',  ( 0.000000000000000000, 0.000000000000000000, -1.000000000000000000 ) ) ;
#2909 = EDGE_CURVE ( 'NONE', #1241, #1699, #2249, .T. ) ;
#2910 = CIRCLE ( 'NONE', #789, 0.4999999999999997780 ) ;
#2911 = VECTOR ( 'NONE', #382, 1000.000000000000000 ) ;
#2912 = DIRECTION ( 'NONE',  ( -0.7071067811865526798, 0.000000000000000000, -0.7071067811865422437 ) ) ;
#2913 = ORIENTED_EDGE ( 'NONE', *, *, #1299, .T. ) ;
#2914 = EDGE_CURVE ( 'NONE', #6256, #1241, #2264, .T. ) ;
#2915 = ORIENTED_EDGE ( 'NONE', *, *, #6154, .T. ) ;
#2916 = CARTESIAN_POINT ( 'NONE',  ( -24.44026108517577711, 5.296981800551148645, -17.74231361947036234 ) ) ;
#2917 = VECTOR ( 'NONE', #5087, 1000.000000000000000 ) ;
#2918 = CONICAL_SURFACE ( 'NONE', #5444, 19.50000000000000000, 0.7853981633974500554 ) ;
#2919 = ADVANCED_FACE ( 'NONE', ( #1703 ), #6071, .F. ) ;
#2920 = DIRECTION ( 'NONE',  ( -1.000000000000000000, 0.000000000000000000, 0.000000000000000000 ) ) ;
#2921 = VECTOR ( 'NONE', #3809, 1000.000000000000114 ) ;
#2922 = VERTEX_POINT ( 'NONE', #124 ) ;
#2923 = CARTESIAN_POINT ( 'NONE',  ( 29.05182871386014654, 5.122621241174355688, -5.249999999999999112 ) ) ;
#2924 = DIRECTION ( 'NONE',  ( 1.000000000000000000, 8.673617379884027583E-15, 0.000000000000000000 ) ) ;
#2925 = AXIS2_PLACEMENT_3D ( 'NONE', #6219, #1480, #3015 ) ;
#2926 = CARTESIAN_POINT ( 'NONE',  ( -1.999999999999999556, 19.18332609325088001, -13.75000000000000178 ) ) ;
#2927 = ORIENTED_EDGE ( 'NONE', *, *, #2304, .T. ) ;
#2928 = AXIS2_PLACEMENT_3D ( 'NONE', #4506, #296, #4037 ) ;
#2929 = EDGE_CURVE ( 'NONE', #2338, #3730, #3225, .T. ) ;
#2930 = VERTEX_POINT ( 'NONE', #5846 ) ;
#2931 = CARTESIAN_POINT ( 'NONE',  ( 12.02458867464236292, -14.25634686471694046, -18.91058395830770067 ) ) ;
#2932 = CARTESIAN_POINT ( 'NONE',  ( 27.00429842573887385, 17.17205636151575732, -6.408966054483962616 ) ) ;
#2933 = CARTESIAN_POINT ( 'NONE',  ( 6.218598207997205307, -17.22464041114807642, -18.57342577902312186 ) ) ;
#2934 = CIRCLE ( 'NONE', #6791, 3.149999999999999911 ) ;
#2935 = CARTESIAN_POINT ( 'NONE',  ( 0.000000000000000000, 0.000000000000000000, -5.950000000000000178 ) ) ;
#2936 = DIRECTION ( 'NONE',  ( 1.000000000000000000, -1.734723475976805517E-15, 0.000000000000000000 ) ) ;
#2937 = ORIENTED_EDGE ( 'NONE', *, *, #2069, .T. ) ;
#2938 = CARTESIAN_POINT ( 'NONE',  ( 3.645833333333342807, 24.73272931371618100, -10.75000000000000000 ) ) ;
#2939 = ORIENTED_EDGE ( 'NONE', *, *, #2579, .F. ) ;
#2940 = CARTESIAN_POINT ( 'NONE',  ( -3.500000000000000444, 19.18332609325088001, -18.75000000000000355 ) ) ;
#2941 = ORIENTED_EDGE ( 'NONE', *, *, #2982, .F. ) ;
#2942 = CARTESIAN_POINT ( 'NONE',  ( 29.05182871386014654, 5.122621241174355688, 6.750000000000000888 ) ) ;
#2943 = CARTESIAN_POINT ( 'NONE',  ( -18.33854149838976255, 4.288604340662346637, -18.08331757544337037 ) ) ;
#2944 = DIRECTION ( 'NONE',  ( -0.000000000000000000, -0.000000000000000000, -1.000000000000000000 ) ) ;
#2945 = CARTESIAN_POINT ( 'NONE',  ( 8.889594228107053908, -27.72093231318435613, 6.750000000000000888 ) ) ;
#2946 = CARTESIAN_POINT ( 'NONE',  ( 18.35968554219315152, -3.285607787619000852, -18.91163151010881194 ) ) ;
#2947 = VECTOR ( 'NONE', #2043, 1000.000000000000000 ) ;
#2948 = FACE_OUTER_BOUND ( 'NONE', #1730, .T. ) ;
#2949 = ORIENTED_EDGE ( 'NONE', *, *, #2876, .F. ) ;
#2950 = VERTEX_POINT ( 'NONE', #5375 ) ;
#2951 = ADVANCED_FACE ( 'NONE', ( #2298 ), #4928, .F. ) ;
#2952 = VERTEX_POINT ( 'NONE', #611 ) ;
#2953 = TOROIDAL_SURFACE ( 'NONE', #6806, 1.500000000000000000, 0.5000000000000000000 ) ;
#2954 = CARTESIAN_POINT ( 'NONE',  ( 24.43268748899090426, -5.295638022496204300, -17.75000000000000000 ) ) ;
#2955 = CARTESIAN_POINT ( 'NONE',  ( 3.320512820512827368, 18.19956578077647436, -17.75000000000000711 ) ) ;
#2956 =( BOUNDED_SURFACE ( )  B_SPLINE_SURFACE ( 3, 2, ( 
 ( #1090, #2232, #2662 ),
 ( #2199, #4801, #3258 ),
 ( #5819, #3783, #2169 ),
 ( #579, #4353, #3221 ) ),
 .UNSPECIFIED., .F., .F., .F. ) 
 B_SPLINE_SURFACE_WITH_KNOTS ( ( 4, 4 ),
 ( 3, 3 ),
 ( 0.01930857556307359613, 0.02074190177765423970 ),
 ( 0.000000000000000000, 0.7968612372486116868 ),
 .UNSPECIFIED. ) 
 GEOMETRIC_REPRESENTATION_ITEM ( )  RATIONAL_B_SPLINE_SURFACE ( (
 ( 1.000000000000000000, 0.7559064253551373014, 0.9008302665021579170),
 ( 1.000000000000000000, 0.7557124412047504514, 0.9007514551015518567),
 ( 1.000000000000000000, 0.7555079541592530923, 0.9006683766107099753),
 ( 1.000000000000000000, 0.7552910436305789732, 0.9005802507378646293) ) ) 
 REPRESENTATION_ITEM ( '' )  SURFACE ( )  );
#2957 = PLANE ( 'NONE',  #6223 ) ;
#2958 = ORIENTED_EDGE ( 'NONE', *, *, #4509, .T. ) ;
#2959 = VECTOR ( 'NONE', #4111, 1000.000000000000000 ) ;
#2960 = EDGE_CURVE ( 'NONE', #35, #6803, #594, .T. ) ;
#2961 = ORIENTED_EDGE ( 'NONE', *, *, #6574, .F. ) ;
#2962 = CARTESIAN_POINT ( 'NONE',  ( 22.63379639438766233, -9.787567608418237697, -18.09061600704604444 ) ) ;
#2963 = PLANE ( 'NONE',  #361 ) ;
#2964 = VECTOR ( 'NONE', #300, 1000.000000000000114 ) ;
#2965 = EDGE_CURVE ( 'NONE', #4320, #2210, #2615, .T. ) ;
#2966 = FACE_OUTER_BOUND ( 'NONE', #3996, .T. ) ;
#2967 = ORIENTED_EDGE ( 'NONE', *, *, #2622, .T. ) ;
#2968 = DIRECTION ( 'NONE',  ( -1.000000000000000000, 0.000000000000000000, -0.000000000000000000 ) ) ;
#2969 = FACE_OUTER_BOUND ( 'NONE', #2761, .T. ) ;
#2970 = EDGE_CURVE ( 'NONE', #1562, #3306, #908, .T. ) ;
#2971 = CARTESIAN_POINT ( 'NONE',  ( 15.81890209980096529, 18.48325491077518734, -18.43274594787629184 ) ) ;
#2972 = CARTESIAN_POINT ( 'NONE',  ( -18.11981512571183828, 26.37560046349702603, 6.750000000000000888 ) ) ;
#2973 = CARTESIAN_POINT ( 'NONE',  ( -24.61327301392669753, 4.380272998559321174, -18.75000000000000355 ) ) ;
#2974 = ORIENTED_EDGE ( 'NONE', *, *, #5683, .T. ) ;
#2975 = ORIENTED_EDGE ( 'NONE', *, *, #6479, .T. ) ;
#2976 = ORIENTED_EDGE ( 'NONE', *, *, #540, .T. ) ;
#2977 = CARTESIAN_POINT ( 'NONE',  ( 1.000000000000008216, 1.732050807568872752, -14.25000000000000178 ) ) ;
#2978 = CARTESIAN_POINT ( 'NONE',  ( 7.408493523516146873, -22.82827116239088383, -18.75000000000000355 ) ) ;
#2979 = CARTESIAN_POINT ( 'NONE',  ( -23.77439080779439351, -5.178822675987566626, -18.41809325775146178 ) ) ;
#2980 = CARTESIAN_POINT ( 'NONE',  ( 12.48623746482001806, 14.42122349634790446, -18.75000000000000355 ) ) ;
#2981 = EDGE_LOOP ( 'NONE', ( #702, #6514, #6590 ) ) ;
#2982 = EDGE_CURVE ( 'NONE', #621, #4063, #152, .T. ) ;
#2983 = ORIENTED_EDGE ( 'NONE', *, *, #2312, .F. ) ;
#2984 = LINE ( 'NONE', #4124, #2243 ) ;
#2985 = PLANE ( 'NONE',  #2714 ) ;
#2986 = ADVANCED_FACE ( 'NONE', ( #3236 ), #4897, .F. ) ;
#2987 = DIRECTION ( 'NONE',  ( -0.000000000000000000, -0.000000000000000000, -1.000000000000000000 ) ) ;
#2988 = ORIENTED_EDGE ( 'NONE', *, *, #6771, .F. ) ;
#2989 = ORIENTED_EDGE ( 'NONE', *, *, #1426, .T. ) ;
#2990 = CARTESIAN_POINT ( 'NONE',  ( -6.215065503212814590, 17.42486544477760901, -18.50744200514312610 ) ) ;
#2991 = CARTESIAN_POINT ( 'NONE',  ( 7.288958259316672184, 22.86637460320151760, -18.75000000000000355 ) ) ;
#2992 = CARTESIAN_POINT ( 'NONE',  ( -28.65638511542494626, 14.24119349339975393, -6.750000000000000888 ) ) ;
#2993 = LINE ( 'NONE', #1319, #4391 ) ;
#2994 = VERTEX_POINT ( 'NONE', #5767 ) ;
#2995 = DIRECTION ( 'NONE',  ( 1.000000000000000000, 0.000000000000000000, 0.000000000000000000 ) ) ;
#2996 = ADVANCED_FACE ( 'NONE', ( #4207 ), #5834, .F. ) ;
#2997 = FACE_OUTER_BOUND ( 'NONE', #3851, .T. ) ;
#2998 = CARTESIAN_POINT ( 'NONE',  ( -8.489790944591524280, -23.51433754216655103, -18.62880109420078512 ) ) ;
#2999 = EDGE_CURVE ( 'NONE', #2860, #3067, #1529, .T. ) ;
#3000 = CARTESIAN_POINT ( 'NONE',  ( -23.69342348595214176, -4.697311919185355400, -18.75000000000000711 ) ) ;
#3001 = CARTESIAN_POINT ( 'NONE',  ( 2.000000000000008882, 23.74342014116752964, -13.75000000000000178 ) ) ;
#3002 = EDGE_LOOP ( 'NONE', ( #4503, #6540, #6598, #5904 ) ) ;
#3003 = DIRECTION ( 'NONE',  ( -1.000000000000000000, 0.000000000000000000, 0.000000000000000000 ) ) ;
#3004 = ORIENTED_EDGE ( 'NONE', *, *, #6243, .T. ) ;
#3005 = EDGE_LOOP ( 'NONE', ( #6624, #2406, #5552, #3075, #5680 ) ) ;
#3006 = DIRECTION ( 'NONE',  ( 0.4999999999999923395, -0.8660254037844431485, 0.000000000000000000 ) ) ;
#3007 = DIRECTION ( 'NONE',  ( 1.000000000000000000, 0.000000000000000000, 0.000000000000000000 ) ) ;
#3008 = DIRECTION ( 'NONE',  ( -0.4999999999999920064, 0.8660254037844432595, 0.000000000000000000 ) ) ;
#3009 = CARTESIAN_POINT ( 'NONE',  ( -23.91644239770309355, -4.457947697145388410, -18.43272253076728973 ) ) ;
#3010 = CARTESIAN_POINT ( 'NONE',  ( -29.05182871386008259, 5.122621241174761586, -5.249999999999999112 ) ) ;
#3011 = EDGE_LOOP ( 'NONE', ( #779, #4317, #4170, #4947, #1440, #4468 ) ) ;
#3012 = ORIENTED_EDGE ( 'NONE', *, *, #6095, .T. ) ;
#3013 = ORIENTED_EDGE ( 'NONE', *, *, #5180, .F. ) ;
#3014 = FACE_BOUND ( 'NONE', #6288, .T. ) ;
#3015 = DIRECTION ( 'NONE',  ( 1.000000000000000000, 0.000000000000000000, 0.000000000000000000 ) ) ;
#3016 = VECTOR ( 'NONE', #269, 1000.000000000000000 ) ;
#3017 = CIRCLE ( 'NONE', #1773, 25.00000000000000000 ) ;
#3018 = CARTESIAN_POINT ( 'NONE',  ( -7.630186687767063880, -23.80714705944041398, -17.75000000000000355 ) ) ;
#3019 = ORIENTED_EDGE ( 'NONE', *, *, #1789, .F. ) ;
#3020 = AXIS2_PLACEMENT_3D ( 'NONE', #95, #674, #4866 ) ;
#3021 = VECTOR ( 'NONE', #713, 1000.000000000000000 ) ;
#3022 = CARTESIAN_POINT ( 'NONE',  ( 17.36324772582933562, -6.560574133389632578, -17.81134436263193521 ) ) ;
#3023 = CARTESIAN_POINT ( 'NONE',  ( 22.31240501497814677, -8.840621157338329539, -18.75000000000000355 ) ) ;
#3024 = DIRECTION ( 'NONE',  ( -0.000000000000000000, -0.000000000000000000, 1.000000000000000000 ) ) ;
#3025 = AXIS2_PLACEMENT_3D ( 'NONE', #641, #1112, #4860 ) ;
#3026 = AXIS2_PLACEMENT_3D ( 'NONE', #6635, #3513, #925 ) ;
#3027 = CARTESIAN_POINT ( 'NONE',  ( 13.78203247860112235, -28.88002044249248712, 6.750000000000000888 ) ) ;
#3028 = EDGE_LOOP ( 'NONE', ( #4958, #1311, #828 ) ) ;
#3029 = EDGE_CURVE ( 'NONE', #6295, #445, #6775, .T. ) ;
#3030 = VECTOR ( 'NONE', #1385, 1000.000000000000114 ) ;
#3031 = CARTESIAN_POINT ( 'NONE',  ( 2.500000000000000000, 19.87560046349701892, -5.250000000000000000 ) ) ;
#3032 = DIRECTION ( 'NONE',  ( -0.5000000000000041078, -0.8660254037844362651, 0.000000000000000000 ) ) ;
#3033 = DIRECTION ( 'NONE',  ( -1.000000000000000000, 1.734723475976807094E-17, 0.000000000000000000 ) ) ;
#3034 = EDGE_CURVE ( 'NONE', #1683, #2765, #4842, .T. ) ;
#3035 = CARTESIAN_POINT ( 'NONE',  ( 15.76995730954264374, 18.73545419282883984, -19.27103650549347336 ) ) ;
#3036 = VECTOR ( 'NONE', #326, 1000.000000000000000 ) ;
#3037 = CARTESIAN_POINT ( 'NONE',  ( 12.66926282864333153, -13.48108969552374781, -17.75000000000000711 ) ) ;
#3038 = LINE ( 'NONE', #4624, #5584 ) ;
#3039 = ORIENTED_EDGE ( 'NONE', *, *, #2225, .F. ) ;
#3040 = LINE ( 'NONE', #4997, #695 ) ;
#3041 = EDGE_CURVE ( 'NONE', #2902, #58, #3374, .T. ) ;
#3042 = CARTESIAN_POINT ( 'NONE',  ( 21.56240501497813611, -10.13965926301498577, -14.25000000000000178 ) ) ;
#3043 = VERTEX_POINT ( 'NONE', #6396 ) ;
#3044 = CARTESIAN_POINT ( 'NONE',  ( -2.840616007046039115, 24.49522646583345065, -18.09061600704605155 ) ) ;
#3045 = B_SPLINE_CURVE_WITH_KNOTS ( 'NONE', 3,
 ( #5194, #5089, #6239, #4694, #5235, #1978, #510, #3531, #2587, #4151 ),
 .UNSPECIFIED., .F., .F.,
 ( 4, 2, 2, 2, 4 ),
 ( 0.000000000000000000, 0.0003692409471152337968, 0.0007384818942304675936, 0.001107722841345701445, 0.001476963788460935187 ),
 .UNSPECIFIED. ) ;
#3046 = CARTESIAN_POINT ( 'NONE',  ( -17.21277491685818362, -9.937800231748505908, -5.950000000000000178 ) ) ;
#3047 = CARTESIAN_POINT ( 'NONE',  ( -23.24208855726903877, -9.208980372227099309, -10.75000000000000000 ) ) ;
#3048 = CARTESIAN_POINT ( 'NONE',  ( -24.72274941164086570, 16.17894191624444034, -5.250000000000000000 ) ) ;
#3049 = EDGE_CURVE ( 'NONE', #773, #4952, #4629, .T. ) ;
#3050 = CYLINDRICAL_SURFACE ( 'NONE', #5253, 1.199999999999999734 ) ;
#3051 = ORIENTED_EDGE ( 'NONE', *, *, #3049, .F. ) ;
#3052 = AXIS2_PLACEMENT_3D ( 'NONE', #648, #4451, #5857 ) ;
#3053 = ORIENTED_EDGE ( 'NONE', *, *, #3387, .F. ) ;
#3054 = VERTEX_POINT ( 'NONE', #2648 ) ;
#3055 = CARTESIAN_POINT ( 'NONE',  ( 0.000000000000000000, 0.000000000000000000, -17.75000000000000355 ) ) ;
#3056 =( LENGTH_UNIT ( ) NAMED_UNIT ( * ) SI_UNIT ( .MILLI., .METRE. ) );
#3057 = CIRCLE ( 'NONE', #936, 32.00000000000000000 ) ;
#3058 = ORIENTED_EDGE ( 'NONE', *, *, #422, .T. ) ;
#3059 = CARTESIAN_POINT ( 'NONE',  ( -25.00000000000000000, 3.061616997868383043E-15, -18.75000000000000355 ) ) ;
#3060 = ORIENTED_EDGE ( 'NONE', *, *, #745, .T. ) ;
#3061 = AXIS2_PLACEMENT_3D ( 'NONE', #2326, #5467, #860 ) ;
#3062 = CARTESIAN_POINT ( 'NONE',  ( 5.050203106331699892E-15, 26.37560046349702247, -5.250000000000000000 ) ) ;
#3063 = CARTESIAN_POINT ( 'NONE',  ( -22.84194004145702905, -13.18780023174851301, 6.750000000000000888 ) ) ;
#3064 = CARTESIAN_POINT ( 'NONE',  ( -18.35865288732837897, -3.285425829939780051, -18.91058395830812344 ) ) ;
#3065 = CIRCLE ( 'NONE', #75, 0.5000000000000004441 ) ;
#3066 = DIRECTION ( 'NONE',  ( 1.000000000000000000, 0.000000000000000000, -0.000000000000000000 ) ) ;
#3067 = VERTEX_POINT ( 'NONE', #3170 ) ;
#3068 = EDGE_CURVE ( 'NONE', #1539, #1663, #784, .T. ) ;
#3069 = CIRCLE ( 'NONE', #2626, 25.00000000000000000 ) ;
#3070 = CARTESIAN_POINT ( 'NONE',  ( -1.649999999999998357, -29.50000000000000000, -5.250000000000000000 ) ) ;
#3071 = DIRECTION ( 'NONE',  ( 0.000000000000000000, 0.000000000000000000, -1.000000000000000000 ) ) ;
#3072 = AXIS2_PLACEMENT_3D ( 'NONE', #6271, #4208, #934 ) ;
#3073 = DIRECTION ( 'NONE',  ( 0.000000000000000000, -0.000000000000000000, 1.000000000000000000 ) ) ;
#3074 = CARTESIAN_POINT ( 'NONE',  ( 16.10006419922657983, 19.12558320106298737, -18.75000000000000355 ) ) ;
#3075 = ORIENTED_EDGE ( 'NONE', *, *, #3119, .F. ) ;
#3076 = CARTESIAN_POINT ( 'NONE',  ( -29.05182871386008259, 5.122621241174761586, -5.249999999999999112 ) ) ;
#3077 = ORIENTED_EDGE ( 'NONE', *, *, #6554, .F. ) ;
#3078 = CARTESIAN_POINT ( 'NONE',  ( -17.21277491685818362, -9.937800231748505908, -6.750000000000000888 ) ) ;
#3079 = CARTESIAN_POINT ( 'NONE',  ( -23.44141798720615100, -5.119712924445366298, -18.75601038427238265 ) ) ;
#3080 = DIRECTION ( 'NONE',  ( -0.000000000000000000, -0.000000000000000000, 1.000000000000000000 ) ) ;
#3081 = ORIENTED_EDGE ( 'NONE', *, *, #588, .T. ) ;
#3082 = ORIENTED_EDGE ( 'NONE', *, *, #1826, .T. ) ;
#3083 = ORIENTED_EDGE ( 'NONE', *, *, #2685, .F. ) ;
#3084 = CARTESIAN_POINT ( 'NONE',  ( -12.66926282864323383, 13.48108969552383307, -17.75000000000000711 ) ) ;
#3085 = DIRECTION ( 'NONE',  ( -1.734723475976807094E-17, -1.000000000000000000, 0.000000000000000000 ) ) ;
#3086 = SURFACE_STYLE_FILL_AREA ( #1287 ) ;
#3087 = DIRECTION ( 'NONE',  ( 0.000000000000000000, -0.000000000000000000, -1.000000000000000000 ) ) ;
#3088 = EDGE_CURVE ( 'NONE', #5465, #4243, #3814, .T. ) ;
#3089 = ORIENTED_EDGE ( 'NONE', *, *, #4411, .F. ) ;
#3090 = CYLINDRICAL_SURFACE ( 'NONE', #2693, 1.899999999999999023 ) ;
#3091 = ORIENTED_EDGE ( 'NONE', *, *, #4345, .T. ) ;
#3092 = PLANE ( 'NONE',  #926 ) ;
#3093 = CARTESIAN_POINT ( 'NONE',  ( 18.00959756134181333, -4.231358609065313914, -17.75000000000000711 ) ) ;
#3094 = FACE_OUTER_BOUND ( 'NONE', #522, .T. ) ;
#3095 = CARTESIAN_POINT ( 'NONE',  ( -10.08959422810705497, -27.72093231318435613, -5.249999999999999112 ) ) ;
#3096 = CARTESIAN_POINT ( 'NONE',  ( -24.61327301392669753, 4.380272998559321174, -18.75000000000000355 ) ) ;
#3097 = VERTEX_POINT ( 'NONE', #1071 ) ;
#3098 = CARTESIAN_POINT ( 'NONE',  ( 0.000000000000000000, 0.000000000000000000, -6.750000000000000888 ) ) ;
#3099 = CARTESIAN_POINT ( 'NONE',  ( 0.000000000000000000, 0.000000000000000000, -6.750000000000000888 ) ) ;
#3100 = ADVANCED_FACE ( 'NONE', ( #6270 ), #5294, .F. ) ;
#3101 = CARTESIAN_POINT ( 'NONE',  ( 13.09738060424450623, 13.99355213851361057, -18.41665177919101382 ) ) ;
#3102 = DIRECTION ( 'NONE',  ( -0.4999999999999919509, 0.8660254037844432595, 0.000000000000000000 ) ) ;
#3103 = ORIENTED_EDGE ( 'NONE', *, *, #5556, .T. ) ;
#3104 = CARTESIAN_POINT ( 'NONE',  ( -16.37218740299693565, 17.99981506105575590, -18.41809325775147599 ) ) ;
#3105 = DIRECTION ( 'NONE',  ( -1.000000000000000000, 0.000000000000000000, 0.000000000000000000 ) ) ;
#3106 = ORIENTED_EDGE ( 'NONE', *, *, #5844, .F. ) ;
#3107 = B_SPLINE_CURVE_WITH_KNOTS ( 'NONE', 3,
 ( #6486, #5898, #2205, #1168, #1233, #3300, #2840, #1776 ),
 .UNSPECIFIED., .F., .F.,
 ( 4, 2, 2, 4 ),
 ( -0.0006547701993731384895, -0.0002798739370123077869, 9.502232534852291575E-05, 0.0008448148500701862726 ),
 .UNSPECIFIED. ) ;
#3108 = CARTESIAN_POINT ( 'NONE',  ( -6.295558482159421487, -17.52617227500810060, -18.75000000000000711 ) ) ;
#3109 = LINE ( 'NONE', #3673, #3469 ) ;
#3110 = B_SPLINE_CURVE_WITH_KNOTS ( 'NONE', 3,
 ( #5569, #158, #6541, #1221 ),
 .UNSPECIFIED., .F., .F.,
 ( 4, 4 ),
 ( 9.851335625380350225E-18, 0.001414740136845114068 ),
 .UNSPECIFIED. ) ;
#3111 = DIRECTION ( 'NONE',  ( 0.000000000000000000, 0.000000000000000000, -1.000000000000000000 ) ) ;
#3112 = ORIENTED_EDGE ( 'NONE', *, *, #4762, .T. ) ;
#3113 = ORIENTED_EDGE ( 'NONE', *, *, #2057, .T. ) ;
#3114 = ORIENTED_EDGE ( 'NONE', *, *, #1171, .T. ) ;
#3115 = EDGE_CURVE ( 'NONE', #1277, #2539, #159, .T. ) ;
#3116 = DIRECTION ( 'NONE',  ( 1.000000000000000000, 4.440892098500626162E-15, 0.000000000000000000 ) ) ;
#3117 = CARTESIAN_POINT ( 'NONE',  ( -8.975000000000013856, -18.83605253231153398, -18.25000000000002132 ) ) ;
#3118 = ORIENTED_EDGE ( 'NONE', *, *, #4232, .F. ) ;
#3119 = EDGE_CURVE ( 'NONE', #5062, #5501, #6558, .T. ) ;
#3120 = CARTESIAN_POINT ( 'NONE',  ( 12.88331105498846263, -13.73734063562971741, -18.08331757544337393 ) ) ;
#3121 = CYLINDRICAL_SURFACE ( 'NONE', #4171, 1.899999999999999023 ) ;
#3122 = ORIENTED_EDGE ( 'NONE', *, *, #6141, .T. ) ;
#3123 = DIRECTION ( 'NONE',  ( 1.000000000000000000, 0.000000000000000000, 0.000000000000000000 ) ) ;
#3124 = ADVANCED_FACE ( 'NONE', ( #1827 ), #4850, .T. ) ;
#3125 = CARTESIAN_POINT ( 'NONE',  ( 0.000000000000000000, 0.000000000000000000, -6.750000000000000888 ) ) ;
#3126 = CARTESIAN_POINT ( 'NONE',  ( -15.90284369570896672, -18.54189806583111277, -18.75000000000000355 ) ) ;
#3127 = CIRCLE ( 'NONE', #4663, 3.149999999999999911 ) ;
#3128 = DIRECTION ( 'NONE',  ( -1.000000000000000000, 0.000000000000000000, 0.000000000000000000 ) ) ;
#3129 = CARTESIAN_POINT ( 'NONE',  ( -12.66926282864323383, 13.48108969552383307, -17.75000000000000711 ) ) ;
#3130 = DIRECTION ( 'NONE',  ( -0.7071067811865526798, 0.000000000000000000, -0.7071067811865422437 ) ) ;
#3131 = FACE_OUTER_BOUND ( 'NONE', #3971, .T. ) ;
#3132 = ORIENTED_EDGE ( 'NONE', *, *, #500, .T. ) ;
#3133 = AXIS2_PLACEMENT_3D ( 'NONE', #694, #4285, #2759 ) ;
#3134 = CIRCLE ( 'NONE', #367, 1.200000000000000178 ) ;
#3135 =( BOUNDED_SURFACE ( )  B_SPLINE_SURFACE ( 3, 2, ( 
 ( #5337, #6830, #1570 ),
 ( #3215, #5403, #2224 ),
 ( #1671, #4793, #3182 ),
 ( #610, #570, #5271 ) ),
 .UNSPECIFIED., .F., .F., .F. ) 
 B_SPLINE_SURFACE_WITH_KNOTS ( ( 4, 4 ),
 ( 3, 3 ),
 ( 0.02294819146188747938, 0.02438233958186705741 ),
 ( 0.1879833974460821677, 1.000000000000000000 ),
 .UNSPECIFIED. ) 
 GEOMETRIC_REPRESENTATION_ITEM ( )  RATIONAL_B_SPLINE_SURFACE ( (
 ( 0.9135301774684752019, 0.7700067566968880062, 1.000000000000000000),
 ( 0.9135686541207761469, 0.7701090972568087611, 1.000000000000000000),
 ( 0.9136086338143494245, 0.7702154356199739649, 1.000000000000000000),
 ( 0.9136503079766193913, 0.7703262809468384154, 1.000000000000000000) ) ) 
 REPRESENTATION_ITEM ( '' )  SURFACE ( )  );
#3136 = CARTESIAN_POINT ( 'NONE',  ( 17.42171823803882091, -6.897504725057500785, -17.98744480439649607 ) ) ;
#3137 = CARTESIAN_POINT ( 'NONE',  ( 25.54774941164107815, 14.74999999999975842, -5.250000000000000000 ) ) ;
#3138 = LINE ( 'NONE', #729, #581 ) ;
#3139 = CIRCLE ( 'NONE', #1244, 2.500000000000000000 ) ;
#3140 = VERTEX_POINT ( 'NONE', #687 ) ;
#3141 = CARTESIAN_POINT ( 'NONE',  ( 16.15838216916540659, -17.74561032129347282, -18.75000000000000355 ) ) ;
#3142 = ORIENTED_EDGE ( 'NONE', *, *, #286, .T. ) ;
#3143 = AXIS2_PLACEMENT_3D ( 'NONE', #3042, #5132, #412 ) ;
#3144 = DIRECTION ( 'NONE',  ( 0.7071067811865531239, 8.659560562355001884E-17, -0.7071067811865420216 ) ) ;
#3145 = ORIENTED_EDGE ( 'NONE', *, *, #1317, .T. ) ;
#3146 = PLANE ( 'NONE',  #2229 ) ;
#3147 = CARTESIAN_POINT ( 'NONE',  ( 18.83605253231163701, 10.87499999999982592, -12.75000000000000178 ) ) ;
#3148 = CIRCLE ( 'NONE', #2137, 26.50000000000000355 ) ;
#3149 = B_SPLINE_CURVE_WITH_KNOTS ( 'NONE', 3,
 ( #2147, #721, #4912, #6012, #216, #5010 ),
 .UNSPECIFIED., .F., .F.,
 ( 4, 2, 4 ),
 ( -6.160253112252053581E-06, 0.0006040211135725060505, 0.001214202480257264025 ),
 .UNSPECIFIED. ) ;
#3150 = ORIENTED_EDGE ( 'NONE', *, *, #794, .T. ) ;
#3151 = ORIENTED_EDGE ( 'NONE', *, *, #4424, .F. ) ;
#3152 = CIRCLE ( 'NONE', #3277, 25.00000000000000000 ) ;
#3153 = ORIENTED_EDGE ( 'NONE', *, *, #1930, .F. ) ;
#3154 = CARTESIAN_POINT ( 'NONE',  ( 0.000000000000000000, 0.000000000000000000, -5.950000000000000178 ) ) ;
#3155 = CARTESIAN_POINT ( 'NONE',  ( 12.09685899189297764, 13.98142263048104184, -17.72258545733680890 ) ) ;
#3156 = CIRCLE ( 'NONE', #6566, 26.50000000000000355 ) ;
#3157 = DIRECTION ( 'NONE',  ( -1.000000000000000000, 0.000000000000000000, 0.000000000000000000 ) ) ;
#3158 = DIRECTION ( 'NONE',  ( 0.000000000000000000, 0.000000000000000000, 1.000000000000000000 ) ) ;
#3159 = EDGE_CURVE ( 'NONE', #5340, #3957, #6438, .T. ) ;
#3160 = DIRECTION ( 'NONE',  ( 0.000000000000000000, 0.000000000000000000, -1.000000000000000000 ) ) ;
#3161 = ORIENTED_EDGE ( 'NONE', *, *, #5432, .F. ) ;
#3162 = CARTESIAN_POINT ( 'NONE',  ( -12.53124065151151356, -14.49995555661803692, -18.39952983954585974 ) ) ;
#3163 = CARTESIAN_POINT ( 'NONE',  ( -8.687313370855779482, -23.97818775844485373, -18.25715341813936732 ) ) ;
#3164 = CIRCLE ( 'NONE', #6017, 2.500000000000000000 ) ;
#3165 = CARTESIAN_POINT ( 'NONE',  ( 18.16503209481427206, -3.505499670490777486, -18.17164737662105267 ) ) ;
#3166 = LINE ( 'NONE', #5726, #4165 ) ;
#3167 = DIRECTION ( 'NONE',  ( 0.000000000000000000, 0.000000000000000000, -1.000000000000000000 ) ) ;
#3168 = CARTESIAN_POINT ( 'NONE',  ( -18.00367211776702092, -4.230327415583546191, -17.74399577611879053 ) ) ;
#3169 = CARTESIAN_POINT ( 'NONE',  ( -17.86324772583622433, -7.426599537164169540, -14.25000000000000178 ) ) ;
#3170 = CARTESIAN_POINT ( 'NONE',  ( -24.14999999999998437, 3.469446951953614189E-15, -18.75000000000000355 ) ) ;
#3171 = ADVANCED_FACE ( 'NONE', ( #2322 ), #3279, .T. ) ;
#3172 = FACE_OUTER_BOUND ( 'NONE', #3511, .T. ) ;
#3173 = ORIENTED_EDGE ( 'NONE', *, *, #1726, .F. ) ;
#3174 = CIRCLE ( 'NONE', #2163, 2.500000000000000000 ) ;
#3175 = CARTESIAN_POINT ( 'NONE',  ( 16.10006419922644483, -19.12558320106309750, -18.75000000000000355 ) ) ;
#3176 = EDGE_CURVE ( 'NONE', #5189, #4777, #1867, .T. ) ;
#3177 = PLANE ( 'NONE',  #5644 ) ;
#3178 = AXIS2_PLACEMENT_3D ( 'NONE', #3339, #5870, #5291 ) ;
#3179 = CARTESIAN_POINT ( 'NONE',  ( -2.499999999999999556, 19.18332609325088001, -17.75000000000001421 ) ) ;
#3180 = EDGE_CURVE ( 'NONE', #742, #6009, #1798, .T. ) ;
#3181 = ORIENTED_EDGE ( 'NONE', *, *, #777, .F. ) ;
#3182 = CARTESIAN_POINT ( 'NONE',  ( 23.77436775363381471, -5.178818583369575457, -18.41811665423662703 ) ) ;
#3183 = CIRCLE ( 'NONE', #2632, 1.500000000000000222 ) ;
#3184 = DIRECTION ( 'NONE',  ( 0.000000000000000000, 0.000000000000000000, -1.000000000000000000 ) ) ;
#3185 = ORIENTED_EDGE ( 'NONE', *, *, #1848, .F. ) ;
#3186 = CARTESIAN_POINT ( 'NONE',  ( -6.102780177749277613, 16.90654786659552755, -18.23526651090440254 ) ) ;
#3187 = CARTESIAN_POINT ( 'NONE',  ( 23.79322571446558499, -4.620597302489242608, -18.75000000000000355 ) ) ;
#3188 = PLANE ( 'NONE',  #476 ) ;
#3189 = ADVANCED_FACE ( 'NONE', ( #2853 ), #4440, .F. ) ;
#3190 = AXIS2_PLACEMENT_3D ( 'NONE', #6339, #6750, #6722 ) ;
#3191 = FACE_OUTER_BOUND ( 'NONE', #4305, .T. ) ;
#3192 = EDGE_LOOP ( 'NONE', ( #910, #4783, #5104 ) ) ;
#3193 = VERTEX_POINT ( 'NONE', #5944 ) ;
#3194 = CIRCLE ( 'NONE', #3304, 19.50000000000000000 ) ;
#3195 = ORIENTED_EDGE ( 'NONE', *, *, #578, .T. ) ;
#3196 = CARTESIAN_POINT ( 'NONE',  ( -19.56240501497830664, -13.60376087815246038, -13.75000000000000178 ) ) ;
#3197 = DIRECTION ( 'NONE',  ( -1.000000000000000000, 0.000000000000000000, 0.000000000000000000 ) ) ;
#3198 = EDGE_CURVE ( 'NONE', #4388, #3396, #3457, .T. ) ;
#3199 = CARTESIAN_POINT ( 'NONE',  ( 0.000000000000000000, 0.000000000000000000, -18.75000000000000355 ) ) ;
#3200 = CARTESIAN_POINT ( 'NONE',  ( -0.9101878756073646937, -26.48436440677966175, -6.750000000000000888 ) ) ;
#3201 = ORIENTED_EDGE ( 'NONE', *, *, #2965, .T. ) ;
#3202 = CARTESIAN_POINT ( 'NONE',  ( -12.09685899189307356, -13.98142263048095657, -17.72258545733681245 ) ) ;
#3203 = CARTESIAN_POINT ( 'NONE',  ( 18.00959756134181333, -4.231358609065313914, -17.75000000000000711 ) ) ;
#3204 = CARTESIAN_POINT ( 'NONE',  ( 18.11295034736363263, 3.766109299700398427, -17.90054203017849943 ) ) ;
#3205 = LINE ( 'NONE', #2151, #5343 ) ;
#3206 = DIRECTION ( 'NONE',  ( 0.000000000000000000, 0.000000000000000000, 1.000000000000000000 ) ) ;
#3207 = CARTESIAN_POINT ( 'NONE',  ( 21.75000000000000355, 0.000000000000000000, -8.750000000000001776 ) ) ;
#3208 = VERTEX_POINT ( 'NONE', #6015 ) ;
#3209 = DIRECTION ( 'NONE',  ( 3.642919299551294898E-16, 1.000000000000000000, 0.000000000000000000 ) ) ;
#3210 = ADVANCED_FACE ( 'NONE', ( #4466 ), #5993, .T. ) ;
#3211 = DIRECTION ( 'NONE',  ( 0.000000000000000000, 0.000000000000000000, -1.000000000000000000 ) ) ;
#3212 = ORIENTED_EDGE ( 'NONE', *, *, #905, .T. ) ;
#3213 = B_SPLINE_CURVE_WITH_KNOTS ( 'NONE', 3,
 ( #3037, #2682, #2324, #5427, #5958, #2836, #5411, #5893 ),
 .UNSPECIFIED., .F., .F.,
 ( 4, 2, 2, 4 ),
 ( -0.0006547701993731287317, -0.0002798739370122977580, 9.502232534853321567E-05, 0.0008448148500701977651 ),
 .UNSPECIFIED. ) ;
#3214 = EDGE_CURVE ( 'NONE', #33, #6632, #4905, .T. ) ;
#3215 = CARTESIAN_POINT ( 'NONE',  ( 24.77634098243621352, -4.406920871228467540, -18.59515134009803816 ) ) ;
#3216 = CARTESIAN_POINT ( 'NONE',  ( 17.10560901648256404, -7.049144505136470507, -13.75000000000000178 ) ) ;
#3217 = ORIENTED_EDGE ( 'NONE', *, *, #1726, .T. ) ;
#3218 = EDGE_CURVE ( 'NONE', #6525, #6075, #4461, .T. ) ;
#3219 = CARTESIAN_POINT ( 'NONE',  ( -6.088855613037436498, -18.36488862907780018, -18.75000000000000355 ) ) ;
#3220 = DIRECTION ( 'NONE',  ( -0.000000000000000000, 0.000000000000000000, -1.000000000000000000 ) ) ;
#3221 = CARTESIAN_POINT ( 'NONE',  ( -11.59011592497161480, 13.73844382149067478, -18.23527588802608079 ) ) ;
#3222 = EDGE_LOOP ( 'NONE', ( #4825, #3145 ) ) ;
#3223 = VERTEX_POINT ( 'NONE', #290 ) ;
#3224 = ORIENTED_EDGE ( 'NONE', *, *, #5635, .T. ) ;
#3225 =( BOUNDED_CURVE ( )  B_SPLINE_CURVE ( 3, ( #6408, #3288, #5339, #1192 ),
 .UNSPECIFIED., .F., .F. ) 
 B_SPLINE_CURVE_WITH_KNOTS ( ( 4, 4 ),
 ( 2.438050066743684852, 3.141592653589793116 ),
 .UNSPECIFIED. ) 
 CURVE ( )  GEOMETRIC_REPRESENTATION_ITEM ( )  RATIONAL_B_SPLINE_CURVE ( ( 1.000000000000000000, 0.9591759112683392319, 0.9591759112683392319, 1.000000000000000000 ) ) 
 REPRESENTATION_ITEM ( '' )  );
#3226 = DIRECTION ( 'NONE',  ( 0.000000000000000000, 0.000000000000000000, -1.000000000000000000 ) ) ;
#3227 = DIRECTION ( 'NONE',  ( -1.000000000000000000, 0.000000000000000000, 0.000000000000000000 ) ) ;
#3228 = CARTESIAN_POINT ( 'NONE',  ( 3.303155415821823926, 24.78153087975937297, -14.00997130680876701 ) ) ;
#3229 = CARTESIAN_POINT ( 'NONE',  ( 12.66926282864333153, -13.48108969552374781, -17.75000000000000711 ) ) ;
#3230 = ORIENTED_EDGE ( 'NONE', *, *, #4972, .T. ) ;
#3231 = DIRECTION ( 'NONE',  ( 0.000000000000000000, 0.000000000000000000, 1.000000000000000000 ) ) ;
#3232 = DIRECTION ( 'NONE',  ( 0.000000000000000000, 0.000000000000000000, 1.000000000000000000 ) ) ;
#3233 = DIRECTION ( 'NONE',  ( 0.000000000000000000, 0.000000000000000000, -1.000000000000000000 ) ) ;
#3234 = EDGE_CURVE ( 'NONE', #5533, #4123, #805, .T. ) ;
#3235 = CARTESIAN_POINT ( 'NONE',  ( -17.42171823803891328, -6.897504725057255648, -17.98744480439649607 ) ) ;
#3236 = FACE_OUTER_BOUND ( 'NONE', #360, .T. ) ;
#3237 = DIRECTION ( 'NONE',  ( 3.642919299551294898E-16, 1.000000000000000000, 0.000000000000000000 ) ) ;
#3238 = ORIENTED_EDGE ( 'NONE', *, *, #3485, .F. ) ;
#3239 = CIRCLE ( 'NONE', #574, 18.50000000000000000 ) ;
#3240 = AXIS2_PLACEMENT_3D ( 'NONE', #1719, #5965, #6041 ) ;
#3241 = DIRECTION ( 'NONE',  ( 0.4999999999999920064, -0.8660254037844432595, 0.000000000000000000 ) ) ;
#3242 = CARTESIAN_POINT ( 'NONE',  ( -24.43268748899097886, -5.295638022495861463, -17.75000000000000355 ) ) ;
#3243 = CARTESIAN_POINT ( 'NONE',  ( 18.21019894790848070, 3.261695000700221225, -18.75000000000000355 ) ) ;
#3244 = AXIS2_PLACEMENT_3D ( 'NONE', #3968, #795, #2924 ) ;
#3245 = AXIS2_PLACEMENT_3D ( 'NONE', #6601, #1178, #5940 ) ;
#3246 = DIRECTION ( 'NONE',  ( -0.5000000000000001110, 0.8660254037844385966, 0.000000000000000000 ) ) ;
#3247 = VERTEX_POINT ( 'NONE', #3515 ) ;
#3248 = EDGE_CURVE ( 'NONE', #487, #6843, #5074, .T. ) ;
#3249 = FACE_OUTER_BOUND ( 'NONE', #3818, .T. ) ;
#3250 = DIRECTION ( 'NONE',  ( 0.000000000000000000, 0.000000000000000000, -1.000000000000000000 ) ) ;
#3251 = CIRCLE ( 'NONE', #6331, 18.50000000000000000 ) ;
#3252 = ORIENTED_EDGE ( 'NONE', *, *, #1441, .F. ) ;
#3253 = AXIS2_PLACEMENT_3D ( 'NONE', #3055, #1991, #5107 ) ;
#3254 = DIRECTION ( 'NONE',  ( -1.000000000000000000, 0.000000000000000000, 0.000000000000000000 ) ) ;
#3255 = CARTESIAN_POINT ( 'NONE',  ( -21.56240501497828177, -10.13965926301468023, -14.25000000000000178 ) ) ;
#3256 = CIRCLE ( 'NONE', #266, 1.199999999999999734 ) ;
#3257 = EDGE_CURVE ( 'NONE', #6009, #3541, #3148, .T. ) ;
#3258 = CARTESIAN_POINT ( 'NONE',  ( -12.02458867464291181, 14.25634686471850898, -18.91058395830609129 ) ) ;
#3259 = VERTEX_POINT ( 'NONE', #5624 ) ;
#3260 = VERTEX_POINT ( 'NONE', #428 ) ;
#3261 = VERTEX_POINT ( 'NONE', #3018 ) ;
#3262 = DIRECTION ( 'NONE',  ( -1.000000000000000000, 0.000000000000000000, 0.000000000000000000 ) ) ;
#3263 = AXIS2_PLACEMENT_3D ( 'NONE', #187, #4921, #6401 ) ;
#3264 = CARTESIAN_POINT ( 'NONE',  ( 12.66540103211325885, 13.47646648270013081, -17.74398637837705195 ) ) ;
#3265 = EDGE_CURVE ( 'NONE', #5278, #1647, #392, .T. ) ;
#3266 = CARTESIAN_POINT ( 'NONE',  ( -29.05182871386008259, 5.122621241174761586, 6.750000000000000888 ) ) ;
#3267 = CARTESIAN_POINT ( 'NONE',  ( 3.320512820512826480, 18.19956578077647080, -5.750000000000000888 ) ) ;
#3268 = CARTESIAN_POINT ( 'NONE',  ( -25.54774941164087210, 14.75000000000012434, -6.750000000000000888 ) ) ;
#3269 = VECTOR ( 'NONE', #3439, 999.9999999999998863 ) ;
#3270 = ORIENTED_EDGE ( 'NONE', *, *, #4116, .F. ) ;
#3271 =( BOUNDED_SURFACE ( )  B_SPLINE_SURFACE ( 3, 2, ( 
 ( #1840, #3977, #6059 ),
 ( #1326, #5534, #2933 ),
 ( #5025, #303, #541 ),
 ( #467, #506, #2013 ) ),
 .UNSPECIFIED., .F., .F., .T. ) 
 B_SPLINE_SURFACE_WITH_KNOTS ( ( 4, 4 ),
 ( 3, 3 ),
 ( 0.01831793764942434358, 0.01975350363999946873 ),
 ( 0.000000000000000000, 0.7968612588050316692 ),
 .UNSPECIFIED. ) 
 GEOMETRIC_REPRESENTATION_ITEM ( )  RATIONAL_B_SPLINE_SURFACE ( (
 ( 1.000000000000000000, 0.7552910309718992021, 0.9005802561450262367),
 ( 1.000000000000000000, 0.7555082812115238022, 0.9006685200254294088),
 ( 1.000000000000000000, 0.7557130691375036902, 0.9007517207484205812),
 ( 1.000000000000000000, 0.7559073240766922552, 0.9008306421560559052) ) ) 
 REPRESENTATION_ITEM ( '' )  SURFACE ( )  );
#3272 = CARTESIAN_POINT ( 'NONE',  ( -2.010996139922138326, 18.39037505123857486, -8.250000000000000000 ) ) ;
#3273 = CARTESIAN_POINT ( 'NONE',  ( -16.80745134524897111, -18.51739607461092163, -17.74231361947036589 ) ) ;
#3274 = FACE_OUTER_BOUND ( 'NONE', #5971, .T. ) ;
#3275 = DIRECTION ( 'NONE',  ( 0.000000000000000000, 0.000000000000000000, -1.000000000000000000 ) ) ;
#3276 = CARTESIAN_POINT ( 'NONE',  ( -8.513208814700218952, -23.50585619962205186, -18.75000000000000355 ) ) ;
#3277 = AXIS2_PLACEMENT_3D ( 'NONE', #4166, #4068, #1518 ) ;
#3278 = EDGE_CURVE ( 'NONE', #2430, #2367, #3581, .T. ) ;
#3279 = CYLINDRICAL_SURFACE ( 'NONE', #5338, 1.000000000000000000 ) ;
#3280 = DIRECTION ( 'NONE',  ( 0.000000000000000000, 0.000000000000000000, -1.000000000000000000 ) ) ;
#3281 = EDGE_LOOP ( 'NONE', ( #2299, #3173, #5622, #3950 ) ) ;
#3282 = AXIS2_PLACEMENT_3D ( 'NONE', #1177, #4846, #3687 ) ;
#3283 = LINE ( 'NONE', #4313, #2726 ) ;
#3284 = DIRECTION ( 'NONE',  ( 0.5000000000000102141, 0.8660254037844328234, 0.000000000000000000 ) ) ;
#3285 = EDGE_LOOP ( 'NONE', ( #3083, #3212, #6846, #3150, #3393, #4105, #2117, #4291, #1086, #6080, #1543, #6431, #1990, #1926, #2379, #6532, #3004, #3603, #2890, #5855, #6510, #6252, #2625, #6409, #287, #5382, #5803, #226, #4005, #5892, #4234, #4612, #3201, #707, #6599, #880, #2915 ) ) ;
#3286 = EDGE_CURVE ( 'NONE', #6224, #2629, #6636, .T. ) ;
#3287 = CARTESIAN_POINT ( 'NONE',  ( -16.45798695790498556, 18.81877405654196522, -17.90510128897910391 ) ) ;
#3288 = CARTESIAN_POINT ( 'NONE',  ( 14.91989083449881903, -11.59603669901145473, -17.83251694731106696 ) ) ;
#3289 = CONICAL_SURFACE ( 'NONE', #2168, 1.899999999999997247, 0.7853981633974594923 ) ;
#3290 = EDGE_LOOP ( 'NONE', ( #4858, #4100, #1890, #5578 ) ) ;
#3291 = DIRECTION ( 'NONE',  ( -0.4999999999999920064, 0.8660254037844432595, 0.000000000000000000 ) ) ;
#3292 = CARTESIAN_POINT ( 'NONE',  ( 18.81240501497811479, -14.90279898382939905, -13.75000000000000178 ) ) ;
#3293 = CIRCLE ( 'NONE', #6031, 25.00000000000000000 ) ;
#3294 = DIRECTION ( 'NONE',  ( -1.000000000000000000, 0.000000000000000000, 0.000000000000000000 ) ) ;
#3295 = VERTEX_POINT ( 'NONE', #3059 ) ;
#3296 = VERTEX_POINT ( 'NONE', #5658 ) ;
#3297 = ORIENTED_EDGE ( 'NONE', *, *, #4635, .F. ) ;
#3298 = AXIS2_PLACEMENT_3D ( 'NONE', #4890, #192, #6613 ) ;
#3299 = DIRECTION ( 'NONE',  ( -1.000000000000000000, 0.000000000000000000, 0.000000000000000000 ) ) ;
#3300 = CARTESIAN_POINT ( 'NONE',  ( -6.126218150162947573, -17.45700715072464959, -18.26740258996976252 ) ) ;
#3301 = CARTESIAN_POINT ( 'NONE',  ( -7.402688622315499067, -23.17997512420302186, -18.41667154759604585 ) ) ;
#3302 = CARTESIAN_POINT ( 'NONE',  ( -18.36324772583621368, -6.560574133379725836, -14.25000000000000178 ) ) ;
#3303 = LINE ( 'NONE', #3267, #30 ) ;
#3304 = AXIS2_PLACEMENT_3D ( 'NONE', #5363, #634, #4878 ) ;
#3305 = EDGE_CURVE ( 'NONE', #2442, #6551, #5593, .T. ) ;
#3306 = VERTEX_POINT ( 'NONE', #6182 ) ;
#3307 = DIRECTION ( 'NONE',  ( 1.000000000000000000, 0.000000000000000000, 0.000000000000000000 ) ) ;
#3308 = CARTESIAN_POINT ( 'NONE',  ( -24.44335945131691901, 4.348190822116438703, -18.93308766684160105 ) ) ;
#3309 = EDGE_CURVE ( 'NONE', #871, #3866, #2364, .T. ) ;
#3310 = CARTESIAN_POINT ( 'NONE',  ( -19.56223448575295265, 21.55908058746850031, -5.249999999999999112 ) ) ;
#3311 = CARTESIAN_POINT ( 'NONE',  ( -12.03038253069856900, -14.21523830949843159, -18.75000000000000355 ) ) ;
#3312 = DIRECTION ( 'NONE',  ( 0.000000000000000000, 0.000000000000000000, -1.000000000000000000 ) ) ;
#3313 = CARTESIAN_POINT ( 'NONE',  ( 22.88569200009642657, -10.06434879419970585, -13.75000000000000178 ) ) ;
#3314 = EDGE_CURVE ( 'NONE', #6638, #3043, #5118, .T. ) ;
#3315 = ORIENTED_EDGE ( 'NONE', *, *, #6028, .F. ) ;
#3316 = CARTESIAN_POINT ( 'NONE',  ( 0.000000000000000000, 26.37560046349702603, -6.750000000000000888 ) ) ;
#3317 = LINE ( 'NONE', #5917, #5210 ) ;
#3319 = B_SPLINE_CURVE_WITH_KNOTS ( 'NONE', 3,
 ( #2766, #231, #4414, #2733 ),
 .UNSPECIFIED., .F., .F.,
 ( 4, 4 ),
 ( 0.000000000000000000, 0.001414740136845097371 ),
 .UNSPECIFIED. ) ;
#3318 = CARTESIAN_POINT ( 'NONE',  ( 14.92103390953509034, -10.93676126970429863, -6.150000000000001243 ) ) ;
#3320 = LINE ( 'NONE', #298, #1727 ) ;
#3321 = ORIENTED_EDGE ( 'NONE', *, *, #1981, .F. ) ;
#3322 = FACE_OUTER_BOUND ( 'NONE', #1610, .T. ) ;
#3323 = CARTESIAN_POINT ( 'NONE',  ( 19.81240501497811479, -14.90279898382939727, -17.95837217869798152 ) ) ;
#3324 = ORIENTED_EDGE ( 'NONE', *, *, #4350, .T. ) ;
#3325 = DIRECTION ( 'NONE',  ( 0.000000000000000000, 0.000000000000000000, -1.000000000000000000 ) ) ;
#3326 = CARTESIAN_POINT ( 'NONE',  ( 7.630186687767063880, 23.80714705944041398, -17.75000000000000355 ) ) ;
#3327 = ORIENTED_EDGE ( 'NONE', *, *, #2622, .F. ) ;
#3328 = EDGE_LOOP ( 'NONE', ( #976, #844 ) ) ;
#3329 = ORIENTED_EDGE ( 'NONE', *, *, #4982, .T. ) ;
#3330 = CARTESIAN_POINT ( 'NONE',  ( 18.36324772583612130, -6.560574133379981632, -18.75000000000000355 ) ) ;
#3331 = FACE_OUTER_BOUND ( 'NONE', #1829, .T. ) ;
#3332 = CARTESIAN_POINT ( 'NONE',  ( -19.56240501497830664, -13.60376087815246038, -14.25000000000000178 ) ) ;
#3333 = DIRECTION ( 'NONE',  ( 0.000000000000000000, 0.000000000000000000, 1.000000000000000000 ) ) ;
#3334 = CARTESIAN_POINT ( 'NONE',  ( -18.13277525207584517, 3.668702850211431610, -17.98302250917963008 ) ) ;
#3335 = EDGE_CURVE ( 'NONE', #285, #6552, #2791, .T. ) ;
#3336 = ORIENTED_EDGE ( 'NONE', *, *, #5222, .F. ) ;
#3337 = CARTESIAN_POINT ( 'NONE',  ( -6.153844981075550002, 18.25601251017094739, -18.75000000000000355 ) ) ;
#3338 = CARTESIAN_POINT ( 'NONE',  ( 18.03886271092891036, 4.106799663504216547, -17.75000000000001066 ) ) ;
#3339 = CARTESIAN_POINT ( 'NONE',  ( -14.86324772583626697, -12.62275195987083620, -13.75000000000000178 ) ) ;
#3340 = EDGE_CURVE ( 'NONE', #811, #1368, #4600, .T. ) ;
#3341 = CARTESIAN_POINT ( 'NONE',  ( -8.068013231619691084, 23.66260154078874933, -17.90471812681237651 ) ) ;
#3342 = CARTESIAN_POINT ( 'NONE',  ( -24.45916045161601460, -5.173498703309444835, -17.75000000000000355 ) ) ;
#3343 = EDGE_CURVE ( 'NONE', #6668, #4063, #3441, .T. ) ;
#3344 = EDGE_LOOP ( 'NONE', ( #4297, #6561, #2779 ) ) ;
#3345 = DIRECTION ( 'NONE',  ( 1.000000000000000000, 0.000000000000000000, 0.000000000000000000 ) ) ;
#3346 = DIRECTION ( 'NONE',  ( -0.000000000000000000, -0.000000000000000000, -1.000000000000000000 ) ) ;
#3347 = DIRECTION ( 'NONE',  ( -1.000000000000000000, 0.000000000000000000, 0.000000000000000000 ) ) ;
#3348 = ADVANCED_FACE ( 'NONE', ( #6602 ), #2957, .T. ) ;
#3349 = AXIS2_PLACEMENT_3D ( 'NONE', #3292, #6545, #5445 ) ;
#3350 = CARTESIAN_POINT ( 'NONE',  ( -26.50000000000000355, 3.245314017740486554E-15, -6.950000000000000178 ) ) ;
#3351 = CARTESIAN_POINT ( 'NONE',  ( 19.59625522393553254, -15.52374894148895557, -17.75000000000000355 ) ) ;
#3352 = ORIENTED_EDGE ( 'NONE', *, *, #4109, .T. ) ;
#3353 = CARTESIAN_POINT ( 'NONE',  ( 6.246303171856819603, 18.02301145293733953, -18.75000000000000355 ) ) ;
#3354 = CIRCLE ( 'NONE', #25, 24.00000000000001066 ) ;
#3355 = AXIS2_PLACEMENT_3D ( 'NONE', #933, #1527, #3128 ) ;
#3356 = DIRECTION ( 'NONE',  ( 1.000000000000000000, 0.000000000000000000, 0.000000000000000000 ) ) ;
#3357 = PLANE ( 'NONE',  #5799 ) ;
#3358 = EDGE_LOOP ( 'NONE', ( #3039, #6600, #1801, #60 ) ) ;
#3359 = AXIS2_PLACEMENT_3D ( 'NONE', #619, #4836, #1648 ) ;
#3360 = AXIS2_PLACEMENT_3D ( 'NONE', #5172, #6142, #6767 ) ;
#3361 = VERTEX_POINT ( 'NONE', #1741 ) ;
#3362 = ORIENTED_EDGE ( 'NONE', *, *, #5938, .F. ) ;
#3363 = DIRECTION ( 'NONE',  ( -1.000000000000000000, 0.000000000000000000, 0.000000000000000000 ) ) ;
#3364 = FACE_OUTER_BOUND ( 'NONE', #4096, .T. ) ;
#3365 = LINE ( 'NONE', #5454, #2459 ) ;
#3366 = AXIS2_PLACEMENT_3D ( 'NONE', #6004, #6458, #3823 ) ;
#3367 = AXIS2_PLACEMENT_3D ( 'NONE', #622, #6291, #1548 ) ;
#3368 = B_SPLINE_CURVE_WITH_KNOTS ( 'NONE', 3,
 ( #1738, #6089, #2826, #1321, #3453, #1358, #4926, #2861 ),
 .UNSPECIFIED., .F., .F.,
 ( 4, 2, 2, 4 ),
 ( 0.000000000000000000, 0.0002357079118390437091, 0.0004714158236780874181, 0.0009428316473561748363 ),
 .UNSPECIFIED. ) ;
#3369 = DIRECTION ( 'NONE',  ( 0.000000000000000000, 0.000000000000000000, 1.000000000000000000 ) ) ;
#3370 = CARTESIAN_POINT ( 'NONE',  ( -3.612708057484691604E-15, -29.50000000000000000, -6.750000000000000888 ) ) ;
#3371 = VERTEX_POINT ( 'NONE', #4930 ) ;
#3372 = ADVANCED_FACE ( 'NONE', ( #4413 ), #2696, .T. ) ;
#3373 = EDGE_LOOP ( 'NONE', ( #3630, #1864, #2600, #2694 ) ) ;
#3374 = CIRCLE ( 'NONE', #383, 1.199999999999999734 ) ;
#3375 = CARTESIAN_POINT ( 'NONE',  ( -5.684894228234322000, 18.65293482575297190, -18.75000000000000355 ) ) ;
#3376 = CARTESIAN_POINT ( 'NONE',  ( -16.80250080122364764, 18.51150903694452410, -17.75000000000000355 ) ) ;
#3377 = CARTESIAN_POINT ( 'NONE',  ( -10.08959422810705497, -27.72093231318435613, -6.750000000000000888 ) ) ;
#3378 =( LENGTH_UNIT ( ) NAMED_UNIT ( * ) SI_UNIT ( .MILLI., .METRE. ) );
#3379 = ORIENTED_EDGE ( 'NONE', *, *, #2647, .F. ) ;
#3380 = B_SPLINE_CURVE_WITH_KNOTS ( 'NONE', 3,
 ( #1608, #5373, #4251, #5845 ),
 .UNSPECIFIED., .F., .F.,
 ( 4, 4 ),
 ( 0.000000000000000000, 0.001414740136845096504 ),
 .UNSPECIFIED. ) ;
#3381 = CARTESIAN_POINT ( 'NONE',  ( 16.58780865135169336, -18.25620377206515954, -18.08333802952935443 ) ) ;
#3382 = DIRECTION ( 'NONE',  ( -0.4999999999999981126, 0.8660254037844398178, 0.000000000000000000 ) ) ;
#3383 = CARTESIAN_POINT ( 'NONE',  ( 8.455697823463378171, 23.52665757710662575, -18.51171498810927218 ) ) ;
#3384 = EDGE_CURVE ( 'NONE', #429, #4849, #5163, .T. ) ;
#3385 = ORIENTED_EDGE ( 'NONE', *, *, #5272, .T. ) ;
#3386 = AXIS2_PLACEMENT_3D ( 'NONE', #1806, #6029, #3422 ) ;
#3387 = EDGE_CURVE ( 'NONE', #6803, #5448, #4042, .T. ) ;
#3388 = ORIENTED_EDGE ( 'NONE', *, *, #6229, .T. ) ;
#3389 = CARTESIAN_POINT ( 'NONE',  ( 0.000000000000000000, 0.000000000000000000, -6.750000000000000888 ) ) ;
#3390 = VECTOR ( 'NONE', #1555, 1000.000000000000000 ) ;
#3391 = ADVANCED_FACE ( 'NONE', ( #2997 ), #6128, .T. ) ;
#3392 = FACE_OUTER_BOUND ( 'NONE', #1924, .T. ) ;
#3393 = ORIENTED_EDGE ( 'NONE', *, *, #4229, .F. ) ;
#3394 = AXIS2_PLACEMENT_3D ( 'NONE', #6783, #4572, #4074 ) ;
#3395 = DIRECTION ( 'NONE',  ( 0.000000000000000000, 0.000000000000000000, 1.000000000000000000 ) ) ;
#3396 = VERTEX_POINT ( 'NONE', #4511 ) ;
#3397 = ORIENTED_EDGE ( 'NONE', *, *, #2647, .T. ) ;
#3398 = CARTESIAN_POINT ( 'NONE',  ( 20.07253303515961207, -14.90279898382938306, -13.81129573366794006 ) ) ;
#3399 = CYLINDRICAL_SURFACE ( 'NONE', #2818, 1.899999999999999023 ) ;
#3400 = CARTESIAN_POINT ( 'NONE',  ( 8.373649967316445952, 23.30198439244457731, -18.75000000000000355 ) ) ;
#3401 = AXIS2_PLACEMENT_3D ( 'NONE', #2148, #3275, #144 ) ;
#3402 = CARTESIAN_POINT ( 'NONE',  ( -18.00959756134178136, 4.231358609065440035, -17.75000000000000711 ) ) ;
#3403 = CARTESIAN_POINT ( 'NONE',  ( 12.03038253069847130, 14.21523830949851508, -18.75000000000000355 ) ) ;
#3404 = VERTEX_POINT ( 'NONE', #3070 ) ;
#3405 = ORIENTED_EDGE ( 'NONE', *, *, #3234, .T. ) ;
#3406 = AXIS2_PLACEMENT_3D ( 'NONE', #5165, #4585, #6759 ) ;
#3407 = CARTESIAN_POINT ( 'NONE',  ( -13.31146830012050408, -14.24973023235481584, -18.75000000000000355 ) ) ;
#3408 = EDGE_CURVE ( 'NONE', #5745, #1386, #3867, .T. ) ;
#3409 = VECTOR ( 'NONE', #1424, 1000.000000000000000 ) ;
#3410 = ORIENTED_EDGE ( 'NONE', *, *, #918, .F. ) ;
#3411 = CARTESIAN_POINT ( 'NONE',  ( 7.286907685503246412, -22.86072033846607354, -18.75600996060466841 ) ) ;
#3412 = VERTEX_POINT ( 'NONE', #2581 ) ;
#3413 = DIRECTION ( 'NONE',  ( 1.000000000000000000, -3.469446951953611033E-15, 0.000000000000000000 ) ) ;
#3414 = DIRECTION ( 'NONE',  ( -0.4999999999999998890, -0.8660254037844387076, 0.000000000000000000 ) ) ;
#3415 = DIRECTION ( 'NONE',  ( 0.8660254037844434816, 0.4999999999999916178, 0.000000000000000000 ) ) ;
#3416 = DIRECTION ( 'NONE',  ( -0.000000000000000000, -0.000000000000000000, -1.000000000000000000 ) ) ;
#3417 = FACE_OUTER_BOUND ( 'NONE', #800, .T. ) ;
#3418 = ORIENTED_EDGE ( 'NONE', *, *, #1231, .T. ) ;
#3419 = EDGE_CURVE ( 'NONE', #4024, #3614, #1255, .T. ) ;
#3420 = VERTEX_POINT ( 'NONE', #1603 ) ;
#3421 = CARTESIAN_POINT ( 'NONE',  ( -7.288958259316671295, 22.86637460320152115, -18.75000000000000355 ) ) ;
#3422 = DIRECTION ( 'NONE',  ( 0.5000000000000044409, 0.8660254037844360431, 0.000000000000000000 ) ) ;
#3423 = EDGE_CURVE ( 'NONE', #6231, #5263, #3711, .T. ) ;
#3424 = CARTESIAN_POINT ( 'NONE',  ( 10.87500000000000355, -18.83605253231153753, -18.75000000000000355 ) ) ;
#3425 = CARTESIAN_POINT ( 'NONE',  ( 16.21126786224076000, 19.03204318992550270, -18.27517112885533379 ) ) ;
#3426 = VERTEX_POINT ( 'NONE', #4787 ) ;
#3427 = CARTESIAN_POINT ( 'NONE',  ( 2.500000000000007105, 19.18332609325088001, -14.25000000000000178 ) ) ;
#3428 = ORIENTED_EDGE ( 'NONE', *, *, #900, .T. ) ;
#3429 = ADVANCED_FACE ( 'NONE', ( #1076 ), #5367, .F. ) ;
#3430 = VERTEX_POINT ( 'NONE', #2189 ) ;
#3431 = DIRECTION ( 'NONE',  ( -0.4999999999999911182, 0.8660254037844438146, 0.000000000000000000 ) ) ;
#3432 = DIRECTION ( 'NONE',  ( -1.000000000000000000, 0.000000000000000000, 0.000000000000000000 ) ) ;
#3433 = CARTESIAN_POINT ( 'NONE',  ( -12.31815848756619225, -13.80309573524229805, -17.90046786755696573 ) ) ;
#3434 = CARTESIAN_POINT ( 'NONE',  ( -15.99328545878706365, 18.90278579031725315, -18.75000000000000355 ) ) ;
#3435 = VERTEX_POINT ( 'NONE', #4375 ) ;
#3436 = VERTEX_POINT ( 'NONE', #2787 ) ;
#3437 = ORIENTED_EDGE ( 'NONE', *, *, #5556, .F. ) ;
#3438 = CARTESIAN_POINT ( 'NONE',  ( -24.58198275338345695, 4.575548350495141747, -17.75661743300153361 ) ) ;
#3439 = DIRECTION ( 'NONE',  ( -0.7071067811865530128, 0.000000000000000000, -0.7071067811865421326 ) ) ;
#3440 = EDGE_LOOP ( 'NONE', ( #6272, #1448, #6452, #1873, #1227, #852, #5279, #1435, #5459, #4845, #5730, #5990, #5715, #6611, #955, #935, #5105, #3965, #4403, #6378, #1301, #88 ) ) ;
#3441 = LINE ( 'NONE', #3479, #2253 ) ;
#3442 = EDGE_CURVE ( 'NONE', #5520, #5540, #1365, .T. ) ;
#3443 = ORIENTED_EDGE ( 'NONE', *, *, #4509, .F. ) ;
#3444 = CARTESIAN_POINT ( 'NONE',  ( 25.54774941164107815, 14.74999999999975842, -6.750000000000000888 ) ) ;
#3445 = CARTESIAN_POINT ( 'NONE',  ( 15.99999999999999645, 0.000000000000000000, -5.750000000000000888 ) ) ;
#3446 = APPLICATION_CONTEXT ( 'automotive_design' ) ;
#3447 =( BOUNDED_SURFACE ( )  B_SPLINE_SURFACE ( 3, 2, ( 
 ( #4086, #5167, #2627 ),
 ( #3707, #411, #3104 ),
 ( #2590, #4696, #1850 ),
 ( #6067, #342, #5543 ) ),
 .UNSPECIFIED., .F., .F., .T. ) 
 B_SPLINE_SURFACE_WITH_KNOTS ( ( 4, 4 ),
 ( 3, 3 ),
 ( 0.02292256358953811274, 0.02435681235376892587 ),
 ( 0.1879833979367936947, 1.000000000000000000 ),
 .UNSPECIFIED. ) 
 GEOMETRIC_REPRESENTATION_ITEM ( )  RATIONAL_B_SPLINE_SURFACE ( (
 ( 0.9136503078556492685, 0.7703262812246212121, 1.000000000000000000),
 ( 0.9136086307541280149, 0.7702154280801978281, 1.000000000000000000),
 ( 0.9135686483603955299, 0.7701090825354013347, 1.000000000000000000),
 ( 0.9135301692068646950, 0.7700067353229533840, 1.000000000000000000) ) ) 
 REPRESENTATION_ITEM ( '' )  SURFACE ( )  );
#3448 = CARTESIAN_POINT ( 'NONE',  ( -27.00116352358334382, 17.17694697804690662, -6.411798631263113890 ) ) ;
#3449 = CARTESIAN_POINT ( 'NONE',  ( -3.612708057484691604E-15, -29.50000000000000000, -6.750000000000000888 ) ) ;
#3450 = CARTESIAN_POINT ( 'NONE',  ( 18.83605253231163701, 10.87499999999982592, -18.75000000000000355 ) ) ;
#3451 = EDGE_LOOP ( 'NONE', ( #4602, #2376, #4487, #6523, #6781, #4016 ) ) ;
#3452 = FACE_OUTER_BOUND ( 'NONE', #3612, .T. ) ;
#3453 = CARTESIAN_POINT ( 'NONE',  ( -22.92838458979338156, -9.631707558972699701, -17.88081582585398976 ) ) ;
#3454 = ORIENTED_EDGE ( 'NONE', *, *, #2462, .F. ) ;
#3455 = CARTESIAN_POINT ( 'NONE',  ( 12.53056795444791049, -14.49915253702638118, -18.39848152453494023 ) ) ;
#3456 = CARTESIAN_POINT ( 'NONE',  ( 19.59625522393553254, -15.52374894148895379, -14.25000000000000178 ) ) ;
#3457 = B_SPLINE_CURVE_WITH_KNOTS ( 'NONE', 3,
 ( #1758, #255, #220, #3341, #5872, #5425, #1790, #5493 ),
 .UNSPECIFIED., .F., .F.,
 ( 4, 2, 2, 4 ),
 ( -0.0006247151556717204937, -0.0002596420021041223559, 0.0001054311514634757819, 0.0008355774585986668534 ),
 .UNSPECIFIED. ) ;
#3458 = ADVANCED_FACE ( 'NONE', ( #1636 ), #6669, .F. ) ;
#3459 = EDGE_CURVE ( 'NONE', #1447, #273, #270, .T. ) ;
#3460 = LINE ( 'NONE', #5539, #839 ) ;
#3461 = EDGE_LOOP ( 'NONE', ( #808, #1643, #1988, #4178 ) ) ;
#3462 = ORIENTED_EDGE ( 'NONE', *, *, #4817, .F. ) ;
#3463 = AXIS2_PLACEMENT_3D ( 'NONE', #1919, #5615, #3007 ) ;
#3464 = EDGE_LOOP ( 'NONE', ( #3894, #3820 ) ) ;
#3465 = AXIS2_PLACEMENT_3D ( 'NONE', #6228, #5258, #535 ) ;
#3466 = FACE_OUTER_BOUND ( 'NONE', #2105, .T. ) ;
#3467 = EDGE_CURVE ( 'NONE', #3745, #3502, #5807, .T. ) ;
#3468 = CIRCLE ( 'NONE', #3133, 1.000000000000000888 ) ;
#3469 = VECTOR ( 'NONE', #5818, 1000.000000000000000 ) ;
#3470 = CARTESIAN_POINT ( 'NONE',  ( 0.000000000000000000, 0.000000000000000000, -6.750000000000000888 ) ) ;
#3471 = MANIFOLD_SOLID_BREP ( 'Fillet7', #4775 ) ;
#3472 = ORIENTED_EDGE ( 'NONE', *, *, #1532, .F. ) ;
#3473 = ORIENTED_EDGE ( 'NONE', *, *, #3159, .T. ) ;
#3474 = ORIENTED_EDGE ( 'NONE', *, *, #6329, .T. ) ;
#3475 = EDGE_CURVE ( 'NONE', #3592, #6138, #2026, .T. ) ;
#3476 = CARTESIAN_POINT ( 'NONE',  ( 0.000000000000000000, -0.000000000000000000, -17.75000000000000355 ) ) ;
#3477 = CONICAL_SURFACE ( 'NONE', #4347, 3.150000000000002576, 0.7853981633974500554 ) ;
#3478 = CIRCLE ( 'NONE', #1249, 25.00000000000001066 ) ;
#3479 = CARTESIAN_POINT ( 'NONE',  ( -8.975000000000013856, -18.83605253231153398, -8.750000000000001776 ) ) ;
#3480 = VECTOR ( 'NONE', #5303, 1000.000000000000000 ) ;
#3481 = VERTEX_POINT ( 'NONE', #4667 ) ;
#3482 = CYLINDRICAL_SURFACE ( 'NONE', #5461, 0.5000000000000000000 ) ;
#3483 = CARTESIAN_POINT ( 'NONE',  ( -7.982034353632461610, -22.62353270898200464, -18.77088686172233878 ) ) ;
#3484 = CARTESIAN_POINT ( 'NONE',  ( 23.18319193293575253, -9.357626639582221628, -17.75000000000000711 ) ) ;
#3485 = EDGE_CURVE ( 'NONE', #2426, #3436, #227, .T. ) ;
#3486 = DIRECTION ( 'NONE',  ( -0.8660254037844363761, 0.5000000000000039968, 0.000000000000000000 ) ) ;
#3487 = CONICAL_SURFACE ( 'NONE', #490, 19.50000000000000000, 0.7853981633974500554 ) ;
#3488 = LINE ( 'NONE', #3027, #3409 ) ;
#3489 = ORIENTED_EDGE ( 'NONE', *, *, #5394, .T. ) ;
#3490 = LINE ( 'NONE', #2641, #2054 ) ;
#3491 = LINE ( 'NONE', #5988, #6474 ) ;
#3492 = AXIS2_PLACEMENT_3D ( 'NONE', #6813, #3087, #6845 ) ;
#3493 =( BOUNDED_CURVE ( )  B_SPLINE_CURVE ( 3, ( #3857, #101, #5387, #209 ),
 .UNSPECIFIED., .F., .F. ) 
 B_SPLINE_CURVE_WITH_KNOTS ( ( 4, 4 ),
 ( 3.141592653589793116, 3.845135240435906265 ),
 .UNSPECIFIED. ) 
 CURVE ( )  GEOMETRIC_REPRESENTATION_ITEM ( )  RATIONAL_B_SPLINE_CURVE ( ( 1.000000000000000000, 0.9591759112683387878, 0.9591759112683387878, 1.000000000000000000 ) ) 
 REPRESENTATION_ITEM ( '' )  );
#3494 = CARTESIAN_POINT ( 'NONE',  ( 12.09686504980367872, -13.98142981993179390, -17.72259486755743296 ) ) ;
#3495 = CARTESIAN_POINT ( 'NONE',  ( 16.27030280173091725, -18.98112727404129529, -18.17914030857284402 ) ) ;
#3496 = AXIS2_PLACEMENT_3D ( 'NONE', #5153, #5217, #2460 ) ;
#3497 = DIRECTION ( 'NONE',  ( 0.000000000000000000, 0.000000000000000000, 1.000000000000000000 ) ) ;
#3498 = EDGE_CURVE ( 'NONE', #79, #3893, #6780, .T. ) ;
#3499 = DIRECTION ( 'NONE',  ( 0.000000000000000000, 0.000000000000000000, -1.000000000000000000 ) ) ;
#3500 = CARTESIAN_POINT ( 'NONE',  ( 18.33854149838982295, 4.288604340662088177, -18.08331757544337393 ) ) ;
#3501 = FACE_BOUND ( 'NONE', #5143, .T. ) ;
#3502 = VERTEX_POINT ( 'NONE', #4301 ) ;
#3503 = ORIENTED_EDGE ( 'NONE', *, *, #6796, .T. ) ;
#3504 = VECTOR ( 'NONE', #6793, 1000.000000000000114 ) ;
#3505 = ORIENTED_EDGE ( 'NONE', *, *, #4848, .T. ) ;
#3506 = CARTESIAN_POINT ( 'NONE',  ( 17.21277491685818717, -9.937800231748504132, -6.150000000000001243 ) ) ;
#3507 = CARTESIAN_POINT ( 'NONE',  ( -18.96223448575294768, 22.59831107200982458, -5.249999999999999112 ) ) ;
#3508 = PLANE ( 'NONE',  #4065 ) ;
#3509 = ORIENTED_EDGE ( 'NONE', *, *, #6323, .F. ) ;
#3510 = ORIENTED_EDGE ( 'NONE', *, *, #6512, .F. ) ;
#3511 = EDGE_LOOP ( 'NONE', ( #149, #1257, #3737, #1161, #3336, #13 ) ) ;
#3512 = CIRCLE ( 'NONE', #5810, 1.899999999999999023 ) ;
#3513 = DIRECTION ( 'NONE',  ( 0.000000000000000000, 0.000000000000000000, 1.000000000000000000 ) ) ;
#3514 = ADVANCED_FACE ( 'NONE', ( #4710 ), #2058, .F. ) ;
#3515 = CARTESIAN_POINT ( 'NONE',  ( 18.00959756134184175, 4.231358609065186016, -17.75000000000000711 ) ) ;
#3516 = ORIENTED_EDGE ( 'NONE', *, *, #4402, .F. ) ;
#3517 = CARTESIAN_POINT ( 'NONE',  ( 17.42154271425478385, -6.224134434232296620, -17.75000000000000711 ) ) ;
#3518 = ADVANCED_FACE ( 'NONE', ( #133 ), #3487, .F. ) ;
#3519 = CARTESIAN_POINT ( 'NONE',  ( 16.80749709440036810, -18.51745047815828471, -17.74224258776246899 ) ) ;
#3520 = DIRECTION ( 'NONE',  ( -0.5000000000000039968, -0.8660254037844362651, 0.000000000000000000 ) ) ;
#3521 = AXIS2_PLACEMENT_3D ( 'NONE', #3941, #5559, #320 ) ;
#3522 = DIRECTION ( 'NONE',  ( 0.000000000000000000, 0.000000000000000000, 1.000000000000000000 ) ) ;
#3523 = ADVANCED_FACE ( 'NONE', ( #3331 ), #3399, .F. ) ;
#3524 = FACE_OUTER_BOUND ( 'NONE', #1099, .T. ) ;
#3525 = ORIENTED_EDGE ( 'NONE', *, *, #1821, .T. ) ;
#3526 = CARTESIAN_POINT ( 'NONE',  ( -31.90184760431295885, 2.504419978995468643, -5.249999999999999112 ) ) ;
#3527 = DIRECTION ( 'NONE',  ( -0.000000000000000000, -0.000000000000000000, 1.000000000000000000 ) ) ;
#3528 = DIRECTION ( 'NONE',  ( 1.000000000000000000, 0.000000000000000000, 0.000000000000000000 ) ) ;
#3529 = CARTESIAN_POINT ( 'NONE',  ( 16.25353248446432275, 19.00084736457359114, -17.75661743300154072 ) ) ;
#3530 = FACE_OUTER_BOUND ( 'NONE', #4154, .T. ) ;
#3531 = CARTESIAN_POINT ( 'NONE',  ( -23.53299725367915229, 4.886782412867604286, -18.75000000000000355 ) ) ;
#3532 = ORIENTED_EDGE ( 'NONE', *, *, #5140, .T. ) ;
#3533 = ORIENTED_EDGE ( 'NONE', *, *, #4603, .T. ) ;
#3534 = ORIENTED_EDGE ( 'NONE', *, *, #2274, .T. ) ;
#3535 = CARTESIAN_POINT ( 'NONE',  ( -0.000000000000000000, 0.000000000000000000, -13.75000000000000178 ) ) ;
#3536 = CARTESIAN_POINT ( 'NONE',  ( -12.66926282864351805, -13.48108969552356839, -17.75000000000000711 ) ) ;
#3537 = CARTESIAN_POINT ( 'NONE',  ( -0.000000000000000000, 0.000000000000000000, -18.75000000000000355 ) ) ;
#3538 = DIRECTION ( 'NONE',  ( -0.3535533905932687904, 0.6123724356957988002, -0.7071067811865463515 ) ) ;
#3539 = CARTESIAN_POINT ( 'NONE',  ( -10.87499999999999645, 18.83605253231154109, -8.750000000000001776 ) ) ;
#3540 = EDGE_LOOP ( 'NONE', ( #2555, #3473, #593, #4458 ) ) ;
#3541 = VERTEX_POINT ( 'NONE', #5964 ) ;
#3542 = VERTEX_POINT ( 'NONE', #4393 ) ;
#3543 = CARTESIAN_POINT ( 'NONE',  ( 24.54452521362298256, -4.751026253237877306, -17.99010654519315011 ) ) ;
#3544 = FILL_AREA_STYLE_COLOUR ( '', #4687 ) ;
#3545 = EDGE_CURVE ( 'NONE', #1415, #4163, #3107, .T. ) ;
#3546 = ORIENTED_EDGE ( 'NONE', *, *, #3896, .T. ) ;
#3547 = CARTESIAN_POINT ( 'NONE',  ( -8.606387458429091808, -4.968900115874252954, -6.150000000000001243 ) ) ;
#3548 = EDGE_CURVE ( 'NONE', #1639, #1007, #1920, .T. ) ;
#3549 = VERTEX_POINT ( 'NONE', #6519 ) ;
#3550 = CARTESIAN_POINT ( 'NONE',  ( 17.36324772583519049, -6.450935882843312541, -17.77259232741269912 ) ) ;
#3551 = CARTESIAN_POINT ( 'NONE',  ( 22.63379639438766233, -9.787567608418237697, -18.09061600704604444 ) ) ;
#3552 = EDGE_CURVE ( 'NONE', #4777, #5951, #217, .T. ) ;
#3553 = DIRECTION ( 'NONE',  ( -0.7071067811865531239, 0.000000000000000000, -0.7071067811865420216 ) ) ;
#3554 = EDGE_CURVE ( 'NONE', #4767, #2617, #6173, .T. ) ;
#3555 = DIRECTION ( 'NONE',  ( 0.000000000000000000, 0.000000000000000000, 1.000000000000000000 ) ) ;
#3556 = ORIENTED_EDGE ( 'NONE', *, *, #4116, .T. ) ;
#3557 = CARTESIAN_POINT ( 'NONE',  ( 0.000000000000000000, 0.000000000000000000, -18.75000000000000355 ) ) ;
#3558 = EDGE_CURVE ( 'NONE', #2765, #1092, #5234, .T. ) ;
#3559 = DIRECTION ( 'NONE',  ( -0.000000000000000000, -0.000000000000000000, 1.000000000000000000 ) ) ;
#3560 = DIRECTION ( 'NONE',  ( -1.000000000000000000, 1.914725358886527419E-16, 0.000000000000000000 ) ) ;
#3561 = CARTESIAN_POINT ( 'NONE',  ( 16.42201736042267513, 19.51247350359037114, -18.25722445815091177 ) ) ;
#3562 = CARTESIAN_POINT ( 'NONE',  ( 7.288958259316671295, -22.86637460320152115, -18.75000000000000355 ) ) ;
#3563 = ORIENTED_EDGE ( 'NONE', *, *, #3248, .F. ) ;
#3564 = ORIENTED_EDGE ( 'NONE', *, *, #5844, .T. ) ;
#3565 = CARTESIAN_POINT ( 'NONE',  ( 19.56240501497812190, -13.60376087815274637, -13.75000000000000178 ) ) ;
#3566 = CARTESIAN_POINT ( 'NONE',  ( 10.08959422810705497, -27.72093231318435613, 6.750000000000000888 ) ) ;
#3567 = AXIS2_PLACEMENT_3D ( 'NONE', #986, #4128, #3197 ) ;
#3568 = FACE_BOUND ( 'NONE', #6777, .T. ) ;
#3569 = DIRECTION ( 'NONE',  ( -0.5000000000000044409, -0.8660254037844361541, 0.000000000000000000 ) ) ;
#3570 = CARTESIAN_POINT ( 'NONE',  ( 12.03033118017974701, -14.21519971406476479, -18.75000000000000711 ) ) ;
#3571 = ORIENTED_EDGE ( 'NONE', *, *, #6526, .F. ) ;
#3572 = AXIS2_PLACEMENT_3D ( 'NONE', #6836, #737, #1675 ) ;
#3573 = VECTOR ( 'NONE', #4110, 1000.000000000000000 ) ;
#3574 = ORIENTED_EDGE ( 'NONE', *, *, #4622, .F. ) ;
#3575 = VERTEX_POINT ( 'NONE', #2384 ) ;
#3576 = CARTESIAN_POINT ( 'NONE',  ( 2.000000000000007105, 19.18332609325088001, -13.75000000000000178 ) ) ;
#3577 = B_SPLINE_CURVE_WITH_KNOTS ( 'NONE', 3,
 ( #3789, #1097, #3228, #591, #2711, #5860 ),
 .UNSPECIFIED., .F., .F.,
 ( 4, 2, 4 ),
 ( -6.454972268312303395E-06, 0.0006224789711313442712, 0.001251412914531000982 ),
 .UNSPECIFIED. ) ;
#3578 = CIRCLE ( 'NONE', #258, 1.500000000000001332 ) ;
#3579 = CIRCLE ( 'NONE', #6764, 1.899999999999999023 ) ;
#3580 = EDGE_CURVE ( 'NONE', #5714, #2757, #6596, .T. ) ;
#3581 = LINE ( 'NONE', #4532, #1590 ) ;
#3582 = ORIENTED_EDGE ( 'NONE', *, *, #6606, .T. ) ;
#3583 = AXIS2_PLACEMENT_3D ( 'NONE', #1026, #6222, #1063 ) ;
#3584 = VECTOR ( 'NONE', #3651, 1000.000000000000000 ) ;
#3585 = CARTESIAN_POINT ( 'NONE',  ( -6.112211250783616379, 17.46120982645889441, -18.28048286926301813 ) ) ;
#3586 = FACE_OUTER_BOUND ( 'NONE', #1822, .T. ) ;
#3587 = CARTESIAN_POINT ( 'NONE',  ( -18.33681387225102100, -4.288303172628980420, -18.08156648969047353 ) ) ;
#3588 = ADVANCED_FACE ( 'NONE', ( #1471, #5099 ), #2418, .T. ) ;
#3589 = CIRCLE ( 'NONE', #6664, 1.200000000000001288 ) ;
#3590 = AXIS2_PLACEMENT_3D ( 'NONE', #205, #1774, #6453 ) ;
#3591 = CARTESIAN_POINT ( 'NONE',  ( 21.75000000000000355, 0.000000000000000000, -8.750000000000001776 ) ) ;
#3592 = VERTEX_POINT ( 'NONE', #1954 ) ;
#3593 = AXIS2_PLACEMENT_3D ( 'NONE', #5911, #3891, #4951 ) ;
#3594 = CARTESIAN_POINT ( 'NONE',  ( 6.087904348174022928, -18.36610148457831571, -18.75000000000000711 ) ) ;
#3595 = ADVANCED_FACE ( 'NONE', ( #3568, #916 ), #4628, .T. ) ;
#3596 = DIRECTION ( 'NONE',  ( 0.000000000000000000, 0.000000000000000000, -1.000000000000000000 ) ) ;
#3597 = CYLINDRICAL_SURFACE ( 'NONE', #4914, 1.000000000000000888 ) ;
#3598 = CARTESIAN_POINT ( 'NONE',  ( -17.34126925882169701, -6.445580366935375949, -14.07896078538782270 ) ) ;
#3599 = VECTOR ( 'NONE', #4691, 1000.000000000000000 ) ;
#3600 = DIRECTION ( 'NONE',  ( -0.000000000000000000, -0.000000000000000000, -1.000000000000000000 ) ) ;
#3601 = ORIENTED_EDGE ( 'NONE', *, *, #5048, .T. ) ;
#3602 = CARTESIAN_POINT ( 'NONE',  ( -19.56223448575295265, 21.55908058746850031, 6.750000000000000888 ) ) ;
#3603 = ORIENTED_EDGE ( 'NONE', *, *, #455, .T. ) ;
#3604 = DIRECTION ( 'NONE',  ( 0.8660254037844432595, 0.4999999999999919509, -0.000000000000000000 ) ) ;
#3605 = ADVANCED_FACE ( 'NONE', ( #3712 ), #20, .T. ) ;
#3606 = CARTESIAN_POINT ( 'NONE',  ( -7.630186687767061215, 23.80714705944041398, -17.75000000000000355 ) ) ;
#3607 = CARTESIAN_POINT ( 'NONE',  ( -19.59625522393575991, -15.52374894148867490, -14.25000000000000178 ) ) ;
#3608 = AXIS2_PLACEMENT_3D ( 'NONE', #5478, #198, #3356 ) ;
#3609 = CARTESIAN_POINT ( 'NONE',  ( -25.10937642095518640, -4.465659809425033266, -18.25715341813840098 ) ) ;
#3610 = EDGE_CURVE ( 'NONE', #2732, #2922, #1803, .T. ) ;
#3611 = LINE ( 'NONE', #5685, #6253 ) ;
#3612 = EDGE_LOOP ( 'NONE', ( #1747, #3983, #4508, #907 ) ) ;
#3613 = VECTOR ( 'NONE', #5319, 1000.000000000000114 ) ;
#3614 = VERTEX_POINT ( 'NONE', #197 ) ;
#3615 = EDGE_LOOP ( 'NONE', ( #195, #5169 ) ) ;
#3616 = CARTESIAN_POINT ( 'NONE',  ( -15.60153714458740382, -18.22441120350851307, -18.77088643780694710 ) ) ;
#3617 = CARTESIAN_POINT ( 'NONE',  ( -3.499999999999999556, 23.74342014116752964, -13.75000000000000178 ) ) ;
#3618 = ORIENTED_EDGE ( 'NONE', *, *, #3029, .F. ) ;
#3619 = CARTESIAN_POINT ( 'NONE',  ( 0.000000000000000000, 0.000000000000000000, -18.75000000000000355 ) ) ;
#3620 = ORIENTED_EDGE ( 'NONE', *, *, #3976, .T. ) ;
#3621 = EDGE_CURVE ( 'NONE', #3140, #6206, #1034, .T. ) ;
#3622 = CIRCLE ( 'NONE', #2503, 1.000000000000000888 ) ;
#3623 = CARTESIAN_POINT ( 'NONE',  ( 17.38193440565343195, -6.334999301858345255, -17.75000000000001421 ) ) ;
#3624 = PLANE ( 'NONE',  #1712 ) ;
#3625 = EDGE_CURVE ( 'NONE', #445, #2111, #5407, .T. ) ;
#3626 = CARTESIAN_POINT ( 'NONE',  ( 24.36693542610374053, 4.399198602127454727, -18.75000000000000355 ) ) ;
#3627 = CYLINDRICAL_SURFACE ( 'NONE', #5647, 1.899999999999999023 ) ;
#3628 = AXIS2_PLACEMENT_3D ( 'NONE', #1948, #1465, #906 ) ;
#3629 = DIRECTION ( 'NONE',  ( 0.000000000000000000, 0.000000000000000000, -1.000000000000000000 ) ) ;
#3630 = ORIENTED_EDGE ( 'NONE', *, *, #5415, .T. ) ;
#3631 = AXIS2_PLACEMENT_3D ( 'NONE', #3879, #4445, #6098 ) ;
#3632 = CARTESIAN_POINT ( 'NONE',  ( 18.36223448575326955, 23.63754155655088596, 6.750000000000000888 ) ) ;
#3633 = CIRCLE ( 'NONE', #1065, 3.149999999999999911 ) ;
#3634 = DIRECTION ( 'NONE',  ( 1.000000000000000000, 0.000000000000000000, 0.000000000000000000 ) ) ;
#3635 = ADVANCED_FACE ( 'NONE', ( #671 ), #164, .F. ) ;
#3636 = B_SPLINE_CURVE_WITH_KNOTS ( 'NONE', 3,
 ( #234, #5480, #3500, #1913 ),
 .UNSPECIFIED., .F., .F.,
 ( 4, 4 ),
 ( 0.000000000000000000, 0.001415357249055940918 ),
 .UNSPECIFIED. ) ;
#3637 = DIRECTION ( 'NONE',  ( -1.000000000000000000, 0.000000000000000000, 0.000000000000000000 ) ) ;
#3638 = EDGE_LOOP ( 'NONE', ( #2388, #1292 ) ) ;
#3639 = CARTESIAN_POINT ( 'NONE',  ( 17.02513939148356314, -7.238413410448087504, -13.75000000000000178 ) ) ;
#3640 = ORIENTED_EDGE ( 'NONE', *, *, #3896, .F. ) ;
#3641 = CARTESIAN_POINT ( 'NONE',  ( -5.571304084199687701, 18.34277735907386386, -18.42019982246391407 ) ) ;
#3642 = CARTESIAN_POINT ( 'NONE',  ( 15.99317927995448585, 18.90259074951404727, -18.75000000000000355 ) ) ;
#3643 = ADVANCED_FACE ( 'NONE', ( #4081 ), #6162, .F. ) ;
#3644 = DIRECTION ( 'NONE',  ( -1.000000000000000000, 0.000000000000000000, 0.000000000000000000 ) ) ;
#3645 = ADVANCED_FACE ( 'NONE', ( #2371 ), #4910, .T. ) ;
#3646 = CARTESIAN_POINT ( 'NONE',  ( -3.645833333333333481, 24.73272931371618100, -10.75000000000000000 ) ) ;
#3647 = EDGE_LOOP ( 'NONE', ( #4805, #4948, #1207, #2635 ) ) ;
#3648 = VERTEX_POINT ( 'NONE', #6198 ) ;
#3649 = EDGE_LOOP ( 'NONE', ( #4050, #1134, #3315, #3089 ) ) ;
#3650 = CARTESIAN_POINT ( 'NONE',  ( 0.000000000000000000, 0.000000000000000000, -6.750000000000000888 ) ) ;
#3651 = DIRECTION ( 'NONE',  ( 0.000000000000000000, -0.000000000000000000, 1.000000000000000000 ) ) ;
#3652 = CARTESIAN_POINT ( 'NONE',  ( 12.31400715641944288, 14.24065093068527865, -18.06100856369450725 ) ) ;
#3653 = DIRECTION ( 'NONE',  ( 0.000000000000000000, 0.000000000000000000, -1.000000000000000000 ) ) ;
#3654 = CARTESIAN_POINT ( 'NONE',  ( 10.87500000000000355, -18.83605253231153753, -8.750000000000001776 ) ) ;
#3655 = DIRECTION ( 'NONE',  ( 0.8660254037844432595, 0.4999999999999919509, 0.000000000000000000 ) ) ;
#3656 = ORIENTED_EDGE ( 'NONE', *, *, #291, .T. ) ;
#3657 = DIRECTION ( 'NONE',  ( -1.000000000000000000, 0.000000000000000000, 0.000000000000000000 ) ) ;
#3658 = CARTESIAN_POINT ( 'NONE',  ( -19.79318038735571150, -14.70765885741225709, -18.09061600703659423 ) ) ;
#3659 = CARTESIAN_POINT ( 'NONE',  ( 3.487672725400015938, 24.75604365194022094, -17.75000000000000711 ) ) ;
#3660 = CARTESIAN_POINT ( 'NONE',  ( 5.684894228234322000, -18.65293482575297190, -18.75000000000000355 ) ) ;
#3661 = CARTESIAN_POINT ( 'NONE',  ( -18.96223448575294768, 22.59831107200982458, -5.249999999999999112 ) ) ;
#3662 = DIRECTION ( 'NONE',  ( -1.000000000000000000, 0.000000000000000000, 0.000000000000000000 ) ) ;
#3663 = ORIENTED_EDGE ( 'NONE', *, *, #3999, .T. ) ;
#3664 = B_SPLINE_CURVE_WITH_KNOTS ( 'NONE', 3,
 ( #2613, #6299, #100, #3660 ),
 .UNSPECIFIED., .F., .F.,
 ( 4, 4 ),
 ( 0.000000000000000000, 0.001415357249055940918 ),
 .UNSPECIFIED. ) ;
#3665 = CARTESIAN_POINT ( 'NONE',  ( -22.06571939074844124, -9.852897684162959635, -17.75000000000000711 ) ) ;
#3666 = FACE_OUTER_BOUND ( 'NONE', #5029, .T. ) ;
#3667 = ORIENTED_EDGE ( 'NONE', *, *, #2315, .F. ) ;
#3668 = LINE ( 'NONE', #5733, #6583 ) ;
#3669 = ORIENTED_EDGE ( 'NONE', *, *, #6570, .T. ) ;
#3670 = LINE ( 'NONE', #3602, #2700 ) ;
#3671 = ORIENTED_EDGE ( 'NONE', *, *, #6403, .T. ) ;
#3672 = CARTESIAN_POINT ( 'NONE',  ( 24.12703534742121292, -4.457739225198169564, -18.75000000000000711 ) ) ;
#3673 = CARTESIAN_POINT ( 'NONE',  ( 17.42154271425477674, -6.224134434232293955, -5.750000000000000888 ) ) ;
#3674 = CARTESIAN_POINT ( 'NONE',  ( -1.999999999999999556, 23.74342014116752964, -14.25000000000000178 ) ) ;
#3675 = ORIENTED_EDGE ( 'NONE', *, *, #3180, .F. ) ;
#3676 = EDGE_LOOP ( 'NONE', ( #6736, #6308, #1484, #2605, #4425, #3601 ) ) ;
#3677 = ORIENTED_EDGE ( 'NONE', *, *, #1084, .T. ) ;
#3678 = CARTESIAN_POINT ( 'NONE',  ( -13.09738060424430728, 13.99355213851379531, -18.41665177919101382 ) ) ;
#3679 = CARTESIAN_POINT ( 'NONE',  ( 22.48103844155200548, 14.03042802588226401, -6.750000000000000888 ) ) ;
#3680 = EDGE_CURVE ( 'NONE', #1683, #5349, #5145, .T. ) ;
#3681 = DIRECTION ( 'NONE',  ( 0.000000000000000000, 0.000000000000000000, 1.000000000000000000 ) ) ;
#3682 = CARTESIAN_POINT ( 'NONE',  ( -8.889594228107053908, -27.72093231318435613, -5.249999999999999112 ) ) ;
#3683 = DIRECTION ( 'NONE',  ( -0.000000000000000000, -0.000000000000000000, 1.000000000000000000 ) ) ;
#3684 = CARTESIAN_POINT ( 'NONE',  ( 0.000000000000000000, 0.000000000000000000, -18.85547895472983626 ) ) ;
#3685 = ADVANCED_FACE ( 'NONE', ( #1043 ), #2091, .F. ) ;
#3686 = EDGE_LOOP ( 'NONE', ( #4760, #4486, #660, #810, #5946 ) ) ;
#3687 = DIRECTION ( 'NONE',  ( -1.000000000000000000, 0.000000000000000000, 0.000000000000000000 ) ) ;
#3688 = DIRECTION ( 'NONE',  ( -1.000000000000000000, 0.000000000000000000, 0.000000000000000000 ) ) ;
#3689 = CIRCLE ( 'NONE', #5530, 1.649999999999994582 ) ;
#3690 = CARTESIAN_POINT ( 'NONE',  ( -19.69553835547587184, -15.39841983494199162, -17.75000000000000711 ) ) ;
#3691 = AXIS2_PLACEMENT_3D ( 'NONE', #5674, #6798, #940 ) ;
#3692 = CARTESIAN_POINT ( 'NONE',  ( 0.000000000000000000, 0.000000000000000000, -18.75000000000000355 ) ) ;
#3693 = CARTESIAN_POINT ( 'NONE',  ( -21.75000000000000000, 3.469446951953614189E-15, -8.750000000000001776 ) ) ;
#3694 = DIRECTION ( 'NONE',  ( 0.000000000000000000, 0.000000000000000000, -1.000000000000000000 ) ) ;
#3695 = ORIENTED_EDGE ( 'NONE', *, *, #1020, .F. ) ;
#3696 = VECTOR ( 'NONE', #3024, 1000.000000000000000 ) ;
#3697 = EDGE_CURVE ( 'NONE', #33, #6179, #1498, .T. ) ;
#3698 = CARTESIAN_POINT ( 'NONE',  ( 0.000000000000000000, 0.000000000000000000, -6.750000000000000888 ) ) ;
#3699 = CARTESIAN_POINT ( 'NONE',  ( 24.48390168846315973, 5.054715601042085282, -17.78491152439199752 ) ) ;
#3700 = AXIS2_PLACEMENT_3D ( 'NONE', #1720, #5862, #5967 ) ;
#3701 = AXIS2_PLACEMENT_3D ( 'NONE', #5972, #4874, #1243 ) ;
#3702 = CARTESIAN_POINT ( 'NONE',  ( 15.36324772583609466, -11.75672655608661543, -17.75000000000000711 ) ) ;
#3703 = CARTESIAN_POINT ( 'NONE',  ( -7.982034498956291912, 22.62353310704703446, -18.77088643781372568 ) ) ;
#3704 = ORIENTED_EDGE ( 'NONE', *, *, #3728, .T. ) ;
#3705 = CARTESIAN_POINT ( 'NONE',  ( 31.90184760431295885, 2.504419978995469531, -6.750000000000000888 ) ) ;
#3706 = AXIS2_PLACEMENT_3D ( 'NONE', #5997, #3395, #3849 ) ;
#3707 = CARTESIAN_POINT ( 'NONE',  ( -15.98733848957483517, 18.99449276311747070, -18.93306426489558092 ) ) ;
#3708 = DIRECTION ( 'NONE',  ( 0.3535533905932651266, -0.6123724356957932491, -0.7071067811865531239 ) ) ;
#3709 = ORIENTED_EDGE ( 'NONE', *, *, #4067, .F. ) ;
#3710 = CARTESIAN_POINT ( 'NONE',  ( 6.280388743951103692, -17.40134239720752873, -18.75000000000000355 ) ) ;
#3711 = B_SPLINE_CURVE_WITH_KNOTS ( 'NONE', 3,
 ( #5916, #2219, #1696, #5879 ),
 .UNSPECIFIED., .F., .F.,
 ( 4, 4 ),
 ( 0.0003939899509912100136, 0.001651559497339049644 ),
 .UNSPECIFIED. ) ;
#3712 = FACE_OUTER_BOUND ( 'NONE', #5226, .T. ) ;
#3713 = EDGE_CURVE ( 'NONE', #5913, #2064, #6001, .T. ) ;
#3714 = CARTESIAN_POINT ( 'NONE',  ( -6.291350453567777556, -18.10136644195139866, -18.39848152564073658 ) ) ;
#3715 = PRESENTATION_LAYER_ASSIGNMENT (  '', '', ( #1142 ) ) ;
#3716 = LINE ( 'NONE', #4093, #1170 ) ;
#3717 = ORIENTED_EDGE ( 'NONE', *, *, #6607, .T. ) ;
#3718 = ORIENTED_EDGE ( 'NONE', *, *, #2762, .T. ) ;
#3719 = B_SPLINE_CURVE_WITH_KNOTS ( 'NONE', 3,
 ( #1769, #4964, #1808, #6033, #1300, #3425, #2546, #3074 ),
 .UNSPECIFIED., .F., .F.,
 ( 4, 2, 2, 4 ),
 ( -0.0006247151556717216864, -0.0002596420021041238196, 0.0001054311514634740472, 0.0008355774585986736839 ),
 .UNSPECIFIED. ) ;
#3720 = AXIS2_PLACEMENT_3D ( 'NONE', #3978, #5537, #1078 ) ;
#3721 = ORIENTED_EDGE ( 'NONE', *, *, #2982, .T. ) ;
#3722 = LINE ( 'NONE', #5247, #3919 ) ;
#3723 = CARTESIAN_POINT ( 'NONE',  ( 12.88251968916994983, 13.73639402871241266, -18.08208545539662637 ) ) ;
#3724 = CIRCLE ( 'NONE', #5240, 26.50000000000000355 ) ;
#3725 = ORIENTED_EDGE ( 'NONE', *, *, #5588, .F. ) ;
#3726 = DIRECTION ( 'NONE',  ( -1.000000000000000000, 0.000000000000000000, 0.000000000000000000 ) ) ;
#3727 = CARTESIAN_POINT ( 'NONE',  ( -18.99636252835473726, -4.403204593397854971, -18.75000000000000355 ) ) ;
#3728 = EDGE_CURVE ( 'NONE', #6179, #1927, #6258, .T. ) ;
#3729 = B_SPLINE_CURVE_WITH_KNOTS ( 'NONE', 3,
 ( #5527, #2328, #4433, #6051 ),
 .UNSPECIFIED., .F., .F.,
 ( 4, 4 ),
 ( 0.000000000000000000, 0.001415357249055940918 ),
 .UNSPECIFIED. ) ;
#3730 = VERTEX_POINT ( 'NONE', #3702 ) ;
#3731 = DIRECTION ( 'NONE',  ( 0.000000000000000000, 0.000000000000000000, 1.000000000000000000 ) ) ;
#3732 = CIRCLE ( 'NONE', #4590, 3.149999999999999911 ) ;
#3733 = DIRECTION ( 'NONE',  ( 0.8660254037844360431, -0.5000000000000043299, 0.000000000000000000 ) ) ;
#3734 = EDGE_CURVE ( 'NONE', #6193, #5238, #2030, .T. ) ;
#3735 = DIRECTION ( 'NONE',  ( -0.5000000000000044409, -0.8660254037844361541, 0.000000000000000000 ) ) ;
#3736 = DIRECTION ( 'NONE',  ( 0.000000000000000000, 0.000000000000000000, 1.000000000000000000 ) ) ;
#3737 = ORIENTED_EDGE ( 'NONE', *, *, #6526, .T. ) ;
#3738 = VECTOR ( 'NONE', #3740, 999.9999999999998863 ) ;
#3739 = ADVANCED_FACE ( 'NONE', ( #1108 ), #4577, .T. ) ;
#3740 = DIRECTION ( 'NONE',  ( 0.7071067811865530128, 8.659560562355000651E-17, -0.7071067811865421326 ) ) ;
#3741 = CARTESIAN_POINT ( 'NONE',  ( 5.581733346322325318, 17.63821993268888733, -17.78385320917842449 ) ) ;
#3742 = VECTOR ( 'NONE', #5251, 1000.000000000000000 ) ;
#3743 = B_SPLINE_CURVE_WITH_KNOTS ( 'NONE', 3,
 ( #2780, #3924, #1279, #3407 ),
 .UNSPECIFIED., .F., .F.,
 ( 4, 4 ),
 ( 0.000000000000000000, 0.001415357249055939834 ),
 .UNSPECIFIED. ) ;
#3744 = B_SPLINE_CURVE_WITH_KNOTS ( 'NONE', 3,
 ( #3129, #4646, #2646, #5119, #4750, #5764, #2085, #1528 ),
 .UNSPECIFIED., .F., .F.,
 ( 4, 2, 2, 4 ),
 ( -0.0006547701993731295991, -0.0002798739370122967822, 9.502232534853603460E-05, 0.0008448148500701990662 ),
 .UNSPECIFIED. ) ;
#3745 = VERTEX_POINT ( 'NONE', #5334 ) ;
#3746 = CARTESIAN_POINT ( 'NONE',  ( -15.00000000000000000, 1.836970198721029589E-15, -5.250000000000000888 ) ) ;
#3747 = AXIS2_PLACEMENT_3D ( 'NONE', #5891, #6411, #1646 ) ;
#3748 = DIRECTION ( 'NONE',  ( -1.000000000000000000, 0.000000000000000000, 0.000000000000000000 ) ) ;
#3749 = ORIENTED_EDGE ( 'NONE', *, *, #2362, .F. ) ;
#3750 = CARTESIAN_POINT ( 'NONE',  ( 24.61327301392672950, -4.380272998559149755, -18.75000000000000355 ) ) ;
#3751 = CARTESIAN_POINT ( 'NONE',  ( 22.79765700022774411, -10.25996273384883928, -13.75000000000000178 ) ) ;
#3752 = CIRCLE ( 'NONE', #5699, 1.200000000000000178 ) ;
#3753 = DIRECTION ( 'NONE',  ( 0.000000000000000000, 0.000000000000000000, -1.000000000000000000 ) ) ;
#3754 = ORIENTED_EDGE ( 'NONE', *, *, #2786, .F. ) ;
#3755 = ORIENTED_EDGE ( 'NONE', *, *, #5941, .T. ) ;
#3756 = VERTEX_POINT ( 'NONE', #3318 ) ;
#3757 = CYLINDRICAL_SURFACE ( 'NONE', #1579, 26.50000000000000355 ) ;
#3758 = CARTESIAN_POINT ( 'NONE',  ( 2.448070135635491251, 18.33846373835377008, -13.75000000000000178 ) ) ;
#3759 = ORIENTED_EDGE ( 'NONE', *, *, #5629, .T. ) ;
#3760 = CARTESIAN_POINT ( 'NONE',  ( 0.000000000000000000, 0.000000000000000000, -6.750000000000000888 ) ) ;
#3761 = EDGE_CURVE ( 'NONE', #1583, #5007, #1984, .T. ) ;
#3762 = ORIENTED_EDGE ( 'NONE', *, *, #6633, .F. ) ;
#3763 =( BOUNDED_SURFACE ( )  B_SPLINE_SURFACE ( 3, 2, ( 
 ( #2880, #3438, #2916 ),
 ( #5521, #142, #288 ),
 ( #3308, #2390, #2250 ),
 ( #4027, #319, #6180 ) ),
 .UNSPECIFIED., .F., .F., .T. ) 
 B_SPLINE_SURFACE_WITH_KNOTS ( ( 4, 4 ),
 ( 3, 3 ),
 ( 0.02294819146188747938, 0.02438233958186704700 ),
 ( 0.1879833974460831669, 1.000000000000000000 ),
 .UNSPECIFIED. ) 
 GEOMETRIC_REPRESENTATION_ITEM ( )  RATIONAL_B_SPLINE_SURFACE ( (
 ( 0.9135301774684747578, 0.7700067566968880062, 1.000000000000000000),
 ( 0.9135686541207761469, 0.7701090972568103155, 1.000000000000000000),
 ( 0.9136086338143489805, 0.7702154356199738539, 1.000000000000000000),
 ( 0.9136503079766191693, 0.7703262809468389705, 1.000000000000000000) ) ) 
 REPRESENTATION_ITEM ( '' )  SURFACE ( )  );
#3764 = DIRECTION ( 'NONE',  ( 0.000000000000000000, 0.000000000000000000, 1.000000000000000000 ) ) ;
#3765 = CARTESIAN_POINT ( 'NONE',  ( 24.44033107460554533, 5.296994218704772273, -17.74224258776246899 ) ) ;
#3766 = CARTESIAN_POINT ( 'NONE',  ( 18.13297285071381282, 3.667725107779649996, -17.98392723399035731 ) ) ;
#3767 = DIRECTION ( 'NONE',  ( -0.5000000000000066613, -0.8660254037844348218, 0.000000000000000000 ) ) ;
#3768 = CARTESIAN_POINT ( 'NONE',  ( 25.54774941164107815, 14.74999999999975842, -6.750000000000000888 ) ) ;
#3769 = CARTESIAN_POINT ( 'NONE',  ( 0.000000000000000000, 0.000000000000000000, -18.75000000000000355 ) ) ;
#3770 = ORIENTED_EDGE ( 'NONE', *, *, #5922, .T. ) ;
#3771 = DIRECTION ( 'NONE',  ( 0.000000000000000000, 0.000000000000000000, -1.000000000000000000 ) ) ;
#3772 = DIRECTION ( 'NONE',  ( -1.000000000000000000, 0.000000000000000000, 0.000000000000000000 ) ) ;
#3773 = DIRECTION ( 'NONE',  ( 0.000000000000000000, 0.000000000000000000, -1.000000000000000000 ) ) ;
#3774 = CARTESIAN_POINT ( 'NONE',  ( 8.513208814700218952, 23.50585619962205186, -18.75000000000000355 ) ) ;
#3775 = EDGE_CURVE ( 'NONE', #1591, #3412, #6444, .T. ) ;
#3776 = ORIENTED_EDGE ( 'NONE', *, *, #28, .T. ) ;
#3777 = CARTESIAN_POINT ( 'NONE',  ( 25.00000000000000000, 0.000000000000000000, -18.75000000000000355 ) ) ;
#3778 = EDGE_CURVE ( 'NONE', #5828, #6476, #1174, .T. ) ;
#3779 = CARTESIAN_POINT ( 'NONE',  ( 5.687219535050579644, 18.65928404628379411, -18.75675132254886535 ) ) ;
#3780 = ORIENTED_EDGE ( 'NONE', *, *, #5670, .F. ) ;
#3781 = CARTESIAN_POINT ( 'NONE',  ( 23.47410951286827085, -4.998191986058085234, -18.75000000000000355 ) ) ;
#3782 = DIRECTION ( 'NONE',  ( -1.000000000000000000, 0.000000000000000000, 0.000000000000000000 ) ) ;
#3783 = CARTESIAN_POINT ( 'NONE',  ( -12.31367396419349625, 14.24025312787190067, -18.06048925554925688 ) ) ;
#3784 = ORIENTED_EDGE ( 'NONE', *, *, #1510, .T. ) ;
#3785 = CARTESIAN_POINT ( 'NONE',  ( 14.86324772583608933, -12.62275195987104937, -18.75000000000000355 ) ) ;
#3786 = ORIENTED_EDGE ( 'NONE', *, *, #5421, .F. ) ;
#3787 = VERTEX_POINT ( 'NONE', #83 ) ;
#3788 = CARTESIAN_POINT ( 'NONE',  ( 13.27500000000001634, 18.83605253231153753, -18.75000000000000355 ) ) ;
#3789 = CARTESIAN_POINT ( 'NONE',  ( 3.645833333333342807, 24.73272931371618100, -14.25000000000000178 ) ) ;
#3790 = DIRECTION ( 'NONE',  ( 0.000000000000000000, 0.000000000000000000, -1.000000000000000000 ) ) ;
#3791 = ORIENTED_EDGE ( 'NONE', *, *, #3423, .F. ) ;
#3792 = DIRECTION ( 'NONE',  ( -1.000000000000000000, 0.000000000000000000, 0.000000000000000000 ) ) ;
#3793 = CARTESIAN_POINT ( 'NONE',  ( 23.77439080779441483, 5.178822675987463597, -18.41809325775146888 ) ) ;
#3794 = CARTESIAN_POINT ( 'NONE',  ( 1.369287831421664769, -31.97243662882384641, -6.408966054483950181 ) ) ;
#3795 = ADVANCED_FACE ( 'NONE', ( #2191 ), #1261, .F. ) ;
#3796 = DIRECTION ( 'NONE',  ( 1.000000000000000000, 0.000000000000000000, 0.000000000000000000 ) ) ;
#3797 = CARTESIAN_POINT ( 'NONE',  ( 22.79765700022774411, -10.25996273384883928, -13.75000000000000178 ) ) ;
#3798 = ORIENTED_EDGE ( 'NONE', *, *, #3697, .T. ) ;
#3799 = ORIENTED_EDGE ( 'NONE', *, *, #402, .T. ) ;
#3800 = VECTOR ( 'NONE', #2417, 1000.000000000000000 ) ;
#3801 = CIRCLE ( 'NONE', #5531, 18.50000000000000000 ) ;
#3802 = DIRECTION ( 'NONE',  ( 0.000000000000000000, 0.000000000000000000, 1.000000000000000000 ) ) ;
#3803 = CARTESIAN_POINT ( 'NONE',  ( 3.149999999999996358, -29.50000000000000000, -6.750000000000000888 ) ) ;
#3804 = CARTESIAN_POINT ( 'NONE',  ( -3.303124233470635662, 24.78153498383672471, -14.00995253483054626 ) ) ;
#3805 = CIRCLE ( 'NONE', #5979, 1.899999999999995470 ) ;
#3806 = ORIENTED_EDGE ( 'NONE', *, *, #1240, .T. ) ;
#3807 = DIRECTION ( 'NONE',  ( -1.734723475976807094E-17, -1.000000000000000000, 0.000000000000000000 ) ) ;
#3808 = B_SPLINE_CURVE_WITH_KNOTS ( 'NONE', 3,
 ( #4855, #4922, #4376, #6468, #3870, #1637 ),
 .UNSPECIFIED., .F., .F.,
 ( 4, 2, 4 ),
 ( 0.000000000000000000, 0.0003657429268245186715, 0.0007314858536490373431 ),
 .UNSPECIFIED. ) ;
#3809 = DIRECTION ( 'NONE',  ( -0.4999999999999998890, -0.8660254037844387076, 0.000000000000000000 ) ) ;
#3810 = CIRCLE ( 'NONE', #2465, 32.00000000000000000 ) ;
#3811 = ORIENTED_EDGE ( 'NONE', *, *, #3176, .T. ) ;
#3812 = CARTESIAN_POINT ( 'NONE',  ( 7.286907540948411643, 22.86071993986933037, -18.75601038427603129 ) ) ;
#3813 = EDGE_CURVE ( 'NONE', #3481, #6110, #1239, .T. ) ;
#3814 = CIRCLE ( 'NONE', #388, 1.200000000000002842 ) ;
#3815 = CARTESIAN_POINT ( 'NONE',  ( -18.82295019153374938, 3.602394966837952239, -18.39952983954408694 ) ) ;
#3816 = EDGE_LOOP ( 'NONE', ( #1811, #3704, #2900, #17, #419, #2492 ) ) ;
#3817 = CARTESIAN_POINT ( 'NONE',  ( 2.500000000000008882, 23.74342014116752964, -17.75000000000001421 ) ) ;
#3818 = EDGE_LOOP ( 'NONE', ( #6460, #6023, #4187, #3329 ) ) ;
#3819 = EDGE_CURVE ( 'NONE', #3957, #58, #3935, .T. ) ;
#3820 = ORIENTED_EDGE ( 'NONE', *, *, #2795, .F. ) ;
#3821 = DIRECTION ( 'NONE',  ( -1.000000000000000000, 0.000000000000000000, 0.000000000000000000 ) ) ;
#3822 = DIRECTION ( 'NONE',  ( -1.000000000000000000, 0.000000000000000000, 0.000000000000000000 ) ) ;
#3823 = DIRECTION ( 'NONE',  ( 0.4999999999999911182, -0.8660254037844438146, 0.000000000000000000 ) ) ;
#3824 = AXIS2_PLACEMENT_3D ( 'NONE', #2130, #6546, #127 ) ;
#3825 = VERTEX_POINT ( 'NONE', #4955 ) ;
#3826 = LINE ( 'NONE', #4778, #1272 ) ;
#3827 = CARTESIAN_POINT ( 'NONE',  ( -15.81890209980233308, -18.48325491077378047, -18.43274594787605736 ) ) ;
#3828 = CARTESIAN_POINT ( 'NONE',  ( -3.645833333333333481, 24.73272931371618100, -14.25000000000000178 ) ) ;
#3829 = CARTESIAN_POINT ( 'NONE',  ( 18.06601321240679425, 3.985187091278542315, -17.78385320917842805 ) ) ;
#3830 = AXIS2_PLACEMENT_3D ( 'NONE', #2608, #2041, #394 ) ;
#3831 = DIRECTION ( 'NONE',  ( 0.000000000000000000, 0.000000000000000000, -1.000000000000000000 ) ) ;
#3832 = DIRECTION ( 'NONE',  ( -1.000000000000000000, 0.000000000000000000, -0.000000000000000000 ) ) ;
#3833 = ORIENTED_EDGE ( 'NONE', *, *, #3992, .T. ) ;
#3834 = VECTOR ( 'NONE', #5703, 1000.000000000000000 ) ;
#3835 = CARTESIAN_POINT ( 'NONE',  ( 2.000000000000000000, -7.285838599102589797E-16, -14.25000000000000178 ) ) ;
#3836 = CARTESIAN_POINT ( 'NONE',  ( -2.931317534353109266, 24.82825977328371536, -13.82101041438893496 ) ) ;
#3837 = CARTESIAN_POINT ( 'NONE',  ( 19.02498972145543732, 4.279700784575549477, -18.75000000000000355 ) ) ;
#3838 = AXIS2_PLACEMENT_3D ( 'NONE', #1351, #5598, #2856 ) ;
#3839 = CARTESIAN_POINT ( 'NONE',  ( -8.513208814700213622, 23.50585619962205541, -18.75000000000000355 ) ) ;
#3840 = EDGE_LOOP ( 'NONE', ( #5587, #97, #4192, #4142, #6383, #1766, #3533, #6053, #1917, #6242, #4655, #2203, #1616, #5438, #3942, #4634, #5412, #2854, #4625, #4695, #2913, #2422 ) ) ;
#3841 = FACE_OUTER_BOUND ( 'NONE', #4510, .T. ) ;
#3842 = CARTESIAN_POINT ( 'NONE',  ( 6.218420449704255226, 17.22415223143908491, -18.57290675280218295 ) ) ;
#3843 = VECTOR ( 'NONE', #1987, 1000.000000000000000 ) ;
#3844 = ORIENTED_EDGE ( 'NONE', *, *, #5702, .F. ) ;
#3845 = DIRECTION ( 'NONE',  ( -1.000000000000000000, 0.000000000000000000, 0.000000000000000000 ) ) ;
#3846 = VECTOR ( 'NONE', #1709, 1000.000000000000000 ) ;
#3847 = DIRECTION ( 'NONE',  ( 1.000000000000000000, 0.000000000000000000, -0.000000000000000000 ) ) ;
#3848 = ORIENTED_EDGE ( 'NONE', *, *, #3115, .F. ) ;
#3849 = DIRECTION ( 'NONE',  ( 1.000000000000000000, 0.000000000000000000, 0.000000000000000000 ) ) ;
#3850 = ORIENTED_EDGE ( 'NONE', *, *, #6792, .T. ) ;
#3851 = EDGE_LOOP ( 'NONE', ( #1857, #647, #4520, #1809, #5836 ) ) ;
#3852 = EDGE_CURVE ( 'NONE', #1314, #5520, #44, .T. ) ;
#3853 = CIRCLE ( 'NONE', #306, 1.200000000000001288 ) ;
#3854 = DIRECTION ( 'NONE',  ( -0.4999999999999920064, 0.8660254037844432595, 0.000000000000000000 ) ) ;
#3855 = DIRECTION ( 'NONE',  ( -1.000000000000000000, 0.000000000000000000, 0.000000000000000000 ) ) ;
#3856 = ADVANCED_FACE ( 'NONE', ( #1901 ), #796, .F. ) ;
#3857 = CARTESIAN_POINT ( 'NONE',  ( -15.36324772583625986, -11.75672655608639516, -17.75000000000000355 ) ) ;
#3858 = CARTESIAN_POINT ( 'NONE',  ( 18.82191840763510982, 3.602213903884069257, -18.39848152453460983 ) ) ;
#3859 = DIRECTION ( 'NONE',  ( -0.000000000000000000, -0.000000000000000000, -1.000000000000000000 ) ) ;
#3860 = ORIENTED_EDGE ( 'NONE', *, *, #1353, .F. ) ;
#3861 = DIRECTION ( 'NONE',  ( 0.000000000000000000, 0.000000000000000000, -1.000000000000000000 ) ) ;
#3862 = CARTESIAN_POINT ( 'NONE',  ( -0.8770954838820300692, -31.98840865517749066, -6.233895585428704145 ) ) ;
#3863 = CARTESIAN_POINT ( 'NONE',  ( -12.48623746482011576, -14.42122349634781919, -18.75000000000000355 ) ) ;
#3864 = CARTESIAN_POINT ( 'NONE',  ( 22.63379639438766233, -9.787567608418237697, -18.09061600704604444 ) ) ;
#3865 = CARTESIAN_POINT ( 'NONE',  ( -24.58478359640960420, -4.537715058249108147, -18.28709221241552996 ) ) ;
#3866 = VERTEX_POINT ( 'NONE', #1392 ) ;
#3867 = B_SPLINE_CURVE_WITH_KNOTS ( 'NONE', 3,
 ( #6828, #5161, #2542, #505, #1564, #4650 ),
 .UNSPECIFIED., .F., .F.,
 ( 4, 2, 4 ),
 ( 0.000000000000000000, 0.0006343032378714923755, 0.001268606475742984751 ),
 .UNSPECIFIED. ) ;
#3868 = CARTESIAN_POINT ( 'NONE',  ( 21.75000000000000355, 0.000000000000000000, -18.25000000000002487 ) ) ;
#3869 = CARTESIAN_POINT ( 'NONE',  ( 0.000000000000000000, 0.000000000000000000, -6.750000000000000888 ) ) ;
#3870 = CARTESIAN_POINT ( 'NONE',  ( 14.58274645059887220, -11.65736713296436022, -17.91935163217628713 ) ) ;
#3871 = DIRECTION ( 'NONE',  ( 1.000000000000000000, 0.000000000000000000, 0.000000000000000000 ) ) ;
#3872 = CARTESIAN_POINT ( 'NONE',  ( -7.288958259316671295, 22.86637460320152115, -18.75000000000000355 ) ) ;
#3873 = EDGE_LOOP ( 'NONE', ( #2869, #4087, #1998, #3571, #4268, #584 ) ) ;
#3874 = CARTESIAN_POINT ( 'NONE',  ( -19.84999999999999787, 3.702129843791611128E-15, -8.750000000000001776 ) ) ;
#3875 = CARTESIAN_POINT ( 'NONE',  ( 6.334064213065608406, 17.54177269569749242, -18.91058395941245251 ) ) ;
#3876 = VERTEX_POINT ( 'NONE', #6157 ) ;
#3877 = CARTESIAN_POINT ( 'NONE',  ( 7.632833980204749125, 23.81444469686212173, -17.74224258776344243 ) ) ;
#3878 = EDGE_CURVE ( 'NONE', #6065, #3259, #2400, .T. ) ;
#3879 = CARTESIAN_POINT ( 'NONE',  ( -10.87499999999999645, 18.83605253231154109, -8.750000000000001776 ) ) ;
#3880 = VERTEX_POINT ( 'NONE', #225 ) ;
#3881 = ORIENTED_EDGE ( 'NONE', *, *, #6707, .T. ) ;
#3882 = ORIENTED_EDGE ( 'NONE', *, *, #3340, .F. ) ;
#3883 = CARTESIAN_POINT ( 'NONE',  ( 2.500000000000008882, 23.74342014116752964, -14.25000000000000178 ) ) ;
#3884 = CARTESIAN_POINT ( 'NONE',  ( 18.11981512571184538, 26.37560046349701892, -5.249999999999999112 ) ) ;
#3885 = DIRECTION ( 'NONE',  ( -0.000000000000000000, 0.000000000000000000, 1.000000000000000000 ) ) ;
#3886 = DIRECTION ( 'NONE',  ( -1.000000000000000000, 0.000000000000000000, -0.000000000000000000 ) ) ;
#3887 = ORIENTED_EDGE ( 'NONE', *, *, #5190, .F. ) ;
#3888 = EDGE_CURVE ( 'NONE', #275, #621, #2464, .T. ) ;
#3889 = CARTESIAN_POINT ( 'NONE',  ( -16.93203004945722512, -7.453613781534269123, -8.250000000000000000 ) ) ;
#3890 = EDGE_CURVE ( 'NONE', #6372, #5037, #3744, .T. ) ;
#3891 = DIRECTION ( 'NONE',  ( 1.914725358886527419E-16, 1.000000000000000000, -0.000000000000000000 ) ) ;
#3892 = CARTESIAN_POINT ( 'NONE',  ( 3.645833333333342363, 24.73272931371618100, -17.75000000000000355 ) ) ;
#3893 = VERTEX_POINT ( 'NONE', #3169 ) ;
#3894 = ORIENTED_EDGE ( 'NONE', *, *, #5848, .F. ) ;
#3895 = LINE ( 'NONE', #2290, #283 ) ;
#3896 = EDGE_CURVE ( 'NONE', #3361, #4419, #6114, .T. ) ;
#3897 = CARTESIAN_POINT ( 'NONE',  ( 16.37310300549333419, -18.00090396533284220, -18.41667154759604230 ) ) ;
#3898 = CARTESIAN_POINT ( 'NONE',  ( -3.645833333333333481, 24.73272931371618100, -14.25000000000000178 ) ) ;
#3899 = DIRECTION ( 'NONE',  ( -0.4999999999999911182, 0.8660254037844438146, 0.000000000000000000 ) ) ;
#3900 = CARTESIAN_POINT ( 'NONE',  ( -7.408493523516146873, 22.82827116239088383, -18.75000000000000355 ) ) ;
#3901 = ORIENTED_EDGE ( 'NONE', *, *, #5051, .T. ) ;
#3902 = AXIS2_PLACEMENT_3D ( 'NONE', #1684, #132, #3854 ) ;
#3903 = ORIENTED_EDGE ( 'NONE', *, *, #4764, .F. ) ;
#3904 = DIRECTION ( 'NONE',  ( -0.000000000000000000, -0.000000000000000000, -1.000000000000000000 ) ) ;
#3905 = AXIS2_PLACEMENT_3D ( 'NONE', #901, #3559, #5634 ) ;
#3906 = AXIS2_PLACEMENT_3D ( 'NONE', #4546, #4046, #4205 ) ;
#3907 = DIRECTION ( 'NONE',  ( 0.5000000000000066613, 0.8660254037844348218, 0.000000000000000000 ) ) ;
#3908 = FACE_BOUND ( 'NONE', #6147, .T. ) ;
#3909 = ORIENTED_EDGE ( 'NONE', *, *, #3408, .F. ) ;
#3910 = AXIS2_PLACEMENT_3D ( 'NONE', #5791, #5250, #5317 ) ;
#3911 = CARTESIAN_POINT ( 'NONE',  ( 2.500000000000008882, 24.03592238724852592, -17.75000000000001066 ) ) ;
#3912 = AXIS2_PLACEMENT_3D ( 'NONE', #3255, #1541, #6382 ) ;
#3913 = ORIENTED_EDGE ( 'NONE', *, *, #4091, .F. ) ;
#3914 = EDGE_LOOP ( 'NONE', ( #6644, #5843, #3153, #310, #328 ) ) ;
#3915 = EDGE_CURVE ( 'NONE', #5451, #5490, #1805, .T. ) ;
#3916 = CARTESIAN_POINT ( 'NONE',  ( -3.150000000000003464, -29.50000000000000000, -6.750000000000000888 ) ) ;
#3917 = CARTESIAN_POINT ( 'NONE',  ( -12.06574566513219970, -14.02393512970500566, -18.28048286926300747 ) ) ;
#3918 = VECTOR ( 'NONE', #3206, 1000.000000000000000 ) ;
#3919 = VECTOR ( 'NONE', #4265, 1000.000000000000000 ) ;
#3920 = CARTESIAN_POINT ( 'NONE',  ( 15.00000000000000000, 0.000000000000000000, -5.250000000000000888 ) ) ;
#3921 = CARTESIAN_POINT ( 'NONE',  ( -16.10006419922630982, 19.12558320106321119, -18.75000000000000355 ) ) ;
#3922 = ORIENTED_EDGE ( 'NONE', *, *, #6749, .T. ) ;
#3923 = VECTOR ( 'NONE', #2456, 1000.000000000000000 ) ;
#3924 = CARTESIAN_POINT ( 'NONE',  ( -12.88331105498865270, -13.73734063562953622, -18.08331757544337393 ) ) ;
#3925 = VECTOR ( 'NONE', #6300, 1000.000000000000000 ) ;
#3926 = EDGE_CURVE ( 'NONE', #6436, #4900, #923, .T. ) ;
#3927 = ORIENTED_EDGE ( 'NONE', *, *, #659, .F. ) ;
#3928 = CARTESIAN_POINT ( 'NONE',  ( 8.513208814700213622, -23.50585619962205541, -18.75000000000000355 ) ) ;
#3929 = EDGE_CURVE ( 'NONE', #1782, #353, #4308, .T. ) ;
#3930 = ORIENTED_EDGE ( 'NONE', *, *, #1549, .T. ) ;
#3931 = AXIS2_PLACEMENT_3D ( 'NONE', #1087, #4431, #3413 ) ;
#3932 = CARTESIAN_POINT ( 'NONE',  ( 16.25357817040701036, -19.00090177089454713, -17.75654636269957720 ) ) ;
#3933 = EDGE_CURVE ( 'NONE', #4686, #1916, #3205, .T. ) ;
#3934 = DIRECTION ( 'NONE',  ( -0.000000000000000000, -0.000000000000000000, 1.000000000000000000 ) ) ;
#3935 = LINE ( 'NONE', #3969, #3036 ) ;
#3936 = ADVANCED_FACE ( 'NONE', ( #1893 ), #2985, .T. ) ;
#3937 = DIRECTION ( 'NONE',  ( 1.000000000000000000, 0.000000000000000000, 0.000000000000000000 ) ) ;
#3938 = ORIENTED_EDGE ( 'NONE', *, *, #4501, .T. ) ;
#3939 = CIRCLE ( 'NONE', #5354, 24.00000000000000711 ) ;
#3940 = CARTESIAN_POINT ( 'NONE',  ( 22.31240501497814677, -8.840621157338333092, -10.75000000000000000 ) ) ;
#3941 = CARTESIAN_POINT ( 'NONE',  ( 1.699197433816952547E-15, -21.75000000000000000, -12.75000000000000178 ) ) ;
#3942 = ORIENTED_EDGE ( 'NONE', *, *, #207, .T. ) ;
#3943 = CARTESIAN_POINT ( 'NONE',  ( -18.13297285071383413, -3.667725107779524318, -17.98392723399035376 ) ) ;
#3944 = CARTESIAN_POINT ( 'NONE',  ( 28.14132226396288061, 15.23461735700205111, -6.233895585428705921 ) ) ;
#3945 = CARTESIAN_POINT ( 'NONE',  ( -19.79318038735571150, -14.70765885741225709, -18.09061600703659423 ) ) ;
#3946 = VECTOR ( 'NONE', #276, 1000.000000000000000 ) ;
#3947 = CARTESIAN_POINT ( 'NONE',  ( 1.994957212218742892, -31.93775423728816776, -6.750000000000000888 ) ) ;
#3948 = AXIS2_PLACEMENT_3D ( 'NONE', #2052, #4180, #1733 ) ;
#3949 = CARTESIAN_POINT ( 'NONE',  ( -3.329546473254992645, 24.73946049980546746, -17.78783840234280689 ) ) ;
#3950 = ORIENTED_EDGE ( 'NONE', *, *, #5941, .F. ) ;
#3951 = ORIENTED_EDGE ( 'NONE', *, *, #985, .T. ) ;
#3952 = CARTESIAN_POINT ( 'NONE',  ( -2.499999999999999556, 23.74342014116752964, -17.75000000000001421 ) ) ;
#3953 = CARTESIAN_POINT ( 'NONE',  ( 1.500000000000002220, -21.75000000000000000, -12.75000000000000178 ) ) ;
#3954 = CARTESIAN_POINT ( 'NONE',  ( -12.24357749325736222, -13.86909258430577019, -17.98302250917962652 ) ) ;
#3955 = AXIS2_PLACEMENT_3D ( 'NONE', #6316, #3111, #6769 ) ;
#3956 = CARTESIAN_POINT ( 'NONE',  ( -18.83605253231149135, 10.87500000000008704, -12.75000000000000178 ) ) ;
#3957 = VERTEX_POINT ( 'NONE', #2881 ) ;
#3958 = ORIENTED_EDGE ( 'NONE', *, *, #1597, .T. ) ;
#3959 = AXIS2_PLACEMENT_3D ( 'NONE', #5929, #4259, #4387 ) ;
#3960 = ORIENTED_EDGE ( 'NONE', *, *, #358, .T. ) ;
#3961 = CARTESIAN_POINT ( 'NONE',  ( -6.295566231526279921, 17.52623604357864195, -18.75000000000000355 ) ) ;
#3962 = AXIS2_PLACEMENT_3D ( 'NONE', #1904, #835, #2504 ) ;
#3963 = CARTESIAN_POINT ( 'NONE',  ( -14.68427343364245985, -11.63889820918746487, -17.98744480439649251 ) ) ;
#3964 = VERTEX_POINT ( 'NONE', #5072 ) ;
#3965 = ORIENTED_EDGE ( 'NONE', *, *, #3778, .T. ) ;
#3966 = CARTESIAN_POINT ( 'NONE',  ( 18.36223448575326955, 23.63754155655088596, -5.249999999999999112 ) ) ;
#3967 = ADVANCED_FACE ( 'NONE', ( #253 ), #1788, .F. ) ;
#3968 = CARTESIAN_POINT ( 'NONE',  ( -18.36324772583621368, -6.560574133379725836, -14.25000000000000178 ) ) ;
#3969 = CARTESIAN_POINT ( 'NONE',  ( -8.889594228107053908, -27.72093231318435613, 6.750000000000000888 ) ) ;
#3970 = CARTESIAN_POINT ( 'NONE',  ( 0.000000000000000000, -0.000000000000000000, -18.75000000000000355 ) ) ;
#3971 = EDGE_LOOP ( 'NONE', ( #156, #4570, #2927, #94 ) ) ;
#3972 = DIRECTION ( 'NONE',  ( 1.000000000000000000, 0.000000000000000000, 0.000000000000000000 ) ) ;
#3973 = DIRECTION ( 'NONE',  ( 0.000000000000000000, 0.000000000000000000, -1.000000000000000000 ) ) ;
#3974 = EDGE_LOOP ( 'NONE', ( #2097, #3717 ) ) ;
#3975 = CARTESIAN_POINT ( 'NONE',  ( 12.74752473885593673, -14.75810537636642650, -18.73654230934887721 ) ) ;
#3976 = EDGE_CURVE ( 'NONE', #621, #4312, #6672, .T. ) ;
#3977 = CARTESIAN_POINT ( 'NONE',  ( 6.059837683080083082, -17.46689850817228518, -17.72258545728805856 ) ) ;
#3978 = CARTESIAN_POINT ( 'NONE',  ( 0.000000000000000000, -0.000000000000000000, -17.75000000000000355 ) ) ;
#3979 = DIRECTION ( 'NONE',  ( -0.000000000000000000, -0.000000000000000000, 1.000000000000000000 ) ) ;
#3981 = EDGE_CURVE ( 'NONE', #4194, #788, #2310, .T. ) ;
#3980 = DIRECTION ( 'NONE',  ( 1.000000000000000000, 0.000000000000000000, 0.000000000000000000 ) ) ;
#3982 = CARTESIAN_POINT ( 'NONE',  ( 0.000000000000000000, 0.000000000000000000, -18.75000000000000355 ) ) ;
#3983 = ORIENTED_EDGE ( 'NONE', *, *, #1335, .T. ) ;
#3984 = DIRECTION ( 'NONE',  ( -0.4999999999999920064, 0.8660254037844433705, 0.000000000000000000 ) ) ;
#3985 = ORIENTED_EDGE ( 'NONE', *, *, #5595, .F. ) ;
#3986 = EDGE_LOOP ( 'NONE', ( #3786, #1884, #744, #1370, #1029, #2493 ) ) ;
#3987 = DIRECTION ( 'NONE',  ( 0.000000000000000000, 0.000000000000000000, 1.000000000000000000 ) ) ;
#3988 = CARTESIAN_POINT ( 'NONE',  ( -11.95176857011500715, -14.12112082838970295, -18.62636688832869325 ) ) ;
#3989 = DIRECTION ( 'NONE',  ( -0.5000000000000051070, -0.8660254037844358210, 0.000000000000000000 ) ) ;
#3990 = ORIENTED_EDGE ( 'NONE', *, *, #5330, .F. ) ;
#3991 = ORIENTED_EDGE ( 'NONE', *, *, #1286, .F. ) ;
#3992 = EDGE_CURVE ( 'NONE', #5931, #1760, #4150, .T. ) ;
#3993 = CARTESIAN_POINT ( 'NONE',  ( -10.87499999999999645, 18.83605253231154109, -18.25000000000002487 ) ) ;
#3994 = CARTESIAN_POINT ( 'NONE',  ( 18.96223448575325676, 22.59831107200955458, 6.750000000000000888 ) ) ;
#3995 = CARTESIAN_POINT ( 'NONE',  ( -18.88653369023300854, -3.797732817745946843, -18.75000000000000355 ) ) ;
#3996 = EDGE_LOOP ( 'NONE', ( #4569, #6016, #5999, #2988, #3791, #3556 ) ) ;
#3997 = FACE_OUTER_BOUND ( 'NONE', #4979, .T. ) ;
#3998 = DIRECTION ( 'NONE',  ( -0.4999999999999911182, 0.8660254037844438146, 0.000000000000000000 ) ) ;
#3999 = EDGE_CURVE ( 'NONE', #2922, #6231, #2740, .T. ) ;
#4000 = DIRECTION ( 'NONE',  ( 0.000000000000000000, 0.000000000000000000, 1.000000000000000000 ) ) ;
#4001 = CARTESIAN_POINT ( 'NONE',  ( -2.499999999999999556, 23.74342014116752964, -13.75000000000000178 ) ) ;
#4002 = FACE_OUTER_BOUND ( 'NONE', #6063, .T. ) ;
#4003 = ORIENTED_EDGE ( 'NONE', *, *, #6351, .F. ) ;
#4004 = CARTESIAN_POINT ( 'NONE',  ( -2.840616007046039115, 24.49522646583345065, -18.09061600704605155 ) ) ;
#4005 = ORIENTED_EDGE ( 'NONE', *, *, #4304, .F. ) ;
#4006 = FACE_OUTER_BOUND ( 'NONE', #2325, .T. ) ;
#4007 = FACE_OUTER_BOUND ( 'NONE', #6449, .T. ) ;
#4008 = CARTESIAN_POINT ( 'NONE',  ( 3.061741099476857908, 24.24697646290628228, -18.31174109947686190 ) ) ;
#4009 = DIRECTION ( 'NONE',  ( -1.000000000000000000, 0.000000000000000000, 0.000000000000000000 ) ) ;
#4010 = CARTESIAN_POINT ( 'NONE',  ( 12.66926282864342390, 13.48108969552365721, -17.75000000000000711 ) ) ;
#4011 = ORIENTED_EDGE ( 'NONE', *, *, #2656, .F. ) ;
#4012 = DIRECTION ( 'NONE',  ( 0.000000000000000000, 0.000000000000000000, -1.000000000000000000 ) ) ;
#4013 = ORIENTED_EDGE ( 'NONE', *, *, #653, .F. ) ;
#4014 = CARTESIAN_POINT ( 'NONE',  ( 5.340334732698440945, 17.71244830458891428, -17.75000000000000711 ) ) ;
#4015 = AXIS2_PLACEMENT_3D ( 'NONE', #3078, #277, #6104 ) ;
#4016 = ORIENTED_EDGE ( 'NONE', *, *, #5635, .F. ) ;
#4017 = DIRECTION ( 'NONE',  ( 1.000000000000000000, 0.000000000000000000, 0.000000000000000000 ) ) ;
#4018 = EDGE_CURVE ( 'NONE', #1513, #4747, #6786, .T. ) ;
#4019 = CARTESIAN_POINT ( 'NONE',  ( 17.69289003169197017, -3.168111265663320797, -18.23526651095309603 ) ) ;
#4020 = CIRCLE ( 'NONE', #31, 1.500000000000001332 ) ;
#4021 = EDGE_CURVE ( 'NONE', #5676, #1415, #4136, .T. ) ;
#4022 = LINE ( 'NONE', #212, #5474 ) ;
#4023 = ORIENTED_EDGE ( 'NONE', *, *, #5606, .F. ) ;
#4024 = VERTEX_POINT ( 'NONE', #4712 ) ;
#4025 = ADVANCED_FACE ( 'NONE', ( #525 ), #4607, .F. ) ;
#4026 = ORIENTED_EDGE ( 'NONE', *, *, #697, .F. ) ;
#4027 = CARTESIAN_POINT ( 'NONE',  ( -24.11035793720073883, 4.289456550245829725, -19.27103650549346625 ) ) ;
#4028 = AXIS2_PLACEMENT_3D ( 'NONE', #1844, #5574, #4518 ) ;
#4029 = VECTOR ( 'NONE', #2204, 1000.000000000000000 ) ;
#4030 = EDGE_CURVE ( 'NONE', #6117, #4441, #2599, .T. ) ;
#4031 = EDGE_LOOP ( 'NONE', ( #6658, #5177, #167, #3985 ) ) ;
#4032 = AXIS2_PLACEMENT_3D ( 'NONE', #1036, #6370, #4818 ) ;
#4033 = EDGE_LOOP ( 'NONE', ( #5853, #1689, #3718, #4296 ) ) ;
#4034 = CARTESIAN_POINT ( 'NONE',  ( 15.76995703683431493, -18.73545386754463493, -19.27103692870858254 ) ) ;
#4035 = DIRECTION ( 'NONE',  ( -1.000000000000000000, 0.000000000000000000, 0.000000000000000000 ) ) ;
#4036 = AXIS2_PLACEMENT_3D ( 'NONE', #2184, #2816, #1281 ) ;
#4037 = DIRECTION ( 'NONE',  ( 1.000000000000000000, 0.000000000000000000, 0.000000000000000000 ) ) ;
#4038 = CARTESIAN_POINT ( 'NONE',  ( -23.24208855726903877, -9.208980372227099309, -14.25000000000000178 ) ) ;
#4039 = ORIENTED_EDGE ( 'NONE', *, *, #855, .F. ) ;
#4040 = DIRECTION ( 'NONE',  ( -0.000000000000000000, -0.000000000000000000, 1.000000000000000000 ) ) ;
#4041 = AXIS2_PLACEMENT_3D ( 'NONE', #2528, #1992, #958 ) ;
#4042 = LINE ( 'NONE', #364, #1912 ) ;
#4043 = CARTESIAN_POINT ( 'NONE',  ( 16.22216831378380775, -19.02218961190903812, -18.28709221241553351 ) ) ;
#4044 = DIRECTION ( 'NONE',  ( 0.000000000000000000, -0.000000000000000000, 1.000000000000000000 ) ) ;
#4045 = AXIS2_PLACEMENT_3D ( 'NONE', #4516, #3497, #5056 ) ;
#4046 = DIRECTION ( 'NONE',  ( -0.000000000000000000, 0.000000000000000000, -1.000000000000000000 ) ) ;
#4047 = B_SPLINE_CURVE_WITH_KNOTS ( 'NONE', 3,
 ( #3242, #4409, #117, #604 ),
 .UNSPECIFIED., .F., .F.,
 ( 4, 4 ),
 ( 0.000000000000000000, 0.001414740136845097371 ),
 .UNSPECIFIED. ) ;
#4048 = CARTESIAN_POINT ( 'NONE',  ( 27.12274941164105257, 12.02201997807876133, -6.750000000000000888 ) ) ;
#4049 = CARTESIAN_POINT ( 'NONE',  ( -13.78203247860110991, -28.88002044249249067, -6.750000000000000888 ) ) ;
#4050 = ORIENTED_EDGE ( 'NONE', *, *, #5353, .F. ) ;
#4051 = DIRECTION ( 'NONE',  ( -1.000000000000000000, 0.000000000000000000, 0.000000000000000000 ) ) ;
#4052 = ORIENTED_EDGE ( 'NONE', *, *, #3498, .F. ) ;
#4053 = CIRCLE ( 'NONE', #2831, 25.00000000000000000 ) ;
#4054 = ORIENTED_EDGE ( 'NONE', *, *, #905, .F. ) ;
#4055 = DIRECTION ( 'NONE',  ( 0.5000000000000101030, 0.8660254037844328234, 0.000000000000000000 ) ) ;
#4056 = CARTESIAN_POINT ( 'NONE',  ( -14.92103390953508679, -10.93676126970430040, -6.150000000000001243 ) ) ;
#4057 = CARTESIAN_POINT ( 'NONE',  ( -5.340334732698440945, -17.71244830458891428, -17.75000000000000711 ) ) ;
#4058 = EDGE_CURVE ( 'NONE', #5520, #4254, #497, .T. ) ;
#4059 = DIRECTION ( 'NONE',  ( -1.000000000000000000, 0.000000000000000000, 0.000000000000000000 ) ) ;
#4060 = DIRECTION ( 'NONE',  ( 0.000000000000000000, 0.000000000000000000, 1.000000000000000000 ) ) ;
#4061 = ORIENTED_EDGE ( 'NONE', *, *, #1374, .T. ) ;
#4062 = EDGE_CURVE ( 'NONE', #2349, #2236, #1373, .T. ) ;
#4063 = VERTEX_POINT ( 'NONE', #3117 ) ;
#4064 = ORIENTED_EDGE ( 'NONE', *, *, #5083, .F. ) ;
#4065 = AXIS2_PLACEMENT_3D ( 'NONE', #3470, #4946, #4423 ) ;
#4066 = CARTESIAN_POINT ( 'NONE',  ( 24.61327301392672950, -4.380272998559149755, -18.75000000000000355 ) ) ;
#4067 = EDGE_CURVE ( 'NONE', #5270, #4388, #3152, .T. ) ;
#4068 = DIRECTION ( 'NONE',  ( -0.000000000000000000, -0.000000000000000000, 1.000000000000000000 ) ) ;
#4069 = CARTESIAN_POINT ( 'NONE',  ( -14.10102989374210480, -11.97543134654413244, -17.75000000000000711 ) ) ;
#4070 = AXIS2_PLACEMENT_3D ( 'NONE', #2596, #2071, #4191 ) ;
#4071 = EDGE_CURVE ( 'NONE', #4918, #2757, #2491, .T. ) ;
#4072 = ORIENTED_EDGE ( 'NONE', *, *, #1041, .F. ) ;
#4073 = CARTESIAN_POINT ( 'NONE',  ( 22.31240501497814677, -8.840621157338333092, -13.75000000000000178 ) ) ;
#4074 = DIRECTION ( 'NONE',  ( 0.5000000000000039968, 0.8660254037844363761, 0.000000000000000000 ) ) ;
#4075 = DIRECTION ( 'NONE',  ( -0.000000000000000000, 0.000000000000000000, -1.000000000000000000 ) ) ;
#4076 = AXIS2_PLACEMENT_3D ( 'NONE', #2467, #1291, #2429 ) ;
#4077 = DIRECTION ( 'NONE',  ( 0.000000000000000000, 0.000000000000000000, -1.000000000000000000 ) ) ;
#4078 = ORIENTED_EDGE ( 'NONE', *, *, #913, .F. ) ;
#4079 = B_SPLINE_CURVE_WITH_KNOTS ( 'NONE', 3,
 ( #4293, #56, #550, #2735 ),
 .UNSPECIFIED., .F., .F.,
 ( 4, 4 ),
 ( 0.000000000000000000, 0.001197817287522140537 ),
 .UNSPECIFIED. ) ;
#4080 = CARTESIAN_POINT ( 'NONE',  ( 24.10424056894955314, 5.237361799153330111, -18.08333802952935798 ) ) ;
#4081 = FACE_OUTER_BOUND ( 'NONE', #6842, .T. ) ;
#4082 = CARTESIAN_POINT ( 'NONE',  ( -18.36324772583621368, -6.560574133379725836, -5.750000000000000888 ) ) ;
#4083 = CARTESIAN_POINT ( 'NONE',  ( 16.80745134524884321, 18.51739607461103532, -17.74231361947036589 ) ) ;
#4084 = CARTESIAN_POINT ( 'NONE',  ( -18.36324772583621723, -6.560574133379710737, -18.75000000000000355 ) ) ;
#4085 = ORIENTED_EDGE ( 'NONE', *, *, #3387, .T. ) ;
#4086 = CARTESIAN_POINT ( 'NONE',  ( -15.76995703683418881, 18.73545386754475217, -19.27103692870859319 ) ) ;
#4087 = ORIENTED_EDGE ( 'NONE', *, *, #5468, .T. ) ;
#4088 = CARTESIAN_POINT ( 'NONE',  ( 31.90184760431295885, 2.504419978995468643, -5.249999999999999112 ) ) ;
#4089 = CARTESIAN_POINT ( 'NONE',  ( -18.00959756134178136, 4.231358609065440035, -17.75000000000000711 ) ) ;
#4090 = CYLINDRICAL_SURFACE ( 'NONE', #6200, 1.000000000000000888 ) ;
#4091 = EDGE_CURVE ( 'NONE', #4889, #4406, #2217, .T. ) ;
#4092 = CARTESIAN_POINT ( 'NONE',  ( 18.15669667498971052, -3.485475877737056916, -17.72258545733680180 ) ) ;
#4093 = CARTESIAN_POINT ( 'NONE',  ( 15.61324772583610176, -11.32371385419440202, -13.75000000000000178 ) ) ;
#4094 = ORIENTED_EDGE ( 'NONE', *, *, #4299, .T. ) ;
#4095 = ORIENTED_EDGE ( 'NONE', *, *, #3442, .T. ) ;
#4096 = EDGE_LOOP ( 'NONE', ( #583, #4555, #2421, #6603 ) ) ;
#4097 = CARTESIAN_POINT ( 'NONE',  ( 14.65754039597630154, -11.28932279688330631, -13.75000000000000178 ) ) ;
#4098 = DIRECTION ( 'NONE',  ( 1.000000000000000000, 0.000000000000000000, 0.000000000000000000 ) ) ;
#4099 = EDGE_CURVE ( 'NONE', #2629, #4747, #6013, .T. ) ;
#4100 = ORIENTED_EDGE ( 'NONE', *, *, #2520, .T. ) ;
#4101 = CARTESIAN_POINT ( 'NONE',  ( -5.889197758818652595, 17.53779543451710765, -17.98302250917962652 ) ) ;
#4102 = CARTESIAN_POINT ( 'NONE',  ( -19.80563710829779822, -15.03983076482916381, -17.88123541020940266 ) ) ;
#4103 = EDGE_CURVE ( 'NONE', #6551, #1193, #1262, .T. ) ;
#4104 = FACE_OUTER_BOUND ( 'NONE', #3615, .T. ) ;
#4105 = ORIENTED_EDGE ( 'NONE', *, *, #697, .T. ) ;
#4106 = EDGE_CURVE ( 'NONE', #4197, #3223, #4961, .T. ) ;
#4107 = CARTESIAN_POINT ( 'NONE',  ( 21.92153840428908396, -9.769654752819020516, -17.75000000000000000 ) ) ;
#4108 = CARTESIAN_POINT ( 'NONE',  ( -8.302987010919867572, -23.58105919058479216, -18.17914030857284757 ) ) ;
#4109 = EDGE_CURVE ( 'NONE', #6009, #5533, #5668, .T. ) ;
#4110 = DIRECTION ( 'NONE',  ( -0.000000000000000000, -0.000000000000000000, 1.000000000000000000 ) ) ;
#4111 = DIRECTION ( 'NONE',  ( 0.000000000000000000, 0.000000000000000000, -1.000000000000000000 ) ) ;
#4112 = VERTEX_POINT ( 'NONE', #165 ) ;
#4113 = EDGE_LOOP ( 'NONE', ( #5106, #5150, #3252, #4426, #4657, #5410 ) ) ;
#4114 = CARTESIAN_POINT ( 'NONE',  ( 18.36324772583612486, -6.560574133379988737, -5.750000000000000888 ) ) ;
#4115 = DIRECTION ( 'NONE',  ( -0.000000000000000000, -0.000000000000000000, -1.000000000000000000 ) ) ;
#4116 = EDGE_CURVE ( 'NONE', #6231, #4767, #6030, .T. ) ;
#4117 = DIRECTION ( 'NONE',  ( 0.000000000000000000, 0.000000000000000000, 1.000000000000000000 ) ) ;
#4118 = VERTEX_POINT ( 'NONE', #1225 ) ;
#4119 = AXIS2_PLACEMENT_3D ( 'NONE', #6381, #2129, #4700 ) ;
#4120 = AXIS2_PLACEMENT_3D ( 'NONE', #4841, #175, #4944 ) ;
#4121 = EDGE_CURVE ( 'NONE', #4441, #6117, #1925, .T. ) ;
#4122 = ORIENTED_EDGE ( 'NONE', *, *, #32, .F. ) ;
#4123 = VERTEX_POINT ( 'NONE', #2897 ) ;
#4124 = CARTESIAN_POINT ( 'NONE',  ( -3.500000000000000444, 19.33907960581371555, -18.75000000000000355 ) ) ;
#4125 = CIRCLE ( 'NONE', #4990, 18.50000000000000000 ) ;
#4126 = CARTESIAN_POINT ( 'NONE',  ( 2.887018678242630365, 18.38492648644256633, -17.85991712921439500 ) ) ;
#4127 = AXIS2_PLACEMENT_3D ( 'NONE', #917, #4115, #4059 ) ;
#4128 = DIRECTION ( 'NONE',  ( -0.000000000000000000, -0.000000000000000000, 1.000000000000000000 ) ) ;
#4129 = FACE_OUTER_BOUND ( 'NONE', #5245, .T. ) ;
#4130 = ORIENTED_EDGE ( 'NONE', *, *, #4962, .T. ) ;
#4131 = B_SPLINE_CURVE_WITH_KNOTS ( 'NONE', 3,
 ( #1804, #5992, #5955, #1224, #3353, #4931, #6511, #196, #1260, #1767 ),
 .UNSPECIFIED., .F., .F.,
 ( 4, 2, 2, 2, 4 ),
 ( 0.000000000000000000, 0.0003731557972044646744, 0.0007463115944089293487, 0.001119467391613393915, 0.001492623188817858697 ),
 .UNSPECIFIED. ) ;
#4132 = ORIENTED_EDGE ( 'NONE', *, *, #1970, .T. ) ;
#4133 = AXIS2_PLACEMENT_3D ( 'NONE', #1995, #6778, #2712 ) ;
#4134 = VECTOR ( 'NONE', #349, 1000.000000000000000 ) ;
#4135 = CYLINDRICAL_SURFACE ( 'NONE', #3496, 1.899999999999999023 ) ;
#4136 = B_SPLINE_CURVE_WITH_KNOTS ( 'NONE', 3,
 ( #5750, #425, #2603, #5110 ),
 .UNSPECIFIED., .F., .F.,
 ( 4, 4 ),
 ( 0.000000000000000000, 0.001415357249055940918 ),
 .UNSPECIFIED. ) ;
#4137 = CARTESIAN_POINT ( 'NONE',  ( -19.81245156512688155, -14.96925432807424805, -17.91838839031816022 ) ) ;
#4138 = CARTESIAN_POINT ( 'NONE',  ( -21.75000000000000000, 3.469446951953614189E-15, -18.75000000000000355 ) ) ;
#4139 = CARTESIAN_POINT ( 'NONE',  ( -12.77500000000000568, -18.83605253231153398, -8.750000000000001776 ) ) ;
#4140 = ADVANCED_FACE ( 'NONE', ( #2474 ), #1363, .T. ) ;
#4141 = DIRECTION ( 'NONE',  ( -0.4999999999999920064, 0.8660254037844432595, 0.000000000000000000 ) ) ;
#4142 = ORIENTED_EDGE ( 'NONE', *, *, #948, .T. ) ;
#4143 = ADVANCED_FACE ( 'NONE', ( #5636 ), #3597, .T. ) ;
#4144 = AXIS2_PLACEMENT_3D ( 'NONE', #4408, #6506, #3772 ) ;
#4145 = FACE_OUTER_BOUND ( 'NONE', #3638, .T. ) ;
#4146 = CARTESIAN_POINT ( 'NONE',  ( 24.61327301392676148, 4.380272998558972120, -18.75000000000000355 ) ) ;
#4147 = CARTESIAN_POINT ( 'NONE',  ( -19.56571939074846966, -14.18302470308518259, -17.75000000000000355 ) ) ;
#4148 = EDGE_CURVE ( 'NONE', #2060, #6380, #1431, .T. ) ;
#4149 = CARTESIAN_POINT ( 'NONE',  ( -17.38211958696082959, -6.334480973713141339, -14.16493399834934586 ) ) ;
#4150 = CIRCLE ( 'NONE', #278, 24.00000000000000355 ) ;
#4151 = CARTESIAN_POINT ( 'NONE',  ( -23.44734042848210365, 5.120764281908393833, -18.75000000000000355 ) ) ;
#4152 = ORIENTED_EDGE ( 'NONE', *, *, #6148, .F. ) ;
#4153 = CARTESIAN_POINT ( 'NONE',  ( 15.92427054115225893, -18.66673702840735416, -18.75000000000000355 ) ) ;
#4154 = EDGE_LOOP ( 'NONE', ( #1309, #6165 ) ) ;
#4155 = DIRECTION ( 'NONE',  ( 0.000000000000000000, 0.000000000000000000, -1.000000000000000000 ) ) ;
#4156 = CIRCLE ( 'NONE', #48, 2.499999999999984901 ) ;
#4157 =( BOUNDED_SURFACE ( )  B_SPLINE_SURFACE ( 3, 2, ( 
 ( #38, #3202, #71 ),
 ( #2643, #5759, #4272 ),
 ( #1030, #3162, #532 ),
 ( #2146, #4748, #3 ) ),
 .UNSPECIFIED., .F., .F., .F. ) 
 B_SPLINE_SURFACE_WITH_KNOTS ( ( 4, 4 ),
 ( 3, 3 ),
 ( 0.01927081301317756443, 0.02070637700300042086 ),
 ( 0.000000000000000000, 0.7968612588050323353 ),
 .UNSPECIFIED. ) 
 GEOMETRIC_REPRESENTATION_ITEM ( )  RATIONAL_B_SPLINE_SURFACE ( (
 ( 1.000000000000000000, 0.7552910309719307325, 0.9005802561450394483),
 ( 1.000000000000000000, 0.7555082812096348688, 0.9006685200246624667),
 ( 1.000000000000000000, 0.7557130691372277997, 0.9007517207483086707),
 ( 1.000000000000000000, 0.7559073240767004709, 0.9008306421560594579) ) ) 
 REPRESENTATION_ITEM ( '' )  SURFACE ( )  );
#4158 = DIRECTION ( 'NONE',  ( 0.000000000000000000, 0.000000000000000000, 1.000000000000000000 ) ) ;
#4159 = CARTESIAN_POINT ( 'NONE',  ( 11.92981020395730063, -14.13964739650731772, -18.75000000000000355 ) ) ;
#4160 = EDGE_LOOP ( 'NONE', ( #6592, #2080, #5863, #2394, #4162, #4995 ) ) ;
#4161 = CIRCLE ( 'NONE', #401, 1.199999999999999734 ) ;
#4162 = ORIENTED_EDGE ( 'NONE', *, *, #1426, .F. ) ;
#4163 = VERTEX_POINT ( 'NONE', #406 ) ;
#4164 = PLANE ( 'NONE',  #2015 ) ;
#4165 = VECTOR ( 'NONE', #1971, 1000.000000000000000 ) ;
#4166 = CARTESIAN_POINT ( 'NONE',  ( 0.000000000000000000, 0.000000000000000000, -17.75000000000000355 ) ) ;
#4167 = EDGE_LOOP ( 'NONE', ( #4064, #5401, #4853, #4237 ) ) ;
#4168 = DIRECTION ( 'NONE',  ( 0.000000000000000000, 0.000000000000000000, -1.000000000000000000 ) ) ;
#4169 = DIRECTION ( 'NONE',  ( -0.000000000000000000, -0.000000000000000000, -1.000000000000000000 ) ) ;
#4170 = ORIENTED_EDGE ( 'NONE', *, *, #3248, .T. ) ;
#4171 = AXIS2_PLACEMENT_3D ( 'NONE', #5604, #4169, #1064 ) ;
#4172 = CARTESIAN_POINT ( 'NONE',  ( 0.000000000000000000, 0.000000000000000000, -5.250000000000000888 ) ) ;
#4173 = LINE ( 'NONE', #6266, #2947 ) ;
#4174 = CARTESIAN_POINT ( 'NONE',  ( 18.81240501497811479, -14.90279898382939727, -18.75000000000000355 ) ) ;
#4175 = AXIS2_PLACEMENT_3D ( 'NONE', #23, #128, #3847 ) ;
#4176 = CARTESIAN_POINT ( 'NONE',  ( 5.889197758818649930, -17.53779543451710765, -17.98302250917962652 ) ) ;
#4177 = PLANE ( 'NONE',  #3072 ) ;
#4178 = ORIENTED_EDGE ( 'NONE', *, *, #1286, .T. ) ;
#4179 = AXIS2_PLACEMENT_3D ( 'NONE', #1939, #4077, #760 ) ;
#4180 = DIRECTION ( 'NONE',  ( 0.000000000000000000, 0.000000000000000000, -1.000000000000000000 ) ) ;
#4181 = DIRECTION ( 'NONE',  ( -0.8660254037844424824, -0.4999999999999932832, 3.004629197474329107E-15 ) ) ;
#4182 = ORIENTED_EDGE ( 'NONE', *, *, #1103, .F. ) ;
#4183 = CARTESIAN_POINT ( 'NONE',  ( -18.05115527735387460, -6.675215962265409253, -18.49467103960751402 ) ) ;
#4184 = ORIENTED_EDGE ( 'NONE', *, *, #1638, .T. ) ;
#4185 = EDGE_CURVE ( 'NONE', #6321, #3541, #1910, .T. ) ;
#4186 = DIRECTION ( 'NONE',  ( -0.000000000000000000, -0.000000000000000000, 1.000000000000000000 ) ) ;
#4187 = ORIENTED_EDGE ( 'NONE', *, *, #5595, .T. ) ;
#4188 = CARTESIAN_POINT ( 'NONE',  ( -13.10399179308702422, 14.39538243495999659, -18.75000000000000355 ) ) ;
#4189 = CARTESIAN_POINT ( 'NONE',  ( -6.218420449704255226, -17.22415223143908491, -18.57290675280218295 ) ) ;
#4190 = EDGE_CURVE ( 'NONE', #6372, #4588, #1379, .T. ) ;
#4191 = DIRECTION ( 'NONE',  ( -0.5000000000000039968, -0.8660254037844362651, 0.000000000000000000 ) ) ;
#4192 = ORIENTED_EDGE ( 'NONE', *, *, #4932, .T. ) ;
#4193 = ORIENTED_EDGE ( 'NONE', *, *, #4927, .T. ) ;
#4194 = VERTEX_POINT ( 'NONE', #334 ) ;
#4195 =( BOUNDED_CURVE ( )  B_SPLINE_CURVE ( 3, ( #379, #6701, #2416, #6661 ),
 .UNSPECIFIED., .F., .T. ) 
 B_SPLINE_CURVE_WITH_KNOTS ( ( 4, 4 ),
 ( 3.141592653589795336, 3.845135240435910706 ),
 .UNSPECIFIED. ) 
 CURVE ( )  GEOMETRIC_REPRESENTATION_ITEM ( )  RATIONAL_B_SPLINE_CURVE ( ( 1.000000000000000000, 0.9591759112683384547, 0.9591759112683384547, 1.000000000000000000 ) ) 
 REPRESENTATION_ITEM ( '' )  );
#4196 = CARTESIAN_POINT ( 'NONE',  ( -15.00000000000000000, 1.836970198721029589E-15, -5.750000000000001776 ) ) ;
#4197 = VERTEX_POINT ( 'NONE', #2435 ) ;
#4198 = DIRECTION ( 'NONE',  ( 1.000000000000000000, 0.000000000000000000, 0.000000000000000000 ) ) ;
#4199 = ADVANCED_FACE ( 'NONE', ( #4544 ), #1310, .F. ) ;
#4200 = FACE_BOUND ( 'NONE', #3328, .T. ) ;
#4201 = ORIENTED_EDGE ( 'NONE', *, *, #4886, .F. ) ;
#4202 = DIRECTION ( 'NONE',  ( 0.4999999999999980016, -0.8660254037844397068, 0.000000000000000000 ) ) ;
#4203 = DIRECTION ( 'NONE',  ( 0.000000000000000000, 0.000000000000000000, -1.000000000000000000 ) ) ;
#4204 = CARTESIAN_POINT ( 'NONE',  ( -15.99857633914988853, -17.93678224244181152, -18.75000000000000355 ) ) ;
#4205 = DIRECTION ( 'NONE',  ( 1.000000000000000000, 0.000000000000000000, 0.000000000000000000 ) ) ;
#4206 = B_SPLINE_CURVE_WITH_KNOTS ( 'NONE', 3,
 ( #202, #2308, #6515, #6384 ),
 .UNSPECIFIED., .F., .F.,
 ( 4, 4 ),
 ( 0.000000000000000000, 0.001257569546347850472 ),
 .UNSPECIFIED. ) ;
#4207 = FACE_OUTER_BOUND ( 'NONE', #3540, .T. ) ;
#4208 = DIRECTION ( 'NONE',  ( 0.000000000000000000, 0.000000000000000000, -1.000000000000000000 ) ) ;
#4209 = ORIENTED_EDGE ( 'NONE', *, *, #358, .F. ) ;
#4210 = ADVANCED_FACE ( 'NONE', ( #3666 ), #4804, .F. ) ;
#4211 = DIRECTION ( 'NONE',  ( -1.000000000000000000, 0.000000000000000000, -0.000000000000000000 ) ) ;
#4212 = CARTESIAN_POINT ( 'NONE',  ( 6.280388743951106356, 17.40134239720752873, -18.75000000000000355 ) ) ;
#4213 = CARTESIAN_POINT ( 'NONE',  ( -8.571665064290169056, 23.66040113929480526, -18.59515134002544201 ) ) ;
#4214 = VERTEX_POINT ( 'NONE', #2653 ) ;
#4215 = ADVANCED_FACE ( 'NONE', ( #5695 ), #1119, .F. ) ;
#4216 = CARTESIAN_POINT ( 'NONE',  ( 23.65000000000000213, 2.326828918379969393E-16, -18.25000000000002487 ) ) ;
#4217 = ORIENTED_EDGE ( 'NONE', *, *, #578, .F. ) ;
#4218 = B_SPLINE_CURVE_WITH_KNOTS ( 'NONE', 3,
 ( #4146, #2687, #2582, #6234, #2543, #1565, #971, #3699, #4246, #4755 ),
 .UNSPECIFIED., .F., .F.,
 ( 4, 2, 2, 2, 4 ),
 ( -0.0009489708195408654446, -0.0005792780970374679242, -0.0002095853745340704039, 0.0001601073479693272249, 0.0005298000704727246369 ),
 .UNSPECIFIED. ) ;
#4219 = CARTESIAN_POINT ( 'NONE',  ( 8.889594228107053908, -27.72093231318435613, -5.249999999999999112 ) ) ;
#4220 = ORIENTED_EDGE ( 'NONE', *, *, #5717, .F. ) ;
#4221 = CARTESIAN_POINT ( 'NONE',  ( -6.407672103724144641, 18.42021389177541124, -18.73811982885616345 ) ) ;
#4222 = B_SPLINE_CURVE_WITH_KNOTS ( 'NONE', 3,
 ( #2567, #4, #5796, #73 ),
 .UNSPECIFIED., .F., .F.,
 ( 4, 4 ),
 ( 0.000000000000000000, 0.001415357249055940918 ),
 .UNSPECIFIED. ) ;
#4223 = CARTESIAN_POINT ( 'NONE',  ( 23.69293038825618680, -4.697753417893625105, -18.75000000000000355 ) ) ;
#4224 = CARTESIAN_POINT ( 'NONE',  ( 10.87500000000000355, -18.83605253231153753, -18.25000000000002487 ) ) ;
#4225 = CARTESIAN_POINT ( 'NONE',  ( 18.21019894790848070, 3.261695000700221225, -18.75000000000000355 ) ) ;
#4226 = ORIENTED_EDGE ( 'NONE', *, *, #1240, .F. ) ;
#4227 = ORIENTED_EDGE ( 'NONE', *, *, #3180, .T. ) ;
#4228 = ORIENTED_EDGE ( 'NONE', *, *, #1837, .T. ) ;
#4229 = EDGE_CURVE ( 'NONE', #2952, #5336, #710, .T. ) ;
#4230 = CARTESIAN_POINT ( 'NONE',  ( 0.9101878756074373022, -26.48436440677969017, -6.750000000000000888 ) ) ;
#4231 = DIRECTION ( 'NONE',  ( 0.000000000000000000, 0.000000000000000000, -1.000000000000000000 ) ) ;
#4232 = EDGE_CURVE ( 'NONE', #4868, #2732, #4222, .T. ) ;
#4233 = AXIS2_PLACEMENT_3D ( 'NONE', #6725, #3527, #332 ) ;
#4234 = ORIENTED_EDGE ( 'NONE', *, *, #918, .T. ) ;
#4235 = CARTESIAN_POINT ( 'NONE',  ( -17.42154271425487266, -6.224134434232049706, -17.75000000000000711 ) ) ;
#4236 = CARTESIAN_POINT ( 'NONE',  ( 2.000000000000007105, 19.18332609325088001, -13.75000000000000178 ) ) ;
#4237 = ORIENTED_EDGE ( 'NONE', *, *, #3775, .F. ) ;
#4238 = CARTESIAN_POINT ( 'NONE',  ( 19.71277491685818717, -9.937800231748504132, -6.150000000000001243 ) ) ;
#4239 = CIRCLE ( 'NONE', #1572, 25.00000000000000000 ) ;
#4240 = AXIS2_PLACEMENT_3D ( 'NONE', #2277, #208, #4452 ) ;
#4241 = CARTESIAN_POINT ( 'NONE',  ( -19.46762703210190182, -14.77503380341082639, -18.31174109947685835 ) ) ;
#4242 = CARTESIAN_POINT ( 'NONE',  ( 21.75000000000000355, 0.000000000000000000, -8.750000000000001776 ) ) ;
#4243 = VERTEX_POINT ( 'NONE', #2609 ) ;
#4244 = AXIS2_PLACEMENT_3D ( 'NONE', #5284, #6293, #1551 ) ;
#4245 = CARTESIAN_POINT ( 'NONE',  ( 17.86324772583611775, -7.426599537164424447, -13.75000000000000178 ) ) ;
#4246 = CARTESIAN_POINT ( 'NONE',  ( 24.45916045161598618, 5.173498703309613589, -17.75000000000000355 ) ) ;
#4247 = CIRCLE ( 'NONE', #1248, 2.499999999999988454 ) ;
#4248 = VECTOR ( 'NONE', #5393, 1000.000000000000000 ) ;
#4249 = ADVANCED_FACE ( 'NONE', ( #5865 ), #2323, .F. ) ;
#4250 = ORIENTED_EDGE ( 'NONE', *, *, #4018, .T. ) ;
#4251 = CARTESIAN_POINT ( 'NONE',  ( -16.58780865135194560, -18.25620377206492506, -18.08333802952935798 ) ) ;
#4252 = AXIS2_PLACEMENT_3D ( 'NONE', #2441, #373, #4587 ) ;
#4253 = CARTESIAN_POINT ( 'NONE',  ( 16.04092265478679380, -19.01620293754490731, -18.75000000000000355 ) ) ;
#4254 = VERTEX_POINT ( 'NONE', #4230 ) ;
#4255 = FACE_OUTER_BOUND ( 'NONE', #3974, .T. ) ;
#4256 = CARTESIAN_POINT ( 'NONE',  ( -6.102783395359172580, -16.90655673449197138, -18.23527588793524501 ) ) ;
#4257 =( GEOMETRIC_REPRESENTATION_CONTEXT ( 3 ) GLOBAL_UNCERTAINTY_ASSIGNED_CONTEXT ( ( #4284 ) ) GLOBAL_UNIT_ASSIGNED_CONTEXT ( ( #3056, #5498, #424 ) ) REPRESENTATION_CONTEXT ( 'NONE', 'WORKASPACE' ) );
#4258 = EDGE_CURVE ( 'NONE', #1081, #1241, #6350, .T. ) ;
#4259 = DIRECTION ( 'NONE',  ( -0.000000000000000000, -0.000000000000000000, 1.000000000000000000 ) ) ;
#4260 = ORIENTED_EDGE ( 'NONE', *, *, #1549, .F. ) ;
#4261 = ORIENTED_EDGE ( 'NONE', *, *, #4480, .F. ) ;
#4262 = VECTOR ( 'NONE', #3522, 1000.000000000000000 ) ;
#4263 = EDGE_LOOP ( 'NONE', ( #5756, #3443 ) ) ;
#4264 = EDGE_CURVE ( 'NONE', #1673, #6372, #6265, .T. ) ;
#4265 = DIRECTION ( 'NONE',  ( -0.000000000000000000, -0.000000000000000000, 1.000000000000000000 ) ) ;
#4266 = CARTESIAN_POINT ( 'NONE',  ( 17.36324772582933562, -6.560574133389632578, -17.81134436263193521 ) ) ;
#4267 = VECTOR ( 'NONE', #2805, 1000.000000000000000 ) ;
#4268 = ORIENTED_EDGE ( 'NONE', *, *, #284, .F. ) ;
#4269 = EDGE_CURVE ( 'NONE', #2994, #4123, #5178, .T. ) ;
#4270 = CARTESIAN_POINT ( 'NONE',  ( -14.92103390953509745, -10.93676126970428797, -5.950000000000000178 ) ) ;
#4271 = ORIENTED_EDGE ( 'NONE', *, *, #6567, .T. ) ;
#4272 = CARTESIAN_POINT ( 'NONE',  ( -11.80767706118049887, -13.99778422732925520, -18.57342577602567246 ) ) ;
#4273 = EDGE_CURVE ( 'NONE', #104, #6340, #1481, .T. ) ;
#4274 = AXIS2_PLACEMENT_3D ( 'NONE', #2180, #6424, #6333 ) ;
#4275 = CARTESIAN_POINT ( 'NONE',  ( 24.10736177909639721, 5.237915813222878469, -18.08017044162410158 ) ) ;
#4276 = CARTESIAN_POINT ( 'NONE',  ( 3.329649986076314683, 24.73939955788184619, -17.78788262449477031 ) ) ;
#4277 = EDGE_CURVE ( 'NONE', #1927, #3880, #6591, .T. ) ;
#4278 = DIRECTION ( 'NONE',  ( 1.000000000000000000, 0.000000000000000000, 0.000000000000000000 ) ) ;
#4279 = FACE_BOUND ( 'NONE', #322, .T. ) ;
#4280 = EDGE_LOOP ( 'NONE', ( #6841, #2974, #6101, #6116 ) ) ;
#4281 = VECTOR ( 'NONE', #3414, 1000.000000000000114 ) ;
#4282 = DIRECTION ( 'NONE',  ( 1.000000000000000000, 1.561251128379125123E-14, 0.000000000000000000 ) ) ;
#4283 = DIRECTION ( 'NONE',  ( 1.000000000000000000, -3.642919299551294898E-16, 0.000000000000000000 ) ) ;
#4284 = UNCERTAINTY_MEASURE_WITH_UNIT (LENGTH_MEASURE( 1.000000000000000082E-05 ), #3056, 'distance_accuracy_value', 'NONE');
#4285 = DIRECTION ( 'NONE',  ( -0.000000000000000000, -0.000000000000000000, -1.000000000000000000 ) ) ;
#4286 = AXIS2_PLACEMENT_3D ( 'NONE', #4367, #1141, #6463 ) ;
#4287 = ORIENTED_EDGE ( 'NONE', *, *, #3981, .F. ) ;
#4288 = CARTESIAN_POINT ( 'NONE',  ( -28.45182871386007761, 6.161851725716084971, -6.750000000000000888 ) ) ;
#4289 = AXIS2_PLACEMENT_3D ( 'NONE', #2375, #6653, #4994 ) ;
#4290 = CARTESIAN_POINT ( 'NONE',  ( -19.84999999999999787, 3.702129843791611128E-15, -18.25000000000002487 ) ) ;
#4291 = ORIENTED_EDGE ( 'NONE', *, *, #1654, .T. ) ;
#4292 = CARTESIAN_POINT ( 'NONE',  ( -13.31146830012020743, 14.24973023235509650, -18.75000000000000355 ) ) ;
#4293 = CARTESIAN_POINT ( 'NONE',  ( -22.31240501497827822, -8.840621157338002689, -18.75000000000000355 ) ) ;
#4294 = AXIS2_PLACEMENT_3D ( 'NONE', #2575, #4752, #6824 ) ;
#4295 = CARTESIAN_POINT ( 'NONE',  ( -2.499999999999999556, 23.86943652456002951, -17.75000000000001421 ) ) ;
#4296 = ORIENTED_EDGE ( 'NONE', *, *, #3088, .T. ) ;
#4297 = ORIENTED_EDGE ( 'NONE', *, *, #5227, .F. ) ;
#4298 = ORIENTED_EDGE ( 'NONE', *, *, #5042, .T. ) ;
#4299 = EDGE_CURVE ( 'NONE', #6075, #6525, #2604, .T. ) ;
#4300 = FACE_BOUND ( 'NONE', #5044, .T. ) ;
#4301 = CARTESIAN_POINT ( 'NONE',  ( 3.149999999999996358, -29.50000000000000000, -6.750000000000000888 ) ) ;
#4302 = CARTESIAN_POINT ( 'NONE',  ( -19.01875402735137399, 4.151227823166172115, -18.75000000000000355 ) ) ;
#4303 = CARTESIAN_POINT ( 'NONE',  ( 23.24208855726890377, -9.208980372227429712, -17.75000000000000355 ) ) ;
#4304 = EDGE_CURVE ( 'NONE', #5491, #1639, #4358, .T. ) ;
#4305 = EDGE_LOOP ( 'NONE', ( #1997, #617, #2983 ) ) ;
#4306 = CARTESIAN_POINT ( 'NONE',  ( 10.08959422810705497, -27.72093231318435613, -5.249999999999999112 ) ) ;
#4307 = CARTESIAN_POINT ( 'NONE',  ( 24.58205271361090283, 4.575560712521445694, -17.75654636269957365 ) ) ;
#4308 = B_SPLINE_CURVE_WITH_KNOTS ( 'NONE', 3,
 ( #6498, #5909, #5361, #110, #631, #3863, #1180, #5424, #3311, #4401 ),
 .UNSPECIFIED., .F., .F.,
 ( 4, 2, 2, 2, 4 ),
 ( 0.000000000000000000, 0.0003741468002070880432, 0.0007482936004141760864, 0.001122440400621264184, 0.001496587200828352173 ),
 .UNSPECIFIED. ) ;
#4309 = CARTESIAN_POINT ( 'NONE',  ( -8.513208814700218952, -23.50585619962205186, -18.75000000000000355 ) ) ;
#4310 = CARTESIAN_POINT ( 'NONE',  ( 5.582145389367108912, -17.63808757357301005, -17.78405629901138951 ) ) ;
#4311 = CARTESIAN_POINT ( 'NONE',  ( -24.57328981265092338, -4.599931916543339661, -18.17914030857284757 ) ) ;
#4312 = VERTEX_POINT ( 'NONE', #4902 ) ;
#4313 = CARTESIAN_POINT ( 'NONE',  ( 15.49813422444417199, -11.83460331236803498, -17.75000000000000711 ) ) ;
#4314 = DIRECTION ( 'NONE',  ( 0.4999999999999923395, -0.8660254037844431485, 0.000000000000000000 ) ) ;
#4315 = EDGE_CURVE ( 'NONE', #3541, #6321, #3724, .T. ) ;
#4316 = CARTESIAN_POINT ( 'NONE',  ( -7.778091393517148511, 22.86755631527293531, -18.75000000000000355 ) ) ;
#4317 = ORIENTED_EDGE ( 'NONE', *, *, #4460, .T. ) ;
#4318 = CARTESIAN_POINT ( 'NONE',  ( -16.70996152931980205, 18.59550495468445419, -17.75000000000000355 ) ) ;
#4319 = DIRECTION ( 'NONE',  ( 0.4999999999999911182, -0.8660254037844439257, 0.000000000000000000 ) ) ;
#4320 = VERTEX_POINT ( 'NONE', #4056 ) ;
#4321 = CARTESIAN_POINT ( 'NONE',  ( -17.42154271425486911, -6.224134434232047930, -14.25000000000000178 ) ) ;
#4322 = FACE_OUTER_BOUND ( 'NONE', #47, .T. ) ;
#4323 = LINE ( 'NONE', #4295, #3846 ) ;
#4324 = EDGE_LOOP ( 'NONE', ( #6044, #1197, #2592, #5405 ) ) ;
#4325 = FACE_OUTER_BOUND ( 'NONE', #236, .T. ) ;
#4326 = ORIENTED_EDGE ( 'NONE', *, *, #2101, .F. ) ;
#4327 = ORIENTED_EDGE ( 'NONE', *, *, #3888, .T. ) ;
#4328 = DIRECTION ( 'NONE',  ( 0.000000000000000000, 0.000000000000000000, -1.000000000000000000 ) ) ;
#4329 = CARTESIAN_POINT ( 'NONE',  ( -7.516431917597764745, -23.49356557121846478, -18.08333802952935798 ) ) ;
#4330 = EDGE_CURVE ( 'NONE', #2794, #4889, #4195, .T. ) ;
#4331 = CARTESIAN_POINT ( 'NONE',  ( 14.68427343364230175, -11.63889820918767981, -17.98744480439650317 ) ) ;
#4332 = ORIENTED_EDGE ( 'NONE', *, *, #3813, .T. ) ;
#4333 = CARTESIAN_POINT ( 'NONE',  ( -3.499999999999999556, 19.18332609325088001, -5.750000000000000888 ) ) ;
#4334 = DIRECTION ( 'NONE',  ( 0.000000000000000000, 1.000000000000000000, -0.000000000000000000 ) ) ;
#4335 = EDGE_LOOP ( 'NONE', ( #6741, #2941, #3620, #5195 ) ) ;
#4336 = AXIS2_PLACEMENT_3D ( 'NONE', #3566, #4593, #6702 ) ;
#4337 = AXIS2_PLACEMENT_3D ( 'NONE', #6190, #2502, #4615 ) ;
#4338 = CARTESIAN_POINT ( 'NONE',  ( 21.75000000000000355, 0.000000000000000000, -18.75000000000000355 ) ) ;
#4339 = EDGE_CURVE ( 'NONE', #4588, #1045, #2066, .T. ) ;
#4340 = CARTESIAN_POINT ( 'NONE',  ( 0.000000000000000000, 0.000000000000000000, -17.75000000000000355 ) ) ;
#4341 = CARTESIAN_POINT ( 'NONE',  ( 18.43498879279273694, 3.371000409532216135, -18.75000000000000355 ) ) ;
#4342 = AXIS2_PLACEMENT_3D ( 'NONE', #1461, #4181, #46 ) ;
#4343 = TOROIDAL_SURFACE ( 'NONE', #685, 1.500000000000000000, 0.5000000000000000000 ) ;
#4344 = ORIENTED_EDGE ( 'NONE', *, *, #6450, .T. ) ;
#4345 = EDGE_CURVE ( 'NONE', #2210, #3787, #4156, .T. ) ;
#4346 = DIRECTION ( 'NONE',  ( 0.4999999999999911182, -0.8660254037844439257, 0.000000000000000000 ) ) ;
#4347 = AXIS2_PLACEMENT_3D ( 'NONE', #5854, #4355, #5381 ) ;
#4348 = EDGE_LOOP ( 'NONE', ( #5376, #5930, #757 ) ) ;
#4349 = CONICAL_SURFACE ( 'NONE', #3701, 25.00000000000000000, 0.7853981633974466137 ) ;
#4350 = EDGE_CURVE ( 'NONE', #125, #5491, #6232, .T. ) ;
#4351 = DIRECTION ( 'NONE',  ( -0.5000000000000039968, -0.8660254037844362651, 0.000000000000000000 ) ) ;
#4352 = VECTOR ( 'NONE', #872, 1000.000000000000000 ) ;
#4353 = CARTESIAN_POINT ( 'NONE',  ( -12.09686504980358279, 13.98142981993188450, -17.72259486755743652 ) ) ;
#4354 = ORIENTED_EDGE ( 'NONE', *, *, #4603, .F. ) ;
#4355 = DIRECTION ( 'NONE',  ( 0.000000000000000000, 0.000000000000000000, -1.000000000000000000 ) ) ;
#4356 = ORIENTED_EDGE ( 'NONE', *, *, #4428, .F. ) ;
#4357 = EDGE_LOOP ( 'NONE', ( #5790, #6152, #3749, #1704, #1838, #1715 ) ) ;
#4358 = LINE ( 'NONE', #1716, #4267 ) ;
#4359 = CARTESIAN_POINT ( 'NONE',  ( -14.68427343364245985, -11.63889820918746487, -17.98744480439649251 ) ) ;
#4360 = AXIS2_PLACEMENT_3D ( 'NONE', #1694, #1345, #6115 ) ;
#4361 = LINE ( 'NONE', #4395, #4438 ) ;
#4362 = LINE ( 'NONE', #6420, #5861 ) ;
#4363 = DIRECTION ( 'NONE',  ( 0.5000000000000039968, 0.8660254037844363761, 0.000000000000000000 ) ) ;
#4364 = AXIS2_PLACEMENT_3D ( 'NONE', #6776, #1964, #391 ) ;
#4365 = ORIENTED_EDGE ( 'NONE', *, *, #4643, .F. ) ;
#4366 = CARTESIAN_POINT ( 'NONE',  ( 14.68427343364230175, -11.63889820918767981, -17.98744480439650317 ) ) ;
#4367 = CARTESIAN_POINT ( 'NONE',  ( 22.31240501497814677, -8.840621157338333092, -14.25000000000000178 ) ) ;
#4368 = CIRCLE ( 'NONE', #3830, 1.899999999999995470 ) ;
#4369 = CARTESIAN_POINT ( 'NONE',  ( -8.203733201788176999, -23.12419133957774520, -18.75000000000000355 ) ) ;
#4370 = CARTESIAN_POINT ( 'NONE',  ( -3.499999999999999556, 23.74342014116752964, -10.75000000000000000 ) ) ;
#4371 = CARTESIAN_POINT ( 'NONE',  ( 23.11300095751066763, -9.530177993876899123, -14.00995253483055158 ) ) ;
#4372 = ORIENTED_EDGE ( 'NONE', *, *, #4684, .T. ) ;
#4373 = CIRCLE ( 'NONE', #5244, 19.50000000000000000 ) ;
#4374 = DIRECTION ( 'NONE',  ( -0.000000000000000000, 0.000000000000000000, -1.000000000000000000 ) ) ;
#4375 = CARTESIAN_POINT ( 'NONE',  ( -17.86324772583622433, -7.426599537164170428, -17.75000000000000355 ) ) ;
#4376 = CARTESIAN_POINT ( 'NONE',  ( 14.27749168707702054, -11.80416910149178733, -17.77495057610073914 ) ) ;
#4377 = DIRECTION ( 'NONE',  ( 0.000000000000000000, 0.000000000000000000, 1.000000000000000000 ) ) ;
#4378 = CONICAL_SURFACE ( 'NONE', #293, 19.50000000000000000, 0.7853981633974500554 ) ;
#4379 = ORIENTED_EDGE ( 'NONE', *, *, #4021, .F. ) ;
#4380 = LINE ( 'NONE', #6472, #4616 ) ;
#4381 = DIRECTION ( 'NONE',  ( -3.642919299551294898E-16, -1.000000000000000000, 0.000000000000000000 ) ) ;
#4382 = VECTOR ( 'NONE', #1102, 1000.000000000000000 ) ;
#4383 = VERTEX_POINT ( 'NONE', #1815 ) ;
#4384 = FACE_OUTER_BOUND ( 'NONE', #4167, .T. ) ;
#4385 = CIRCLE ( 'NONE', #1290, 1.000000000000000888 ) ;
#4386 = ADVANCED_FACE ( 'NONE', ( #2382 ), #1050, .T. ) ;
#4387 = DIRECTION ( 'NONE',  ( -1.000000000000000000, 0.000000000000000000, 0.000000000000000000 ) ) ;
#4388 = VERTEX_POINT ( 'NONE', #3606 ) ;
#4389 = ORIENTED_EDGE ( 'NONE', *, *, #1701, .T. ) ;
#4390 = ORIENTED_EDGE ( 'NONE', *, *, #4830, .F. ) ;
#4391 = VECTOR ( 'NONE', #399, 1000.000000000000000 ) ;
#4392 = CARTESIAN_POINT ( 'NONE',  ( 21.75000000000000355, 0.000000000000000000, -18.25000000000002487 ) ) ;
#4393 = CARTESIAN_POINT ( 'NONE',  ( -14.10102989374210125, -11.97543134654413066, -14.25000000000000178 ) ) ;
#4394 = ADVANCED_FACE ( 'NONE', ( #5816 ), #4883, .F. ) ;
#4395 = CARTESIAN_POINT ( 'NONE',  ( -3.150000000000003464, -29.50000000000000000, -6.750000000000000888 ) ) ;
#4396 = CYLINDRICAL_SURFACE ( 'NONE', #1004, 1.200000000000001288 ) ;
#4397 = CARTESIAN_POINT ( 'NONE',  ( 17.73735677371299246, -6.787585637072747424, -18.24045679478919624 ) ) ;
#4398 = DIRECTION ( 'NONE',  ( 0.5000000000000039968, 0.8660254037844363761, 0.000000000000000000 ) ) ;
#4399 = ORIENTED_EDGE ( 'NONE', *, *, #540, .F. ) ;
#4400 = DIRECTION ( 'NONE',  ( 1.000000000000000000, 0.000000000000000000, 0.000000000000000000 ) ) ;
#4401 = CARTESIAN_POINT ( 'NONE',  ( -11.92981020395750136, -14.13964739650715252, -18.75000000000000355 ) ) ;
#4402 = EDGE_CURVE ( 'NONE', #1386, #2879, #1601, .T. ) ;
#4403 = ORIENTED_EDGE ( 'NONE', *, *, #6832, .T. ) ;
#4404 = CARTESIAN_POINT ( 'NONE',  ( 8.097517247595844125, -22.94119853419122990, -18.43274594745997419 ) ) ;
#4405 = CARTESIAN_POINT ( 'NONE',  ( -24.61327301392679345, -4.380272998558801589, -18.75000000000000355 ) ) ;
#4406 = VERTEX_POINT ( 'NONE', #1865 ) ;
#4407 = LINE ( 'NONE', #1252, #4281 ) ;
#4408 = CARTESIAN_POINT ( 'NONE',  ( 21.75000000000000355, 0.000000000000000000, -18.75000000000000355 ) ) ;
#4409 = CARTESIAN_POINT ( 'NONE',  ( -24.10424056894958866, -5.237361799153162245, -18.08333802952936153 ) ) ;
#4410 = EDGE_LOOP ( 'NONE', ( #2340, #427, #3667, #1771 ) ) ;
#4411 = EDGE_CURVE ( 'NONE', #2748, #3412, #3895, .T. ) ;
#4412 = DIRECTION ( 'NONE',  ( -1.000000000000000000, 0.000000000000000000, 0.000000000000000000 ) ) ;
#4413 = FACE_OUTER_BOUND ( 'NONE', #5821, .T. ) ;
#4414 = CARTESIAN_POINT ( 'NONE',  ( -24.10424056894947853, 5.237361799153668507, -18.08333802952935443 ) ) ;
#4415 = EDGE_CURVE ( 'NONE', #5490, #2337, #2262, .T. ) ;
#4416 = DIRECTION ( 'NONE',  ( 1.000000000000000000, 0.000000000000000000, -0.000000000000000000 ) ) ;
#4417 = ORIENTED_EDGE ( 'NONE', *, *, #4541, .T. ) ;
#4418 = ORIENTED_EDGE ( 'NONE', *, *, #6122, .T. ) ;
#4419 = VERTEX_POINT ( 'NONE', #6081 ) ;
#4420 = DIRECTION ( 'NONE',  ( 0.000000000000000000, 0.000000000000000000, 1.000000000000000000 ) ) ;
#4421 = ADVANCED_FACE ( 'NONE', ( #3997 ), #3482, .F. ) ;
#4422 = CARTESIAN_POINT ( 'NONE',  ( 19.00302376806548921, 4.404365428893934897, -18.75675132257798694 ) ) ;
#4423 = DIRECTION ( 'NONE',  ( -1.000000000000000000, 0.000000000000000000, -0.000000000000000000 ) ) ;
#4424 = EDGE_CURVE ( 'NONE', #3295, #6340, #1251, .T. ) ;
#4425 = ORIENTED_EDGE ( 'NONE', *, *, #4460, .F. ) ;
#4426 = ORIENTED_EDGE ( 'NONE', *, *, #5259, .F. ) ;
#4427 = LINE ( 'NONE', #3889, #4248 ) ;
#4428 = EDGE_CURVE ( 'NONE', #215, #4849, #2934, .T. ) ;
#4429 = CARTESIAN_POINT ( 'NONE',  ( -1.250000000000010214, -2.165063509461091495, -17.75000000000000711 ) ) ;
#4430 = VERTEX_POINT ( 'NONE', #1524 ) ;
#4431 = DIRECTION ( 'NONE',  ( -0.000000000000000000, -0.000000000000000000, -1.000000000000000000 ) ) ;
#4432 = FACE_OUTER_BOUND ( 'NONE', #3028, .T. ) ;
#4433 = CARTESIAN_POINT ( 'NONE',  ( -5.570081339012635802, 18.33944039556611472, -18.41665177919101382 ) ) ;
#4434 = CARTESIAN_POINT ( 'NONE',  ( 12.66926282864342390, 13.48108969552365721, -17.75000000000000711 ) ) ;
#4435 = DIRECTION ( 'NONE',  ( -0.000000000000000000, 0.000000000000000000, -1.000000000000000000 ) ) ;
#4436 = ORIENTED_EDGE ( 'NONE', *, *, #900, .F. ) ;
#4437 = TOROIDAL_SURFACE ( 'NONE', #3463, 1.500000000000000000, 0.5000000000000000000 ) ;
#4438 = VECTOR ( 'NONE', #750, 1000.000000000000000 ) ;
#4439 = CYLINDRICAL_SURFACE ( 'NONE', #3521, 1.500000000000000444 ) ;
#4440 =( BOUNDED_SURFACE ( )  B_SPLINE_SURFACE ( 3, 2, ( 
 ( #4917, #181, #1214 ),
 ( #6531, #5362, #6500 ),
 ( #2286, #4404, #1246 ),
 ( #4877, #633, #3411 ) ),
 .UNSPECIFIED., .F., .F., .F. ) 
 B_SPLINE_SURFACE_WITH_KNOTS ( ( 4, 4 ),
 ( 3, 3 ),
 ( 0.02191920879596989322, 0.02335335691630677571 ),
 ( 0.1879833974460859147, 1.000000000000000000 ),
 .UNSPECIFIED. ) 
 GEOMETRIC_REPRESENTATION_ITEM ( )  RATIONAL_B_SPLINE_SURFACE ( (
 ( 0.9135301774684740916, 0.7700067566968896715, 1.000000000000000000),
 ( 0.9135686541207677092, 0.7701090972567909976, 1.000000000000000000),
 ( 0.9136086338142974661, 0.7702154356198401830, 1.000000000000000000),
 ( 0.9136503079766189472, 0.7703262809468417460, 1.000000000000000000) ) ) 
 REPRESENTATION_ITEM ( '' )  SURFACE ( )  );
#4441 = VERTEX_POINT ( 'NONE', #5185 ) ;
#4442 = DIRECTION ( 'NONE',  ( 0.000000000000000000, 0.000000000000000000, -1.000000000000000000 ) ) ;
#4443 = AXIS2_PLACEMENT_3D ( 'NONE', #1534, #3596, #5672 ) ;
#4444 = CIRCLE ( 'NONE', #1458, 1.200000000000000178 ) ;
#4445 = DIRECTION ( 'NONE',  ( 0.000000000000000000, 0.000000000000000000, -1.000000000000000000 ) ) ;
#4446 = ORIENTED_EDGE ( 'NONE', *, *, #2665, .T. ) ;
#4447 = CIRCLE ( 'NONE', #3366, 1.200000000000000178 ) ;
#4448 = AXIS2_PLACEMENT_3D ( 'NONE', #6000, #5385, #5002 ) ;
#4449 = ORIENTED_EDGE ( 'NONE', *, *, #5553, .F. ) ;
#4450 = ORIENTED_EDGE ( 'NONE', *, *, #1074, .T. ) ;
#4451 = DIRECTION ( 'NONE',  ( 0.000000000000000000, 0.000000000000000000, -1.000000000000000000 ) ) ;
#4452 = DIRECTION ( 'NONE',  ( 0.5000000000000044409, 0.8660254037844360431, 0.000000000000000000 ) ) ;
#4453 = AXIS2_PLACEMENT_3D ( 'NONE', #6064, #1331, #3003 ) ;
#4454 = AXIS2_PLACEMENT_3D ( 'NONE', #6595, #4627, #947 ) ;
#4455 = DIRECTION ( 'NONE',  ( -1.000000000000000000, 0.000000000000000000, 0.000000000000000000 ) ) ;
#4456 = EDGE_LOOP ( 'NONE', ( #3472, #858, #1302 ) ) ;
#4457 = EDGE_CURVE ( 'NONE', #3745, #3404, #6120, .T. ) ;
#4458 = ORIENTED_EDGE ( 'NONE', *, *, #2771, .T. ) ;
#4459 = EDGE_CURVE ( 'NONE', #6668, #275, #4368, .T. ) ;
#4460 = EDGE_CURVE ( 'NONE', #818, #487, #5626, .T. ) ;
#4461 = CIRCLE ( 'NONE', #4360, 1.500000000000000444 ) ;
#4462 = CARTESIAN_POINT ( 'NONE',  ( 8.975000000000003197, -18.83605253231153753, -8.750000000000001776 ) ) ;
#4463 = B_SPLINE_CURVE_WITH_KNOTS ( 'NONE', 3,
 ( #3375, #6565, #5423, #1824, #3337, #6527, #5460, #2850, #3961, #1786 ),
 .UNSPECIFIED., .F., .F.,
 ( 4, 2, 2, 2, 4 ),
 ( 0.000000000000000000, 0.0003741468002070884769, 0.0007482936004141769537, 0.001122440400621265485, 0.001496587200828353907 ),
 .UNSPECIFIED. ) ;
#4464 = DIRECTION ( 'NONE',  ( 0.000000000000000000, 0.000000000000000000, 1.000000000000000000 ) ) ;
#4465 = AXIS2_PLACEMENT_3D ( 'NONE', #4942, #206, #2314 ) ;
#4466 = FACE_OUTER_BOUND ( 'NONE', #543, .T. ) ;
#4467 = ADVANCED_FACE ( 'NONE', ( #2500 ), #3092, .F. ) ;
#4468 = ORIENTED_EDGE ( 'NONE', *, *, #6488, .F. ) ;
#4469 = AXIS2_PLACEMENT_3D ( 'NONE', #4073, #354, #6225 ) ;
#4470 = CARTESIAN_POINT ( 'NONE',  ( 16.37218740299683617, -17.99981506105585538, -18.41809325775146888 ) ) ;
#4471 = LINE ( 'NONE', #1797, #4668 ) ;
#4472 = CARTESIAN_POINT ( 'NONE',  ( 12.57606950221147812, 13.56867094994064438, -17.75000000000000711 ) ) ;
#4473 = ADVANCED_FACE ( 'NONE', ( #2566 ), #962, .F. ) ;
#4474 = CARTESIAN_POINT ( 'NONE',  ( 0.000000000000000000, 0.000000000000000000, -10.75000000000000000 ) ) ;
#4475 = ORIENTED_EDGE ( 'NONE', *, *, #286, .F. ) ;
#4476 = CARTESIAN_POINT ( 'NONE',  ( 0.000000000000000000, 0.000000000000000000, -6.750000000000000888 ) ) ;
#4477 = VERTEX_POINT ( 'NONE', #6782 ) ;
#4478 = CARTESIAN_POINT ( 'NONE',  ( -28.45182871386007761, 6.161851725716084971, -5.249999999999999112 ) ) ;
#4479 = CIRCLE ( 'NONE', #5248, 1.899999999999997247 ) ;
#4480 = EDGE_CURVE ( 'NONE', #5603, #691, #1700, .T. ) ;
#4481 = DIRECTION ( 'NONE',  ( -0.000000000000000000, -0.000000000000000000, -1.000000000000000000 ) ) ;
#4482 = DIRECTION ( 'NONE',  ( -1.000000000000000000, 0.000000000000000000, 0.000000000000000000 ) ) ;
#4483 = VERTEX_POINT ( 'NONE', #432 ) ;
#4484 = AXIS2_PLACEMENT_3D ( 'NONE', #3684, #4040, #1027 ) ;
#4485 = CARTESIAN_POINT ( 'NONE',  ( -3.645833333333333481, 24.73272931371618100, -17.75000000000000355 ) ) ;
#4486 = ORIENTED_EDGE ( 'NONE', *, *, #5432, .T. ) ;
#4487 = ORIENTED_EDGE ( 'NONE', *, *, #4938, .F. ) ;
#4488 = DIRECTION ( 'NONE',  ( -0.000000000000000000, 0.000000000000000000, -1.000000000000000000 ) ) ;
#4489 = DIRECTION ( 'NONE',  ( -0.5000000000000041078, -0.8660254037844362651, 0.000000000000000000 ) ) ;
#4490 = CARTESIAN_POINT ( 'NONE',  ( 28.65638511542515943, 14.24119349339939689, -6.750000000000000888 ) ) ;
#4491 = AXIS2_PLACEMENT_3D ( 'NONE', #5706, #6799, #2624 ) ;
#4492 = CARTESIAN_POINT ( 'NONE',  ( -20.28421686950867198, -14.61336874203685809, -13.75000000000000178 ) ) ;
#4493 = EDGE_LOOP ( 'NONE', ( #6670, #1339 ) ) ;
#4494 = ADVANCED_FACE ( 'NONE', ( #1449 ), #4135, .F. ) ;
#4495 = ORIENTED_EDGE ( 'NONE', *, *, #1960, .F. ) ;
#4496 = AXIS2_PLACEMENT_3D ( 'NONE', #3450, #4984, #264 ) ;
#4497 = VERTEX_POINT ( 'NONE', #6153 ) ;
#4498 = DIRECTION ( 'NONE',  ( -0.000000000000000000, -0.000000000000000000, -1.000000000000000000 ) ) ;
#4499 = DIRECTION ( 'NONE',  ( -0.000000000000000000, -0.000000000000000000, 1.000000000000000000 ) ) ;
#4500 = VECTOR ( 'NONE', #3246, 1000.000000000000000 ) ;
#4501 = EDGE_CURVE ( 'NONE', #2377, #6251, #6451, .T. ) ;
#4502 = CARTESIAN_POINT ( 'NONE',  ( -14.58285700652669448, -11.65734702157168279, -17.91942578097492245 ) ) ;
#4503 = ORIENTED_EDGE ( 'NONE', *, *, #6196, .F. ) ;
#4504 = CARTESIAN_POINT ( 'NONE',  ( 0.000000000000000000, 19.87560046349701892, -5.250000000000000000 ) ) ;
#4505 = CARTESIAN_POINT ( 'NONE',  ( 0.000000000000000000, -0.000000000000000000, -17.75000000000000355 ) ) ;
#4506 = CARTESIAN_POINT ( 'NONE',  ( 0.000000000000000000, 0.000000000000000000, -18.85547895472983626 ) ) ;
#4507 = FACE_OUTER_BOUND ( 'NONE', #4033, .T. ) ;
#4508 = ORIENTED_EDGE ( 'NONE', *, *, #2099, .T. ) ;
#4509 = EDGE_CURVE ( 'NONE', #5540, #4197, #3156, .T. ) ;
#4510 = EDGE_LOOP ( 'NONE', ( #2178, #5274, #2658, #4130 ) ) ;
#4511 = CARTESIAN_POINT ( 'NONE',  ( -8.513208814700213622, 23.50585619962205541, -18.75000000000000355 ) ) ;
#4512 = CARTESIAN_POINT ( 'NONE',  ( -17.61324772583622789, -7.859612239056390948, -13.75000000000000178 ) ) ;
#4513 = CARTESIAN_POINT ( 'NONE',  ( 3.500000000000007105, 19.18332609325088001, -14.25000000000000178 ) ) ;
#4514 = B_SPLINE_CURVE_WITH_KNOTS ( 'NONE', 3,
 ( #1307, #2318, #6073, #1412, #2846, #2877, #6144, #3434, #4973, #3921 ),
 .UNSPECIFIED., .F., .F.,
 ( 4, 2, 2, 2, 4 ),
 ( 0.000000000000000000, 0.0003697710609445192006, 0.0007395421218890384013, 0.001109313182833557548, 0.001479084243778076803 ),
 .UNSPECIFIED. ) ;
#4515 = EDGE_CURVE ( 'NONE', #3592, #5745, #4053, .T. ) ;
#4516 = CARTESIAN_POINT ( 'NONE',  ( 0.000000000000000000, 0.000000000000000000, -17.75000000000000711 ) ) ;
#4517 = CARTESIAN_POINT ( 'NONE',  ( -18.94946262821487437, 3.910770920960927377, -18.75000000000000711 ) ) ;
#4518 = DIRECTION ( 'NONE',  ( -1.000000000000000000, 0.000000000000000000, 0.000000000000000000 ) ) ;
#4519 = CARTESIAN_POINT ( 'NONE',  ( -24.48386767384286600, 5.054876152140696632, -17.78489111920823618 ) ) ;
#4520 = ORIENTED_EDGE ( 'NONE', *, *, #103, .F. ) ;
#4521 = EDGE_LOOP ( 'NONE', ( #131, #1387, #5318, #3882, #2007 ) ) ;
#4522 = ORIENTED_EDGE ( 'NONE', *, *, #4552, .T. ) ;
#4523 = CARTESIAN_POINT ( 'NONE',  ( -2.620710968452110823, 24.30235516687534414, -17.87071096845212637 ) ) ;
#4524 = CARTESIAN_POINT ( 'NONE',  ( 23.65000000000000213, 2.326828918379968900E-16, -8.750000000000001776 ) ) ;
#4525 = CARTESIAN_POINT ( 'NONE',  ( 7.288958259316671295, -22.86637460320152115, -18.75000000000000355 ) ) ;
#4526 = DIRECTION ( 'NONE',  ( 0.000000000000000000, 0.000000000000000000, 1.000000000000000000 ) ) ;
#4527 = B_SPLINE_CURVE_WITH_KNOTS ( 'NONE', 3,
 ( #4592, #1918, #1952, #5614, #2380, #5646 ),
 .UNSPECIFIED., .F., .F.,
 ( 4, 2, 4 ),
 ( 0.000000000000000000, 0.0003907267166058126526, 0.0007814534332116253052 ),
 .UNSPECIFIED. ) ;
#4528 = DIRECTION ( 'NONE',  ( 0.5000000000000044409, 0.8660254037844360431, 0.000000000000000000 ) ) ;
#4529 = VERTEX_POINT ( 'NONE', #1969 ) ;
#4530 = VERTEX_POINT ( 'NONE', #6745 ) ;
#4531 = CARTESIAN_POINT ( 'NONE',  ( 14.10102989374192539, -11.97543134654432961, -14.25000000000000178 ) ) ;
#4532 = CARTESIAN_POINT ( 'NONE',  ( 23.24208855726890732, -9.208980372227429712, -10.75000000000000000 ) ) ;
#4533 = APPLICATION_PROTOCOL_DEFINITION ( 'draft international standard', 'automotive_design', 1998, #1876 ) ;
#4534 = ORIENTED_EDGE ( 'NONE', *, *, #2179, .F. ) ;
#4535 = ORIENTED_EDGE ( 'NONE', *, *, #4560, .T. ) ;
#4536 = CARTESIAN_POINT ( 'NONE',  ( 15.60153687251263221, -18.22441087861967901, -18.77088686171869369 ) ) ;
#4537 = CARTESIAN_POINT ( 'NONE',  ( -28.51956991894773097, 14.51649548699397485, -6.570512999933296960 ) ) ;
#4538 = CARTESIAN_POINT ( 'NONE',  ( -22.96756947643601166, -9.875518254280382990, -13.82101639207459520 ) ) ;
#4539 = ORIENTED_EDGE ( 'NONE', *, *, #4852, .F. ) ;
#4540 = DIRECTION ( 'NONE',  ( -0.4999999999999911182, 0.8660254037844438146, 0.000000000000000000 ) ) ;
#4541 = EDGE_CURVE ( 'NONE', #4406, #2952, #5591, .T. ) ;
#4542 = CARTESIAN_POINT ( 'NONE',  ( 27.53635342125975782, 16.30274554882744908, -6.117216763927954659 ) ) ;
#4543 = DIRECTION ( 'NONE',  ( -1.000000000000000000, 0.000000000000000000, 0.000000000000000000 ) ) ;
#4544 = FACE_OUTER_BOUND ( 'NONE', #2247, .T. ) ;
#4545 = EDGE_CURVE ( 'NONE', #4214, #6311, #6765, .T. ) ;
#4546 = CARTESIAN_POINT ( 'NONE',  ( 3.500000000000007105, 19.18332609325088001, -14.25000000000000178 ) ) ;
#4547 = CARTESIAN_POINT ( 'NONE',  ( 8.975000000000003197, 18.83605253231153753, -18.24999999999999645 ) ) ;
#4548 = FACE_BOUND ( 'NONE', #1212, .T. ) ;
#4549 = ORIENTED_EDGE ( 'NONE', *, *, #4299, .F. ) ;
#4550 = CARTESIAN_POINT ( 'NONE',  ( 28.45182871386015577, 6.161851725715687955, 6.750000000000000888 ) ) ;
#4551 = ORIENTED_EDGE ( 'NONE', *, *, #5392, .T. ) ;
#4552 = EDGE_CURVE ( 'NONE', #6738, #742, #6354, .T. ) ;
#4553 = CARTESIAN_POINT ( 'NONE',  ( -12.77499999999999503, 18.83605253231154109, -18.25000000000002487 ) ) ;
#4554 = CIRCLE ( 'NONE', #2000, 32.00000000000000000 ) ;
#4555 = ORIENTED_EDGE ( 'NONE', *, *, #6314, .T. ) ;
#4556 = CARTESIAN_POINT ( 'NONE',  ( -16.80250080122403489, -18.51150903694416883, -17.75000000000000355 ) ) ;
#4557 = CIRCLE ( 'NONE', #4120, 26.50000000000000355 ) ;
#4558 = DIRECTION ( 'NONE',  ( -0.5000000000000033307, -0.8660254037844368202, 0.000000000000000000 ) ) ;
#4559 = CARTESIAN_POINT ( 'NONE',  ( -24.44338250964533543, -4.348194889313828249, -18.93306426489411365 ) ) ;
#4560 = EDGE_CURVE ( 'NONE', #3404, #3745, #1384, .T. ) ;
#4561 = AXIS2_PLACEMENT_3D ( 'NONE', #4505, #1391, #2463 ) ;
#4562 = CIRCLE ( 'NONE', #1574, 1.899999999999999023 ) ;
#4563 = CYLINDRICAL_SURFACE ( 'NONE', #70, 1.899999999999999023 ) ;
#4564 = ORIENTED_EDGE ( 'NONE', *, *, #4916, .F. ) ;
#4565 = ORIENTED_EDGE ( 'NONE', *, *, #6787, .T. ) ;
#4566 = DIRECTION ( 'NONE',  ( -1.000000000000000000, 0.000000000000000000, 0.000000000000000000 ) ) ;
#4567 = CIRCLE ( 'NONE', #798, 18.50000000000000355 ) ;
#4568 = CARTESIAN_POINT ( 'NONE',  ( -18.63774791541785447, -3.516235970747443762, -18.75000000000000711 ) ) ;
#4569 = ORIENTED_EDGE ( 'NONE', *, *, #2888, .F. ) ;
#4570 = ORIENTED_EDGE ( 'NONE', *, *, #2786, .T. ) ;
#4571 = DIRECTION ( 'NONE',  ( 0.000000000000000000, 0.000000000000000000, 1.000000000000000000 ) ) ;
#4572 = DIRECTION ( 'NONE',  ( 0.000000000000000000, -0.000000000000000000, -1.000000000000000000 ) ) ;
#4573 = CARTESIAN_POINT ( 'NONE',  ( -2.243919799199856957, 18.36340992121993665, -13.75000000000000178 ) ) ;
#4574 = AXIS2_PLACEMENT_3D ( 'NONE', #2782, #3312, #724 ) ;
#4575 = DIRECTION ( 'NONE',  ( 0.000000000000000000, 0.000000000000000000, -1.000000000000000000 ) ) ;
#4576 = VERTEX_POINT ( 'NONE', #4238 ) ;
#4577 = CONICAL_SURFACE ( 'NONE', #6345, 25.00000000000000000, 0.7853981633974466137 ) ;
#4578 = ADVANCED_FACE ( 'NONE', ( #5287 ), #6365, .F. ) ;
#4579 = CARTESIAN_POINT ( 'NONE',  ( -23.64999999999999858, 3.469446951953614189E-15, -8.750000000000001776 ) ) ;
#4580 = CARTESIAN_POINT ( 'NONE',  ( -8.157364787408669216, -23.63182907814188738, -17.98974690884337591 ) ) ;
#4581 = DIRECTION ( 'NONE',  ( 1.000000000000000000, 0.000000000000000000, 0.000000000000000000 ) ) ;
#4582 = AXIS2_PLACEMENT_3D ( 'NONE', #6244, #1982, #6312 ) ;
#4583 = LINE ( 'NONE', #1946, #3573 ) ;
#4584 = CARTESIAN_POINT ( 'NONE',  ( 23.24208855726890732, -9.208980372227429712, -14.25000000000000178 ) ) ;
#4585 = DIRECTION ( 'NONE',  ( -0.000000000000000000, -0.000000000000000000, 1.000000000000000000 ) ) ;
#4586 = ORIENTED_EDGE ( 'NONE', *, *, #3198, .F. ) ;
#4587 = DIRECTION ( 'NONE',  ( -1.000000000000000000, 0.000000000000000000, 0.000000000000000000 ) ) ;
#4588 = VERTEX_POINT ( 'NONE', #1657 ) ;
#4589 = FACE_OUTER_BOUND ( 'NONE', #4521, .T. ) ;
#4590 = AXIS2_PLACEMENT_3D ( 'NONE', #6626, #1304, #3006 ) ;
#4591 = ORIENTED_EDGE ( 'NONE', *, *, #4457, .F. ) ;
#4592 = CARTESIAN_POINT ( 'NONE',  ( -17.02513939148366262, -7.238413410447853025, -13.75000000000000178 ) ) ;
#4593 = DIRECTION ( 'NONE',  ( -0.000000000000000000, -0.000000000000000000, 1.000000000000000000 ) ) ;
#4594 = DIRECTION ( 'NONE',  ( 0.000000000000000000, 0.000000000000000000, -1.000000000000000000 ) ) ;
#4595 = FACE_OUTER_BOUND ( 'NONE', #2981, .T. ) ;
#4596 = ADVANCED_FACE ( 'NONE', ( #6296 ), #596, .T. ) ;
#4597 = AXIS2_PLACEMENT_3D ( 'NONE', #661, #5947, #2258 ) ;
#4598 = LINE ( 'NONE', #920, #6811 ) ;
#4599 = ORIENTED_EDGE ( 'NONE', *, *, #5809, .F. ) ;
#4600 = B_SPLINE_CURVE_WITH_KNOTS ( 'NONE', 3,
 ( #3963, #4502, #6047, #1417, #1313, #4069 ),
 .UNSPECIFIED., .F., .F.,
 ( 4, 2, 4 ),
 ( 1.734723475976807094E-18, 0.0003666643975083240525, 0.0007333287950166463703 ),
 .UNSPECIFIED. ) ;
#4601 = EDGE_LOOP ( 'NONE', ( #5184, #1785, #4417, #5687, #3082, #682 ) ) ;
#4602 = ORIENTED_EDGE ( 'NONE', *, *, #3234, .F. ) ;
#4603 = EDGE_CURVE ( 'NONE', #1673, #1045, #4373, .T. ) ;
#4604 = VECTOR ( 'NONE', #2721, 1000.000000000000000 ) ;
#4605 = CIRCLE ( 'NONE', #5794, 15.00000000000000000 ) ;
#4606 = CARTESIAN_POINT ( 'NONE',  ( -18.21019894790843452, 3.261695000700479241, -18.75000000000000355 ) ) ;
#4607 = CYLINDRICAL_SURFACE ( 'NONE', #4041, 1.200000000000000178 ) ;
#4608 = EDGE_CURVE ( 'NONE', #1994, #1846, #1812, .T. ) ;
#4609 = CARTESIAN_POINT ( 'NONE',  ( 17.86324772583612130, -7.426599537164427112, -14.25000000000000178 ) ) ;
#4610 = ORIENTED_EDGE ( 'NONE', *, *, #1743, .T. ) ;
#4611 = CIRCLE ( 'NONE', #5035, 1.899999999999997247 ) ;
#4612 = ORIENTED_EDGE ( 'NONE', *, *, #2187, .F. ) ;
#4613 = DIRECTION ( 'NONE',  ( -0.8660254037844434816, -0.4999999999999916178, 0.000000000000000000 ) ) ;
#4614 = DIRECTION ( 'NONE',  ( 0.000000000000000000, 0.000000000000000000, -1.000000000000000000 ) ) ;
#4615 = DIRECTION ( 'NONE',  ( 1.000000000000000000, 0.000000000000000000, 0.000000000000000000 ) ) ;
#4616 = VECTOR ( 'NONE', #5473, 1000.000000000000000 ) ;
#4617 = CARTESIAN_POINT ( 'NONE',  ( -7.778720291461902470, -22.86776260105014913, -18.75000000000000711 ) ) ;
#4618 = PLANE ( 'NONE',  #636 ) ;
#4619 = ORIENTED_EDGE ( 'NONE', *, *, #6243, .F. ) ;
#4620 = CARTESIAN_POINT ( 'NONE',  ( 11.28959422810705426, -27.72093231318435613, -5.249999999999999112 ) ) ;
#4621 = CARTESIAN_POINT ( 'NONE',  ( -13.31146830012050408, -14.24973023235481584, -18.75000000000000355 ) ) ;
#4622 = EDGE_CURVE ( 'NONE', #2757, #4918, #4161, .T. ) ;
#4623 = DIRECTION ( 'NONE',  ( -0.5000000000000038858, -0.8660254037844362651, 0.000000000000000000 ) ) ;
#4624 = CARTESIAN_POINT ( 'NONE',  ( 16.93203004945722867, -7.453613781534265570, -8.250000000000000000 ) ) ;
#4625 = ORIENTED_EDGE ( 'NONE', *, *, #4762, .F. ) ;
#4626 = ORIENTED_EDGE ( 'NONE', *, *, #1638, .F. ) ;
#4627 = DIRECTION ( 'NONE',  ( 0.000000000000000000, 0.000000000000000000, -1.000000000000000000 ) ) ;
#4628 = PLANE ( 'NONE',  #2485 ) ;
#4629 =( BOUNDED_CURVE ( )  B_SPLINE_CURVE ( 3, ( #6823, #5261, #77, #5224 ),
 .UNSPECIFIED., .F., .F. ) 
 B_SPLINE_CURVE_WITH_KNOTS ( ( 4, 4 ),
 ( 0.000000000000000000, 0.8507972299641164415 ),
 .UNSPECIFIED. ) 
 CURVE ( )  GEOMETRIC_REPRESENTATION_ITEM ( )  RATIONAL_B_SPLINE_CURVE ( ( 1.000000000000000000, 0.9405828688920797598, 0.9405828688920797598, 1.000000000000000000 ) ) 
 REPRESENTATION_ITEM ( '' )  );
#4630 = LINE ( 'NONE', #1955, #2235 ) ;
#4631 = CARTESIAN_POINT ( 'NONE',  ( 13.21882446076630657, -14.33627401323049355, -18.75000000000000355 ) ) ;
#4632 = ORIENTED_EDGE ( 'NONE', *, *, #6479, .F. ) ;
#4633 = ORIENTED_EDGE ( 'NONE', *, *, #3419, .F. ) ;
#4634 = ORIENTED_EDGE ( 'NONE', *, *, #1784, .T. ) ;
#4635 = EDGE_CURVE ( 'NONE', #4935, #2377, #3826, .T. ) ;
#4636 = DIRECTION ( 'NONE',  ( 0.000000000000000000, 0.000000000000000000, 1.000000000000000000 ) ) ;
#4637 = CARTESIAN_POINT ( 'NONE',  ( 18.36324772583612486, -6.560574133379988737, -13.75000000000000178 ) ) ;
#4638 = ORIENTED_EDGE ( 'NONE', *, *, #5899, .T. ) ;
#4639 = EDGE_CURVE ( 'NONE', #5009, #2200, #2267, .T. ) ;
#4640 = CARTESIAN_POINT ( 'NONE',  ( -19.01876278241114449, -4.150698566316211036, -18.75000000000000355 ) ) ;
#4641 = ORIENTED_EDGE ( 'NONE', *, *, #1635, .F. ) ;
#4642 = CARTESIAN_POINT ( 'NONE',  ( -0.000000000000000000, 0.000000000000000000, -13.75000000000000178 ) ) ;
#4643 = EDGE_CURVE ( 'NONE', #1586, #5619, #628, .T. ) ;
#4644 = CARTESIAN_POINT ( 'NONE',  ( 0.000000000000000000, 0.000000000000000000, -18.75000000000000355 ) ) ;
#4645 = DIRECTION ( 'NONE',  ( 0.3535533905932772836, 0.6123724356957941373, -0.7071067811865462405 ) ) ;
#4646 = CARTESIAN_POINT ( 'NONE',  ( -12.57602419231236013, 13.56871353129226776, -17.75000000000001421 ) ) ;
#4647 = FACE_BOUND ( 'NONE', #5280, .T. ) ;
#4648 = EDGE_LOOP ( 'NONE', ( #580, #5380, #5020, #4820, #4985, #4184 ) ) ;
#4649 = CARTESIAN_POINT ( 'NONE',  ( 26.66142790320640188, 17.69656074388826283, -6.750000000000000888 ) ) ;
#4650 = CARTESIAN_POINT ( 'NONE',  ( -19.59625522393575991, -15.52374894148867490, -14.25000000000000178 ) ) ;
#4651 = CARTESIAN_POINT ( 'NONE',  ( -19.73610146207824556, -14.42077985809093299, -17.87071096845080831 ) ) ;
#4652 = CARTESIAN_POINT ( 'NONE',  ( -8.328450268918535571, 23.57639571506660303, -17.75661743300355155 ) ) ;
#4653 = CARTESIAN_POINT ( 'NONE',  ( 23.97274941164110018, 17.47798002192075373, -6.750000000000000888 ) ) ;
#4654 = DIRECTION ( 'NONE',  ( 0.000000000000000000, 0.000000000000000000, 1.000000000000000000 ) ) ;
#4655 = ORIENTED_EDGE ( 'NONE', *, *, #3335, .T. ) ;
#4656 = CARTESIAN_POINT ( 'NONE',  ( 19.71277491685818717, -9.937800231748504132, -6.750000000000000888 ) ) ;
#4657 = ORIENTED_EDGE ( 'NONE', *, *, #5048, .F. ) ;
#4658 = CARTESIAN_POINT ( 'NONE',  ( 15.91483899473910135, 18.16980289737938392, -18.75000000000000355 ) ) ;
#4659 = CARTESIAN_POINT ( 'NONE',  ( -24.24926604952825571, -4.516759836462234112, -18.09461283607800652 ) ) ;
#4660 = CARTESIAN_POINT ( 'NONE',  ( 18.21019894790845939, -3.261695000700352676, -18.75000000000000355 ) ) ;
#4661 = ORIENTED_EDGE ( 'NONE', *, *, #2320, .F. ) ;
#4662 = AXIS2_PLACEMENT_3D ( 'NONE', #3506, #3987, #4017 ) ;
#4663 = AXIS2_PLACEMENT_3D ( 'NONE', #2586, #2017, #369 ) ;
#4664 = ORIENTED_EDGE ( 'NONE', *, *, #3343, .T. ) ;
#4665 = ORIENTED_EDGE ( 'NONE', *, *, #6238, .F. ) ;
#4666 = CARTESIAN_POINT ( 'NONE',  ( 24.58786681951847441, -4.523348201292058057, -18.27517112885533734 ) ) ;
#4667 = CARTESIAN_POINT ( 'NONE',  ( 11.92981020395740188, 14.13964739650723246, -18.75000000000000355 ) ) ;
#4668 = VECTOR ( 'NONE', #3415, 1000.000000000000000 ) ;
#4669 = CIRCLE ( 'NONE', #5436, 0.5000000000000001110 ) ;
#4670 = ORIENTED_EDGE ( 'NONE', *, *, #3697, .F. ) ;
#4671 = CARTESIAN_POINT ( 'NONE',  ( -18.36324772583621368, -6.560574133379725836, -13.75000000000000178 ) ) ;
#4672 = EDGE_CURVE ( 'NONE', #1699, #6698, #2751, .T. ) ;
#4673 = EDGE_CURVE ( 'NONE', #526, #4312, #5782, .T. ) ;
#4674 = PLANE ( 'NONE',  #183 ) ;
#4675 = VERTEX_POINT ( 'NONE', #1067 ) ;
#4676 = VECTOR ( 'NONE', #4481, 1000.000000000000000 ) ;
#4677 = TOROIDAL_SURFACE ( 'NONE', #1903, 1.500000000000000000, 0.5000000000000000000 ) ;
#4678 = DIRECTION ( 'NONE',  ( 0.000000000000000000, 0.000000000000000000, 1.000000000000000000 ) ) ;
#4679 = CARTESIAN_POINT ( 'NONE',  ( -16.25353248446446131, -19.00084736457348811, -17.75661743300154072 ) ) ;
#4680 = DIRECTION ( 'NONE',  ( 1.000000000000000000, 0.000000000000000000, 0.000000000000000000 ) ) ;
#4681 = CARTESIAN_POINT ( 'NONE',  ( 3.645833333333342363, 24.73272931371618100, -17.75000000000000355 ) ) ;
#4682 = CIRCLE ( 'NONE', #1136, 15.00000000000000000 ) ;
#4683 = CARTESIAN_POINT ( 'NONE',  ( 6.215065503212811926, -17.42486544477761612, -18.50744200514312610 ) ) ;
#4684 = EDGE_CURVE ( 'NONE', #1834, #1915, #614, .T. ) ;
#4685 = CARTESIAN_POINT ( 'NONE',  ( -26.66142790320619937, 17.69656074388863232, -6.750000000000000888 ) ) ;
#4686 = VERTEX_POINT ( 'NONE', #747 ) ;
#4687 = COLOUR_RGB ( '',0.4980392156862745168, 0.4980392156862745168, 0.4980392156862745168 ) ;
#4688 = DIRECTION ( 'NONE',  ( 0.000000000000000000, 0.000000000000000000, 1.000000000000000000 ) ) ;
#4689 = ADVANCED_FACE ( 'NONE', ( #1137 ), #240, .T. ) ;
#4690 = CARTESIAN_POINT ( 'NONE',  ( 5.794928846712408266, 17.56932978815329705, -17.90054203017849588 ) ) ;
#4691 = DIRECTION ( 'NONE',  ( 0.000000000000000000, 0.000000000000000000, -1.000000000000000000 ) ) ;
#4692 = ADVANCED_FACE ( 'NONE', ( #5864 ), #4157, .F. ) ;
#4693 = CARTESIAN_POINT ( 'NONE',  ( 0.000000000000000000, 0.000000000000000000, -5.250000000000000000 ) ) ;
#4694 = CARTESIAN_POINT ( 'NONE',  ( -24.12703534742118094, 4.457739225198334765, -18.75000000000000711 ) ) ;
#4695 = ORIENTED_EDGE ( 'NONE', *, *, #5717, .T. ) ;
#4696 = CARTESIAN_POINT ( 'NONE',  ( -16.03626178592864449, 18.74210050379153003, -18.09461283607758020 ) ) ;
#4697 = CARTESIAN_POINT ( 'NONE',  ( 16.06561686606747585, -17.83007837803291551, -18.75000000000000355 ) ) ;
#4698 = ORIENTED_EDGE ( 'NONE', *, *, #1826, .F. ) ;
#4699 = CARTESIAN_POINT ( 'NONE',  ( -6.218598207996284266, 17.22464041114789879, -18.57342577902359437 ) ) ;
#4700 = DIRECTION ( 'NONE',  ( -1.000000000000000000, 0.000000000000000000, 0.000000000000000000 ) ) ;
#4701 = AXIS2_PLACEMENT_3D ( 'NONE', #2670, #2865, #3907 ) ;
#4702 = DIRECTION ( 'NONE',  ( 0.000000000000000000, 0.000000000000000000, -1.000000000000000000 ) ) ;
#4703 = EDGE_CURVE ( 'NONE', #1346, #1586, #3164, .T. ) ;
#4704 = DIRECTION ( 'NONE',  ( 0.000000000000000000, 0.000000000000000000, -1.000000000000000000 ) ) ;
#4705 = EDGE_LOOP ( 'NONE', ( #4287, #2134, #4220 ) ) ;
#4706 = AXIS2_PLACEMENT_3D ( 'NONE', #3557, #403, #970 ) ;
#4707 = ORIENTED_EDGE ( 'NONE', *, *, #3475, .F. ) ;
#4708 = VERTEX_POINT ( 'NONE', #1100 ) ;
#4709 = CARTESIAN_POINT ( 'NONE',  ( -17.65584834907551937, -7.306857451161621775, -17.75000000000000355 ) ) ;
#4710 = FACE_OUTER_BOUND ( 'NONE', #1381, .T. ) ;
#4711 = CIRCLE ( 'NONE', #1934, 1.000000000000000888 ) ;
#4712 = CARTESIAN_POINT ( 'NONE',  ( 26.37274941164106323, 13.32105808375543177, -5.250000000000000000 ) ) ;
#4713 = ORIENTED_EDGE ( 'NONE', *, *, #6351, .T. ) ;
#4714 = EDGE_CURVE ( 'NONE', #1765, #2728, #4527, .T. ) ;
#4715 = CARTESIAN_POINT ( 'NONE',  ( -17.21277491685818362, -9.937800231748505908, -6.750000000000000888 ) ) ;
#4716 = CARTESIAN_POINT ( 'NONE',  ( 8.975000000000003197, -18.83605253231153753, -18.25000000000002487 ) ) ;
#4717 = EDGE_LOOP ( 'NONE', ( #6825, #3671, #3640, #4132, #4061 ) ) ;
#4718 = VECTOR ( 'NONE', #4746, 1000.000000000000000 ) ;
#4719 = CARTESIAN_POINT ( 'NONE',  ( -5.340334732698440057, 17.71244830458891428, -17.75000000000000711 ) ) ;
#4720 = DIRECTION ( 'NONE',  ( 0.000000000000000000, 0.000000000000000000, -1.000000000000000000 ) ) ;
#4721 = DIRECTION ( 'NONE',  ( -1.000000000000000000, 0.000000000000000000, 0.000000000000000000 ) ) ;
#4722 = CARTESIAN_POINT ( 'NONE',  ( -18.66992973440562409, -4.346317823239562728, -18.41915247809017586 ) ) ;
#4723 = CARTESIAN_POINT ( 'NONE',  ( 5.340334732698440057, -17.71244830458891428, -17.75000000000000711 ) ) ;
#4724 = PLANE ( 'NONE',  #5485 ) ;
#4725 = ORIENTED_EDGE ( 'NONE', *, *, #4982, .F. ) ;
#4726 = CARTESIAN_POINT ( 'NONE',  ( 0.000000000000000000, 0.000000000000000000, -6.750000000000000888 ) ) ;
#4727 = DIRECTION ( 'NONE',  ( 0.000000000000000000, 0.000000000000000000, -1.000000000000000000 ) ) ;
#4728 = EDGE_LOOP ( 'NONE', ( #1958, #6831, #2937, #5776 ) ) ;
#4729 = EDGE_CURVE ( 'NONE', #3054, #1126, #5511, .T. ) ;
#4730 = CARTESIAN_POINT ( 'NONE',  ( 7.402688622315498179, -23.17997512420302542, -18.41667154759604585 ) ) ;
#4731 = ORIENTED_EDGE ( 'NONE', *, *, #1039, .T. ) ;
#4732 = CARTESIAN_POINT ( 'NONE',  ( 15.99828164934663910, -17.93733379227325386, -18.75000000000000355 ) ) ;
#4733 = VERTEX_POINT ( 'NONE', #4088 ) ;
#4734 = EDGE_CURVE ( 'NONE', #6738, #1056, #3057, .T. ) ;
#4735 = CARTESIAN_POINT ( 'NONE',  ( -5.338261811194467299, 17.70679228423199447, -17.74398637832836556 ) ) ;
#4736 = CARTESIAN_POINT ( 'NONE',  ( 15.90284369570883705, 18.54189806583121936, -18.75000000000000355 ) ) ;
#4737 = DIRECTION ( 'NONE',  ( -0.000000000000000000, -0.000000000000000000, 1.000000000000000000 ) ) ;
#4738 = CARTESIAN_POINT ( 'NONE',  ( 13.31146830012030513, -14.24973023235500236, -18.75000000000000355 ) ) ;
#4739 = ORIENTED_EDGE ( 'NONE', *, *, #1322, .F. ) ;
#4740 = VERTEX_POINT ( 'NONE', #848 ) ;
#4741 = ORIENTED_EDGE ( 'NONE', *, *, #630, .T. ) ;
#4742 = DIRECTION ( 'NONE',  ( 1.000000000000000000, 0.000000000000000000, -0.000000000000000000 ) ) ;
#4743 = CARTESIAN_POINT ( 'NONE',  ( 2.804202853089378333, 18.45771244964817015, -17.91935163217629068 ) ) ;
#4744 = ORIENTED_EDGE ( 'NONE', *, *, #5259, .T. ) ;
#4745 = CARTESIAN_POINT ( 'NONE',  ( -17.86324772583622433, -7.426599537164169540, -13.75000000000000178 ) ) ;
#4746 = DIRECTION ( 'NONE',  ( -0.000000000000000000, -0.000000000000000000, -1.000000000000000000 ) ) ;
#4747 = VERTEX_POINT ( 'NONE', #2445 ) ;
#4748 = CARTESIAN_POINT ( 'NONE',  ( -12.74853712156818197, -14.75931376684501650, -18.73811982887110617 ) ) ;
#4749 = CARTESIAN_POINT ( 'NONE',  ( 23.91644239770340263, 4.457947697145434596, -18.43272253076759526 ) ) ;
#4750 = CARTESIAN_POINT ( 'NONE',  ( -12.24282954279196822, 13.86975258096198083, -17.98392723399035731 ) ) ;
#4751 = DIRECTION ( 'NONE',  ( 0.000000000000000000, 0.000000000000000000, -1.000000000000000000 ) ) ;
#4752 = DIRECTION ( 'NONE',  ( 0.000000000000000000, 0.000000000000000000, 1.000000000000000000 ) ) ;
#4753 = ORIENTED_EDGE ( 'NONE', *, *, #3878, .T. ) ;
#4754 = CARTESIAN_POINT ( 'NONE',  ( 5.806238247541219089, -18.61595255344930067, -18.75000000000000711 ) ) ;
#4755 = CARTESIAN_POINT ( 'NONE',  ( 24.43268748899093978, 5.295638022496030217, -17.75000000000000355 ) ) ;
#4756 = ORIENTED_EDGE ( 'NONE', *, *, #2355, .T. ) ;
#4757 = EDGE_CURVE ( 'NONE', #2728, #79, #1486, .T. ) ;
#4758 = DIRECTION ( 'NONE',  ( -0.000000000000000000, -0.000000000000000000, 1.000000000000000000 ) ) ;
#4759 = CARTESIAN_POINT ( 'NONE',  ( 12.77500000000000213, -18.83605253231153753, -18.25000000000002487 ) ) ;
#4760 = ORIENTED_EDGE ( 'NONE', *, *, #122, .T. ) ;
#4761 = CARTESIAN_POINT ( 'NONE',  ( 0.000000000000000000, 0.000000000000000000, -17.75000000000000355 ) ) ;
#4762 = EDGE_CURVE ( 'NONE', #788, #3825, #3939, .T. ) ;
#4763 = CARTESIAN_POINT ( 'NONE',  ( -5.570943219736452789, -18.34179234952469528, -18.41915247919505916 ) ) ;
#4764 = EDGE_CURVE ( 'NONE', #1662, #3430, #1044, .T. ) ;
#4765 = CYLINDRICAL_SURFACE ( 'NONE', #6586, 1.000000000000000000 ) ;
#4766 = VERTEX_POINT ( 'NONE', #4556 ) ;
#4767 = VERTEX_POINT ( 'NONE', #2341 ) ;
#4768 = ORIENTED_EDGE ( 'NONE', *, *, #4714, .F. ) ;
#4769 = CIRCLE ( 'NONE', #2678, 25.00000000000000000 ) ;
#4770 = CARTESIAN_POINT ( 'NONE',  ( -17.42171823803891328, -6.897504725057255648, -17.98744480439649607 ) ) ;
#4771 = EDGE_CURVE ( 'NONE', #3575, #2748, #812, .T. ) ;
#4772 = CARTESIAN_POINT ( 'NONE',  ( -13.78203247860110459, -28.88002044249249423, -6.750000000000000888 ) ) ;
#4773 = VECTOR ( 'NONE', #1854, 1000.000000000000000 ) ;
#4774 = DIRECTION ( 'NONE',  ( -1.000000000000000000, 0.000000000000000000, 0.000000000000000000 ) ) ;
#4775 = CLOSED_SHELL ( 'NONE', ( #3795, #162, #1418, #4140, #6826, #5439, #1546, #5516, #5760, #2951, #1253, #4792, #2558, #2986, #5806, #3685, #4863, #1159, #5201, #2269, #5532, #1256, #5502, #5801, #2238, #1708, #942, #5720, #2668, #1768, #2252, #1131, #5514, #376, #2397, #3523, #3210, #2107, #1213, #5368, #1200, #6848, #941, #6107, #992, #6368, #3595, #6685, #6665, #5746, #6407, #368, #3372, #6712, #6284, #5785, #576, #2149, #4494, #966, #565, #3739, #4249, #4215, #2573, #3189, #5137, #3645, #6301, #767, #6577, #228, #1665, #1035, #4199, #6534, #2699, #1882, #4976, #1640, #1631, #544, #2432, #6111, #804, #6008, #363, #5097, #4692, #766, #548, #1783, #4844, #1945, #608, #2365, #1877, #3514, #2919, #3518, #4394, #6739, #5943, #5302, #5548, #4578, #3100, #1430, #4473, #2138, #1587, #5115, #6096, #5753, #2303, #4876, #5632, #4903, #3588, #4386, #6170, #6716, #5293, #3124, #6131, #2552, #1220, #1503, #2996, #1794, #6363, #6753, #825, #4025, #6640, #3967, #98, #1125, #6648, #3348, #3856, #6020, #3643, #3429, #6445, #2488, #5600, #704, #4467, #6247, #61, #2222, #5705, #2334, #2527, #3605, #6263, #6530, #2848, #6536, #3936, #4596, #4689, #3171, #6495, #5977, #3391, #735, #2706, #4143, #1618, #6150, #1147, #5497, #1245, #6060, #815, #5015, #4816, #5815, #3635, #5073, #834, #384, #4421, #4210, #2469, #861, #1494, #5472, #1410, #3458 ) ) ;
#4776 = DIRECTION ( 'NONE',  ( 1.000000000000000000, 0.000000000000000000, 0.000000000000000000 ) ) ;
#4777 = VERTEX_POINT ( 'NONE', #1407 ) ;
#4778 = CARTESIAN_POINT ( 'NONE',  ( 15.00000000000000000, 0.000000000000000000, -18.85547895472983626 ) ) ;
#4779 = DIRECTION ( 'NONE',  ( 1.000000000000000000, 0.000000000000000000, 0.000000000000000000 ) ) ;
#4780 = VECTOR ( 'NONE', #5332, 1000.000000000000000 ) ;
#4781 = CIRCLE ( 'NONE', #5096, 18.50000000000000000 ) ;
#4782 = DIRECTION ( 'NONE',  ( 0.000000000000000000, 0.000000000000000000, 1.000000000000000000 ) ) ;
#4783 = ORIENTED_EDGE ( 'NONE', *, *, #6183, .F. ) ;
#4784 = CIRCLE ( 'NONE', #3706, 2.499999999999998668 ) ;
#4785 = AXIS2_PLACEMENT_3D ( 'NONE', #3125, #4720, #1031 ) ;
#4786 = FACE_OUTER_BOUND ( 'NONE', #2140, .T. ) ;
#4787 = CARTESIAN_POINT ( 'NONE',  ( -23.44734042848221378, -5.120764281907901783, -18.75000000000000355 ) ) ;
#4788 = DIRECTION ( 'NONE',  ( 0.000000000000000000, 0.000000000000000000, -1.000000000000000000 ) ) ;
#4789 = AXIS2_PLACEMENT_3D ( 'NONE', #5708, #3708, #16 ) ;
#4790 = VECTOR ( 'NONE', #99, 1000.000000000000000 ) ;
#4791 = ORIENTED_EDGE ( 'NONE', *, *, #5838, .F. ) ;
#4792 = ADVANCED_FACE ( 'NONE', ( #875 ), #911, .F. ) ;
#4793 = CARTESIAN_POINT ( 'NONE',  ( 23.91641934725768692, -4.457943623021293433, -18.43274594787904164 ) ) ;
#4794 = CARTESIAN_POINT ( 'NONE',  ( -23.64999999999999858, 3.469446951953614189E-15, -18.25000000000002487 ) ) ;
#4795 = EDGE_LOOP ( 'NONE', ( #1216, #4725, #2288, #1105 ) ) ;
#4796 = CARTESIAN_POINT ( 'NONE',  ( 10.87500000000000355, -18.83605253231153753, -8.750000000000001776 ) ) ;
#4797 = CARTESIAN_POINT ( 'NONE',  ( 8.513208814700218952, 23.50585619962205186, -18.75000000000000355 ) ) ;
#4798 = CARTESIAN_POINT ( 'NONE',  ( -6.449711974378422141, -17.85940967686727632, -19.24829548198592022 ) ) ;
#4799 = AXIS2_PLACEMENT_3D ( 'NONE', #1659, #1725, #5871 ) ;
#4800 = EDGE_CURVE ( 'NONE', #5631, #6065, #5582, .T. ) ;
#4801 = CARTESIAN_POINT ( 'NONE',  ( -12.53056795444737936, 14.49915253702840090, -18.39848152453369323 ) ) ;
#4802 = ORIENTED_EDGE ( 'NONE', *, *, #4501, .F. ) ;
#4803 = VERTEX_POINT ( 'NONE', #3565 ) ;
#4804 = TOROIDAL_SURFACE ( 'NONE', #2372, 1.500000000000000000, 0.5000000000000000000 ) ;
#4805 = ORIENTED_EDGE ( 'NONE', *, *, #536, .T. ) ;
#4806 = FACE_OUTER_BOUND ( 'NONE', #3440, .T. ) ;
#4807 = EDGE_CURVE ( 'NONE', #4675, #1765, #6684, .T. ) ;
#4808 = AXIS2_PLACEMENT_3D ( 'NONE', #5795, #2675, #3792 ) ;
#4809 = CARTESIAN_POINT ( 'NONE',  ( 19.81240501497811479, -14.90279898382939727, -17.95837217869798152 ) ) ;
#4810 = CARTESIAN_POINT ( 'NONE',  ( 10.87500000000000355, -18.83605253231153753, -8.750000000000001776 ) ) ;
#4811 = EDGE_CURVE ( 'NONE', #6360, #5667, #3732, .T. ) ;
#4812 = ORIENTED_EDGE ( 'NONE', *, *, #1493, .T. ) ;
#4813 = DIRECTION ( 'NONE',  ( 0.000000000000000000, 0.000000000000000000, 1.000000000000000000 ) ) ;
#4814 = CARTESIAN_POINT ( 'NONE',  ( -8.213004263605625965, -23.25886034027972471, -18.09461283604829518 ) ) ;
#4815 = CYLINDRICAL_SURFACE ( 'NONE', #6533, 0.5000000000000000000 ) ;
#4816 = ADVANCED_FACE ( 'NONE', ( #1885 ), #5001, .F. ) ;
#4817 = EDGE_CURVE ( 'NONE', #1562, #2860, #331, .T. ) ;
#4818 = DIRECTION ( 'NONE',  ( -1.000000000000000000, 0.000000000000000000, 0.000000000000000000 ) ) ;
#4819 = DIRECTION ( 'NONE',  ( 0.5000000000000039968, 0.8660254037844363761, 0.000000000000000000 ) ) ;
#4820 = ORIENTED_EDGE ( 'NONE', *, *, #214, .F. ) ;
#4821 = CYLINDRICAL_SURFACE ( 'NONE', #618, 0.5000000000000000000 ) ;
#4822 = CARTESIAN_POINT ( 'NONE',  ( 25.54774941164107815, 14.74999999999975842, -6.750000000000000888 ) ) ;
#4823 = CIRCLE ( 'NONE', #3178, 1.499999999999999556 ) ;
#4824 = CARTESIAN_POINT ( 'NONE',  ( 18.32588966233924310, 3.310972560943347798, -18.75000000000000711 ) ) ;
#4825 = ORIENTED_EDGE ( 'NONE', *, *, #2970, .T. ) ;
#4826 = CYLINDRICAL_SURFACE ( 'NONE', #5260, 1.899999999999997247 ) ;
#4827 = CARTESIAN_POINT ( 'NONE',  ( 6.407131798222990504, 18.41873294737571243, -18.73654230931972364 ) ) ;
#4828 = VERTEX_POINT ( 'NONE', #2863 ) ;
#4829 = DIRECTION ( 'NONE',  ( -0.4999999999999887867, -0.8660254037844452579, 0.000000000000000000 ) ) ;
#4830 = EDGE_CURVE ( 'NONE', #2349, #285, #6167, .T. ) ;
#4831 = CARTESIAN_POINT ( 'NONE',  ( 1.699197433816952547E-15, -21.75000000000000000, -12.75000000000000178 ) ) ;
#4832 = AXIS2_PLACEMENT_3D ( 'NONE', #6085, #1355, #5262 ) ;
#4833 = B_SPLINE_CURVE_WITH_KNOTS ( 'NONE', 3,
 ( #4405, #5464, #5835, #3865, #4311, #1759, #1632, #6397, #3342, #1661 ),
 .UNSPECIFIED., .F., .F.,
 ( 4, 2, 2, 2, 4 ),
 ( -0.0009489708195408663120, -0.0005792780970374678158, -0.0002095853745340692112, 0.0001601073479693293933, 0.0005298000704727278895 ),
 .UNSPECIFIED. ) ;
#4834 = CARTESIAN_POINT ( 'NONE',  ( -18.00366284332442390, 4.230325801577832223, -17.74398637837704840 ) ) ;
#4835 = ORIENTED_EDGE ( 'NONE', *, *, #5606, .T. ) ;
#4836 = DIRECTION ( 'NONE',  ( -0.000000000000000000, 0.000000000000000000, -1.000000000000000000 ) ) ;
#4837 = ORIENTED_EDGE ( 'NONE', *, *, #569, .T. ) ;
#4838 = ORIENTED_EDGE ( 'NONE', *, *, #6733, .F. ) ;
#4839 = DIRECTION ( 'NONE',  ( -0.000000000000000000, 0.000000000000000000, -1.000000000000000000 ) ) ;
#4840 = DIRECTION ( 'NONE',  ( -1.000000000000000000, 0.000000000000000000, 0.000000000000000000 ) ) ;
#4841 = CARTESIAN_POINT ( 'NONE',  ( 0.000000000000000000, 0.000000000000000000, -6.750000000000000888 ) ) ;
#4842 = B_SPLINE_CURVE_WITH_KNOTS ( 'NONE', 3,
 ( #562, #4241, #967, #2574 ),
 .UNSPECIFIED., .F., .F.,
 ( 4, 4 ),
 ( 0.0006131941093776400401, 0.001811011396899778409 ),
 .UNSPECIFIED. ) ;
#4843 = CARTESIAN_POINT ( 'NONE',  ( -18.03884848934622198, 4.106860193703707473, -17.75000000000000711 ) ) ;
#4844 = ADVANCED_FACE ( 'NONE', ( #4006 ), #121, .F. ) ;
#4845 = ORIENTED_EDGE ( 'NONE', *, *, #1427, .T. ) ;
#4846 = DIRECTION ( 'NONE',  ( -0.000000000000000000, -0.000000000000000000, -1.000000000000000000 ) ) ;
#4847 = CARTESIAN_POINT ( 'NONE',  ( 0.000000000000000000, 0.000000000000000000, -6.950000000000000178 ) ) ;
#4848 = EDGE_CURVE ( 'NONE', #6295, #1772, #5123, .T. ) ;
#4849 = VERTEX_POINT ( 'NONE', #4649 ) ;
#4850 = PLANE ( 'NONE',  #3593 ) ;
#4851 = DIRECTION ( 'NONE',  ( 0.000000000000000000, 0.000000000000000000, -1.000000000000000000 ) ) ;
#4852 = EDGE_CURVE ( 'NONE', #5000, #953, #2231, .T. ) ;
#4853 = ORIENTED_EDGE ( 'NONE', *, *, #4411, .T. ) ;
#4854 = DIRECTION ( 'NONE',  ( 0.000000000000000000, 0.000000000000000000, -1.000000000000000000 ) ) ;
#4855 = CARTESIAN_POINT ( 'NONE',  ( 14.10102989374193072, -11.97543134654433139, -17.75000000000000711 ) ) ;
#4856 = CARTESIAN_POINT ( 'NONE',  ( 7.630186687767063880, 23.80714705944041398, -17.75000000000000355 ) ) ;
#4857 = DIRECTION ( 'NONE',  ( 1.000000000000000000, -0.000000000000000000, 0.000000000000000000 ) ) ;
#4858 = ORIENTED_EDGE ( 'NONE', *, *, #517, .F. ) ;
#4859 = CARTESIAN_POINT ( 'NONE',  ( 25.54774941164107815, 14.74999999999975842, -6.750000000000000888 ) ) ;
#4860 = DIRECTION ( 'NONE',  ( -0.4999999999999911182, 0.8660254037844438146, 0.000000000000000000 ) ) ;
#4861 = VERTEX_POINT ( 'NONE', #3031 ) ;
#4862 = FACE_OUTER_BOUND ( 'NONE', #6076, .T. ) ;
#4863 = ADVANCED_FACE ( 'NONE', ( #6195 ), #1158, .F. ) ;
#4864 = FACE_OUTER_BOUND ( 'NONE', #6280, .T. ) ;
#4865 = VERTEX_POINT ( 'NONE', #899 ) ;
#4866 = DIRECTION ( 'NONE',  ( -1.000000000000000000, 0.000000000000000000, 0.000000000000000000 ) ) ;
#4867 = ORIENTED_EDGE ( 'NONE', *, *, #1380, .T. ) ;
#4868 = VERTEX_POINT ( 'NONE', #2118 ) ;
#4869 = DIRECTION ( 'NONE',  ( -1.000000000000000000, 0.000000000000000000, 0.000000000000000000 ) ) ;
#4870 = CARTESIAN_POINT ( 'NONE',  ( 8.448053500040654029, 23.39994798795916964, -18.75000000000000355 ) ) ;
#4871 = CARTESIAN_POINT ( 'NONE',  ( 2.840616007036597335, 24.49522646584405194, -18.09061600703660488 ) ) ;
#4872 = CARTESIAN_POINT ( 'NONE',  ( 18.66992973440548909, 4.346317823240038791, -18.41915247809015099 ) ) ;
#4873 = ORIENTED_EDGE ( 'NONE', *, *, #4067, .T. ) ;
#4874 = DIRECTION ( 'NONE',  ( -0.000000000000000000, -0.000000000000000000, 1.000000000000000000 ) ) ;
#4875 = CARTESIAN_POINT ( 'NONE',  ( 3.122888867003490443, 24.67241730198708893, -17.88081582585398976 ) ) ;
#4876 = ADVANCED_FACE ( 'NONE', ( #504 ), #1000, .T. ) ;
#4877 = CARTESIAN_POINT ( 'NONE',  ( 8.340400627655863985, -23.02491074306804819, -19.27103650550023062 ) ) ;
#4878 = DIRECTION ( 'NONE',  ( 0.4999999999999981126, -0.8660254037844398178, 0.000000000000000000 ) ) ;
#4879 = ORIENTED_EDGE ( 'NONE', *, *, #6703, .T. ) ;
#4880 = AXIS2_PLACEMENT_3D ( 'NONE', #1742, #6027, #3254 ) ;
#4881 = CIRCLE ( 'NONE', #5742, 2.399999999999985256 ) ;
#4882 = CARTESIAN_POINT ( 'NONE',  ( 2.500000000000000000, 19.87560046349701892, -6.150000000000001243 ) ) ;
#4883 =( BOUNDED_SURFACE ( )  B_SPLINE_SURFACE ( 3, 2, ( 
 ( #4735, #2550, #3186 ),
 ( #18, #1506, #4699 ),
 ( #3641, #5710, #2593 ),
 ( #6281, #4221, #6835 ) ),
 .UNSPECIFIED., .F., .F., .T. ) 
 B_SPLINE_SURFACE_WITH_KNOTS ( ( 4, 4 ),
 ( 3, 3 ),
 ( 0.01831793764942434011, 0.01975350363999946873 ),
 ( 0.000000000000000000, 0.7968612588050334455 ),
 .UNSPECIFIED. ) 
 GEOMETRIC_REPRESENTATION_ITEM ( )  RATIONAL_B_SPLINE_SURFACE ( (
 ( 1.000000000000000000, 0.7552910309718986470, 0.9005802561450269028),
 ( 1.000000000000000000, 0.7555082812115232471, 0.9006685200254300749),
 ( 1.000000000000000000, 0.7557130691375031351, 0.9007517207484212474),
 ( 1.000000000000000000, 0.7559073240766918111, 0.9008306421560564603) ) ) 
 REPRESENTATION_ITEM ( '' )  SURFACE ( )  );
#4884 = CARTESIAN_POINT ( 'NONE',  ( -18.08605253231148424, 12.17403810567674327, -12.75000000000000178 ) ) ;
#4885 = CARTESIAN_POINT ( 'NONE',  ( 18.99636252835470884, 4.403204593397987310, -18.75000000000000355 ) ) ;
#4886 = EDGE_CURVE ( 'NONE', #1146, #1539, #244, .T. ) ;
#4887 = AXIS2_PLACEMENT_3D ( 'NONE', #2409, #764, #4543 ) ;
#4888 = CIRCLE ( 'NONE', #4785, 32.00000000000000000 ) ;
#4889 = VERTEX_POINT ( 'NONE', #3136 ) ;
#4890 = CARTESIAN_POINT ( 'NONE',  ( -21.75000000000000000, 3.469446951953614189E-15, -8.750000000000001776 ) ) ;
#4891 = EDGE_CURVE ( 'NONE', #6843, #4849, #289, .T. ) ;
#4892 = CARTESIAN_POINT ( 'NONE',  ( 19.67066579972465590, -15.42981746655853037, -17.74999999999999645 ) ) ;
#4893 = AXIS2_PLACEMENT_3D ( 'NONE', #806, #5026, #307 ) ;
#4894 = ORIENTED_EDGE ( 'NONE', *, *, #6335, .F. ) ;
#4895 = AXIS2_PLACEMENT_3D ( 'NONE', #2637, #64, #5824 ) ;
#4896 = CARTESIAN_POINT ( 'NONE',  ( 7.517512732423186073, 23.49654562555987170, -18.08017044159342746 ) ) ;
#4897 = CONICAL_SURFACE ( 'NONE', #1907, 3.149999999999999911, 0.7853981633974500554 ) ;
#4898 = DIRECTION ( 'NONE',  ( -0.8660254037844434816, -0.4999999999999916178, -0.000000000000000000 ) ) ;
#4899 = EDGE_LOOP ( 'NONE', ( #5014, #2882, #5212, #3077, #753, #141 ) ) ;
#4900 = VERTEX_POINT ( 'NONE', #5671 ) ;
#4901 = EDGE_LOOP ( 'NONE', ( #2160, #3618 ) ) ;
#4902 = CARTESIAN_POINT ( 'NONE',  ( -13.27499999999999503, -18.83605253231153398, -18.75000000000000355 ) ) ;
#4903 = ADVANCED_FACE ( 'NONE', ( #4145 ), #6273, .F. ) ;
#4904 = FACE_OUTER_BOUND ( 'NONE', #3285, .T. ) ;
#4905 = CIRCLE ( 'NONE', #598, 0.5000000000000004441 ) ;
#4906 = DIRECTION ( 'NONE',  ( 1.000000000000000000, 0.000000000000000000, 0.000000000000000000 ) ) ;
#4907 = DIRECTION ( 'NONE',  ( -0.5000000000000039968, -0.8660254037844363761, 0.000000000000000000 ) ) ;
#4908 = DIRECTION ( 'NONE',  ( -0.000000000000000000, -0.000000000000000000, -1.000000000000000000 ) ) ;
#4909 = ORIENTED_EDGE ( 'NONE', *, *, #1118, .T. ) ;
#4910 = CONICAL_SURFACE ( 'NONE', #3720, 25.00000000000001066, 0.7853981633974466137 ) ;
#4911 = EDGE_LOOP ( 'NONE', ( #2481, #3388, #2556, #3185, #3754, #1951, #6043, #4365 ) ) ;
#4912 = CARTESIAN_POINT ( 'NONE',  ( -14.31298226257058381, -11.72264802891931801, -14.01028013692319618 ) ) ;
#4913 = CARTESIAN_POINT ( 'NONE',  ( 22.31240501497814677, -8.840621157338333092, -14.25000000000000178 ) ) ;
#4914 = AXIS2_PLACEMENT_3D ( 'NONE', #4082, #1875, #2373 ) ;
#4915 = CARTESIAN_POINT ( 'NONE',  ( -8.373649967316445952, -23.30198439244457731, -18.75000000000000355 ) ) ;
#4916 = EDGE_CURVE ( 'NONE', #2629, #2794, #5266, .T. ) ;
#4917 = CARTESIAN_POINT ( 'NONE',  ( 8.687289064568037844, -23.97812096730838149, -18.25722445815291550 ) ) ;
#4918 = VERTEX_POINT ( 'NONE', #4620 ) ;
#4919 = AXIS2_PLACEMENT_3D ( 'NONE', #6819, #6118, #1389 ) ;
#4920 = CARTESIAN_POINT ( 'NONE',  ( -3.320512820512820262, 18.19956578077647436, -14.25000000000000178 ) ) ;
#4921 = DIRECTION ( 'NONE',  ( 0.000000000000000000, 0.000000000000000000, 1.000000000000000000 ) ) ;
#4922 = CARTESIAN_POINT ( 'NONE',  ( 14.18136901577873132, -11.88083230215960029, -17.75000000000000711 ) ) ;
#4923 = CIRCLE ( 'NONE', #720, 1.200000000000000178 ) ;
#4924 = ORIENTED_EDGE ( 'NONE', *, *, #3214, .F. ) ;
#4925 = FACE_OUTER_BOUND ( 'NONE', #3005, .T. ) ;
#4926 = CARTESIAN_POINT ( 'NONE',  ( -23.18319906247680962, -9.357608645687367499, -17.75000000000000711 ) ) ;
#4927 = EDGE_CURVE ( 'NONE', #3430, #5238, #1428, .T. ) ;
#4928 = CYLINDRICAL_SURFACE ( 'NONE', #3025, 1.200000000000000178 ) ;
#4929 = ORIENTED_EDGE ( 'NONE', *, *, #2167, .F. ) ;
#4930 = CARTESIAN_POINT ( 'NONE',  ( 12.66926282864333153, -13.48108969552374781, -17.75000000000000711 ) ) ;
#4931 = CARTESIAN_POINT ( 'NONE',  ( 6.154333748162492235, 18.25508437404548090, -18.75000000000000355 ) ) ;
#4932 = EDGE_CURVE ( 'NONE', #2703, #2457, #823, .T. ) ;
#4933 = AXIS2_PLACEMENT_3D ( 'NONE', #2737, #57, #5780 ) ;
#4934 = PLANE ( 'NONE',  #6369 ) ;
#4935 = VERTEX_POINT ( 'NONE', #1042 ) ;
#4936 = FACE_OUTER_BOUND ( 'NONE', #140, .T. ) ;
#4937 = VERTEX_POINT ( 'NONE', #3175 ) ;
#4938 = EDGE_CURVE ( 'NONE', #4197, #3260, #5567, .T. ) ;
#4939 = EDGE_LOOP ( 'NONE', ( #1049, #4390, #4449 ) ) ;
#4940 = AXIS2_PLACEMENT_3D ( 'NONE', #4476, #6582, #1835 ) ;
#4941 = DIRECTION ( 'NONE',  ( 0.000000000000000000, 0.000000000000000000, -1.000000000000000000 ) ) ;
#4942 = CARTESIAN_POINT ( 'NONE',  ( 0.000000000000000000, 0.000000000000000000, -18.75000000000000355 ) ) ;
#4943 = FACE_OUTER_BOUND ( 'NONE', #5252, .T. ) ;
#4944 = DIRECTION ( 'NONE',  ( -1.000000000000000000, 0.000000000000000000, 0.000000000000000000 ) ) ;
#4945 = DIRECTION ( 'NONE',  ( -0.000000000000000000, -0.000000000000000000, -1.000000000000000000 ) ) ;
#4946 = DIRECTION ( 'NONE',  ( 0.000000000000000000, 0.000000000000000000, -1.000000000000000000 ) ) ;
#4947 = ORIENTED_EDGE ( 'NONE', *, *, #5004, .F. ) ;
#4948 = ORIENTED_EDGE ( 'NONE', *, *, #4729, .F. ) ;
#4949 = CARTESIAN_POINT ( 'NONE',  ( 11.28959422810705426, -27.72093231318435613, -6.750000000000000888 ) ) ;
#4950 = CARTESIAN_POINT ( 'NONE',  ( -16.15838216916528580, 17.74561032129359006, -18.75000000000000355 ) ) ;
#4951 = DIRECTION ( 'NONE',  ( -1.000000000000000000, 1.914725358886527419E-16, 0.000000000000000000 ) ) ;
#4952 = VERTEX_POINT ( 'NONE', #2580 ) ;
#4953 = CARTESIAN_POINT ( 'NONE',  ( -16.10006419922671128, -19.12558320106287724, -18.75000000000000355 ) ) ;
#4954 = LINE ( 'NONE', #2190, #6426 ) ;
#4955 = CARTESIAN_POINT ( 'NONE',  ( -23.44734042848210365, 5.120764281908393833, -18.75000000000000355 ) ) ;
#4956 = VERTEX_POINT ( 'NONE', #539 ) ;
#4957 = FACE_OUTER_BOUND ( 'NONE', #265, .T. ) ;
#4958 = ORIENTED_EDGE ( 'NONE', *, *, #5173, .F. ) ;
#4959 = CARTESIAN_POINT ( 'NONE',  ( -18.03886271092893168, -4.106799663504091313, -17.75000000000001421 ) ) ;
#4960 = CARTESIAN_POINT ( 'NONE',  ( -13.31146830012020743, 14.24973023235509650, -18.75000000000000355 ) ) ;
#4961 = LINE ( 'NONE', #4772, #169 ) ;
#4962 = EDGE_CURVE ( 'NONE', #2794, #5501, #1975, .T. ) ;
#4963 = DIRECTION ( 'NONE',  ( -1.000000000000000000, 0.000000000000000000, -0.000000000000000000 ) ) ;
#4964 = CARTESIAN_POINT ( 'NONE',  ( 16.71013221538373017, 18.59535002659510283, -17.74999999999999645 ) ) ;
#4965 = ORIENTED_EDGE ( 'NONE', *, *, #1079, .F. ) ;
#4966 = ORIENTED_EDGE ( 'NONE', *, *, #6707, .F. ) ;
#4967 = ORIENTED_EDGE ( 'NONE', *, *, #5826, .T. ) ;
#4968 = DIRECTION ( 'NONE',  ( 0.000000000000000000, -0.000000000000000000, -1.000000000000000000 ) ) ;
#4969 = CARTESIAN_POINT ( 'NONE',  ( -15.99999999999999645, 1.959434878635764737E-15, -5.950000000000000178 ) ) ;
#4970 = CARTESIAN_POINT ( 'NONE',  ( 8.513208814700213622, -23.50585619962205541, -18.75000000000000355 ) ) ;
#4971 = DIRECTION ( 'NONE',  ( 0.000000000000000000, 0.000000000000000000, -1.000000000000000000 ) ) ;
#4972 = EDGE_CURVE ( 'NONE', #4865, #4529, #6802, .T. ) ;
#4973 = CARTESIAN_POINT ( 'NONE',  ( -16.04092265478665880, 19.01620293754502455, -18.75000000000000355 ) ) ;
#4974 = ORIENTED_EDGE ( 'NONE', *, *, #4639, .F. ) ;
#4975 = ORIENTED_EDGE ( 'NONE', *, *, #5468, .F. ) ;
#4976 = ADVANCED_FACE ( 'NONE', ( #4786 ), #66, .F. ) ;
#4977 = CARTESIAN_POINT ( 'NONE',  ( 14.86324772583608933, -12.62275195987104937, -18.75000000000000355 ) ) ;
#4978 = DIRECTION ( 'NONE',  ( -0.4999999999999919509, 0.8660254037844432595, 0.000000000000000000 ) ) ;
#4979 = EDGE_LOOP ( 'NONE', ( #3564, #4399, #4924, #1889 ) ) ;
#4980 = DIRECTION ( 'NONE',  ( -1.734723475976807094E-17, -1.000000000000000000, 0.000000000000000000 ) ) ;
#4981 = CARTESIAN_POINT ( 'NONE',  ( 0.000000000000000000, 0.000000000000000000, -6.150000000000001243 ) ) ;
#4982 = EDGE_CURVE ( 'NONE', #1475, #6551, #4479, .T. ) ;
#4983 = CARTESIAN_POINT ( 'NONE',  ( 10.87500000000000178, 18.83605253231153753, -8.750000000000001776 ) ) ;
#4984 = DIRECTION ( 'NONE',  ( -0.000000000000000000, 0.000000000000000000, -1.000000000000000000 ) ) ;
#4985 = ORIENTED_EDGE ( 'NONE', *, *, #5173, .T. ) ;
#4986 = AXIS2_PLACEMENT_3D ( 'NONE', #1270, #4328, #649 ) ;
#4987 = AXIS2_PLACEMENT_3D ( 'NONE', #1653, #2316, #3822 ) ;
#4988 = ORIENTED_EDGE ( 'NONE', *, *, #3625, .F. ) ;
#4989 = CARTESIAN_POINT ( 'NONE',  ( -7.864438724823551219, -23.73103864649086958, -17.78491152439199752 ) ) ;
#4990 = AXIS2_PLACEMENT_3D ( 'NONE', #3619, #4168, #2109 ) ;
#4991 = CIRCLE ( 'NONE', #2688, 1.500000000000000000 ) ;
#4992 = EDGE_CURVE ( 'NONE', #4063, #526, #2819, .T. ) ;
#4993 = CARTESIAN_POINT ( 'NONE',  ( -19.84999999999999787, 3.702129843791611128E-15, -18.25000000000002487 ) ) ;
#4994 = DIRECTION ( 'NONE',  ( 0.4999999999999916733, -0.8660254037844434816, 0.000000000000000000 ) ) ;
#4995 = ORIENTED_EDGE ( 'NONE', *, *, #527, .F. ) ;
#4996 = TOROIDAL_SURFACE ( 'NONE', #6211, 1.500000000000000000, 0.5000000000000000000 ) ;
#4997 = CARTESIAN_POINT ( 'NONE',  ( -15.36324772583625808, -11.75672655608639339, -13.75000000000000178 ) ) ;
#4998 = CIRCLE ( 'NONE', #6657, 2.499999999999998668 ) ;
#4999 = ORIENTED_EDGE ( 'NONE', *, *, #1521, .F. ) ;
#5000 = VERTEX_POINT ( 'NONE', #2156 ) ;
#5001 = CYLINDRICAL_SURFACE ( 'NONE', #2378, 0.5000000000000000000 ) ;
#5002 = DIRECTION ( 'NONE',  ( -0.5000000000000044409, -0.8660254037844361541, 0.000000000000000000 ) ) ;
#5003 = CARTESIAN_POINT ( 'NONE',  ( 8.106332911537020181, -23.04321566581264236, -18.75000000000000355 ) ) ;
#5004 = EDGE_CURVE ( 'NONE', #6321, #6843, #1186, .T. ) ;
#5005 = CIRCLE ( 'NONE', #486, 18.50000000000000000 ) ;
#5006 = PLANE ( 'NONE',  #6026 ) ;
#5007 = VERTEX_POINT ( 'NONE', #5297 ) ;
#5008 = ORIENTED_EDGE ( 'NONE', *, *, #317, .T. ) ;
#5009 = VERTEX_POINT ( 'NONE', #603 ) ;
#5010 = CARTESIAN_POINT ( 'NONE',  ( -14.78121959228383986, -11.12499651077178342, -13.75000000000000178 ) ) ;
#5011 = CARTESIAN_POINT ( 'NONE',  ( 0.000000000000000000, 0.000000000000000000, -18.75000000000000355 ) ) ;
#5012 = AXIS2_PLACEMENT_3D ( 'NONE', #3147, #478, #6283 ) ;
#5013 = CARTESIAN_POINT ( 'NONE',  ( -18.21019894790850202, -3.261695000700094660, -18.75000000000000355 ) ) ;
#5014 = ORIENTED_EDGE ( 'NONE', *, *, #2037, .F. ) ;
#5015 = ADVANCED_FACE ( 'NONE', ( #6342 ), #6021, .F. ) ;
#5016 = VECTOR ( 'NONE', #738, 1000.000000000000000 ) ;
#5017 = CARTESIAN_POINT ( 'NONE',  ( 15.81891715332147363, -18.48327283598411341, -18.43272253076610312 ) ) ;
#5018 = FACE_OUTER_BOUND ( 'NONE', #5825, .T. ) ;
#5019 = CARTESIAN_POINT ( 'NONE',  ( 23.65000000000000213, 2.326828918379968900E-16, -18.25000000000002487 ) ) ;
#5020 = ORIENTED_EDGE ( 'NONE', *, *, #2891, .T. ) ;
#5021 = AXIS2_PLACEMENT_3D ( 'NONE', #1563, #2620, #5771 ) ;
#5022 = FACE_OUTER_BOUND ( 'NONE', #5075, .T. ) ;
#5023 = ORIENTED_EDGE ( 'NONE', *, *, #1930, .T. ) ;
#5024 = CARTESIAN_POINT ( 'NONE',  ( 12.31367396419221194, -14.24025312787212805, -18.06048925554986084 ) ) ;
#5025 = CARTESIAN_POINT ( 'NONE',  ( 5.571304084199423023, -18.34277735907392071, -18.42019982246388921 ) ) ;
#5026 = DIRECTION ( 'NONE',  ( 0.000000000000000000, 0.000000000000000000, -1.000000000000000000 ) ) ;
#5027 = CARTESIAN_POINT ( 'NONE',  ( 0.000000000000000000, 0.000000000000000000, -6.750000000000000888 ) ) ;
#5028 = VERTEX_POINT ( 'NONE', #1664 ) ;
#5029 = EDGE_LOOP ( 'NONE', ( #6185, #821, #371, #5031 ) ) ;
#5030 = CYLINDRICAL_SURFACE ( 'NONE', #5881, 0.9999999999999991118 ) ;
#5031 = ORIENTED_EDGE ( 'NONE', *, *, #886, .F. ) ;
#5032 = CARTESIAN_POINT ( 'NONE',  ( 1.699197433816952547E-15, -21.75000000000000000, -12.75000000000000178 ) ) ;
#5033 = DIRECTION ( 'NONE',  ( 0.000000000000000000, 0.000000000000000000, -1.000000000000000000 ) ) ;
#5034 = CARTESIAN_POINT ( 'NONE',  ( -16.10006419922630982, 19.12558320106321119, -18.75000000000000355 ) ) ;
#5035 = AXIS2_PLACEMENT_3D ( 'NONE', #1016, #4704, #5242 ) ;
#5036 = CARTESIAN_POINT ( 'NONE',  ( -29.05182871386008259, 5.122621241174761586, 6.750000000000000888 ) ) ;
#5037 = VERTEX_POINT ( 'NONE', #5398 ) ;
#5038 = ORIENTED_EDGE ( 'NONE', *, *, #3580, .F. ) ;
#5039 = AXIS2_PLACEMENT_3D ( 'NONE', #6303, #7, #5768 ) ;
#5040 = PLANE ( 'NONE',  #690 ) ;
#5041 = B_SPLINE_CURVE_WITH_KNOTS ( 'NONE', 3,
 ( #2056, #3598, #4149, #5639 ),
 .UNSPECIFIED., .F., .F.,
 ( 4, 4 ),
 ( 0.0007814534332116253052, 0.001215850596137505769 ),
 .UNSPECIFIED. ) ;
#5042 = EDGE_CURVE ( 'NONE', #168, #4483, #4711, .T. ) ;
#5043 = CARTESIAN_POINT ( 'NONE',  ( -18.99636252835473726, -4.403204593397854971, -18.75000000000000355 ) ) ;
#5044 = EDGE_LOOP ( 'NONE', ( #3509, #2549 ) ) ;
#5045 = VERTEX_POINT ( 'NONE', #4882 ) ;
#5046 = CARTESIAN_POINT ( 'NONE',  ( -8.456044020148230089, -23.34268765264278045, -18.93306426466729064 ) ) ;
#5047 = CARTESIAN_POINT ( 'NONE',  ( 16.80250080122377554, -18.51150903694440331, -17.75000000000000355 ) ) ;
#5048 = EDGE_CURVE ( 'NONE', #818, #5510, #2272, .T. ) ;
#5049 = CARTESIAN_POINT ( 'NONE',  ( -3.499999999999999556, 19.18332609325088001, -14.25000000000000178 ) ) ;
#5050 = CARTESIAN_POINT ( 'NONE',  ( 12.31815848756609633, 13.80309573524238331, -17.90046786755696573 ) ) ;
#5051 = EDGE_CURVE ( 'NONE', #4194, #1615, #2618, .T. ) ;
#5052 = CYLINDRICAL_SURFACE ( 'NONE', #2749, 25.00000000000000000 ) ;
#5053 = ORIENTED_EDGE ( 'NONE', *, *, #782, .F. ) ;
#5054 = PLANE ( 'NONE',  #833 ) ;
#5055 = CARTESIAN_POINT ( 'NONE',  ( -18.06601321240682623, -3.985187091278421079, -17.78385320917843160 ) ) ;
#5056 = DIRECTION ( 'NONE',  ( 0.5000000000000102141, 0.8660254037844328234, 0.000000000000000000 ) ) ;
#5057 = DIRECTION ( 'NONE',  ( 0.000000000000000000, 0.000000000000000000, -1.000000000000000000 ) ) ;
#5058 = LINE ( 'NONE', #4048, #2917 ) ;
#5059 = CARTESIAN_POINT ( 'NONE',  ( -24.58786681951843889, 4.523348201292226811, -18.27517112885533734 ) ) ;
#5060 = ORIENTED_EDGE ( 'NONE', *, *, #214, .T. ) ;
#5061 = LINE ( 'NONE', #4550, #4352 ) ;
#5062 = VERTEX_POINT ( 'NONE', #1217 ) ;
#5063 = EDGE_LOOP ( 'NONE', ( #5023, #2468, #3913, #6220, #4564 ) ) ;
#5064 = FACE_OUTER_BOUND ( 'NONE', #6834, .T. ) ;
#5065 = CARTESIAN_POINT ( 'NONE',  ( 18.00366284332445588, -4.230325801577706102, -17.74398637837704840 ) ) ;
#5066 = EDGE_CURVE ( 'NONE', #273, #1447, #5906, .T. ) ;
#5067 = DIRECTION ( 'NONE',  ( 0.000000000000000000, 0.000000000000000000, -1.000000000000000000 ) ) ;
#5068 = ORIENTED_EDGE ( 'NONE', *, *, #3554, .T. ) ;
#5069 = ORIENTED_EDGE ( 'NONE', *, *, #5840, .F. ) ;
#5070 = ORIENTED_EDGE ( 'NONE', *, *, #2970, .F. ) ;
#5071 = CARTESIAN_POINT ( 'NONE',  ( 24.52642066976168422, -4.844196353742856509, -17.90471812681238006 ) ) ;
#5072 = CARTESIAN_POINT ( 'NONE',  ( -24.61327301392679345, -4.380272998558801589, -18.75000000000000355 ) ) ;
#5073 = ADVANCED_FACE ( 'NONE', ( #6375 ), #4821, .F. ) ;
#5074 = LINE ( 'NONE', #1895, #3923 ) ;
#5075 = EDGE_LOOP ( 'NONE', ( #4217, #4731, #6415, #6634, #2265, #1881 ) ) ;
#5076 = DIRECTION ( 'NONE',  ( 1.000000000000000000, 0.000000000000000000, 0.000000000000000000 ) ) ;
#5077 = CARTESIAN_POINT ( 'NONE',  ( -16.61958499765936992, -18.67621331237422666, -17.78489111920823973 ) ) ;
#5078 = CARTESIAN_POINT ( 'NONE',  ( 19.46762703210169576, -14.77503380341109640, -18.31174109947686190 ) ) ;
#5079 = DIRECTION ( 'NONE',  ( 0.000000000000000000, 0.000000000000000000, 1.000000000000000000 ) ) ;
#5080 = ORIENTED_EDGE ( 'NONE', *, *, #3813, .F. ) ;
#5081 = DIRECTION ( 'NONE',  ( 0.000000000000000000, 0.000000000000000000, 1.000000000000000000 ) ) ;
#5082 = B_SPLINE_CURVE_WITH_KNOTS ( 'NONE', 3,
 ( #1655, #716, #4397, #1238 ),
 .UNSPECIFIED., .F., .F.,
 ( 4, 4 ),
 ( 0.000000000000000000, 0.001257569546347855026 ),
 .UNSPECIFIED. ) ;
#5083 = EDGE_CURVE ( 'NONE', #5612, #1591, #6400, .T. ) ;
#5084 = CARTESIAN_POINT ( 'NONE',  ( -8.455697823463378171, -23.52665757710662575, -18.51171498810927218 ) ) ;
#5085 = AXIS2_PLACEMENT_3D ( 'NONE', #2977, #6140, #4489 ) ;
#5086 = DIRECTION ( 'NONE',  ( -0.000000000000000000, -0.000000000000000000, -1.000000000000000000 ) ) ;
#5088 = EDGE_CURVE ( 'NONE', #3957, #5340, #1818, .T. ) ;
#5087 = DIRECTION ( 'NONE',  ( 0.3535533905932686793, -0.6123724356957989112, -0.7071067811865463515 ) ) ;
#5089 = CARTESIAN_POINT ( 'NONE',  ( -24.48895191096084645, 4.383745727631757738, -18.75000000000000711 ) ) ;
#5090 = VERTEX_POINT ( 'NONE', #4920 ) ;
#5091 = DIRECTION ( 'NONE',  ( -1.000000000000000000, 0.000000000000000000, 0.000000000000000000 ) ) ;
#5092 = EDGE_LOOP ( 'NONE', ( #780, #509, #2108, #6204, #4539 ) ) ;
#5093 = CIRCLE ( 'NONE', #1898, 3.149999999999999911 ) ;
#5094 = EDGE_LOOP ( 'NONE', ( #6078, #3755, #639, #1544 ) ) ;
#5095 = CARTESIAN_POINT ( 'NONE',  ( 0.9999999999999840128, -1.732050807568886519, -14.25000000000000178 ) ) ;
#5096 = AXIS2_PLACEMENT_3D ( 'NONE', #3692, #6720, #1489 ) ;
#5097 = ADVANCED_FACE ( 'NONE', ( #1602 ), #6130, .F. ) ;
#5098 = FACE_OUTER_BOUND ( 'NONE', #5939, .T. ) ;
#5099 = FACE_OUTER_BOUND ( 'NONE', #2517, .T. ) ;
#5100 = CARTESIAN_POINT ( 'NONE',  ( -24.11035751914225145, -4.289456476715255206, -19.27103692870859319 ) ) ;
#5101 = AXIS2_PLACEMENT_3D ( 'NONE', #2208, #4945, #1780 ) ;
#5102 = CIRCLE ( 'NONE', #6427, 1.500000000000000444 ) ;
#5103 = DIRECTION ( 'NONE',  ( -1.000000000000000000, 0.000000000000000000, 0.000000000000000000 ) ) ;
#5104 = ORIENTED_EDGE ( 'NONE', *, *, #3552, .F. ) ;
#5105 = ORIENTED_EDGE ( 'NONE', *, *, #350, .F. ) ;
#5106 = ORIENTED_EDGE ( 'NONE', *, *, #4734, .F. ) ;
#5107 = DIRECTION ( 'NONE',  ( 1.000000000000000000, 0.000000000000000000, 0.000000000000000000 ) ) ;
#5108 = CIRCLE ( 'NONE', #3143, 0.5000000000000006661 ) ;
#5109 = AXIS2_PLACEMENT_3D ( 'NONE', #2669, #984, #5282 ) ;
#5110 = CARTESIAN_POINT ( 'NONE',  ( -5.340334732698440945, -17.71244830458891428, -17.75000000000000711 ) ) ;
#5111 = AXIS2_PLACEMENT_3D ( 'NONE', #2157, #4283, #116 ) ;
#5112 = ORIENTED_EDGE ( 'NONE', *, *, #6633, .T. ) ;
#5113 = CARTESIAN_POINT ( 'NONE',  ( -6.280388743951103692, 17.40134239720752873, -18.75000000000000355 ) ) ;
#5114 = CARTESIAN_POINT ( 'NONE',  ( -2.499999999999999556, 19.18332609325088001, -14.25000000000000178 ) ) ;
#5115 = ADVANCED_FACE ( 'NONE', ( #185 ), #5331, .T. ) ;
#5116 = CARTESIAN_POINT ( 'NONE',  ( 23.69342348595210623, 4.697311919185520601, -18.75000000000000711 ) ) ;
#5117 = CARTESIAN_POINT ( 'NONE',  ( -28.37358625716032989, 14.80038026730797185, -6.408966054483959951 ) ) ;
#5118 = CIRCLE ( 'NONE', #41, 1.899999999999999023 ) ;
#5119 = CARTESIAN_POINT ( 'NONE',  ( -12.31802150065105472, 13.80322048845299143, -17.90054203017849943 ) ) ;
#5120 = DIRECTION ( 'NONE',  ( -0.8660254037844434816, -0.4999999999999916178, 0.000000000000000000 ) ) ;
#5121 = ORIENTED_EDGE ( 'NONE', *, *, #5669, .F. ) ;
#5122 = VECTOR ( 'NONE', #2447, 1000.000000000000000 ) ;
#5123 = LINE ( 'NONE', #10, #2723 ) ;
#5124 = CARTESIAN_POINT ( 'NONE',  ( 16.38708192585824719, -18.88039967290357168, -17.98974690884338301 ) ) ;
#5125 = DIRECTION ( 'NONE',  ( -1.734723475976807094E-17, -1.000000000000000000, 0.000000000000000000 ) ) ;
#5126 = VECTOR ( 'NONE', #459, 1000.000000000000000 ) ;
#5127 = CARTESIAN_POINT ( 'NONE',  ( -12.77500000000000568, -18.83605253231153398, -8.750000000000001776 ) ) ;
#5128 = EDGE_CURVE ( 'NONE', #773, #3730, #3283, .T. ) ;
#5129 = EDGE_CURVE ( 'NONE', #6321, #1230, #5679, .T. ) ;
#5130 = CARTESIAN_POINT ( 'NONE',  ( 7.630186687767061215, -23.80714705944041398, -17.75000000000000355 ) ) ;
#5131 = ORIENTED_EDGE ( 'NONE', *, *, #1965, .F. ) ;
#5132 = DIRECTION ( 'NONE',  ( 0.8660254037844348218, -0.5000000000000067724, 0.000000000000000000 ) ) ;
#5133 = AXIS2_PLACEMENT_3D ( 'NONE', #5905, #4968, #5254 ) ;
#5134 = ORIENTED_EDGE ( 'NONE', *, *, #5974, .T. ) ;
#5135 = CARTESIAN_POINT ( 'NONE',  ( -2.499999999999999556, 24.03592238725021346, -17.75000000000001066 ) ) ;
#5136 = DIRECTION ( 'NONE',  ( -0.000000000000000000, -0.000000000000000000, 1.000000000000000000 ) ) ;
#5137 = ADVANCED_FACE ( 'NONE', ( #4432 ), #2689, .F. ) ;
#5138 = CARTESIAN_POINT ( 'NONE',  ( -23.58357122614646073, -4.399121830365604779, -18.77088686171869014 ) ) ;
#5139 = AXIS2_PLACEMENT_3D ( 'NONE', #4338, #5366, #692 ) ;
#5140 = EDGE_CURVE ( 'NONE', #4861, #646, #3174, .T. ) ;
#5141 = DIRECTION ( 'NONE',  ( 1.000000000000000000, 0.000000000000000000, 0.000000000000000000 ) ) ;
#5142 = EDGE_LOOP ( 'NONE', ( #770, #6710 ) ) ;
#5143 = EDGE_LOOP ( 'NONE', ( #6440, #820 ) ) ;
#5144 = VERTEX_POINT ( 'NONE', #831 ) ;
#5145 =( BOUNDED_CURVE ( )  B_SPLINE_CURVE ( 3, ( #6306, #4651, #4147, #6235 ),
 .UNSPECIFIED., .F., .F. ) 
 B_SPLINE_CURVE_WITH_KNOTS ( ( 4, 4 ),
 ( 5.432388077215462019, 6.283185307179586232 ),
 .UNSPECIFIED. ) 
 CURVE ( )  GEOMETRIC_REPRESENTATION_ITEM ( )  RATIONAL_B_SPLINE_CURVE ( ( 1.000000000000000000, 0.9405828688920788716, 0.9405828688920788716, 1.000000000000000000 ) ) 
 REPRESENTATION_ITEM ( '' )  );
#5146 = AXIS2_PLACEMENT_3D ( 'NONE', #6267, #3167, #5257 ) ;
#5147 = CARTESIAN_POINT ( 'NONE',  ( -21.81240501497827822, -9.706646561122456163, -13.75000000000000178 ) ) ;
#5148 = ORIENTED_EDGE ( 'NONE', *, *, #6606, .F. ) ;
#5149 = CARTESIAN_POINT ( 'NONE',  ( -18.73153735687006005, -3.602048499901177259, -18.75000000000000355 ) ) ;
#5150 = ORIENTED_EDGE ( 'NONE', *, *, #2046, .T. ) ;
#5151 = AXIS2_PLACEMENT_3D ( 'NONE', #442, #3600, #3637 ) ;
#5152 = ORIENTED_EDGE ( 'NONE', *, *, #3929, .T. ) ;
#5153 = CARTESIAN_POINT ( 'NONE',  ( 10.87500000000000355, -18.83605253231153753, -8.750000000000001776 ) ) ;
#5154 = DIRECTION ( 'NONE',  ( -0.5000000000000101030, -0.8660254037844328234, 0.000000000000000000 ) ) ;
#5155 = CARTESIAN_POINT ( 'NONE',  ( 0.000000000000000000, 0.000000000000000000, -18.75000000000000355 ) ) ;
#5156 = CIRCLE ( 'NONE', #5374, 1.649999999999994582 ) ;
#5157 = B_SPLINE_CURVE_WITH_KNOTS ( 'NONE', 3,
 ( #6406, #123, #5884, #6437, #2124, #5812, #3287, #2729, #4318, #2763 ),
 .UNSPECIFIED., .F., .F.,
 ( 4, 2, 2, 2, 4 ),
 ( -0.0009489708195408788887, -0.0005792780970374802841, -0.0002095853745340816796, 0.0001601073479693168166, 0.0005298000704727155296 ),
 .UNSPECIFIED. ) ;
#5158 = CARTESIAN_POINT ( 'NONE',  ( -17.38694930368836822, -6.800345316683708674, -17.91935163217628002 ) ) ;
#5159 = ORIENTED_EDGE ( 'NONE', *, *, #3309, .T. ) ;
#5160 = DIRECTION ( 'NONE',  ( -0.000000000000000000, -0.000000000000000000, -1.000000000000000000 ) ) ;
#5161 = CARTESIAN_POINT ( 'NONE',  ( -20.15882772837251480, -14.78741625816986449, -13.75000000000000178 ) ) ;
#5162 = DIRECTION ( 'NONE',  ( -1.000000000000000000, 0.000000000000000000, 0.000000000000000000 ) ) ;
#5163 = B_SPLINE_CURVE_WITH_KNOTS ( 'NONE', 3,
 ( #89, #2433, #6091, #3944, #1361, #1325, #1296, #2894, #4542, #6616, #1908, #2932, #6687, #1398 ),
 .UNSPECIFIED., .F., .F.,
 ( 4, 2, 2, 2, 2, 2, 4 ),
 ( 3.936710395825739229E-07, 0.001056309201365957396, 0.001584266966529149440, 0.002112224731692341484, 0.002640182496855524637, 0.003168140262018707791, 0.004224055792345088843 ),
 .UNSPECIFIED. ) ;
#5164 = CARTESIAN_POINT ( 'NONE',  ( 16.37217233160609453, 17.99979714187549007, -18.41811665423663413 ) ) ;
#5165 = CARTESIAN_POINT ( 'NONE',  ( 18.81240501497811479, -14.90279898382939905, -10.75000000000000000 ) ) ;
#5166 = ORIENTED_EDGE ( 'NONE', *, *, #6046, .F. ) ;
#5167 = CARTESIAN_POINT ( 'NONE',  ( -15.60153687251250787, 18.22441087861979270, -18.77088686171869369 ) ) ;
#5168 = DIRECTION ( 'NONE',  ( 0.000000000000000000, 0.000000000000000000, -1.000000000000000000 ) ) ;
#5169 = ORIENTED_EDGE ( 'NONE', *, *, #2866, .T. ) ;
#5170 = CARTESIAN_POINT ( 'NONE',  ( -5.684894228234323776, -18.65293482575297190, -18.75000000000000355 ) ) ;
#5171 = EDGE_CURVE ( 'NONE', #2367, #5062, #719, .T. ) ;
#5173 = EDGE_CURVE ( 'NONE', #4477, #6240, #6504, .T. ) ;
#5172 = CARTESIAN_POINT ( 'NONE',  ( 0.000000000000000000, 0.000000000000000000, -5.950000000000000178 ) ) ;
#5174 = DIRECTION ( 'NONE',  ( -0.5000000000000002220, 0.8660254037844384856, 0.000000000000000000 ) ) ;
#5175 = ORIENTED_EDGE ( 'NONE', *, *, #5066, .F. ) ;
#5176 = VERTEX_POINT ( 'NONE', #5982 ) ;
#5177 = ORIENTED_EDGE ( 'NONE', *, *, #3305, .T. ) ;
#5178 = LINE ( 'NONE', #5786, #6679 ) ;
#5179 = FACE_OUTER_BOUND ( 'NONE', #5484, .T. ) ;
#5180 = EDGE_CURVE ( 'NONE', #6829, #4430, #4923, .T. ) ;
#5181 = CARTESIAN_POINT ( 'NONE',  ( 0.000000000000000000, 0.000000000000000000, -6.950000000000000178 ) ) ;
#5182 = DIRECTION ( 'NONE',  ( 0.000000000000000000, -1.000000000000000000, 0.000000000000000000 ) ) ;
#5183 = EDGE_CURVE ( 'NONE', #3880, #6311, #405, .T. ) ;
#5184 = ORIENTED_EDGE ( 'NONE', *, *, #2362, .T. ) ;
#5185 = CARTESIAN_POINT ( 'NONE',  ( -19.58605253231149845, 9.575961894323434365, -18.75000000000000355 ) ) ;
#5186 = CARTESIAN_POINT ( 'NONE',  ( -11.28959422810705426, -27.72093231318435613, -6.750000000000000888 ) ) ;
#5187 = FACE_OUTER_BOUND ( 'NONE', #2847, .T. ) ;
#5188 = CARTESIAN_POINT ( 'NONE',  ( 10.87500000000000178, 18.83605253231153753, -8.750000000000001776 ) ) ;
#5189 = VERTEX_POINT ( 'NONE', #6018 ) ;
#5190 = EDGE_CURVE ( 'NONE', #1586, #5998, #6572, .T. ) ;
#5191 = DIRECTION ( 'NONE',  ( 0.000000000000000000, 0.000000000000000000, -1.000000000000000000 ) ) ;
#5192 = DIRECTION ( 'NONE',  ( -1.000000000000000000, 0.000000000000000000, 0.000000000000000000 ) ) ;
#5193 = CARTESIAN_POINT ( 'NONE',  ( 16.58981863595860418, 18.25859365186992633, -18.08021765469033681 ) ) ;
#5194 = CARTESIAN_POINT ( 'NONE',  ( -24.61327301392669753, 4.380272998559321174, -18.75000000000000355 ) ) ;
#5195 = ORIENTED_EDGE ( 'NONE', *, *, #4673, .F. ) ;
#5196 = LINE ( 'NONE', #474, #1467 ) ;
#5197 = ORIENTED_EDGE ( 'NONE', *, *, #2866, .F. ) ;
#5198 = B_SPLINE_CURVE_WITH_KNOTS ( 'NONE', 3,
 ( #651, #2775, #407, #3000, #1432, #1401, #6690, #6202, #2513, #1911 ),
 .UNSPECIFIED., .F., .F.,
 ( 4, 2, 2, 2, 4 ),
 ( 0.000000000000000000, 0.0003697710609445219654, 0.0007395421218890439307, 0.001109313182833565788, 0.001479084243778087861 ),
 .UNSPECIFIED. ) ;
#5199 = PRODUCT ( '1x_carrier_bottom_output', '1x_carrier_bottom_output', '', ( #221 ) ) ;
#5200 = CARTESIAN_POINT ( 'NONE',  ( 16.04091111934084424, 19.01618160313184092, -18.75000000000000711 ) ) ;
#5201 = ADVANCED_FACE ( 'NONE', ( #260 ), #758, .F. ) ;
#5202 = FACE_OUTER_BOUND ( 'NONE', #1308, .T. ) ;
#5203 = DIRECTION ( 'NONE',  ( 0.000000000000000000, 0.000000000000000000, 1.000000000000000000 ) ) ;
#5204 = ORIENTED_EDGE ( 'NONE', *, *, #5809, .T. ) ;
#5205 = AXIS2_PLACEMENT_3D ( 'NONE', #6389, #3369, #4907 ) ;
#5206 = VERTEX_POINT ( 'NONE', #2991 ) ;
#5207 = ORIENTED_EDGE ( 'NONE', *, *, #1427, .F. ) ;
#5208 = FACE_BOUND ( 'NONE', #675, .T. ) ;
#5209 = CARTESIAN_POINT ( 'NONE',  ( 12.53124065151242306, 14.49995555661649682, -18.39952983954640331 ) ) ;
#5210 = VECTOR ( 'NONE', #3346, 1000.000000000000000 ) ;
#5211 = CONICAL_SURFACE ( 'NONE', #6651, 3.150000000000002576, 0.7853981633974500554 ) ;
#5212 = ORIENTED_EDGE ( 'NONE', *, *, #686, .F. ) ;
#5213 = FACE_OUTER_BOUND ( 'NONE', #6344, .T. ) ;
#5214 = CARTESIAN_POINT ( 'NONE',  ( -8.974999999999996092, 18.83605253231154109, -18.25000000000002487 ) ) ;
#5215 = VERTEX_POINT ( 'NONE', #3445 ) ;
#5216 = CONICAL_SURFACE ( 'NONE', #6212, 1.899999999999999023, 0.7853981633974579379 ) ;
#5217 = DIRECTION ( 'NONE',  ( -0.000000000000000000, -0.000000000000000000, -1.000000000000000000 ) ) ;
#5218 = CARTESIAN_POINT ( 'NONE',  ( -7.632833980204749125, -23.81444469686212173, -17.74224258776344243 ) ) ;
#5219 = FACE_OUTER_BOUND ( 'NONE', #2634, .T. ) ;
#5220 = DIRECTION ( 'NONE',  ( 0.000000000000000000, 0.000000000000000000, -1.000000000000000000 ) ) ;
#5221 = FACE_OUTER_BOUND ( 'NONE', #6654, .T. ) ;
#5222 = EDGE_CURVE ( 'NONE', #1241, #1699, #4407, .T. ) ;
#5223 = CIRCLE ( 'NONE', #801, 15.99999999999999645 ) ;
#5224 = CARTESIAN_POINT ( 'NONE',  ( 19.79318038735550189, -14.70765885741253420, -18.09061600703659778 ) ) ;
#5225 = CARTESIAN_POINT ( 'NONE',  ( 13.78203247860112057, -28.88002044249248712, -6.750000000000000000 ) ) ;
#5226 = EDGE_LOOP ( 'NONE', ( #727, #5781 ) ) ;
#5227 = EDGE_CURVE ( 'NONE', #4766, #2337, #1711, .T. ) ;
#5228 = AXIS2_PLACEMENT_3D ( 'NONE', #3377, #3831, #6464 ) ;
#5229 = CARTESIAN_POINT ( 'NONE',  ( -22.35681243052901479, -9.881575308781071598, -17.87071096845080831 ) ) ;
#5230 = DIRECTION ( 'NONE',  ( 0.000000000000000000, 0.000000000000000000, 1.000000000000000000 ) ) ;
#5231 = FACE_OUTER_BOUND ( 'NONE', #1531, .T. ) ;
#5232 = DIRECTION ( 'NONE',  ( -0.000000000000000000, -0.000000000000000000, 1.000000000000000000 ) ) ;
#5233 = ORIENTED_EDGE ( 'NONE', *, *, #6154, .F. ) ;
#5234 = CIRCLE ( 'NONE', #5773, 24.00000000000000355 ) ;
#5235 = CARTESIAN_POINT ( 'NONE',  ( -24.00917660724575953, 4.501317599981674356, -18.75000000000000355 ) ) ;
#5236 = ORIENTED_EDGE ( 'NONE', *, *, #2661, .T. ) ;
#5237 = DIRECTION ( 'NONE',  ( -0.000000000000000000, -0.000000000000000000, 1.000000000000000000 ) ) ;
#5238 = VERTEX_POINT ( 'NONE', #3966 ) ;
#5239 = CARTESIAN_POINT ( 'NONE',  ( -12.73219994207031647, 14.45735155629950874, -18.75000000000000355 ) ) ;
#5240 = AXIS2_PLACEMENT_3D ( 'NONE', #171, #5961, #3363 ) ;
#5241 = CARTESIAN_POINT ( 'NONE',  ( 24.11035751914222303, 4.289456476715423072, -19.27103692870858964 ) ) ;
#5242 = DIRECTION ( 'NONE',  ( -1.000000000000000000, 0.000000000000000000, 0.000000000000000000 ) ) ;
#5243 = ORIENTED_EDGE ( 'NONE', *, *, #1635, .T. ) ;
#5244 = AXIS2_PLACEMENT_3D ( 'NONE', #2871, #4813, #1592 ) ;
#5245 = EDGE_LOOP ( 'NONE', ( #626, #5389, #2770, #2273 ) ) ;
#5246 = EDGE_LOOP ( 'NONE', ( #4344, #3505, #601, #4988 ) ) ;
#5247 = CARTESIAN_POINT ( 'NONE',  ( -11.28959422810705426, -27.72093231318435613, 6.750000000000000888 ) ) ;
#5248 = AXIS2_PLACEMENT_3D ( 'NONE', #6467, #2686, #5431 ) ;
#5249 = ORIENTED_EDGE ( 'NONE', *, *, #1841, .F. ) ;
#5250 = DIRECTION ( 'NONE',  ( -0.000000000000000000, -0.000000000000000000, -1.000000000000000000 ) ) ;
#5251 = DIRECTION ( 'NONE',  ( -3.642919299551294898E-16, -1.000000000000000000, 0.000000000000000000 ) ) ;
#5252 = EDGE_LOOP ( 'NONE', ( #1443, #1871, #1330, #3181 ) ) ;
#5253 = AXIS2_PLACEMENT_3D ( 'NONE', #2521, #3080, #5141 ) ;
#5254 = DIRECTION ( 'NONE',  ( 0.5000000000000044409, 0.8660254037844360431, 0.000000000000000000 ) ) ;
#5255 = CARTESIAN_POINT ( 'NONE',  ( 18.13277525207585583, -3.668702850211303268, -17.98302250917962297 ) ) ;
#5256 = CARTESIAN_POINT ( 'NONE',  ( -3.612708057484691604E-15, -29.50000000000000000, -6.750000000000000888 ) ) ;
#5257 = DIRECTION ( 'NONE',  ( 0.5000000000000044409, 0.8660254037844360431, 0.000000000000000000 ) ) ;
#5258 = DIRECTION ( 'NONE',  ( 0.000000000000000000, 0.000000000000000000, -1.000000000000000000 ) ) ;
#5259 = EDGE_CURVE ( 'NONE', #5510, #3223, #6050, .T. ) ;
#5260 = AXIS2_PLACEMENT_3D ( 'NONE', #6309, #1154, #15 ) ;
#5261 = CARTESIAN_POINT ( 'NONE',  ( 19.56571939074827426, -14.18302470308546503, -17.75000000000000711 ) ) ;
#5262 = DIRECTION ( 'NONE',  ( -0.5000000000000044409, -0.8660254037844361541, 0.000000000000000000 ) ) ;
#5263 = VERTEX_POINT ( 'NONE', #6298 ) ;
#5264 = EDGE_CURVE ( 'NONE', #3880, #5090, #4173, .T. ) ;
#5265 = CIRCLE ( 'NONE', #4496, 1.500000000000000222 ) ;
#5266 = LINE ( 'NONE', #4245, #6797 ) ;
#5267 = DIRECTION ( 'NONE',  ( -0.4999999999999922839, 0.8660254037844431485, 0.000000000000000000 ) ) ;
#5268 = CARTESIAN_POINT ( 'NONE',  ( -2.499999999999999556, 18.94384192124578448, -17.75000000000001066 ) ) ;
#5269 = EDGE_CURVE ( 'NONE', #1368, #3542, #1451, .T. ) ;
#5270 = VERTEX_POINT ( 'NONE', #6226 ) ;
#5271 = CARTESIAN_POINT ( 'NONE',  ( 23.44141840468148175, -5.119712998556451566, -18.75600996059790049 ) ) ;
#5272 = EDGE_CURVE ( 'NONE', #6760, #1683, #154, .T. ) ;
#5273 = CARTESIAN_POINT ( 'NONE',  ( 0.000000000000000000, 19.87560046349701892, -6.150000000000001243 ) ) ;
#5274 = ORIENTED_EDGE ( 'NONE', *, *, #3286, .T. ) ;
#5275 = CARTESIAN_POINT ( 'NONE',  ( -11.92981020395720471, 14.13964739650740299, -18.75000000000000355 ) ) ;
#5276 = DIRECTION ( 'NONE',  ( 0.000000000000000000, 0.000000000000000000, -1.000000000000000000 ) ) ;
#5277 = CARTESIAN_POINT ( 'NONE',  ( -18.33732602984285975, 4.288392301217905711, -18.08208545539661927 ) ) ;
#5278 = VERTEX_POINT ( 'NONE', #461 ) ;
#5279 = ORIENTED_EDGE ( 'NONE', *, *, #4608, .F. ) ;
#5280 = EDGE_LOOP ( 'NONE', ( #213, #2722 ) ) ;
#5281 = CARTESIAN_POINT ( 'NONE',  ( -12.88331105498836493, 13.73734063562980623, -18.08331757544337393 ) ) ;
#5282 = DIRECTION ( 'NONE',  ( -1.000000000000000000, 0.000000000000000000, 0.000000000000000000 ) ) ;
#5283 = DIRECTION ( 'NONE',  ( 0.000000000000000000, 0.000000000000000000, -1.000000000000000000 ) ) ;
#5284 = CARTESIAN_POINT ( 'NONE',  ( 10.08959422810705497, -27.72093231318435613, -6.750000000000000888 ) ) ;
#5285 = CARTESIAN_POINT ( 'NONE',  ( 17.21277491685818717, -9.937800231748504132, -6.750000000000000888 ) ) ;
#5286 = ORIENTED_EDGE ( 'NONE', *, *, #2532, .F. ) ;
#5287 = FACE_OUTER_BOUND ( 'NONE', #564, .T. ) ;
#5288 = DIRECTION ( 'NONE',  ( 0.5000000000000039968, 0.8660254037844363761, 0.000000000000000000 ) ) ;
#5289 = CARTESIAN_POINT ( 'NONE',  ( 18.20006783679516715, 3.318257477847017078, -18.50272108452414699 ) ) ;
#5290 = B_SPLINE_CURVE_WITH_KNOTS ( 'NONE', 3,
 ( #2181, #5, #5866, #2212, #3165, #5255, #6425, #5321, #1692, #3203 ),
 .UNSPECIFIED., .F., .F.,
 ( 4, 2, 2, 2, 4 ),
 ( -0.0005834083847811834733, -0.0002062081600718083897, 0.0001709920646375666939, 0.0005481922893469417775, 0.0009253925140563155601 ),
 .UNSPECIFIED. ) ;
#5291 = DIRECTION ( 'NONE',  ( 1.000000000000000000, 0.000000000000000000, 0.000000000000000000 ) ) ;
#5292 = DIRECTION ( 'NONE',  ( -0.000000000000000000, -0.000000000000000000, 1.000000000000000000 ) ) ;
#5293 = ADVANCED_FACE ( 'NONE', ( #3586 ), #3624, .T. ) ;
#5294 = CYLINDRICAL_SURFACE ( 'NONE', #700, 2.500000000000002220 ) ;
#5295 = DIRECTION ( 'NONE',  ( 0.000000000000000000, 0.000000000000000000, -1.000000000000000000 ) ) ;
#5296 = ORIENTED_EDGE ( 'NONE', *, *, #247, .T. ) ;
#5297 = CARTESIAN_POINT ( 'NONE',  ( 7.630186687767063880, 23.80714705944041398, -17.75000000000000355 ) ) ;
#5298 = CARTESIAN_POINT ( 'NONE',  ( 18.66746194325709141, -4.345888257052560100, -18.41665177919101382 ) ) ;
#5299 = CARTESIAN_POINT ( 'NONE',  ( -8.340400627655863985, 23.02491074306804819, -19.27103650550023062 ) ) ;
#5300 = ORIENTED_EDGE ( 'NONE', *, *, #2152, .T. ) ;
#5301 = DIRECTION ( 'NONE',  ( -0.000000000000000000, 0.000000000000000000, -1.000000000000000000 ) ) ;
#5302 = ADVANCED_FACE ( 'NONE', ( #6719 ), #4378, .F. ) ;
#5303 = DIRECTION ( 'NONE',  ( 3.642919299551294898E-16, 1.000000000000000000, -0.000000000000000000 ) ) ;
#5304 = VERTEX_POINT ( 'NONE', #1487 ) ;
#5305 = CARTESIAN_POINT ( 'NONE',  ( -2.840616007046039115, 24.49522646583345065, -18.09061600704605155 ) ) ;
#5306 = EDGE_CURVE ( 'NONE', #1647, #773, #3166, .T. ) ;
#5307 = CARTESIAN_POINT ( 'NONE',  ( 7.288958259316671295, -22.86637460320152115, -18.75000000000000355 ) ) ;
#5308 = ORIENTED_EDGE ( 'NONE', *, *, #1299, .F. ) ;
#5309 = ORIENTED_EDGE ( 'NONE', *, *, #4515, .T. ) ;
#5310 = EDGE_CURVE ( 'NONE', #449, #1314, #513, .T. ) ;
#5311 = ORIENTED_EDGE ( 'NONE', *, *, #5129, .T. ) ;
#5312 = CARTESIAN_POINT ( 'NONE',  ( 0.000000000000000000, 0.000000000000000000, -6.950000000000000178 ) ) ;
#5313 = EDGE_CURVE ( 'NONE', #2337, #1092, #2049, .T. ) ;
#5314 = CIRCLE ( 'NONE', #4662, 2.500000000000002220 ) ;
#5315 = CARTESIAN_POINT ( 'NONE',  ( -18.73226463390030716, 3.602787094045361460, -18.75000000000000355 ) ) ;
#5316 = CIRCLE ( 'NONE', #3240, 18.50000000000000000 ) ;
#5317 = DIRECTION ( 'NONE',  ( 1.000000000000000000, 0.000000000000000000, 0.000000000000000000 ) ) ;
#5318 = ORIENTED_EDGE ( 'NONE', *, *, #5269, .F. ) ;
#5319 = DIRECTION ( 'NONE',  ( -0.4999999999999998890, -0.8660254037844387076, 0.000000000000000000 ) ) ;
#5320 = DIRECTION ( 'NONE',  ( -0.5000000000000039968, -0.8660254037844362651, 0.000000000000000000 ) ) ;
#5321 = CARTESIAN_POINT ( 'NONE',  ( 18.06610460757239522, -3.984764071976495181, -17.78405629901139662 ) ) ;
#5322 = CIRCLE ( 'NONE', #684, 15.99999999999999645 ) ;
#5323 = VECTOR ( 'NONE', #4498, 1000.000000000000000 ) ;
#5324 =( BOUNDED_SURFACE ( )  B_SPLINE_SURFACE ( 3, 2, ( 
 ( #2003, #2571, #2537 ),
 ( #4722, #5727, #3064 ),
 ( #3587, #2206, #1169 ),
 ( #3168, #6747, #1685 ) ),
 .UNSPECIFIED., .F., .F., .T. ) 
 B_SPLINE_SURFACE_WITH_KNOTS ( ( 4, 4 ),
 ( 3, 3 ),
 ( 0.01930857556307355449, 0.02074190177765419807 ),
 ( 0.000000000000000000, 0.7968612372486119089 ),
 .UNSPECIFIED. ) 
 GEOMETRIC_REPRESENTATION_ITEM ( )  RATIONAL_B_SPLINE_SURFACE ( (
 ( 1.000000000000000000, 0.7559064253551374124, 0.9008302665021579170),
 ( 1.000000000000000000, 0.7557124412047496742, 0.9007514551015518567),
 ( 1.000000000000000000, 0.7555079541592546466, 0.9006683766107106415),
 ( 1.000000000000000000, 0.7552910436305790842, 0.9005802507378648514) ) ) 
 REPRESENTATION_ITEM ( '' )  SURFACE ( )  );
#5325 = DIRECTION ( 'NONE',  ( -1.000000000000000000, 0.000000000000000000, 0.000000000000000000 ) ) ;
#5326 = CARTESIAN_POINT ( 'NONE',  ( 18.83605253231163701, 10.87499999999982592, -12.75000000000000178 ) ) ;
#5327 = EDGE_LOOP ( 'NONE', ( #1113, #1413, #2104 ) ) ;
#5328 = CIRCLE ( 'NONE', #6768, 25.00000000000000000 ) ;
#5329 = AXIS2_PLACEMENT_3D ( 'NONE', #1892, #2453, #4566 ) ;
#5330 = EDGE_CURVE ( 'NONE', #2738, #3542, #5470, .T. ) ;
#5331 = CYLINDRICAL_SURFACE ( 'NONE', #5572, 26.50000000000000355 ) ;
#5332 = DIRECTION ( 'NONE',  ( -0.000000000000000000, -0.000000000000000000, -1.000000000000000000 ) ) ;
#5333 = AXIS2_PLACEMENT_3D ( 'NONE', #3389, #4442, #5477 ) ;
#5334 = CARTESIAN_POINT ( 'NONE',  ( 1.649999999999990807, -29.50000000000000000, -5.250000000000000000 ) ) ;
#5335 = DIRECTION ( 'NONE',  ( 0.4999999999999911182, -0.8660254037844438146, 0.000000000000000000 ) ) ;
#5336 = VERTEX_POINT ( 'NONE', #3093 ) ;
#5337 = CARTESIAN_POINT ( 'NONE',  ( 25.10930642499134180, -4.465647463719984778, -18.25722445815091177 ) ) ;
#5338 = AXIS2_PLACEMENT_3D ( 'NONE', #4370, #111, #1143 ) ;
#5339 = CARTESIAN_POINT ( 'NONE',  ( 15.15584834907539324, -11.63698447008406234, -17.75000000000000711 ) ) ;
#5340 = VERTEX_POINT ( 'NONE', #5186 ) ;
#5341 = CARTESIAN_POINT ( 'NONE',  ( 0.000000000000000000, -0.000000000000000000, -18.75000000000000355 ) ) ;
#5342 = CARTESIAN_POINT ( 'NONE',  ( -23.97274941164085860, 17.47798002192110189, -6.750000000000000888 ) ) ;
#5343 = VECTOR ( 'NONE', #5292, 1000.000000000000000 ) ;
#5344 = CARTESIAN_POINT ( 'NONE',  ( 2.010996139922138326, 18.39037505123857486, -6.150000000000001243 ) ) ;
#5345 = ORIENTED_EDGE ( 'NONE', *, *, #2381, .F. ) ;
#5346 = PLANE ( 'NONE',  #3359 ) ;
#5347 = EDGE_LOOP ( 'NONE', ( #4665, #4039, #5820, #5621, #5372, #2704, #6068, #4095, #2958, #26 ) ) ;
#5348 = VECTOR ( 'NONE', #3979, 1000.000000000000000 ) ;
#5349 = VERTEX_POINT ( 'NONE', #2569 ) ;
#5350 = DIRECTION ( 'NONE',  ( 0.4999999999999920064, -0.8660254037844432595, 0.000000000000000000 ) ) ;
#5351 = B_SPLINE_CURVE_WITH_KNOTS ( 'NONE', 3,
 ( #151, #2259, #5399, #2788 ),
 .UNSPECIFIED., .F., .F.,
 ( 4, 4 ),
 ( 1.868354362588067661E-17, 0.001414740136845116453 ),
 .UNSPECIFIED. ) ;
#5352 = CARTESIAN_POINT ( 'NONE',  ( 11.59010985392606052, 13.73843660097807096, -18.23526651095309958 ) ) ;
#5353 = EDGE_CURVE ( 'NONE', #5612, #2748, #2835, .T. ) ;
#5354 = AXIS2_PLACEMENT_3D ( 'NONE', #5545, #6553, #4055 ) ;
#5355 = DIRECTION ( 'NONE',  ( -0.5000000000000051070, -0.8660254037844358210, 0.000000000000000000 ) ) ;
#5356 = CARTESIAN_POINT ( 'NONE',  ( 18.48925794715140825, 3.543827902973541555, -18.06048925555252538 ) ) ;
#5357 = EDGE_LOOP ( 'NONE', ( #5345, #2127, #6326, #4867, #2135 ) ) ;
#5358 = CARTESIAN_POINT ( 'NONE',  ( 0.000000000000000000, 0.000000000000000000, -18.75000000000000355 ) ) ;
#5359 = DIRECTION ( 'NONE',  ( 0.000000000000000000, 0.000000000000000000, 1.000000000000000000 ) ) ;
#5360 = CARTESIAN_POINT ( 'NONE',  ( 1.994957212218742892, -31.93775423728816776, -6.750000000000000888 ) ) ;
#5361 = CARTESIAN_POINT ( 'NONE',  ( -13.10444576543433115, -14.39511022443083732, -18.75000000000000355 ) ) ;
#5362 = CARTESIAN_POINT ( 'NONE',  ( 8.212988127696203122, -23.25881595470490026, -18.09466008180904240 ) ) ;
#5363 = CARTESIAN_POINT ( 'NONE',  ( 0.000000000000000000, 0.000000000000000000, -18.75000000000000355 ) ) ;
#5364 = VECTOR ( 'NONE', #3859, 1000.000000000000000 ) ;
#5365 = ORIENTED_EDGE ( 'NONE', *, *, #2829, .T. ) ;
#5366 = DIRECTION ( 'NONE',  ( -0.000000000000000000, -0.000000000000000000, 1.000000000000000000 ) ) ;
#5367 = PLANE ( 'NONE',  #5111 ) ;
#5368 = ADVANCED_FACE ( 'NONE', ( #6821 ), #6358, .F. ) ;
#5369 = LINE ( 'NONE', #2858, #4780 ) ;
#5370 = CIRCLE ( 'NONE', #730, 2.500000000000000000 ) ;
#5371 = CARTESIAN_POINT ( 'NONE',  ( 8.302987010919867572, 23.58105919058479216, -18.17914030857284757 ) ) ;
#5372 = ORIENTED_EDGE ( 'NONE', *, *, #2909, .T. ) ;
#5373 = CARTESIAN_POINT ( 'NONE',  ( -16.37310300549358644, -18.00090396533261128, -18.41667154759604585 ) ) ;
#5374 = AXIS2_PLACEMENT_3D ( 'NONE', #6124, #1394, #359 ) ;
#5375 = CARTESIAN_POINT ( 'NONE',  ( 24.43268748899090426, -5.295638022496204300, -17.75000000000000000 ) ) ;
#5376 = ORIENTED_EDGE ( 'NONE', *, *, #3929, .F. ) ;
#5377 = FACE_OUTER_BOUND ( 'NONE', #4795, .T. ) ;
#5378 =( GEOMETRIC_REPRESENTATION_CONTEXT ( 3 ) GLOBAL_UNCERTAINTY_ASSIGNED_CONTEXT ( ( #662 ) ) GLOBAL_UNIT_ASSIGNED_CONTEXT ( ( #3378, #2287, #1183 ) ) REPRESENTATION_CONTEXT ( 'NONE', 'WORKASPACE' ) );
#5379 = CARTESIAN_POINT ( 'NONE',  ( -18.67096321048040508, 4.346497810319018384, -18.42019982191740723 ) ) ;
#5380 = ORIENTED_EDGE ( 'NONE', *, *, #863, .T. ) ;
#5381 = DIRECTION ( 'NONE',  ( 0.5000000000000039968, 0.8660254037844363761, 0.000000000000000000 ) ) ;
#5382 = ORIENTED_EDGE ( 'NONE', *, *, #4062, .F. ) ;
#5383 = ORIENTED_EDGE ( 'NONE', *, *, #2820, .F. ) ;
#5384 = EDGE_CURVE ( 'NONE', #5062, #4828, #219, .T. ) ;
#5385 = DIRECTION ( 'NONE',  ( 0.000000000000000000, 0.000000000000000000, 1.000000000000000000 ) ) ;
#5386 = CARTESIAN_POINT ( 'NONE',  ( -21.75000000000000000, 3.469446951953614189E-15, -18.25000000000002487 ) ) ;
#5387 = CARTESIAN_POINT ( 'NONE',  ( -14.91989083449898423, -11.59603669901123979, -17.83251694731106696 ) ) ;
#5388 = DIRECTION ( 'NONE',  ( -1.000000000000000000, 0.000000000000000000, 0.000000000000000000 ) ) ;
#5389 = ORIENTED_EDGE ( 'NONE', *, *, #4992, .T. ) ;
#5390 = ORIENTED_EDGE ( 'NONE', *, *, #3915, .F. ) ;
#5391 = DIRECTION ( 'NONE',  ( 0.000000000000000000, -0.000000000000000000, -1.000000000000000000 ) ) ;
#5392 = EDGE_CURVE ( 'NONE', #3259, #33, #1421, .T. ) ;
#5393 = DIRECTION ( 'NONE',  ( -0.000000000000000000, -0.000000000000000000, -1.000000000000000000 ) ) ;
#5394 = EDGE_CURVE ( 'NONE', #3247, #5828, #6726, .T. ) ;
#5395 = CARTESIAN_POINT ( 'NONE',  ( 8.376598957277783697, -23.55539139121748704, -18.27517112885534445 ) ) ;
#5396 = ORIENTED_EDGE ( 'NONE', *, *, #4190, .F. ) ;
#5397 = ORIENTED_EDGE ( 'NONE', *, *, #3610, .T. ) ;
#5398 = CARTESIAN_POINT ( 'NONE',  ( -11.92981020395720471, 14.13964739650740299, -18.75000000000000355 ) ) ;
#5399 = CARTESIAN_POINT ( 'NONE',  ( 16.58780865135181415, 18.25620377206503520, -18.08333802952936153 ) ) ;
#5400 = LINE ( 'NONE', #1109, #4500 ) ;
#5401 = ORIENTED_EDGE ( 'NONE', *, *, #1295, .F. ) ;
#5402 = EDGE_CURVE ( 'NONE', #1277, #746, #2677, .T. ) ;
#5403 = CARTESIAN_POINT ( 'NONE',  ( 24.24921954250071821, -4.516751617775024208, -18.09466008188131880 ) ) ;
#5404 = CARTESIAN_POINT ( 'NONE',  ( 5.454627451423639251, 18.02429822939877369, -18.08156649527050419 ) ) ;
#5405 = ORIENTED_EDGE ( 'NONE', *, *, #5180, .T. ) ;
#5406 = CARTESIAN_POINT ( 'NONE',  ( 8.340400482306558061, 23.02491034425661809, -19.27103692871223473 ) ) ;
#5407 = LINE ( 'NONE', #2301, #6557 ) ;
#5408 = DIRECTION ( 'NONE',  ( 0.5000000000000039968, 0.8660254037844363761, 0.000000000000000000 ) ) ;
#5409 = CARTESIAN_POINT ( 'NONE',  ( 7.516431917597764745, 23.49356557121846478, -18.08333802952935798 ) ) ;
#5410 = ORIENTED_EDGE ( 'NONE', *, *, #2452, .T. ) ;
#5411 = CARTESIAN_POINT ( 'NONE',  ( 11.97372919051074724, -14.10259235834122826, -18.50272108452414344 ) ) ;
#5412 = ORIENTED_EDGE ( 'NONE', *, *, #5910, .T. ) ;
#5413 = B_SPLINE_CURVE_WITH_KNOTS ( 'NONE', 3,
 ( #3326, #5409, #672, #2799 ),
 .UNSPECIFIED., .F., .F.,
 ( 4, 4 ),
 ( 0.000000000000000000, 0.001414740136845100190 ),
 .UNSPECIFIED. ) ;
#5414 = ORIENTED_EDGE ( 'NONE', *, *, #2069, .F. ) ;
#5415 = EDGE_CURVE ( 'NONE', #3730, #5278, #1140, .T. ) ;
#5416 = CARTESIAN_POINT ( 'NONE',  ( 2.010996139922117454, 18.39037505123858196, -5.950000000000000178 ) ) ;
#5417 = CARTESIAN_POINT ( 'NONE',  ( -1.994957212218750220, -31.93775423728816776, -6.750000000000000888 ) ) ;
#5418 = DIRECTION ( 'NONE',  ( -1.000000000000000000, 0.000000000000000000, 0.000000000000000000 ) ) ;
#5419 = CARTESIAN_POINT ( 'NONE',  ( -18.83605253231149135, 10.87500000000008704, -12.75000000000000178 ) ) ;
#5420 = CARTESIAN_POINT ( 'NONE',  ( -5.684894228234323776, -18.65293482575297190, -18.75000000000000355 ) ) ;
#5421 = EDGE_CURVE ( 'NONE', #429, #6360, #6364, .T. ) ;
#5422 = ORIENTED_EDGE ( 'NONE', *, *, #317, .F. ) ;
#5423 = CARTESIAN_POINT ( 'NONE',  ( -5.914308261917219589, 18.54633804759690818, -18.75000000000000355 ) ) ;
#5424 = CARTESIAN_POINT ( 'NONE',  ( -12.13829837623511665, -14.28042687942906497, -18.75000000000000355 ) ) ;
#5425 = CARTESIAN_POINT ( 'NONE',  ( -8.376598957277783697, 23.55539139121748704, -18.27517112885534445 ) ) ;
#5426 = CARTESIAN_POINT ( 'NONE',  ( -19.59625522393575636, -15.52374894148867490, -17.75000000000000355 ) ) ;
#5427 = CARTESIAN_POINT ( 'NONE',  ( 12.31802150065114887, -13.80322048845290617, -17.90054203017850298 ) ) ;
#5428 = EDGE_LOOP ( 'NONE', ( #732, #5131, #4327, #3721 ) ) ;
#5429 = AXIS2_PLACEMENT_3D ( 'NONE', #4340, #663, #3284 ) ;
#5430 = VECTOR ( 'NONE', #1132, 1000.000000000000000 ) ;
#5431 = DIRECTION ( 'NONE',  ( -1.000000000000000000, 0.000000000000000000, 0.000000000000000000 ) ) ;
#5432 = EDGE_CURVE ( 'NONE', #1058, #6814, #1288, .T. ) ;
#5433 = DIRECTION ( 'NONE',  ( 0.000000000000000000, 0.000000000000000000, -1.000000000000000000 ) ) ;
#5434 = CARTESIAN_POINT ( 'NONE',  ( 19.59625522393553254, -15.52374894148895379, -14.25000000000000178 ) ) ;
#5435 = CARTESIAN_POINT ( 'NONE',  ( 18.88653369023298723, 3.797732817746076073, -18.75000000000000355 ) ) ;
#5436 = AXIS2_PLACEMENT_3D ( 'NONE', #3332, #775, #5487 ) ;
#5437 = EDGE_CURVE ( 'NONE', #1994, #4497, #1201, .T. ) ;
#5438 = ORIENTED_EDGE ( 'NONE', *, *, #1374, .F. ) ;
#5439 = ADVANCED_FACE ( 'NONE', ( #5187 ), #2044, .F. ) ;
#5440 = DIRECTION ( 'NONE',  ( -0.000000000000000000, -0.000000000000000000, -1.000000000000000000 ) ) ;
#5441 = CARTESIAN_POINT ( 'NONE',  ( -11.28959422810705426, -27.72093231318435613, -5.249999999999999112 ) ) ;
#5442 = CIRCLE ( 'NONE', #2583, 3.149999999999999911 ) ;
#5443 = ORIENTED_EDGE ( 'NONE', *, *, #1337, .F. ) ;
#5444 = AXIS2_PLACEMENT_3D ( 'NONE', #2075, #1584, #5350 ) ;
#5445 = DIRECTION ( 'NONE',  ( 1.000000000000000000, 0.000000000000000000, 0.000000000000000000 ) ) ;
#5446 = VECTOR ( 'NONE', #5237, 1000.000000000000000 ) ;
#5447 = CARTESIAN_POINT ( 'NONE',  ( -24.45911162298682129, 5.173723985821731652, -17.75000000000000355 ) ) ;
#5448 = VERTEX_POINT ( 'NONE', #534 ) ;
#5449 = B_SPLINE_CURVE_WITH_KNOTS ( 'NONE', 3,
 ( #2774, #243, #1777, #1855, #1306, #6487, #6520, #3400, #4870, #6559 ),
 .UNSPECIFIED., .F., .F.,
 ( 4, 2, 2, 2, 4 ),
 ( 8.673617379884035472E-19, 0.0003697710609445206101, 0.0007395421218890403528, 0.001109313182833560150, 0.001479084243778079838 ),
 .UNSPECIFIED. ) ;
#5450 = ORIENTED_EDGE ( 'NONE', *, *, #6615, .F. ) ;
#5451 = VERTEX_POINT ( 'NONE', #2645 ) ;
#5452 = LINE ( 'NONE', #5897, #4029 ) ;
#5453 = AXIS2_PLACEMENT_3D ( 'NONE', #2471, #302, #2408 ) ;
#5454 = CARTESIAN_POINT ( 'NONE',  ( 14.92103390953509034, -10.93676126970429863, -8.250000000000000000 ) ) ;
#5455 = LINE ( 'NONE', #715, #5430 ) ;
#5456 = DIRECTION ( 'NONE',  ( 1.000000000000000000, 0.000000000000000000, 0.000000000000000000 ) ) ;
#5457 = ORIENTED_EDGE ( 'NONE', *, *, #932, .T. ) ;
#5458 = AXIS2_PLACEMENT_3D ( 'NONE', #381, #4594, #6209 ) ;
#5459 = ORIENTED_EDGE ( 'NONE', *, *, #5970, .T. ) ;
#5460 = CARTESIAN_POINT ( 'NONE',  ( -6.273538800741100374, 17.89974015217990910, -18.75000000000000355 ) ) ;
#5461 = AXIS2_PLACEMENT_3D ( 'NONE', #2395, #4980, #6049 ) ;
#5462 = EDGE_CURVE ( 'NONE', #1647, #4803, #410, .T. ) ;
#5463 = CARTESIAN_POINT ( 'NONE',  ( 8.466406701436698157, -23.52280670590432621, -18.50777622429792046 ) ) ;
#5464 = CARTESIAN_POINT ( 'NONE',  ( -24.60890913697417304, -4.404794140247707546, -18.62880109420078512 ) ) ;
#5465 = VERTEX_POINT ( 'NONE', #3310 ) ;
#5466 = CARTESIAN_POINT ( 'NONE',  ( -25.00000000000000000, 3.061616997868383043E-15, -10.75000000000000000 ) ) ;
#5467 = DIRECTION ( 'NONE',  ( -0.000000000000000000, -0.000000000000000000, 1.000000000000000000 ) ) ;
#5468 = EDGE_CURVE ( 'NONE', #449, #6134, #305, .T. ) ;
#5469 = CARTESIAN_POINT ( 'NONE',  ( 0.000000000000000000, 0.000000000000000000, -18.75000000000000355 ) ) ;
#5470 = CIRCLE ( 'NONE', #5789, 0.9999999999999991118 ) ;
#5471 = ORIENTED_EDGE ( 'NONE', *, *, #6066, .F. ) ;
#5472 = ADVANCED_FACE ( 'NONE', ( #1658 ), #5576, .F. ) ;
#5473 = DIRECTION ( 'NONE',  ( -0.8660254037844432595, -0.4999999999999919509, 0.000000000000000000 ) ) ;
#5474 = VECTOR ( 'NONE', #2912, 1000.000000000000114 ) ;
#5475 = ORIENTED_EDGE ( 'NONE', *, *, #3115, .T. ) ;
#5476 = EDGE_CURVE ( 'NONE', #4675, #3054, #4823, .T. ) ;
#5477 = DIRECTION ( 'NONE',  ( -1.000000000000000000, 0.000000000000000000, 0.000000000000000000 ) ) ;
#5478 = CARTESIAN_POINT ( 'NONE',  ( 10.08959422810705497, -27.72093231318435613, -5.249999999999999112 ) ) ;
#5479 = CIRCLE ( 'NONE', #3959, 2.399999999999985256 ) ;
#5481 = EDGE_CURVE ( 'NONE', #2430, #6224, #3622, .T. ) ;
#5480 = CARTESIAN_POINT ( 'NONE',  ( 18.66746194325711627, 4.345888257052427761, -18.41665177919101382 ) ) ;
#5482 = CARTESIAN_POINT ( 'NONE',  ( 14.86324772583608933, -12.62275195987105292, -14.25000000000000178 ) ) ;
#5483 = VERTEX_POINT ( 'NONE', #3235 ) ;
#5484 = EDGE_LOOP ( 'NONE', ( #451, #547, #1731, #846, #3675 ) ) ;
#5485 = AXIS2_PLACEMENT_3D ( 'NONE', #5729, #3736, #3066 ) ;
#5486 = LINE ( 'NONE', #4969, #678 ) ;
#5487 = DIRECTION ( 'NONE',  ( 0.4999999999999933942, -0.8660254037844425934, 0.000000000000000000 ) ) ;
#5488 = CARTESIAN_POINT ( 'NONE',  ( -18.11291080137155873, 3.766290310454114998, -17.90046786755696573 ) ) ;
#5489 = CARTESIAN_POINT ( 'NONE',  ( 11.92981020395740188, 14.13964739650723246, -18.75000000000000355 ) ) ;
#5490 = VERTEX_POINT ( 'NONE', #3276 ) ;
#5491 = VERTEX_POINT ( 'NONE', #6471 ) ;
#5492 = ORIENTED_EDGE ( 'NONE', *, *, #2685, .T. ) ;
#5493 = CARTESIAN_POINT ( 'NONE',  ( -8.513208814700213622, 23.50585619962205541, -18.75000000000000355 ) ) ;
#5494 = VERTEX_POINT ( 'NONE', #3350 ) ;
#5495 = ORIENTED_EDGE ( 'NONE', *, *, #3498, .T. ) ;
#5496 = CARTESIAN_POINT ( 'NONE',  ( 16.15451044625637067, -17.74100701542725389, -18.75601038427238265 ) ) ;
#5497 = ADVANCED_FACE ( 'NONE', ( #4925 ), #2329, .T. ) ;
#5498 =( NAMED_UNIT ( * ) PLANE_ANGLE_UNIT ( ) SI_UNIT ( $, .RADIAN. ) );
#5499 = CARTESIAN_POINT ( 'NONE',  ( -27.35408947164600946, 16.60674781976028314, -6.184803070776124123 ) ) ;
#5500 = DIRECTION ( 'NONE',  ( -0.5000000000000039968, -0.8660254037844363761, 0.000000000000000000 ) ) ;
#5501 = VERTEX_POINT ( 'NONE', #6054 ) ;
#5502 = ADVANCED_FACE ( 'NONE', ( #3452 ), #1396, .F. ) ;
#5503 = ORIENTED_EDGE ( 'NONE', *, *, #536, .F. ) ;
#5504 = CARTESIAN_POINT ( 'NONE',  ( -8.513208814700218952, -23.50585619962205186, -18.75000000000000355 ) ) ;
#5505 = CARTESIAN_POINT ( 'NONE',  ( -25.54774941164087210, 14.75000000000012434, -6.750000000000000888 ) ) ;
#5506 = DIRECTION ( 'NONE',  ( -1.000000000000000000, 0.000000000000000000, 0.000000000000000000 ) ) ;
#5507 = DIRECTION ( 'NONE',  ( -0.000000000000000000, -0.000000000000000000, -1.000000000000000000 ) ) ;
#5508 = ORIENTED_EDGE ( 'NONE', *, *, #2438, .F. ) ;
#5509 = ORIENTED_EDGE ( 'NONE', *, *, #4459, .F. ) ;
#5510 = VERTEX_POINT ( 'NONE', #3526 ) ;
#5511 = LINE ( 'NONE', #6700, #3946 ) ;
#5512 = DIRECTION ( 'NONE',  ( -0.000000000000000000, -0.000000000000000000, -1.000000000000000000 ) ) ;
#5513 = DIRECTION ( 'NONE',  ( 0.000000000000000000, 0.000000000000000000, -1.000000000000000000 ) ) ;
#5514 = ADVANCED_FACE ( 'NONE', ( #5792 ), #3121, .F. ) ;
#5515 = CARTESIAN_POINT ( 'NONE',  ( -12.66926282864351805, -13.48108969552356839, -17.75000000000000711 ) ) ;
#5516 = ADVANCED_FACE ( 'NONE', ( #5723 ), #329, .F. ) ;
#5517 = CYLINDRICAL_SURFACE ( 'NONE', #1393, 1.500000000000001776 ) ;
#5518 = ORIENTED_EDGE ( 'NONE', *, *, #3761, .T. ) ;
#5519 = ORIENTED_EDGE ( 'NONE', *, *, #5394, .F. ) ;
#5520 = VERTEX_POINT ( 'NONE', #3200 ) ;
#5521 = CARTESIAN_POINT ( 'NONE',  ( -24.77634098243722249, 4.406920871228988013, -18.59515134009910042 ) ) ;
#5522 = CARTESIAN_POINT ( 'NONE',  ( -16.58780865135156191, 18.25620377206526967, -18.08333802952935798 ) ) ;
#5523 = DIRECTION ( 'NONE',  ( -0.000000000000000000, -0.000000000000000000, -1.000000000000000000 ) ) ;
#5524 = ORIENTED_EDGE ( 'NONE', *, *, #5066, .T. ) ;
#5525 = VERTEX_POINT ( 'NONE', #988 ) ;
#5526 = DIRECTION ( 'NONE',  ( -0.000000000000000000, -0.000000000000000000, -1.000000000000000000 ) ) ;
#5527 = CARTESIAN_POINT ( 'NONE',  ( -5.340334732698440057, 17.71244830458891428, -17.75000000000000711 ) ) ;
#5528 = DIRECTION ( 'NONE',  ( -0.000000000000000000, -0.000000000000000000, -1.000000000000000000 ) ) ;
#5529 = ORIENTED_EDGE ( 'NONE', *, *, #2123, .T. ) ;
#5530 = AXIS2_PLACEMENT_3D ( 'NONE', #2484, #6627, #4558 ) ;
#5531 = AXIS2_PLACEMENT_3D ( 'NONE', #842, #5057, #2436 ) ;
#5532 = ADVANCED_FACE ( 'NONE', ( #6779 ), #866, .F. ) ;
#5533 = VERTEX_POINT ( 'NONE', #6612 ) ;
#5534 = CARTESIAN_POINT ( 'NONE',  ( 6.175761895218290221, -17.78456848799811851, -18.06100856669478461 ) ) ;
#5535 = CIRCLE ( 'NONE', #4443, 15.00000000000000000 ) ;
#5536 = CONICAL_SURFACE ( 'NONE', #2578, 1.899999999999999023, 0.7853981633974557175 ) ;
#5537 = DIRECTION ( 'NONE',  ( 0.000000000000000000, 0.000000000000000000, 1.000000000000000000 ) ) ;
#5538 = CYLINDRICAL_SURFACE ( 'NONE', #4893, 1.500000000000000222 ) ;
#5539 = CARTESIAN_POINT ( 'NONE',  ( -14.99813422444433719, -12.70062871615226285, -18.75000000000000355 ) ) ;
#5540 = VERTEX_POINT ( 'NONE', #5755 ) ;
#5541 = AXIS2_PLACEMENT_3D ( 'NONE', #6844, #524, #1651 ) ;
#5542 = EDGE_LOOP ( 'NONE', ( #6391, #5475, #3327, #3161, #6412 ) ) ;
#5543 = CARTESIAN_POINT ( 'NONE',  ( -16.80749709440024020, 18.51745047815839840, -17.74224258776247254 ) ) ;
#5544 = ORIENTED_EDGE ( 'NONE', *, *, #4684, .F. ) ;
#5545 = CARTESIAN_POINT ( 'NONE',  ( 0.000000000000000000, 0.000000000000000000, -18.75000000000000355 ) ) ;
#5546 = DIRECTION ( 'NONE',  ( -1.000000000000000000, 0.000000000000000000, 0.000000000000000000 ) ) ;
#5547 = CARTESIAN_POINT ( 'NONE',  ( -10.87499999999999645, 18.83605253231154109, -8.750000000000001776 ) ) ;
#5548 = ADVANCED_FACE ( 'NONE', ( #1553, #4200 ), #5054, .T. ) ;
#5549 = CYLINDRICAL_SURFACE ( 'NONE', #4127, 1.899999999999999023 ) ;
#5550 = VECTOR ( 'NONE', #2628, 1000.000000000000000 ) ;
#5551 = DIRECTION ( 'NONE',  ( -0.000000000000000000, -0.000000000000000000, -1.000000000000000000 ) ) ;
#5552 = ORIENTED_EDGE ( 'NONE', *, *, #1127, .F. ) ;
#5553 = EDGE_CURVE ( 'NONE', #6552, #2349, #6473, .T. ) ;
#5554 = ORIENTED_EDGE ( 'NONE', *, *, #4273, .F. ) ;
#5555 = DIRECTION ( 'NONE',  ( -1.000000000000000000, 0.000000000000000000, 0.000000000000000000 ) ) ;
#5556 = EDGE_CURVE ( 'NONE', #6206, #1057, #6646, .T. ) ;
#5557 = DIRECTION ( 'NONE',  ( 1.000000000000000000, 0.000000000000000000, 0.000000000000000000 ) ) ;
#5558 = AXIS2_PLACEMENT_3D ( 'NONE', #2045, #2114, #2572 ) ;
#5559 = DIRECTION ( 'NONE',  ( -0.000000000000000000, -0.000000000000000000, -1.000000000000000000 ) ) ;
#5560 = CARTESIAN_POINT ( 'NONE',  ( 0.000000000000000000, 0.000000000000000000, -6.750000000000000888 ) ) ;
#5561 = ORIENTED_EDGE ( 'NONE', *, *, #3890, .T. ) ;
#5562 = CARTESIAN_POINT ( 'NONE',  ( -7.286907540948411643, -22.86071993986933037, -18.75601038427603129 ) ) ;
#5563 = CARTESIAN_POINT ( 'NONE',  ( 15.98733848957364145, -18.99449276311515433, -18.93306426489302652 ) ) ;
#5564 = FACE_OUTER_BOUND ( 'NONE', #5142, .T. ) ;
#5565 = CARTESIAN_POINT ( 'NONE',  ( 12.77499999999999858, 18.83605253231153753, -18.24999999999999645 ) ) ;
#5566 = ORIENTED_EDGE ( 'NONE', *, *, #1670, .F. ) ;
#5567 = CIRCLE ( 'NONE', #6456, 26.50000000000000355 ) ;
#5568 = FACE_OUTER_BOUND ( 'NONE', #2331, .T. ) ;
#5569 = CARTESIAN_POINT ( 'NONE',  ( 23.44734042848213917, -5.120764281908230409, -18.75000000000000355 ) ) ;
#5570 = CARTESIAN_POINT ( 'NONE',  ( 12.88218642275253423, -13.73599505152099987, -18.08156648969051972 ) ) ;
#5571 = LINE ( 'NONE', #404, #3016 ) ;
#5572 = AXIS2_PLACEMENT_3D ( 'NONE', #2291, #81, #2188 ) ;
#5573 = DIRECTION ( 'NONE',  ( -1.000000000000000000, 0.000000000000000000, 0.000000000000000000 ) ) ;
#5574 = DIRECTION ( 'NONE',  ( -0.000000000000000000, -0.000000000000000000, 1.000000000000000000 ) ) ;
#5575 = FACE_BOUND ( 'NONE', #2817, .T. ) ;
#5576 = TOROIDAL_SURFACE ( 'NONE', #4286, 1.500000000000000000, 0.5000000000000000000 ) ;
#5577 = ORIENTED_EDGE ( 'NONE', *, *, #999, .F. ) ;
#5578 = ORIENTED_EDGE ( 'NONE', *, *, #2999, .F. ) ;
#5579 = CARTESIAN_POINT ( 'NONE',  ( 0.000000000000000000, 0.000000000000000000, -6.750000000000000888 ) ) ;
#5580 = B_SPLINE_CURVE_WITH_KNOTS ( 'NONE', 3,
 ( #1511, #952, #6287, #2102, #879, #6213, #1542, #980, #2027, #4660 ),
 .UNSPECIFIED., .F., .F.,
 ( 4, 2, 2, 2, 4 ),
 ( 0.000000000000000000, 0.0003741468002070889648, 0.0007482936004141779295, 0.001122440400621266786, 0.001496587200828355859 ),
 .UNSPECIFIED. ) ;
#5581 = CYLINDRICAL_SURFACE ( 'NONE', #4015, 2.499999999999998668 ) ;
#5582 =( BOUNDED_CURVE ( )  B_SPLINE_CURVE ( 3, ( #3044, #4523, #5135, #3952 ),
 .UNSPECIFIED., .F., .F. ) 
 B_SPLINE_CURVE_WITH_KNOTS ( ( 4, 4 ),
 ( 5.432388077210861255, 6.283185307179586232 ),
 .UNSPECIFIED. ) 
 CURVE ( )  GEOMETRIC_REPRESENTATION_ITEM ( )  RATIONAL_B_SPLINE_CURVE ( ( 1.000000000000000000, 0.9405828688914459335, 0.9405828688914459335, 1.000000000000000000 ) ) 
 REPRESENTATION_ITEM ( '' )  );
#5583 = CARTESIAN_POINT ( 'NONE',  ( -7.288958259316671295, 22.86637460320152115, -18.75000000000000355 ) ) ;
#5584 = VECTOR ( 'NONE', #1433, 1000.000000000000000 ) ;
#5585 = CARTESIAN_POINT ( 'NONE',  ( 13.31146830012040994, 14.24973023235490999, -18.75000000000000355 ) ) ;
#5586 = ORIENTED_EDGE ( 'NONE', *, *, #1231, .F. ) ;
#5587 = ORIENTED_EDGE ( 'NONE', *, *, #3992, .F. ) ;
#5588 = EDGE_CURVE ( 'NONE', #4430, #6829, #5684, .T. ) ;
#5589 = CIRCLE ( 'NONE', #2177, 25.00000000000000000 ) ;
#5590 = CARTESIAN_POINT ( 'NONE',  ( -18.11981512571183828, 26.37560046349702603, -6.750000000000000888 ) ) ;
#5591 = B_SPLINE_CURVE_WITH_KNOTS ( 'NONE', 3,
 ( #3022, #3550, #3623, #3517 ),
 .UNSPECIFIED., .F., .F.,
 ( 4, 4 ),
 ( 0.0003853778271919960051, 0.0007333287950166404072 ),
 .UNSPECIFIED. ) ;
#5592 = CARTESIAN_POINT ( 'NONE',  ( -29.05182871386008259, 5.122621241174761586, -6.750000000000000888 ) ) ;
#5593 = LINE ( 'NONE', #1966, #1693 ) ;
#5594 = VERTEX_POINT ( 'NONE', #4716 ) ;
#5595 = EDGE_CURVE ( 'NONE', #6625, #1475, #1522, .T. ) ;
#5596 = ORIENTED_EDGE ( 'NONE', *, *, #6455, .T. ) ;
#5597 = CARTESIAN_POINT ( 'NONE',  ( -3.612708057484691604E-15, -29.50000000000000000, -5.250000000000000000 ) ) ;
#5598 = DIRECTION ( 'NONE',  ( -0.000000000000000000, -0.000000000000000000, 1.000000000000000000 ) ) ;
#5599 = CARTESIAN_POINT ( 'NONE',  ( 0.000000000000000000, 0.000000000000000000, -5.750000000000000888 ) ) ;
#5600 = ADVANCED_FACE ( 'NONE', ( #2673 ), #4674, .F. ) ;
#5601 = B_SPLINE_CURVE_WITH_KNOTS ( 'NONE', 3,
 ( #5962, #774, #2839, #4359 ),
 .UNSPECIFIED., .F., .F.,
 ( 4, 4 ),
 ( 3.878959614448864246E-18, 0.001257569546347865868 ),
 .UNSPECIFIED. ) ;
#5602 = DIRECTION ( 'NONE',  ( -0.3535533905932669030, 0.6123724356957958026, -0.7071067811865500152 ) ) ;
#5603 = VERTEX_POINT ( 'NONE', #2079 ) ;
#5604 = CARTESIAN_POINT ( 'NONE',  ( -21.75000000000000000, 3.469446951953614189E-15, -8.750000000000001776 ) ) ;
#5605 = CARTESIAN_POINT ( 'NONE',  ( 16.11911819238253329, -19.10954340191869250, -18.62880109420079222 ) ) ;
#5606 = EDGE_CURVE ( 'NONE', #113, #4900, #3490, .T. ) ;
#5607 = DIRECTION ( 'NONE',  ( 1.000000000000000000, 0.000000000000000000, 0.000000000000000000 ) ) ;
#5608 = FACE_OUTER_BOUND ( 'NONE', #2642, .T. ) ;
#5609 = CARTESIAN_POINT ( 'NONE',  ( 18.08605253231165122, 12.17403810567648925, -12.75000000000000178 ) ) ;
#5610 = ORIENTED_EDGE ( 'NONE', *, *, #5129, .F. ) ;
#5611 = DIRECTION ( 'NONE',  ( 0.000000000000000000, 0.000000000000000000, -1.000000000000000000 ) ) ;
#5612 = VERTEX_POINT ( 'NONE', #5214 ) ;
#5613 = ORIENTED_EDGE ( 'NONE', *, *, #6416, .T. ) ;
#5614 = CARTESIAN_POINT ( 'NONE',  ( -17.21694394653191296, -6.770661290741639249, -13.87204741596997337 ) ) ;
#5615 = DIRECTION ( 'NONE',  ( 0.000000000000000000, 0.000000000000000000, 1.000000000000000000 ) ) ;
#5616 = DIRECTION ( 'NONE',  ( 0.000000000000000000, 0.000000000000000000, 1.000000000000000000 ) ) ;
#5617 = CARTESIAN_POINT ( 'NONE',  ( -7.630186687767061215, 23.80714705944041398, -17.75000000000000355 ) ) ;
#5618 = FACE_OUTER_BOUND ( 'NONE', #4263, .T. ) ;
#5619 = VERTEX_POINT ( 'NONE', #6294 ) ;
#5620 = EDGE_CURVE ( 'NONE', #2350, #6525, #2606, .T. ) ;
#5621 = ORIENTED_EDGE ( 'NONE', *, *, #4258, .T. ) ;
#5622 = ORIENTED_EDGE ( 'NONE', *, *, #745, .F. ) ;
#5623 = FACE_OUTER_BOUND ( 'NONE', #3686, .T. ) ;
#5624 = CARTESIAN_POINT ( 'NONE',  ( -2.499999999999999556, 23.74342014116752964, -14.25000000000000178 ) ) ;
#5625 = ORIENTED_EDGE ( 'NONE', *, *, #3621, .T. ) ;
#5626 = LINE ( 'NONE', #3062, #5126 ) ;
#5627 = CARTESIAN_POINT ( 'NONE',  ( 22.52936813157553786, -9.471942659486394689, -18.31174109948312179 ) ) ;
#5628 = CARTESIAN_POINT ( 'NONE',  ( -26.83079518844103362, 17.44139400670151119, -6.571192511682277804 ) ) ;
#5629 = EDGE_CURVE ( 'NONE', #4197, #5540, #6849, .T. ) ;
#5630 = CARTESIAN_POINT ( 'NONE',  ( -1.499999999999998668, -21.75000000000000000, -18.75000000000000355 ) ) ;
#5631 = VERTEX_POINT ( 'NONE', #4004 ) ;
#5632 = ADVANCED_FACE ( 'NONE', ( #837, #5568 ), #2282, .T. ) ;
#5633 = CARTESIAN_POINT ( 'NONE',  ( 11.59011592497170895, -13.73844382149058774, -18.23527588802607724 ) ) ;
#5634 = DIRECTION ( 'NONE',  ( 1.000000000000000000, 0.000000000000000000, 0.000000000000000000 ) ) ;
#5635 = EDGE_CURVE ( 'NONE', #4123, #4956, #6696, .T. ) ;
#5636 = FACE_OUTER_BOUND ( 'NONE', #2750, .T. ) ;
#5637 = CIRCLE ( 'NONE', #1567, 24.00000000000000355 ) ;
#5638 = AXIS2_PLACEMENT_3D ( 'NONE', #5664, #2745, #4840 ) ;
#5639 = CARTESIAN_POINT ( 'NONE',  ( -17.42154271425486911, -6.224134434232047930, -14.25000000000000178 ) ) ;
#5640 = CARTESIAN_POINT ( 'NONE',  ( 0.000000000000000000, 19.87560046349701892, -5.250000000000000000 ) ) ;
#5641 = EDGE_LOOP ( 'NONE', ( #538, #1190 ) ) ;
#5642 = CARTESIAN_POINT ( 'NONE',  ( 17.86324772583611775, -7.426599537164424447, -14.25000000000000178 ) ) ;
#5643 = CARTESIAN_POINT ( 'NONE',  ( -14.86324772583626697, -12.62275195987083620, -5.750000000000000888 ) ) ;
#5644 = AXIS2_PLACEMENT_3D ( 'NONE', #2090, #4788, #6343 ) ;
#5645 = ORIENTED_EDGE ( 'NONE', *, *, #2381, .T. ) ;
#5646 = CARTESIAN_POINT ( 'NONE',  ( -17.29765495783236418, -6.560574133395446594, -14.00243110698344573 ) ) ;
#5647 = AXIS2_PLACEMENT_3D ( 'NONE', #6785, #5900, #435 ) ;
#5648 = CYLINDRICAL_SURFACE ( 'NONE', #5085, 0.5000000000000000000 ) ;
#5649 = LINE ( 'NONE', #1986, #2911 ) ;
#5650 = AXIS2_PLACEMENT_3D ( 'NONE', #4810, #2672, #1483 ) ;
#5651 = B_SPLINE_CURVE_WITH_KNOTS ( 'NONE', 3,
 ( #1037, #6192, #968, #501, #5158, #2116 ),
 .UNSPECIFIED., .F., .F.,
 ( 4, 2, 4 ),
 ( 8.673617379884035472E-19, 0.0003657429268245162863, 0.0007314858536490317052 ),
 .UNSPECIFIED. ) ;
#5652 = DIRECTION ( 'NONE',  ( 1.000000000000000000, 0.000000000000000000, 0.000000000000000000 ) ) ;
#5653 = ORIENTED_EDGE ( 'NONE', *, *, #3423, .T. ) ;
#5654 = ORIENTED_EDGE ( 'NONE', *, *, #4515, .F. ) ;
#5655 = ORIENTED_EDGE ( 'NONE', *, *, #1718, .F. ) ;
#5656 = CARTESIAN_POINT ( 'NONE',  ( 2.840616007036597335, 24.49522646584405194, -18.09061600703660488 ) ) ;
#5657 = AXIS2_PLACEMENT_3D ( 'NONE', #2313, #712, #4869 ) ;
#5658 = CARTESIAN_POINT ( 'NONE',  ( 23.44734042848213917, -5.120764281908230409, -18.75000000000000355 ) ) ;
#5659 = ORIENTED_EDGE ( 'NONE', *, *, #6691, .T. ) ;
#5660 = ORIENTED_EDGE ( 'NONE', *, *, #6141, .F. ) ;
#5661 = CARTESIAN_POINT ( 'NONE',  ( -5.794752313805542343, 17.56938604569631934, -17.90046786755696573 ) ) ;
#5662 = DIRECTION ( 'NONE',  ( 1.000000000000000000, 0.000000000000000000, 0.000000000000000000 ) ) ;
#5663 = CARTESIAN_POINT ( 'NONE',  ( -16.04091111934097924, -19.01618160313173078, -18.75000000000000711 ) ) ;
#5664 = CARTESIAN_POINT ( 'NONE',  ( 0.000000000000000000, 0.000000000000000000, -6.750000000000000888 ) ) ;
#5665 = AXIS2_PLACEMENT_3D ( 'NONE', #6795, #2055, #507 ) ;
#5666 = FACE_OUTER_BOUND ( 'NONE', #3840, .T. ) ;
#5667 = VERTEX_POINT ( 'NONE', #1623 ) ;
#5668 = CIRCLE ( 'NONE', #55, 3.150000000000002576 ) ;
#5669 = EDGE_CURVE ( 'NONE', #6803, #35, #2843, .T. ) ;
#5670 = EDGE_CURVE ( 'NONE', #3097, #3876, #6459, .T. ) ;
#5671 = CARTESIAN_POINT ( 'NONE',  ( 19.81240501497811479, -14.90279898382939905, -14.25000000000000178 ) ) ;
#5672 = DIRECTION ( 'NONE',  ( -1.000000000000000000, 0.000000000000000000, 0.000000000000000000 ) ) ;
#5673 = AXIS2_PLACEMENT_3D ( 'NONE', #3535, #1814, #312 ) ;
#5674 = CARTESIAN_POINT ( 'NONE',  ( 2.000000000000007105, 19.18332609325088001, -14.25000000000000178 ) ) ;
#5675 = CARTESIAN_POINT ( 'NONE',  ( 2.737444804396497400, 18.53640293424503582, -17.98744480439650673 ) ) ;
#5676 = VERTEX_POINT ( 'NONE', #5420 ) ;
#5677 = EDGE_CURVE ( 'NONE', #6251, #2377, #4605, .T. ) ;
#5678 = DIRECTION ( 'NONE',  ( 0.000000000000000000, 0.000000000000000000, 1.000000000000000000 ) ) ;
#5679 = CIRCLE ( 'NONE', #1162, 26.50000000000000355 ) ;
#5680 = ORIENTED_EDGE ( 'NONE', *, *, #5171, .F. ) ;
#5681 = DIRECTION ( 'NONE',  ( 0.000000000000000000, 0.000000000000000000, -1.000000000000000000 ) ) ;
#5682 = CARTESIAN_POINT ( 'NONE',  ( 18.69311216983911805, -3.344364204794358475, -19.24987166245047376 ) ) ;
#5683 = EDGE_CURVE ( 'NONE', #2879, #2738, #2420, .T. ) ;
#5684 = CIRCLE ( 'NONE', #1497, 1.200000000000000178 ) ;
#5685 = CARTESIAN_POINT ( 'NONE',  ( -13.78203247860110459, -28.88002044249249423, -6.750000000000000888 ) ) ;
#5686 = EDGE_LOOP ( 'NONE', ( #1535, #708, #612, #3053 ) ) ;
#5687 = ORIENTED_EDGE ( 'NONE', *, *, #4229, .T. ) ;
#5688 = ORIENTED_EDGE ( 'NONE', *, *, #2438, .T. ) ;
#5689 = DIRECTION ( 'NONE',  ( 0.8660254037844363761, -0.5000000000000039968, 0.000000000000000000 ) ) ;
#5690 = CARTESIAN_POINT ( 'NONE',  ( -10.87500000000000888, -18.83605253231153398, -18.25000000000002132 ) ) ;
#5691 = CARTESIAN_POINT ( 'NONE',  ( 13.31146830012030513, -14.24973023235500236, -18.75000000000000355 ) ) ;
#5692 = CIRCLE ( 'NONE', #4933, 2.400000000000015010 ) ;
#5693 = EDGE_LOOP ( 'NONE', ( #5877, #3091, #781, #3324, #1152, #4389, #3418, #5492, #1710, #2171 ) ) ;
#5694 = DIRECTION ( 'NONE',  ( -0.000000000000000000, -0.000000000000000000, 1.000000000000000000 ) ) ;
#5695 = FACE_OUTER_BOUND ( 'NONE', #1974, .T. ) ;
#5696 = CARTESIAN_POINT ( 'NONE',  ( -15.91483899473922214, -18.16980289737927734, -18.75000000000000355 ) ) ;
#5697 = CARTESIAN_POINT ( 'NONE',  ( 24.61327301392676148, 4.380272998558972120, -18.75000000000000355 ) ) ;
#5698 = CARTESIAN_POINT ( 'NONE',  ( -7.288958259316672184, -22.86637460320151760, -18.75000000000000355 ) ) ;
#5699 = AXIS2_PLACEMENT_3D ( 'NONE', #84, #4435, #5335 ) ;
#5700 = DIRECTION ( 'NONE',  ( 0.000000000000000000, 0.000000000000000000, 1.000000000000000000 ) ) ;
#5701 = EDGE_LOOP ( 'NONE', ( #4739, #377, #3762, #348, #4641 ) ) ;
#5702 = EDGE_CURVE ( 'NONE', #3043, #273, #4022, .T. ) ;
#5703 = DIRECTION ( 'NONE',  ( 0.000000000000000000, 0.000000000000000000, 1.000000000000000000 ) ) ;
#5704 = CARTESIAN_POINT ( 'NONE',  ( 19.35000000000001563, 0.000000000000000000, -18.75000000000000355 ) ) ;
#5705 = ADVANCED_FACE ( 'NONE', ( #6597 ), #5517, .F. ) ;
#5706 = CARTESIAN_POINT ( 'NONE',  ( 10.87500000000000355, -18.83605253231153753, -18.25000000000002487 ) ) ;
#5707 = ORIENTED_EDGE ( 'NONE', *, *, #2929, .F. ) ;
#5708 = CARTESIAN_POINT ( 'NONE',  ( -1.249999999999979794, 2.165063509461108371, -17.75000000000000355 ) ) ;
#5709 = EDGE_LOOP ( 'NONE', ( #4638, #51, #5457, #1066, #6808 ) ) ;
#5710 = CARTESIAN_POINT ( 'NONE',  ( -6.291709540207952145, 18.10235052396634359, -18.39952984009505954 ) ) ;
#5711 = CARTESIAN_POINT ( 'NONE',  ( 16.06561598935219592, 17.83007917633285899, -18.75000000000000355 ) ) ;
#5712 = CARTESIAN_POINT ( 'NONE',  ( 29.05182871386014654, 5.122621241174355688, -6.750000000000000888 ) ) ;
#5713 = CARTESIAN_POINT ( 'NONE',  ( 12.13686638721898170, -14.27966840827385298, -18.75000000000000355 ) ) ;
#5714 = VERTEX_POINT ( 'NONE', #6108 ) ;
#5715 = ORIENTED_EDGE ( 'NONE', *, *, #2012, .T. ) ;
#5716 = ORIENTED_EDGE ( 'NONE', *, *, #5310, .F. ) ;
#5717 = EDGE_CURVE ( 'NONE', #788, #645, #4514, .T. ) ;
#5718 = CARTESIAN_POINT ( 'NONE',  ( -10.87500000000000888, -18.83605253231153398, -8.750000000000001776 ) ) ;
#5719 = CARTESIAN_POINT ( 'NONE',  ( 2.995632640432866367, 18.25672818883409931, -14.01028823561938275 ) ) ;
#5720 = ADVANCED_FACE ( 'NONE', ( #6666 ), #3289, .F. ) ;
#5721 = DIRECTION ( 'NONE',  ( -1.000000000000000000, 0.000000000000000000, 0.000000000000000000 ) ) ;
#5722 = DIRECTION ( 'NONE',  ( -0.000000000000000000, -0.000000000000000000, -1.000000000000000000 ) ) ;
#5723 = FACE_OUTER_BOUND ( 'NONE', #316, .T. ) ;
#5724 = ORIENTED_EDGE ( 'NONE', *, *, #2101, .T. ) ;
#5725 = CARTESIAN_POINT ( 'NONE',  ( 0.000000000000000000, 19.87560046349701892, -6.750000000000000888 ) ) ;
#5726 = CARTESIAN_POINT ( 'NONE',  ( 19.31240501497811834, -14.03677358004496156, -13.75000000000000178 ) ) ;
#5727 = CARTESIAN_POINT ( 'NONE',  ( -18.82191840763427138, -3.602213903883893842, -18.39848152453548735 ) ) ;
#5728 = CARTESIAN_POINT ( 'NONE',  ( 5.794752313805540567, -17.56938604569631934, -17.90046786755696573 ) ) ;
#5729 = CARTESIAN_POINT ( 'NONE',  ( 0.000000000000000000, 9.937800231748509461, -6.150000000000001243 ) ) ;
#5730 = ORIENTED_EDGE ( 'NONE', *, *, #1521, .T. ) ;
#5731 = CARTESIAN_POINT ( 'NONE',  ( 6.298063266354315459, -17.65228819224949675, -18.75000000000000355 ) ) ;
#5732 = ORIENTED_EDGE ( 'NONE', *, *, #4560, .F. ) ;
#5733 = CARTESIAN_POINT ( 'NONE',  ( -26.50000000000000355, 3.245314017740486554E-15, -6.950000000000000178 ) ) ;
#5734 = ORIENTED_EDGE ( 'NONE', *, *, #251, .F. ) ;
#5735 = CARTESIAN_POINT ( 'NONE',  ( 11.28959422810705426, -27.72093231318435613, 6.750000000000000888 ) ) ;
#5736 = VERTEX_POINT ( 'NONE', #1338 ) ;
#5737 = CARTESIAN_POINT ( 'NONE',  ( 0.000000000000000000, 0.000000000000000000, -6.950000000000000178 ) ) ;
#5738 = CARTESIAN_POINT ( 'NONE',  ( 18.50000000000000000, 2.265596578422603396E-15, -18.75000000000000355 ) ) ;
#5739 = DIRECTION ( 'NONE',  ( 0.000000000000000000, 0.000000000000000000, -1.000000000000000000 ) ) ;
#5740 = EDGE_LOOP ( 'NONE', ( #282, #836 ) ) ;
#5741 = CONICAL_SURFACE ( 'NONE', #2797, 1.899999999999997247, 0.7853981633974594923 ) ;
#5742 = AXIS2_PLACEMENT_3D ( 'NONE', #557, #6292, #5721 ) ;
#5743 =( BOUNDED_SURFACE ( )  B_SPLINE_SURFACE ( 3, 2, ( 
 ( #4834, #166, #2767 ),
 ( #5277, #616, #93 ),
 ( #5379, #3815, #551 ),
 ( #1160, #644, #2270 ) ),
 .UNSPECIFIED., .F., .F., .T. ) 
 B_SPLINE_SURFACE_WITH_KNOTS ( ( 4, 4 ),
 ( 3, 3 ),
 ( 0.01927081301317759565, 0.02070637700300045903 ),
 ( 0.000000000000000000, 0.7968612588050341117 ),
 .UNSPECIFIED. ) 
 GEOMETRIC_REPRESENTATION_ITEM ( )  RATIONAL_B_SPLINE_SURFACE ( (
 ( 1.000000000000000000, 0.7552910309719298443, 0.9005802561450400034),
 ( 1.000000000000000000, 0.7555082812096363121, 0.9006685200246639100),
 ( 1.000000000000000000, 0.7557130691372255793, 0.9007517207483086707),
 ( 1.000000000000000000, 0.7559073240767002488, 0.9008306421560601240) ) ) 
 REPRESENTATION_ITEM ( '' )  SURFACE ( )  );
#5744 = ORIENTED_EDGE ( 'NONE', *, *, #6607, .F. ) ;
#5745 = VERTEX_POINT ( 'NONE', #4492 ) ;
#5746 = ADVANCED_FACE ( 'NONE', ( #6522 ), #5006, .T. ) ;
#5747 = DIRECTION ( 'NONE',  ( 1.000000000000000000, 0.000000000000000000, 0.000000000000000000 ) ) ;
#5748 = B_SPLINE_CURVE_WITH_KNOTS ( 'NONE', 3,
 ( #5504, #2998, #5084, #2473, #4108, #4580, #1874, #4989, #1297, #6688 ),
 .UNSPECIFIED., .F., .F.,
 ( 4, 2, 2, 2, 4 ),
 ( -0.0009489708195408632762, -0.0005792780970374664063, -0.0002095853745340695365, 0.0001601073479693272249, 0.0005298000704727242032 ),
 .UNSPECIFIED. ) ;
#5749 = CIRCLE ( 'NONE', #2801, 1.899999999999997247 ) ;
#5750 = CARTESIAN_POINT ( 'NONE',  ( -5.684894228234323776, -18.65293482575297190, -18.75000000000000355 ) ) ;
#5751 = TOROIDAL_SURFACE ( 'NONE', #2802, 1.500000000000000000, 0.5000000000000000000 ) ;
#5752 = PLANE ( 'NONE',  #5205 ) ;
#5753 = ADVANCED_FACE ( 'NONE', ( #5618 ), #3508, .F. ) ;
#5754 = DIRECTION ( 'NONE',  ( 0.000000000000000000, 0.000000000000000000, 1.000000000000000000 ) ) ;
#5755 = CARTESIAN_POINT ( 'NONE',  ( -21.55958866703034005, -15.40889796541132384, -6.750000000000000888 ) ) ;
#5756 = ORIENTED_EDGE ( 'NONE', *, *, #5629, .F. ) ;
#5757 = AXIS2_PLACEMENT_3D ( 'NONE', #4715, #6815, #4198 ) ;
#5758 = CIRCLE ( 'NONE', #5657, 1.899999999999999023 ) ;
#5759 = CARTESIAN_POINT ( 'NONE',  ( -12.31400715642012678, -14.24065093068435495, -18.06100856369473462 ) ) ;
#5760 = ADVANCED_FACE ( 'NONE', ( #245 ), #1781, .F. ) ;
#5761 = CARTESIAN_POINT ( 'NONE',  ( 24.24926604953143183, 4.516759836462029831, -18.09461283608111160 ) ) ;
#5762 = CARTESIAN_POINT ( 'NONE',  ( -14.10102989374210125, -11.97543134654413066, -5.750000000000000888 ) ) ;
#5763 = CARTESIAN_POINT ( 'NONE',  ( -7.630186687767063880, -23.80714705944041398, -17.75000000000000355 ) ) ;
#5764 = CARTESIAN_POINT ( 'NONE',  ( -12.05510259149250096, 14.03396412252888759, -18.26740258996975896 ) ) ;
#5765 = AXIS2_PLACEMENT_3D ( 'NONE', #1630, #2047, #3796 ) ;
#5766 = EDGE_CURVE ( 'NONE', #3193, #3481, #792, .T. ) ;
#5767 = CARTESIAN_POINT ( 'NONE',  ( -26.37274941164087849, 13.32105808375580835, -5.250000000000000000 ) ) ;
#5768 = DIRECTION ( 'NONE',  ( -0.5000000000000038858, -0.8660254037844362651, 0.000000000000000000 ) ) ;
#5769 = ORIENTED_EDGE ( 'NONE', *, *, #1039, .F. ) ;
#5770 = AXIS2_PLACEMENT_3D ( 'NONE', #3869, #5433, #693 ) ;
#5771 = DIRECTION ( 'NONE',  ( -1.000000000000000000, 0.000000000000000000, 0.000000000000000000 ) ) ;
#5772 = VERTEX_POINT ( 'NONE', #6560 ) ;
#5773 = AXIS2_PLACEMENT_3D ( 'NONE', #3537, #5616, #3008 ) ;
#5774 = DIRECTION ( 'NONE',  ( 0.7071067811865425767, -1.226634733346690682E-17, -0.7071067811865524577 ) ) ;
#5775 = LINE ( 'NONE', #4759, #6435 ) ;
#5776 = ORIENTED_EDGE ( 'NONE', *, *, #2506, .F. ) ;
#5777 = CARTESIAN_POINT ( 'NONE',  ( 23.44734042848213917, -5.120764281908230409, -18.75000000000000355 ) ) ;
#5778 = AXIS2_PLACEMENT_3D ( 'NONE', #1842, #1944, #3528 ) ;
#5779 = CARTESIAN_POINT ( 'NONE',  ( 23.44141798720612258, 5.119712924445529723, -18.75601038427237910 ) ) ;
#5780 = DIRECTION ( 'NONE',  ( -1.000000000000000000, 0.000000000000000000, 0.000000000000000000 ) ) ;
#5781 = ORIENTED_EDGE ( 'NONE', *, *, #2960, .T. ) ;
#5782 = CIRCLE ( 'NONE', #4808, 2.399999999999985256 ) ;
#5783 = ORIENTED_EDGE ( 'NONE', *, *, #5620, .F. ) ;
#5784 = EDGE_LOOP ( 'NONE', ( #673, #4909, #6516, #6290 ) ) ;
#5785 = ADVANCED_FACE ( 'NONE', ( #1819 ), #4563, .F. ) ;
#5786 = CARTESIAN_POINT ( 'NONE',  ( -27.12274941164088560, 12.02201997807914857, -6.750000000000000888 ) ) ;
#5787 = LINE ( 'NONE', #6254, #3584 ) ;
#5788 = DIRECTION ( 'NONE',  ( -0.000000000000000000, -0.000000000000000000, -1.000000000000000000 ) ) ;
#5789 = AXIS2_PLACEMENT_3D ( 'NONE', #963, #1936, #4680 ) ;
#5790 = ORIENTED_EDGE ( 'NONE', *, *, #4962, .F. ) ;
#5791 = CARTESIAN_POINT ( 'NONE',  ( 0.000000000000000000, 0.000000000000000000, -6.150000000000001243 ) ) ;
#5792 = FACE_OUTER_BOUND ( 'NONE', #1425, .T. ) ;
#5793 = VERTEX_POINT ( 'NONE', #817 ) ;
#5794 = AXIS2_PLACEMENT_3D ( 'NONE', #6630, #4060, #6042 ) ;
#5795 = CARTESIAN_POINT ( 'NONE',  ( -10.87500000000000888, -18.83605253231153398, -18.75000000000000355 ) ) ;
#5796 = CARTESIAN_POINT ( 'NONE',  ( 5.455230443401286600, 18.02594497629178605, -18.08331757544337393 ) ) ;
#5797 = DIRECTION ( 'NONE',  ( 0.5000000000000043299, 0.8660254037844362651, 0.000000000000000000 ) ) ;
#5798 = CARTESIAN_POINT ( 'NONE',  ( 0.3504150860886520724, -31.99855436481120918, -6.117216763927951106 ) ) ;
#5799 = AXIS2_PLACEMENT_3D ( 'NONE', #2833, #1845, #4416 ) ;
#5800 = DIRECTION ( 'NONE',  ( 0.5000000000000051070, 0.8660254037844358210, 0.000000000000000000 ) ) ;
#5801 = ADVANCED_FACE ( 'NONE', ( #2948 ), #6248, .F. ) ;
#5802 = DIRECTION ( 'NONE',  ( -0.000000000000000000, -0.000000000000000000, -1.000000000000000000 ) ) ;
#5803 = ORIENTED_EDGE ( 'NONE', *, *, #4830, .T. ) ;
#5804 = VECTOR ( 'NONE', #5120, 1000.000000000000000 ) ;
#5805 = DIRECTION ( 'NONE',  ( 0.000000000000000000, 0.000000000000000000, 1.000000000000000000 ) ) ;
#5806 = ADVANCED_FACE ( 'NONE', ( #2554 ), #3050, .F. ) ;
#5807 = LINE ( 'NONE', #3803, #2815 ) ;
#5808 = CARTESIAN_POINT ( 'NONE',  ( 6.126218150162947573, 17.45700715072464959, -18.26740258996976252 ) ) ;
#5809 = EDGE_CURVE ( 'NONE', #4803, #5913, #3716, .T. ) ;
#5810 = AXIS2_PLACEMENT_3D ( 'NONE', #3207, #5295, #563 ) ;
#5811 = ORIENTED_EDGE ( 'NONE', *, *, #1737, .T. ) ;
#5812 = CARTESIAN_POINT ( 'NONE',  ( -16.38708192585811219, 18.88039967290369248, -17.98974690884337591 ) ) ;
#5813 = CARTESIAN_POINT ( 'NONE',  ( 15.89810569217226721, -18.29615208882959720, -18.75000000000000355 ) ) ;
#5814 = ORIENTED_EDGE ( 'NONE', *, *, #460, .T. ) ;
#5815 = ADVANCED_FACE ( 'NONE', ( #417 ), #2953, .F. ) ;
#5816 = FACE_OUTER_BOUND ( 'NONE', #2351, .T. ) ;
#5817 = CARTESIAN_POINT ( 'NONE',  ( 24.00917660724579505, -4.501317599981505602, -18.75000000000000355 ) ) ;
#5818 = DIRECTION ( 'NONE',  ( 0.000000000000000000, 0.000000000000000000, 1.000000000000000000 ) ) ;
#5819 = CARTESIAN_POINT ( 'NONE',  ( -12.88218642275180237, 13.73599505152171574, -18.08156648969053748 ) ) ;
#5820 = ORIENTED_EDGE ( 'NONE', *, *, #2093, .T. ) ;
#5821 = EDGE_LOOP ( 'NONE', ( #5159, #2654 ) ) ;
#5822 = ORIENTED_EDGE ( 'NONE', *, *, #794, .F. ) ;
#5823 = DIRECTION ( 'NONE',  ( 0.000000000000000000, 0.000000000000000000, -1.000000000000000000 ) ) ;
#5824 = DIRECTION ( 'NONE',  ( -1.000000000000000000, 0.000000000000000000, -0.000000000000000000 ) ) ;
#5825 = EDGE_LOOP ( 'NONE', ( #4072, #1959, #1165, #5529, #5613 ) ) ;
#5826 = EDGE_CURVE ( 'NONE', #5144, #853, #709, .T. ) ;
#5827 = CARTESIAN_POINT ( 'NONE',  ( 2.000000000000008882, 23.74342014116752964, -14.25000000000000178 ) ) ;
#5828 = VERTEX_POINT ( 'NONE', #4225 ) ;
#5829 = DIRECTION ( 'NONE',  ( 1.000000000000000000, 0.000000000000000000, 0.000000000000000000 ) ) ;
#5830 = CARTESIAN_POINT ( 'NONE',  ( -8.328474543203459035, -23.57646248341506734, -17.75654636270055065 ) ) ;
#5831 = CARTESIAN_POINT ( 'NONE',  ( -16.15838216916528580, 17.74561032129359006, -18.75000000000000355 ) ) ;
#5832 = CARTESIAN_POINT ( 'NONE',  ( 2.500000000000008882, 23.74342014116752964, -13.75000000000000178 ) ) ;
#5833 = CARTESIAN_POINT ( 'NONE',  ( -1.375090680655147723, -31.97216703218439804, -6.411798631263121884 ) ) ;
#5834 = CYLINDRICAL_SURFACE ( 'NONE', #5765, 1.199999999999999734 ) ;
#5835 = CARTESIAN_POINT ( 'NONE',  ( -24.60253203964371238, -4.440479666709009621, -18.51171498810927218 ) ) ;
#5836 = ORIENTED_EDGE ( 'NONE', *, *, #5272, .F. ) ;
#5837 = CARTESIAN_POINT ( 'NONE',  ( -0.000000000000000000, 0.000000000000000000, -18.75000000000000355 ) ) ;
#5838 = EDGE_CURVE ( 'NONE', #3549, #5176, #5580, .T. ) ;
#5839 = DIRECTION ( 'NONE',  ( 0.7071067811865487940, 8.659560562354948882E-17, -0.7071067811865463515 ) ) ;
#5840 = EDGE_CURVE ( 'NONE', #802, #5270, #6735, .T. ) ;
#5841 = DIRECTION ( 'NONE',  ( -1.000000000000000000, 0.000000000000000000, 0.000000000000000000 ) ) ;
#5842 = CARTESIAN_POINT ( 'NONE',  ( 18.96223448575325676, 22.59831107200955458, -5.249999999999999112 ) ) ;
#5843 = ORIENTED_EDGE ( 'NONE', *, *, #5042, .F. ) ;
#5844 = EDGE_CURVE ( 'NONE', #3259, #5772, #3065, .T. ) ;
#5845 = CARTESIAN_POINT ( 'NONE',  ( -16.80250080122403489, -18.51150903694416883, -17.75000000000000355 ) ) ;
#5846 = CARTESIAN_POINT ( 'NONE',  ( -23.24208855726903877, -9.208980372227099309, -14.25000000000000178 ) ) ;
#5847 = ORIENTED_EDGE ( 'NONE', *, *, #4891, .T. ) ;
#5848 = EDGE_CURVE ( 'NONE', #2111, #1772, #189, .T. ) ;
#5849 = FACE_BOUND ( 'NONE', #961, .T. ) ;
#5850 = DIRECTION ( 'NONE',  ( 0.000000000000000000, -0.000000000000000000, 1.000000000000000000 ) ) ;
#5851 = CARTESIAN_POINT ( 'NONE',  ( -2.513440130719257759, 24.87333147588577376, -13.75000000000000178 ) ) ;
#5852 = CARTESIAN_POINT ( 'NONE',  ( 3.500000000000007105, 19.18332609325088001, -5.750000000000000888 ) ) ;
#5853 = ORIENTED_EDGE ( 'NONE', *, *, #6314, .F. ) ;
#5854 = CARTESIAN_POINT ( 'NONE',  ( -25.54774941164087210, 14.75000000000012434, -6.750000000000000888 ) ) ;
#5855 = ORIENTED_EDGE ( 'NONE', *, *, #5269, .T. ) ;
#5856 = ORIENTED_EDGE ( 'NONE', *, *, #3852, .F. ) ;
#5857 = DIRECTION ( 'NONE',  ( -1.000000000000000000, 0.000000000000000000, 0.000000000000000000 ) ) ;
#5858 = DIRECTION ( 'NONE',  ( 1.000000000000000000, 0.000000000000000000, 0.000000000000000000 ) ) ;
#5859 = CIRCLE ( 'NONE', #2903, 1.899999999999999023 ) ;
#5860 = CARTESIAN_POINT ( 'NONE',  ( 2.513440130719264864, 24.87333147588577376, -13.75000000000000178 ) ) ;
#5861 = VECTOR ( 'NONE', #3885, 1000.000000000000000 ) ;
#5862 = DIRECTION ( 'NONE',  ( 0.000000000000000000, -0.000000000000000000, -1.000000000000000000 ) ) ;
#5863 = ORIENTED_EDGE ( 'NONE', *, *, #2665, .F. ) ;
#5864 = FACE_OUTER_BOUND ( 'NONE', #4348, .T. ) ;
#5865 = FACE_OUTER_BOUND ( 'NONE', #3344, .T. ) ;
#5866 = CARTESIAN_POINT ( 'NONE',  ( 18.19790888430942744, -3.330028110422277088, -18.50744200514312254 ) ) ;
#5867 = AXIS2_PLACEMENT_3D ( 'NONE', #5049, #4075, #6847 ) ;
#5868 = CARTESIAN_POINT ( 'NONE',  ( 18.18132074165562528, 3.423043028195857040, -18.26740258996976962 ) ) ;
#5869 = CIRCLE ( 'NONE', #582, 26.50000000000000355 ) ;
#5870 = DIRECTION ( 'NONE',  ( 0.000000000000000000, 0.000000000000000000, 1.000000000000000000 ) ) ;
#5871 = DIRECTION ( 'NONE',  ( 0.000000000000000000, 0.000000000000000000, -1.000000000000000000 ) ) ;
#5872 = CARTESIAN_POINT ( 'NONE',  ( -8.157753177460801197, 23.63169548544408016, -17.99010654519314656 ) ) ;
#5873 = CARTESIAN_POINT ( 'NONE',  ( 19.58605253231162635, 9.575961894323159029, -12.75000000000000178 ) ) ;
#5874 = ORIENTED_EDGE ( 'NONE', *, *, #6615, .T. ) ;
#5875 = VECTOR ( 'NONE', #271, 1000.000000000000114 ) ;
#5876 = CONICAL_SURFACE ( 'NONE', #3367, 3.149999999999999911, 0.7853981633974500554 ) ;
#5877 = ORIENTED_EDGE ( 'NONE', *, *, #2477, .T. ) ;
#5878 = DIRECTION ( 'NONE',  ( -0.8660254037844361541, 0.5000000000000043299, 0.000000000000000000 ) ) ;
#5879 = CARTESIAN_POINT ( 'NONE',  ( 3.499999999999993783, 19.18332609325088001, -18.75000000000000355 ) ) ;
#5880 = CARTESIAN_POINT ( 'NONE',  ( -2.995619861382586180, 18.25673025776182357, -14.01028013692319441 ) ) ;
#5881 = AXIS2_PLACEMENT_3D ( 'NONE', #5643, #1883, #909 ) ;
#5882 = CARTESIAN_POINT ( 'NONE',  ( 3.500000000000008882, 23.74342014116752964, -10.75000000000000000 ) ) ;
#5883 = ORIENTED_EDGE ( 'NONE', *, *, #4428, .T. ) ;
#5884 = CARTESIAN_POINT ( 'NONE',  ( -16.14683421618006776, 19.08617791039756995, -18.51171498810927218 ) ) ;
#5885 = CARTESIAN_POINT ( 'NONE',  ( 6.102783395359172580, 16.90655673449197138, -18.23527588793524501 ) ) ;
#5886 = ORIENTED_EDGE ( 'NONE', *, *, #1775, .F. ) ;
#5887 = CARTESIAN_POINT ( 'NONE',  ( 8.456044020148230089, 23.34268765264278045, -18.93306426466729064 ) ) ;
#5888 = CARTESIAN_POINT ( 'NONE',  ( 3.500000000000008882, 23.74342014116752964, -13.75000000000000178 ) ) ;
#5889 = AXIS2_PLACEMENT_3D ( 'NONE', #5842, #6377, #3899 ) ;
#5890 = EDGE_CURVE ( 'NONE', #6625, #2442, #4611, .T. ) ;
#5891 = CARTESIAN_POINT ( 'NONE',  ( 3.500000000000007105, 19.18332609325088001, -13.75000000000000178 ) ) ;
#5892 = ORIENTED_EDGE ( 'NONE', *, *, #4350, .F. ) ;
#5893 = CARTESIAN_POINT ( 'NONE',  ( 11.92981020395730063, -14.13964739650731772, -18.75000000000000355 ) ) ;
#5894 = ORIENTED_EDGE ( 'NONE', *, *, #4106, .F. ) ;
#5895 = ORIENTED_EDGE ( 'NONE', *, *, #452, .T. ) ;
#5896 = CARTESIAN_POINT ( 'NONE',  ( -3.198468084306112402, 18.22183285660300811, -17.75000000000000711 ) ) ;
#5897 = CARTESIAN_POINT ( 'NONE',  ( -18.08605253231148424, 12.17403810567674327, -12.75000000000000178 ) ) ;
#5898 = CARTESIAN_POINT ( 'NONE',  ( -5.462838518616375261, -17.67551319479637684, -17.75000000000000711 ) ) ;
#5899 = EDGE_CURVE ( 'NONE', #3371, #3876, #2743, .T. ) ;
#5900 = DIRECTION ( 'NONE',  ( -0.000000000000000000, -0.000000000000000000, -1.000000000000000000 ) ) ;
#5901 = AXIS2_PLACEMENT_3D ( 'NONE', #3698, #6233, #4211 ) ;
#5902 = CARTESIAN_POINT ( 'NONE',  ( -18.36324772583621723, -6.560574133379710737, -18.75000000000000355 ) ) ;
#5903 = DIRECTION ( 'NONE',  ( 0.000000000000000000, 0.000000000000000000, -1.000000000000000000 ) ) ;
#5904 = ORIENTED_EDGE ( 'NONE', *, *, #1295, .T. ) ;
#5905 = CARTESIAN_POINT ( 'NONE',  ( -18.83605253231149135, 10.87500000000008704, -12.75000000000000178 ) ) ;
#5906 = CIRCLE ( 'NONE', #5139, 2.399999999999985256 ) ;
#5907 = DIRECTION ( 'NONE',  ( -0.000000000000000000, -0.000000000000000000, -1.000000000000000000 ) ) ;
#5908 = CARTESIAN_POINT ( 'NONE',  ( 2.941354075467268014, 24.57555913296871708, -17.99910562987177087 ) ) ;
#5909 = CARTESIAN_POINT ( 'NONE',  ( -13.21876870316240726, -14.33632609952006476, -18.75000000000000711 ) ) ;
#5910 = EDGE_CURVE ( 'NONE', #3295, #6731, #2509, .T. ) ;
#5911 = CARTESIAN_POINT ( 'NONE',  ( 5.050203106331699892E-15, 26.37560046349702247, 6.750000000000000888 ) ) ;
#5912 = AXIS2_PLACEMENT_3D ( 'NONE', #892, #5942, #3767 ) ;
#5913 = VERTEX_POINT ( 'NONE', #2489 ) ;
#5914 = B_SPLINE_CURVE_WITH_KNOTS ( 'NONE', 3,
 ( #6352, #5447, #4519, #6062, #807, #5059, #235, #2973 ),
 .UNSPECIFIED., .F., .F.,
 ( 4, 2, 2, 4 ),
 ( -0.0006247151556717247221, -0.0002596420021041267469, 0.0001054311514634712283, 0.0008355774585986606735 ),
 .UNSPECIFIED. ) ;
#5915 = DIRECTION ( 'NONE',  ( 1.000000000000000000, -0.000000000000000000, 0.000000000000000000 ) ) ;
#5916 = CARTESIAN_POINT ( 'NONE',  ( 2.737444804396497400, 18.53640293424503582, -17.98744480439650673 ) ) ;
#5917 = CARTESIAN_POINT ( 'NONE',  ( 2.010996139922138326, 18.39037505123857486, -8.250000000000000000 ) ) ;
#5918 = CIRCLE ( 'NONE', #4491, 1.899999999999999023 ) ;
#5919 = CARTESIAN_POINT ( 'NONE',  ( 11.95176857011490767, 14.12112082838978111, -18.62636688832869325 ) ) ;
#5920 = CARTESIAN_POINT ( 'NONE',  ( -8.203002261242737347, 23.12349514147092222, -18.75000000000000711 ) ) ;
#5921 = ORIENTED_EDGE ( 'NONE', *, *, #6388, .T. ) ;
#5922 = EDGE_CURVE ( 'NONE', #2705, #4430, #4598, .T. ) ;
#5923 = DIRECTION ( 'NONE',  ( 0.5000000000000039968, 0.8660254037844363761, 0.000000000000000000 ) ) ;
#5924 = CIRCLE ( 'NONE', #6817, 26.50000000000000355 ) ;
#5925 = CARTESIAN_POINT ( 'NONE',  ( 6.059840880357158177, 17.46690734916268184, -17.72259486746651547 ) ) ;
#5926 = EDGE_LOOP ( 'NONE', ( #2650, #2666, #5236, #6074, #6356 ) ) ;
#5927 = DIRECTION ( 'NONE',  ( 0.000000000000000000, 0.000000000000000000, 1.000000000000000000 ) ) ;
#5928 = AXIS2_PLACEMENT_3D ( 'NONE', #1932, #2884, #787 ) ;
#5929 = CARTESIAN_POINT ( 'NONE',  ( -10.87499999999999645, 18.83605253231154109, -18.75000000000000355 ) ) ;
#5930 = ORIENTED_EDGE ( 'NONE', *, *, #951, .F. ) ;
#5931 = VERTEX_POINT ( 'NONE', #1474 ) ;
#5932 = ORIENTED_EDGE ( 'NONE', *, *, #4264, .T. ) ;
#5933 = DIRECTION ( 'NONE',  ( 0.000000000000000000, 0.000000000000000000, -1.000000000000000000 ) ) ;
#5934 = CARTESIAN_POINT ( 'NONE',  ( 12.24286044577877774, 14.51652791247557062, -19.24987166245047021 ) ) ;
#5935 = DIRECTION ( 'NONE',  ( -0.000000000000000000, 0.000000000000000000, -1.000000000000000000 ) ) ;
#5936 = CARTESIAN_POINT ( 'NONE',  ( 25.00000000000000000, 0.000000000000000000, -6.950000000000000178 ) ) ;
#5937 = CARTESIAN_POINT ( 'NONE',  ( 17.69289932036206281, 3.168112913086824189, -18.23527588802607724 ) ) ;
#5938 = EDGE_CURVE ( 'NONE', #6176, #5540, #3611, .T. ) ;
#5939 = EDGE_LOOP ( 'NONE', ( #5038, #5895, #6304, #1880 ) ) ;
#5940 = DIRECTION ( 'NONE',  ( 1.000000000000000000, 0.000000000000000000, 0.000000000000000000 ) ) ;
#5941 = EDGE_CURVE ( 'NONE', #3893, #5304, #448, .T. ) ;
#5942 = DIRECTION ( 'NONE',  ( -0.8660254037844348218, 0.5000000000000067724, 0.000000000000000000 ) ) ;
#5943 = ADVANCED_FACE ( 'NONE', ( #1744 ), #2956, .F. ) ;
#5944 = CARTESIAN_POINT ( 'NONE',  ( 13.31146830012040994, 14.24973023235490999, -18.75000000000000355 ) ) ;
#5945 = PLANE ( 'NONE',  #2855 ) ;
#5946 = ORIENTED_EDGE ( 'NONE', *, *, #1423, .T. ) ;
#5947 = DIRECTION ( 'NONE',  ( 0.000000000000000000, 0.000000000000000000, 1.000000000000000000 ) ) ;
#5948 = DIRECTION ( 'NONE',  ( -0.000000000000000000, -0.000000000000000000, 1.000000000000000000 ) ) ;
#5949 = CARTESIAN_POINT ( 'NONE',  ( 11.98284338109666969, 14.09483733435538433, -18.50744200514312610 ) ) ;
#5950 = FACE_OUTER_BOUND ( 'NONE', #5542, .T. ) ;
#5951 = VERTEX_POINT ( 'NONE', #5307 ) ;
#5952 = CARTESIAN_POINT ( 'NONE',  ( 0.000000000000000000, 0.000000000000000000, -6.750000000000000888 ) ) ;
#5953 = CARTESIAN_POINT ( 'NONE',  ( -14.86324772583625808, -12.62275195987084153, -18.75000000000000355 ) ) ;
#5954 = ORIENTED_EDGE ( 'NONE', *, *, #1322, .T. ) ;
#5955 = CARTESIAN_POINT ( 'NONE',  ( 6.298122405573684190, 17.65066881780605357, -18.75000000000000355 ) ) ;
#5956 = FACE_BOUND ( 'NONE', #6423, .T. ) ;
#5957 = EDGE_LOOP ( 'NONE', ( #4023, #1770, #3051, #2050, #5112 ) ) ;
#5958 = CARTESIAN_POINT ( 'NONE',  ( 12.24282954279206237, -13.86975258096189201, -17.98392723399035376 ) ) ;
#5959 = ORIENTED_EDGE ( 'NONE', *, *, #5421, .T. ) ;
#5960 = ORIENTED_EDGE ( 'NONE', *, *, #6189, .F. ) ;
#5961 = DIRECTION ( 'NONE',  ( 0.000000000000000000, 0.000000000000000000, -1.000000000000000000 ) ) ;
#5962 = CARTESIAN_POINT ( 'NONE',  ( -14.86324772583625808, -12.62275195987084153, -18.75000000000000355 ) ) ;
#5963 = EDGE_CURVE ( 'NONE', #6179, #6065, #4323, .T. ) ;
#5964 = CARTESIAN_POINT ( 'NONE',  ( -2.564702748853337599, 26.37560046349702603, -6.750000000000000888 ) ) ;
#5965 = DIRECTION ( 'NONE',  ( -0.000000000000000000, -0.000000000000000000, -1.000000000000000000 ) ) ;
#5966 = CARTESIAN_POINT ( 'NONE',  ( -18.21019894790843452, 3.261695000700479241, -18.75000000000000355 ) ) ;
#5967 = DIRECTION ( 'NONE',  ( 0.5000000000000044409, 0.8660254037844361541, 0.000000000000000000 ) ) ;
#5968 = EDGE_CURVE ( 'NONE', #1193, #2515, #5692, .T. ) ;
#5969 = ORIENTED_EDGE ( 'NONE', *, *, #3034, .T. ) ;
#5970 = EDGE_CURVE ( 'NONE', #4497, #6320, #3293, .T. ) ;
#5971 = EDGE_LOOP ( 'NONE', ( #2295, #3582, #6145, #4227, #3352, #3405 ) ) ;
#5972 = CARTESIAN_POINT ( 'NONE',  ( 0.000000000000000000, 0.000000000000000000, -17.75000000000000355 ) ) ;
#5973 = CIRCLE ( 'NONE', #3349, 1.500000000000001332 ) ;
#5974 = EDGE_CURVE ( 'NONE', #1057, #2426, #6469, .T. ) ;
#5975 = CARTESIAN_POINT ( 'NONE',  ( 8.157753177460801197, -23.63169548544408016, -17.99010654519314656 ) ) ;
#5976 = CARTESIAN_POINT ( 'NONE',  ( 3.499999999999995559, 23.86943652456002951, -18.75000000000000355 ) ) ;
#5977 = ADVANCED_FACE ( 'NONE', ( #1055 ), #4765, .T. ) ;
#5978 = ORIENTED_EDGE ( 'NONE', *, *, #3558, .F. ) ;
#5979 = AXIS2_PLACEMENT_3D ( 'NONE', #188, #3773, #2292 ) ;
#5980 = AXIS2_PLACEMENT_3D ( 'NONE', #1817, #2908, #3855 ) ;
#5981 = DIRECTION ( 'NONE',  ( -1.000000000000000000, 0.000000000000000000, 0.000000000000000000 ) ) ;
#5982 = CARTESIAN_POINT ( 'NONE',  ( 18.21019894790845939, -3.261695000700352676, -18.75000000000000355 ) ) ;
#5983 = DIRECTION ( 'NONE',  ( 0.000000000000000000, 0.000000000000000000, -1.000000000000000000 ) ) ;
#5984 = CONICAL_SURFACE ( 'NONE', #3020, 25.00000000000000000, 0.7853981633974466137 ) ;
#5985 = AXIS2_PLACEMENT_3D ( 'NONE', #74, #107, #3688 ) ;
#5986 = ADVANCED_BREP_SHAPE_REPRESENTATION ( '1x_carrier_bottom_output', ( #3471, #5928 ), #5378 ) ;
#5987 = ORIENTED_EDGE ( 'NONE', *, *, #1171, .F. ) ;
#5988 = CARTESIAN_POINT ( 'NONE',  ( 22.84194004145703261, -13.18780023174850413, -5.250000000000000000 ) ) ;
#5989 = AXIS2_PLACEMENT_3D ( 'NONE', #6100, #5611, #5091 ) ;
#5990 = ORIENTED_EDGE ( 'NONE', *, *, #2123, .F. ) ;
#5991 = CIRCLE ( 'NONE', #148, 18.50000000000000355 ) ;
#5992 = CARTESIAN_POINT ( 'NONE',  ( 6.295558482159421487, 17.52617227500810060, -18.75000000000000711 ) ) ;
#5993 = CONICAL_SURFACE ( 'NONE', #1028, 25.00000000000000000, 0.7853981633974466137 ) ;
#5994 = CARTESIAN_POINT ( 'NONE',  ( 19.56223448575324753, 21.55908058746821965, 6.750000000000000888 ) ) ;
#5995 = FACE_BOUND ( 'NONE', #1940, .T. ) ;
#5996 = ORIENTED_EDGE ( 'NONE', *, *, #5183, .T. ) ;
#5997 = CARTESIAN_POINT ( 'NONE',  ( -17.21277491685818362, -9.937800231748505908, -6.150000000000001243 ) ) ;
#5998 = VERTEX_POINT ( 'NONE', #5344 ) ;
#5999 = ORIENTED_EDGE ( 'NONE', *, *, #122, .F. ) ;
#6000 = CARTESIAN_POINT ( 'NONE',  ( -18.96223448575294768, 22.59831107200982458, 6.750000000000000888 ) ) ;
#6001 = CIRCLE ( 'NONE', #5665, 1.500000000000001332 ) ;
#6002 = CARTESIAN_POINT ( 'NONE',  ( 8.448040791620091028, -23.39992733076334730, -18.75000000000000711 ) ) ;
#6003 = CARTESIAN_POINT ( 'NONE',  ( -12.48395921820542931, -13.65332350159648378, -17.78405629901138951 ) ) ;
#6004 = CARTESIAN_POINT ( 'NONE',  ( 29.05182871386014654, 5.122621241174355688, -6.750000000000000888 ) ) ;
#6005 = CARTESIAN_POINT ( 'NONE',  ( 12.86155828004092960, 14.45533056361757396, -18.75000000000000711 ) ) ;
#6006 = ORIENTED_EDGE ( 'NONE', *, *, #4459, .T. ) ;
#6007 = AXIS2_PLACEMENT_3D ( 'NONE', #5888, #5850, #2734 ) ;
#6008 = ADVANCED_FACE ( 'NONE', ( #3191 ), #5743, .F. ) ;
#6009 = VERTEX_POINT ( 'NONE', #1196 ) ;
#6010 = ORIENTED_EDGE ( 'NONE', *, *, #76, .T. ) ;
#6011 = B_SPLINE_CURVE_WITH_KNOTS ( 'NONE', 3,
 ( #6019, #6123, #5078, #6083 ),
 .UNSPECIFIED., .F., .F.,
 ( 4, 4 ),
 ( 3.469446951953613804E-18, 0.001197817287522127527 ),
 .UNSPECIFIED. ) ;
#6012 = CARTESIAN_POINT ( 'NONE',  ( -14.53677444017425202, -11.44395591279879909, -13.82130343607037659 ) ) ;
#6013 = CIRCLE ( 'NONE', #4701, 0.5000000000000006661 ) ;
#6014 = DIRECTION ( 'NONE',  ( 0.3535533905932764509, 0.6123724356957921389, -0.7071067811865483499 ) ) ;
#6015 = CARTESIAN_POINT ( 'NONE',  ( 13.27499999999998792, -18.83605253231153753, -18.75000000000000355 ) ) ;
#6016 = ORIENTED_EDGE ( 'NONE', *, *, #2584, .T. ) ;
#6017 = AXIS2_PLACEMENT_3D ( 'NONE', #2112, #3764, #5829 ) ;
#6018 = CARTESIAN_POINT ( 'NONE',  ( 7.630186687767061215, -23.80714705944041398, -17.75000000000000355 ) ) ;
#6019 = CARTESIAN_POINT ( 'NONE',  ( 18.81240501497811479, -14.90279898382939727, -18.75000000000000355 ) ) ;
#6020 = ADVANCED_FACE ( 'NONE', ( #4864 ), #6446, .F. ) ;
#6021 = TOROIDAL_SURFACE ( 'NONE', #1388, 1.500000000000000000, 0.5000000000000000000 ) ;
#6022 = CARTESIAN_POINT ( 'NONE',  ( -22.79765700022789332, -10.25996273384850888, -13.75000000000000178 ) ) ;
#6023 = ORIENTED_EDGE ( 'NONE', *, *, #5890, .F. ) ;
#6024 = CARTESIAN_POINT ( 'NONE',  ( -12.66926282864323383, 13.48108969552383307, -17.75000000000000711 ) ) ;
#6025 = EDGE_CURVE ( 'NONE', #5007, #5206, #5413, .T. ) ;
#6026 = AXIS2_PLACEMENT_3D ( 'NONE', #3539, #5067, #1377 ) ;
#6027 = DIRECTION ( 'NONE',  ( 0.000000000000000000, 0.000000000000000000, -1.000000000000000000 ) ) ;
#6028 = EDGE_CURVE ( 'NONE', #3412, #1591, #5479, .T. ) ;
#6029 = DIRECTION ( 'NONE',  ( 0.000000000000000000, -0.000000000000000000, -1.000000000000000000 ) ) ;
#6030 =( BOUNDED_CURVE ( )  B_SPLINE_CURVE ( 3, ( #233, #2302, #765, #2333 ),
 .UNSPECIFIED., .F., .F. ) 
 B_SPLINE_CURVE_WITH_KNOTS ( ( 4, 4 ),
 ( 2.438050066743689737, 3.141592653589792672 ),
 .UNSPECIFIED. ) 
 CURVE ( )  GEOMETRIC_REPRESENTATION_ITEM ( )  RATIONAL_B_SPLINE_CURVE ( ( 1.000000000000000000, 0.9591759112683400090, 0.9591759112683400090, 1.000000000000000000 ) ) 
 REPRESENTATION_ITEM ( '' )  );
#6031 = AXIS2_PLACEMENT_3D ( 'NONE', #2702, #3753, #3294 ) ;
#6032 = DIRECTION ( 'NONE',  ( 0.000000000000000000, 0.000000000000000000, 1.000000000000000000 ) ) ;
#6033 = CARTESIAN_POINT ( 'NONE',  ( 16.45840743814205354, 18.81840518704597187, -17.90471812681238717 ) ) ;
#6034 = ORIENTED_EDGE ( 'NONE', *, *, #3552, .T. ) ;
#6035 = CARTESIAN_POINT ( 'NONE',  ( -2.941264575287442895, 24.57548031952849144, -17.99919408963839373 ) ) ;
#6036 = ORIENTED_EDGE ( 'NONE', *, *, #333, .T. ) ;
#6037 = VERTEX_POINT ( 'NONE', #6480 ) ;
#6038 = DIRECTION ( 'NONE',  ( 0.000000000000000000, 0.000000000000000000, -1.000000000000000000 ) ) ;
#6039 = AXIS2_PLACEMENT_3D ( 'NONE', #4242, #5802, #2680 ) ;
#6040 = CARTESIAN_POINT ( 'NONE',  ( 15.99999999999999645, 0.000000000000000000, -5.950000000000000178 ) ) ;
#6041 = DIRECTION ( 'NONE',  ( 1.000000000000000000, 0.000000000000000000, 0.000000000000000000 ) ) ;
#6042 = DIRECTION ( 'NONE',  ( 1.000000000000000000, 0.000000000000000000, 0.000000000000000000 ) ) ;
#6043 = ORIENTED_EDGE ( 'NONE', *, *, #1701, .F. ) ;
#6044 = ORIENTED_EDGE ( 'NONE', *, *, #5922, .F. ) ;
#6045 = CARTESIAN_POINT ( 'NONE',  ( -22.63379639439227020, -9.787567608431404054, -18.09061600703659778 ) ) ;
#6046 = EDGE_CURVE ( 'NONE', #1615, #6731, #5914, .T. ) ;
#6047 = CARTESIAN_POINT ( 'NONE',  ( -14.47930902889852511, -11.69224541277931984, -17.86041543728786962 ) ) ;
#6048 = ORIENTED_EDGE ( 'NONE', *, *, #2710, .F. ) ;
#6049 = DIRECTION ( 'NONE',  ( 1.000000000000000000, -1.734723475976807403E-17, 0.000000000000000000 ) ) ;
#6050 = LINE ( 'NONE', #1316, #2386 ) ;
#6051 = CARTESIAN_POINT ( 'NONE',  ( -5.684894228234322000, 18.65293482575297190, -18.75000000000000355 ) ) ;
#6052 = CARTESIAN_POINT ( 'NONE',  ( 18.81240501497811479, -14.90279898382939905, -14.25000000000000178 ) ) ;
#6053 = ORIENTED_EDGE ( 'NONE', *, *, #115, .T. ) ;
#6054 = CARTESIAN_POINT ( 'NONE',  ( 21.81240501497814321, -9.706646561122770578, -17.75000000000000000 ) ) ;
#6055 = FACE_BOUND ( 'NONE', #387, .T. ) ;
#6056 = ORIENTED_EDGE ( 'NONE', *, *, #6196, .T. ) ;
#6057 = B_SPLINE_CURVE_WITH_KNOTS ( 'NONE', 3,
 ( #3797, #3313, #2255, #4371, #2783, #146 ),
 .UNSPECIFIED., .F., .F.,
 ( 4, 2, 4 ),
 ( 0.000000000000000000, 0.0006343032378715116743, 0.001268606475743023349 ),
 .UNSPECIFIED. ) ;
#6058 = DIRECTION ( 'NONE',  ( 0.000000000000000000, 0.000000000000000000, -1.000000000000000000 ) ) ;
#6059 = CARTESIAN_POINT ( 'NONE',  ( 6.102780177749275836, -16.90654786659553466, -18.23526651090439543 ) ) ;
#6060 = ADVANCED_FACE ( 'NONE', ( #308 ), #1329, .F. ) ;
#6061 = CARTESIAN_POINT ( 'NONE',  ( -5.684894228234322000, 18.65293482575297190, -18.75000000000000355 ) ) ;
#6062 = CARTESIAN_POINT ( 'NONE',  ( -24.52642066976164514, 4.844196353743027927, -17.90471812681238006 ) ) ;
#6063 = EDGE_LOOP ( 'NONE', ( #521, #6168, #6631, #177 ) ) ;
#6064 = CARTESIAN_POINT ( 'NONE',  ( 17.21277491685818717, -9.937800231748504132, -5.250000000000000000 ) ) ;
#6065 = VERTEX_POINT ( 'NONE', #769 ) ;
#6066 = EDGE_CURVE ( 'NONE', #2765, #2885, #3460, .T. ) ;
#6067 = CARTESIAN_POINT ( 'NONE',  ( -16.42206305009879941, 19.51252794902069354, -18.25715341813839743 ) ) ;
#6068 = ORIENTED_EDGE ( 'NONE', *, *, #6373, .T. ) ;
#6069 = CARTESIAN_POINT ( 'NONE',  ( 18.50000000000000355, 2.265596578422603791E-15, -5.950000000000000178 ) ) ;
#6070 = CARTESIAN_POINT ( 'NONE',  ( 0.000000000000000000, 0.000000000000000000, -6.750000000000000888 ) ) ;
#6071 =( BOUNDED_SURFACE ( )  B_SPLINE_SURFACE ( 3, 2, ( 
 ( #3779, #4827, #1155 ),
 ( #2226, #2827, #3875 ),
 ( #5404, #6475, #3842 ),
 ( #1739, #5925, #5885 ) ),
 .UNSPECIFIED., .F., .F., .T. ) 
 B_SPLINE_SURFACE_WITH_KNOTS ( ( 4, 4 ),
 ( 3, 3 ),
 ( 0.01835573525459935698, 0.01978906146585101763 ),
 ( 0.000000000000000000, 0.7968612372486094664 ),
 .UNSPECIFIED. ) 
 GEOMETRIC_REPRESENTATION_ITEM ( )  RATIONAL_B_SPLINE_SURFACE ( (
 ( 1.000000000000000000, 0.7559064253551215362, 0.9008302665021503675),
 ( 1.000000000000000000, 0.7557124412053184415, 0.9007514551017816729),
 ( 1.000000000000000000, 0.7555079541627706119, 0.9006683766121379442),
 ( 1.000000000000000000, 0.7552910436305211306, 0.9005802507378399824) ) ) 
 REPRESENTATION_ITEM ( '' )  SURFACE ( )  );
#6072 = CARTESIAN_POINT ( 'NONE',  ( -12.57606950221157227, -13.56867094994055556, -17.75000000000000711 ) ) ;
#6073 = CARTESIAN_POINT ( 'NONE',  ( -15.99828164934651653, 17.93733379227336755, -18.75000000000000355 ) ) ;
#6074 = ORIENTED_EDGE ( 'NONE', *, *, #951, .T. ) ;
#6075 = VERTEX_POINT ( 'NONE', #6621 ) ;
#6076 = EDGE_LOOP ( 'NONE', ( #3780, #3012, #6385, #5707, #2095 ) ) ;
#6077 = LINE ( 'NONE', #5147, #4134 ) ;
#6078 = ORIENTED_EDGE ( 'NONE', *, *, #2278, .T. ) ;
#6079 = B_SPLINE_CURVE_WITH_KNOTS ( 'NONE', 3,
 ( #652, #6521, #102, #1173, #6390, #3334, #5488, #68, #4843, #3402 ),
 .UNSPECIFIED., .F., .F.,
 ( 4, 2, 2, 2, 4 ),
 ( -0.0005834083847811622229, -0.0002062081600717874646, 0.0001709920646375872938, 0.0005481922893469619437, 0.0009253925140563381115 ),
 .UNSPECIFIED. ) ;
#6080 = ORIENTED_EDGE ( 'NONE', *, *, #5670, .T. ) ;
#6081 = CARTESIAN_POINT ( 'NONE',  ( -23.24208855726903522, -9.208980372227097533, -17.75000000000000355 ) ) ;
#6082 = DIRECTION ( 'NONE',  ( 1.000000000000000000, 0.000000000000000000, 0.000000000000000000 ) ) ;
#6083 = CARTESIAN_POINT ( 'NONE',  ( 19.79318038735550189, -14.70765885741253420, -18.09061600703659778 ) ) ;
#6084 = CARTESIAN_POINT ( 'NONE',  ( 12.11836781501009597, 13.97862941942345394, -18.17164737662105267 ) ) ;
#6085 = CARTESIAN_POINT ( 'NONE',  ( -18.96223448575294768, 22.59831107200982458, 6.750000000000000888 ) ) ;
#6086 = ORIENTED_EDGE ( 'NONE', *, *, #1166, .F. ) ;
#6087 = CARTESIAN_POINT ( 'NONE',  ( -18.33854149838985137, -4.288604340661960279, -18.08331757544337393 ) ) ;
#6088 = AXIS2_PLACEMENT_3D ( 'NONE', #4693, #1977, #5607 ) ;
#6089 = CARTESIAN_POINT ( 'NONE',  ( -22.69423384309120806, -9.767055281696151781, -18.04328460881294660 ) ) ;
#6090 = CARTESIAN_POINT ( 'NONE',  ( 12.66540706710468989, -13.47647370759998786, -17.74399577611878343 ) ) ;
#6091 = CARTESIAN_POINT ( 'NONE',  ( 28.37625420423871958, 14.79522005413734220, -6.411798631263122772 ) ) ;
#6092 = CARTESIAN_POINT ( 'NONE',  ( 24.43268748899093978, 5.295638022496030217, -17.75000000000000355 ) ) ;
#6093 = AXIS2_PLACEMENT_3D ( 'NONE', #938, #3071, #5162 ) ;
#6094 = AXIS2_PLACEMENT_3D ( 'NONE', #2198, #2595, #2698 ) ;
#6095 = EDGE_CURVE ( 'NONE', #3097, #5278, #4385, .T. ) ;
#6096 = ADVANCED_FACE ( 'NONE', ( #3392 ), #4934, .F. ) ;
#6097 = CARTESIAN_POINT ( 'NONE',  ( 8.975000000000003197, -18.83605253231153753, -8.750000000000001776 ) ) ;
#6098 = DIRECTION ( 'NONE',  ( -1.000000000000000000, 0.000000000000000000, 0.000000000000000000 ) ) ;
#6099 = EDGE_LOOP ( 'NONE', ( #6353, #239, #6809 ) ) ;
#6100 = CARTESIAN_POINT ( 'NONE',  ( 21.75000000000000355, 0.000000000000000000, -18.25000000000002487 ) ) ;
#6101 = ORIENTED_EDGE ( 'NONE', *, *, #2651, .T. ) ;
#6102 = ORIENTED_EDGE ( 'NONE', *, *, #6832, .F. ) ;
#6103 = DIRECTION ( 'NONE',  ( -0.000000000000000000, -0.000000000000000000, 1.000000000000000000 ) ) ;
#6104 = DIRECTION ( 'NONE',  ( 1.000000000000000000, 0.000000000000000000, 0.000000000000000000 ) ) ;
#6105 = DIRECTION ( 'NONE',  ( -1.000000000000000000, 0.000000000000000000, 0.000000000000000000 ) ) ;
#6106 = CIRCLE ( 'NONE', #4252, 18.50000000000000355 ) ;
#6107 = ADVANCED_FACE ( 'NONE', ( #2411 ), #1176, .F. ) ;
#6108 = CARTESIAN_POINT ( 'NONE',  ( 8.889594228107053908, -27.72093231318435613, -6.750000000000000888 ) ) ;
#6109 = ORIENTED_EDGE ( 'NONE', *, *, #3314, .T. ) ;
#6110 = VERTEX_POINT ( 'NONE', #4010 ) ;
#6111 = ADVANCED_FACE ( 'NONE', ( #337 ), #1941, .F. ) ;
#6112 = CARTESIAN_POINT ( 'NONE',  ( 24.60455152634241571, -4.429280070737283914, -18.50777622429792046 ) ) ;
#6113 = CARTESIAN_POINT ( 'NONE',  ( 3.198418083883514118, 18.22184197918571869, -17.75000000000000711 ) ) ;
#6114 = CIRCLE ( 'NONE', #5558, 25.00000000000000000 ) ;
#6115 = DIRECTION ( 'NONE',  ( -1.000000000000000000, 0.000000000000000000, 0.000000000000000000 ) ) ;
#6116 = ORIENTED_EDGE ( 'NONE', *, *, #6433, .T. ) ;
#6117 = VERTEX_POINT ( 'NONE', #2439 ) ;
#6118 = DIRECTION ( 'NONE',  ( 0.000000000000000000, 0.000000000000000000, -1.000000000000000000 ) ) ;
#6119 = CARTESIAN_POINT ( 'NONE',  ( -8.097525244457536076, -22.94122053334275435, -18.43272253053939380 ) ) ;
#6120 = CIRCLE ( 'NONE', #1268, 1.649999999999994582 ) ;
#6121 = CARTESIAN_POINT ( 'NONE',  ( 23.08977450538064602, -9.486258420983123330, -17.78783840234278912 ) ) ;
#6122 = EDGE_CURVE ( 'NONE', #1858, #3575, #950, .T. ) ;
#6123 = CARTESIAN_POINT ( 'NONE',  ( 19.14072815093973645, -14.84012505313443420, -18.53156121588232708 ) ) ;
#6124 = CARTESIAN_POINT ( 'NONE',  ( -25.54774941164087210, 14.75000000000012434, -5.250000000000000000 ) ) ;
#6125 = ORIENTED_EDGE ( 'NONE', *, *, #5553, .T. ) ;
#6126 = AXIS2_PLACEMENT_3D ( 'NONE', #1625, #5391, #105 ) ;
#6127 = DIRECTION ( 'NONE',  ( 0.4999999999999919509, -0.8660254037844432595, 0.000000000000000000 ) ) ;
#6128 = CYLINDRICAL_SURFACE ( 'NONE', #5453, 1.000000000000000888 ) ;
#6129 = CARTESIAN_POINT ( 'NONE',  ( 19.74890148234431564, -15.33105740479689061, -14.07968779127998715 ) ) ;
#6130 = CONICAL_SURFACE ( 'NONE', #1823, 19.50000000000000000, 0.7853981633974500554 ) ;
#6131 = ADVANCED_FACE ( 'NONE', ( #4548, #6549, #200, #1367, #5956, #2306, #3908, #3501, #2899, #706, #6588, #1226, #5575, #5995 ), #3357, .T. ) ;
#6132 = CARTESIAN_POINT ( 'NONE',  ( 16.15451071917598824, 17.74100733991606660, -18.75600996059790049 ) ) ;
#6133 = LINE ( 'NONE', #5609, #2959 ) ;
#6134 = VERTEX_POINT ( 'NONE', #3947 ) ;
#6135 = AXIS2_PLACEMENT_3D ( 'NONE', #3940, #6580, #3972 ) ;
#6136 = FACE_OUTER_BOUND ( 'NONE', #6216, .T. ) ;
#6137 = ORIENTED_EDGE ( 'NONE', *, *, #3933, .T. ) ;
#6138 = VERTEX_POINT ( 'NONE', #6513 ) ;
#6139 = DIRECTION ( 'NONE',  ( -1.000000000000000000, 0.000000000000000000, 0.000000000000000000 ) ) ;
#6140 = DIRECTION ( 'NONE',  ( -0.8660254037844362651, 0.5000000000000039968, 0.000000000000000000 ) ) ;
#6141 = EDGE_CURVE ( 'NONE', #1621, #4740, #3719, .T. ) ;
#6142 = DIRECTION ( 'NONE',  ( 0.000000000000000000, 0.000000000000000000, -1.000000000000000000 ) ) ;
#6143 = VECTOR ( 'NONE', #49, 1000.000000000000000 ) ;
#6144 = CARTESIAN_POINT ( 'NONE',  ( -15.92427054115212748, 18.66673702840747850, -18.75000000000000355 ) ) ;
#6145 = ORIENTED_EDGE ( 'NONE', *, *, #416, .T. ) ;
#6146 = ORIENTED_EDGE ( 'NONE', *, *, #4424, .T. ) ;
#6147 = EDGE_LOOP ( 'NONE', ( #4633, #5769 ) ) ;
#6148 = EDGE_CURVE ( 'NONE', #6731, #3825, #3045, .T. ) ;
#6149 = CARTESIAN_POINT ( 'NONE',  ( 24.45911162298686037, -5.173723985821559346, -17.74999999999999645 ) ) ;
#6150 = ADVANCED_FACE ( 'NONE', ( #370 ), #2018, .T. ) ;
#6151 = DIRECTION ( 'NONE',  ( -1.000000000000000000, 0.000000000000000000, 0.000000000000000000 ) ) ;
#6152 = ORIENTED_EDGE ( 'NONE', *, *, #4330, .T. ) ;
#6153 = CARTESIAN_POINT ( 'NONE',  ( 24.61327301392676148, 4.380272998558972120, -18.75000000000000355 ) ) ;
#6154 = EDGE_CURVE ( 'NONE', #409, #430, #3038, .T. ) ;
#6155 = CARTESIAN_POINT ( 'NONE',  ( -15.99317927995462085, -18.90259074951394069, -18.75000000000000355 ) ) ;
#6156 = CARTESIAN_POINT ( 'NONE',  ( 18.49813422444420397, -6.638450889661407395, -18.75000000000000355 ) ) ;
#6157 = CARTESIAN_POINT ( 'NONE',  ( 14.10102989374193072, -11.97543134654433139, -17.75000000000000711 ) ) ;
#6158 = CARTESIAN_POINT ( 'NONE',  ( 17.21277491685818717, -9.937800231748504132, -6.150000000000001243 ) ) ;
#6159 = ORIENTED_EDGE ( 'NONE', *, *, #6066, .T. ) ;
#6160 = DIRECTION ( 'NONE',  ( -0.000000000000000000, -0.000000000000000000, -1.000000000000000000 ) ) ;
#6161 = CARTESIAN_POINT ( 'NONE',  ( 23.77579162780892830, 5.179071158870205416, -18.41667154759604585 ) ) ;
#6162 = PLANE ( 'NONE',  #6673 ) ;
#6163 = LINE ( 'NONE', #6097, #2906 ) ;
#6164 = DIRECTION ( 'NONE',  ( -1.000000000000000000, 0.000000000000000000, 0.000000000000000000 ) ) ;
#6165 = ORIENTED_EDGE ( 'NONE', *, *, #657, .T. ) ;
#6166 = CARTESIAN_POINT ( 'NONE',  ( -2.888588336197220663, 24.53730137917665743, -18.04329505623529073 ) ) ;
#6167 = B_SPLINE_CURVE_WITH_KNOTS ( 'NONE', 3,
 ( #2893, #4959, #5055, #867, #3943, #268, #1360, #6686 ),
 .UNSPECIFIED., .F., .F.,
 ( 4, 2, 2, 4 ),
 ( -0.0006547701993731352369, -0.0002798739370123020948, 9.502232534852985465E-05, 0.0008448148500701916936 ),
 .UNSPECIFIED. ) ;
#6168 = ORIENTED_EDGE ( 'NONE', *, *, #1757, .T. ) ;
#6169 = CARTESIAN_POINT ( 'NONE',  ( 18.96223448575325676, 22.59831107200955458, -6.750000000000000888 ) ) ;
#6170 = ADVANCED_FACE ( 'NONE', ( #2479 ), #1500, .T. ) ;
#6171 = CARTESIAN_POINT ( 'NONE',  ( -18.66746194325705588, 4.345888257052689774, -18.41665177919101382 ) ) ;
#6172 = CARTESIAN_POINT ( 'NONE',  ( 24.14999999999998792, 2.939152317953629849E-16, -18.75000000000000355 ) ) ;
#6173 = LINE ( 'NONE', #1409, #5122 ) ;
#6174 = CARTESIAN_POINT ( 'NONE',  ( 18.67096321048051166, -4.346497810318487254, -18.42019982191738947 ) ) ;
#6175 = CARTESIAN_POINT ( 'NONE',  ( 12.86003228393456332, -14.45554795540484960, -18.75000000000000355 ) ) ;
#6176 = VERTEX_POINT ( 'NONE', #4049 ) ;
#6177 = ORIENTED_EDGE ( 'NONE', *, *, #5088, .F. ) ;
#6178 = EDGE_CURVE ( 'NONE', #5028, #5594, #5918, .T. ) ;
#6179 = VERTEX_POINT ( 'NONE', #973 ) ;
#6180 = CARTESIAN_POINT ( 'NONE',  ( -23.44141840468144977, 5.119712998556614991, -18.75600996059789338 ) ) ;
#6181 = DIRECTION ( 'NONE',  ( -0.4999999999999920064, 0.8660254037844433705, 0.000000000000000000 ) ) ;
#6182 = CARTESIAN_POINT ( 'NONE',  ( -19.84999999999999787, 3.702129843791611128E-15, -8.750000000000001776 ) ) ;
#6183 = EDGE_CURVE ( 'NONE', #5951, #5189, #232, .T. ) ;
#6184 = EDGE_CURVE ( 'NONE', #646, #4861, #5370, .T. ) ;
#6185 = ORIENTED_EDGE ( 'NONE', *, *, #2005, .F. ) ;
#6186 = CARTESIAN_POINT ( 'NONE',  ( -3.612708057484691604E-15, -29.50000000000000000, -5.250000000000000000 ) ) ;
#6187 = DIRECTION ( 'NONE',  ( 0.000000000000000000, -0.000000000000000000, 1.000000000000000000 ) ) ;
#6188 = CARTESIAN_POINT ( 'NONE',  ( -19.59625522393575636, -15.52374894148867490, -17.75000000000000355 ) ) ;
#6189 = EDGE_CURVE ( 'NONE', #35, #531, #6133, .T. ) ;
#6190 = CARTESIAN_POINT ( 'NONE',  ( -3.499999999999999556, 23.74342014116752964, -14.25000000000000178 ) ) ;
#6191 = EDGE_CURVE ( 'NONE', #5483, #201, #6491, .T. ) ;
#6192 = CARTESIAN_POINT ( 'NONE',  ( -17.37978709966237290, -6.341009677026024249, -17.75000000000000711 ) ) ;
#6193 = VERTEX_POINT ( 'NONE', #408 ) ;
#6194 = B_SPLINE_CURVE_WITH_KNOTS ( 'NONE', 3,
 ( #5583, #6734, #850, #5617 ),
 .UNSPECIFIED., .F., .F.,
 ( 4, 4 ),
 ( 0.000000000000000000, 0.001414740136845097371 ),
 .UNSPECIFIED. ) ;
#6195 = FACE_OUTER_BOUND ( 'NONE', #6659, .T. ) ;
#6196 = EDGE_CURVE ( 'NONE', #1858, #5612, #943, .T. ) ;
#6197 = CARTESIAN_POINT ( 'NONE',  ( 18.00959756134181333, -4.231358609065313914, -17.75000000000000711 ) ) ;
#6198 = CARTESIAN_POINT ( 'NONE',  ( 6.280388743951106356, 17.40134239720752873, -18.75000000000000355 ) ) ;
#6199 = CARTESIAN_POINT ( 'NONE',  ( 14.71277491685818539, -9.937800231748504132, -6.750000000000000888 ) ) ;
#6200 = AXIS2_PLACEMENT_3D ( 'NONE', #4114, #2944, #313 ) ;
#6201 = CIRCLE ( 'NONE', #680, 1.000000000000000000 ) ;
#6202 = CARTESIAN_POINT ( 'NONE',  ( -24.36693542610376895, -4.399198602127285085, -18.75000000000000355 ) ) ;
#6203 = DIRECTION ( 'NONE',  ( -0.000000000000000000, -0.000000000000000000, -1.000000000000000000 ) ) ;
#6204 = ORIENTED_EDGE ( 'NONE', *, *, #6403, .F. ) ;
#6205 = AXIS2_PLACEMENT_3D ( 'NONE', #456, #2038, #3726 ) ;
#6206 = VERTEX_POINT ( 'NONE', #3001 ) ;
#6207 = CIRCLE ( 'NONE', #3245, 2.499999999999998668 ) ;
#6208 = CARTESIAN_POINT ( 'NONE',  ( 0.000000000000000000, 0.000000000000000000, -18.75000000000000355 ) ) ;
#6209 = DIRECTION ( 'NONE',  ( -1.000000000000000000, 0.000000000000000000, -0.000000000000000000 ) ) ;
#6210 = FACE_OUTER_BOUND ( 'NONE', #301, .T. ) ;
#6211 = AXIS2_PLACEMENT_3D ( 'NONE', #6692, #6032, #3980 ) ;
#6212 = AXIS2_PLACEMENT_3D ( 'NONE', #3993, #3861, #250 ) ;
#6213 = CARTESIAN_POINT ( 'NONE',  ( 18.73226463390032848, -3.602787094045231342, -18.75000000000000355 ) ) ;
#6214 = ORIENTED_EDGE ( 'NONE', *, *, #3981, .T. ) ;
#6215 = ORIENTED_EDGE ( 'NONE', *, *, #1463, .F. ) ;
#6216 = EDGE_LOOP ( 'NONE', ( #572, #4713, #5175, #3844 ) ) ;
#6217 = CARTESIAN_POINT ( 'NONE',  ( 0.000000000000000000, 0.000000000000000000, -17.75000000000000711 ) ) ;
#6218 = CIRCLE ( 'NONE', #6419, 1.500000000000000444 ) ;
#6219 = CARTESIAN_POINT ( 'NONE',  ( -22.31240501497826756, -8.840621157338013347, -13.75000000000000178 ) ) ;
#6220 = ORIENTED_EDGE ( 'NONE', *, *, #4330, .F. ) ;
#6221 = EDGE_CURVE ( 'NONE', #6760, #4766, #3069, .T. ) ;
#6222 = DIRECTION ( 'NONE',  ( 0.000000000000000000, 0.000000000000000000, -1.000000000000000000 ) ) ;
#6223 = AXIS2_PLACEMENT_3D ( 'NONE', #3547, #6442, #669 ) ;
#6224 = VERTEX_POINT ( 'NONE', #2514 ) ;
#6225 = DIRECTION ( 'NONE',  ( 1.000000000000000000, 0.000000000000000000, 0.000000000000000000 ) ) ;
#6226 = CARTESIAN_POINT ( 'NONE',  ( -3.645833333333333481, 24.73272931371618100, -17.75000000000000355 ) ) ;
#6227 = CARTESIAN_POINT ( 'NONE',  ( 23.53332756494300426, 4.886251429096026833, -18.75000000000000355 ) ) ;
#6228 = CARTESIAN_POINT ( 'NONE',  ( -10.87500000000000888, -18.83605253231153398, -8.750000000000001776 ) ) ;
#6229 = EDGE_CURVE ( 'NONE', #1346, #646, #2059, .T. ) ;
#6230 = PLANE ( 'NONE',  #6709 ) ;
#6231 = VERTEX_POINT ( 'NONE', #5675 ) ;
#6232 = CIRCLE ( 'NONE', #1153, 18.50000000000000000 ) ;
#6233 = DIRECTION ( 'NONE',  ( 0.000000000000000000, 0.000000000000000000, -1.000000000000000000 ) ) ;
#6234 = CARTESIAN_POINT ( 'NONE',  ( 24.58478359640956867, 4.537715058249278677, -18.28709221241552996 ) ) ;
#6235 = CARTESIAN_POINT ( 'NONE',  ( -19.31240501497831019, -14.03677358004468090, -17.75000000000000355 ) ) ;
#6236 = CARTESIAN_POINT ( 'NONE',  ( -7.286907685503246412, 22.86072033846607354, -18.75600996060466841 ) ) ;
#6237 = CARTESIAN_POINT ( 'NONE',  ( 0.000000000000000000, 0.000000000000000000, -13.75000000000000178 ) ) ;
#6238 = EDGE_CURVE ( 'NONE', #5494, #3260, #3668, .T. ) ;
#6239 = CARTESIAN_POINT ( 'NONE',  ( -24.36671342639709792, 4.399204168962704387, -18.75000000000000355 ) ) ;
#6240 = VERTEX_POINT ( 'NONE', #3141 ) ;
#6241 = DIRECTION ( 'NONE',  ( 1.000000000000000000, 0.000000000000000000, 0.000000000000000000 ) ) ;
#6242 = ORIENTED_EDGE ( 'NONE', *, *, #1993, .F. ) ;
#6243 = EDGE_CURVE ( 'NONE', #4163, #353, #1502, .T. ) ;
#6244 = CARTESIAN_POINT ( 'NONE',  ( 0.000000000000000000, 0.000000000000000000, 5.250000000000000000 ) ) ;
#6245 = CARTESIAN_POINT ( 'NONE',  ( -6.298122405573684190, -17.65066881780605357, -18.75000000000000355 ) ) ;
#6246 = CARTESIAN_POINT ( 'NONE',  ( 0.000000000000000000, 0.000000000000000000, -18.75000000000000355 ) ) ;
#6247 = ADVANCED_FACE ( 'NONE', ( #3841 ), #1111, .F. ) ;
#6248 = CONICAL_SURFACE ( 'NONE', #3955, 1.899999999999999023, 0.7853981633974561616 ) ;
#6249 = CARTESIAN_POINT ( 'NONE',  ( -14.86324772583626697, -12.62275195987083620, -14.25000000000000178 ) ) ;
#6250 = EDGE_LOOP ( 'NONE', ( #5732, #4591 ) ) ;
#6251 = VERTEX_POINT ( 'NONE', #3746 ) ;
#6252 = ORIENTED_EDGE ( 'NONE', *, *, #4807, .T. ) ;
#6253 = VECTOR ( 'NONE', #5174, 1000.000000000000114 ) ;
#6254 = CARTESIAN_POINT ( 'NONE',  ( 21.81240501497813966, -9.706646561122768802, -13.75000000000000178 ) ) ;
#6255 = CARTESIAN_POINT ( 'NONE',  ( 11.80767706118045979, 13.99778422732995686, -18.57342577602512890 ) ) ;
#6256 = VERTEX_POINT ( 'NONE', #3705 ) ;
#6257 = CARTESIAN_POINT ( 'NONE',  ( 13.09738060424440675, -13.99355213851370472, -18.41665177919101382 ) ) ;
#6258 =( BOUNDED_CURVE ( )  B_SPLINE_CURVE ( 3, ( #3179, #5268, #542, #2119 ),
 .UNSPECIFIED., .F., .F. ) 
 B_SPLINE_CURVE_WITH_KNOTS ( ( 4, 4 ),
 ( 3.141592653589793116, 3.845135240435896495 ),
 .UNSPECIFIED. ) 
 CURVE ( )  GEOMETRIC_REPRESENTATION_ITEM ( )  RATIONAL_B_SPLINE_CURVE ( ( 1.000000000000000000, 0.9591759112683397870, 0.9591759112683397870, 1.000000000000000000 ) ) 
 REPRESENTATION_ITEM ( '' )  );
#6259 = DIRECTION ( 'NONE',  ( -0.000000000000000000, -0.000000000000000000, 1.000000000000000000 ) ) ;
#6260 = CIRCLE ( 'NONE', #420, 19.50000000000000000 ) ;
#6261 = B_SPLINE_CURVE_WITH_KNOTS ( 'NONE', 3,
 ( #5305, #1644, #1051, #1540 ),
 .UNSPECIFIED., .F., .F.,
 ( 4, 4 ),
 ( 0.0006131941093946983350, 0.001811011396899763013 ),
 .UNSPECIFIED. ) ;
#6262 = ORIENTED_EDGE ( 'NONE', *, *, #6512, .T. ) ;
#6263 = ADVANCED_FACE ( 'NONE', ( #1083 ), #1191, .T. ) ;
#6264 = DIRECTION ( 'NONE',  ( 1.000000000000000000, 0.000000000000000000, 0.000000000000000000 ) ) ;
#6265 = B_SPLINE_CURVE_WITH_KNOTS ( 'NONE', 3,
 ( #2601, #3678, #5281, #3084 ),
 .UNSPECIFIED., .F., .F.,
 ( 4, 4 ),
 ( 0.000000000000000000, 0.001415357249055940918 ),
 .UNSPECIFIED. ) ;
#6266 = CARTESIAN_POINT ( 'NONE',  ( -3.320512820512820262, 18.19956578077647436, -5.750000000000000888 ) ) ;
#6267 = CARTESIAN_POINT ( 'NONE',  ( -18.83605253231149135, 10.87500000000008704, -12.75000000000000178 ) ) ;
#6268 = CARTESIAN_POINT ( 'NONE',  ( 24.43268748899093978, 5.295638022496030217, -17.75000000000000355 ) ) ;
#6269 = AXIS2_PLACEMENT_3D ( 'NONE', #5326, #3280, #78 ) ;
#6270 = FACE_OUTER_BOUND ( 'NONE', #1714, .T. ) ;
#6271 = CARTESIAN_POINT ( 'NONE',  ( 0.000000000000000000, 0.000000000000000000, -18.75000000000000355 ) ) ;
#6272 = ORIENTED_EDGE ( 'NONE', *, *, #6839, .T. ) ;
#6273 = PLANE ( 'NONE',  #5901 ) ;
#6274 = CARTESIAN_POINT ( 'NONE',  ( 0.000000000000000000, 0.000000000000000000, -18.75000000000000355 ) ) ;
#6275 = ORIENTED_EDGE ( 'NONE', *, *, #948, .F. ) ;
#6276 = EDGE_CURVE ( 'NONE', #1092, #4766, #3380, .T. ) ;
#6277 = CARTESIAN_POINT ( 'NONE',  ( -2.500000000000000000, 19.87560046349701892, -6.750000000000000888 ) ) ;
#6278 = EDGE_LOOP ( 'NONE', ( #4670, #1905, #6481, #1340, #2588 ) ) ;
#6279 = CARTESIAN_POINT ( 'NONE',  ( 17.86324772583611775, -7.426599537164426224, -17.75000000000000000 ) ) ;
#6280 = EDGE_LOOP ( 'NONE', ( #1145, #5625, #3103, #5134, #5987, #129, #2976, #6399 ) ) ;
#6281 = CARTESIAN_POINT ( 'NONE',  ( -5.687762263594870582, 18.66076596369007845, -18.75832709175207569 ) ) ;
#6282 = CARTESIAN_POINT ( 'NONE',  ( -6.280388743951106356, -17.40134239720752873, -18.75000000000000355 ) ) ;
#6283 = DIRECTION ( 'NONE',  ( 0.4999999999999919509, -0.8660254037844432595, 0.000000000000000000 ) ) ;
#6284 = ADVANCED_FACE ( 'NONE', ( #3249 ), #4826, .F. ) ;
#6285 = LINE ( 'NONE', #516, #1349 ) ;
#6286 = EDGE_CURVE ( 'NONE', #3787, #125, #1397, .T. ) ;
#6287 = CARTESIAN_POINT ( 'NONE',  ( 19.01875402735140241, -4.151227823166039776, -18.75000000000000355 ) ) ;
#6288 = EDGE_LOOP ( 'NONE', ( #4661, #4974 ) ) ;
#6289 = ORIENTED_EDGE ( 'NONE', *, *, #3475, .T. ) ;
#6290 = ORIENTED_EDGE ( 'NONE', *, *, #3819, .F. ) ;
#6291 = DIRECTION ( 'NONE',  ( -0.000000000000000000, -0.000000000000000000, -1.000000000000000000 ) ) ;
#6292 = DIRECTION ( 'NONE',  ( -0.000000000000000000, -0.000000000000000000, 1.000000000000000000 ) ) ;
#6293 = DIRECTION ( 'NONE',  ( 0.000000000000000000, 0.000000000000000000, -1.000000000000000000 ) ) ;
#6294 = CARTESIAN_POINT ( 'NONE',  ( -2.010996139922123227, 18.39037505123857841, -5.950000000000000178 ) ) ;
#6295 = VERTEX_POINT ( 'NONE', #4288 ) ;
#6296 = FACE_OUTER_BOUND ( 'NONE', #4357, .T. ) ;
#6297 = FACE_OUTER_BOUND ( 'NONE', #6744, .T. ) ;
#6298 = CARTESIAN_POINT ( 'NONE',  ( 3.499999999999993783, 19.18332609325088001, -18.75000000000000355 ) ) ;
#6299 = CARTESIAN_POINT ( 'NONE',  ( 5.455230443401286600, -18.02594497629178605, -18.08331757544337393 ) ) ;
#6300 = DIRECTION ( 'NONE',  ( -0.000000000000000000, -0.000000000000000000, -1.000000000000000000 ) ) ;
#6301 = ADVANCED_FACE ( 'NONE', ( #3322 ), #3135, .F. ) ;
#6302 = CARTESIAN_POINT ( 'NONE',  ( -14.92103390953509034, -10.93676126970430218, -8.250000000000000000 ) ) ;
#6303 = CARTESIAN_POINT ( 'NONE',  ( 0.000000000000000000, -0.000000000000000000, -13.75000000000000178 ) ) ;
#6304 = ORIENTED_EDGE ( 'NONE', *, *, #2820, .T. ) ;
#6305 = CARTESIAN_POINT ( 'NONE',  ( 6.295566231526279921, -17.52623604357864195, -18.75000000000000355 ) ) ;
#6306 = CARTESIAN_POINT ( 'NONE',  ( -19.79318038735571150, -14.70765885741225709, -18.09061600703659423 ) ) ;
#6307 = CARTESIAN_POINT ( 'NONE',  ( -8.097517247595844125, 22.94119853419122990, -18.43274594745997419 ) ) ;
#6308 = ORIENTED_EDGE ( 'NONE', *, *, #284, .T. ) ;
#6309 = CARTESIAN_POINT ( 'NONE',  ( 10.87500000000000178, 18.83605253231153753, -8.750000000000001776 ) ) ;
#6310 = CARTESIAN_POINT ( 'NONE',  ( 0.000000000000000000, 0.000000000000000000, -5.950000000000000178 ) ) ;
#6311 = VERTEX_POINT ( 'NONE', #2194 ) ;
#6312 = DIRECTION ( 'NONE',  ( -1.000000000000000000, 0.000000000000000000, 0.000000000000000000 ) ) ;
#6313 = CYLINDRICAL_SURFACE ( 'NONE', #4119, 1.500000000000000444 ) ;
#6314 = EDGE_CURVE ( 'NONE', #5009, #4243, #2655, .T. ) ;
#6315 = FACE_OUTER_BOUND ( 'NONE', #6405, .T. ) ;
#6316 = CARTESIAN_POINT ( 'NONE',  ( 10.87500000000000355, -18.83605253231153753, -18.25000000000002487 ) ) ;
#6317 = ORIENTED_EDGE ( 'NONE', *, *, #1166, .T. ) ;
#6318 = CIRCLE ( 'NONE', #3244, 1.000000000000000888 ) ;
#6319 = VECTOR ( 'NONE', #4645, 999.9999999999998863 ) ;
#6320 = VERTEX_POINT ( 'NONE', #3777 ) ;
#6321 = VERTEX_POINT ( 'NONE', #6346 ) ;
#6322 = CARTESIAN_POINT ( 'NONE',  ( 0.000000000000000000, 0.000000000000000000, -13.75000000000000178 ) ) ;
#6323 = EDGE_CURVE ( 'NONE', #5448, #531, #3183, .T. ) ;
#6324 = AXIS2_PLACEMENT_3D ( 'NONE', #5419, #5903, #4363 ) ;
#6325 = AXIS2_PLACEMENT_3D ( 'NONE', #6246, #345, #2553 ) ;
#6326 = ORIENTED_EDGE ( 'NONE', *, *, #4672, .T. ) ;
#6327 = CARTESIAN_POINT ( 'NONE',  ( 0.000000000000000000, 0.000000000000000000, -5.250000000000000000 ) ) ;
#6328 = CARTESIAN_POINT ( 'NONE',  ( 1.249999999999978906, -2.165063509461108815, -13.75000000000000178 ) ) ;
#6329 = EDGE_CURVE ( 'NONE', #645, #4194, #5157, .T. ) ;
#6330 = ORIENTED_EDGE ( 'NONE', *, *, #4972, .F. ) ;
#6331 = AXIS2_PLACEMENT_3D ( 'NONE', #2935, #1298, #336 ) ;
#6332 = AXIS2_PLACEMENT_3D ( 'NONE', #5718, #1022, #3262 ) ;
#6333 = DIRECTION ( 'NONE',  ( -0.8660254037844363761, 0.5000000000000039968, 0.000000000000000000 ) ) ;
#6334 = CARTESIAN_POINT ( 'NONE',  ( 25.10937642095515443, 4.465659809425208238, -18.25715341813839387 ) ) ;
#6335 = EDGE_CURVE ( 'NONE', #1230, #215, #3633, .T. ) ;
#6336 = B_SPLINE_CURVE_WITH_KNOTS ( 'NONE', 3,
 ( #4485, #6656, #3949, #2413, #771, #6035, #6166, #6623 ),
 .UNSPECIFIED., .F., .F.,
 ( 4, 2, 2, 4 ),
 ( 0.000000000000000000, 0.0004715209418172148863, 0.0007072814127258208929, 0.0009430418836344268453 ),
 .UNSPECIFIED. ) ;
#6337 = AXIS2_PLACEMENT_3D ( 'NONE', #2720, #1660, #5800 ) ;
#6338 = CARTESIAN_POINT ( 'NONE',  ( 6.112211250783615490, -17.46120982645889796, -18.28048286926300747 ) ) ;
#6339 = CARTESIAN_POINT ( 'NONE',  ( 22.84194004145703261, -13.18780023174850591, 6.750000000000000888 ) ) ;
#6340 = VERTEX_POINT ( 'NONE', #2792 ) ;
#6341 = AXIS2_PLACEMENT_3D ( 'NONE', #65, #5788, #5858 ) ;
#6342 = FACE_OUTER_BOUND ( 'NONE', #1512, .T. ) ;
#6343 = DIRECTION ( 'NONE',  ( 0.4999999999999919509, -0.8660254037844432595, 0.000000000000000000 ) ) ;
#6344 = EDGE_LOOP ( 'NONE', ( #4078, #4837, #4182, #3927, #568, #2403 ) ) ;
#6345 = AXIS2_PLACEMENT_3D ( 'NONE', #1667, #2859, #2760 ) ;
#6346 = CARTESIAN_POINT ( 'NONE',  ( 2.564702748853348258, 26.37560046349702603, -6.750000000000000888 ) ) ;
#6347 = DIRECTION ( 'NONE',  ( -0.5000000000000051070, -0.8660254037844358210, 0.000000000000000000 ) ) ;
#6348 = ORIENTED_EDGE ( 'NONE', *, *, #4121, .T. ) ;
#6349 = CARTESIAN_POINT ( 'NONE',  ( -8.475000000000010303, 18.83605253231154109, -18.75000000000000355 ) ) ;
#6350 = CIRCLE ( 'NONE', #2824, 26.50000000000000355 ) ;
#6351 = EDGE_CURVE ( 'NONE', #6638, #1447, #2094, .T. ) ;
#6352 = CARTESIAN_POINT ( 'NONE',  ( -24.43268748899086518, 5.295638022496374830, -17.75000000000000355 ) ) ;
#6353 = ORIENTED_EDGE ( 'NONE', *, *, #6025, .F. ) ;
#6354 = CIRCLE ( 'NONE', #4919, 3.150000000000002576 ) ;
#6355 = ORIENTED_EDGE ( 'NONE', *, *, #4643, .T. ) ;
#6356 = ORIENTED_EDGE ( 'NONE', *, *, #6662, .F. ) ;
#6357 = CARTESIAN_POINT ( 'NONE',  ( 8.606387458429093584, -4.968900115874252066, -6.150000000000001243 ) ) ;
#6358 = CONICAL_SURFACE ( 'NONE', #3394, 19.50000000000000355, 0.7853981633974500554 ) ;
#6359 = B_SPLINE_CURVE_WITH_KNOTS ( 'NONE', 3,
 ( #3750, #2165, #1114, #3672, #5817, #3187, #4223, #2098, #3781, #5777 ),
 .UNSPECIFIED., .F., .F.,
 ( 4, 2, 2, 2, 4 ),
 ( 0.000000000000000000, 0.0003692409471152336342, 0.0007384818942304672684, 0.001107722841345700794, 0.001476963788460934537 ),
 .UNSPECIFIED. ) ;
#6360 = VERTEX_POINT ( 'NONE', #2296 ) ;
#6361 = CYLINDRICAL_SURFACE ( 'NONE', #6205, 1.899999999999995470 ) ;
#6362 = ORIENTED_EDGE ( 'NONE', *, *, #1041, .T. ) ;
#6363 = ADVANCED_FACE ( 'NONE', ( #5022 ), #734, .F. ) ;
#6364 = CIRCLE ( 'NONE', #3401, 3.149999999999999911 ) ;
#6365 = CYLINDRICAL_SURFACE ( 'NONE', #3282, 18.50000000000000000 ) ;
#6366 = CARTESIAN_POINT ( 'NONE',  ( -14.68427343364245985, -11.63889820918746487, -17.98744480439649251 ) ) ;
#6367 = DIRECTION ( 'NONE',  ( -0.000000000000000000, -0.000000000000000000, -1.000000000000000000 ) ) ;
#6368 = ADVANCED_FACE ( 'NONE', ( #6055, #1802 ), #2368, .T. ) ;
#6369 = AXIS2_PLACEMENT_3D ( 'NONE', #5027, #741, #843 ) ;
#6370 = DIRECTION ( 'NONE',  ( 0.000000000000000000, 0.000000000000000000, -1.000000000000000000 ) ) ;
#6371 = CARTESIAN_POINT ( 'NONE',  ( 18.11981512571184183, 26.37560046349702247, -6.750000000000000888 ) ) ;
#6372 = VERTEX_POINT ( 'NONE', #6024 ) ;
#6373 = EDGE_CURVE ( 'NONE', #4254, #5520, #5924, .T. ) ;
#6374 = AXIS2_PLACEMENT_3D ( 'NONE', #1293, #699, #2892 ) ;
#6375 = FACE_OUTER_BOUND ( 'NONE', #1476, .T. ) ;
#6376 = CARTESIAN_POINT ( 'NONE',  ( 0.000000000000000000, -0.000000000000000000, -18.75000000000000355 ) ) ;
#6377 = DIRECTION ( 'NONE',  ( 0.000000000000000000, 0.000000000000000000, 1.000000000000000000 ) ) ;
#6378 = ORIENTED_EDGE ( 'NONE', *, *, #5766, .T. ) ;
#6379 = CARTESIAN_POINT ( 'NONE',  ( 15.99328545878718799, -18.90278579031713946, -18.75000000000000355 ) ) ;
#6380 = VERTEX_POINT ( 'NONE', #762 ) ;
#6381 = CARTESIAN_POINT ( 'NONE',  ( 1.699197433816952547E-15, -21.75000000000000000, -12.75000000000000178 ) ) ;
#6382 = DIRECTION ( 'NONE',  ( -0.4999999999999933942, 0.8660254037844425934, 0.000000000000000000 ) ) ;
#6383 = ORIENTED_EDGE ( 'NONE', *, *, #2155, .F. ) ;
#6384 = CARTESIAN_POINT ( 'NONE',  ( -2.737444804396491183, 18.53640293424503582, -17.98744480439650317 ) ) ;
#6385 = ORIENTED_EDGE ( 'NONE', *, *, #5415, .F. ) ;
#6386 = ORIENTED_EDGE ( 'NONE', *, *, #2857, .T. ) ;
#6387 = CARTESIAN_POINT ( 'NONE',  ( 5.684894228234322000, -18.65293482575297190, -18.75000000000000355 ) ) ;
#6388 = EDGE_CURVE ( 'NONE', #3306, #2790, #229, .T. ) ;
#6389 = CARTESIAN_POINT ( 'NONE',  ( 0.000000000000000000, -0.000000000000000000, -13.75000000000000178 ) ) ;
#6390 = CARTESIAN_POINT ( 'NONE',  ( -18.16503209481424364, 3.505499670490905384, -18.17164737662105267 ) ) ;
#6391 = ORIENTED_EDGE ( 'NONE', *, *, #5402, .F. ) ;
#6392 = ORIENTED_EDGE ( 'NONE', *, *, #722, .F. ) ;
#6393 = DIRECTION ( 'NONE',  ( -0.000000000000000000, -0.000000000000000000, 1.000000000000000000 ) ) ;
#6394 = CARTESIAN_POINT ( 'NONE',  ( 24.77638750993940420, 4.406929077783627413, -18.59510411921252171 ) ) ;
#6395 = CARTESIAN_POINT ( 'NONE',  ( 1.688131093815048223, -31.95691979831221374, -6.570512999933282750 ) ) ;
#6396 = CARTESIAN_POINT ( 'NONE',  ( 19.85000000000000142, 0.000000000000000000, -18.25000000000002487 ) ) ;
#6397 = CARTESIAN_POINT ( 'NONE',  ( -24.48390168846319526, -5.054715601041916528, -17.78491152439199752 ) ) ;
#6398 = VERTEX_POINT ( 'NONE', #2404 ) ;
#6399 = ORIENTED_EDGE ( 'NONE', *, *, #1020, .T. ) ;
#6400 = LINE ( 'NONE', #1106, #6461 ) ;
#6401 = DIRECTION ( 'NONE',  ( 1.000000000000000000, 0.000000000000000000, 0.000000000000000000 ) ) ;
#6402 = CARTESIAN_POINT ( 'NONE',  ( -3.320512820512820262, 18.19956578077647436, -14.25000000000000178 ) ) ;
#6403 = EDGE_CURVE ( 'NONE', #953, #4419, #3368, .T. ) ;
#6404 = CARTESIAN_POINT ( 'NONE',  ( 0.000000000000000000, 26.37560046349702603, -6.750000000000000888 ) ) ;
#6405 = EDGE_LOOP ( 'NONE', ( #267, #3019, #2233 ) ) ;
#6406 = CARTESIAN_POINT ( 'NONE',  ( -16.10006419922630982, 19.12558320106321119, -18.75000000000000355 ) ) ;
#6407 = ADVANCED_FACE ( 'NONE', ( #838 ), #2330, .T. ) ;
#6408 = CARTESIAN_POINT ( 'NONE',  ( 14.68427343364230175, -11.63889820918767981, -17.98744480439650317 ) ) ;
#6409 = ORIENTED_EDGE ( 'NONE', *, *, #251, .T. ) ;
#6410 = CARTESIAN_POINT ( 'NONE',  ( 8.213004263605625965, 23.25886034027972471, -18.09461283604829518 ) ) ;
#6411 = DIRECTION ( 'NONE',  ( 0.000000000000000000, -0.000000000000000000, 1.000000000000000000 ) ) ;
#6412 = ORIENTED_EDGE ( 'NONE', *, *, #2584, .F. ) ;
#6413 = CARTESIAN_POINT ( 'NONE',  ( -17.61324772583623144, -7.859612239056392724, -14.25000000000000178 ) ) ;
#6414 = ORIENTED_EDGE ( 'NONE', *, *, #1335, .F. ) ;
#6415 = ORIENTED_EDGE ( 'NONE', *, *, #2462, .T. ) ;
#6416 = EDGE_CURVE ( 'NONE', #3296, #2950, #3110, .T. ) ;
#6417 = CARTESIAN_POINT ( 'NONE',  ( 1.500000000000002220, -21.75000000000000000, -12.75000000000000178 ) ) ;
#6418 = DIRECTION ( 'NONE',  ( -1.000000000000000000, 0.000000000000000000, 0.000000000000000000 ) ) ;
#6419 = AXIS2_PLACEMENT_3D ( 'NONE', #5032, #1372, #1470 ) ;
#6420 = CARTESIAN_POINT ( 'NONE',  ( -19.31240501497831019, -14.03677358004468267, -13.75000000000000178 ) ) ;
#6421 = AXIS2_PLACEMENT_3D ( 'NONE', #441, #3499, #5573 ) ;
#6422 = CARTESIAN_POINT ( 'NONE',  ( 18.15670593019205725, 3.485477529316241441, -17.72259486755743296 ) ) ;
#6423 = EDGE_LOOP ( 'NONE', ( #3013, #3725 ) ) ;
#6424 = DIRECTION ( 'NONE',  ( -0.3535533905932769505, -0.6123724356957935822, -0.7071067811865467956 ) ) ;
#6425 = CARTESIAN_POINT ( 'NONE',  ( 18.11291080137158360, -3.766290310453987100, -17.90046786755696218 ) ) ;
#6426 = VECTOR ( 'NONE', #5948, 1000.000000000000000 ) ;
#6427 = AXIS2_PLACEMENT_3D ( 'NONE', #4831, #5276, #2631 ) ;
#6428 = EDGE_CURVE ( 'NONE', #4733, #4530, #3491, .T. ) ;
#6429 = DIRECTION ( 'NONE',  ( 0.000000000000000000, 0.000000000000000000, 1.000000000000000000 ) ) ;
#6430 = CONICAL_SURFACE ( 'NONE', #2242, 1.899999999999995470, 0.7853981633974559395 ) ;
#6431 = ORIENTED_EDGE ( 'NONE', *, *, #2532, .T. ) ;
#6432 = CARTESIAN_POINT ( 'NONE',  ( 18.36324772583612486, -6.560574133379988737, -14.25000000000000178 ) ) ;
#6433 = EDGE_CURVE ( 'NONE', #6751, #5349, #4380, .T. ) ;
#6434 = CARTESIAN_POINT ( 'NONE',  ( -2.737444804396491183, 18.53640293424503582, -17.98744480439650317 ) ) ;
#6435 = VECTOR ( 'NONE', #3144, 1000.000000000000000 ) ;
#6436 = VERTEX_POINT ( 'NONE', #733 ) ;
#6437 = CARTESIAN_POINT ( 'NONE',  ( -16.22216831378367274, 19.02218961190915536, -18.28709221241553351 ) ) ;
#6438 = CIRCLE ( 'NONE', #5228, 1.199999999999999734 ) ;
#6439 = DIRECTION ( 'NONE',  ( 0.8660254037844361541, -0.5000000000000043299, 0.000000000000000000 ) ) ;
#6440 = ORIENTED_EDGE ( 'NONE', *, *, #2771, .F. ) ;
#6441 = B_SPLINE_CURVE_WITH_KNOTS ( 'NONE', 3,
 ( #67, #2175, #4302, #4517, #2207, #5315, #2810, #6457, #1878, #5966 ),
 .UNSPECIFIED., .F., .F.,
 ( 4, 2, 2, 2, 4 ),
 ( 0.000000000000000000, 0.0003741468002070890732, 0.0007482936004141781464, 0.001122440400621267220, 0.001496587200828356293 ),
 .UNSPECIFIED. ) ;
#6442 = DIRECTION ( 'NONE',  ( 0.000000000000000000, 0.000000000000000000, 1.000000000000000000 ) ) ;
#6443 = CARTESIAN_POINT ( 'NONE',  ( 19.31240501497811834, -14.03677358004496156, -14.25000000000000178 ) ) ;
#6444 = CIRCLE ( 'NONE', #1595, 2.399999999999985256 ) ;
#6445 = ADVANCED_FACE ( 'NONE', ( #4957 ), #4439, .F. ) ;
#6446 = PLANE ( 'NONE',  #4175 ) ;
#6447 = ORIENTED_EDGE ( 'NONE', *, *, #6221, .F. ) ;
#6448 = DIRECTION ( 'NONE',  ( -0.4999999999999866218, 0.8660254037844463681, 0.000000000000000000 ) ) ;
#6449 = EDGE_LOOP ( 'NONE', ( #2904, #6146, #2040, #2522, #1957, #437, #4879, #3122, #4122, #5518, #1554, #2967, #2359, #1062, #27, #1038, #4873, #928, #5308, #3474, #3901, #2019 ) ) ;
#6450 = EDGE_CURVE ( 'NONE', #445, #6295, #3853, .T. ) ;
#6451 = CIRCLE ( 'NONE', #503, 15.00000000000000000 ) ;
#6452 = ORIENTED_EDGE ( 'NONE', *, *, #1423, .F. ) ;
#6453 = DIRECTION ( 'NONE',  ( -1.000000000000000000, 0.000000000000000000, 0.000000000000000000 ) ) ;
#6454 = CARTESIAN_POINT ( 'NONE',  ( 16.93203004945722157, -7.453613781534278004, -5.950000000000000178 ) ) ;
#6455 = EDGE_CURVE ( 'NONE', #8, #5510, #5400, .T. ) ;
#6456 = AXIS2_PLACEMENT_3D ( 'NONE', #3098, #5191, #6724 ) ;
#6457 = CARTESIAN_POINT ( 'NONE',  ( -18.43636164258926158, 3.371861312820524592, -18.75000000000000355 ) ) ;
#6458 = DIRECTION ( 'NONE',  ( -0.000000000000000000, 0.000000000000000000, -1.000000000000000000 ) ) ;
#6459 = LINE ( 'NONE', #6492, #5364 ) ;
#6460 = ORIENTED_EDGE ( 'NONE', *, *, #3305, .F. ) ;
#6461 = VECTOR ( 'NONE', #1075, 1000.000000000000114 ) ;
#6462 = DIRECTION ( 'NONE',  ( 0.000000000000000000, -0.000000000000000000, 1.000000000000000000 ) ) ;
#6463 = DIRECTION ( 'NONE',  ( 1.000000000000000000, 0.000000000000000000, 0.000000000000000000 ) ) ;
#6464 = DIRECTION ( 'NONE',  ( -1.000000000000000000, 0.000000000000000000, 0.000000000000000000 ) ) ;
#6465 = DIRECTION ( 'NONE',  ( 0.000000000000000000, 0.000000000000000000, -1.000000000000000000 ) ) ;
#6466 = ORIENTED_EDGE ( 'NONE', *, *, #659, .T. ) ;
#6467 = CARTESIAN_POINT ( 'NONE',  ( 10.87500000000000178, 18.83605253231153753, -18.24999999999999645 ) ) ;
#6468 = CARTESIAN_POINT ( 'NONE',  ( 14.47830404484727040, -11.69269475977964490, -17.85991712921439500 ) ) ;
#6469 = CIRCLE ( 'NONE', #3747, 1.500000000000000000 ) ;
#6470 = CARTESIAN_POINT ( 'NONE',  ( 7.749198922295954972, 23.76900365799392745, -17.75000000000000711 ) ) ;
#6471 = CARTESIAN_POINT ( 'NONE',  ( -18.50000000000000000, 0.000000000000000000, -5.950000000000000178 ) ) ;
#6472 = CARTESIAN_POINT ( 'NONE',  ( -19.42153840428925804, -14.09978177174093084, -17.75000000000000355 ) ) ;
#6473 = B_SPLINE_CURVE_WITH_KNOTS ( 'NONE', 3,
 ( #3727, #529, #6087, #489 ),
 .UNSPECIFIED., .F., .F.,
 ( 4, 4 ),
 ( 0.000000000000000000, 0.001415357249055940268 ),
 .UNSPECIFIED. ) ;
#6474 = VECTOR ( 'NONE', #2263, 1000.000000000000114 ) ;
#6475 = CARTESIAN_POINT ( 'NONE',  ( 6.175583984874925214, 17.78408103608562385, -18.06048926113470188 ) ) ;
#6476 = VERTEX_POINT ( 'NONE', #2294 ) ;
#6477 = CARTESIAN_POINT ( 'NONE',  ( 16.80250080122391054, 18.51150903694428251, -17.75000000000000355 ) ) ;
#6478 = CARTESIAN_POINT ( 'NONE',  ( 17.36324772583708409, -6.682005469062491265, -17.85426470635129093 ) ) ;
#6479 = EDGE_CURVE ( 'NONE', #3430, #1662, #3752, .T. ) ;
#6480 = CARTESIAN_POINT ( 'NONE',  ( -15.99999999999999645, 1.959434878635764737E-15, -5.750000000000000888 ) ) ;
#6481 = ORIENTED_EDGE ( 'NONE', *, *, #5264, .F. ) ;
#6482 = ORIENTED_EDGE ( 'NONE', *, *, #6323, .T. ) ;
#6483 = ORIENTED_EDGE ( 'NONE', *, *, #5128, .F. ) ;
#6484 = EDGE_CURVE ( 'NONE', #3396, #1760, #52, .T. ) ;
#6485 = CARTESIAN_POINT ( 'NONE',  ( 20.28421686950846592, -14.61336874203714231, -13.75000000000000178 ) ) ;
#6486 = CARTESIAN_POINT ( 'NONE',  ( -5.340334732698440945, -17.71244830458891428, -17.75000000000000711 ) ) ;
#6487 = CARTESIAN_POINT ( 'NONE',  ( 8.106851340233445669, 23.04362118427695805, -18.75000000000000355 ) ) ;
#6488 = EDGE_CURVE ( 'NONE', #1056, #3541, #2822, .T. ) ;
#6489 = DIRECTION ( 'NONE',  ( 0.000000000000000000, 0.000000000000000000, 1.000000000000000000 ) ) ;
#6490 = CARTESIAN_POINT ( 'NONE',  ( 18.35865288732984268, 3.285425829940115783, -18.91058395830664907 ) ) ;
#6491 = B_SPLINE_CURVE_WITH_KNOTS ( 'NONE', 3,
 ( #6694, #1914, #4183, #4084 ),
 .UNSPECIFIED., .F., .F.,
 ( 4, 4 ),
 ( 0.0003939899509912042673, 0.001651559497339068292 ),
 .UNSPECIFIED. ) ;
#6492 = CARTESIAN_POINT ( 'NONE',  ( 14.10102989374192539, -11.97543134654432961, -5.750000000000000888 ) ) ;
#6493 = ORIENTED_EDGE ( 'NONE', *, *, #3734, .F. ) ;
#6494 = ORIENTED_EDGE ( 'NONE', *, *, #1860, .T. ) ;
#6495 = ADVANCED_FACE ( 'NONE', ( #5950 ), #1668, .T. ) ;
#6496 = CARTESIAN_POINT ( 'NONE',  ( 19.81240501497811479, -14.83529014145152480, -17.99895324561461507 ) ) ;
#6497 = CARTESIAN_POINT ( 'NONE',  ( 0.1711834147055084354, -32.00002848239682862, -6.099663908404143520 ) ) ;
#6498 = CARTESIAN_POINT ( 'NONE',  ( -13.31146830012050408, -14.24973023235481584, -18.75000000000000355 ) ) ;
#6499 = B_SPLINE_CURVE_WITH_KNOTS ( 'NONE', 3,
 ( #261, #5628, #3448, #2363, #5499, #2428, #1831, #6641, #357, #862, #759, #5117, #4537, #2992 ),
 .UNSPECIFIED., .F., .F.,
 ( 4, 2, 2, 2, 2, 2, 4 ),
 ( 3.936710395844350660E-07, 0.001056309201365952192, 0.001584266966529142501, 0.002112224731692333244, 0.002640182496855523336, 0.003168140262018713862, 0.004224055792345094915 ),
 .UNSPECIFIED. ) ;
#6500 = CARTESIAN_POINT ( 'NONE',  ( 7.517496621938821733, -23.49650120891936567, -18.08021765461926833 ) ) ;
#6501 = FACE_BOUND ( 'NONE', #1369, .T. ) ;
#6502 = ORIENTED_EDGE ( 'NONE', *, *, #5481, .F. ) ;
#6503 = ORIENTED_EDGE ( 'NONE', *, *, #5588, .T. ) ;
#6504 = B_SPLINE_CURVE_WITH_KNOTS ( 'NONE', 3,
 ( #5047, #3381, #3897, #294 ),
 .UNSPECIFIED., .F., .F.,
 ( 4, 4 ),
 ( 6.009258394948637697E-18, 0.001414740136845105394 ),
 .UNSPECIFIED. ) ;
#6505 = CARTESIAN_POINT ( 'NONE',  ( -16.45840743814219564, -18.81840518704586174, -17.90471812681238006 ) ) ;
#6506 = DIRECTION ( 'NONE',  ( -0.000000000000000000, -0.000000000000000000, 1.000000000000000000 ) ) ;
#6507 = CARTESIAN_POINT ( 'NONE',  ( -2.513440130719257759, 24.87333147588577376, -13.75000000000000178 ) ) ;
#6508 = CARTESIAN_POINT ( 'NONE',  ( -8.448040791620091028, 23.39992733076334730, -18.75000000000000711 ) ) ;
#6509 = EDGE_LOOP ( 'NONE', ( #6102, #5688, #6317, #3656 ) ) ;
#6510 = ORIENTED_EDGE ( 'NONE', *, *, #868, .T. ) ;
#6511 = CARTESIAN_POINT ( 'NONE',  ( 6.088855613037436498, 18.36488862907780018, -18.75000000000000355 ) ) ;
#6512 = EDGE_CURVE ( 'NONE', #1834, #4441, #3320, .T. ) ;
#6513 = CARTESIAN_POINT ( 'NONE',  ( -21.56240501497828177, -10.13965926301468023, -13.75000000000000178 ) ) ;
#6514 = ORIENTED_EDGE ( 'NONE', *, *, #6787, .F. ) ;
#6515 = CARTESIAN_POINT ( 'NONE',  ( -2.990456794789194017, 18.75479438055981163, -18.24045679478920690 ) ) ;
#6516 = ORIENTED_EDGE ( 'NONE', *, *, #3041, .T. ) ;
#6517 = ORIENTED_EDGE ( 'NONE', *, *, #1654, .F. ) ;
#6518 = CYLINDRICAL_SURFACE ( 'NONE', #2809, 18.50000000000000000 ) ;
#6519 = CARTESIAN_POINT ( 'NONE',  ( 18.99636252835468042, -4.403204593398121425, -18.75000000000000355 ) ) ;
#6520 = CARTESIAN_POINT ( 'NONE',  ( 8.203733201788176999, 23.12419133957774520, -18.75000000000000355 ) ) ;
#6521 = CARTESIAN_POINT ( 'NONE',  ( -18.20513365235254355, 3.289974787677205637, -18.62636688832870036 ) ) ;
#6522 = FACE_OUTER_BOUND ( 'NONE', #983, .T. ) ;
#6523 = ORIENTED_EDGE ( 'NONE', *, *, #4106, .T. ) ;
#6524 = CIRCLE ( 'NONE', #3567, 2.400000000000015010 ) ;
#6525 = VERTEX_POINT ( 'NONE', #5630 ) ;
#6526 = EDGE_CURVE ( 'NONE', #4530, #6698, #3488, .T. ) ;
#6527 = CARTESIAN_POINT ( 'NONE',  ( -6.246027169080361929, 18.02401059039307896, -18.75000000000000355 ) ) ;
#6528 = VECTOR ( 'NONE', #172, 1000.000000000000000 ) ;
#6529 = AXIS2_PLACEMENT_3D ( 'NONE', #3302, #1751, #1687 ) ;
#6530 = ADVANCED_FACE ( 'NONE', ( #2966 ), #895, .T. ) ;
#6531 = CARTESIAN_POINT ( 'NONE',  ( 8.571665064290169056, -23.66040113929480526, -18.59515134002544201 ) ) ;
#6532 = ORIENTED_EDGE ( 'NONE', *, *, #3545, .T. ) ;
#6533 = AXIS2_PLACEMENT_3D ( 'NONE', #1069, #3733, #5797 ) ;
#6534 = ADVANCED_FACE ( 'NONE', ( #3524 ), #5052, .T. ) ;
#6535 = DIRECTION ( 'NONE',  ( -1.000000000000000000, 0.000000000000000000, 0.000000000000000000 ) ) ;
#6536 = ADVANCED_FACE ( 'NONE', ( #3417 ), #4618, .T. ) ;
#6537 = CARTESIAN_POINT ( 'NONE',  ( 0.000000000000000000, 0.000000000000000000, -5.750000000000000888 ) ) ;
#6538 = CIRCLE ( 'NONE', #4244, 1.199999999999999734 ) ;
#6539 = CONICAL_SURFACE ( 'NONE', #6325, 19.50000000000000000, 0.7853981633974500554 ) ;
#6540 = ORIENTED_EDGE ( 'NONE', *, *, #1454, .F. ) ;
#6541 = CARTESIAN_POINT ( 'NONE',  ( 24.10424056894951406, -5.237361799153500641, -18.08333802952935798 ) ) ;
#6542 = CIRCLE ( 'NONE', #2589, 2.500000000000000000 ) ;
#6543 = ORIENTED_EDGE ( 'NONE', *, *, #242, .T. ) ;
#6544 = CIRCLE ( 'NONE', #1015, 18.50000000000000000 ) ;
#6545 = DIRECTION ( 'NONE',  ( 0.000000000000000000, 0.000000000000000000, 1.000000000000000000 ) ) ;
#6546 = DIRECTION ( 'NONE',  ( -0.000000000000000000, -0.000000000000000000, 1.000000000000000000 ) ) ;
#6547 = AXIS2_PLACEMENT_3D ( 'NONE', #3137, #5230, #5267 ) ;
#6548 = LINE ( 'NONE', #2972, #4676 ) ;
#6549 = FACE_BOUND ( 'NONE', #3464, .T. ) ;
#6550 = EDGE_LOOP ( 'NONE', ( #2784, #3574 ) ) ;
#6551 = VERTEX_POINT ( 'NONE', #5565 ) ;
#6552 = VERTEX_POINT ( 'NONE', #1870 ) ;
#6553 = DIRECTION ( 'NONE',  ( 0.000000000000000000, 0.000000000000000000, 1.000000000000000000 ) ) ;
#6554 = EDGE_CURVE ( 'NONE', #201, #5736, #864, .T. ) ;
#6555 = DIRECTION ( 'NONE',  ( 0.000000000000000000, 0.000000000000000000, -1.000000000000000000 ) ) ;
#6556 = CYLINDRICAL_SURFACE ( 'NONE', #4448, 1.200000000000002842 ) ;
#6557 = VECTOR ( 'NONE', #91, 1000.000000000000000 ) ;
#6558 =( BOUNDED_CURVE ( )  B_SPLINE_CURVE ( 3, ( #3864, #2254, #2755, #658 ),
 .UNSPECIFIED., .F., .F. ) 
 B_SPLINE_CURVE_WITH_KNOTS ( ( 4, 4 ),
 ( 5.432388077210856814, 6.283185307179585344 ),
 .UNSPECIFIED. ) 
 CURVE ( )  GEOMETRIC_REPRESENTATION_ITEM ( )  RATIONAL_B_SPLINE_CURVE ( ( 1.000000000000000000, 0.9405828688914452673, 0.9405828688914452673, 1.000000000000000000 ) ) 
 REPRESENTATION_ITEM ( '' )  );
#6559 = CARTESIAN_POINT ( 'NONE',  ( 8.513208814700218952, 23.50585619962205186, -18.75000000000000355 ) ) ;
#6560 = CARTESIAN_POINT ( 'NONE',  ( -1.999999999999999556, 23.74342014116752964, -13.75000000000000178 ) ) ;
#6561 = ORIENTED_EDGE ( 'NONE', *, *, #6276, .F. ) ;
#6562 = VECTOR ( 'NONE', #1315, 1000.000000000000000 ) ;
#6563 = ORIENTED_EDGE ( 'NONE', *, *, #3218, .F. ) ;
#6564 = CARTESIAN_POINT ( 'NONE',  ( -16.58981863596084239, -18.25859365186793681, -18.08021765469030839 ) ) ;
#6565 = CARTESIAN_POINT ( 'NONE',  ( -5.806238247541219089, 18.61595255344930067, -18.75000000000000711 ) ) ;
#6566 = AXIS2_PLACEMENT_3D ( 'NONE', #2081, #1935, #3657 ) ;
#6567 = EDGE_CURVE ( 'NONE', #853, #2533, #80, .T. ) ;
#6568 = CARTESIAN_POINT ( 'NONE',  ( -1.999999999999999556, 19.18332609325088001, -14.25000000000000178 ) ) ;
#6569 = SHAPE_DEFINITION_REPRESENTATION ( #2507, #5986 ) ;
#6570 = EDGE_CURVE ( 'NONE', #2930, #3592, #776, .T. ) ;
#6571 = ORIENTED_EDGE ( 'NONE', *, *, #3610, .F. ) ;
#6572 = CIRCLE ( 'NONE', #178, 18.50000000000000000 ) ;
#6573 = CARTESIAN_POINT ( 'NONE',  ( -16.71013221538385807, -18.59535002659498559, -17.75000000000000000 ) ) ;
#6574 = EDGE_CURVE ( 'NONE', #8, #6176, #2993, .T. ) ;
#6575 = DIRECTION ( 'NONE',  ( 0.000000000000000000, 0.000000000000000000, -1.000000000000000000 ) ) ;
#6576 = AXIS2_PLACEMENT_3D ( 'NONE', #2777, #139, #2246 ) ;
#6577 = ADVANCED_FACE ( 'NONE', ( #4002 ), #841, .T. ) ;
#6578 = DIRECTION ( 'NONE',  ( 0.8660254037844432595, 0.4999999999999919509, 0.000000000000000000 ) ) ;
#6579 = ORIENTED_EDGE ( 'NONE', *, *, #218, .T. ) ;
#6580 = DIRECTION ( 'NONE',  ( -0.000000000000000000, -0.000000000000000000, 1.000000000000000000 ) ) ;
#6581 = PRODUCT_DEFINITION ( 'UNKNOWN', '', #2405, #2472 ) ;
#6582 = DIRECTION ( 'NONE',  ( 0.000000000000000000, 0.000000000000000000, -1.000000000000000000 ) ) ;
#6583 = VECTOR ( 'NONE', #1006, 1000.000000000000000 ) ;
#6584 = ORIENTED_EDGE ( 'NONE', *, *, #3467, .T. ) ;
#6585 = DIRECTION ( 'NONE',  ( 0.8660254037844434816, 0.4999999999999916178, -0.000000000000000000 ) ) ;
#6586 = AXIS2_PLACEMENT_3D ( 'NONE', #5852, #1678, #1120 ) ;
#6587 = DIRECTION ( 'NONE',  ( 0.000000000000000000, 0.000000000000000000, 1.000000000000000000 ) ) ;
#6588 = FACE_OUTER_BOUND ( 'NONE', #3676, .T. ) ;
#6589 = CARTESIAN_POINT ( 'NONE',  ( 0.000000000000000000, 0.000000000000000000, -5.750000000000001776 ) ) ;
#6590 = ORIENTED_EDGE ( 'NONE', *, *, #207, .F. ) ;
#6591 = B_SPLINE_CURVE_WITH_KNOTS ( 'NONE', 3,
 ( #1094, #2032, #585, #2707, #5896, #748 ),
 .UNSPECIFIED., .F., .F.,
 ( 4, 2, 4 ),
 ( 8.673617379884035472E-19, 0.0003666643975083291483, 0.0007333287950166574292 ),
 .UNSPECIFIED. ) ;
#6592 = ORIENTED_EDGE ( 'NONE', *, *, #2789, .F. ) ;
#6593 = CARTESIAN_POINT ( 'NONE',  ( -12.77499999999999503, 18.83605253231154109, -8.750000000000001776 ) ) ;
#6594 = VECTOR ( 'NONE', #5440, 1000.000000000000000 ) ;
#6595 = CARTESIAN_POINT ( 'NONE',  ( 0.000000000000000000, 0.000000000000000000, -6.750000000000000888 ) ) ;
#6596 = LINE ( 'NONE', #2945, #2369 ) ;
#6597 = FACE_OUTER_BOUND ( 'NONE', #1968, .T. ) ;
#6598 = ORIENTED_EDGE ( 'NONE', *, *, #4771, .T. ) ;
#6599 = ORIENTED_EDGE ( 'NONE', *, *, #527, .T. ) ;
#6600 = ORIENTED_EDGE ( 'NONE', *, *, #1922, .T. ) ;
#6601 = CARTESIAN_POINT ( 'NONE',  ( -17.21277491685818362, -9.937800231748505908, -6.150000000000001243 ) ) ;
#6602 = FACE_OUTER_BOUND ( 'NONE', #5327, .T. ) ;
#6603 = ORIENTED_EDGE ( 'NONE', *, *, #2762, .F. ) ;
#6604 = DIRECTION ( 'NONE',  ( 0.000000000000000000, 0.000000000000000000, -1.000000000000000000 ) ) ;
#6605 = CARTESIAN_POINT ( 'NONE',  ( 23.24208855726890377, -9.208980372227429712, -17.75000000000000355 ) ) ;
#6606 = EDGE_CURVE ( 'NONE', #2994, #552, #5156, .T. ) ;
#6607 = EDGE_CURVE ( 'NONE', #5494, #847, #1400, .T. ) ;
#6608 = CARTESIAN_POINT ( 'NONE',  ( -29.65182871386009111, 4.083390756633437313, -5.249999999999999112 ) ) ;
#6609 = CARTESIAN_POINT ( 'NONE',  ( 12.24357749325726630, 13.86909258430585545, -17.98302250917962652 ) ) ;
#6610 = CYLINDRICAL_SURFACE ( 'NONE', #4832, 1.200000000000002842 ) ;
#6611 = ORIENTED_EDGE ( 'NONE', *, *, #1607, .T. ) ;
#6612 = CARTESIAN_POINT ( 'NONE',  ( -23.39122631715925849, 12.45393638089732669, -6.750000000000000888 ) ) ;
#6613 = DIRECTION ( 'NONE',  ( -1.000000000000000000, 0.000000000000000000, -0.000000000000000000 ) ) ;
#6614 = ORIENTED_EDGE ( 'NONE', *, *, #5310, .T. ) ;
#6615 = EDGE_CURVE ( 'NONE', #4576, #409, #193, .T. ) ;
#6616 = CARTESIAN_POINT ( 'NONE',  ( 27.35744946959842494, 16.60121172350699581, -6.183179191451046997 ) ) ;
#6617 = FACE_OUTER_BOUND ( 'NONE', #3290, .T. ) ;
#6618 = CARTESIAN_POINT ( 'NONE',  ( -0.000000000000000000, 0.000000000000000000, -18.75000000000000355 ) ) ;
#6620 = EDGE_CURVE ( 'NONE', #531, #5448, #5265, .T. ) ;
#6619 = CARTESIAN_POINT ( 'NONE',  ( 1.699197433816952547E-15, -21.75000000000000000, -12.75000000000000178 ) ) ;
#6621 = CARTESIAN_POINT ( 'NONE',  ( 1.500000000000002220, -21.75000000000000000, -18.75000000000000355 ) ) ;
#6622 = ORIENTED_EDGE ( 'NONE', *, *, #985, .F. ) ;
#6623 = CARTESIAN_POINT ( 'NONE',  ( -2.840616007046039115, 24.49522646583345065, -18.09061600704605155 ) ) ;
#6624 = ORIENTED_EDGE ( 'NONE', *, *, #3278, .F. ) ;
#6625 = VERTEX_POINT ( 'NONE', #1833 ) ;
#6626 = CARTESIAN_POINT ( 'NONE',  ( 25.54774941164107815, 14.74999999999975842, -6.750000000000000888 ) ) ;
#6627 = DIRECTION ( 'NONE',  ( 0.000000000000000000, 0.000000000000000000, 1.000000000000000000 ) ) ;
#6628 = CARTESIAN_POINT ( 'NONE',  ( 7.778091393517148511, -22.86755631527293531, -18.75000000000000355 ) ) ;
#6629 = CARTESIAN_POINT ( 'NONE',  ( -24.10736177909620537, -5.237915813223886552, -18.08017044162407316 ) ) ;
#6630 = CARTESIAN_POINT ( 'NONE',  ( 0.000000000000000000, 0.000000000000000000, -5.250000000000000888 ) ) ;
#6631 = ORIENTED_EDGE ( 'NONE', *, *, #4608, .T. ) ;
#6632 = VERTEX_POINT ( 'NONE', #2926 ) ;
#6633 = EDGE_CURVE ( 'NONE', #1647, #4900, #2852, .T. ) ;
#6634 = ORIENTED_EDGE ( 'NONE', *, *, #4811, .T. ) ;
#6635 = CARTESIAN_POINT ( 'NONE',  ( 25.54774941164107815, 14.74999999999975842, -5.250000000000000000 ) ) ;
#6636 = LINE ( 'NONE', #4609, #3030 ) ;
#6637 = EDGE_LOOP ( 'NONE', ( #3534, #921, #96, #5383 ) ) ;
#6638 = VERTEX_POINT ( 'NONE', #5019 ) ;
#6639 = DIRECTION ( 'NONE',  ( 0.000000000000000000, 0.000000000000000000, -1.000000000000000000 ) ) ;
#6640 = ADVANCED_FACE ( 'NONE', ( #4507 ), #6610, .F. ) ;
#6641 = CARTESIAN_POINT ( 'NONE',  ( -27.79842929493394266, 15.85176505535699043, -6.099663908404134638 ) ) ;
#6642 = DIRECTION ( 'NONE',  ( -1.000000000000000000, 0.000000000000000000, 0.000000000000000000 ) ) ;
#6643 = DIRECTION ( 'NONE',  ( -0.000000000000000000, -0.000000000000000000, 1.000000000000000000 ) ) ;
#6644 = ORIENTED_EDGE ( 'NONE', *, *, #2825, .F. ) ;
#6645 = CIRCLE ( 'NONE', #5333, 26.50000000000000355 ) ;
#6646 = LINE ( 'NONE', #4236, #3742 ) ;
#6647 = CIRCLE ( 'NONE', #2002, 25.00000000000000000 ) ;
#6648 = ADVANCED_FACE ( 'NONE', ( #3131 ), #4724, .T. ) ;
#6649 = LINE ( 'NONE', #4512, #252 ) ;
#6650 = VECTOR ( 'NONE', #3553, 1000.000000000000000 ) ;
#6651 = AXIS2_PLACEMENT_3D ( 'NONE', #629, #3233, #5288 ) ;
#6652 = CARTESIAN_POINT ( 'NONE',  ( -18.21019894790850202, -3.261695000700094660, -18.75000000000000355 ) ) ;
#6653 = DIRECTION ( 'NONE',  ( -0.8660254037844434816, -0.4999999999999916178, 0.000000000000000000 ) ) ;
#6654 = EDGE_LOOP ( 'NONE', ( #2133, #6006 ) ) ;
#6655 = AXIS2_PLACEMENT_3D ( 'NONE', #3760, #3790, #3886 ) ;
#6656 = CARTESIAN_POINT ( 'NONE',  ( -3.487653577459772336, 24.75604647452392726, -17.75000000000000355 ) ) ;
#6657 = AXIS2_PLACEMENT_3D ( 'NONE', #2136, #4231, #3227 ) ;
#6658 = ORIENTED_EDGE ( 'NONE', *, *, #2065, .F. ) ;
#6659 = EDGE_LOOP ( 'NONE', ( #4535, #6584, #5296, #4975, #6614, #1679 ) ) ;
#6660 = DIRECTION ( 'NONE',  ( -0.000000000000000000, -0.000000000000000000, -1.000000000000000000 ) ) ;
#6661 = CARTESIAN_POINT ( 'NONE',  ( 17.42171823803882091, -6.897504725057500785, -17.98744480439649607 ) ) ;
#6662 = EDGE_CURVE ( 'NONE', #2885, #1782, #6260, .T. ) ;
#6663 = CARTESIAN_POINT ( 'NONE',  ( 18.02627526814912073, -3.226856180999844614, -18.57342577602704736 ) ) ;
#6664 = AXIS2_PLACEMENT_3D ( 'NONE', #3076, #2657, #6347 ) ;
#6665 = ADVANCED_FACE ( 'NONE', ( #2087 ), #6230, .T. ) ;
#6666 = FACE_OUTER_BOUND ( 'NONE', #865, .T. ) ;
#6667 = ORIENTED_EDGE ( 'NONE', *, *, #3778, .F. ) ;
#6668 = VERTEX_POINT ( 'NONE', #464 ) ;
#6669 = TOROIDAL_SURFACE ( 'NONE', #3263, 1.500000000000000000, 0.5000000000000000000 ) ;
#6670 = ORIENTED_EDGE ( 'NONE', *, *, #4109, .F. ) ;
#6671 = LINE ( 'NONE', #1929, #4790 ) ;
#6672 = LINE ( 'NONE', #1825, #3269 ) ;
#6673 = AXIS2_PLACEMENT_3D ( 'NONE', #2896, #3033, #5125 ) ;
#6674 = CARTESIAN_POINT ( 'NONE',  ( -19.02498972145546574, -4.279700784575419803, -18.75000000000000355 ) ) ;
#6675 = EDGE_LOOP ( 'NONE', ( #3709, #3397, #6818, #3833, #3081 ) ) ;
#6676 = B_SPLINE_CURVE_WITH_KNOTS ( 'NONE', 3,
 ( #3456, #6129, #365, #2434 ),
 .UNSPECIFIED., .F., .F.,
 ( 4, 4 ),
 ( -6.454972268346739520E-06, 0.0008907263954035209022 ),
 .UNSPECIFIED. ) ;
#6677 = EDGE_LOOP ( 'NONE', ( #2811, #1199, #4193, #3428 ) ) ;
#6678 = CARTESIAN_POINT ( 'NONE',  ( -1.249999999999979794, 2.165063509461108371, -13.75000000000000178 ) ) ;
#6679 = VECTOR ( 'NONE', #2559, 999.9999999999998863 ) ;
#6680 = DIRECTION ( 'NONE',  ( -0.8660254037844385966, -0.5000000000000001110, 0.000000000000000000 ) ) ;
#6681 = DIRECTION ( 'NONE',  ( 0.000000000000000000, 0.000000000000000000, -1.000000000000000000 ) ) ;
#6682 = CARTESIAN_POINT ( 'NONE',  ( -22.42153840428922251, -8.903629349034249074, -18.75000000000000355 ) ) ;
#6683 = ORIENTED_EDGE ( 'NONE', *, *, #2183, .F. ) ;
#6684 = CIRCLE ( 'NONE', #5673, 18.49999999999999645 ) ;
#6685 = ADVANCED_FACE ( 'NONE', ( #4104 ), #1530, .T. ) ;
#6686 = CARTESIAN_POINT ( 'NONE',  ( -18.21019894790850202, -3.261695000700094660, -18.75000000000000355 ) ) ;
#6687 = CARTESIAN_POINT ( 'NONE',  ( 26.83143882513288148, 17.44042431131812165, -6.570512999933295184 ) ) ;
#6688 = CARTESIAN_POINT ( 'NONE',  ( -7.630186687767063880, -23.80714705944041398, -17.75000000000000355 ) ) ;
#6689 = AXIS2_PLACEMENT_3D ( 'NONE', #2461, #5220, #4721 ) ;
#6690 = CARTESIAN_POINT ( 'NONE',  ( -24.12800374294056382, -4.457454311170235606, -18.75000000000000355 ) ) ;
#6691 = EDGE_CURVE ( 'NONE', #4112, #691, #1181, .T. ) ;
#6692 = CARTESIAN_POINT ( 'NONE',  ( 14.86324772583608933, -12.62275195987105292, -14.25000000000000178 ) ) ;
#6693 = CIRCLE ( 'NONE', #1185, 1.000000000000000888 ) ;
#6694 = CARTESIAN_POINT ( 'NONE',  ( -17.42171823803891328, -6.897504725057255648, -17.98744480439649607 ) ) ;
#6695 = EDGE_LOOP ( 'NONE', ( #222, #4261, #6048, #6502 ) ) ;
#6696 = CIRCLE ( 'NONE', #1613, 3.150000000000002576 ) ;
#6697 = FACE_OUTER_BOUND ( 'NONE', #4705, .T. ) ;
#6698 = VERTEX_POINT ( 'NONE', #5225 ) ;
#6699 = ORIENTED_EDGE ( 'NONE', *, *, #5353, .T. ) ;
#6700 = CARTESIAN_POINT ( 'NONE',  ( -19.56240501497830664, -13.60376087815246038, -13.75000000000000178 ) ) ;
#6701 = CARTESIAN_POINT ( 'NONE',  ( 17.65584834907541634, -7.306857451161869577, -17.74999999999999645 ) ) ;
#6702 = DIRECTION ( 'NONE',  ( 1.000000000000000000, 0.000000000000000000, 0.000000000000000000 ) ) ;
#6703 = EDGE_CURVE ( 'NONE', #323, #1621, #2070, .T. ) ;
#6704 = FACE_OUTER_BOUND ( 'NONE', #1722, .T. ) ;
#6705 = DIRECTION ( 'NONE',  ( 0.000000000000000000, 1.000000000000000000, -0.000000000000000000 ) ) ;
#6706 = EDGE_LOOP ( 'NONE', ( #2482, #4298, #4026, #2547 ) ) ;
#6707 = EDGE_CURVE ( 'NONE', #2236, #5483, #5651, .T. ) ;
#6708 = ORIENTED_EDGE ( 'NONE', *, *, #2540, .T. ) ;
#6709 = AXIS2_PLACEMENT_3D ( 'NONE', #5188, #3629, #997 ) ;
#6710 = ORIENTED_EDGE ( 'NONE', *, *, #2099, .F. ) ;
#6711 = CARTESIAN_POINT ( 'NONE',  ( 14.78121959228367643, -11.12499651077199836, -13.75000000000000178 ) ) ;
#6712 = ADVANCED_FACE ( 'NONE', ( #436 ), #6789, .F. ) ;
#6713 = CARTESIAN_POINT ( 'NONE',  ( -0.000000000000000000, 0.000000000000000000, -17.75000000000000711 ) ) ;
#6714 = DIRECTION ( 'NONE',  ( 0.5000000000000039968, 0.8660254037844363761, 0.000000000000000000 ) ) ;
#6715 = ORIENTED_EDGE ( 'NONE', *, *, #2005, .T. ) ;
#6716 = ADVANCED_FACE ( 'NONE', ( #3172 ), #1455, .T. ) ;
#6717 = ORIENTED_EDGE ( 'NONE', *, *, #4190, .T. ) ;
#6718 = DIRECTION ( 'NONE',  ( 1.000000000000000000, 0.000000000000000000, 0.000000000000000000 ) ) ;
#6719 = FACE_OUTER_BOUND ( 'NONE', #2498, .T. ) ;
#6720 = DIRECTION ( 'NONE',  ( 0.000000000000000000, 0.000000000000000000, -1.000000000000000000 ) ) ;
#6721 = CARTESIAN_POINT ( 'NONE',  ( -8.106851340233445669, -23.04362118427695805, -18.75000000000000355 ) ) ;
#6722 = DIRECTION ( 'NONE',  ( 0.4999999999999998335, 0.8660254037844387076, 0.000000000000000000 ) ) ;
#6723 = ORIENTED_EDGE ( 'NONE', *, *, #72, .F. ) ;
#6724 = DIRECTION ( 'NONE',  ( -1.000000000000000000, 0.000000000000000000, 0.000000000000000000 ) ) ;
#6725 = CARTESIAN_POINT ( 'NONE',  ( 0.000000000000000000, 19.87560046349701892, -5.950000000000000178 ) ) ;
#6726 = B_SPLINE_CURVE_WITH_KNOTS ( 'NONE', 3,
 ( #2501, #3338, #3829, #3204, #3766, #5868, #5289, #2781 ),
 .UNSPECIFIED., .F., .F.,
 ( 4, 2, 2, 4 ),
 ( -0.0006547701993731289485, -0.0002798739370122980291, 9.502232534853180621E-05, 0.0008448148500701936452 ),
 .UNSPECIFIED. ) ;
#6727 = DIRECTION ( 'NONE',  ( 0.000000000000000000, 0.000000000000000000, 1.000000000000000000 ) ) ;
#6728 = CARTESIAN_POINT ( 'NONE',  ( 7.516431917597762968, -23.49356557121846478, -18.08333802952935798 ) ) ;
#6729 = EDGE_LOOP ( 'NONE', ( #69, #5243, #5204, #1395, #6517, #4250, #3951, #2557 ) ) ;
#6730 = CARTESIAN_POINT ( 'NONE',  ( 29.65182871386013730, 4.083390756633022534, -6.750000000000000888 ) ) ;
#6731 = VERTEX_POINT ( 'NONE', #3096 ) ;
#6732 = DIRECTION ( 'NONE',  ( 0.000000000000000000, 0.000000000000000000, -1.000000000000000000 ) ) ;
#6733 = EDGE_CURVE ( 'NONE', #3261, #5189, #5589, .T. ) ;
#6734 = CARTESIAN_POINT ( 'NONE',  ( -7.402688622315498179, 23.17997512420302542, -18.41667154759604585 ) ) ;
#6735 = LINE ( 'NONE', #3646, #3843 ) ;
#6736 = ORIENTED_EDGE ( 'NONE', *, *, #6455, .F. ) ;
#6737 = ORIENTED_EDGE ( 'NONE', *, *, #1799, .T. ) ;
#6738 = VERTEX_POINT ( 'NONE', #4685 ) ;
#6739 = ADVANCED_FACE ( 'NONE', ( #2538, #5666, #4647, #2006 ), #4177, .T. ) ;
#6740 = CARTESIAN_POINT ( 'NONE',  ( 0.000000000000000000, 0.000000000000000000, -18.75000000000000355 ) ) ;
#6741 = ORIENTED_EDGE ( 'NONE', *, *, #4992, .F. ) ;
#6742 =( BOUNDED_SURFACE ( )  B_SPLINE_SURFACE ( 3, 2, ( 
 ( #5065, #4092, #4019 ),
 ( #2448, #1472, #6663 ),
 ( #6174, #816, #2946 ),
 ( #1921, #1376, #5682 ) ),
 .UNSPECIFIED., .F., .F., .F. ) 
 B_SPLINE_SURFACE_WITH_KNOTS ( ( 4, 4 ),
 ( 3, 3 ),
 ( 0.01927081301317758177, 0.02070637700300044862 ),
 ( 0.000000000000000000, 0.7968612588050316692 ),
 .UNSPECIFIED. ) 
 GEOMETRIC_REPRESENTATION_ITEM ( )  RATIONAL_B_SPLINE_SURFACE ( (
 ( 1.000000000000000000, 0.7552910309719308435, 0.9005802561450391153),
 ( 1.000000000000000000, 0.7555082812096370892, 0.9006685200246629108),
 ( 1.000000000000000000, 0.7557130691372262454, 0.9007517207483077826),
 ( 1.000000000000000000, 0.7559073240767008039, 0.9008306421560592359) ) ) 
 REPRESENTATION_ITEM ( '' )  SURFACE ( )  );
#6743 = ORIENTED_EDGE ( 'NONE', *, *, #4315, .F. ) ;
#6744 = EDGE_LOOP ( 'NONE', ( #2028, #4599, #341, #2715 ) ) ;
#6745 = CARTESIAN_POINT ( 'NONE',  ( 13.78203247860112235, -28.88002044249248712, -5.249999999999999112 ) ) ;
#6746 = CARTESIAN_POINT ( 'NONE',  ( -15.89816750184641592, -18.29523925545965923, -18.75000000000000355 ) ) ;
#6747 = CARTESIAN_POINT ( 'NONE',  ( -18.15670593019208212, -3.485477529316114875, -17.72259486755744007 ) ) ;
#6748 = CARTESIAN_POINT ( 'NONE',  ( -7.408492393810297116, -22.82827152249866387, -18.75000000000000711 ) ) ;
#6749 = EDGE_CURVE ( 'NONE', #4900, #1916, #6693, .T. ) ;
#6750 = DIRECTION ( 'NONE',  ( 0.8660254037844387076, -0.4999999999999998335, 0.000000000000000000 ) ) ;
#6751 = VERTEX_POINT ( 'NONE', #1599 ) ;
#6752 = EDGE_CURVE ( 'NONE', #6398, #1491, #3512, .T. ) ;
#6753 = ADVANCED_FACE ( 'NONE', ( #1973 ), #5945, .F. ) ;
#6754 = CARTESIAN_POINT ( 'NONE',  ( -3.612708057484691604E-15, -29.50000000000000000, -6.750000000000000888 ) ) ;
#6755 = CARTESIAN_POINT ( 'NONE',  ( -8.212988127696203122, 23.25881595470490026, -18.09466008180904240 ) ) ;
#6756 = CIRCLE ( 'NONE', #3902, 24.00000000000000355 ) ;
#6757 = CIRCLE ( 'NONE', #3906, 1.000000000000000444 ) ;
#6758 = CARTESIAN_POINT ( 'NONE',  ( 12.66926282864342390, 13.48108969552365721, -17.75000000000000711 ) ) ;
#6759 = DIRECTION ( 'NONE',  ( 1.000000000000000000, 0.000000000000000000, 0.000000000000000000 ) ) ;
#6760 = VERTEX_POINT ( 'NONE', #5426 ) ;
#6761 = CARTESIAN_POINT ( 'NONE',  ( 0.000000000000000000, 0.000000000000000000, -6.750000000000000888 ) ) ;
#6762 = AXIS2_PLACEMENT_3D ( 'NONE', #5469, #638, #3382 ) ;
#6763 = EDGE_LOOP ( 'NONE', ( #5249, #4011 ) ) ;
#6764 = AXIS2_PLACEMENT_3D ( 'NONE', #4224, #4702, #3644 ) ;
#6765 = B_SPLINE_CURVE_WITH_KNOTS ( 'NONE', 3,
 ( #5113, #991, #2990, #3585, #1999, #4101, #5661, #492, #929, #4719 ),
 .UNSPECIFIED., .F., .F.,
 ( 4, 2, 2, 2, 4 ),
 ( -0.0005834083847811694871, -0.0002062081600717951082, 0.0001709920646375792707, 0.0005481922893469535953, 0.0009253925140563280284 ),
 .UNSPECIFIED. ) ;
#6766 = CARTESIAN_POINT ( 'NONE',  ( 15.99857633914976063, 17.93678224244191810, -18.75000000000000355 ) ) ;
#6767 = DIRECTION ( 'NONE',  ( -1.000000000000000000, 0.000000000000000000, 0.000000000000000000 ) ) ;
#6768 = AXIS2_PLACEMENT_3D ( 'NONE', #3199, #2640, #2078 ) ;
#6769 = DIRECTION ( 'NONE',  ( -1.000000000000000000, 0.000000000000000000, 0.000000000000000000 ) ) ;
#6770 = ORIENTED_EDGE ( 'NONE', *, *, #4148, .F. ) ;
#6771 = EDGE_CURVE ( 'NONE', #5263, #1505, #1729, .T. ) ;
#6772 = ORIENTED_EDGE ( 'NONE', *, *, #333, .F. ) ;
#6773 = ORIENTED_EDGE ( 'NONE', *, *, #1280, .F. ) ;
#6774 = DIRECTION ( 'NONE',  ( 0.000000000000000000, -0.000000000000000000, 1.000000000000000000 ) ) ;
#6775 = CIRCLE ( 'NONE', #6337, 1.200000000000001288 ) ;
#6776 = CARTESIAN_POINT ( 'NONE',  ( -3.612708057484691604E-15, -29.50000000000000000, -6.750000000000000888 ) ) ;
#6777 = EDGE_LOOP ( 'NONE', ( #1135, #2036 ) ) ;
#6778 = DIRECTION ( 'NONE',  ( -0.5000000000000043299, -0.8660254037844361541, 0.000000000000000000 ) ) ;
#6779 = FACE_OUTER_BOUND ( 'NONE', #4160, .T. ) ;
#6780 = CIRCLE ( 'NONE', #6341, 1.000000000000000888 ) ;
#6781 = ORIENTED_EDGE ( 'NONE', *, *, #1441, .T. ) ;
#6782 = CARTESIAN_POINT ( 'NONE',  ( 16.80250080122377554, -18.51150903694440331, -17.75000000000000355 ) ) ;
#6783 = CARTESIAN_POINT ( 'NONE',  ( 0.000000000000000000, -0.000000000000000000, -18.75000000000000355 ) ) ;
#6784 = CARTESIAN_POINT ( 'NONE',  ( 24.00978701088582667, 4.501071386792336426, -18.75000000000000355 ) ) ;
#6785 = CARTESIAN_POINT ( 'NONE',  ( -10.87499999999999645, 18.83605253231154109, -8.750000000000001776 ) ) ;
#6786 = CIRCLE ( 'NONE', #814, 1.500000000000001332 ) ;
#6787 = EDGE_CURVE ( 'NONE', #3964, #3361, #4833, .T. ) ;
#6788 = CARTESIAN_POINT ( 'NONE',  ( 6.046664279804225828, -17.48412908991418035, -18.17164737662105267 ) ) ;
#6789 = CYLINDRICAL_SURFACE ( 'NONE', #6039, 1.899999999999999023 ) ;
#6790 = ORIENTED_EDGE ( 'NONE', *, *, #4315, .T. ) ;
#6791 = AXIS2_PLACEMENT_3D ( 'NONE', #3444, #791, #2534 ) ;
#6792 = EDGE_CURVE ( 'NONE', #4733, #6256, #1104, .T. ) ;
#6793 = DIRECTION ( 'NONE',  ( 0.8660254037844363761, -0.5000000000000039968, 0.000000000000000000 ) ) ;
#6794 = CARTESIAN_POINT ( 'NONE',  ( 18.33854149838979097, -4.288604340662217851, -18.08331757544337748 ) ) ;
#6795 = CARTESIAN_POINT ( 'NONE',  ( 14.86324772583608933, -12.62275195987105292, -13.75000000000000178 ) ) ;
#6796 = EDGE_CURVE ( 'NONE', #691, #2430, #6057, .T. ) ;
#6797 = VECTOR ( 'NONE', #1495, 1000.000000000000000 ) ;
#6798 = DIRECTION ( 'NONE',  ( 0.000000000000000000, -1.000000000000000000, 0.000000000000000000 ) ) ;
#6799 = DIRECTION ( 'NONE',  ( 0.000000000000000000, 0.000000000000000000, -1.000000000000000000 ) ) ;
#6800 = ORIENTED_EDGE ( 'NONE', *, *, #6416, .F. ) ;
#6801 = CARTESIAN_POINT ( 'NONE',  ( 2.500000000000008882, 23.74342014116752964, -14.25000000000000178 ) ) ;
#6802 = CIRCLE ( 'NONE', #3948, 2.499999999999998668 ) ;
#6803 = VERTEX_POINT ( 'NONE', #5873 ) ;
#6804 = CARTESIAN_POINT ( 'NONE',  ( -6.246303171856819603, -18.02301145293733953, -18.75000000000000355 ) ) ;
#6805 = CARTESIAN_POINT ( 'NONE',  ( -6.334064213065608406, -17.54177269569749242, -18.91058395941245251 ) ) ;
#6806 = AXIS2_PLACEMENT_3D ( 'NONE', #6249, #5203, #5652 ) ;
#6807 = CARTESIAN_POINT ( 'NONE',  ( 13.10399179308712370, -14.39538243495989533, -18.75000000000000355 ) ) ;
#6808 = ORIENTED_EDGE ( 'NONE', *, *, #2179, .T. ) ;
#6809 = ORIENTED_EDGE ( 'NONE', *, *, #431, .F. ) ;
#6810 = ORIENTED_EDGE ( 'NONE', *, *, #4800, .F. ) ;
#6811 = VECTOR ( 'NONE', #4117, 1000.000000000000000 ) ;
#6812 = CARTESIAN_POINT ( 'NONE',  ( -17.86324772583622433, -7.426599537164170428, -17.75000000000000355 ) ) ;
#6813 = CARTESIAN_POINT ( 'NONE',  ( -18.83605253231149135, 10.87500000000008704, -18.75000000000000355 ) ) ;
#6814 = VERTEX_POINT ( 'NONE', #3892 ) ;
#6815 = DIRECTION ( 'NONE',  ( -0.000000000000000000, -0.000000000000000000, 1.000000000000000000 ) ) ;
#6816 = DIRECTION ( 'NONE',  ( -0.000000000000000000, -0.000000000000000000, 1.000000000000000000 ) ) ;
#6817 = AXIS2_PLACEMENT_3D ( 'NONE', #5952, #3973, #4412 ) ;
#6818 = ORIENTED_EDGE ( 'NONE', *, *, #1552, .T. ) ;
#6819 = CARTESIAN_POINT ( 'NONE',  ( -25.54774941164087210, 14.75000000000012434, -6.750000000000000888 ) ) ;
#6820 = DIRECTION ( 'NONE',  ( 0.000000000000000000, -0.000000000000000000, 1.000000000000000000 ) ) ;
#6821 = FACE_OUTER_BOUND ( 'NONE', #4601, .T. ) ;
#6822 = CARTESIAN_POINT ( 'NONE',  ( 23.44734042848217825, 5.120764281908062543, -18.75000000000000355 ) ) ;
#6823 = CARTESIAN_POINT ( 'NONE',  ( 19.31240501497811834, -14.03677358004496156, -17.75000000000000711 ) ) ;
#6824 = DIRECTION ( 'NONE',  ( 0.4999999999999979461, -0.8660254037844398178, 0.000000000000000000 ) ) ;
#6825 = ORIENTED_EDGE ( 'NONE', *, *, #686, .T. ) ;
#6826 = ADVANCED_FACE ( 'NONE', ( #1144 ), #725, .F. ) ;
#6827 = CARTESIAN_POINT ( 'NONE',  ( 6.280388743951103692, -17.40134239720752873, -18.75000000000000355 ) ) ;
#6828 = CARTESIAN_POINT ( 'NONE',  ( -20.28421686950867198, -14.61336874203685809, -13.75000000000000178 ) ) ;
#6829 = VERTEX_POINT ( 'NONE', #2153 ) ;
#6830 = CARTESIAN_POINT ( 'NONE',  ( 24.58198275338349248, -4.575548350494969441, -17.75661743300153361 ) ) ;
#6831 = ORIENTED_EDGE ( 'NONE', *, *, #739, .F. ) ;
#6832 = EDGE_CURVE ( 'NONE', #6476, #3193, #3194, .T. ) ;
#6833 = CARTESIAN_POINT ( 'NONE',  ( 17.21277491685818717, -9.937800231748504132, -5.950000000000000178 ) ) ;
#6834 = EDGE_LOOP ( 'NONE', ( #2309, #5655, #400 ) ) ;
#6835 = CARTESIAN_POINT ( 'NONE',  ( -6.450251724055268809, 17.86089211725581904, -19.24987166243553816 ) ) ;
#6836 = CARTESIAN_POINT ( 'NONE',  ( 0.000000000000000000, -0.000000000000000000, -18.75000000000000355 ) ) ;
#6837 = CARTESIAN_POINT ( 'NONE',  ( -21.75000000000000000, 3.469446951953614189E-15, -18.25000000000002487 ) ) ;
#6838 = B_SPLINE_CURVE_WITH_KNOTS ( 'NONE', 3,
 ( #1976, #5605, #1909, #4043, #3495, #5124, #1943, #2895, #1399, #869 ),
 .UNSPECIFIED., .F., .F.,
 ( 4, 2, 2, 2, 4 ),
 ( -0.0009489708195408689140, -0.0005792780970374710684, -0.0002095853745340733312, 0.0001601073479693244060, 0.0005298000704727222517 ),
 .UNSPECIFIED. ) ;
#6839 = EDGE_CURVE ( 'NONE', #4868, #5263, #2842, .T. ) ;
#6840 = DIRECTION ( 'NONE',  ( -0.8660254037844361541, 0.5000000000000043299, 0.000000000000000000 ) ) ;
#6841 = ORIENTED_EDGE ( 'NONE', *, *, #103, .T. ) ;
#6842 = EDGE_LOOP ( 'NONE', ( #4753, #4551, #3798, #375 ) ) ;
#6843 = VERTEX_POINT ( 'NONE', #6371 ) ;
#6844 = CARTESIAN_POINT ( 'NONE',  ( 0.000000000000000000, 0.000000000000000000, -17.75000000000000711 ) ) ;
#6845 = DIRECTION ( 'NONE',  ( 0.5000000000000044409, 0.8660254037844360431, 0.000000000000000000 ) ) ;
#6846 = ORIENTED_EDGE ( 'NONE', *, *, #1843, .T. ) ;
#6847 = DIRECTION ( 'NONE',  ( 1.000000000000000000, 0.000000000000000000, 0.000000000000000000 ) ) ;
#6848 = ADVANCED_FACE ( 'NONE', ( #1247, #6501, #688, #4279 ), #112, .T. ) ;
#6849 = LINE ( 'NONE', #1589, #726 ) ;
ENDSEC;
END-ISO-10303-21;
