ISO-10303-21;
HEADER;
FILE_DESCRIPTION (( 'STEP AP214' ),
    '1' );
FILE_NAME ('1x_carrier_top_cover.STEP',
    '2025-09-05T22:04:05',
    ( '' ),
    ( '' ),
    'SwSTEP 2.0',
    'SolidWorks 2024',
    '' );
FILE_SCHEMA (( 'AUTOMOTIVE_DESIGN' ));
ENDSEC;

DATA;
#1 = CARTESIAN_POINT ( 'NONE',  ( 21.66570733280065397, 23.55141736295862032, 6.607507166954769140 ) ) ;
#2 = VECTOR ( 'NONE', #1081, 1000.000000000000000 ) ;
#3 = CIRCLE ( 'NONE', #594, 2.500000000000000444 ) ;
#4 = FACE_OUTER_BOUND ( 'NONE', #248, .T. ) ;
#5 = DIRECTION ( 'NONE',  ( 0.8660254037844387076, -0.4999999999999998335, 0.000000000000000000 ) ) ;
#6 = CIRCLE ( 'NONE', #1317, 32.00000000000000000 ) ;
#7 = VECTOR ( 'NONE', #508, 1000.000000000000000 ) ;
#8 = AXIS2_PLACEMENT_3D ( 'NONE', #199, #1628, #551 ) ;
#9 = EDGE_CURVE ( 'NONE', #692, #929, #2237, .T. ) ;
#10 = CARTESIAN_POINT ( 'NONE',  ( -29.05182871386008259, 5.122621241174761586, 6.750000000000002665 ) ) ;
#11 = VECTOR ( 'NONE', #1349, 1000.000000000000000 ) ;
#12 = AXIS2_PLACEMENT_3D ( 'NONE', #1814, #2181, #1636 ) ;
#13 = EDGE_CURVE ( 'NONE', #1039, #1690, #64, .T. ) ;
#14 = FACE_OUTER_BOUND ( 'NONE', #1848, .T. ) ;
#15 = ORIENTED_EDGE ( 'NONE', *, *, #844, .F. ) ;
#16 = VERTEX_POINT ( 'NONE', #858 ) ;
#17 = CIRCLE ( 'NONE', #1444, 2.499999999999998668 ) ;
#18 = DIRECTION ( 'NONE',  ( -1.000000000000000000, 0.000000000000000000, 0.000000000000000000 ) ) ;
#19 = DIRECTION ( 'NONE',  ( -1.000000000000000000, 0.000000000000000000, 0.000000000000000000 ) ) ;
#20 = CARTESIAN_POINT ( 'NONE',  ( 0.000000000000000000, 19.87560046349701892, 6.150000000000001243 ) ) ;
#21 = CARTESIAN_POINT ( 'NONE',  ( 25.54774941164107815, 14.74999999999975842, 6.750000000000000888 ) ) ;
#22 = CYLINDRICAL_SURFACE ( 'NONE', #151, 26.50000000000000355 ) ;
#23 = ORIENTED_EDGE ( 'NONE', *, *, #291, .T. ) ;
#24 = CARTESIAN_POINT ( 'NONE',  ( 10.08959422810705497, -27.72093231318435613, 6.750000000000002665 ) ) ;
#25 = EDGE_CURVE ( 'NONE', #1501, #1344, #1602, .T. ) ;
#26 = DIRECTION ( 'NONE',  ( 0.000000000000000000, 0.000000000000000000, 1.000000000000000000 ) ) ;
#27 = ORIENTED_EDGE ( 'NONE', *, *, #197, .T. ) ;
#28 = DIRECTION ( 'NONE',  ( -0.000000000000000000, -0.000000000000000000, -1.000000000000000000 ) ) ;
#29 = CARTESIAN_POINT ( 'NONE',  ( 27.55182871386016785, 7.720697452527684135, 6.750000000000002665 ) ) ;
#30 = CARTESIAN_POINT ( 'NONE',  ( -19.71277491685818362, -9.937800231748505908, 6.150000000000001243 ) ) ;
#31 = EDGE_LOOP ( 'NONE', ( #890, #1624, #2284, #500 ) ) ;
#32 = ORIENTED_EDGE ( 'NONE', *, *, #1753, .F. ) ;
#33 = DIRECTION ( 'NONE',  ( -0.5000000000000038858, -0.8660254037844362651, 0.000000000000000000 ) ) ;
#34 = ORIENTED_EDGE ( 'NONE', *, *, #1268, .T. ) ;
#35 = EDGE_CURVE ( 'NONE', #1849, #1418, #1415, .T. ) ;
#36 = DIRECTION ( 'NONE',  ( 0.000000000000000000, 0.000000000000000000, 1.000000000000000000 ) ) ;
#37 = CARTESIAN_POINT ( 'NONE',  ( 7.089594228107054974, -27.72093231318435613, 6.750000000000002665 ) ) ;
#38 = CIRCLE ( 'NONE', #529, 32.00000000000000000 ) ;
#39 = CARTESIAN_POINT ( 'NONE',  ( -25.00000000000000000, 0.000000000000000000, 10.25000000000001421 ) ) ;
#40 = AXIS2_PLACEMENT_3D ( 'NONE', #2186, #2195, #1641 ) ;
#41 = CYLINDRICAL_SURFACE ( 'NONE', #1613, 32.00000000000000000 ) ;
#42 = EDGE_LOOP ( 'NONE', ( #708, #2242 ) ) ;
#43 = CIRCLE ( 'NONE', #1877, 1.199999999999998623 ) ;
#44 = CARTESIAN_POINT ( 'NONE',  ( -26.50000000000000355, 0.000000000000000000, 6.950000000000000178 ) ) ;
#45 = VERTEX_POINT ( 'NONE', #2120 ) ;
#46 = AXIS2_PLACEMENT_3D ( 'NONE', #2014, #405, #2210 ) ;
#47 = DIRECTION ( 'NONE',  ( -0.000000000000000000, -0.000000000000000000, -1.000000000000000000 ) ) ;
#48 = CYLINDRICAL_SURFACE ( 'NONE', #2205, 25.00000000000000000 ) ;
#49 = DIRECTION ( 'NONE',  ( -0.4999999999999924505, 0.8660254037844429265, 0.000000000000000000 ) ) ;
#50 = ADVANCED_FACE ( 'NONE', ( #545 ), #1051, .F. ) ;
#51 = DIRECTION ( 'NONE',  ( -0.000000000000000000, -0.000000000000000000, 1.000000000000000000 ) ) ;
#52 = ORIENTED_EDGE ( 'NONE', *, *, #116, .F. ) ;
#53 = CARTESIAN_POINT ( 'NONE',  ( 30.55182871386012167, 2.524545029821026354, 6.750000000000002665 ) ) ;
#54 = CARTESIAN_POINT ( 'NONE',  ( 0.000000000000000000, 0.000000000000000000, 6.750000000000000888 ) ) ;
#55 = CARTESIAN_POINT ( 'NONE',  ( -31.61467129247330021, 4.959414184675990711, 6.303362910418254472 ) ) ;
#56 = PLANE ( 'NONE',  #378 ) ;
#57 = EDGE_CURVE ( 'NONE', #1078, #1150, #563, .T. ) ;
#58 = EDGE_LOOP ( 'NONE', ( #1905, #271 ) ) ;
#59 = DIRECTION ( 'NONE',  ( -0.000000000000000000, -0.000000000000000000, -1.000000000000000000 ) ) ;
#60 = CARTESIAN_POINT ( 'NONE',  ( 25.54774941164107815, 14.74999999999975842, -6.750000000000000888 ) ) ;
#61 = DIRECTION ( 'NONE',  ( -0.5000000000000001110, 0.8660254037844385966, 0.000000000000000000 ) ) ;
#62 = DIRECTION ( 'NONE',  ( 0.000000000000000000, 0.000000000000000000, -1.000000000000000000 ) ) ;
#63 = DIRECTION ( 'NONE',  ( 0.000000000000000000, 0.000000000000000000, -1.000000000000000000 ) ) ;
#64 = CIRCLE ( 'NONE', #1610, 15.00000000000000000 ) ;
#65 = ORIENTED_EDGE ( 'NONE', *, *, #1854, .T. ) ;
#66 = EDGE_CURVE ( 'NONE', #365, #1631, #1754, .T. ) ;
#67 = AXIS2_PLACEMENT_3D ( 'NONE', #2194, #1314, #2024 ) ;
#68 = DIRECTION ( 'NONE',  ( -0.000000000000000000, -0.000000000000000000, -1.000000000000000000 ) ) ;
#69 = CIRCLE ( 'NONE', #1099, 2.500000000000000000 ) ;
#70 = EDGE_CURVE ( 'NONE', #437, #1866, #2016, .T. ) ;
#71 = AXIS2_PLACEMENT_3D ( 'NONE', #1732, #650, #1565 ) ;
#72 = CIRCLE ( 'NONE', #596, 32.00000000000000000 ) ;
#73 = CARTESIAN_POINT ( 'NONE',  ( -10.08959422810705497, -27.72093231318435613, 6.750000000000002665 ) ) ;
#74 = CIRCLE ( 'NONE', #1685, 1.200000000000000622 ) ;
#75 = CIRCLE ( 'NONE', #1686, 2.499999999999988454 ) ;
#76 = FACE_BOUND ( 'NONE', #653, .T. ) ;
#77 = ORIENTED_EDGE ( 'NONE', *, *, #66, .T. ) ;
#78 = CIRCLE ( 'NONE', #1222, 1.200000000000001288 ) ;
#79 = DIRECTION ( 'NONE',  ( -0.000000000000000000, -0.000000000000000000, -1.000000000000000000 ) ) ;
#80 = CYLINDRICAL_SURFACE ( 'NONE', #198, 32.00000000000000000 ) ;
#81 = DIRECTION ( 'NONE',  ( -0.000000000000000000, -0.000000000000000000, -1.000000000000000000 ) ) ;
#82 = ORIENTED_EDGE ( 'NONE', *, *, #1179, .T. ) ;
#83 = ORIENTED_EDGE ( 'NONE', *, *, #2265, .T. ) ;
#84 = CARTESIAN_POINT ( 'NONE',  ( -3.612708057484691604E-15, -29.50000000000000000, -6.750000000000000888 ) ) ;
#85 = CARTESIAN_POINT ( 'NONE',  ( 12.04882638498016334, -29.64639965882714989, 6.483290813272181374 ) ) ;
#86 = EDGE_CURVE ( 'NONE', #1516, #1521, #1392, .T. ) ;
#87 = FACE_OUTER_BOUND ( 'NONE', #1556, .T. ) ;
#88 = CARTESIAN_POINT ( 'NONE',  ( 22.84194004145703261, -13.18780023174850413, 5.250000000000000000 ) ) ;
#89 = EDGE_CURVE ( 'NONE', #699, #1054, #356, .T. ) ;
#90 = ORIENTED_EDGE ( 'NONE', *, *, #1296, .F. ) ;
#91 = DIRECTION ( 'NONE',  ( 0.000000000000000000, 0.000000000000000000, -1.000000000000000000 ) ) ;
#92 = CARTESIAN_POINT ( 'NONE',  ( -21.86183568186079285, 23.36792974611405072, 6.750000000000002665 ) ) ;
#93 = EDGE_CURVE ( 'NONE', #1598, #589, #1269, .T. ) ;
#94 = CARTESIAN_POINT ( 'NONE',  ( -15.00000000000000000, 1.836970198721029589E-15, -18.85547895472983626 ) ) ;
#95 = ORIENTED_EDGE ( 'NONE', *, *, #1296, .T. ) ;
#96 = ORIENTED_EDGE ( 'NONE', *, *, #718, .T. ) ;
#97 = CARTESIAN_POINT ( 'NONE',  ( 0.000000000000000000, 0.000000000000000000, 5.750000000000000888 ) ) ;
#98 = DIRECTION ( 'NONE',  ( -1.000000000000000000, 0.000000000000000000, 0.000000000000000000 ) ) ;
#99 = CARTESIAN_POINT ( 'NONE',  ( 0.000000000000000000, 0.000000000000000000, 5.250000000000000000 ) ) ;
#100 = VERTEX_POINT ( 'NONE', #1596 ) ;
#101 = EDGE_CURVE ( 'NONE', #1866, #437, #336, .T. ) ;
#102 = CARTESIAN_POINT ( 'NONE',  ( 17.46223448575328163, 25.19638728336288125, 6.750000000000002665 ) ) ;
#103 = ORIENTED_EDGE ( 'NONE', *, *, #1472, .F. ) ;
#104 = CARTESIAN_POINT ( 'NONE',  ( 0.000000000000000000, 0.000000000000000000, 5.750000000000001776 ) ) ;
#105 = VERTEX_POINT ( 'NONE', #687 ) ;
#106 = VERTEX_POINT ( 'NONE', #1940 ) ;
#107 = CARTESIAN_POINT ( 'NONE',  ( 13.78203247860112235, -28.88002044249248712, 6.750000000000000888 ) ) ;
#108 = VECTOR ( 'NONE', #1639, 1000.000000000000000 ) ;
#109 = DIRECTION ( 'NONE',  ( 0.3535533905932770615, 0.6123724356957934711, 0.7071067811865466846 ) ) ;
#110 = CIRCLE ( 'NONE', #298, 2.999999999999998668 ) ;
#111 = AXIS2_PLACEMENT_3D ( 'NONE', #1541, #305, #1170 ) ;
#112 = CIRCLE ( 'NONE', #8, 1.199999999999998623 ) ;
#113 = DIRECTION ( 'NONE',  ( 0.000000000000000000, 0.000000000000000000, 1.000000000000000000 ) ) ;
#114 = ORIENTED_EDGE ( 'NONE', *, *, #1611, .F. ) ;
#115 = AXIS2_PLACEMENT_3D ( 'NONE', #1687, #81, #1141 ) ;
#116 = EDGE_CURVE ( 'NONE', #1999, #2125, #677, .T. ) ;
#117 = CARTESIAN_POINT ( 'NONE',  ( 0.000000000000000000, 0.000000000000000000, 6.750000000000000888 ) ) ;
#118 = CIRCLE ( 'NONE', #2141, 2.499999999999998668 ) ;
#119 = EDGE_CURVE ( 'NONE', #979, #1568, #1632, .T. ) ;
#120 = ORIENTED_EDGE ( 'NONE', *, *, #1515, .F. ) ;
#121 = DIRECTION ( 'NONE',  ( 1.000000000000000000, 0.000000000000000000, 0.000000000000000000 ) ) ;
#122 = VERTEX_POINT ( 'NONE', #927 ) ;
#123 = AXIS2_PLACEMENT_3D ( 'NONE', #97, #59, #968 ) ;
#124 = ORIENTED_EDGE ( 'NONE', *, *, #1329, .T. ) ;
#125 = ADVANCED_FACE ( 'NONE', ( #576 ), #746, .T. ) ;
#126 = DIRECTION ( 'NONE',  ( 1.000000000000000000, 0.000000000000000000, 0.000000000000000000 ) ) ;
#127 = ORIENTED_EDGE ( 'NONE', *, *, #1854, .F. ) ;
#128 = DIRECTION ( 'NONE',  ( -0.000000000000000000, -0.000000000000000000, -1.000000000000000000 ) ) ;
#129 = ORIENTED_EDGE ( 'NONE', *, *, #2011, .T. ) ;
#130 = DIRECTION ( 'NONE',  ( 0.000000000000000000, 0.000000000000000000, 1.000000000000000000 ) ) ;
#131 = ORIENTED_EDGE ( 'NONE', *, *, #546, .T. ) ;
#132 = DIRECTION ( 'NONE',  ( -0.000000000000000000, -0.000000000000000000, 1.000000000000000000 ) ) ;
#133 = ORIENTED_EDGE ( 'NONE', *, *, #1458, .F. ) ;
#134 = ORIENTED_EDGE ( 'NONE', *, *, #630, .F. ) ;
#135 = DIRECTION ( 'NONE',  ( -1.000000000000000000, 0.000000000000000000, 0.000000000000000000 ) ) ;
#136 = EDGE_LOOP ( 'NONE', ( #1778, #715, #1941, #1214 ) ) ;
#137 = EDGE_CURVE ( 'NONE', #959, #1207, #1017, .T. ) ;
#138 = DIRECTION ( 'NONE',  ( 0.000000000000000000, 0.000000000000000000, 1.000000000000000000 ) ) ;
#139 = ORIENTED_EDGE ( 'NONE', *, *, #720, .F. ) ;
#140 = CARTESIAN_POINT ( 'NONE',  ( -22.84194004145702905, -13.18780023174851301, 6.750000000000000888 ) ) ;
#141 = ORIENTED_EDGE ( 'NONE', *, *, #668, .F. ) ;
#142 = CARTESIAN_POINT ( 'NONE',  ( -7.089594228107054974, -27.72093231318435613, 6.750000000000002665 ) ) ;
#143 = VERTEX_POINT ( 'NONE', #2176 ) ;
#144 = FACE_OUTER_BOUND ( 'NONE', #1189, .T. ) ;
#145 = DIRECTION ( 'NONE',  ( -0.000000000000000000, -0.000000000000000000, -1.000000000000000000 ) ) ;
#146 = EDGE_LOOP ( 'NONE', ( #1750, #1271, #1708, #1585, #15, #931 ) ) ;
#147 = EDGE_CURVE ( 'NONE', #699, #1054, #1536, .T. ) ;
#148 = PLANE ( 'NONE',  #1072 ) ;
#149 = AXIS2_PLACEMENT_3D ( 'NONE', #73, #2041, #1534 ) ;
#150 = CARTESIAN_POINT ( 'NONE',  ( 19.65012204280078123, 25.25778956459443947, 6.483290813272184039 ) ) ;
#151 = AXIS2_PLACEMENT_3D ( 'NONE', #1823, #400, #1087 ) ;
#152 = DIRECTION ( 'NONE',  ( 0.000000000000000000, 0.000000000000000000, 1.000000000000000000 ) ) ;
#153 = AXIS2_PLACEMENT_3D ( 'NONE', #292, #1863, #439 ) ;
#154 = CIRCLE ( 'NONE', #981, 1.199999999999998623 ) ;
#155 = ORIENTED_EDGE ( 'NONE', *, *, #2096, .F. ) ;
#156 = DIRECTION ( 'NONE',  ( -0.000000000000000000, -0.000000000000000000, -1.000000000000000000 ) ) ;
#157 = ORIENTED_EDGE ( 'NONE', *, *, #555, .F. ) ;
#158 = VERTEX_POINT ( 'NONE', #1450 ) ;
#159 = AXIS2_PLACEMENT_3D ( 'NONE', #549, #1272, #1635 ) ;
#160 = DIRECTION ( 'NONE',  ( -0.000000000000000000, -0.000000000000000000, 1.000000000000000000 ) ) ;
#161 = CIRCLE ( 'NONE', #1925, 2.999999999999998668 ) ;
#162 = DIRECTION ( 'NONE',  ( 0.000000000000000000, 0.000000000000000000, 1.000000000000000000 ) ) ;
#163 = EDGE_LOOP ( 'NONE', ( #743, #1469, #609, #204, #1788, #2223 ) ) ;
#164 = CARTESIAN_POINT ( 'NONE',  ( -18.96223448575294768, 22.59831107200982458, 6.750000000000002665 ) ) ;
#165 = DIRECTION ( 'NONE',  ( 1.000000000000000000, 0.000000000000000000, 0.000000000000000000 ) ) ;
#166 = EDGE_CURVE ( 'NONE', #929, #1313, #528, .T. ) ;
#167 = DIRECTION ( 'NONE',  ( -1.000000000000000000, 0.000000000000000000, 0.000000000000000000 ) ) ;
#168 = ORIENTED_EDGE ( 'NONE', *, *, #605, .T. ) ;
#169 = DIRECTION ( 'NONE',  ( -1.000000000000000000, 0.000000000000000000, 0.000000000000000000 ) ) ;
#170 = ORIENTED_EDGE ( 'NONE', *, *, #86, .T. ) ;
#171 = ORIENTED_EDGE ( 'NONE', *, *, #197, .F. ) ;
#172 = EDGE_CURVE ( 'NONE', #620, #395, #202, .T. ) ;
#173 = DIRECTION ( 'NONE',  ( 1.000000000000000000, 0.000000000000000000, 0.000000000000000000 ) ) ;
#174 = LINE ( 'NONE', #1435, #1437 ) ;
#175 = ORIENTED_EDGE ( 'NONE', *, *, #1958, .F. ) ;
#176 = EDGE_LOOP ( 'NONE', ( #2173, #1448, #748, #90, #2052 ) ) ;
#177 = SHAPE_DEFINITION_REPRESENTATION ( #183, #1761 ) ;
#178 = VERTEX_POINT ( 'NONE', #1468 ) ;
#179 = ADVANCED_FACE ( 'NONE', ( #1995 ), #637, .F. ) ;
#180 = DIRECTION ( 'NONE',  ( -1.000000000000000000, 1.914725358886527419E-16, 0.000000000000000000 ) ) ;
#181 = CARTESIAN_POINT ( 'NONE',  ( -17.03387165669332504, 20.30017774265289177, 6.750000000000002665 ) ) ;
#182 = EDGE_CURVE ( 'NONE', #1598, #929, #900, .T. ) ;
#183 = PRODUCT_DEFINITION_SHAPE ( 'NONE', 'NONE',  #835 ) ;
#184 = CARTESIAN_POINT ( 'NONE',  ( 0.000000000000000000, 0.000000000000000000, 6.750000000000000888 ) ) ;
#185 = CARTESIAN_POINT ( 'NONE',  ( 13.78203247860112235, -28.88002044249248712, 6.750000000000000888 ) ) ;
#186 = VERTEX_POINT ( 'NONE', #591 ) ;
#187 = CARTESIAN_POINT ( 'NONE',  ( 30.55182871386012167, 2.524545029821026354, 6.750000000000002665 ) ) ;
#188 = DIRECTION ( 'NONE',  ( 1.000000000000000000, 0.000000000000000000, 0.000000000000000000 ) ) ;
#189 = DIRECTION ( 'NONE',  ( 1.000000000000000000, 0.000000000000000000, 0.000000000000000000 ) ) ;
#190 = DIRECTION ( 'NONE',  ( -1.000000000000000000, 0.000000000000000000, 0.000000000000000000 ) ) ;
#191 = AXIS2_PLACEMENT_3D ( 'NONE', #2254, #1037, #349 ) ;
#192 = AXIS2_PLACEMENT_3D ( 'NONE', #479, #1383, #1518 ) ;
#193 = VECTOR ( 'NONE', #281, 999.9999999999998863 ) ;
#194 = EDGE_CURVE ( 'NONE', #1307, #2234, #974, .T. ) ;
#195 = DIRECTION ( 'NONE',  ( -1.000000000000000000, 0.000000000000000000, 0.000000000000000000 ) ) ;
#196 = AXIS2_PLACEMENT_3D ( 'NONE', #2219, #79, #964 ) ;
#197 = EDGE_CURVE ( 'NONE', #846, #1248, #1540, .T. ) ;
#198 = AXIS2_PLACEMENT_3D ( 'NONE', #1158, #806, #1903 ) ;
#199 = CARTESIAN_POINT ( 'NONE',  ( 25.54774941164107815, 14.74999999999975842, 5.249999999999999112 ) ) ;
#200 = ORIENTED_EDGE ( 'NONE', *, *, #1012, .T. ) ;
#201 = AXIS2_PLACEMENT_3D ( 'NONE', #2235, #245, #1493 ) ;
#202 = LINE ( 'NONE', #1116, #108 ) ;
#203 = DIRECTION ( 'NONE',  ( 0.000000000000000000, 0.000000000000000000, 1.000000000000000000 ) ) ;
#204 = ORIENTED_EDGE ( 'NONE', *, *, #1773, .T. ) ;
#205 = DIRECTION ( 'NONE',  ( -1.000000000000000000, 0.000000000000000000, 0.000000000000000000 ) ) ;
#206 = DIRECTION ( 'NONE',  ( 0.000000000000000000, 0.000000000000000000, 1.000000000000000000 ) ) ;
#207 = DIRECTION ( 'NONE',  ( -1.000000000000000000, 1.914725358886527419E-16, 0.000000000000000000 ) ) ;
#208 = VERTEX_POINT ( 'NONE', #1145 ) ;
#209 = EDGE_CURVE ( 'NONE', #620, #451, #1871, .T. ) ;
#210 = DIRECTION ( 'NONE',  ( 0.000000000000000000, 0.000000000000000000, 1.000000000000000000 ) ) ;
#211 = CARTESIAN_POINT ( 'NONE',  ( 24.50000000000002487, 3.000384657911018230E-15, 10.75000000000000000 ) ) ;
#212 = CARTESIAN_POINT ( 'NONE',  ( 31.61506338035415808, 4.956861237577212975, 6.304018780913433595 ) ) ;
#213 = FACE_OUTER_BOUND ( 'NONE', #808, .T. ) ;
#214 = DIRECTION ( 'NONE',  ( -1.000000000000000000, 0.000000000000000000, 0.000000000000000000 ) ) ;
#215 = EDGE_LOOP ( 'NONE', ( #1436, #1088, #1194 ) ) ;
#216 = ADVANCED_FACE ( 'NONE', ( #585 ), #2239, .F. ) ;
#217 = ORIENTED_EDGE ( 'NONE', *, *, #1192, .T. ) ;
#218 = EDGE_CURVE ( 'NONE', #1056, #178, #372, .T. ) ;
#219 = CARTESIAN_POINT ( 'NONE',  ( 10.08959422810705497, -27.72093231318435613, 6.750000000000002665 ) ) ;
#220 = CARTESIAN_POINT ( 'NONE',  ( 18.96223448575325676, 22.59831107200955458, 6.750000000000002665 ) ) ;
#221 = DIRECTION ( 'NONE',  ( 1.000000000000000000, 0.000000000000000000, 0.000000000000000000 ) ) ;
#222 = CIRCLE ( 'NONE', #1952, 2.500000000000000444 ) ;
#223 = CARTESIAN_POINT ( 'NONE',  ( -19.71223448575295123, 21.29927296633317724, 5.250000000000000000 ) ) ;
#224 = CIRCLE ( 'NONE', #1618, 2.999999999999998668 ) ;
#225 = AXIS2_PLACEMENT_3D ( 'NONE', #1185, #1557, #1892 ) ;
#226 = DIRECTION ( 'NONE',  ( -1.000000000000000000, 0.000000000000000000, 0.000000000000000000 ) ) ;
#227 = ORIENTED_EDGE ( 'NONE', *, *, #541, .F. ) ;
#228 = AXIS2_PLACEMENT_3D ( 'NONE', #297, #1120, #1791 ) ;
#229 = VECTOR ( 'NONE', #1043, 1000.000000000000000 ) ;
#230 = DIRECTION ( 'NONE',  ( -0.000000000000000000, -0.000000000000000000, 1.000000000000000000 ) ) ;
#231 = CIRCLE ( 'NONE', #383, 1.499999999999994893 ) ;
#232 = FACE_OUTER_BOUND ( 'NONE', #2056, .T. ) ;
#233 = CYLINDRICAL_SURFACE ( 'NONE', #1324, 2.500000000000000000 ) ;
#234 = EDGE_CURVE ( 'NONE', #426, #921, #1169, .T. ) ;
#235 = PLANE ( 'NONE',  #2172 ) ;
#236 = CARTESIAN_POINT ( 'NONE',  ( 18.96223448575325676, 22.59831107200955458, 5.250000000000000000 ) ) ;
#237 = ORIENTED_EDGE ( 'NONE', *, *, #119, .T. ) ;
#238 = CARTESIAN_POINT ( 'NONE',  ( 24.50000000000002487, 3.031000827889700833E-15, 10.75000000000000000 ) ) ;
#239 = FACE_OUTER_BOUND ( 'NONE', #1537, .T. ) ;
#240 = DIRECTION ( 'NONE',  ( -0.5000000000000038858, -0.8660254037844362651, 0.000000000000000000 ) ) ;
#241 = EDGE_CURVE ( 'NONE', #100, #692, #1647, .T. ) ;
#242 = ADVANCED_FACE ( 'NONE', ( #1276 ), #2277, .F. ) ;
#243 = DIRECTION ( 'NONE',  ( 0.000000000000000000, 0.000000000000000000, 1.000000000000000000 ) ) ;
#244 = ORIENTED_EDGE ( 'NONE', *, *, #2011, .F. ) ;
#245 = DIRECTION ( 'NONE',  ( -0.000000000000000000, -0.000000000000000000, -1.000000000000000000 ) ) ;
#246 = DIRECTION ( 'NONE',  ( 0.000000000000000000, 0.000000000000000000, -1.000000000000000000 ) ) ;
#247 = LINE ( 'NONE', #2070, #1767 ) ;
#248 = EDGE_LOOP ( 'NONE', ( #926, #129, #1423, #1065 ) ) ;
#249 = DIRECTION ( 'NONE',  ( 1.000000000000000000, 0.000000000000000000, 0.000000000000000000 ) ) ;
#250 = CARTESIAN_POINT ( 'NONE',  ( 29.05182871386014654, 5.122621241174355688, 5.250000000000000000 ) ) ;
#251 = EDGE_CURVE ( 'NONE', #45, #881, #1679, .T. ) ;
#252 = CARTESIAN_POINT ( 'NONE',  ( -15.00000000000000000, 1.836970198721029589E-15, 5.750000000000001776 ) ) ;
#253 = ORIENTED_EDGE ( 'NONE', *, *, #1885, .T. ) ;
#254 = VERTEX_POINT ( 'NONE', #906 ) ;
#255 = AXIS2_PLACEMENT_3D ( 'NONE', #2160, #210, #2185 ) ;
#256 = DIRECTION ( 'NONE',  ( -1.000000000000000000, 0.000000000000000000, 0.000000000000000000 ) ) ;
#257 = AXIS2_PLACEMENT_3D ( 'NONE', #333, #1251, #1960 ) ;
#258 = ADVANCED_FACE ( 'NONE', ( #87, #969 ), #1693, .T. ) ;
#259 = CIRCLE ( 'NONE', #40, 2.999999999999999556 ) ;
#260 = AXIS2_PLACEMENT_3D ( 'NONE', #368, #1627, #741 ) ;
#261 = DIRECTION ( 'NONE',  ( -0.000000000000000000, -0.000000000000000000, -1.000000000000000000 ) ) ;
#262 = VECTOR ( 'NONE', #62, 1000.000000000000000 ) ;
#263 = PRODUCT_RELATED_PRODUCT_CATEGORY ( 'part', '', ( #1626 ) ) ;
#264 = FACE_BOUND ( 'NONE', #1453, .T. ) ;
#265 = EDGE_LOOP ( 'NONE', ( #1381, #434 ) ) ;
#266 = MECHANICAL_DESIGN_GEOMETRIC_PRESENTATION_REPRESENTATION (  '', ( #1295 ), #915 ) ;
#267 = CARTESIAN_POINT ( 'NONE',  ( -31.28809271696044547, 6.718478995077162175, 6.483679253534001319 ) ) ;
#268 = CARTESIAN_POINT ( 'NONE',  ( -25.00000000000000000, 0.000000000000000000, 10.75000000000000000 ) ) ;
#269 = FACE_OUTER_BOUND ( 'NONE', #136, .T. ) ;
#270 = ORIENTED_EDGE ( 'NONE', *, *, #1571, .T. ) ;
#271 = ORIENTED_EDGE ( 'NONE', *, *, #287, .F. ) ;
#272 = CARTESIAN_POINT ( 'NONE',  ( 18.96223448575325676, 22.59831107200955458, 6.750000000000002665 ) ) ;
#273 = ORIENTED_EDGE ( 'NONE', *, *, #543, .F. ) ;
#274 = DIRECTION ( 'NONE',  ( 0.000000000000000000, 0.000000000000000000, 1.000000000000000000 ) ) ;
#275 = EDGE_CURVE ( 'NONE', #1277, #1005, #110, .T. ) ;
#276 = CARTESIAN_POINT ( 'NONE',  ( -16.93203004945722512, -7.453613781534267346, 6.150000000000001243 ) ) ;
#277 = ORIENTED_EDGE ( 'NONE', *, *, #1851, .T. ) ;
#278 = CARTESIAN_POINT ( 'NONE',  ( 14.92103390953509034, -10.93676126970429863, 8.250000000000000000 ) ) ;
#279 = LINE ( 'NONE', #1916, #2106 ) ;
#280 = ORIENTED_EDGE ( 'NONE', *, *, #1512, .T. ) ;
#281 = DIRECTION ( 'NONE',  ( 0.7071067811865483499, 0.000000000000000000, 0.7071067811865467956 ) ) ;
#282 = ORIENTED_EDGE ( 'NONE', *, *, #1031, .F. ) ;
#283 = ORIENTED_EDGE ( 'NONE', *, *, #783, .F. ) ;
#284 = DIRECTION ( 'NONE',  ( -1.000000000000000000, 0.000000000000000000, 0.000000000000000000 ) ) ;
#285 = DIRECTION ( 'NONE',  ( 0.4999999999999911182, -0.8660254037844438146, 0.000000000000000000 ) ) ;
#286 = EDGE_CURVE ( 'NONE', #426, #437, #1348, .T. ) ;
#287 = EDGE_CURVE ( 'NONE', #105, #143, #3, .T. ) ;
#288 = CARTESIAN_POINT ( 'NONE',  ( -17.46223448575293347, 25.19638728336313349, 6.750000000000002665 ) ) ;
#289 = EDGE_LOOP ( 'NONE', ( #1583, #77 ) ) ;
#290 = CARTESIAN_POINT ( 'NONE',  ( -17.21277491685818362, -9.937800231748505908, 6.750000000000000888 ) ) ;
#291 = EDGE_CURVE ( 'NONE', #2131, #1006, #613, .T. ) ;
#292 = CARTESIAN_POINT ( 'NONE',  ( 10.08959422810705497, -27.72093231318435613, 6.750000000000002665 ) ) ;
#293 = LINE ( 'NONE', #2271, #229 ) ;
#294 = ORIENTED_EDGE ( 'NONE', *, *, #1267, .F. ) ;
#295 = ORIENTED_EDGE ( 'NONE', *, *, #1915, .F. ) ;
#296 = AXIS2_PLACEMENT_3D ( 'NONE', #770, #1807, #18 ) ;
#297 = CARTESIAN_POINT ( 'NONE',  ( 0.000000000000000000, 0.000000000000000000, 6.150000000000001243 ) ) ;
#298 = AXIS2_PLACEMENT_3D ( 'NONE', #1678, #811, #822 ) ;
#299 = CARTESIAN_POINT ( 'NONE',  ( 25.00000000000000000, 3.061616997868383043E-15, 6.950000000000000178 ) ) ;
#300 = AXIS2_PLACEMENT_3D ( 'NONE', #514, #1239, #135 ) ;
#301 = CONICAL_SURFACE ( 'NONE', #153, 2.999999999999999112, 0.7853981633974492782 ) ;
#302 = DIRECTION ( 'NONE',  ( 0.000000000000000000, 0.000000000000000000, 1.000000000000000000 ) ) ;
#303 = VERTEX_POINT ( 'NONE', #1336 ) ;
#304 = VECTOR ( 'NONE', #2249, 1000.000000000000000 ) ;
#305 = DIRECTION ( 'NONE',  ( 0.000000000000000000, 0.000000000000000000, 1.000000000000000000 ) ) ;
#306 = CIRCLE ( 'NONE', #196, 26.50000000000000355 ) ;
#307 = ORIENTED_EDGE ( 'NONE', *, *, #1268, .F. ) ;
#308 = LINE ( 'NONE', #142, #193 ) ;
#309 = ADVANCED_FACE ( 'NONE', ( #1523 ), #1181, .F. ) ;
#310 = ORIENTED_EDGE ( 'NONE', *, *, #1472, .T. ) ;
#311 = ORIENTED_EDGE ( 'NONE', *, *, #1703, .T. ) ;
#312 = CARTESIAN_POINT ( 'NONE',  ( 13.08959422810705320, -27.72093231318435613, 6.750000000000002665 ) ) ;
#313 = DIRECTION ( 'NONE',  ( -1.000000000000000000, 0.000000000000000000, 0.000000000000000000 ) ) ;
#314 = DIRECTION ( 'NONE',  ( 0.000000000000000000, 0.000000000000000000, 1.000000000000000000 ) ) ;
#315 = FACE_OUTER_BOUND ( 'NONE', #1265, .T. ) ;
#316 = ORIENTED_EDGE ( 'NONE', *, *, #2082, .F. ) ;
#317 = DIRECTION ( 'NONE',  ( -0.000000000000000000, -0.000000000000000000, -1.000000000000000000 ) ) ;
#318 = ADVANCED_FACE ( 'NONE', ( #2033 ), #2198, .F. ) ;
#319 = ORIENTED_EDGE ( 'NONE', *, *, #2002, .T. ) ;
#320 = ORIENTED_EDGE ( 'NONE', *, *, #2190, .F. ) ;
#321 = EDGE_CURVE ( 'NONE', #815, #1543, #222, .T. ) ;
#322 = CARTESIAN_POINT ( 'NONE',  ( 13.08959422810705320, -27.72093231318435613, 6.750000000000002665 ) ) ;
#323 = LINE ( 'NONE', #1937, #1799 ) ;
#324 = ORIENTED_EDGE ( 'NONE', *, *, #555, .T. ) ;
#325 =( LENGTH_UNIT ( ) NAMED_UNIT ( * ) SI_UNIT ( .MILLI., .METRE. ) );
#326 = CARTESIAN_POINT ( 'NONE',  ( 21.03233463492478705, 24.11894702670391410, 6.304018780913434483 ) ) ;
#327 = CYLINDRICAL_SURFACE ( 'NONE', #943, 1.200000000000002842 ) ;
#328 = ORIENTED_EDGE ( 'NONE', *, *, #2153, .T. ) ;
#329 = DIRECTION ( 'NONE',  ( -1.000000000000000000, 0.000000000000000000, 0.000000000000000000 ) ) ;
#330 = EDGE_LOOP ( 'NONE', ( #131, #1339, #1604, #1241, #1700, #2260 ) ) ;
#331 = ORIENTED_EDGE ( 'NONE', *, *, #1082, .F. ) ;
#332 = CYLINDRICAL_SURFACE ( 'NONE', #2202, 15.00000000000000000 ) ;
#333 = CARTESIAN_POINT ( 'NONE',  ( -10.08959422810705497, -27.72093231318435613, 6.750000000000002665 ) ) ;
#334 = ORIENTED_EDGE ( 'NONE', *, *, #89, .F. ) ;
#335 = CARTESIAN_POINT ( 'NONE',  ( 0.000000000000000000, 0.000000000000000000, 6.950000000000000178 ) ) ;
#336 = CIRCLE ( 'NONE', #2133, 25.00000000000000000 ) ;
#337 = EDGE_CURVE ( 'NONE', #589, #100, #38, .T. ) ;
#338 = AXIS2_PLACEMENT_3D ( 'NONE', #777, #2005, #396 ) ;
#339 = EDGE_LOOP ( 'NONE', ( #1299, #675, #1394, #2020, #2088 ) ) ;
#340 = VECTOR ( 'NONE', #1230, 1000.000000000000000 ) ;
#341 = EDGE_CURVE ( 'NONE', #860, #657, #865, .T. ) ;
#342 = FACE_OUTER_BOUND ( 'NONE', #560, .T. ) ;
#343 = CIRCLE ( 'NONE', #1547, 32.00000000000000000 ) ;
#344 = AXIS2_PLACEMENT_3D ( 'NONE', #2062, #2221, #619 ) ;
#345 = ORIENTED_EDGE ( 'NONE', *, *, #477, .T. ) ;
#346 = DIRECTION ( 'NONE',  ( -0.000000000000000000, -0.000000000000000000, -1.000000000000000000 ) ) ;
#347 = EDGE_LOOP ( 'NONE', ( #2296, #1334, #1532, #294 ) ) ;
#348 = CIRCLE ( 'NONE', #413, 2.999999999999999556 ) ;
#349 = DIRECTION ( 'NONE',  ( -1.000000000000000000, 0.000000000000000000, 0.000000000000000000 ) ) ;
#350 = AXIS2_PLACEMENT_3D ( 'NONE', #776, #583, #1308 ) ;
#351 = DIRECTION ( 'NONE',  ( -0.4999999999999924505, 0.8660254037844429265, 0.000000000000000000 ) ) ;
#352 = ORIENTED_EDGE ( 'NONE', *, *, #1281, .T. ) ;
#353 = DIRECTION ( 'NONE',  ( 0.000000000000000000, 0.000000000000000000, 1.000000000000000000 ) ) ;
#354 = ORIENTED_EDGE ( 'NONE', *, *, #1179, .F. ) ;
#355 = EDGE_CURVE ( 'NONE', #860, #122, #1112, .T. ) ;
#356 = LINE ( 'NONE', #140, #2 ) ;
#357 = ORIENTED_EDGE ( 'NONE', *, *, #251, .F. ) ;
#358 = CARTESIAN_POINT ( 'NONE',  ( -31.76775344529723100, 3.848355627902542153, 6.750000000000002665 ) ) ;
#359 = DIRECTION ( 'NONE',  ( -0.5000000000000038858, -0.8660254037844362651, 0.000000000000000000 ) ) ;
#360 = ORIENTED_EDGE ( 'NONE', *, *, #13, .T. ) ;
#361 =( NAMED_UNIT ( * ) PLANE_ANGLE_UNIT ( ) SI_UNIT ( $, .RADIAN. ) );
#362 = DIRECTION ( 'NONE',  ( 0.000000000000000000, 0.000000000000000000, 1.000000000000000000 ) ) ;
#363 = EDGE_CURVE ( 'NONE', #881, #1521, #475, .T. ) ;
#364 = CARTESIAN_POINT ( 'NONE',  ( -2.500000000000000000, 19.87560046349701892, 6.150000000000001243 ) ) ;
#365 = VERTEX_POINT ( 'NONE', #238 ) ;
#366 = DIRECTION ( 'NONE',  ( -0.000000000000000000, -0.000000000000000000, -1.000000000000000000 ) ) ;
#367 = ADVANCED_FACE ( 'NONE', ( #1669 ), #1191, .F. ) ;
#368 = CARTESIAN_POINT ( 'NONE',  ( -29.05182871386008259, 5.122621241174761586, 6.750000000000002665 ) ) ;
#369 = VERTEX_POINT ( 'NONE', #1497 ) ;
#370 = CARTESIAN_POINT ( 'NONE',  ( -25.54774941164087210, 14.75000000000012434, 5.249999999999999112 ) ) ;
#371 = AXIS2_PLACEMENT_3D ( 'NONE', #671, #506, #873 ) ;
#372 = CIRCLE ( 'NONE', #485, 1.200000000000001288 ) ;
#373 = CARTESIAN_POINT ( 'NONE',  ( 0.000000000000000000, 0.000000000000000000, 5.950000000000000178 ) ) ;
#374 = EDGE_LOOP ( 'NONE', ( #1397, #1705, #482, #647, #2103, #273 ) ) ;
#375 = DIRECTION ( 'NONE',  ( -0.000000000000000000, -0.000000000000000000, -1.000000000000000000 ) ) ;
#376 = VECTOR ( 'NONE', #949, 1000.000000000000000 ) ;
#377 = CIRCLE ( 'NONE', #1682, 18.50000000000000355 ) ;
#378 = AXIS2_PLACEMENT_3D ( 'NONE', #781, #63, #595 ) ;
#379 = EDGE_CURVE ( 'NONE', #1668, #699, #679, .T. ) ;
#380 = CARTESIAN_POINT ( 'NONE',  ( -9.306302953054274241, -30.61686994690960262, 6.750000000000002665 ) ) ;
#381 = AXIS2_PLACEMENT_3D ( 'NONE', #686, #1243, #1939 ) ;
#382 = AXIS2_PLACEMENT_3D ( 'NONE', #1853, #954, #616 ) ;
#383 = AXIS2_PLACEMENT_3D ( 'NONE', #250, #1697, #2229 ) ;
#384 = CARTESIAN_POINT ( 'NONE',  ( 16.93203004945721446, -7.453613781534289551, 5.950000000000000178 ) ) ;
#385 = ORIENTED_EDGE ( 'NONE', *, *, #2169, .T. ) ;
#386 = CARTESIAN_POINT ( 'NONE',  ( -29.05182871386008259, 5.122621241174761586, 6.750000000000002665 ) ) ;
#387 = EDGE_LOOP ( 'NONE', ( #2035, #1162 ) ) ;
#388 = CARTESIAN_POINT ( 'NONE',  ( 2.010996139922139658, 18.39037505123857841, 6.150000000000001243 ) ) ;
#389 = CARTESIAN_POINT ( 'NONE',  ( 0.000000000000000000, 0.000000000000000000, 10.75000000000000000 ) ) ;
#390 = ADVANCED_FACE ( 'NONE', ( #2215 ), #602, .T. ) ;
#391 = DIRECTION ( 'NONE',  ( -1.000000000000000000, 0.000000000000000000, 0.000000000000000000 ) ) ;
#392 = EDGE_CURVE ( 'NONE', #1666, #979, #832, .T. ) ;
#393 = FACE_OUTER_BOUND ( 'NONE', #1943, .T. ) ;
#394 = ORIENTED_EDGE ( 'NONE', *, *, #417, .F. ) ;
#395 = VERTEX_POINT ( 'NONE', #2299 ) ;
#396 = DIRECTION ( 'NONE',  ( -0.4999999999999924505, 0.8660254037844429265, 0.000000000000000000 ) ) ;
#397 = DIRECTION ( 'NONE',  ( -1.000000000000000000, 0.000000000000000000, 0.000000000000000000 ) ) ;
#398 = DIRECTION ( 'NONE',  ( 1.000000000000000000, 0.000000000000000000, 0.000000000000000000 ) ) ;
#399 = FACE_OUTER_BOUND ( 'NONE', #146, .T. ) ;
#400 = DIRECTION ( 'NONE',  ( -0.000000000000000000, -0.000000000000000000, -1.000000000000000000 ) ) ;
#401 = ORIENTED_EDGE ( 'NONE', *, *, #1677, .F. ) ;
#402 = DIRECTION ( 'NONE',  ( 0.3535533905932683463, -0.6123724356957985782, 0.7071067811865467956 ) ) ;
#403 = EDGE_CURVE ( 'NONE', #1631, #365, #2136, .T. ) ;
#404 = DIRECTION ( 'NONE',  ( 0.7071067811865401342, 8.659560562354842879E-17, -0.7071067811865549002 ) ) ;
#405 = DIRECTION ( 'NONE',  ( -0.000000000000000000, -0.000000000000000000, -1.000000000000000000 ) ) ;
#406 = EDGE_CURVE ( 'NONE', #451, #620, #2053, .T. ) ;
#407 = AXIS2_PLACEMENT_3D ( 'NONE', #1739, #2142, #1403 ) ;
#408 = DIRECTION ( 'NONE',  ( -0.000000000000000000, -0.000000000000000000, -1.000000000000000000 ) ) ;
#409 = AXIS2_PLACEMENT_3D ( 'NONE', #117, #2220, #817 ) ;
#410 = AXIS2_PLACEMENT_3D ( 'NONE', #2091, #2266, #2288 ) ;
#411 = ORIENTED_EDGE ( 'NONE', *, *, #1328, .T. ) ;
#412 = CONICAL_SURFACE ( 'NONE', #344, 24.50000000000002487, 0.7853981633974378429 ) ;
#413 = AXIS2_PLACEMENT_3D ( 'NONE', #1844, #973, #49 ) ;
#414 = CARTESIAN_POINT ( 'NONE',  ( 0.000000000000000000, 0.000000000000000000, 5.250000000000000888 ) ) ;
#415 = EDGE_CURVE ( 'NONE', #2258, #441, #1020, .T. ) ;
#416 = AXIS2_PLACEMENT_3D ( 'NONE', #712, #1242, #1011 ) ;
#417 = EDGE_CURVE ( 'NONE', #1992, #1888, #6, .T. ) ;
#418 = FACE_OUTER_BOUND ( 'NONE', #2273, .T. ) ;
#419 = CARTESIAN_POINT ( 'NONE',  ( 0.000000000000000000, 0.000000000000000000, 5.250000000000000000 ) ) ;
#420 = DIRECTION ( 'NONE',  ( -0.4999999999999917843, 0.8660254037844434816, 0.000000000000000000 ) ) ;
#421 = CARTESIAN_POINT ( 'NONE',  ( 0.000000000000000000, 0.000000000000000000, 5.950000000000000178 ) ) ;
#422 = CARTESIAN_POINT ( 'NONE',  ( -9.063533798130066543, -24.90185445082662596, 6.750000000000002665 ) ) ;
#423 = DIRECTION ( 'NONE',  ( -0.000000000000000000, -0.000000000000000000, 1.000000000000000000 ) ) ;
#424 = ADVANCED_FACE ( 'NONE', ( #849 ), #2107, .T. ) ;
#425 = LINE ( 'NONE', #1890, #571 ) ;
#426 = VERTEX_POINT ( 'NONE', #893 ) ;
#427 = CARTESIAN_POINT ( 'NONE',  ( 0.000000000000000000, 0.000000000000000000, 10.24999999999998224 ) ) ;
#428 = DIRECTION ( 'NONE',  ( -0.000000000000000000, -0.000000000000000000, -1.000000000000000000 ) ) ;
#429 = CARTESIAN_POINT ( 'NONE',  ( -13.78203247860110459, -28.88002044249249423, 5.250000000000000000 ) ) ;
#430 = ADVANCED_FACE ( 'NONE', ( #1563 ), #2093, .F. ) ;
#431 = ORIENTED_EDGE ( 'NONE', *, *, #1238, .T. ) ;
#432 = VERTEX_POINT ( 'NONE', #1769 ) ;
#433 = CARTESIAN_POINT ( 'NONE',  ( 18.11981512571184538, 26.37560046349701892, 5.250000000000000000 ) ) ;
#434 = ORIENTED_EDGE ( 'NONE', *, *, #998, .F. ) ;
#435 = DIRECTION ( 'NONE',  ( -0.000000000000000000, -0.000000000000000000, -1.000000000000000000 ) ) ;
#436 = DIRECTION ( 'NONE',  ( 0.000000000000000000, 0.000000000000000000, 1.000000000000000000 ) ) ;
#437 = VERTEX_POINT ( 'NONE', #299 ) ;
#438 = DIRECTION ( 'NONE',  ( -0.000000000000000000, -0.000000000000000000, 1.000000000000000000 ) ) ;
#439 = DIRECTION ( 'NONE',  ( 1.000000000000000000, 0.000000000000000000, 0.000000000000000000 ) ) ;
#440 = DIRECTION ( 'NONE',  ( -0.000000000000000000, -0.000000000000000000, 1.000000000000000000 ) ) ;
#441 = VERTEX_POINT ( 'NONE', #1749 ) ;
#442 = ORIENTED_EDGE ( 'NONE', *, *, #1828, .T. ) ;
#443 = AXIS2_PLACEMENT_3D ( 'NONE', #1153, #1859, #1025 ) ;
#444 = EDGE_CURVE ( 'NONE', #451, #1252, #323, .T. ) ;
#445 = CARTESIAN_POINT ( 'NONE',  ( 0.000000000000000000, 0.000000000000000000, 6.750000000000000888 ) ) ;
#446 = CIRCLE ( 'NONE', #1954, 18.50000000000000000 ) ;
#447 = ORIENTED_EDGE ( 'NONE', *, *, #1090, .T. ) ;
#448 = AXIS2_PLACEMENT_3D ( 'NONE', #1459, #1819, #2026 ) ;
#449 = CIRCLE ( 'NONE', #534, 3.000000000000000000 ) ;
#450 = CARTESIAN_POINT ( 'NONE',  ( -10.66212837555388759, -30.17300200905950547, 6.249881881594125055 ) ) ;
#451 = VERTEX_POINT ( 'NONE', #866 ) ;
#452 = CONICAL_SURFACE ( 'NONE', #159, 2.999999999999999556, 0.7853981633974492782 ) ;
#453 = DIRECTION ( 'NONE',  ( -0.000000000000000000, -0.000000000000000000, -1.000000000000000000 ) ) ;
#454 = ORIENTED_EDGE ( 'NONE', *, *, #1406, .F. ) ;
#455 = AXIS2_PLACEMENT_3D ( 'NONE', #825, #700, #2309 ) ;
#456 = LINE ( 'NONE', #278, #648 ) ;
#457 = DIRECTION ( 'NONE',  ( 1.000000000000000000, 0.000000000000000000, 0.000000000000000000 ) ) ;
#458 = ORIENTED_EDGE ( 'NONE', *, *, #1614, .T. ) ;
#459 = CARTESIAN_POINT ( 'NONE',  ( -11.58959422810704964, -27.72093231318435613, 5.250000000000000000 ) ) ;
#460 = ORIENTED_EDGE ( 'NONE', *, *, #2232, .F. ) ;
#461 = EDGE_LOOP ( 'NONE', ( #782, #124 ) ) ;
#462 = EDGE_CURVE ( 'NONE', #441, #2258, #2095, .T. ) ;
#463 = CARTESIAN_POINT ( 'NONE',  ( -22.84194004145702905, -13.18780023174851301, 6.750000000000000888 ) ) ;
#464 = EDGE_CURVE ( 'NONE', #854, #483, #905, .T. ) ;
#465 = CARTESIAN_POINT ( 'NONE',  ( 20.46223448575323189, 20.00023486065622436, 6.750000000000002665 ) ) ;
#466 = DIRECTION ( 'NONE',  ( 0.000000000000000000, 0.000000000000000000, -1.000000000000000000 ) ) ;
#467 = ORIENTED_EDGE ( 'NONE', *, *, #1148, .F. ) ;
#468 = DIRECTION ( 'NONE',  ( -0.5000000000000041078, -0.8660254037844362651, 0.000000000000000000 ) ) ;
#469 = DIRECTION ( 'NONE',  ( 1.000000000000000000, 0.000000000000000000, 0.000000000000000000 ) ) ;
#470 = ORIENTED_EDGE ( 'NONE', *, *, #1515, .T. ) ;
#471 = CARTESIAN_POINT ( 'NONE',  ( -8.606387458429091808, -4.968900115874252954, 6.150000000000001243 ) ) ;
#472 = ORIENTED_EDGE ( 'NONE', *, *, #773, .T. ) ;
#473 = EDGE_LOOP ( 'NONE', ( #2084, #722, #345, #2270, #454, #2218 ) ) ;
#474 = CARTESIAN_POINT ( 'NONE',  ( -21.55958866703034005, -15.40889796541132561, 6.750000000000000888 ) ) ;
#475 = LINE ( 'NONE', #465, #2019 ) ;
#476 = CARTESIAN_POINT ( 'NONE',  ( 0.000000000000000000, 19.87560046349701892, 6.750000000000000888 ) ) ;
#477 = EDGE_CURVE ( 'NONE', #636, #2300, #1139, .T. ) ;
#478 = EDGE_LOOP ( 'NONE', ( #168, #824, #157, #155 ) ) ;
#479 = CARTESIAN_POINT ( 'NONE',  ( -22.84194004145702905, -13.18780023174851301, 6.750000000000000888 ) ) ;
#480 = ORIENTED_EDGE ( 'NONE', *, *, #392, .T. ) ;
#481 = CARTESIAN_POINT ( 'NONE',  ( -30.55182871386009680, 2.524545029821452680, 6.750000000000002665 ) ) ;
#482 = ORIENTED_EDGE ( 'NONE', *, *, #287, .T. ) ;
#483 = VERTEX_POINT ( 'NONE', #1926 ) ;
#484 = LINE ( 'NONE', #1388, #639 ) ;
#485 = AXIS2_PLACEMENT_3D ( 'NONE', #370, #1125, #1488 ) ;
#486 = DIRECTION ( 'NONE',  ( -0.000000000000000000, -0.000000000000000000, -1.000000000000000000 ) ) ;
#487 = VECTOR ( 'NONE', #1485, 1000.000000000000000 ) ;
#488 = AXIS2_PLACEMENT_3D ( 'NONE', #738, #1796, #2293 ) ;
#489 = AXIS2_PLACEMENT_3D ( 'NONE', #1559, #132, #664 ) ;
#490 = PRODUCT_CONTEXT ( 'NONE', #960, 'mechanical' ) ;
#491 = EDGE_CURVE ( 'NONE', #1356, #1006, #2168, .T. ) ;
#492 = ORIENTED_EDGE ( 'NONE', *, *, #251, .T. ) ;
#493 = AXIS2_PLACEMENT_3D ( 'NONE', #2295, #520, #706 ) ;
#494 = EDGE_CURVE ( 'NONE', #2289, #2115, #69, .T. ) ;
#495 = CARTESIAN_POINT ( 'NONE',  ( -10.08959422810705497, -27.72093231318435613, 6.750000000000002665 ) ) ;
#496 = AXIS2_PLACEMENT_3D ( 'NONE', #1354, #2059, #457 ) ;
#497 = VERTEX_POINT ( 'NONE', #2128 ) ;
#498 = DIRECTION ( 'NONE',  ( 0.5000000000000044409, 0.8660254037844361541, 0.000000000000000000 ) ) ;
#499 = ORIENTED_EDGE ( 'NONE', *, *, #1328, .F. ) ;
#500 = ORIENTED_EDGE ( 'NONE', *, *, #1672, .T. ) ;
#501 = LINE ( 'NONE', #1726, #1253 ) ;
#502 = ORIENTED_EDGE ( 'NONE', *, *, #337, .T. ) ;
#503 = DIRECTION ( 'NONE',  ( 0.000000000000000000, 0.000000000000000000, 1.000000000000000000 ) ) ;
#504 = ORIENTED_EDGE ( 'NONE', *, *, #209, .F. ) ;
#505 = APPLICATION_PROTOCOL_DEFINITION ( 'draft international standard', 'automotive_design', 1998, #1208 ) ;
#506 = DIRECTION ( 'NONE',  ( 0.000000000000000000, 0.000000000000000000, 1.000000000000000000 ) ) ;
#507 = EDGE_CURVE ( 'NONE', #1921, #1035, #1204, .T. ) ;
#508 = DIRECTION ( 'NONE',  ( 0.000000000000000000, 0.000000000000000000, -1.000000000000000000 ) ) ;
#509 = ORIENTED_EDGE ( 'NONE', *, *, #1539, .F. ) ;
#510 = CARTESIAN_POINT ( 'NONE',  ( -19.21665045920870085, 25.58750369083693954, 6.750000000000000888 ) ) ;
#511 = ORIENTED_EDGE ( 'NONE', *, *, #1484, .T. ) ;
#512 = ORIENTED_EDGE ( 'NONE', *, *, #1737, .T. ) ;
#513 = EDGE_CURVE ( 'NONE', #1930, #1999, #1171, .T. ) ;
#514 = CARTESIAN_POINT ( 'NONE',  ( 0.000000000000000000, 0.000000000000000000, 6.750000000000000888 ) ) ;
#515 = CARTESIAN_POINT ( 'NONE',  ( 0.000000000000000000, 19.87560046349701892, 5.250000000000000000 ) ) ;
#516 = EDGE_LOOP ( 'NONE', ( #1576, #401 ) ) ;
#517 = PLANE ( 'NONE',  #1142 ) ;
#518 = ORIENTED_EDGE ( 'NONE', *, *, #2253, .T. ) ;
#519 = CARTESIAN_POINT ( 'NONE',  ( 2.010996139922123227, 18.39037505123857841, 5.950000000000000178 ) ) ;
#520 = DIRECTION ( 'NONE',  ( 0.000000000000000000, 0.000000000000000000, -1.000000000000000000 ) ) ;
#521 = ORIENTED_EDGE ( 'NONE', *, *, #1527, .F. ) ;
#522 = ORIENTED_EDGE ( 'NONE', *, *, #1329, .F. ) ;
#523 = CYLINDRICAL_SURFACE ( 'NONE', #2245, 1.200000000000000178 ) ;
#524 = ADVANCED_FACE ( 'NONE', ( #1572 ), #2022, .F. ) ;
#525 = CARTESIAN_POINT ( 'NONE',  ( -22.84194004145702905, -13.18780023174851301, 5.250000000000000000 ) ) ;
#526 = ORIENTED_EDGE ( 'NONE', *, *, #363, .F. ) ;
#527 = SURFACE_STYLE_FILL_AREA ( #869 ) ;
#528 = CIRCLE ( 'NONE', #1833, 2.999999999999999112 ) ;
#529 = AXIS2_PLACEMENT_3D ( 'NONE', #1702, #1008, #98 ) ;
#530 = CARTESIAN_POINT ( 'NONE',  ( -18.96223448575294768, 22.59831107200982458, 5.250000000000000000 ) ) ;
#531 = CIRCLE ( 'NONE', #300, 26.50000000000000355 ) ;
#532 = CARTESIAN_POINT ( 'NONE',  ( 5.050203106331699892E-15, 26.37560046349702247, 5.250000000000000000 ) ) ;
#533 = AXIS2_PLACEMENT_3D ( 'NONE', #1210, #2045, #975 ) ;
#534 = AXIS2_PLACEMENT_3D ( 'NONE', #10, #570, #359 ) ;
#535 = ORIENTED_EDGE ( 'NONE', *, *, #147, .T. ) ;
#536 = CARTESIAN_POINT ( 'NONE',  ( 31.16813863491523762, 7.248940200795370714, 6.750000000000002665 ) ) ;
#537 = VECTOR ( 'NONE', #814, 1000.000000000000114 ) ;
#538 = CIRCLE ( 'NONE', #1177, 2.500000000000000000 ) ;
#539 = CARTESIAN_POINT ( 'NONE',  ( 0.000000000000000000, 0.000000000000000000, 6.750000000000000888 ) ) ;
#540 = CONICAL_SURFACE ( 'NONE', #1508, 24.50000000000002487, 0.7853981633974378429 ) ;
#541 = EDGE_CURVE ( 'NONE', #2300, #1598, #174, .T. ) ;
#542 = ORIENTED_EDGE ( 'NONE', *, *, #25, .F. ) ;
#543 = EDGE_CURVE ( 'NONE', #628, #815, #581, .T. ) ;
#544 = LINE ( 'NONE', #1438, #691 ) ;
#545 = FACE_OUTER_BOUND ( 'NONE', #713, .T. ) ;
#546 = EDGE_CURVE ( 'NONE', #1418, #1720, #1121, .T. ) ;
#547 = CARTESIAN_POINT ( 'NONE',  ( 18.50000000000000000, 0.000000000000000000, 10.24999999999998224 ) ) ;
#548 = ORIENTED_EDGE ( 'NONE', *, *, #1934, .T. ) ;
#549 = CARTESIAN_POINT ( 'NONE',  ( 29.05182871386014654, 5.122621241174355688, 6.750000000000002665 ) ) ;
#550 = DIRECTION ( 'NONE',  ( 0.000000000000000000, 0.000000000000000000, 1.000000000000000000 ) ) ;
#551 = DIRECTION ( 'NONE',  ( -0.4999999999999917843, 0.8660254037844434816, 0.000000000000000000 ) ) ;
#552 = ORIENTED_EDGE ( 'NONE', *, *, #1790, .F. ) ;
#553 = CYLINDRICAL_SURFACE ( 'NONE', #1883, 2.500000000000002220 ) ;
#554 = CARTESIAN_POINT ( 'NONE',  ( 10.08959422810705497, -27.72093231318435613, 6.750000000000002665 ) ) ;
#555 = EDGE_CURVE ( 'NONE', #2086, #910, #112, .T. ) ;
#556 = CARTESIAN_POINT ( 'NONE',  ( -17.21277491685818362, -9.937800231748505908, 6.750000000000000888 ) ) ;
#557 = DIRECTION ( 'NONE',  ( -0.000000000000000000, -0.000000000000000000, 1.000000000000000000 ) ) ;
#558 = FACE_BOUND ( 'NONE', #387, .T. ) ;
#559 = DIRECTION ( 'NONE',  ( 1.914725358886527419E-16, 1.000000000000000000, -0.000000000000000000 ) ) ;
#560 = EDGE_LOOP ( 'NONE', ( #1971, #509 ) ) ;
#561 = ORIENTED_EDGE ( 'NONE', *, *, #913, .F. ) ;
#562 = DIRECTION ( 'NONE',  ( 0.000000000000000000, 0.000000000000000000, 1.000000000000000000 ) ) ;
#563 = CIRCLE ( 'NONE', #1496, 1.499999999999995559 ) ;
#564 = DIRECTION ( 'NONE',  ( 1.000000000000000000, 0.000000000000000000, 0.000000000000000000 ) ) ;
#565 = EDGE_LOOP ( 'NONE', ( #1034, #1812 ) ) ;
#566 = CARTESIAN_POINT ( 'NONE',  ( 31.28826097768846992, 6.717734363485785565, 6.483290813272192032 ) ) ;
#567 = ADVANCED_FACE ( 'NONE', ( #393 ), #22, .T. ) ;
#568 = VECTOR ( 'NONE', #1014, 1000.000000000000000 ) ;
#569 = CIRCLE ( 'NONE', #12, 15.00000000000000000 ) ;
#570 = DIRECTION ( 'NONE',  ( 0.000000000000000000, 0.000000000000000000, 1.000000000000000000 ) ) ;
#571 = VECTOR ( 'NONE', #453, 1000.000000000000000 ) ;
#572 = VECTOR ( 'NONE', #1033, 1000.000000000000000 ) ;
#573 = LINE ( 'NONE', #1298, #1321 ) ;
#574 = ORIENTED_EDGE ( 'NONE', *, *, #1159, .F. ) ;
#575 = ORIENTED_EDGE ( 'NONE', *, *, #1574, .T. ) ;
#576 = FACE_OUTER_BOUND ( 'NONE', #215, .T. ) ;
#577 = DIRECTION ( 'NONE',  ( -0.5000000000000041078, -0.8660254037844362651, 0.000000000000000000 ) ) ;
#578 = CARTESIAN_POINT ( 'NONE',  ( -31.16813863491507064, 7.248940200795876976, 6.750000000000000888 ) ) ;
#579 = DIRECTION ( 'NONE',  ( 1.000000000000000000, 0.000000000000000000, 0.000000000000000000 ) ) ;
#580 = EDGE_CURVE ( 'NONE', #1631, #921, #1991, .T. ) ;
#581 = LINE ( 'NONE', #1283, #1399 ) ;
#582 = ORIENTED_EDGE ( 'NONE', *, *, #1123, .T. ) ;
#583 = DIRECTION ( 'NONE',  ( 0.000000000000000000, 0.000000000000000000, 1.000000000000000000 ) ) ;
#584 = ADVANCED_FACE ( 'NONE', ( #14 ), #41, .T. ) ;
#585 = FACE_OUTER_BOUND ( 'NONE', #978, .T. ) ;
#586 = DIRECTION ( 'NONE',  ( 0.000000000000000000, 0.000000000000000000, 1.000000000000000000 ) ) ;
#587 = DIRECTION ( 'NONE',  ( 0.000000000000000000, 0.000000000000000000, 1.000000000000000000 ) ) ;
#588 = CARTESIAN_POINT ( 'NONE',  ( -18.11981512571183828, 26.37560046349702603, 6.750000000000000888 ) ) ;
#589 = VERTEX_POINT ( 'NONE', #185 ) ;
#590 = EDGE_CURVE ( 'NONE', #2131, #1384, #2054, .T. ) ;
#591 = CARTESIAN_POINT ( 'NONE',  ( -24.94774941164086712, 15.78923048454144684, 6.750000000000000888 ) ) ;
#592 = CARTESIAN_POINT ( 'NONE',  ( 26.14774941164106536, 13.71076951545842526, 5.249999999999999112 ) ) ;
#593 = CARTESIAN_POINT ( 'NONE',  ( -29.05182871386008259, 5.122621241174761586, 6.750000000000002665 ) ) ;
#594 = AXIS2_PLACEMENT_3D ( 'NONE', #2225, #261, #1870 ) ;
#595 = DIRECTION ( 'NONE',  ( -1.000000000000000000, 0.000000000000000000, -0.000000000000000000 ) ) ;
#596 = AXIS2_PLACEMENT_3D ( 'NONE', #1544, #317, #843 ) ;
#597 = FACE_OUTER_BOUND ( 'NONE', #31, .T. ) ;
#598 = AXIS2_PLACEMENT_3D ( 'NONE', #1988, #1110, #579 ) ;
#599 = PLANE ( 'NONE',  #799 ) ;
#600 = AXIS2_PLACEMENT_3D ( 'NONE', #897, #5, #1263 ) ;
#601 = EDGE_CURVE ( 'NONE', #1516, #483, #1023, .T. ) ;
#602 = CYLINDRICAL_SURFACE ( 'NONE', #443, 25.00000000000000000 ) ;
#603 = VECTOR ( 'NONE', #1064, 999.9999999999998863 ) ;
#604 = FACE_OUTER_BOUND ( 'NONE', #624, .T. ) ;
#605 = EDGE_CURVE ( 'NONE', #2272, #1731, #834, .T. ) ;
#606 = ORIENTED_EDGE ( 'NONE', *, *, #2165, .T. ) ;
#607 = CARTESIAN_POINT ( 'NONE',  ( 20.46223448575323189, 20.00023486065622436, 6.750000000000002665 ) ) ;
#608 = CARTESIAN_POINT ( 'NONE',  ( -19.64951450764437269, 25.25825182957601100, 6.483679253533995990 ) ) ;
#609 = ORIENTED_EDGE ( 'NONE', *, *, #2180, .F. ) ;
#610 = ORIENTED_EDGE ( 'NONE', *, *, #1722, .F. ) ;
#611 = CARTESIAN_POINT ( 'NONE',  ( -19.71277491685818362, -9.937800231748505908, 5.250000000000000000 ) ) ;
#612 = EDGE_LOOP ( 'NONE', ( #1569, #1237, #472, #282, #1638, #295 ) ) ;
#613 = LINE ( 'NONE', #962, #1758 ) ;
#614 = CARTESIAN_POINT ( 'NONE',  ( -30.55182871386009680, 2.524545029821452680, 6.750000000000002665 ) ) ;
#615 = ORIENTED_EDGE ( 'NONE', *, *, #462, .F. ) ;
#616 = DIRECTION ( 'NONE',  ( 1.000000000000000000, 0.000000000000000000, 0.000000000000000000 ) ) ;
#617 = EDGE_CURVE ( 'NONE', #2234, #105, #1447, .T. ) ;
#618 = CARTESIAN_POINT ( 'NONE',  ( -31.90184760431295885, 2.504419978995468643, 5.250000000000000000 ) ) ;
#619 = DIRECTION ( 'NONE',  ( -1.000000000000000000, 0.000000000000000000, 0.000000000000000000 ) ) ;
#620 = VERTEX_POINT ( 'NONE', #1815 ) ;
#621 = ORIENTED_EDGE ( 'NONE', *, *, #658, .F. ) ;
#622 = DIRECTION ( 'NONE',  ( -0.000000000000000000, -0.000000000000000000, -1.000000000000000000 ) ) ;
#623 = DIRECTION ( 'NONE',  ( 0.000000000000000000, 0.000000000000000000, 1.000000000000000000 ) ) ;
#624 = EDGE_LOOP ( 'NONE', ( #626, #1896, #1186, #2061, #999, #1045 ) ) ;
#625 = DIRECTION ( 'NONE',  ( -1.000000000000000000, 0.000000000000000000, 0.000000000000000000 ) ) ;
#626 = ORIENTED_EDGE ( 'NONE', *, *, #1958, .T. ) ;
#627 = FACE_OUTER_BOUND ( 'NONE', #2171, .T. ) ;
#628 = VERTEX_POINT ( 'NONE', #384 ) ;
#629 = DIRECTION ( 'NONE',  ( -1.000000000000000000, 0.000000000000000000, 0.000000000000000000 ) ) ;
#630 = EDGE_CURVE ( 'NONE', #1248, #1313, #1657, .T. ) ;
#631 = CARTESIAN_POINT ( 'NONE',  ( 2.564702748853348258, 26.37560046349702247, 6.750000000000000888 ) ) ;
#632 = ADVANCED_FACE ( 'NONE', ( #1096 ), #916, .T. ) ;
#633 = ORIENTED_EDGE ( 'NONE', *, *, #1614, .F. ) ;
#634 = CARTESIAN_POINT ( 'NONE',  ( -21.46185910349872117, 23.73756166517256361, 6.483290813272182262 ) ) ;
#635 = ORIENTED_EDGE ( 'NONE', *, *, #234, .T. ) ;
#636 = VERTEX_POINT ( 'NONE', #1637 ) ;
#637 = CONICAL_SURFACE ( 'NONE', #1987, 3.000000000000000000, 0.7853981633974492782 ) ;
#638 = CARTESIAN_POINT ( 'NONE',  ( 10.37145352019462941, -30.27400960809204022, 6.304018780913436260 ) ) ;
#639 = VECTOR ( 'NONE', #1579, 1000.000000000000000 ) ;
#640 = ORIENTED_EDGE ( 'NONE', *, *, #1494, .F. ) ;
#641 = CIRCLE ( 'NONE', #1956, 18.50000000000000000 ) ;
#642 = VECTOR ( 'NONE', #440, 1000.000000000000000 ) ;
#643 = CARTESIAN_POINT ( 'NONE',  ( -10.37389959694411701, -30.27318016229584074, 6.303362910418257137 ) ) ;
#644 = AXIS2_PLACEMENT_3D ( 'NONE', #99, #113, #1714 ) ;
#645 = CIRCLE ( 'NONE', #1621, 2.499999999999988454 ) ;
#646 = FACE_BOUND ( 'NONE', #2252, .T. ) ;
#647 = ORIENTED_EDGE ( 'NONE', *, *, #2204, .F. ) ;
#648 = VECTOR ( 'NONE', #1000, 1000.000000000000000 ) ;
#649 = FACE_OUTER_BOUND ( 'NONE', #1331, .T. ) ;
#650 = DIRECTION ( 'NONE',  ( 0.000000000000000000, 0.000000000000000000, 1.000000000000000000 ) ) ;
#651 = VERTEX_POINT ( 'NONE', #30 ) ;
#652 = DIRECTION ( 'NONE',  ( 1.000000000000000000, 0.000000000000000000, 0.000000000000000000 ) ) ;
#653 = EDGE_LOOP ( 'NONE', ( #324, #200 ) ) ;
#654 = ORIENTED_EDGE ( 'NONE', *, *, #1885, .F. ) ;
#655 = CARTESIAN_POINT ( 'NONE',  ( 29.05182871386014654, 5.122621241174355688, 6.750000000000002665 ) ) ;
#656 = DIRECTION ( 'NONE',  ( 0.000000000000000000, 0.000000000000000000, 1.000000000000000000 ) ) ;
#657 = VERTEX_POINT ( 'NONE', #751 ) ;
#658 = EDGE_CURVE ( 'NONE', #2214, #1921, #573, .T. ) ;
#659 = CARTESIAN_POINT ( 'NONE',  ( 17.21277491685818717, -9.937800231748504132, 6.150000000000001243 ) ) ;
#660 = CARTESIAN_POINT ( 'NONE',  ( -31.90184760431295885, 2.504419978995468643, 6.750000000000000888 ) ) ;
#661 = VERTEX_POINT ( 'NONE', #611 ) ;
#662 = FACE_OUTER_BOUND ( 'NONE', #1688, .T. ) ;
#663 = ORIENTED_EDGE ( 'NONE', *, *, #1512, .F. ) ;
#664 = DIRECTION ( 'NONE',  ( 1.000000000000000000, 0.000000000000000000, 0.000000000000000000 ) ) ;
#665 = EDGE_LOOP ( 'NONE', ( #2161, #1019, #34, #32, #1746, #1032 ) ) ;
#666 = ORIENTED_EDGE ( 'NONE', *, *, #601, .F. ) ;
#667 = LINE ( 'NONE', #1944, #2240 ) ;
#668 = EDGE_CURVE ( 'NONE', #881, #45, #976, .T. ) ;
#669 = CARTESIAN_POINT ( 'NONE',  ( 0.000000000000000000, 0.000000000000000000, 6.950000000000000178 ) ) ;
#670 = ADVANCED_FACE ( 'NONE', ( #2199 ), #1691, .F. ) ;
#671 = CARTESIAN_POINT ( 'NONE',  ( 18.96223448575325676, 22.59831107200955458, 6.750000000000002665 ) ) ;
#672 = DIRECTION ( 'NONE',  ( -0.000000000000000000, -0.000000000000000000, 1.000000000000000000 ) ) ;
#673 = EDGE_LOOP ( 'NONE', ( #2222, #1188, #1061, #830 ) ) ;
#674 = CARTESIAN_POINT ( 'NONE',  ( -25.54774941164087210, 14.75000000000012434, -6.750000000000000888 ) ) ;
#675 = ORIENTED_EDGE ( 'NONE', *, *, #337, .F. ) ;
#676 = ORIENTED_EDGE ( 'NONE', *, *, #137, .T. ) ;
#677 = CIRCLE ( 'NONE', #1431, 2.499999999999986677 ) ;
#678 = DIRECTION ( 'NONE',  ( -0.000000000000000000, -0.000000000000000000, -1.000000000000000000 ) ) ;
#679 = CIRCLE ( 'NONE', #724, 26.50000000000000355 ) ;
#680 = CARTESIAN_POINT ( 'NONE',  ( 0.000000000000000000, 0.000000000000000000, 10.75000000000000000 ) ) ;
#681 = ADVANCED_FACE ( 'NONE', ( #597 ), #1325, .F. ) ;
#682 = ORIENTED_EDGE ( 'NONE', *, *, #1574, .F. ) ;
#683 = AXIS2_PLACEMENT_3D ( 'NONE', #1603, #710, #351 ) ;
#684 = CIRCLE ( 'NONE', #1434, 18.50000000000000000 ) ;
#685 = CIRCLE ( 'NONE', #228, 18.49999999999999645 ) ;
#686 = CARTESIAN_POINT ( 'NONE',  ( 0.000000000000000000, 0.000000000000000000, 0.000000000000000000 ) ) ;
#687 = CARTESIAN_POINT ( 'NONE',  ( 14.71277491685818539, -9.937800231748504132, 5.250000000000000000 ) ) ;
#688 = AXIS2_PLACEMENT_3D ( 'NONE', #674, #2101, #498 ) ;
#689 = EDGE_CURVE ( 'NONE', #1054, #1874, #2280, .T. ) ;
#690 = CARTESIAN_POINT ( 'NONE',  ( 0.000000000000000000, 0.000000000000000000, 5.750000000000000888 ) ) ;
#691 = VECTOR ( 'NONE', #903, 1000.000000000000114 ) ;
#692 = VERTEX_POINT ( 'NONE', #312 ) ;
#693 = CARTESIAN_POINT ( 'NONE',  ( 0.000000000000000000, 0.000000000000000000, 6.750000000000000888 ) ) ;
#694 = EDGE_LOOP ( 'NONE', ( #492, #1695 ) ) ;
#695 = ORIENTED_EDGE ( 'NONE', *, *, #341, .F. ) ;
#696 = EDGE_CURVE ( 'NONE', #2004, #884, #667, .T. ) ;
#697 = LINE ( 'NONE', #1216, #340 ) ;
#698 = DIRECTION ( 'NONE',  ( -1.000000000000000000, 0.000000000000000000, 0.000000000000000000 ) ) ;
#699 = VERTEX_POINT ( 'NONE', #474 ) ;
#700 = DIRECTION ( 'NONE',  ( 0.000000000000000000, 0.000000000000000000, 1.000000000000000000 ) ) ;
#701 =( NAMED_UNIT ( * ) SI_UNIT ( $, .STERADIAN. ) SOLID_ANGLE_UNIT ( ) );
#702 = CARTESIAN_POINT ( 'NONE',  ( 19.43163800909371730, 25.42604438440597647, 6.607354433253743053 ) ) ;
#703 = UNCERTAINTY_MEASURE_WITH_UNIT (LENGTH_MEASURE( 1.000000000000000082E-05 ), #2228, 'distance_accuracy_value', 'NONE');
#704 = CARTESIAN_POINT ( 'NONE',  ( -10.08959422810705497, -27.72093231318435613, 6.750000000000002665 ) ) ;
#705 = EDGE_LOOP ( 'NONE', ( #1932, #917, #217, #1961, #1245 ) ) ;
#706 = DIRECTION ( 'NONE',  ( -1.000000000000000000, 0.000000000000000000, 0.000000000000000000 ) ) ;
#707 = EDGE_CURVE ( 'NONE', #1930, #2004, #1400, .T. ) ;
#708 = ORIENTED_EDGE ( 'NONE', *, *, #101, .T. ) ;
#709 = DIRECTION ( 'NONE',  ( 1.000000000000000000, 0.000000000000000000, 0.000000000000000000 ) ) ;
#710 = DIRECTION ( 'NONE',  ( 0.000000000000000000, 0.000000000000000000, 1.000000000000000000 ) ) ;
#711 = ORIENTED_EDGE ( 'NONE', *, *, #70, .F. ) ;
#712 = CARTESIAN_POINT ( 'NONE',  ( -29.05182871386008259, 5.122621241174761586, 6.750000000000002665 ) ) ;
#713 = EDGE_LOOP ( 'NONE', ( #227, #1080 ) ) ;
#714 = CARTESIAN_POINT ( 'NONE',  ( -25.54774941164087210, 14.75000000000012434, -6.750000000000000888 ) ) ;
#715 = ORIENTED_EDGE ( 'NONE', *, *, #1347, .T. ) ;
#716 = LINE ( 'NONE', #1461, #765 ) ;
#717 = EDGE_CURVE ( 'NONE', #846, #692, #1909, .T. ) ;
#718 = EDGE_CURVE ( 'NONE', #432, #2227, #501, .T. ) ;
#719 = DIRECTION ( 'NONE',  ( -1.000000000000000000, 0.000000000000000000, 0.000000000000000000 ) ) ;
#720 = EDGE_CURVE ( 'NONE', #2143, #1849, #484, .T. ) ;
#721 = DIRECTION ( 'NONE',  ( -0.000000000000000000, -0.000000000000000000, -1.000000000000000000 ) ) ;
#722 = ORIENTED_EDGE ( 'NONE', *, *, #783, .T. ) ;
#723 =( NAMED_UNIT ( * ) SI_UNIT ( $, .STERADIAN. ) SOLID_ANGLE_UNIT ( ) );
#724 = AXIS2_PLACEMENT_3D ( 'NONE', #2203, #435, #800 ) ;
#725 = CARTESIAN_POINT ( 'NONE',  ( 5.050203106331699892E-15, 26.37560046349702247, 6.750000000000000888 ) ) ;
#726 = CIRCLE ( 'NONE', #1502, 1.499999999999995559 ) ;
#727 = AXIS2_PLACEMENT_3D ( 'NONE', #2182, #559, #207 ) ;
#728 = CIRCLE ( 'NONE', #2025, 19.00000000000001776 ) ;
#729 = ORIENTED_EDGE ( 'NONE', *, *, #1433, .F. ) ;
#730 = DIRECTION ( 'NONE',  ( -1.000000000000000000, 0.000000000000000000, 0.000000000000000000 ) ) ;
#731 = AXIS2_PLACEMENT_3D ( 'NONE', #419, #779, #772 ) ;
#732 = PLANE ( 'NONE',  #1839 ) ;
#733 = DIRECTION ( 'NONE',  ( -0.4999999999999917843, 0.8660254037844434816, 0.000000000000000000 ) ) ;
#734 = ORIENTED_EDGE ( 'NONE', *, *, #1904, .T. ) ;
#735 = FACE_OUTER_BOUND ( 'NONE', #374, .T. ) ;
#736 = EDGE_CURVE ( 'NONE', #2227, #2004, #446, .T. ) ;
#737 = DIRECTION ( 'NONE',  ( -1.000000000000000000, 0.000000000000000000, 0.000000000000000000 ) ) ;
#738 = CARTESIAN_POINT ( 'NONE',  ( 0.000000000000000000, 0.000000000000000000, 6.750000000000000888 ) ) ;
#739 = ORIENTED_EDGE ( 'NONE', *, *, #1148, .T. ) ;
#740 = DIRECTION ( 'NONE',  ( 0.000000000000000000, 0.000000000000000000, -1.000000000000000000 ) ) ;
#741 = DIRECTION ( 'NONE',  ( -0.5000000000000038858, -0.8660254037844362651, 0.000000000000000000 ) ) ;
#742 = DIRECTION ( 'NONE',  ( -0.7071067811865483499, 8.659560562354942719E-17, 0.7071067811865467956 ) ) ;
#743 = ORIENTED_EDGE ( 'NONE', *, *, #658, .T. ) ;
#744 = ORIENTED_EDGE ( 'NONE', *, *, #939, .F. ) ;
#745 = EDGE_CURVE ( 'NONE', #878, #2143, #2264, .T. ) ;
#746 = PLANE ( 'NONE',  #1986 ) ;
#747 = CARTESIAN_POINT ( 'NONE',  ( -2.010996139922117454, 18.39037505123858196, 5.950000000000000178 ) ) ;
#748 = ORIENTED_EDGE ( 'NONE', *, *, #1773, .F. ) ;
#749 = DIRECTION ( 'NONE',  ( -1.000000000000000000, 0.000000000000000000, 0.000000000000000000 ) ) ;
#750 = CARTESIAN_POINT ( 'NONE',  ( -18.11981512571183828, 26.37560046349702603, 6.750000000000000888 ) ) ;
#751 = CARTESIAN_POINT ( 'NONE',  ( -7.089594228107054974, -27.72093231318435613, 6.750000000000002665 ) ) ;
#752 = ORIENTED_EDGE ( 'NONE', *, *, #952, .F. ) ;
#753 = DIRECTION ( 'NONE',  ( 0.000000000000000000, 0.000000000000000000, -1.000000000000000000 ) ) ;
#754 = EDGE_LOOP ( 'NONE', ( #2111, #2183 ) ) ;
#755 = ORIENTED_EDGE ( 'NONE', *, *, #2236, .F. ) ;
#756 = DIRECTION ( 'NONE',  ( 0.000000000000000000, 0.000000000000000000, -1.000000000000000000 ) ) ;
#757 = AXIS2_PLACEMENT_3D ( 'NONE', #680, #503, #1048 ) ;
#758 = CARTESIAN_POINT ( 'NONE',  ( -13.78203247860110459, -28.88002044249249423, 6.750000000000000888 ) ) ;
#759 = CARTESIAN_POINT ( 'NONE',  ( -10.08959422810705497, -27.72093231318435613, 5.250000000000000000 ) ) ;
#760 = AXIS2_PLACEMENT_3D ( 'NONE', #901, #1616, #226 ) ;
#761 = EDGE_CURVE ( 'NONE', #651, #661, #697, .T. ) ;
#762 = CIRCLE ( 'NONE', #2099, 2.499999999999998668 ) ;
#763 = CARTESIAN_POINT ( 'NONE',  ( -10.08959422810705497, -27.72093231318435613, 5.250000000000000000 ) ) ;
#764 = VECTOR ( 'NONE', #1027, 1000.000000000000114 ) ;
#765 = VECTOR ( 'NONE', #1429, 1000.000000000000114 ) ;
#766 = CIRCLE ( 'NONE', #2030, 32.00000000000000000 ) ;
#767 = DIRECTION ( 'NONE',  ( -0.5000000000000044409, -0.8660254037844360431, 0.000000000000000000 ) ) ;
#768 = ORIENTED_EDGE ( 'NONE', *, *, #57, .T. ) ;
#769 = DIRECTION ( 'NONE',  ( 1.000000000000000000, 0.000000000000000000, 0.000000000000000000 ) ) ;
#770 = CARTESIAN_POINT ( 'NONE',  ( 0.000000000000000000, 0.000000000000000000, 6.750000000000000888 ) ) ;
#771 = PLANE ( 'NONE',  #870 ) ;
#772 = DIRECTION ( 'NONE',  ( -1.000000000000000000, 0.000000000000000000, 0.000000000000000000 ) ) ;
#773 = EDGE_CURVE ( 'NONE', #1005, #1232, #224, .T. ) ;
#774 = LINE ( 'NONE', #588, #1922 ) ;
#775 = ORIENTED_EDGE ( 'NONE', *, *, #1945, .T. ) ;
#776 = CARTESIAN_POINT ( 'NONE',  ( -29.05182871386008259, 5.122621241174761586, 5.250000000000000000 ) ) ;
#777 = CARTESIAN_POINT ( 'NONE',  ( 18.96223448575325676, 22.59831107200955458, 6.750000000000002665 ) ) ;
#778 = DIRECTION ( 'NONE',  ( 1.000000000000000000, 0.000000000000000000, 0.000000000000000000 ) ) ;
#779 = DIRECTION ( 'NONE',  ( 0.000000000000000000, 0.000000000000000000, -1.000000000000000000 ) ) ;
#780 = ADVANCED_FACE ( 'NONE', ( #848 ), #1802, .F. ) ;
#781 = CARTESIAN_POINT ( 'NONE',  ( 0.000000000000000000, 9.937800231748509461, 6.150000000000001243 ) ) ;
#782 = ORIENTED_EDGE ( 'NONE', *, *, #939, .T. ) ;
#783 = EDGE_CURVE ( 'NONE', #483, #636, #531, .T. ) ;
#784 = ORIENTED_EDGE ( 'NONE', *, *, #1928, .F. ) ;
#785 = CARTESIAN_POINT ( 'NONE',  ( 15.00000000000000000, 0.000000000000000000, 5.750000000000001776 ) ) ;
#786 = ADVANCED_FACE ( 'NONE', ( #2116 ), #1570, .F. ) ;
#787 = CARTESIAN_POINT ( 'NONE',  ( 25.00000000000000000, 3.061616997868383043E-15, 10.75000000000000000 ) ) ;
#788 = FACE_BOUND ( 'NONE', #2048, .T. ) ;
#789 = CARTESIAN_POINT ( 'NONE',  ( 17.03387165669360570, 20.30017774265265018, 6.750000000000002665 ) ) ;
#790 = AXIS2_PLACEMENT_3D ( 'NONE', #219, #230, #951 ) ;
#791 = AXIS2_PLACEMENT_3D ( 'NONE', #1389, #138, #1077 ) ;
#792 = CARTESIAN_POINT ( 'NONE',  ( -20.79952206050738894, 24.32017503617042564, 6.249881881594120614 ) ) ;
#793 = ORIENTED_EDGE ( 'NONE', *, *, #1484, .F. ) ;
#794 = ORIENTED_EDGE ( 'NONE', *, *, #406, .F. ) ;
#795 = CIRCLE ( 'NONE', #1175, 2.999999999999999112 ) ;
#796 = CONICAL_SURFACE ( 'NONE', #1471, 2.999999999999999556, 0.7853981633974492782 ) ;
#797 = AXIS2_PLACEMENT_3D ( 'NONE', #1608, #1643, #730 ) ;
#798 = DIRECTION ( 'NONE',  ( -0.000000000000000000, -0.000000000000000000, -1.000000000000000000 ) ) ;
#799 = AXIS2_PLACEMENT_3D ( 'NONE', #445, #1910, #256 ) ;
#800 = DIRECTION ( 'NONE',  ( -1.000000000000000000, 0.000000000000000000, 0.000000000000000000 ) ) ;
#801 = ADVANCED_FACE ( 'NONE', ( #144 ), #332, .F. ) ;
#802 = VECTOR ( 'NONE', #2162, 1000.000000000000000 ) ;
#803 = LINE ( 'NONE', #88, #537 ) ;
#804 = ORIENTED_EDGE ( 'NONE', *, *, #2113, .F. ) ;
#805 = CARTESIAN_POINT ( 'NONE',  ( 0.000000000000000000, 0.000000000000000000, 5.750000000000000888 ) ) ;
#806 = DIRECTION ( 'NONE',  ( -0.000000000000000000, -0.000000000000000000, -1.000000000000000000 ) ) ;
#807 = CARTESIAN_POINT ( 'NONE',  ( -20.33725549340481109, 24.70803656164277839, 6.250118535508188522 ) ) ;
#808 = EDGE_LOOP ( 'NONE', ( #695, #521, #307, #1736, #1808, #2303 ) ) ;
#809 = EDGE_LOOP ( 'NONE', ( #27, #277 ) ) ;
#810 = CARTESIAN_POINT ( 'NONE',  ( 28.30182871386016075, 6.421659346851014583, 5.250000000000000000 ) ) ;
#811 = DIRECTION ( 'NONE',  ( 0.000000000000000000, 0.000000000000000000, 1.000000000000000000 ) ) ;
#812 = ADVANCED_FACE ( 'NONE', ( #882 ), #523, .F. ) ;
#813 = ADVANCED_FACE ( 'NONE', ( #1076 ), #1176, .F. ) ;
#814 = DIRECTION ( 'NONE',  ( 0.4999999999999998335, 0.8660254037844387076, -0.000000000000000000 ) ) ;
#815 = VERTEX_POINT ( 'NONE', #2078 ) ;
#816 = DIRECTION ( 'NONE',  ( 1.000000000000000000, 0.000000000000000000, 0.000000000000000000 ) ) ;
#817 = DIRECTION ( 'NONE',  ( -1.000000000000000000, 0.000000000000000000, 0.000000000000000000 ) ) ;
#818 = FACE_OUTER_BOUND ( 'NONE', #289, .T. ) ;
#819 = ORIENTED_EDGE ( 'NONE', *, *, #494, .F. ) ;
#820 = ORIENTED_EDGE ( 'NONE', *, *, #1347, .F. ) ;
#821 = LINE ( 'NONE', #107, #1180 ) ;
#822 = DIRECTION ( 'NONE',  ( -0.5000000000000041078, -0.8660254037844362651, 0.000000000000000000 ) ) ;
#823 = CARTESIAN_POINT ( 'NONE',  ( 29.05182871386014654, 5.122621241174355688, 6.750000000000002665 ) ) ;
#824 = ORIENTED_EDGE ( 'NONE', *, *, #2069, .T. ) ;
#825 = CARTESIAN_POINT ( 'NONE',  ( -3.612708057484691604E-15, -29.50000000000000000, 6.750000000000000888 ) ) ;
#826 = CARTESIAN_POINT ( 'NONE',  ( 0.000000000000000000, 0.000000000000000000, -18.85547895472983626 ) ) ;
#827 = ORIENTED_EDGE ( 'NONE', *, *, #857, .T. ) ;
#828 = DIRECTION ( 'NONE',  ( -1.000000000000000000, 0.000000000000000000, -0.000000000000000000 ) ) ;
#829 = EDGE_CURVE ( 'NONE', #2276, #1793, #685, .T. ) ;
#830 = ORIENTED_EDGE ( 'NONE', *, *, #580, .F. ) ;
#831 = ORIENTED_EDGE ( 'NONE', *, *, #234, .F. ) ;
#832 = CIRCLE ( 'NONE', #1285, 1.499999999999994893 ) ;
#833 = DIRECTION ( 'NONE',  ( -0.5000000000000051070, -0.8660254037844358210, 0.000000000000000000 ) ) ;
#834 = CIRCLE ( 'NONE', #1649, 1.199999999999998623 ) ;
#835 = PRODUCT_DEFINITION ( 'UNKNOWN', '', #1842, #1382 ) ;
#836 = CARTESIAN_POINT ( 'NONE',  ( -12.30404616273752616, -29.54120143223807560, 6.607507166954769140 ) ) ;
#837 = CIRCLE ( 'NONE', #1994, 32.00000000000000000 ) ;
#838 = DIRECTION ( 'NONE',  ( -0.000000000000000000, -0.000000000000000000, -1.000000000000000000 ) ) ;
#839 = ORIENTED_EDGE ( 'NONE', *, *, #1785, .F. ) ;
#840 = PRESENTATION_LAYER_ASSIGNMENT (  '', '', ( #1295 ) ) ;
#841 = PLANE ( 'NONE',  #192 ) ;
#842 = ORIENTED_EDGE ( 'NONE', *, *, #617, .F. ) ;
#843 = DIRECTION ( 'NONE',  ( -1.000000000000000000, 0.000000000000000000, 0.000000000000000000 ) ) ;
#844 = EDGE_CURVE ( 'NONE', #1344, #1531, #1103, .T. ) ;
#845 = ORIENTED_EDGE ( 'NONE', *, *, #1031, .T. ) ;
#846 = VERTEX_POINT ( 'NONE', #1128 ) ;
#847 = ADVANCED_FACE ( 'NONE', ( #1612 ), #1548, .F. ) ;
#848 = FACE_OUTER_BOUND ( 'NONE', #1979, .T. ) ;
#849 = FACE_OUTER_BOUND ( 'NONE', #1591, .T. ) ;
#850 = CARTESIAN_POINT ( 'NONE',  ( 21.86183568186113391, 23.36792974611365992, 6.750000000000000888 ) ) ;
#851 = FACE_OUTER_BOUND ( 'NONE', #1558, .T. ) ;
#852 = EDGE_LOOP ( 'NONE', ( #522, #270, #1155, #1782, #1084, #972 ) ) ;
#853 = CARTESIAN_POINT ( 'NONE',  ( 0.000000000000000000, 0.000000000000000000, 10.25000000000001421 ) ) ;
#854 = VERTEX_POINT ( 'NONE', #29 ) ;
#855 = CARTESIAN_POINT ( 'NONE',  ( 0.000000000000000000, 0.000000000000000000, 5.950000000000000178 ) ) ;
#856 = ORIENTED_EDGE ( 'NONE', *, *, #1703, .F. ) ;
#857 = EDGE_CURVE ( 'NONE', #1731, #2272, #154, .T. ) ;
#858 = CARTESIAN_POINT ( 'NONE',  ( 2.500000000000000000, 19.87560046349701892, 6.150000000000001243 ) ) ;
#859 = DIRECTION ( 'NONE',  ( -1.000000000000000000, 0.000000000000000000, 0.000000000000000000 ) ) ;
#860 = VERTEX_POINT ( 'NONE', #380 ) ;
#861 = CARTESIAN_POINT ( 'NONE',  ( 26.50000000000000355, 3.245314017740486554E-15, 6.950000000000000178 ) ) ;
#862 = ORIENTED_EDGE ( 'NONE', *, *, #689, .F. ) ;
#863 = AXIS2_PLACEMENT_3D ( 'NONE', #414, #562, #1650 ) ;
#864 = DIRECTION ( 'NONE',  ( 0.7071067811865474617, 0.000000000000000000, 0.7071067811865474617 ) ) ;
#865 = CIRCLE ( 'NONE', #149, 2.999999999999999112 ) ;
#866 = CARTESIAN_POINT ( 'NONE',  ( -15.99999999999999645, 0.000000000000000000, 5.950000000000000178 ) ) ;
#867 = EDGE_LOOP ( 'NONE', ( #842, #1010, #633, #1466, #1640, #734 ) ) ;
#868 = AXIS2_PLACEMENT_3D ( 'NONE', #1422, #486, #1221 ) ;
#869 = FILL_AREA_STYLE ('',( #2301 ) ) ;
#870 = AXIS2_PLACEMENT_3D ( 'NONE', #54, #26, #920 ) ;
#871 = AXIS2_PLACEMENT_3D ( 'NONE', #991, #1530, #1187 ) ;
#872 = EDGE_CURVE ( 'NONE', #1275, #2213, #449, .T. ) ;
#873 = DIRECTION ( 'NONE',  ( -0.4999999999999924505, 0.8660254037844429265, 0.000000000000000000 ) ) ;
#874 = AXIS2_PLACEMENT_3D ( 'NONE', #823, #436, #1873 ) ;
#875 = VECTOR ( 'NONE', #156, 1000.000000000000000 ) ;
#876 = DIRECTION ( 'NONE',  ( -0.5000000000000042188, -0.8660254037844361541, 0.000000000000000000 ) ) ;
#877 = VECTOR ( 'NONE', #2192, 1000.000000000000000 ) ;
#878 = VERTEX_POINT ( 'NONE', #750 ) ;
#879 = CARTESIAN_POINT ( 'NONE',  ( 8.589594228107060303, -27.72093231318435613, 5.250000000000000000 ) ) ;
#880 = VERTEX_POINT ( 'NONE', #1462 ) ;
#881 = VERTEX_POINT ( 'NONE', #892 ) ;
#882 = FACE_OUTER_BOUND ( 'NONE', #988, .T. ) ;
#883 = DIRECTION ( 'NONE',  ( -0.4999999999999928946, 0.8660254037844428154, 0.000000000000000000 ) ) ;
#884 = VERTEX_POINT ( 'NONE', #1455 ) ;
#885 = DIRECTION ( 'NONE',  ( 0.000000000000000000, 0.000000000000000000, 1.000000000000000000 ) ) ;
#886 = ORIENTED_EDGE ( 'NONE', *, *, #182, .F. ) ;
#887 = ADVANCED_FACE ( 'NONE', ( #213, #1601 ), #732, .T. ) ;
#888 = DIRECTION ( 'NONE',  ( -0.4999999999999998890, -0.8660254037844387076, 0.000000000000000000 ) ) ;
#889 = ADVANCED_FACE ( 'NONE', ( #2157 ), #796, .F. ) ;
#890 = ORIENTED_EDGE ( 'NONE', *, *, #172, .F. ) ;
#891 = CARTESIAN_POINT ( 'NONE',  ( 17.21277491685818362, -9.937800231748505908, 5.950000000000000178 ) ) ;
#892 = CARTESIAN_POINT ( 'NONE',  ( 19.71223448575324255, 21.29927296633289657, 5.250000000000000000 ) ) ;
#893 = CARTESIAN_POINT ( 'NONE',  ( 25.00000000000000000, 3.061616997868383043E-15, 10.25000000000001421 ) ) ;
#894 = ORIENTED_EDGE ( 'NONE', *, *, #1571, .F. ) ;
#895 = ORIENTED_EDGE ( 'NONE', *, *, #1406, .T. ) ;
#896 = ORIENTED_EDGE ( 'NONE', *, *, #952, .T. ) ;
#897 = CARTESIAN_POINT ( 'NONE',  ( 22.84194004145703261, -13.18780023174850591, 6.750000000000000888 ) ) ;
#898 = ADVANCED_FACE ( 'NONE', ( #399, #558 ), #899, .T. ) ;
#899 = PLANE ( 'NONE',  #1993 ) ;
#900 = CIRCLE ( 'NONE', #1913, 26.50000000000000355 ) ;
#901 = CARTESIAN_POINT ( 'NONE',  ( 0.000000000000000000, 0.000000000000000000, 6.750000000000000888 ) ) ;
#902 = VERTEX_POINT ( 'NONE', #2167 ) ;
#903 = DIRECTION ( 'NONE',  ( -0.3535533905932684018, 0.6123724356957983561, 0.7071067811865467956 ) ) ;
#904 = AXIS2_PLACEMENT_3D ( 'NONE', #1378, #2238, #986 ) ;
#905 = CIRCLE ( 'NONE', #683, 2.999999999999999556 ) ;
#906 = CARTESIAN_POINT ( 'NONE',  ( 31.90184760431295885, 2.504419978995471752, 6.750000000000000888 ) ) ;
#907 = AXIS2_PLACEMENT_3D ( 'NONE', #104, #1894, #652 ) ;
#908 = DIRECTION ( 'NONE',  ( 1.000000000000000000, 0.000000000000000000, 0.000000000000000000 ) ) ;
#909 = CIRCLE ( 'NONE', #2206, 2.499999999999984901 ) ;
#910 = VERTEX_POINT ( 'NONE', #1282 ) ;
#911 = DIRECTION ( 'NONE',  ( 1.000000000000000000, 0.000000000000000000, 0.000000000000000000 ) ) ;
#912 = CIRCLE ( 'NONE', #1363, 26.50000000000000355 ) ;
#913 = EDGE_CURVE ( 'NONE', #1207, #1690, #1273, .T. ) ;
#914 = CARTESIAN_POINT ( 'NONE',  ( 0.000000000000000000, 0.000000000000000000, 6.750000000000000888 ) ) ;
#915 =( GEOMETRIC_REPRESENTATION_CONTEXT ( 3 ) GLOBAL_UNCERTAINTY_ASSIGNED_CONTEXT ( ( #703 ) ) GLOBAL_UNIT_ASSIGNED_CONTEXT ( ( #2228, #361, #723 ) ) REPRESENTATION_CONTEXT ( 'NONE', 'WORKASPACE' ) );
#916 = PLANE ( 'NONE',  #727 ) ;
#917 = ORIENTED_EDGE ( 'NONE', *, *, #1662, .F. ) ;
#918 = CARTESIAN_POINT ( 'NONE',  ( 17.21277491685818717, -9.937800231748504132, 6.750000000000000888 ) ) ;
#919 = DIRECTION ( 'NONE',  ( -0.000000000000000000, -0.000000000000000000, 1.000000000000000000 ) ) ;
#920 = DIRECTION ( 'NONE',  ( -1.000000000000000000, 0.000000000000000000, 0.000000000000000000 ) ) ;
#921 = VERTEX_POINT ( 'NONE', #39 ) ;
#922 = FACE_OUTER_BOUND ( 'NONE', #995, .T. ) ;
#923 = DIRECTION ( 'NONE',  ( -0.000000000000000000, -0.000000000000000000, 1.000000000000000000 ) ) ;
#924 = DIRECTION ( 'NONE',  ( -0.000000000000000000, -0.000000000000000000, -1.000000000000000000 ) ) ;
#925 = EDGE_LOOP ( 'NONE', ( #993, #1507, #2208, #831 ) ) ;
#926 = ORIENTED_EDGE ( 'NONE', *, *, #1747, .T. ) ;
#927 = CARTESIAN_POINT ( 'NONE',  ( -12.55110298608838804, -29.43585931873916550, 6.750000000000000888 ) ) ;
#928 = ADVANCED_FACE ( 'NONE', ( #1304 ), #1644, .F. ) ;
#929 = VERTEX_POINT ( 'NONE', #1094 ) ;
#930 = DIRECTION ( 'NONE',  ( 0.000000000000000000, 0.000000000000000000, -1.000000000000000000 ) ) ;
#931 = ORIENTED_EDGE ( 'NONE', *, *, #2165, .F. ) ;
#932 = DIRECTION ( 'NONE',  ( 1.000000000000000000, 0.000000000000000000, 0.000000000000000000 ) ) ;
#933 = DIRECTION ( 'NONE',  ( -0.4999999999999924505, 0.8660254037844429265, 0.000000000000000000 ) ) ;
#934 = CARTESIAN_POINT ( 'NONE',  ( -29.05182871386008259, 5.122621241174761586, 5.250000000000000000 ) ) ;
#935 = ORIENTED_EDGE ( 'NONE', *, *, #872, .F. ) ;
#936 = DIRECTION ( 'NONE',  ( 0.000000000000000000, 0.000000000000000000, -1.000000000000000000 ) ) ;
#937 = ORIENTED_EDGE ( 'NONE', *, *, #355, .T. ) ;
#938 = DIRECTION ( 'NONE',  ( -0.000000000000000000, -0.000000000000000000, 1.000000000000000000 ) ) ;
#939 = EDGE_CURVE ( 'NONE', #497, #1073, #1581, .T. ) ;
#940 = DIRECTION ( 'NONE',  ( 1.000000000000000000, 0.000000000000000000, 0.000000000000000000 ) ) ;
#941 = CARTESIAN_POINT ( 'NONE',  ( -31.22897939785243793, 6.987344259684713066, 6.607507166954768252 ) ) ;
#942 = AXIS2_PLACEMENT_3D ( 'NONE', #855, #1911, #1946 ) ;
#943 = AXIS2_PLACEMENT_3D ( 'NONE', #714, #1587, #1053 ) ;
#944 = AXIS2_PLACEMENT_3D ( 'NONE', #1923, #678, #1748 ) ;
#945 = LINE ( 'NONE', #1656, #1725 ) ;
#946 = CIRCLE ( 'NONE', #874, 2.999999999999999556 ) ;
#947 = AXIS2_PLACEMENT_3D ( 'NONE', #1280, #375, #749 ) ;
#948 = AXIS2_PLACEMENT_3D ( 'NONE', #1190, #1897, #284 ) ;
#949 = DIRECTION ( 'NONE',  ( 0.000000000000000000, 0.000000000000000000, -1.000000000000000000 ) ) ;
#950 = ORIENTED_EDGE ( 'NONE', *, *, #415, .F. ) ;
#951 = DIRECTION ( 'NONE',  ( 1.000000000000000000, 0.000000000000000000, 0.000000000000000000 ) ) ;
#952 = EDGE_CURVE ( 'NONE', #1207, #959, #569, .T. ) ;
#953 = CARTESIAN_POINT ( 'NONE',  ( -2.564702748853337599, 26.37560046349702247, 6.750000000000000888 ) ) ;
#954 = DIRECTION ( 'NONE',  ( 0.000000000000000000, 0.000000000000000000, 1.000000000000000000 ) ) ;
#955 = EDGE_CURVE ( 'NONE', #651, #2276, #762, .T. ) ;
#956 = FACE_OUTER_BOUND ( 'NONE', #1226, .T. ) ;
#957 = ADVANCED_FACE ( 'NONE', ( #1432 ), #2138, .T. ) ;
#958 = DIRECTION ( 'NONE',  ( -1.000000000000000000, 0.000000000000000000, 0.000000000000000000 ) ) ;
#959 = VERTEX_POINT ( 'NONE', #1323 ) ;
#960 = APPLICATION_CONTEXT ( 'automotive_design' ) ;
#961 = CARTESIAN_POINT ( 'NONE',  ( 9.563272065052034421, -30.53876162264338134, 6.607507166954772693 ) ) ;
#962 = CARTESIAN_POINT ( 'NONE',  ( -27.55182871386007193, 7.720697452528069604, 6.750000000000002665 ) ) ;
#963 = PLANE ( 'NONE',  #1290 ) ;
#964 = DIRECTION ( 'NONE',  ( -1.000000000000000000, 0.000000000000000000, 0.000000000000000000 ) ) ;
#965 = DIRECTION ( 'NONE',  ( -0.000000000000000000, -0.000000000000000000, -1.000000000000000000 ) ) ;
#966 = ORIENTED_EDGE ( 'NONE', *, *, #829, .T. ) ;
#967 = ADVANCED_FACE ( 'NONE', ( #269 ), #56, .T. ) ;
#968 = DIRECTION ( 'NONE',  ( 1.000000000000000000, 0.000000000000000000, 0.000000000000000000 ) ) ;
#969 = FACE_BOUND ( 'NONE', #2174, .T. ) ;
#970 = LINE ( 'NONE', #288, #764 ) ;
#971 = CLOSED_SHELL ( 'NONE', ( #1831, #847, #889, #318, #780, #1967, #367, #524, #242, #670, #2126, #1800, #567, #2216, #1630, #1654, #1420, #786, #390, #1316, #1562, #2067, #898, #1260, #887, #2292, #632, #1900, #1975, #1305, #584, #1840, #1751, #50, #957, #2124, #2018, #1002, #424, #1586, #1962, #1449, #2188, #928, #309, #258, #1063, #681, #2193, #1059, #430, #1735, #1867, #813, #812, #1205, #1343, #2267, #216, #179, #1093, #125, #967, #801 ) ) ;
#972 = ORIENTED_EDGE ( 'NONE', *, *, #1136, .F. ) ;
#973 = DIRECTION ( 'NONE',  ( 0.000000000000000000, 0.000000000000000000, 1.000000000000000000 ) ) ;
#974 = CIRCLE ( 'NONE', #2166, 2.499999999999984901 ) ;
#975 = DIRECTION ( 'NONE',  ( -1.000000000000000000, 0.000000000000000000, 0.000000000000000000 ) ) ;
#976 = CIRCLE ( 'NONE', #1499, 1.499999999999995781 ) ;
#977 = CARTESIAN_POINT ( 'NONE',  ( 0.000000000000000000, 0.000000000000000000, 6.750000000000000888 ) ) ;
#978 = EDGE_LOOP ( 'NONE', ( #526, #357, #311, #512, #170 ) ) ;
#979 = VERTEX_POINT ( 'NONE', #1149 ) ;
#980 = VECTOR ( 'NONE', #1452, 1000.000000000000000 ) ;
#981 = AXIS2_PLACEMENT_3D ( 'NONE', #21, #1446, #1832 ) ;
#982 = AXIS2_PLACEMENT_3D ( 'NONE', #693, #1409, #2112 ) ;
#983 = FACE_OUTER_BOUND ( 'NONE', #1741, .T. ) ;
#984 = EDGE_CURVE ( 'NONE', #959, #1039, #1664, .T. ) ;
#985 = CIRCLE ( 'NONE', #455, 1.200000000000000622 ) ;
#986 = DIRECTION ( 'NONE',  ( 1.000000000000000000, 0.000000000000000000, 0.000000000000000000 ) ) ;
#987 = CARTESIAN_POINT ( 'NONE',  ( 31.76775344529724521, 3.848355627902021237, 6.750000000000000888 ) ) ;
#988 = EDGE_LOOP ( 'NONE', ( #1835, #827, #1743, #1370 ) ) ;
#989 = DIRECTION ( 'NONE',  ( -0.000000000000000000, -0.000000000000000000, 1.000000000000000000 ) ) ;
#990 = LINE ( 'NONE', #268, #568 ) ;
#991 = CARTESIAN_POINT ( 'NONE',  ( 0.000000000000000000, 0.000000000000000000, 10.75000000000000000 ) ) ;
#992 = ORIENTED_EDGE ( 'NONE', *, *, #1131, .F. ) ;
#993 = ORIENTED_EDGE ( 'NONE', *, *, #2144, .F. ) ;
#994 = CARTESIAN_POINT ( 'NONE',  ( -13.78203247860110459, -28.88002044249249423, 6.750000000000000888 ) ) ;
#995 = EDGE_LOOP ( 'NONE', ( #1759, #1525, #575, #2040, #1770 ) ) ;
#996 = CARTESIAN_POINT ( 'NONE',  ( -18.96223448575294768, 22.59831107200982458, 6.750000000000002665 ) ) ;
#997 = FACE_BOUND ( 'NONE', #1003, .T. ) ;
#998 = EDGE_CURVE ( 'NONE', #2248, #1658, #1067, .T. ) ;
#999 = ORIENTED_EDGE ( 'NONE', *, *, #1787, .T. ) ;
#1000 = DIRECTION ( 'NONE',  ( 0.000000000000000000, 0.000000000000000000, -1.000000000000000000 ) ) ;
#1001 = DIRECTION ( 'NONE',  ( -0.3535533905932770060, -0.6123724356957935822, 0.7071067811865467956 ) ) ;
#1002 = ADVANCED_FACE ( 'NONE', ( #956 ), #1483, .F. ) ;
#1003 = EDGE_LOOP ( 'NONE', ( #1042, #1733 ) ) ;
#1004 = CARTESIAN_POINT ( 'NONE',  ( -26.50000000000000355, 0.000000000000000000, 6.950000000000000178 ) ) ;
#1005 = VERTEX_POINT ( 'NONE', #2231 ) ;
#1006 = VERTEX_POINT ( 'NONE', #2031 ) ;
#1007 = CARTESIAN_POINT ( 'NONE',  ( -17.21277491685818362, -9.937800231748505908, 6.150000000000001243 ) ) ;
#1008 = DIRECTION ( 'NONE',  ( -0.000000000000000000, -0.000000000000000000, -1.000000000000000000 ) ) ;
#1009 = FACE_BOUND ( 'NONE', #565, .T. ) ;
#1010 = ORIENTED_EDGE ( 'NONE', *, *, #194, .F. ) ;
#1011 = DIRECTION ( 'NONE',  ( -0.5000000000000038858, -0.8660254037844362651, 0.000000000000000000 ) ) ;
#1012 = EDGE_CURVE ( 'NONE', #910, #2086, #43, .T. ) ;
#1013 = AXIS2_PLACEMENT_3D ( 'NONE', #1391, #1752, #2109 ) ;
#1014 = DIRECTION ( 'NONE',  ( -0.000000000000000000, -0.000000000000000000, -1.000000000000000000 ) ) ;
#1015 = ORIENTED_EDGE ( 'NONE', *, *, #1377, .T. ) ;
#1016 = DIRECTION ( 'NONE',  ( -1.000000000000000000, 0.000000000000000000, 0.000000000000000000 ) ) ;
#1017 = CIRCLE ( 'NONE', #863, 15.00000000000000000 ) ;
#1018 = VERTEX_POINT ( 'NONE', #2015 ) ;
#1019 = ORIENTED_EDGE ( 'NONE', *, *, #630, .T. ) ;
#1020 = CIRCLE ( 'NONE', #1315, 1.200000000000000622 ) ;
#1021 = DIRECTION ( 'NONE',  ( 0.4999999999999911182, -0.8660254037844438146, 0.000000000000000000 ) ) ;
#1022 = VECTOR ( 'NONE', #428, 1000.000000000000000 ) ;
#1023 = CIRCLE ( 'NONE', #760, 26.50000000000000355 ) ;
#1024 = CIRCLE ( 'NONE', #1322, 25.00000000000000000 ) ;
#1025 = DIRECTION ( 'NONE',  ( -1.000000000000000000, 0.000000000000000000, 0.000000000000000000 ) ) ;
#1026 = AXIS2_PLACEMENT_3D ( 'NONE', #1235, #1942, #329 ) ;
#1027 = DIRECTION ( 'NONE',  ( 0.3535533905932770615, 0.6123724356957934711, 0.7071067811865466846 ) ) ;
#1028 = EDGE_LOOP ( 'NONE', ( #1997, #511, #1040, #845, #1203, #447, #175, #621 ) ) ;
#1029 = VECTOR ( 'NONE', #1701, 1000.000000000000114 ) ;
#1030 = DIRECTION ( 'NONE',  ( 0.000000000000000000, 0.000000000000000000, -1.000000000000000000 ) ) ;
#1031 = EDGE_CURVE ( 'NONE', #1888, #1232, #1441, .T. ) ;
#1032 = ORIENTED_EDGE ( 'NONE', *, *, #717, .F. ) ;
#1033 = DIRECTION ( 'NONE',  ( -0.3535533905932770060, -0.6123724356957935822, 0.7071067811865467956 ) ) ;
#1034 = ORIENTED_EDGE ( 'NONE', *, *, #1662, .T. ) ;
#1035 = VERTEX_POINT ( 'NONE', #429 ) ;
#1036 = EDGE_CURVE ( 'NONE', #2276, #1197, #1160, .T. ) ;
#1037 = DIRECTION ( 'NONE',  ( -0.000000000000000000, -0.000000000000000000, -1.000000000000000000 ) ) ;
#1038 = DIRECTION ( 'NONE',  ( -0.000000000000000000, -0.000000000000000000, -1.000000000000000000 ) ) ;
#1039 = VERTEX_POINT ( 'NONE', #252 ) ;
#1040 = ORIENTED_EDGE ( 'NONE', *, *, #417, .T. ) ;
#1041 = FACE_BOUND ( 'NONE', #754, .T. ) ;
#1042 = ORIENTED_EDGE ( 'NONE', *, *, #415, .T. ) ;
#1043 = DIRECTION ( 'NONE',  ( -0.000000000000000000, -0.000000000000000000, -1.000000000000000000 ) ) ;
#1044 = ORIENTED_EDGE ( 'NONE', *, *, #696, .F. ) ;
#1045 = ORIENTED_EDGE ( 'NONE', *, *, #507, .F. ) ;
#1046 = DIRECTION ( 'NONE',  ( -0.4999999999999924505, 0.8660254037844429265, 0.000000000000000000 ) ) ;
#1047 = EDGE_CURVE ( 'NONE', #1874, #1356, #1291, .T. ) ;
#1048 = DIRECTION ( 'NONE',  ( 1.000000000000000000, 0.000000000000000000, 0.000000000000000000 ) ) ;
#1049 = EDGE_LOOP ( 'NONE', ( #1699, #1057 ) ) ;
#1050 = APPLICATION_PROTOCOL_DEFINITION ( 'draft international standard', 'automotive_design', 1998, #960 ) ;
#1051 = PLANE ( 'NONE',  #2164 ) ;
#1052 = UNCERTAINTY_MEASURE_WITH_UNIT (LENGTH_MEASURE( 1.000000000000000082E-05 ), #325, 'distance_accuracy_value', 'NONE');
#1053 = DIRECTION ( 'NONE',  ( 0.5000000000000044409, 0.8660254037844361541, 0.000000000000000000 ) ) ;
#1054 = VERTEX_POINT ( 'NONE', #1312 ) ;
#1055 = CARTESIAN_POINT ( 'NONE',  ( 0.000000000000000000, 0.000000000000000000, 10.75000000000000000 ) ) ;
#1056 = VERTEX_POINT ( 'NONE', #1698 ) ;
#1057 = ORIENTED_EDGE ( 'NONE', *, *, #1267, .T. ) ;
#1058 = CARTESIAN_POINT ( 'NONE',  ( 0.000000000000000000, 0.000000000000000000, -18.85547895472983626 ) ) ;
#1059 = ADVANCED_FACE ( 'NONE', ( #1519 ), #412, .T. ) ;
#1060 = DIRECTION ( 'NONE',  ( 1.000000000000000000, 0.000000000000000000, 0.000000000000000000 ) ) ;
#1061 = ORIENTED_EDGE ( 'NONE', *, *, #1111, .F. ) ;
#1062 = VECTOR ( 'NONE', #1201, 1000.000000000000000 ) ;
#1063 = ADVANCED_FACE ( 'NONE', ( #1342, #818 ), #1172, .T. ) ;
#1064 = DIRECTION ( 'NONE',  ( -0.7071067811865483499, 8.659560562354942719E-17, 0.7071067811865467956 ) ) ;
#1065 = ORIENTED_EDGE ( 'NONE', *, *, #1281, .F. ) ;
#1066 = CIRCLE ( 'NONE', #1401, 2.999999999999998668 ) ;
#1067 = CIRCLE ( 'NONE', #2140, 26.50000000000000355 ) ;
#1068 = CARTESIAN_POINT ( 'NONE',  ( 20.33889782808479652, 24.70668465970754824, 6.249881881594125943 ) ) ;
#1069 = AXIS2_PLACEMENT_3D ( 'NONE', #2241, #302, #1193 ) ;
#1070 = CIRCLE ( 'NONE', #46, 32.00000000000000000 ) ;
#1071 = CARTESIAN_POINT ( 'NONE',  ( -18.96223448575294768, 22.59831107200982458, 5.250000000000000000 ) ) ;
#1072 = AXIS2_PLACEMENT_3D ( 'NONE', #335, #353, #1254 ) ;
#1073 = VERTEX_POINT ( 'NONE', #459 ) ;
#1074 = CARTESIAN_POINT ( 'NONE',  ( 31.73545398000021578, 4.114984169851608087, 6.607507166954770916 ) ) ;
#1075 = ORIENTED_EDGE ( 'NONE', *, *, #116, .T. ) ;
#1076 = FACE_OUTER_BOUND ( 'NONE', #2233, .T. ) ;
#1077 = DIRECTION ( 'NONE',  ( 1.000000000000000000, 0.000000000000000000, 0.000000000000000000 ) ) ;
#1078 = VERTEX_POINT ( 'NONE', #223 ) ;
#1079 = SURFACE_SIDE_STYLE ('',( #527 ) ) ;
#1080 = ORIENTED_EDGE ( 'NONE', *, *, #1887, .T. ) ;
#1081 = DIRECTION ( 'NONE',  ( -0.5000000000000001110, 0.8660254037844385966, 0.000000000000000000 ) ) ;
#1082 = EDGE_CURVE ( 'NONE', #1520, #1793, #945, .T. ) ;
#1083 = DIRECTION ( 'NONE',  ( 0.000000000000000000, 0.000000000000000000, -1.000000000000000000 ) ) ;
#1084 = ORIENTED_EDGE ( 'NONE', *, *, #341, .T. ) ;
#1085 = DIRECTION ( 'NONE',  ( -0.000000000000000000, -0.000000000000000000, -1.000000000000000000 ) ) ;
#1086 = CARTESIAN_POINT ( 'NONE',  ( 18.96223448575325676, 22.59831107200955458, 6.750000000000002665 ) ) ;
#1087 = DIRECTION ( 'NONE',  ( -1.000000000000000000, 0.000000000000000000, 0.000000000000000000 ) ) ;
#1088 = ORIENTED_EDGE ( 'NONE', *, *, #321, .T. ) ;
#1089 = DIRECTION ( 'NONE',  ( -1.000000000000000000, 0.000000000000000000, 0.000000000000000000 ) ) ;
#1090 = EDGE_CURVE ( 'NONE', #878, #1426, #774, .T. ) ;
#1091 = FACE_OUTER_BOUND ( 'NONE', #1284, .T. ) ;
#1092 = CARTESIAN_POINT ( 'NONE',  ( 14.92103390953509745, -10.93676126970428797, 5.950000000000000178 ) ) ;
#1093 = ADVANCED_FACE ( 'NONE', ( #1846 ), #235, .T. ) ;
#1094 = CARTESIAN_POINT ( 'NONE',  ( 9.063533798130066543, -24.90185445082662596, 6.750000000000002665 ) ) ;
#1095 = AXIS2_PLACEMENT_3D ( 'NONE', #1927, #2291, #2132 ) ;
#1096 = FACE_OUTER_BOUND ( 'NONE', #330, .T. ) ;
#1097 = ORIENTED_EDGE ( 'NONE', *, *, #1609, .T. ) ;
#1098 = AXIS2_PLACEMENT_3D ( 'NONE', #1309, #2012, #1838 ) ;
#1099 = AXIS2_PLACEMENT_3D ( 'NONE', #515, #721, #313 ) ;
#1100 = CARTESIAN_POINT ( 'NONE',  ( 10.08959422810705497, -27.72093231318435613, 5.250000000000000000 ) ) ;
#1101 = ORIENTED_EDGE ( 'NONE', *, *, #218, .F. ) ;
#1102 = VECTOR ( 'NONE', #61, 1000.000000000000000 ) ;
#1103 = CIRCLE ( 'NONE', #1619, 32.00000000000000000 ) ;
#1104 = LINE ( 'NONE', #211, #2170 ) ;
#1105 = AXIS2_PLACEMENT_3D ( 'NONE', #593, #1127, #240 ) ;
#1106 = VERTEX_POINT ( 'NONE', #1395 ) ;
#1107 = FACE_OUTER_BOUND ( 'NONE', #2114, .T. ) ;
#1108 = EDGE_CURVE ( 'NONE', #884, #303, #728, .T. ) ;
#1109 = AXIS2_PLACEMENT_3D ( 'NONE', #272, #656, #1886 ) ;
#1110 = DIRECTION ( 'NONE',  ( 0.000000000000000000, 0.000000000000000000, -1.000000000000000000 ) ) ;
#1111 = EDGE_CURVE ( 'NONE', #921, #426, #1024, .T. ) ;
#1112 = B_SPLINE_CURVE_WITH_KNOTS ( 'NONE', 3,
 ( #1713, #2051, #2081, #643, #450, #1164, #1554, #1889, #836, #1365 ),
 .UNSPECIFIED., .F., .F.,
 ( 4, 2, 2, 2, 4 ),
 ( 4.230254206541896503E-07, 0.0009056207840406266859, 0.001810818542660599028, 0.002716016301280571588, 0.003621214059900543930 ),
 .UNSPECIFIED. ) ;
#1113 = DIRECTION ( 'NONE',  ( -0.7071067811865401342, 0.000000000000000000, -0.7071067811865549002 ) ) ;
#1114 = ORIENTED_EDGE ( 'NONE', *, *, #1945, .F. ) ;
#1115 = CARTESIAN_POINT ( 'NONE',  ( -24.50000000000002487, 0.000000000000000000, 10.75000000000000000 ) ) ;
#1116 = CARTESIAN_POINT ( 'NONE',  ( 15.99999999999999645, 1.959434878635764737E-15, 5.950000000000000178 ) ) ;
#1117 = DIRECTION ( 'NONE',  ( -0.4999999999999924505, 0.8660254037844429265, 0.000000000000000000 ) ) ;
#1118 = ORIENTED_EDGE ( 'NONE', *, *, #2278, .F. ) ;
#1119 = FACE_OUTER_BOUND ( 'NONE', #1387, .T. ) ;
#1120 = DIRECTION ( 'NONE',  ( -0.000000000000000000, -0.000000000000000000, 1.000000000000000000 ) ) ;
#1121 = LINE ( 'NONE', #2009, #487 ) ;
#1122 = VERTEX_POINT ( 'NONE', #1198 ) ;
#1123 = EDGE_CURVE ( 'NONE', #2248, #636, #1577, .T. ) ;
#1124 = ORIENTED_EDGE ( 'NONE', *, *, #101, .F. ) ;
#1125 = DIRECTION ( 'NONE',  ( 0.000000000000000000, 0.000000000000000000, 1.000000000000000000 ) ) ;
#1126 = DIRECTION ( 'NONE',  ( 0.000000000000000000, 0.000000000000000000, 1.000000000000000000 ) ) ;
#1127 = DIRECTION ( 'NONE',  ( 0.000000000000000000, 0.000000000000000000, 1.000000000000000000 ) ) ;
#1128 = CARTESIAN_POINT ( 'NONE',  ( 11.58959422810704964, -27.72093231318435613, 5.250000000000000000 ) ) ;
#1129 = DIRECTION ( 'NONE',  ( 0.000000000000000000, 0.000000000000000000, 1.000000000000000000 ) ) ;
#1130 = EDGE_LOOP ( 'NONE', ( #1486, #1335, #2102, #1723 ) ) ;
#1131 = EDGE_CURVE ( 'NONE', #2214, #1275, #72, .T. ) ;
#1132 = EDGE_CURVE ( 'NONE', #1690, #1039, #1918, .T. ) ;
#1133 = DIRECTION ( 'NONE',  ( 1.000000000000000000, 0.000000000000000000, 0.000000000000000000 ) ) ;
#1134 = AXIS2_PLACEMENT_3D ( 'NONE', #554, #919, #1827 ) ;
#1135 = DIRECTION ( 'NONE',  ( 0.000000000000000000, 0.000000000000000000, 1.000000000000000000 ) ) ;
#1136 = EDGE_CURVE ( 'NONE', #497, #657, #308, .T. ) ;
#1137 = CIRCLE ( 'NONE', #71, 1.200000000000001288 ) ;
#1138 = CARTESIAN_POINT ( 'NONE',  ( 18.11981512571184538, 26.37560046349701892, 6.750000000000000888 ) ) ;
#1139 = CIRCLE ( 'NONE', #868, 26.50000000000000355 ) ;
#1140 = AXIS2_PLACEMENT_3D ( 'NONE', #977, #1491, #2197 ) ;
#1141 = DIRECTION ( 'NONE',  ( -1.000000000000000000, 0.000000000000000000, 0.000000000000000000 ) ) ;
#1142 = AXIS2_PLACEMENT_3D ( 'NONE', #2072, #1963, #1706 ) ;
#1143 = ORIENTED_EDGE ( 'NONE', *, *, #147, .F. ) ;
#1144 = EDGE_LOOP ( 'NONE', ( #1588, #635, #253, #711 ) ) ;
#1145 = CARTESIAN_POINT ( 'NONE',  ( -1.200000000000004174, -29.50000000000000000, 6.750000000000000888 ) ) ;
#1146 = CYLINDRICAL_SURFACE ( 'NONE', #1360, 2.499999999999998668 ) ;
#1147 = CARTESIAN_POINT ( 'NONE',  ( -17.21277491685818717, -9.937800231748504132, 5.950000000000000178 ) ) ;
#1148 = EDGE_CURVE ( 'NONE', #2115, #2289, #1218, .T. ) ;
#1149 = CARTESIAN_POINT ( 'NONE',  ( 29.80182871386012877, 3.823583135497695906, 5.250000000000000000 ) ) ;
#1150 = VERTEX_POINT ( 'NONE', #1227 ) ;
#1151 = DIRECTION ( 'NONE',  ( -1.000000000000000000, 0.000000000000000000, 0.000000000000000000 ) ) ;
#1152 = ORIENTED_EDGE ( 'NONE', *, *, #1663, .F. ) ;
#1153 = CARTESIAN_POINT ( 'NONE',  ( 0.000000000000000000, 0.000000000000000000, 10.75000000000000000 ) ) ;
#1154 = FACE_BOUND ( 'NONE', #1825, .T. ) ;
#1155 = ORIENTED_EDGE ( 'NONE', *, *, #2023, .T. ) ;
#1156 = CARTESIAN_POINT ( 'NONE',  ( -31.76775344529723100, 3.848355627902542153, 6.750000000000002665 ) ) ;
#1157 = EDGE_CURVE ( 'NONE', #657, #1668, #1504, .T. ) ;
#1158 = CARTESIAN_POINT ( 'NONE',  ( 0.000000000000000000, 0.000000000000000000, 5.250000000000000000 ) ) ;
#1159 = EDGE_CURVE ( 'NONE', #208, #2258, #293, .T. ) ;
#1160 = LINE ( 'NONE', #1864, #1361 ) ;
#1161 = ORIENTED_EDGE ( 'NONE', *, *, #194, .T. ) ;
#1162 = ORIENTED_EDGE ( 'NONE', *, *, #857, .F. ) ;
#1163 = CYLINDRICAL_SURFACE ( 'NONE', #201, 1.200000000000000622 ) ;
#1164 = CARTESIAN_POINT ( 'NONE',  ( -11.22915959331481872, -29.96659818136463116, 6.250118535508192963 ) ) ;
#1165 = EDGE_LOOP ( 'NONE', ( #1118, #1410, #2262, #1756, #2297 ) ) ;
#1166 = CARTESIAN_POINT ( 'NONE',  ( 14.71277491685819783, -9.937800231748504132, 5.950000000000000178 ) ) ;
#1167 = ORIENTED_EDGE ( 'NONE', *, *, #1451, .T. ) ;
#1168 = DIRECTION ( 'NONE',  ( 1.000000000000000000, 0.000000000000000000, 0.000000000000000000 ) ) ;
#1169 = CIRCLE ( 'NONE', #1098, 25.00000000000000000 ) ;
#1170 = DIRECTION ( 'NONE',  ( -0.5000000000000051070, -0.8660254037844358210, 0.000000000000000000 ) ) ;
#1171 = CIRCLE ( 'NONE', #942, 18.50000000000000000 ) ;
#1172 = PLANE ( 'NONE',  #871 ) ;
#1173 = ORIENTED_EDGE ( 'NONE', *, *, #1492, .F. ) ;
#1174 = ORIENTED_EDGE ( 'NONE', *, *, #2092, .T. ) ;
#1175 = AXIS2_PLACEMENT_3D ( 'NONE', #495, #1225, #1929 ) ;
#1176 = CONICAL_SURFACE ( 'NONE', #1257, 2.999999999999999112, 0.7853981633974492782 ) ;
#1177 = AXIS2_PLACEMENT_3D ( 'NONE', #20, #740, #1454 ) ;
#1178 = DIRECTION ( 'NONE',  ( -0.000000000000000000, -0.000000000000000000, -1.000000000000000000 ) ) ;
#1179 = EDGE_CURVE ( 'NONE', #1277, #2143, #912, .T. ) ;
#1180 = VECTOR ( 'NONE', #798, 1000.000000000000000 ) ;
#1181 = CYLINDRICAL_SURFACE ( 'NONE', #1250, 18.50000000000000000 ) ;
#1182 = CARTESIAN_POINT ( 'NONE',  ( 26.14774941164106536, 13.71076951545842526, 6.750000000000000888 ) ) ;
#1183 = ORIENTED_EDGE ( 'NONE', *, *, #1677, .T. ) ;
#1184 = DIRECTION ( 'NONE',  ( -0.000000000000000000, -0.000000000000000000, -1.000000000000000000 ) ) ;
#1185 = CARTESIAN_POINT ( 'NONE',  ( 0.000000000000000000, 19.87560046349701892, 6.150000000000001243 ) ) ;
#1186 = ORIENTED_EDGE ( 'NONE', *, *, #1433, .T. ) ;
#1187 = DIRECTION ( 'NONE',  ( 1.000000000000000000, 0.000000000000000000, 0.000000000000000000 ) ) ;
#1188 = ORIENTED_EDGE ( 'NONE', *, *, #2144, .T. ) ;
#1189 = EDGE_LOOP ( 'NONE', ( #2063, #752, #1546, #1560 ) ) ;
#1190 = CARTESIAN_POINT ( 'NONE',  ( 0.000000000000000000, 0.000000000000000000, 5.250000000000000000 ) ) ;
#1191 = CYLINDRICAL_SURFACE ( 'NONE', #1213, 1.200000000000000178 ) ;
#1192 = EDGE_CURVE ( 'NONE', #1384, #2213, #2087, .T. ) ;
#1193 = DIRECTION ( 'NONE',  ( -0.5000000000000041078, -0.8660254037844362651, 0.000000000000000000 ) ) ;
#1194 = ORIENTED_EDGE ( 'NONE', *, *, #1255, .T. ) ;
#1195 = SURFACE_STYLE_USAGE ( .BOTH. , #1079 ) ;
#1196 = CARTESIAN_POINT ( 'NONE',  ( -2.010996139922138326, 18.39037505123857486, 6.150000000000001243 ) ) ;
#1197 = VERTEX_POINT ( 'NONE', #1212 ) ;
#1198 = CARTESIAN_POINT ( 'NONE',  ( -14.71277491685818362, -9.937800231748505908, 5.250000000000000000 ) ) ;
#1199 = ORIENTED_EDGE ( 'NONE', *, *, #1036, .F. ) ;
#1200 = ORIENTED_EDGE ( 'NONE', *, *, #1209, .F. ) ;
#1201 = DIRECTION ( 'NONE',  ( -0.000000000000000000, -0.000000000000000000, 1.000000000000000000 ) ) ;
#1202 = CARTESIAN_POINT ( 'NONE',  ( 0.000000000000000000, 0.000000000000000000, 10.75000000000000000 ) ) ;
#1203 = ORIENTED_EDGE ( 'NONE', *, *, #1374, .T. ) ;
#1204 = LINE ( 'NONE', #525, #1837 ) ;
#1205 = ADVANCED_FACE ( 'NONE', ( #1734 ), #1567, .F. ) ;
#1206 = CARTESIAN_POINT ( 'NONE',  ( -2.010996139922138326, 18.39037505123857486, 8.250000000000000000 ) ) ;
#1207 = VERTEX_POINT ( 'NONE', #1931 ) ;
#1208 = APPLICATION_CONTEXT ( 'automotive_design' ) ;
#1209 = EDGE_CURVE ( 'NONE', #929, #1668, #1551, .T. ) ;
#1210 = CARTESIAN_POINT ( 'NONE',  ( 17.21277491685818717, -9.937800231748504132, 5.250000000000000000 ) ) ;
#1211 = ORIENTED_EDGE ( 'NONE', *, *, #2236, .T. ) ;
#1212 = CARTESIAN_POINT ( 'NONE',  ( -16.93203004945722157, -7.453613781534278004, 5.950000000000000178 ) ) ;
#1213 = AXIS2_PLACEMENT_3D ( 'NONE', #60, #1898, #285 ) ;
#1214 = ORIENTED_EDGE ( 'NONE', *, *, #2113, .T. ) ;
#1215 = AXIS2_PLACEMENT_3D ( 'NONE', #421, #1550, #1935 ) ;
#1216 = CARTESIAN_POINT ( 'NONE',  ( -19.71277491685818362, -9.937800231748505908, 6.750000000000000888 ) ) ;
#1217 = CIRCLE ( 'NONE', #533, 2.500000000000000444 ) ;
#1218 = CIRCLE ( 'NONE', #1805, 2.500000000000000000 ) ;
#1219 = AXIS2_PLACEMENT_3D ( 'NONE', #476, #466, #1380 ) ;
#1220 = CIRCLE ( 'NONE', #493, 2.500000000000000444 ) ;
#1221 = DIRECTION ( 'NONE',  ( -1.000000000000000000, 0.000000000000000000, 0.000000000000000000 ) ) ;
#1222 = AXIS2_PLACEMENT_3D ( 'NONE', #1858, #623, #833 ) ;
#1223 = DIRECTION ( 'NONE',  ( 1.000000000000000000, 0.000000000000000000, 0.000000000000000000 ) ) ;
#1224 = AXIS2_PLACEMENT_3D ( 'NONE', #826, #672, #1707 ) ;
#1225 = DIRECTION ( 'NONE',  ( -0.000000000000000000, -0.000000000000000000, 1.000000000000000000 ) ) ;
#1226 = EDGE_LOOP ( 'NONE', ( #139, #1167 ) ) ;
#1227 = CARTESIAN_POINT ( 'NONE',  ( -18.21223448575294057, 23.89734917768647193, 5.250000000000000000 ) ) ;
#1228 = ORIENTED_EDGE ( 'NONE', *, *, #1390, .T. ) ;
#1229 = EDGE_LOOP ( 'NONE', ( #1566, #2108, #1124, #654 ) ) ;
#1230 = DIRECTION ( 'NONE',  ( 0.000000000000000000, 0.000000000000000000, -1.000000000000000000 ) ) ;
#1231 = CARTESIAN_POINT ( 'NONE',  ( -3.612708057484691604E-15, -29.50000000000000000, 5.249999999999999112 ) ) ;
#1232 = VERTEX_POINT ( 'NONE', #510 ) ;
#1233 = CARTESIAN_POINT ( 'NONE',  ( 0.000000000000000000, 0.000000000000000000, 5.750000000000001776 ) ) ;
#1234 = ORIENTED_EDGE ( 'NONE', *, *, #513, .T. ) ;
#1235 = CARTESIAN_POINT ( 'NONE',  ( 0.000000000000000000, 0.000000000000000000, 6.150000000000001243 ) ) ;
#1236 = EDGE_CURVE ( 'NONE', #2074, #1882, #1402, .T. ) ;
#1237 = ORIENTED_EDGE ( 'NONE', *, *, #2278, .T. ) ;
#1238 = EDGE_CURVE ( 'NONE', #1658, #1874, #1757, .T. ) ;
#1239 = DIRECTION ( 'NONE',  ( -0.000000000000000000, -0.000000000000000000, -1.000000000000000000 ) ) ;
#1240 = DIRECTION ( 'NONE',  ( 0.5000000000000001110, -0.8660254037844385966, 0.000000000000000000 ) ) ;
#1241 = ORIENTED_EDGE ( 'NONE', *, *, #745, .T. ) ;
#1242 = DIRECTION ( 'NONE',  ( 0.000000000000000000, 0.000000000000000000, 1.000000000000000000 ) ) ;
#1243 = DIRECTION ( 'NONE',  ( 0.000000000000000000, 0.000000000000000000, 1.000000000000000000 ) ) ;
#1244 = DIRECTION ( 'NONE',  ( 0.000000000000000000, 0.000000000000000000, 1.000000000000000000 ) ) ;
#1245 = ORIENTED_EDGE ( 'NONE', *, *, #491, .T. ) ;
#1246 = LINE ( 'NONE', #1777, #2175 ) ;
#1247 = EDGE_LOOP ( 'NONE', ( #966, #1968, #1351 ) ) ;
#1248 = VERTEX_POINT ( 'NONE', #879 ) ;
#1249 = CARTESIAN_POINT ( 'NONE',  ( 25.54774941164107815, 14.74999999999975842, -6.750000000000000888 ) ) ;
#1250 = AXIS2_PLACEMENT_3D ( 'NONE', #2068, #423, #1327 ) ;
#1251 = DIRECTION ( 'NONE',  ( -0.000000000000000000, -0.000000000000000000, 1.000000000000000000 ) ) ;
#1252 = VERTEX_POINT ( 'NONE', #1589 ) ;
#1253 = VECTOR ( 'NONE', #2127, 1000.000000000000000 ) ;
#1254 = DIRECTION ( 'NONE',  ( -1.000000000000000000, 0.000000000000000000, 0.000000000000000000 ) ) ;
#1255 = EDGE_CURVE ( 'NONE', #1543, #369, #1220, .T. ) ;
#1256 = AXIS2_PLACEMENT_3D ( 'NONE', #220, #36, #1117 ) ;
#1257 = AXIS2_PLACEMENT_3D ( 'NONE', #1780, #1375, #173 ) ;
#1258 = DIRECTION ( 'NONE',  ( 0.000000000000000000, 0.000000000000000000, 1.000000000000000000 ) ) ;
#1259 = AXIS2_PLACEMENT_3D ( 'NONE', #389, #1085, #1789 ) ;
#1260 = ADVANCED_FACE ( 'NONE', ( #1417 ), #2123, .T. ) ;
#1261 = FACE_OUTER_BOUND ( 'NONE', #1028, .T. ) ;
#1262 = CIRCLE ( 'NONE', #416, 3.000000000000000000 ) ;
#1263 = DIRECTION ( 'NONE',  ( 0.4999999999999998335, 0.8660254037844387076, 0.000000000000000000 ) ) ;
#1264 = DIRECTION ( 'NONE',  ( 0.000000000000000000, 0.000000000000000000, 1.000000000000000000 ) ) ;
#1265 = EDGE_LOOP ( 'NONE', ( #1358, #1408, #316, #2159, #394, #1300 ) ) ;
#1266 = LINE ( 'NONE', #2057, #1845 ) ;
#1267 = EDGE_CURVE ( 'NONE', #303, #884, #1843, .T. ) ;
#1268 = EDGE_CURVE ( 'NONE', #1313, #106, #1880, .T. ) ;
#1269 = LINE ( 'NONE', #1405, #1676 ) ;
#1270 = PLANE ( 'NONE',  #1510 ) ;
#1271 = ORIENTED_EDGE ( 'NONE', *, *, #601, .T. ) ;
#1272 = DIRECTION ( 'NONE',  ( 0.000000000000000000, 0.000000000000000000, 1.000000000000000000 ) ) ;
#1273 = LINE ( 'NONE', #1978, #1957 ) ;
#1274 = CARTESIAN_POINT ( 'NONE',  ( 7.089594228107054974, -27.72093231318435613, 6.750000000000002665 ) ) ;
#1275 = VERTEX_POINT ( 'NONE', #358 ) ;
#1276 = FACE_OUTER_BOUND ( 'NONE', #665, .T. ) ;
#1277 = VERTEX_POINT ( 'NONE', #181 ) ;
#1278 = DIRECTION ( 'NONE',  ( 0.000000000000000000, 0.000000000000000000, -1.000000000000000000 ) ) ;
#1279 = ORIENTED_EDGE ( 'NONE', *, *, #773, .F. ) ;
#1280 = CARTESIAN_POINT ( 'NONE',  ( 0.000000000000000000, 0.000000000000000000, 6.750000000000000888 ) ) ;
#1281 = EDGE_CURVE ( 'NONE', #186, #178, #1246, .T. ) ;
#1282 = CARTESIAN_POINT ( 'NONE',  ( 24.94774941164108739, 15.78923048454108979, 5.249999999999999112 ) ) ;
#1283 = CARTESIAN_POINT ( 'NONE',  ( 16.93203004945722867, -7.453613781534265570, 8.250000000000000000 ) ) ;
#1284 = EDGE_LOOP ( 'NONE', ( #1772, #82, #1594, #1884, #1279 ) ) ;
#1285 = AXIS2_PLACEMENT_3D ( 'NONE', #1593, #162, #883 ) ;
#1286 = ORIENTED_EDGE ( 'NONE', *, *, #1609, .F. ) ;
#1287 = VECTOR ( 'NONE', #1113, 1000.000000000000000 ) ;
#1288 = DIRECTION ( 'NONE',  ( -1.000000000000000000, 0.000000000000000000, -0.000000000000000000 ) ) ;
#1289 = EDGE_LOOP ( 'NONE', ( #1097, #775, #950, #574 ) ) ;
#1290 = AXIS2_PLACEMENT_3D ( 'NONE', #1318, #586, #1982 ) ;
#1291 = CIRCLE ( 'NONE', #115, 26.50000000000000355 ) ;
#1292 = CARTESIAN_POINT ( 'NONE',  ( -22.84194004145702905, -13.18780023174851301, 6.750000000000000888 ) ) ;
#1293 = AXIS2_PLACEMENT_3D ( 'NONE', #1696, #989, #1311 ) ;
#1294 = PLANE ( 'NONE',  #600 ) ;
#1295 = STYLED_ITEM ( 'NONE', ( #1783 ), #1605 ) ;
#1296 = EDGE_CURVE ( 'NONE', #122, #1724, #2028, .T. ) ;
#1297 = DIRECTION ( 'NONE',  ( 0.000000000000000000, 0.000000000000000000, 1.000000000000000000 ) ) ;
#1298 = CARTESIAN_POINT ( 'NONE',  ( -31.90184760431295885, 2.504419978995468643, 6.750000000000000888 ) ) ;
#1299 = ORIENTED_EDGE ( 'NONE', *, *, #241, .F. ) ;
#1300 = ORIENTED_EDGE ( 'NONE', *, *, #1542, .F. ) ;
#1301 = CARTESIAN_POINT ( 'NONE',  ( 0.000000000000000000, 0.000000000000000000, 6.750000000000000888 ) ) ;
#1302 = DIRECTION ( 'NONE',  ( 1.000000000000000000, 0.000000000000000000, 0.000000000000000000 ) ) ;
#1303 = LINE ( 'NONE', #1526, #262 ) ;
#1304 = FACE_OUTER_BOUND ( 'NONE', #867, .T. ) ;
#1305 = ADVANCED_FACE ( 'NONE', ( #1107 ), #1294, .T. ) ;
#1306 = CARTESIAN_POINT ( 'NONE',  ( -24.50000000000002487, 0.000000000000000000, 10.75000000000000000 ) ) ;
#1307 = VERTEX_POINT ( 'NONE', #1092 ) ;
#1308 = DIRECTION ( 'NONE',  ( -0.5000000000000044409, -0.8660254037844360431, 0.000000000000000000 ) ) ;
#1309 = CARTESIAN_POINT ( 'NONE',  ( 0.000000000000000000, 0.000000000000000000, 10.25000000000001421 ) ) ;
#1310 = CARTESIAN_POINT ( 'NONE',  ( 0.000000000000000000, 0.000000000000000000, 10.24999999999998224 ) ) ;
#1311 = DIRECTION ( 'NONE',  ( -1.000000000000000000, 0.000000000000000000, 0.000000000000000000 ) ) ;
#1312 = CARTESIAN_POINT ( 'NONE',  ( -24.12429141588372161, -10.96670249808569864, 6.750000000000000888 ) ) ;
#1313 = VERTEX_POINT ( 'NONE', #37 ) ;
#1314 = DIRECTION ( 'NONE',  ( 0.000000000000000000, 0.000000000000000000, 1.000000000000000000 ) ) ;
#1315 = AXIS2_PLACEMENT_3D ( 'NONE', #1231, #1582, #1060 ) ;
#1316 = ADVANCED_FACE ( 'NONE', ( #1119 ), #1813, .T. ) ;
#1317 = AXIS2_PLACEMENT_3D ( 'NONE', #2275, #128, #1781 ) ;
#1318 = CARTESIAN_POINT ( 'NONE',  ( 0.000000000000000000, 0.000000000000000000, 6.750000000000000888 ) ) ;
#1319 = CIRCLE ( 'NONE', #1990, 2.999999999999999112 ) ;
#1320 = CARTESIAN_POINT ( 'NONE',  ( -31.69894842778069588, 4.388610094232680225, 6.483290813272181374 ) ) ;
#1321 = VECTOR ( 'NONE', #622, 1000.000000000000000 ) ;
#1322 = AXIS2_PLACEMENT_3D ( 'NONE', #853, #1920, #2075 ) ;
#1323 = CARTESIAN_POINT ( 'NONE',  ( -15.00000000000000000, 1.836970198721029589E-15, 5.250000000000000888 ) ) ;
#1324 = AXIS2_PLACEMENT_3D ( 'NONE', #2036, #1517, #1168 ) ;
#1325 = CYLINDRICAL_SURFACE ( 'NONE', #1215, 15.99999999999999645 ) ;
#1326 = CARTESIAN_POINT ( 'NONE',  ( 9.825672873951404540, -30.45552262638916474, 6.483679253534001319 ) ) ;
#1327 = DIRECTION ( 'NONE',  ( 1.000000000000000000, 0.000000000000000000, 0.000000000000000000 ) ) ;
#1328 = EDGE_CURVE ( 'NONE', #1418, #1501, #837, .T. ) ;
#1329 = EDGE_CURVE ( 'NONE', #1073, #497, #1959, .T. ) ;
#1330 = CYLINDRICAL_SURFACE ( 'NONE', #1219, 2.500000000000000000 ) ;
#1331 = EDGE_LOOP ( 'NONE', ( #1634, #1367, #1183, #1152, #663, #1199 ) ) ;
#1332 = CYLINDRICAL_SURFACE ( 'NONE', #1442, 18.50000000000000000 ) ;
#1333 = CARTESIAN_POINT ( 'NONE',  ( -19.43140781726253152, 25.42621726238626678, 6.607507166954766475 ) ) ;
#1334 = ORIENTED_EDGE ( 'NONE', *, *, #1390, .F. ) ;
#1335 = ORIENTED_EDGE ( 'NONE', *, *, #172, .T. ) ;
#1336 = CARTESIAN_POINT ( 'NONE',  ( -19.00000000000001776, 2.326828918379973337E-15, 10.75000000000000000 ) ) ;
#1337 = EDGE_CURVE ( 'NONE', #2234, #628, #909, .T. ) ;
#1338 = CARTESIAN_POINT ( 'NONE',  ( -1.200000000000004174, -29.50000000000000000, 5.249999999999999112 ) ) ;
#1339 = ORIENTED_EDGE ( 'NONE', *, *, #1981, .T. ) ;
#1340 = CARTESIAN_POINT ( 'NONE',  ( -31.46126132051957924, 5.854918262237275073, 6.250118535508196516 ) ) ;
#1341 = CARTESIAN_POINT ( 'NONE',  ( 0.000000000000000000, 0.000000000000000000, 5.250000000000000000 ) ) ;
#1342 = FACE_BOUND ( 'NONE', #1049, .T. ) ;
#1343 = ADVANCED_FACE ( 'NONE', ( #922 ), #452, .F. ) ;
#1344 = VERTEX_POINT ( 'NONE', #1984 ) ;
#1345 = EDGE_LOOP ( 'NONE', ( #1286, #755 ) ) ;
#1346 = CARTESIAN_POINT ( 'NONE',  ( 10.66012270808101725, -30.17371066978929051, 6.250118535508199180 ) ) ;
#1347 = EDGE_CURVE ( 'NONE', #1882, #1983, #538, .T. ) ;
#1348 = LINE ( 'NONE', #787, #1353 ) ;
#1349 = DIRECTION ( 'NONE',  ( -0.000000000000000000, -0.000000000000000000, 1.000000000000000000 ) ) ;
#1350 = VECTOR ( 'NONE', #1950, 1000.000000000000000 ) ;
#1351 = ORIENTED_EDGE ( 'NONE', *, *, #955, .T. ) ;
#1352 = DIRECTION ( 'NONE',  ( -0.000000000000000000, -0.000000000000000000, -1.000000000000000000 ) ) ;
#1353 = VECTOR ( 'NONE', #2256, 1000.000000000000000 ) ;
#1354 = CARTESIAN_POINT ( 'NONE',  ( 10.08959422810705497, -27.72093231318435613, 5.250000000000000000 ) ) ;
#1355 = VECTOR ( 'NONE', #2105, 999.9999999999998863 ) ;
#1356 = VERTEX_POINT ( 'NONE', #2135 ) ;
#1357 = CARTESIAN_POINT ( 'NONE',  ( -19.21665045920870085, 25.58750369083693954, 6.750000000000000888 ) ) ;
#1358 = ORIENTED_EDGE ( 'NONE', *, *, #491, .F. ) ;
#1359 = ORIENTED_EDGE ( 'NONE', *, *, #2180, .T. ) ;
#1360 = AXIS2_PLACEMENT_3D ( 'NONE', #556, #1278, #564 ) ;
#1361 = VECTOR ( 'NONE', #2189, 1000.000000000000000 ) ;
#1362 = EDGE_CURVE ( 'NONE', #1122, #661, #118, .T. ) ;
#1363 = AXIS2_PLACEMENT_3D ( 'NONE', #1385, #1744, #1016 ) ;
#1364 = CARTESIAN_POINT ( 'NONE',  ( 0.000000000000000000, 0.000000000000000000, 6.750000000000000888 ) ) ;
#1365 = CARTESIAN_POINT ( 'NONE',  ( -12.55110298608838804, -29.43585931873916550, 6.750000000000000888 ) ) ;
#1366 = DIRECTION ( 'NONE',  ( -1.000000000000000000, 0.000000000000000000, 0.000000000000000000 ) ) ;
#1367 = ORIENTED_EDGE ( 'NONE', *, *, #761, .T. ) ;
#1368 = DIRECTION ( 'NONE',  ( -1.000000000000000000, 0.000000000000000000, 0.000000000000000000 ) ) ;
#1369 = FACE_OUTER_BOUND ( 'NONE', #2010, .T. ) ;
#1370 = ORIENTED_EDGE ( 'NONE', *, *, #1012, .F. ) ;
#1371 = DIRECTION ( 'NONE',  ( 0.000000000000000000, 0.000000000000000000, -1.000000000000000000 ) ) ;
#1372 = ORIENTED_EDGE ( 'NONE', *, *, #1737, .F. ) ;
#1373 = ORIENTED_EDGE ( 'NONE', *, *, #25, .T. ) ;
#1374 = EDGE_CURVE ( 'NONE', #1232, #878, #1727, .T. ) ;
#1375 = DIRECTION ( 'NONE',  ( -0.000000000000000000, -0.000000000000000000, 1.000000000000000000 ) ) ;
#1376 = DIRECTION ( 'NONE',  ( -1.000000000000000000, 0.000000000000000000, 0.000000000000000000 ) ) ;
#1377 = EDGE_CURVE ( 'NONE', #2227, #303, #716, .T. ) ;
#1378 = CARTESIAN_POINT ( 'NONE',  ( 8.606387458429091808, -4.968900115874252954, 5.950000000000000178 ) ) ;
#1379 = EDGE_CURVE ( 'NONE', #1531, #2308, #1847, .T. ) ;
#1380 = DIRECTION ( 'NONE',  ( 1.000000000000000000, 0.000000000000000000, 0.000000000000000000 ) ) ;
#1381 = ORIENTED_EDGE ( 'NONE', *, *, #1549, .F. ) ;
#1382 = PRODUCT_DEFINITION_CONTEXT ( 'detailed design', #1208, 'design' ) ;
#1383 = DIRECTION ( 'NONE',  ( -0.8660254037844385966, -0.5000000000000001110, 0.000000000000000000 ) ) ;
#1384 = VERTEX_POINT ( 'NONE', #1490 ) ;
#1385 = CARTESIAN_POINT ( 'NONE',  ( 0.000000000000000000, 0.000000000000000000, 6.750000000000000888 ) ) ;
#1386 = ORIENTED_EDGE ( 'NONE', *, *, #1787, .F. ) ;
#1387 = EDGE_LOOP ( 'NONE', ( #935, #992, #2077, #2094, #1440, #640 ) ) ;
#1388 = CARTESIAN_POINT ( 'NONE',  ( 5.050203106331699892E-15, 26.37560046349702247, 6.750000000000000888 ) ) ;
#1389 = CARTESIAN_POINT ( 'NONE',  ( 0.000000000000000000, 0.000000000000000000, 10.24999999999998224 ) ) ;
#1390 = EDGE_CURVE ( 'NONE', #2004, #2227, #2285, .T. ) ;
#1391 = CARTESIAN_POINT ( 'NONE',  ( 0.000000000000000000, 0.000000000000000000, 6.950000000000000178 ) ) ;
#1392 = CIRCLE ( 'NONE', #371, 2.999999999999999556 ) ;
#1393 = CARTESIAN_POINT ( 'NONE',  ( 1.199999999999996847, -29.50000000000000000, -6.750000000000000888 ) ) ;
#1394 = ORIENTED_EDGE ( 'NONE', *, *, #93, .F. ) ;
#1395 = CARTESIAN_POINT ( 'NONE',  ( -26.14774941164088062, 13.71076951545880185, 6.750000000000000888 ) ) ;
#1396 = AXIS2_PLACEMENT_3D ( 'NONE', #1100, #1980, #2154 ) ;
#1397 = ORIENTED_EDGE ( 'NONE', *, *, #1337, .F. ) ;
#1398 = ORIENTED_EDGE ( 'NONE', *, *, #1753, .T. ) ;
#1399 = VECTOR ( 'NONE', #1792, 1000.000000000000000 ) ;
#1400 = LINE ( 'NONE', #2090, #1062 ) ;
#1401 = AXIS2_PLACEMENT_3D ( 'NONE', #2006, #1126, #577 ) ;
#1402 = CIRCLE ( 'NONE', #1026, 18.50000000000000000 ) ;
#1403 = DIRECTION ( 'NONE',  ( 1.000000000000000000, 0.000000000000000000, 0.000000000000000000 ) ) ;
#1404 = ORIENTED_EDGE ( 'NONE', *, *, #1663, .T. ) ;
#1405 = CARTESIAN_POINT ( 'NONE',  ( 22.84194004145703261, -13.18780023174850591, 6.750000000000000888 ) ) ;
#1406 = EDGE_CURVE ( 'NONE', #2308, #254, #1070, .T. ) ;
#1407 = LINE ( 'NONE', #1427, #1765 ) ;
#1408 = ORIENTED_EDGE ( 'NONE', *, *, #1785, .T. ) ;
#1409 = DIRECTION ( 'NONE',  ( -0.000000000000000000, -0.000000000000000000, -1.000000000000000000 ) ) ;
#1410 = ORIENTED_EDGE ( 'NONE', *, *, #57, .F. ) ;
#1411 = DIRECTION ( 'NONE',  ( 0.000000000000000000, 0.000000000000000000, 1.000000000000000000 ) ) ;
#1412 = CARTESIAN_POINT ( 'NONE',  ( -29.05182871386008259, 5.122621241174761586, 6.750000000000002665 ) ) ;
#1413 = ORIENTED_EDGE ( 'NONE', *, *, #541, .T. ) ;
#1414 = LINE ( 'NONE', #2119, #603 ) ;
#1415 = LINE ( 'NONE', #725, #1350 ) ;
#1416 = DIRECTION ( 'NONE',  ( -0.000000000000000000, -0.000000000000000000, -1.000000000000000000 ) ) ;
#1417 = FACE_OUTER_BOUND ( 'NONE', #176, .T. ) ;
#1418 = VERTEX_POINT ( 'NONE', #1138 ) ;
#1419 = ORIENTED_EDGE ( 'NONE', *, *, #1123, .F. ) ;
#1420 = ADVANCED_FACE ( 'NONE', ( #1661 ), #1332, .F. ) ;
#1421 = DIRECTION ( 'NONE',  ( -0.5000000000000041078, -0.8660254037844362651, 0.000000000000000000 ) ) ;
#1422 = CARTESIAN_POINT ( 'NONE',  ( 0.000000000000000000, 0.000000000000000000, 6.750000000000000888 ) ) ;
#1423 = ORIENTED_EDGE ( 'NONE', *, *, #1934, .F. ) ;
#1424 = EDGE_CURVE ( 'NONE', #1531, #854, #348, .T. ) ;
#1425 = CARTESIAN_POINT ( 'NONE',  ( 0.000000000000000000, 0.000000000000000000, 5.750000000000000888 ) ) ;
#1426 = VERTEX_POINT ( 'NONE', #2029 ) ;
#1427 = CARTESIAN_POINT ( 'NONE',  ( 2.500000000000000000, 19.87560046349701892, 6.750000000000000888 ) ) ;
#1428 = EDGE_LOOP ( 'NONE', ( #2134, #96, #1919, #1914, #127, #2065, #1173, #458, #320, #1561, #1893, #1933 ) ) ;
#1429 = DIRECTION ( 'NONE',  ( -0.7071067811865474617, 8.659560562354932858E-17, 0.7071067811865474617 ) ) ;
#1430 = VERTEX_POINT ( 'NONE', #1683 ) ;
#1431 = AXIS2_PLACEMENT_3D ( 'NONE', #1786, #1606, #1620 ) ;
#1432 = FACE_OUTER_BOUND ( 'NONE', #339, .T. ) ;
#1433 = EDGE_CURVE ( 'NONE', #1720, #1430, #2104, .T. ) ;
#1434 = AXIS2_PLACEMENT_3D ( 'NONE', #2073, #130, #469 ) ;
#1435 = CARTESIAN_POINT ( 'NONE',  ( 22.84194004145703261, -13.18780023174850591, 6.750000000000000888 ) ) ;
#1436 = ORIENTED_EDGE ( 'NONE', *, *, #1492, .T. ) ;
#1437 = VECTOR ( 'NONE', #1729, 1000.000000000000114 ) ;
#1438 = CARTESIAN_POINT ( 'NONE',  ( 27.55182871386016785, 7.720697452527684135, 6.750000000000002665 ) ) ;
#1439 =( GEOMETRIC_REPRESENTATION_CONTEXT ( 3 ) GLOBAL_UNCERTAINTY_ASSIGNED_CONTEXT ( ( #1052 ) ) GLOBAL_UNIT_ASSIGNED_CONTEXT ( ( #325, #1965, #701 ) ) REPRESENTATION_CONTEXT ( 'NONE', 'WORKASPACE' ) );
#1440 = ORIENTED_EDGE ( 'NONE', *, *, #1047, .T. ) ;
#1441 = B_SPLINE_CURVE_WITH_KNOTS ( 'NONE', 3,
 ( #2038, #2046, #634, #1855, #792, #807, #1506, #608, #1333, #1357 ),
 .UNSPECIFIED., .F., .F.,
 ( 4, 2, 2, 2, 4 ),
 ( 4.230254206510438759E-07, 0.0009056207840406238670, 0.001810818542660596643, 0.002716016301280569419, 0.003621214059900542195 ),
 .UNSPECIFIED. ) ;
#1442 = AXIS2_PLACEMENT_3D ( 'NONE', #805, #438, #249 ) ;
#1443 = LINE ( 'NONE', #532, #1651 ) ;
#1444 = AXIS2_PLACEMENT_3D ( 'NONE', #1533, #68, #1376 ) ;
#1445 = DIRECTION ( 'NONE',  ( 1.000000000000000000, 0.000000000000000000, 0.000000000000000000 ) ) ;
#1446 = DIRECTION ( 'NONE',  ( 0.000000000000000000, 0.000000000000000000, 1.000000000000000000 ) ) ;
#1447 = LINE ( 'NONE', #2151, #376 ) ;
#1448 = ORIENTED_EDGE ( 'NONE', *, *, #379, .T. ) ;
#1449 = ADVANCED_FACE ( 'NONE', ( #2044 ), #233, .F. ) ;
#1450 = CARTESIAN_POINT ( 'NONE',  ( -13.08959422810705320, -27.72093231318435613, 6.750000000000002665 ) ) ;
#1451 = EDGE_CURVE ( 'NONE', #2143, #1849, #306, .T. ) ;
#1452 = DIRECTION ( 'NONE',  ( 0.000000000000000000, 0.000000000000000000, -1.000000000000000000 ) ) ;
#1453 = EDGE_LOOP ( 'NONE', ( #480, #442 ) ) ;
#1454 = DIRECTION ( 'NONE',  ( -1.000000000000000000, 0.000000000000000000, 0.000000000000000000 ) ) ;
#1455 = CARTESIAN_POINT ( 'NONE',  ( 19.00000000000001776, 0.000000000000000000, 10.75000000000000000 ) ) ;
#1456 = ORIENTED_EDGE ( 'NONE', *, *, #1527, .T. ) ;
#1457 = CARTESIAN_POINT ( 'NONE',  ( 8.606387458429093584, -4.968900115874252066, 6.150000000000001243 ) ) ;
#1458 = EDGE_CURVE ( 'NONE', #1818, #1520, #645, .T. ) ;
#1459 = CARTESIAN_POINT ( 'NONE',  ( 29.05182871386014654, 5.122621241174355688, 6.750000000000002665 ) ) ;
#1460 = ORIENTED_EDGE ( 'NONE', *, *, #718, .F. ) ;
#1461 = CARTESIAN_POINT ( 'NONE',  ( -18.50000000000000000, 2.265596578422603396E-15, 10.24999999999998224 ) ) ;
#1462 = CARTESIAN_POINT ( 'NONE',  ( -20.46223448575295834, 20.00023486065651568, 6.750000000000002665 ) ) ;
#1463 = ORIENTED_EDGE ( 'NONE', *, *, #363, .T. ) ;
#1464 = AXIS2_PLACEMENT_3D ( 'NONE', #996, #274, #1513 ) ;
#1465 = ORIENTED_EDGE ( 'NONE', *, *, #218, .T. ) ;
#1466 = ORIENTED_EDGE ( 'NONE', *, *, #1255, .F. ) ;
#1467 = AXIS2_PLACEMENT_3D ( 'NONE', #1412, #2307, #2117 ) ;
#1468 = CARTESIAN_POINT ( 'NONE',  ( -24.94774941164086712, 15.78923048454144684, 5.249999999999999112 ) ) ;
#1469 = ORIENTED_EDGE ( 'NONE', *, *, #507, .T. ) ;
#1470 = CIRCLE ( 'NONE', #448, 2.999999999999999556 ) ;
#1471 = AXIS2_PLACEMENT_3D ( 'NONE', #1086, #1297, #933 ) ;
#1472 = EDGE_CURVE ( 'NONE', #2125, #432, #1924, .T. ) ;
#1473 = DIRECTION ( 'NONE',  ( 0.000000000000000000, 0.000000000000000000, -1.000000000000000000 ) ) ;
#1474 = AXIS2_PLACEMENT_3D ( 'NONE', #1951, #346, #190 ) ;
#1475 = CARTESIAN_POINT ( 'NONE',  ( 31.46165043606144351, 5.852826972888890644, 6.249881881594132160 ) ) ;
#1476 = CIRCLE ( 'NONE', #1689, 26.50000000000000355 ) ;
#1477 = DIRECTION ( 'NONE',  ( 0.000000000000000000, 0.000000000000000000, 1.000000000000000000 ) ) ;
#1478 = DIRECTION ( 'NONE',  ( 0.000000000000000000, 0.000000000000000000, 1.000000000000000000 ) ) ;
#1479 = ORIENTED_EDGE ( 'NONE', *, *, #1458, .T. ) ;
#1480 = CARTESIAN_POINT ( 'NONE',  ( 17.21277491685818362, -9.937800231748505908, 5.950000000000000178 ) ) ;
#1481 = CARTESIAN_POINT ( 'NONE',  ( 0.000000000000000000, 0.000000000000000000, 10.75000000000000000 ) ) ;
#1482 = CARTESIAN_POINT ( 'NONE',  ( -31.73541935919312706, 4.115269960815285621, 6.607354433253743053 ) ) ;
#1483 = PLANE ( 'NONE',  #1140 ) ;
#1484 = EDGE_CURVE ( 'NONE', #1275, #1992, #1936, .T. ) ;
#1485 = DIRECTION ( 'NONE',  ( -0.000000000000000000, -0.000000000000000000, -1.000000000000000000 ) ) ;
#1486 = ORIENTED_EDGE ( 'NONE', *, *, #406, .T. ) ;
#1487 = CARTESIAN_POINT ( 'NONE',  ( -14.71277491685818362, -9.937800231748505908, 6.750000000000000888 ) ) ;
#1488 = DIRECTION ( 'NONE',  ( -0.5000000000000051070, -0.8660254037844358210, 0.000000000000000000 ) ) ;
#1489 = CARTESIAN_POINT ( 'NONE',  ( 0.000000000000000000, 19.87560046349701892, 6.150000000000001243 ) ) ;
#1490 = CARTESIAN_POINT ( 'NONE',  ( -29.80182871386008969, 3.823583135498112018, 5.250000000000000000 ) ) ;
#1491 = DIRECTION ( 'NONE',  ( 0.000000000000000000, 0.000000000000000000, 1.000000000000000000 ) ) ;
#1492 = EDGE_CURVE ( 'NONE', #369, #815, #2209, .T. ) ;
#1493 = DIRECTION ( 'NONE',  ( -1.000000000000000000, 0.000000000000000000, 0.000000000000000000 ) ) ;
#1494 = EDGE_CURVE ( 'NONE', #2213, #1356, #1505, .T. ) ;
#1495 = ORIENTED_EDGE ( 'NONE', *, *, #546, .F. ) ;
#1496 = AXIS2_PLACEMENT_3D ( 'NONE', #530, #1258, #1966 ) ;
#1497 = CARTESIAN_POINT ( 'NONE',  ( 14.92103390953509034, -10.93676126970430040, 6.150000000000001243 ) ) ;
#1498 = AXIS2_PLACEMENT_3D ( 'NONE', #669, #1038, #698 ) ;
#1499 = AXIS2_PLACEMENT_3D ( 'NONE', #236, #1665, #1868 ) ;
#1500 = FACE_BOUND ( 'NONE', #461, .T. ) ;
#1501 = VERTEX_POINT ( 'NONE', #2187 ) ;
#1502 = AXIS2_PLACEMENT_3D ( 'NONE', #1071, #1755, #876 ) ;
#1503 = CARTESIAN_POINT ( 'NONE',  ( -14.92103390953509923, -10.93676126970428797, 5.950000000000000178 ) ) ;
#1504 = CIRCLE ( 'NONE', #489, 2.999999999999999112 ) ;
#1505 = CIRCLE ( 'NONE', #1105, 3.000000000000000000 ) ;
#1506 = CARTESIAN_POINT ( 'NONE',  ( -20.10029944495342846, 24.90101741085313947, 6.304018780913430042 ) ) ;
#1507 = ORIENTED_EDGE ( 'NONE', *, *, #403, .F. ) ;
#1508 = AXIS2_PLACEMENT_3D ( 'NONE', #1202, #1030, #2085 ) ;
#1509 = ORIENTED_EDGE ( 'NONE', *, *, #1379, .F. ) ;
#1510 = AXIS2_PLACEMENT_3D ( 'NONE', #690, #152, #189 ) ;
#1511 = CARTESIAN_POINT ( 'NONE',  ( 12.55110298608833830, -29.43585931873923656, 6.750000000000002665 ) ) ;
#1512 = EDGE_CURVE ( 'NONE', #1197, #1818, #75, .T. ) ;
#1513 = DIRECTION ( 'NONE',  ( -0.5000000000000041078, -0.8660254037844362651, 0.000000000000000000 ) ) ;
#1514 = FACE_BOUND ( 'NONE', #58, .T. ) ;
#1515 = EDGE_CURVE ( 'NONE', #1983, #2289, #1303, .T. ) ;
#1516 = VERTEX_POINT ( 'NONE', #789 ) ;
#1517 = DIRECTION ( 'NONE',  ( 0.000000000000000000, 0.000000000000000000, -1.000000000000000000 ) ) ;
#1518 = DIRECTION ( 'NONE',  ( 0.5000000000000001110, -0.8660254037844385966, 0.000000000000000000 ) ) ;
#1519 = FACE_OUTER_BOUND ( 'NONE', #925, .T. ) ;
#1520 = VERTEX_POINT ( 'NONE', #1503 ) ;
#1521 = VERTEX_POINT ( 'NONE', #607 ) ;
#1522 = CARTESIAN_POINT ( 'NONE',  ( 11.22716764455590521, -29.96734453395125541, 6.249881881594129496 ) ) ;
#1523 = FACE_OUTER_BOUND ( 'NONE', #2071, .T. ) ;
#1524 = CARTESIAN_POINT ( 'NONE',  ( -18.50000000000000000, 2.265596578422603396E-15, 10.24999999999998224 ) ) ;
#1525 = ORIENTED_EDGE ( 'NONE', *, *, #392, .F. ) ;
#1526 = CARTESIAN_POINT ( 'NONE',  ( -2.500000000000000000, 19.87560046349701892, 6.750000000000000888 ) ) ;
#1527 = EDGE_CURVE ( 'NONE', #106, #860, #766, .T. ) ;
#1528 = CARTESIAN_POINT ( 'NONE',  ( -14.71277491685819783, -9.937800231748505908, 5.950000000000000178 ) ) ;
#1529 = ORIENTED_EDGE ( 'NONE', *, *, #166, .T. ) ;
#1530 = DIRECTION ( 'NONE',  ( 0.000000000000000000, 0.000000000000000000, 1.000000000000000000 ) ) ;
#1531 = VERTEX_POINT ( 'NONE', #1972 ) ;
#1532 = ORIENTED_EDGE ( 'NONE', *, *, #696, .T. ) ;
#1533 = CARTESIAN_POINT ( 'NONE',  ( -17.21277491685818362, -9.937800231748505908, 5.250000000000000000 ) ) ;
#1534 = DIRECTION ( 'NONE',  ( 1.000000000000000000, 0.000000000000000000, 0.000000000000000000 ) ) ;
#1535 = DIRECTION ( 'NONE',  ( 0.000000000000000000, 0.000000000000000000, 1.000000000000000000 ) ) ;
#1536 = CIRCLE ( 'NONE', #296, 26.50000000000000355 ) ;
#1537 = EDGE_LOOP ( 'NONE', ( #334, #535 ) ) ;
#1538 = DIRECTION ( 'NONE',  ( 0.000000000000000000, 0.000000000000000000, -1.000000000000000000 ) ) ;
#1539 = EDGE_CURVE ( 'NONE', #395, #1252, #2287, .T. ) ;
#1540 = CIRCLE ( 'NONE', #1396, 1.499999999999994449 ) ;
#1541 = CARTESIAN_POINT ( 'NONE',  ( -25.54774941164087210, 14.75000000000012434, 6.750000000000000888 ) ) ;
#1542 = EDGE_CURVE ( 'NONE', #1006, #1992, #1262, .T. ) ;
#1543 = VERTEX_POINT ( 'NONE', #1716 ) ;
#1544 = CARTESIAN_POINT ( 'NONE',  ( 0.000000000000000000, 0.000000000000000000, 6.750000000000000888 ) ) ;
#1545 = ORIENTED_EDGE ( 'NONE', *, *, #513, .F. ) ;
#1546 = ORIENTED_EDGE ( 'NONE', *, *, #913, .T. ) ;
#1547 = AXIS2_PLACEMENT_3D ( 'NONE', #1341, #1597, #859 ) ;
#1548 = CONICAL_SURFACE ( 'NONE', #260, 3.000000000000000000, 0.7853981633974492782 ) ;
#1549 = EDGE_CURVE ( 'NONE', #1658, #2248, #1476, .T. ) ;
#1550 = DIRECTION ( 'NONE',  ( -0.000000000000000000, -0.000000000000000000, -1.000000000000000000 ) ) ;
#1551 = CIRCLE ( 'NONE', #982, 26.50000000000000355 ) ;
#1552 = DIRECTION ( 'NONE',  ( -1.000000000000000000, 0.000000000000000000, 0.000000000000000000 ) ) ;
#1553 = CIRCLE ( 'NONE', #350, 1.499999999999994893 ) ;
#1554 = CARTESIAN_POINT ( 'NONE',  ( -11.51476393540056975, -29.85787864843055317, 6.304018780913433595 ) ) ;
#1555 = DIRECTION ( 'NONE',  ( 1.000000000000000000, 0.000000000000000000, 0.000000000000000000 ) ) ;
#1556 = EDGE_LOOP ( 'NONE', ( #1760, #1161, #2230, #65, #1234, #1075, #310, #1174, #280, #1479 ) ) ;
#1557 = DIRECTION ( 'NONE',  ( 0.000000000000000000, 0.000000000000000000, -1.000000000000000000 ) ) ;
#1558 = EDGE_LOOP ( 'NONE', ( #134, #171, #1949, #2076, #1529 ) ) ;
#1559 = CARTESIAN_POINT ( 'NONE',  ( -10.08959422810705497, -27.72093231318435613, 6.750000000000002665 ) ) ;
#1560 = ORIENTED_EDGE ( 'NONE', *, *, #1132, .T. ) ;
#1561 = ORIENTED_EDGE ( 'NONE', *, *, #1082, .T. ) ;
#1562 = ADVANCED_FACE ( 'NONE', ( #2130 ), #517, .T. ) ;
#1563 = FACE_OUTER_BOUND ( 'NONE', #347, .T. ) ;
#1564 = CARTESIAN_POINT ( 'NONE',  ( 0.000000000000000000, 0.000000000000000000, 6.950000000000000178 ) ) ;
#1565 = DIRECTION ( 'NONE',  ( -0.5000000000000051070, -0.8660254037844358210, 0.000000000000000000 ) ) ;
#1566 = ORIENTED_EDGE ( 'NONE', *, *, #1111, .T. ) ;
#1567 = CYLINDRICAL_SURFACE ( 'NONE', #688, 1.200000000000002842 ) ;
#1568 = VERTEX_POINT ( 'NONE', #187 ) ;
#1569 = ORIENTED_EDGE ( 'NONE', *, *, #1985, .F. ) ;
#1570 = CYLINDRICAL_SURFACE ( 'NONE', #944, 15.99999999999999645 ) ;
#1571 = EDGE_CURVE ( 'NONE', #1073, #158, #1414, .T. ) ;
#1572 = FACE_OUTER_BOUND ( 'NONE', #852, .T. ) ;
#1573 = ORIENTED_EDGE ( 'NONE', *, *, #1362, .T. ) ;
#1574 = EDGE_CURVE ( 'NONE', #1666, #854, #544, .T. ) ;
#1575 = DIRECTION ( 'NONE',  ( -0.000000000000000000, -0.000000000000000000, -1.000000000000000000 ) ) ;
#1576 = ORIENTED_EDGE ( 'NONE', *, *, #1362, .F. ) ;
#1577 = LINE ( 'NONE', #861, #304 ) ;
#1578 = ORIENTED_EDGE ( 'NONE', *, *, #2290, .F. ) ;
#1579 = DIRECTION ( 'NONE',  ( 1.000000000000000000, -1.914725358886527419E-16, 0.000000000000000000 ) ) ;
#1580 = CIRCLE ( 'NONE', #1256, 2.999999999999999556 ) ;
#1581 = CIRCLE ( 'NONE', #1766, 1.499999999999994449 ) ;
#1582 = DIRECTION ( 'NONE',  ( 0.000000000000000000, 0.000000000000000000, 1.000000000000000000 ) ) ;
#1583 = ORIENTED_EDGE ( 'NONE', *, *, #403, .T. ) ;
#1584 = AXIS2_PLACEMENT_3D ( 'NONE', #290, #753, #2184 ) ;
#1585 = ORIENTED_EDGE ( 'NONE', *, *, #1424, .F. ) ;
#1586 = ADVANCED_FACE ( 'NONE', ( #1771, #1948 ), #148, .T. ) ;
#1587 = DIRECTION ( 'NONE',  ( 0.000000000000000000, 0.000000000000000000, -1.000000000000000000 ) ) ;
#1588 = ORIENTED_EDGE ( 'NONE', *, *, #286, .F. ) ;
#1589 = CARTESIAN_POINT ( 'NONE',  ( -15.99999999999999645, 0.000000000000000000, 5.750000000000000888 ) ) ;
#1590 = EDGE_LOOP ( 'NONE', ( #244, #2263, #352, #1101 ) ) ;
#1591 = EDGE_LOOP ( 'NONE', ( #1419, #1953, #431, #862, #1143, #2047, #1200, #886, #1715, #1895 ) ) ;
#1592 = CARTESIAN_POINT ( 'NONE',  ( 5.050203106331699892E-15, 26.37560046349702247, 6.750000000000000888 ) ) ;
#1593 = CARTESIAN_POINT ( 'NONE',  ( 29.05182871386014654, 5.122621241174355688, 5.250000000000000000 ) ) ;
#1594 = ORIENTED_EDGE ( 'NONE', *, *, #745, .F. ) ;
#1595 = CARTESIAN_POINT ( 'NONE',  ( 21.55958866703036136, -15.40889796541127943, 6.750000000000000888 ) ) ;
#1596 = CARTESIAN_POINT ( 'NONE',  ( 12.55110298608833830, -29.43585931873923656, 6.750000000000002665 ) ) ;
#1597 = DIRECTION ( 'NONE',  ( 0.000000000000000000, 0.000000000000000000, -1.000000000000000000 ) ) ;
#1598 = VERTEX_POINT ( 'NONE', #1595 ) ;
#1599 = DIRECTION ( 'NONE',  ( -1.000000000000000000, 0.000000000000000000, 0.000000000000000000 ) ) ;
#1600 = EDGE_CURVE ( 'NONE', #1888, #880, #161, .T. ) ;
#1601 = FACE_BOUND ( 'NONE', #1345, .T. ) ;
#1602 = B_SPLINE_CURVE_WITH_KNOTS ( 'NONE', 3,
 ( #1974, #702, #150, #2268, #1068, #1795, #326, #2302, #1, #850 ),
 .UNSPECIFIED., .F., .F.,
 ( 4, 2, 2, 2, 4 ),
 ( 4.230254201849297447E-07, 0.0009056207840401544074, 0.001810818542660123931, 0.002716016301280093238, 0.003621214059900062978 ),
 .UNSPECIFIED. ) ;
#1603 = CARTESIAN_POINT ( 'NONE',  ( 29.05182871386014654, 5.122621241174355688, 6.750000000000002665 ) ) ;
#1604 = ORIENTED_EDGE ( 'NONE', *, *, #1090, .F. ) ;
#1605 = MANIFOLD_SOLID_BREP ( 'CirPattern9[14]', #971 ) ;
#1606 = DIRECTION ( 'NONE',  ( 0.000000000000000000, 0.000000000000000000, -1.000000000000000000 ) ) ;
#1607 = CARTESIAN_POINT ( 'NONE',  ( 0.000000000000000000, 0.000000000000000000, 5.250000000000000000 ) ) ;
#1608 = CARTESIAN_POINT ( 'NONE',  ( 0.000000000000000000, 0.000000000000000000, 6.750000000000000888 ) ) ;
#1609 = EDGE_CURVE ( 'NONE', #208, #1018, #985, .T. ) ;
#1610 = AXIS2_PLACEMENT_3D ( 'NONE', #1233, #1244, #165 ) ;
#1611 = EDGE_CURVE ( 'NONE', #2074, #1999, #1266, .T. ) ;
#1612 = FACE_OUTER_BOUND ( 'NONE', #2017, .T. ) ;
#1613 = AXIS2_PLACEMENT_3D ( 'NONE', #2158, #924, #214 ) ;
#1614 = EDGE_CURVE ( 'NONE', #369, #1307, #456, .T. ) ;
#1615 = CIRCLE ( 'NONE', #409, 26.50000000000000355 ) ;
#1616 = DIRECTION ( 'NONE',  ( -0.000000000000000000, -0.000000000000000000, -1.000000000000000000 ) ) ;
#1617 = ORIENTED_EDGE ( 'NONE', *, *, #35, .F. ) ;
#1618 = AXIS2_PLACEMENT_3D ( 'NONE', #2286, #1763, #1421 ) ;
#1619 = AXIS2_PLACEMENT_3D ( 'NONE', #914, #2001, #195 ) ;
#1620 = DIRECTION ( 'NONE',  ( 1.000000000000000000, 0.000000000000000000, 0.000000000000000000 ) ) ;
#1621 = AXIS2_PLACEMENT_3D ( 'NONE', #1147, #1830, #221 ) ;
#1622 = DIRECTION ( 'NONE',  ( -0.000000000000000000, -0.000000000000000000, -1.000000000000000000 ) ) ;
#1623 = CIRCLE ( 'NONE', #496, 1.499999999999994449 ) ;
#1624 = ORIENTED_EDGE ( 'NONE', *, *, #209, .T. ) ;
#1625 = CARTESIAN_POINT ( 'NONE',  ( 10.08959422810705497, -27.72093231318435613, 6.750000000000002665 ) ) ;
#1626 = PRODUCT ( '1x_carrier_top_cover', '1x_carrier_top_cover', '', ( #490 ) ) ;
#1627 = DIRECTION ( 'NONE',  ( 0.000000000000000000, 0.000000000000000000, 1.000000000000000000 ) ) ;
#1628 = DIRECTION ( 'NONE',  ( 0.000000000000000000, 0.000000000000000000, 1.000000000000000000 ) ) ;
#1629 = ORIENTED_EDGE ( 'NONE', *, *, #93, .T. ) ;
#1630 = ADVANCED_FACE ( 'NONE', ( #649 ), #1902, .F. ) ;
#1631 = VERTEX_POINT ( 'NONE', #1115 ) ;
#1632 = LINE ( 'NONE', #53, #1645 ) ;
#1633 = CARTESIAN_POINT ( 'NONE',  ( 0.000000000000000000, 0.000000000000000000, 5.950000000000000178 ) ) ;
#1634 = ORIENTED_EDGE ( 'NONE', *, *, #955, .F. ) ;
#1635 = DIRECTION ( 'NONE',  ( -0.4999999999999924505, 0.8660254037844429265, 0.000000000000000000 ) ) ;
#1636 = DIRECTION ( 'NONE',  ( 1.000000000000000000, 0.000000000000000000, 0.000000000000000000 ) ) ;
#1637 = CARTESIAN_POINT ( 'NONE',  ( 26.50000000000000355, 3.245314017740486554E-15, 6.750000000000000888 ) ) ;
#1638 = ORIENTED_EDGE ( 'NONE', *, *, #1600, .T. ) ;
#1639 = DIRECTION ( 'NONE',  ( -0.000000000000000000, -0.000000000000000000, -1.000000000000000000 ) ) ;
#1640 = ORIENTED_EDGE ( 'NONE', *, *, #2204, .T. ) ;
#1641 = DIRECTION ( 'NONE',  ( -0.4999999999999924505, 0.8660254037844429265, 0.000000000000000000 ) ) ;
#1642 = ORIENTED_EDGE ( 'NONE', *, *, #1192, .F. ) ;
#1643 = DIRECTION ( 'NONE',  ( 0.000000000000000000, 0.000000000000000000, 1.000000000000000000 ) ) ;
#1644 = CYLINDRICAL_SURFACE ( 'NONE', #598, 2.500000000000002220 ) ;
#1645 = VECTOR ( 'NONE', #402, 999.9999999999998863 ) ;
#1646 = ORIENTED_EDGE ( 'NONE', *, *, #1379, .T. ) ;
#1647 = CIRCLE ( 'NONE', #1134, 2.999999999999999112 ) ;
#1648 = EDGE_LOOP ( 'NONE', ( #467, #819 ) ) ;
#1649 = AXIS2_PLACEMENT_3D ( 'NONE', #1834, #1478, #733 ) ;
#1650 = DIRECTION ( 'NONE',  ( 1.000000000000000000, 0.000000000000000000, 0.000000000000000000 ) ) ;
#1651 = VECTOR ( 'NONE', #180, 1000.000000000000000 ) ;
#1652 = FACE_OUTER_BOUND ( 'NONE', #1144, .T. ) ;
#1653 = DIRECTION ( 'NONE',  ( -0.000000000000000000, -0.000000000000000000, -1.000000000000000000 ) ) ;
#1654 = ADVANCED_FACE ( 'NONE', ( #735 ), #553, .F. ) ;
#1655 = CIRCLE ( 'NONE', #1109, 2.999999999999999556 ) ;
#1656 = CARTESIAN_POINT ( 'NONE',  ( -14.92103390953509034, -10.93676126970430218, 8.250000000000000000 ) ) ;
#1657 = LINE ( 'NONE', #1274, #1719 ) ;
#1658 = VERTEX_POINT ( 'NONE', #44 ) ;
#1659 = DIRECTION ( 'NONE',  ( 0.000000000000000000, 0.000000000000000000, -1.000000000000000000 ) ) ;
#1660 = FACE_BOUND ( 'NONE', #1776, .T. ) ;
#1661 = FACE_OUTER_BOUND ( 'NONE', #1428, .T. ) ;
#1662 = EDGE_CURVE ( 'NONE', #1384, #2131, #1553, .T. ) ;
#1663 = EDGE_CURVE ( 'NONE', #1818, #1122, #1836, .T. ) ;
#1664 = LINE ( 'NONE', #94, #642 ) ;
#1665 = DIRECTION ( 'NONE',  ( 0.000000000000000000, 0.000000000000000000, 1.000000000000000000 ) ) ;
#1666 = VERTEX_POINT ( 'NONE', #810 ) ;
#1667 = CARTESIAN_POINT ( 'NONE',  ( -14.92103390953509034, -10.93676126970430218, 6.150000000000001243 ) ) ;
#1668 = VERTEX_POINT ( 'NONE', #422 ) ;
#1669 = FACE_OUTER_BOUND ( 'NONE', #478, .T. ) ;
#1670 = LINE ( 'NONE', #758, #802 ) ;
#1671 = CARTESIAN_POINT ( 'NONE',  ( -17.21277491685818717, -9.937800231748504132, 5.950000000000000178 ) ) ;
#1672 = EDGE_CURVE ( 'NONE', #1252, #395, #2177, .T. ) ;
#1673 = CARTESIAN_POINT ( 'NONE',  ( 25.54774941164107815, 14.74999999999975842, 5.249999999999999112 ) ) ;
#1674 = ORIENTED_EDGE ( 'NONE', *, *, #1157, .T. ) ;
#1675 = LINE ( 'NONE', #2079, #1029 ) ;
#1676 = VECTOR ( 'NONE', #888, 1000.000000000000114 ) ;
#1677 = EDGE_CURVE ( 'NONE', #661, #1122, #17, .T. ) ;
#1678 = CARTESIAN_POINT ( 'NONE',  ( -18.96223448575294768, 22.59831107200982458, 6.750000000000002665 ) ) ;
#1679 = CIRCLE ( 'NONE', #67, 1.499999999999995781 ) ;
#1680 = CARTESIAN_POINT ( 'NONE',  ( -2.500000000000000000, 19.87560046349701892, 5.250000000000000000 ) ) ;
#1681 = ORIENTED_EDGE ( 'NONE', *, *, #1159, .T. ) ;
#1682 = AXIS2_PLACEMENT_3D ( 'NONE', #1633, #1135, #778 ) ;
#1683 = CARTESIAN_POINT ( 'NONE',  ( 31.90184760431295885, 2.504419978995468643, 5.250000000000000000 ) ) ;
#1684 = CYLINDRICAL_SURFACE ( 'NONE', #1224, 15.00000000000000000 ) ;
#1685 = AXIS2_PLACEMENT_3D ( 'NONE', #2083, #1535, #1555 ) ;
#1686 = AXIS2_PLACEMENT_3D ( 'NONE', #1671, #91, #816 ) ;
#1687 = CARTESIAN_POINT ( 'NONE',  ( 0.000000000000000000, 0.000000000000000000, 6.750000000000000888 ) ) ;
#1688 = EDGE_LOOP ( 'NONE', ( #2250, #1779, #360, #561 ) ) ;
#1689 = AXIS2_PLACEMENT_3D ( 'NONE', #1794, #1184, #629 ) ;
#1690 = VERTEX_POINT ( 'NONE', #785 ) ;
#1691 = CYLINDRICAL_SURFACE ( 'NONE', #1872, 1.200000000000000622 ) ;
#1692 = CARTESIAN_POINT ( 'NONE',  ( 12.30378135009967444, -29.54131434522130917, 6.607354433253746606 ) ) ;
#1693 = PLANE ( 'NONE',  #904 ) ;
#1694 = CARTESIAN_POINT ( 'NONE',  ( 26.50000000000000355, 3.245314017740486554E-15, 6.950000000000000178 ) ) ;
#1695 = ORIENTED_EDGE ( 'NONE', *, *, #668, .T. ) ;
#1696 = CARTESIAN_POINT ( 'NONE',  ( 0.000000000000000000, 0.000000000000000000, 6.150000000000001243 ) ) ;
#1697 = DIRECTION ( 'NONE',  ( 0.000000000000000000, 0.000000000000000000, 1.000000000000000000 ) ) ;
#1698 = CARTESIAN_POINT ( 'NONE',  ( -26.14774941164088062, 13.71076951545880185, 5.249999999999999112 ) ) ;
#1699 = ORIENTED_EDGE ( 'NONE', *, *, #1108, .T. ) ;
#1700 = ORIENTED_EDGE ( 'NONE', *, *, #720, .T. ) ;
#1701 = DIRECTION ( 'NONE',  ( -0.3535533905932684018, 0.6123724356957983561, 0.7071067811865467956 ) ) ;
#1702 = CARTESIAN_POINT ( 'NONE',  ( 0.000000000000000000, 0.000000000000000000, 6.750000000000000888 ) ) ;
#1703 = EDGE_CURVE ( 'NONE', #45, #1826, #1675, .T. ) ;
#1704 = PLANE ( 'NONE',  #644 ) ;
#1705 = ORIENTED_EDGE ( 'NONE', *, *, #617, .T. ) ;
#1706 = DIRECTION ( 'NONE',  ( -1.000000000000000000, 0.000000000000000000, 0.000000000000000000 ) ) ;
#1707 = DIRECTION ( 'NONE',  ( 1.000000000000000000, 0.000000000000000000, 0.000000000000000000 ) ) ;
#1708 = ORIENTED_EDGE ( 'NONE', *, *, #464, .F. ) ;
#1709 = CARTESIAN_POINT ( 'NONE',  ( 0.000000000000000000, 0.000000000000000000, 6.750000000000000888 ) ) ;
#1710 = ORIENTED_EDGE ( 'NONE', *, *, #844, .T. ) ;
#1711 = ORIENTED_EDGE ( 'NONE', *, *, #2027, .T. ) ;
#1712 = DIRECTION ( 'NONE',  ( 0.000000000000000000, 0.000000000000000000, -1.000000000000000000 ) ) ;
#1713 = CARTESIAN_POINT ( 'NONE',  ( -9.306302953054274241, -30.61686994690960262, 6.750000000000002665 ) ) ;
#1714 = DIRECTION ( 'NONE',  ( -1.000000000000000000, 0.000000000000000000, 0.000000000000000000 ) ) ;
#1715 = ORIENTED_EDGE ( 'NONE', *, *, #1887, .F. ) ;
#1716 = CARTESIAN_POINT ( 'NONE',  ( 19.71277491685818717, -9.937800231748504132, 6.150000000000001243 ) ) ;
#1717 = FACE_OUTER_BOUND ( 'NONE', #163, .T. ) ;
#1718 = AXIS2_PLACEMENT_3D ( 'NONE', #1607, #1416, #167 ) ;
#1719 = VECTOR ( 'NONE', #742, 999.9999999999998863 ) ;
#1720 = VERTEX_POINT ( 'NONE', #433 ) ;
#1721 = DIRECTION ( 'NONE',  ( -0.000000000000000000, -0.000000000000000000, -1.000000000000000000 ) ) ;
#1722 = EDGE_CURVE ( 'NONE', #589, #902, #821, .T. ) ;
#1723 = ORIENTED_EDGE ( 'NONE', *, *, #444, .F. ) ;
#1724 = VERTEX_POINT ( 'NONE', #994 ) ;
#1725 = VECTOR ( 'NONE', #51, 1000.000000000000000 ) ;
#1726 = CARTESIAN_POINT ( 'NONE',  ( -18.50000000000000000, 2.265596578422603396E-15, 5.750000000000000888 ) ) ;
#1727 = CIRCLE ( 'NONE', #947, 32.00000000000000000 ) ;
#1728 = CIRCLE ( 'NONE', #948, 32.00000000000000000 ) ;
#1729 = DIRECTION ( 'NONE',  ( -0.4999999999999998335, -0.8660254037844387076, 0.000000000000000000 ) ) ;
#1730 = FACE_BOUND ( 'NONE', #694, .T. ) ;
#1731 = VERTEX_POINT ( 'NONE', #2200 ) ;
#1732 = CARTESIAN_POINT ( 'NONE',  ( -25.54774941164087210, 14.75000000000012434, 5.249999999999999112 ) ) ;
#1733 = ORIENTED_EDGE ( 'NONE', *, *, #462, .T. ) ;
#1734 = FACE_OUTER_BOUND ( 'NONE', #1590, .T. ) ;
#1735 = ADVANCED_FACE ( 'NONE', ( #983 ), #1163, .F. ) ;
#1736 = ORIENTED_EDGE ( 'NONE', *, *, #166, .F. ) ;
#1737 = EDGE_CURVE ( 'NONE', #1826, #1516, #1655, .T. ) ;
#1738 = CARTESIAN_POINT ( 'NONE',  ( 0.000000000000000000, 0.000000000000000000, 10.24999999999998224 ) ) ;
#1739 = CARTESIAN_POINT ( 'NONE',  ( 0.000000000000000000, 0.000000000000000000, 5.950000000000000178 ) ) ;
#1740 = ORIENTED_EDGE ( 'NONE', *, *, #2232, .T. ) ;
#1741 = EDGE_LOOP ( 'NONE', ( #1114, #1211, #1681, #615 ) ) ;
#1742 = PLANE ( 'NONE',  #488 ) ;
#1743 = ORIENTED_EDGE ( 'NONE', *, *, #2096, .T. ) ;
#1744 = DIRECTION ( 'NONE',  ( -0.000000000000000000, -0.000000000000000000, -1.000000000000000000 ) ) ;
#1745 = ORIENTED_EDGE ( 'NONE', *, *, #1722, .T. ) ;
#1746 = ORIENTED_EDGE ( 'NONE', *, *, #241, .T. ) ;
#1747 = EDGE_CURVE ( 'NONE', #186, #1106, #78, .T. ) ;
#1748 = DIRECTION ( 'NONE',  ( -1.000000000000000000, 0.000000000000000000, 0.000000000000000000 ) ) ;
#1749 = CARTESIAN_POINT ( 'NONE',  ( 1.199999999999996847, -29.50000000000000000, 5.249999999999999112 ) ) ;
#1750 = ORIENTED_EDGE ( 'NONE', *, *, #86, .F. ) ;
#1751 = ADVANCED_FACE ( 'NONE', ( #1869 ), #599, .T. ) ;
#1752 = DIRECTION ( 'NONE',  ( -0.000000000000000000, -0.000000000000000000, -1.000000000000000000 ) ) ;
#1753 = EDGE_CURVE ( 'NONE', #100, #106, #1764, .T. ) ;
#1754 = CIRCLE ( 'NONE', #1798, 24.50000000000002487 ) ;
#1755 = DIRECTION ( 'NONE',  ( 0.000000000000000000, 0.000000000000000000, 1.000000000000000000 ) ) ;
#1756 = ORIENTED_EDGE ( 'NONE', *, *, #2082, .T. ) ;
#1757 = LINE ( 'NONE', #1004, #875 ) ;
#1758 = VECTOR ( 'NONE', #109, 1000.000000000000114 ) ;
#1759 = ORIENTED_EDGE ( 'NONE', *, *, #119, .F. ) ;
#1760 = ORIENTED_EDGE ( 'NONE', *, *, #2190, .T. ) ;
#1761 = ADVANCED_BREP_SHAPE_REPRESENTATION ( '1x_carrier_top_cover', ( #1605, #381 ), #1439 ) ;
#1762 = VECTOR ( 'NONE', #2298, 1000.000000000000000 ) ;
#1763 = DIRECTION ( 'NONE',  ( 0.000000000000000000, 0.000000000000000000, 1.000000000000000000 ) ) ;
#1764 = B_SPLINE_CURVE_WITH_KNOTS ( 'NONE', 3,
 ( #1511, #1692, #85, #2066, #1522, #1346, #638, #1326, #961, #2032 ),
 .UNSPECIFIED., .F., .F.,
 ( 4, 2, 2, 2, 4 ),
 ( 4.230254201800415176E-07, 0.0009056207840401508296, 0.001810818542660121763, 0.002716016301280092804, 0.003621214059900063412 ),
 .UNSPECIFIED. ) ;
#1765 = VECTOR ( 'NONE', #1083, 1000.000000000000000 ) ;
#1766 = AXIS2_PLACEMENT_3D ( 'NONE', #763, #1477, #2306 ) ;
#1767 = VECTOR ( 'NONE', #2257, 1000.000000000000000 ) ;
#1768 = AXIS2_PLACEMENT_3D ( 'NONE', #759, #2156, #911 ) ;
#1769 = CARTESIAN_POINT ( 'NONE',  ( -18.50000000000000355, 2.265596578422603791E-15, 5.950000000000000178 ) ) ;
#1770 = ORIENTED_EDGE ( 'NONE', *, *, #2305, .T. ) ;
#1771 = FACE_BOUND ( 'NONE', #42, .T. ) ;
#1772 = ORIENTED_EDGE ( 'NONE', *, *, #275, .F. ) ;
#1773 = EDGE_CURVE ( 'NONE', #1724, #699, #2224, .T. ) ;
#1774 = CARTESIAN_POINT ( 'NONE',  ( 0.000000000000000000, 0.000000000000000000, 10.75000000000000000 ) ) ;
#1775 = DIRECTION ( 'NONE',  ( -0.000000000000000000, -0.000000000000000000, 1.000000000000000000 ) ) ;
#1776 = EDGE_LOOP ( 'NONE', ( #1857, #784 ) ) ;
#1777 = CARTESIAN_POINT ( 'NONE',  ( -24.94774941164086712, 15.78923048454145039, -6.750000000000000888 ) ) ;
#1778 = ORIENTED_EDGE ( 'NONE', *, *, #1236, .T. ) ;
#1779 = ORIENTED_EDGE ( 'NONE', *, *, #984, .T. ) ;
#1780 = CARTESIAN_POINT ( 'NONE',  ( -10.08959422810705497, -27.72093231318435613, 6.750000000000002665 ) ) ;
#1781 = DIRECTION ( 'NONE',  ( -1.000000000000000000, 0.000000000000000000, 0.000000000000000000 ) ) ;
#1782 = ORIENTED_EDGE ( 'NONE', *, *, #355, .F. ) ;
#1783 = PRESENTATION_STYLE_ASSIGNMENT (( #1195 ) ) ;
#1784 = ORIENTED_EDGE ( 'NONE', *, *, #1828, .F. ) ;
#1785 = EDGE_CURVE ( 'NONE', #1356, #1277, #2211, .T. ) ;
#1786 = CARTESIAN_POINT ( 'NONE',  ( 0.000000000000000000, 19.87560046349701892, 5.950000000000000178 ) ) ;
#1787 = EDGE_CURVE ( 'NONE', #902, #1035, #1728, .T. ) ;
#1788 = ORIENTED_EDGE ( 'NONE', *, *, #89, .T. ) ;
#1789 = DIRECTION ( 'NONE',  ( 1.000000000000000000, 0.000000000000000000, 0.000000000000000000 ) ) ;
#1790 = EDGE_CURVE ( 'NONE', #1793, #651, #2251, .T. ) ;
#1791 = DIRECTION ( 'NONE',  ( -1.000000000000000000, 0.000000000000000000, 0.000000000000000000 ) ) ;
#1792 = DIRECTION ( 'NONE',  ( -0.000000000000000000, -0.000000000000000000, 1.000000000000000000 ) ) ;
#1793 = VERTEX_POINT ( 'NONE', #1667 ) ;
#1794 = CARTESIAN_POINT ( 'NONE',  ( 0.000000000000000000, 0.000000000000000000, 6.950000000000000178 ) ) ;
#1795 = CARTESIAN_POINT ( 'NONE',  ( 20.80113861243880891, 24.31879240755197102, 6.250118535508196516 ) ) ;
#1796 = DIRECTION ( 'NONE',  ( 0.000000000000000000, 0.000000000000000000, 1.000000000000000000 ) ) ;
#1797 = DIRECTION ( 'NONE',  ( 0.000000000000000000, 0.000000000000000000, 1.000000000000000000 ) ) ;
#1798 = AXIS2_PLACEMENT_3D ( 'NONE', #1774, #314, #1223 ) ;
#1799 = VECTOR ( 'NONE', #145, 1000.000000000000000 ) ;
#1800 = ADVANCED_FACE ( 'NONE', ( #2255 ), #540, .T. ) ;
#1801 = CARTESIAN_POINT ( 'NONE',  ( -17.21277491685818362, -9.937800231748505908, 6.150000000000001243 ) ) ;
#1802 = CONICAL_SURFACE ( 'NONE', #2137, 2.999999999999999556, 0.7853981633974492782 ) ;
#1803 = AXIS2_PLACEMENT_3D ( 'NONE', #2097, #1622, #19 ) ;
#1804 = EDGE_LOOP ( 'NONE', ( #120, #820, #460, #52, #114, #804, #319, #739 ) ) ;
#1805 = AXIS2_PLACEMENT_3D ( 'NONE', #2283, #1906, #2261 ) ;
#1806 = AXIS2_PLACEMENT_3D ( 'NONE', #1625, #557, #932 ) ;
#1807 = DIRECTION ( 'NONE',  ( -0.000000000000000000, -0.000000000000000000, -1.000000000000000000 ) ) ;
#1808 = ORIENTED_EDGE ( 'NONE', *, *, #1209, .T. ) ;
#1809 = AXIS2_PLACEMENT_3D ( 'NONE', #1007, #1712, #1552 ) ;
#1810 = CARTESIAN_POINT ( 'NONE',  ( 2.500000000000000000, 19.87560046349701892, 5.250000000000000000 ) ) ;
#1811 = CONICAL_SURFACE ( 'NONE', #2243, 18.50000000000000000, 0.7853981633974482790 ) ;
#1812 = ORIENTED_EDGE ( 'NONE', *, *, #590, .T. ) ;
#1813 = PLANE ( 'NONE',  #797 ) ;
#1814 = CARTESIAN_POINT ( 'NONE',  ( 0.000000000000000000, 0.000000000000000000, 5.250000000000000888 ) ) ;
#1815 = CARTESIAN_POINT ( 'NONE',  ( 15.99999999999999645, 1.959434878635764737E-15, 5.950000000000000178 ) ) ;
#1816 = EDGE_LOOP ( 'NONE', ( #141, #1463, #606, #542, #328, #856 ) ) ;
#1817 = DIRECTION ( 'NONE',  ( 0.000000000000000000, 0.000000000000000000, 1.000000000000000000 ) ) ;
#1818 = VERTEX_POINT ( 'NONE', #1528 ) ;
#1819 = DIRECTION ( 'NONE',  ( 0.000000000000000000, 0.000000000000000000, 1.000000000000000000 ) ) ;
#1820 = ORIENTED_EDGE ( 'NONE', *, *, #1238, .F. ) ;
#1821 = CARTESIAN_POINT ( 'NONE',  ( -17.21277491685818362, -9.937800231748505908, 5.250000000000000000 ) ) ;
#1822 = DIRECTION ( 'NONE',  ( -1.000000000000000000, 0.000000000000000000, 0.000000000000000000 ) ) ;
#1823 = CARTESIAN_POINT ( 'NONE',  ( 0.000000000000000000, 0.000000000000000000, 6.950000000000000178 ) ) ;
#1824 = ORIENTED_EDGE ( 'NONE', *, *, #1549, .T. ) ;
#1825 = EDGE_LOOP ( 'NONE', ( #768, #2191 ) ) ;
#1826 = VERTEX_POINT ( 'NONE', #102 ) ;
#1827 = DIRECTION ( 'NONE',  ( 1.000000000000000000, 0.000000000000000000, 0.000000000000000000 ) ) ;
#1828 = EDGE_CURVE ( 'NONE', #979, #1666, #231, .T. ) ;
#1829 = DIRECTION ( 'NONE',  ( 0.000000000000000000, 0.000000000000000000, 1.000000000000000000 ) ) ;
#1830 = DIRECTION ( 'NONE',  ( 0.000000000000000000, 0.000000000000000000, -1.000000000000000000 ) ) ;
#1831 = ADVANCED_FACE ( 'NONE', ( #662 ), #1684, .F. ) ;
#1832 = DIRECTION ( 'NONE',  ( -0.4999999999999917843, 0.8660254037844434816, 0.000000000000000000 ) ) ;
#1833 = AXIS2_PLACEMENT_3D ( 'NONE', #24, #938, #1133 ) ;
#1834 = CARTESIAN_POINT ( 'NONE',  ( 25.54774941164107815, 14.74999999999975842, 6.750000000000000888 ) ) ;
#1835 = ORIENTED_EDGE ( 'NONE', *, *, #2069, .F. ) ;
#1836 = LINE ( 'NONE', #1487, #877 ) ;
#1837 = VECTOR ( 'NONE', #1240, 1000.000000000000000 ) ;
#1838 = DIRECTION ( 'NONE',  ( 1.000000000000000000, 0.000000000000000000, 0.000000000000000000 ) ) ;
#1839 = AXIS2_PLACEMENT_3D ( 'NONE', #2150, #206, #1822 ) ;
#1840 = ADVANCED_FACE ( 'NONE', ( #1369 ), #80, .T. ) ;
#1841 = LINE ( 'NONE', #2013, #980 ) ;
#1842 = PRODUCT_DEFINITION_FORMATION_WITH_SPECIFIED_SOURCE ( 'ANY', '', #1626, .NOT_KNOWN. ) ;
#1843 = CIRCLE ( 'NONE', #1259, 19.00000000000001776 ) ;
#1844 = CARTESIAN_POINT ( 'NONE',  ( 29.05182871386014654, 5.122621241174355688, 6.750000000000002665 ) ) ;
#1845 = VECTOR ( 'NONE', #1538, 1000.000000000000000 ) ;
#1846 = FACE_OUTER_BOUND ( 'NONE', #1247, .T. ) ;
#1847 = B_SPLINE_CURVE_WITH_KNOTS ( 'NONE', 3,
 ( #536, #2163, #566, #2000, #1475, #1969, #212, #2179, #1074, #2196 ),
 .UNSPECIFIED., .F., .F.,
 ( 4, 2, 2, 2, 4 ),
 ( 4.230254206521803823E-07, 0.0009056207840406238670, 0.001810818542660595559, 0.002716016301280567685, 0.003621214059900539160 ),
 .UNSPECIFIED. ) ;
#1848 = EDGE_LOOP ( 'NONE', ( #1456, #937, #95, #1359, #1386, #610, #502, #1398 ) ) ;
#1849 = VERTEX_POINT ( 'NONE', #631 ) ;
#1850 = DIRECTION ( 'NONE',  ( 0.3535533905932683463, -0.6123724356957985782, 0.7071067811865467956 ) ) ;
#1851 = EDGE_CURVE ( 'NONE', #1248, #846, #1623, .T. ) ;
#1852 = LINE ( 'NONE', #1998, #2098 ) ;
#1853 = CARTESIAN_POINT ( 'NONE',  ( 0.000000000000000000, 0.000000000000000000, 5.950000000000000178 ) ) ;
#1854 = EDGE_CURVE ( 'NONE', #628, #1930, #684, .T. ) ;
#1855 = CARTESIAN_POINT ( 'NONE',  ( -21.03039327541915071, 24.12065066841077510, 6.303362910418254472 ) ) ;
#1856 = EDGE_CURVE ( 'NONE', #1983, #16, #2021, .T. ) ;
#1857 = ORIENTED_EDGE ( 'NONE', *, *, #1747, .F. ) ;
#1858 = CARTESIAN_POINT ( 'NONE',  ( -25.54774941164087210, 14.75000000000012434, 6.750000000000000888 ) ) ;
#1859 = DIRECTION ( 'NONE',  ( -0.000000000000000000, -0.000000000000000000, -1.000000000000000000 ) ) ;
#1860 = FACE_BOUND ( 'NONE', #516, .T. ) ;
#1861 = ORIENTED_EDGE ( 'NONE', *, *, #2290, .T. ) ;
#1862 = CARTESIAN_POINT ( 'NONE',  ( -31.56606547264046014, 5.260659874243661882, 6.249881881594125055 ) ) ;
#1863 = DIRECTION ( 'NONE',  ( -0.000000000000000000, -0.000000000000000000, 1.000000000000000000 ) ) ;
#1864 = CARTESIAN_POINT ( 'NONE',  ( -16.93203004945722512, -7.453613781534269123, 8.250000000000000000 ) ) ;
#1865 = EDGE_LOOP ( 'NONE', ( #2282, #499, #1617, #1711, #1372 ) ) ;
#1866 = VERTEX_POINT ( 'NONE', #1878 ) ;
#1867 = ADVANCED_FACE ( 'NONE', ( #851 ), #301, .F. ) ;
#1868 = DIRECTION ( 'NONE',  ( -0.4999999999999926170, 0.8660254037844429265, 0.000000000000000000 ) ) ;
#1869 = FACE_OUTER_BOUND ( 'NONE', #473, .T. ) ;
#1870 = DIRECTION ( 'NONE',  ( -1.000000000000000000, 0.000000000000000000, 0.000000000000000000 ) ) ;
#1871 = CIRCLE ( 'NONE', #255, 15.99999999999999645 ) ;
#1872 = AXIS2_PLACEMENT_3D ( 'NONE', #84, #2049, #958 ) ;
#1873 = DIRECTION ( 'NONE',  ( -0.4999999999999924505, 0.8660254037844429265, 0.000000000000000000 ) ) ;
#1874 = VERTEX_POINT ( 'NONE', #2259 ) ;
#1875 = CIRCLE ( 'NONE', #2281, 2.500000000000000000 ) ;
#1876 = CARTESIAN_POINT ( 'NONE',  ( -31.40378815511916955, 6.155062581388076381, 6.304018780913431819 ) ) ;
#1877 = AXIS2_PLACEMENT_3D ( 'NONE', #1673, #243, #420 ) ;
#1878 = CARTESIAN_POINT ( 'NONE',  ( -25.00000000000000000, 0.000000000000000000, 6.950000000000000178 ) ) ;
#1879 = CONICAL_SURFACE ( 'NONE', #1069, 2.999999999999998668, 0.7853981633974492782 ) ;
#1880 = CIRCLE ( 'NONE', #1806, 2.999999999999999112 ) ;
#1881 = DIRECTION ( 'NONE',  ( -1.000000000000000000, 0.000000000000000000, 0.000000000000000000 ) ) ;
#1882 = VERTEX_POINT ( 'NONE', #1196 ) ;
#1883 = AXIS2_PLACEMENT_3D ( 'NONE', #918, #936, #769 ) ;
#1884 = ORIENTED_EDGE ( 'NONE', *, *, #1374, .F. ) ;
#1885 = EDGE_CURVE ( 'NONE', #921, #1866, #990, .T. ) ;
#1886 = DIRECTION ( 'NONE',  ( -0.4999999999999924505, 0.8660254037844429265, 0.000000000000000000 ) ) ;
#1887 = EDGE_CURVE ( 'NONE', #2300, #1598, #1615, .T. ) ;
#1888 = VERTEX_POINT ( 'NONE', #92 ) ;
#1889 = CARTESIAN_POINT ( 'NONE',  ( -12.04953048577526964, -29.64610465043896426, 6.483679253533998654 ) ) ;
#1890 = CARTESIAN_POINT ( 'NONE',  ( 31.90184760431295885, 2.504419978995468643, 6.750000000000000888 ) ) ;
#1891 = ORIENTED_EDGE ( 'NONE', *, *, #1236, .F. ) ;
#1892 = DIRECTION ( 'NONE',  ( -1.000000000000000000, 0.000000000000000000, 0.000000000000000000 ) ) ;
#1893 = ORIENTED_EDGE ( 'NONE', *, *, #829, .F. ) ;
#1894 = DIRECTION ( 'NONE',  ( 0.000000000000000000, 0.000000000000000000, 1.000000000000000000 ) ) ;
#1895 = ORIENTED_EDGE ( 'NONE', *, *, #477, .F. ) ;
#1896 = ORIENTED_EDGE ( 'NONE', *, *, #1981, .F. ) ;
#1897 = DIRECTION ( 'NONE',  ( 0.000000000000000000, 0.000000000000000000, -1.000000000000000000 ) ) ;
#1898 = DIRECTION ( 'NONE',  ( 0.000000000000000000, 0.000000000000000000, -1.000000000000000000 ) ) ;
#1899 = LINE ( 'NONE', #1206, #11 ) ;
#1900 = ADVANCED_FACE ( 'NONE', ( #1717 ), #841, .T. ) ;
#1901 = ORIENTED_EDGE ( 'NONE', *, *, #1856, .F. ) ;
#1902 = CYLINDRICAL_SURFACE ( 'NONE', #1584, 2.499999999999998668 ) ;
#1903 = DIRECTION ( 'NONE',  ( -1.000000000000000000, 0.000000000000000000, 0.000000000000000000 ) ) ;
#1904 = EDGE_CURVE ( 'NONE', #143, #105, #1217, .T. ) ;
#1905 = ORIENTED_EDGE ( 'NONE', *, *, #1904, .F. ) ;
#1906 = DIRECTION ( 'NONE',  ( -0.000000000000000000, -0.000000000000000000, -1.000000000000000000 ) ) ;
#1907 = ORIENTED_EDGE ( 'NONE', *, *, #1451, .F. ) ;
#1908 = ORIENTED_EDGE ( 'NONE', *, *, #736, .F. ) ;
#1909 = LINE ( 'NONE', #322, #1355 ) ;
#1910 = DIRECTION ( 'NONE',  ( 0.000000000000000000, 0.000000000000000000, 1.000000000000000000 ) ) ;
#1911 = DIRECTION ( 'NONE',  ( 0.000000000000000000, 0.000000000000000000, 1.000000000000000000 ) ) ;
#1912 = FACE_OUTER_BOUND ( 'NONE', #1165, .T. ) ;
#1913 = AXIS2_PLACEMENT_3D ( 'NONE', #1301, #47, #737 ) ;
#1914 = ORIENTED_EDGE ( 'NONE', *, *, #707, .F. ) ;
#1915 = EDGE_CURVE ( 'NONE', #1078, #880, #279, .T. ) ;
#1916 = CARTESIAN_POINT ( 'NONE',  ( -20.46223448575295834, 20.00023486065651568, 6.750000000000002665 ) ) ;
#1917 = CIRCLE ( 'NONE', #111, 1.200000000000001288 ) ;
#1918 = CIRCLE ( 'NONE', #907, 15.00000000000000000 ) ;
#1919 = ORIENTED_EDGE ( 'NONE', *, *, #736, .T. ) ;
#1920 = DIRECTION ( 'NONE',  ( 0.000000000000000000, 0.000000000000000000, -1.000000000000000000 ) ) ;
#1921 = VERTEX_POINT ( 'NONE', #618 ) ;
#1922 = VECTOR ( 'NONE', #408, 1000.000000000000000 ) ;
#1923 = CARTESIAN_POINT ( 'NONE',  ( 0.000000000000000000, 0.000000000000000000, 5.950000000000000178 ) ) ;
#1924 = CIRCLE ( 'NONE', #382, 18.50000000000000355 ) ;
#1925 = AXIS2_PLACEMENT_3D ( 'NONE', #164, #885, #468 ) ;
#1926 = CARTESIAN_POINT ( 'NONE',  ( 26.09740545482351948, 4.601676708173573438, 6.750000000000002665 ) ) ;
#1927 = CARTESIAN_POINT ( 'NONE',  ( 10.08959422810705497, -27.72093231318435613, 6.750000000000002665 ) ) ;
#1928 = EDGE_CURVE ( 'NONE', #1106, #186, #1917, .T. ) ;
#1929 = DIRECTION ( 'NONE',  ( 1.000000000000000000, 0.000000000000000000, 0.000000000000000000 ) ) ;
#1930 = VERTEX_POINT ( 'NONE', #2246 ) ;
#1931 = CARTESIAN_POINT ( 'NONE',  ( 15.00000000000000000, 0.000000000000000000, 5.250000000000000888 ) ) ;
#1932 = ORIENTED_EDGE ( 'NONE', *, *, #291, .F. ) ;
#1933 = ORIENTED_EDGE ( 'NONE', *, *, #1036, .T. ) ;
#1934 = EDGE_CURVE ( 'NONE', #178, #1056, #1137, .T. ) ;
#1935 = DIRECTION ( 'NONE',  ( -1.000000000000000000, 0.000000000000000000, 0.000000000000000000 ) ) ;
#1936 = B_SPLINE_CURVE_WITH_KNOTS ( 'NONE', 3,
 ( #1156, #1482, #1320, #55, #1862, #1340, #1876, #267, #941, #578 ),
 .UNSPECIFIED., .F., .F.,
 ( 4, 2, 2, 2, 4 ),
 ( 4.230254201820041459E-07, 0.0009056207840401556000, 0.001810818542660129352, 0.002716016301280102779, 0.003621214059900076422 ),
 .UNSPECIFIED. ) ;
#1937 = CARTESIAN_POINT ( 'NONE',  ( -15.99999999999999645, 0.000000000000000000, 5.950000000000000178 ) ) ;
#1938 = ORIENTED_EDGE ( 'NONE', *, *, #1136, .T. ) ;
#1939 = DIRECTION ( 'NONE',  ( 1.000000000000000000, 0.000000000000000000, 0.000000000000000000 ) ) ;
#1940 = CARTESIAN_POINT ( 'NONE',  ( 9.306302953054188976, -30.61686994690957775, 6.750000000000000888 ) ) ;
#1941 = ORIENTED_EDGE ( 'NONE', *, *, #1856, .T. ) ;
#1942 = DIRECTION ( 'NONE',  ( -0.000000000000000000, -0.000000000000000000, 1.000000000000000000 ) ) ;
#1943 = EDGE_LOOP ( 'NONE', ( #1824, #582, #283, #666, #2003, #1907, #354, #839, #2129, #1820 ) ) ;
#1944 = CARTESIAN_POINT ( 'NONE',  ( 18.50000000000000000, 0.000000000000000000, 10.24999999999998224 ) ) ;
#1945 = EDGE_CURVE ( 'NONE', #1018, #441, #2269, .T. ) ;
#1946 = DIRECTION ( 'NONE',  ( 1.000000000000000000, 0.000000000000000000, 0.000000000000000000 ) ) ;
#1947 = ORIENTED_EDGE ( 'NONE', *, *, #2037, .T. ) ;
#1948 = FACE_OUTER_BOUND ( 'NONE', #265, .T. ) ;
#1949 = ORIENTED_EDGE ( 'NONE', *, *, #717, .T. ) ;
#1950 = DIRECTION ( 'NONE',  ( 1.000000000000000000, -1.914725358886527666E-16, 0.000000000000000000 ) ) ;
#1951 = CARTESIAN_POINT ( 'NONE',  ( 0.000000000000000000, 0.000000000000000000, 6.750000000000000888 ) ) ;
#1952 = AXIS2_PLACEMENT_3D ( 'NONE', #659, #246, #625 ) ;
#1953 = ORIENTED_EDGE ( 'NONE', *, *, #998, .T. ) ;
#1954 = AXIS2_PLACEMENT_3D ( 'NONE', #1738, #2274, #126 ) ;
#1955 = DIRECTION ( 'NONE',  ( 0.000000000000000000, 0.000000000000000000, -1.000000000000000000 ) ) ;
#1956 = AXIS2_PLACEMENT_3D ( 'NONE', #373, #203, #940 ) ;
#1957 = VECTOR ( 'NONE', #923, 1000.000000000000000 ) ;
#1958 = EDGE_CURVE ( 'NONE', #1921, #1426, #343, .T. ) ;
#1959 = CIRCLE ( 'NONE', #1768, 1.499999999999994449 ) ;
#1960 = DIRECTION ( 'NONE',  ( 1.000000000000000000, 0.000000000000000000, 0.000000000000000000 ) ) ;
#1961 = ORIENTED_EDGE ( 'NONE', *, *, #1494, .T. ) ;
#1962 = ADVANCED_FACE ( 'NONE', ( #1041, #342 ), #1270, .T. ) ;
#1963 = DIRECTION ( 'NONE',  ( 0.000000000000000000, 0.000000000000000000, 1.000000000000000000 ) ) ;
#1964 = VECTOR ( 'NONE', #2050, 1000.000000000000000 ) ;
#1965 =( NAMED_UNIT ( * ) PLANE_ANGLE_UNIT ( ) SI_UNIT ( $, .RADIAN. ) );
#1966 = DIRECTION ( 'NONE',  ( -0.5000000000000042188, -0.8660254037844361541, 0.000000000000000000 ) ) ;
#1967 = ADVANCED_FACE ( 'NONE', ( #4 ), #327, .F. ) ;
#1968 = ORIENTED_EDGE ( 'NONE', *, *, #1790, .T. ) ;
#1969 = CARTESIAN_POINT ( 'NONE',  ( 31.56641508671978613, 5.258561619721655589, 6.250118535508200068 ) ) ;
#1970 = DIRECTION ( 'NONE',  ( -1.000000000000000000, 0.000000000000000000, 0.000000000000000000 ) ) ;
#1971 = ORIENTED_EDGE ( 'NONE', *, *, #1672, .F. ) ;
#1972 = CARTESIAN_POINT ( 'NONE',  ( 31.16813863491523762, 7.248940200795370714, 6.750000000000002665 ) ) ;
#1973 = ORIENTED_EDGE ( 'NONE', *, *, #761, .F. ) ;
#1974 = CARTESIAN_POINT ( 'NONE',  ( 19.21665045920914849, 25.58750369083666243, 6.750000000000002665 ) ) ;
#1975 = ADVANCED_FACE ( 'NONE', ( #1261 ), #2121, .T. ) ;
#1976 = CARTESIAN_POINT ( 'NONE',  ( -26.14774941164088062, 13.71076951545880007, -6.750000000000000888 ) ) ;
#1977 = DIRECTION ( 'NONE',  ( 0.000000000000000000, 0.000000000000000000, -1.000000000000000000 ) ) ;
#1978 = CARTESIAN_POINT ( 'NONE',  ( 15.00000000000000000, 0.000000000000000000, -18.85547895472983626 ) ) ;
#1979 = EDGE_LOOP ( 'NONE', ( #1784, #237, #385, #1509, #2118, #682 ) ) ;
#1980 = DIRECTION ( 'NONE',  ( 0.000000000000000000, 0.000000000000000000, 1.000000000000000000 ) ) ;
#1981 = EDGE_CURVE ( 'NONE', #1720, #1426, #1443, .T. ) ;
#1982 = DIRECTION ( 'NONE',  ( -1.000000000000000000, 0.000000000000000000, 0.000000000000000000 ) ) ;
#1983 = VERTEX_POINT ( 'NONE', #364 ) ;
#1984 = CARTESIAN_POINT ( 'NONE',  ( 21.86183568186113391, 23.36792974611365992, 6.750000000000000888 ) ) ;
#1985 = EDGE_CURVE ( 'NONE', #1150, #1078, #726, .T. ) ;
#1986 = AXIS2_PLACEMENT_3D ( 'NONE', #1457, #756, #1288 ) ;
#1987 = AXIS2_PLACEMENT_3D ( 'NONE', #386, #1817, #33 ) ;
#1988 = CARTESIAN_POINT ( 'NONE',  ( 17.21277491685818717, -9.937800231748504132, 6.750000000000000888 ) ) ;
#1989 = AXIS2_PLACEMENT_3D ( 'NONE', #934, #1129, #767 ) ;
#1990 = AXIS2_PLACEMENT_3D ( 'NONE', #704, #1775, #908 ) ;
#1991 = LINE ( 'NONE', #1306, #1287 ) ;
#1992 = VERTEX_POINT ( 'NONE', #2147 ) ;
#1993 = AXIS2_PLACEMENT_3D ( 'NONE', #184, #550, #391 ) ;
#1994 = AXIS2_PLACEMENT_3D ( 'NONE', #2304, #366, #205 ) ;
#1995 = FACE_OUTER_BOUND ( 'NONE', #705, .T. ) ;
#1996 = COLOUR_RGB ( '',0.4980392156862745168, 0.4980392156862745168, 0.4980392156862745168 ) ;
#1997 = ORIENTED_EDGE ( 'NONE', *, *, #1131, .T. ) ;
#1998 = CARTESIAN_POINT ( 'NONE',  ( 24.94774941164108739, 15.78923048454108979, -6.750000000000000888 ) ) ;
#1999 = VERTEX_POINT ( 'NONE', #519 ) ;
#2000 = CARTESIAN_POINT ( 'NONE',  ( 31.40429287236343825, 6.152529493884883571, 6.303362910418266019 ) ) ;
#2001 = DIRECTION ( 'NONE',  ( -0.000000000000000000, -0.000000000000000000, -1.000000000000000000 ) ) ;
#2002 = EDGE_CURVE ( 'NONE', #16, #2115, #1407, .T. ) ;
#2003 = ORIENTED_EDGE ( 'NONE', *, *, #2027, .F. ) ;
#2004 = VERTEX_POINT ( 'NONE', #547 ) ;
#2005 = DIRECTION ( 'NONE',  ( 0.000000000000000000, 0.000000000000000000, 1.000000000000000000 ) ) ;
#2006 = CARTESIAN_POINT ( 'NONE',  ( -18.96223448575294768, 22.59831107200982458, 6.750000000000002665 ) ) ;
#2007 = CARTESIAN_POINT ( 'NONE',  ( 0.000000000000000000, 0.000000000000000000, 6.750000000000000888 ) ) ;
#2008 = DIRECTION ( 'NONE',  ( 0.000000000000000000, 0.000000000000000000, -1.000000000000000000 ) ) ;
#2009 = CARTESIAN_POINT ( 'NONE',  ( 18.11981512571184538, 26.37560046349701892, 6.750000000000000888 ) ) ;
#2010 = EDGE_LOOP ( 'NONE', ( #411, #1373, #1710, #1646, #895, #1861, #729, #1495 ) ) ;
#2011 = EDGE_CURVE ( 'NONE', #1106, #1056, #2110, .T. ) ;
#2012 = DIRECTION ( 'NONE',  ( 0.000000000000000000, 0.000000000000000000, -1.000000000000000000 ) ) ;
#2013 = CARTESIAN_POINT ( 'NONE',  ( 26.14774941164106536, 13.71076951545842526, -6.750000000000000888 ) ) ;
#2014 = CARTESIAN_POINT ( 'NONE',  ( 0.000000000000000000, 0.000000000000000000, 6.750000000000000888 ) ) ;
#2015 = CARTESIAN_POINT ( 'NONE',  ( 1.199999999999996847, -29.50000000000000000, 6.750000000000000888 ) ) ;
#2016 = CIRCLE ( 'NONE', #1013, 25.00000000000000000 ) ;
#2017 = EDGE_LOOP ( 'NONE', ( #2089, #23, #2043, #793, #2152, #1642 ) ) ;
#2018 = ADVANCED_FACE ( 'NONE', ( #1091 ), #1742, .T. ) ;
#2019 = VECTOR ( 'NONE', #1850, 999.9999999999998863 ) ;
#2020 = ORIENTED_EDGE ( 'NONE', *, *, #182, .T. ) ;
#2021 = CIRCLE ( 'NONE', #225, 2.500000000000000000 ) ;
#2022 = CONICAL_SURFACE ( 'NONE', #257, 2.999999999999999112, 0.7853981633974492782 ) ;
#2023 = EDGE_CURVE ( 'NONE', #158, #122, #1319, .T. ) ;
#2024 = DIRECTION ( 'NONE',  ( -0.4999999999999926170, 0.8660254037844429265, 0.000000000000000000 ) ) ;
#2025 = AXIS2_PLACEMENT_3D ( 'NONE', #1055, #1721, #121 ) ;
#2026 = DIRECTION ( 'NONE',  ( -0.4999999999999924505, 0.8660254037844429265, 0.000000000000000000 ) ) ;
#2027 = EDGE_CURVE ( 'NONE', #1849, #1516, #2201, .T. ) ;
#2028 = CIRCLE ( 'NONE', #1474, 32.00000000000000000 ) ;
#2029 = CARTESIAN_POINT ( 'NONE',  ( -18.11981512571183828, 26.37560046349702603, 5.250000000000000000 ) ) ;
#2030 = AXIS2_PLACEMENT_3D ( 'NONE', #2007, #1653, #1368 ) ;
#2031 = CARTESIAN_POINT ( 'NONE',  ( -27.55182871386007193, 7.720697452528069604, 6.750000000000002665 ) ) ;
#2032 = CARTESIAN_POINT ( 'NONE',  ( 9.306302953054188976, -30.61686994690957775, 6.750000000000000888 ) ) ;
#2033 = FACE_OUTER_BOUND ( 'NONE', #612, .T. ) ;
#2034 = DIRECTION ( 'NONE',  ( -0.4999999999999998890, -0.8660254037844387076, 0.000000000000000000 ) ) ;
#2035 = ORIENTED_EDGE ( 'NONE', *, *, #605, .F. ) ;
#2036 = CARTESIAN_POINT ( 'NONE',  ( 0.000000000000000000, 19.87560046349701892, 6.750000000000000888 ) ) ;
#2037 = EDGE_CURVE ( 'NONE', #1668, #158, #795, .T. ) ;
#2038 = CARTESIAN_POINT ( 'NONE',  ( -21.86183568186079285, 23.36792974611405072, 6.750000000000002665 ) ) ;
#2039 = ORIENTED_EDGE ( 'NONE', *, *, #1611, .T. ) ;
#2040 = ORIENTED_EDGE ( 'NONE', *, *, #464, .T. ) ;
#2041 = DIRECTION ( 'NONE',  ( -0.000000000000000000, -0.000000000000000000, 1.000000000000000000 ) ) ;
#2042 = FACE_BOUND ( 'NONE', #1648, .T. ) ;
#2043 = ORIENTED_EDGE ( 'NONE', *, *, #1542, .T. ) ;
#2044 = FACE_OUTER_BOUND ( 'NONE', #1804, .T. ) ;
#2045 = DIRECTION ( 'NONE',  ( -0.000000000000000000, -0.000000000000000000, -1.000000000000000000 ) ) ;
#2046 = CARTESIAN_POINT ( 'NONE',  ( -21.66549710883334967, 23.55161403771239748, 6.607354433253741277 ) ) ;
#2047 = ORIENTED_EDGE ( 'NONE', *, *, #379, .F. ) ;
#2048 = EDGE_LOOP ( 'NONE', ( #548, #1465 ) ) ;
#2049 = DIRECTION ( 'NONE',  ( -0.000000000000000000, -0.000000000000000000, -1.000000000000000000 ) ) ;
#2050 = DIRECTION ( 'NONE',  ( -0.5000000000000001110, 0.8660254037844385966, 0.000000000000000000 ) ) ;
#2051 = CARTESIAN_POINT ( 'NONE',  ( -9.563547502368322739, -30.53867790072423460, 6.607354433253746606 ) ) ;
#2052 = ORIENTED_EDGE ( 'NONE', *, *, #2023, .F. ) ;
#2053 = CIRCLE ( 'NONE', #407, 15.99999999999999645 ) ;
#2054 = CIRCLE ( 'NONE', #1989, 1.499999999999994893 ) ;
#2055 = CARTESIAN_POINT ( 'NONE',  ( 22.84194004145703261, -13.18780023174850591, 6.750000000000000888 ) ) ;
#2056 = EDGE_LOOP ( 'NONE', ( #1908, #1015, #2100, #1044 ) ) ;
#2057 = CARTESIAN_POINT ( 'NONE',  ( 2.010996139922138326, 18.39037505123857486, 8.250000000000000000 ) ) ;
#2058 = AXIS2_PLACEMENT_3D ( 'NONE', #539, #1264, #1970 ) ;
#2059 = DIRECTION ( 'NONE',  ( 0.000000000000000000, 0.000000000000000000, 1.000000000000000000 ) ) ;
#2060 = AXIS2_PLACEMENT_3D ( 'NONE', #427, #587, #398 ) ;
#2061 = ORIENTED_EDGE ( 'NONE', *, *, #2253, .F. ) ;
#2062 = CARTESIAN_POINT ( 'NONE',  ( 0.000000000000000000, 0.000000000000000000, 10.75000000000000000 ) ) ;
#2063 = ORIENTED_EDGE ( 'NONE', *, *, #984, .F. ) ;
#2064 = AXIS2_PLACEMENT_3D ( 'NONE', #1364, #1178, #1151 ) ;
#2065 = ORIENTED_EDGE ( 'NONE', *, *, #543, .T. ) ;
#2066 = CARTESIAN_POINT ( 'NONE',  ( 11.51235697441849126, -29.85881556391441549, 6.303362910418257137 ) ) ;
#2067 = ADVANCED_FACE ( 'NONE', ( #315, #1660 ), #771, .T. ) ;
#2068 = CARTESIAN_POINT ( 'NONE',  ( 0.000000000000000000, 0.000000000000000000, 5.750000000000000888 ) ) ;
#2069 = EDGE_CURVE ( 'NONE', #1731, #910, #1852, .T. ) ;
#2070 = CARTESIAN_POINT ( 'NONE',  ( 19.71277491685818717, -9.937800231748504132, 6.750000000000000888 ) ) ;
#2071 = EDGE_LOOP ( 'NONE', ( #1460, #103, #1740, #1891, #2039, #1545, #2122, #1228 ) ) ;
#2072 = CARTESIAN_POINT ( 'NONE',  ( 0.000000000000000000, 0.000000000000000000, 6.750000000000000888 ) ) ;
#2073 = CARTESIAN_POINT ( 'NONE',  ( 0.000000000000000000, 0.000000000000000000, 5.950000000000000178 ) ) ;
#2074 = VERTEX_POINT ( 'NONE', #388 ) ;
#2075 = DIRECTION ( 'NONE',  ( 1.000000000000000000, 0.000000000000000000, 0.000000000000000000 ) ) ;
#2076 = ORIENTED_EDGE ( 'NONE', *, *, #9, .T. ) ;
#2077 = ORIENTED_EDGE ( 'NONE', *, *, #2080, .F. ) ;
#2078 = CARTESIAN_POINT ( 'NONE',  ( 16.93203004945722867, -7.453613781534265570, 6.150000000000001243 ) ) ;
#2079 = CARTESIAN_POINT ( 'NONE',  ( 17.46223448575328163, 25.19638728336288125, 6.750000000000002665 ) ) ;
#2080 = EDGE_CURVE ( 'NONE', #1054, #2214, #2178, .T. ) ;
#2081 = CARTESIAN_POINT ( 'NONE',  ( -9.826401874189578223, -30.45529602865853036, 6.483290813272185815 ) ) ;
#2082 = EDGE_CURVE ( 'NONE', #880, #1277, #1066, .T. ) ;
#2083 = CARTESIAN_POINT ( 'NONE',  ( -3.612708057484691604E-15, -29.50000000000000000, 6.750000000000000888 ) ) ;
#2084 = ORIENTED_EDGE ( 'NONE', *, *, #2305, .F. ) ;
#2085 = DIRECTION ( 'NONE',  ( -1.000000000000000000, 0.000000000000000000, 0.000000000000000000 ) ) ;
#2086 = VERTEX_POINT ( 'NONE', #592 ) ;
#2087 = LINE ( 'NONE', #481, #572 ) ;
#2088 = ORIENTED_EDGE ( 'NONE', *, *, #9, .F. ) ;
#2089 = ORIENTED_EDGE ( 'NONE', *, *, #590, .F. ) ;
#2090 = CARTESIAN_POINT ( 'NONE',  ( 18.50000000000000000, 0.000000000000000000, 5.750000000000000888 ) ) ;
#2091 = CARTESIAN_POINT ( 'NONE',  ( -3.612708057484691604E-15, -29.50000000000000000, 5.249999999999999112 ) ) ;
#2092 = EDGE_CURVE ( 'NONE', #432, #1197, #377, .T. ) ;
#2093 = CONICAL_SURFACE ( 'NONE', #791, 18.50000000000000000, 0.7853981633974482790 ) ;
#2094 = ORIENTED_EDGE ( 'NONE', *, *, #689, .T. ) ;
#2095 = CIRCLE ( 'NONE', #410, 1.200000000000000622 ) ;
#2096 = EDGE_CURVE ( 'NONE', #2272, #2086, #1841, .T. ) ;
#2097 = CARTESIAN_POINT ( 'NONE',  ( 0.000000000000000000, 0.000000000000000000, 6.750000000000000888 ) ) ;
#2098 = VECTOR ( 'NONE', #1473, 1000.000000000000000 ) ;
#2099 = AXIS2_PLACEMENT_3D ( 'NONE', #1801, #2008, #719 ) ;
#2100 = ORIENTED_EDGE ( 'NONE', *, *, #1108, .F. ) ;
#2101 = DIRECTION ( 'NONE',  ( 0.000000000000000000, 0.000000000000000000, -1.000000000000000000 ) ) ;
#2102 = ORIENTED_EDGE ( 'NONE', *, *, #1539, .T. ) ;
#2103 = ORIENTED_EDGE ( 'NONE', *, *, #321, .F. ) ;
#2104 = CIRCLE ( 'NONE', #731, 32.00000000000000000 ) ;
#2105 = DIRECTION ( 'NONE',  ( 0.7071067811865483499, 0.000000000000000000, 0.7071067811865467956 ) ) ;
#2106 = VECTOR ( 'NONE', #1001, 1000.000000000000000 ) ;
#2107 = CYLINDRICAL_SURFACE ( 'NONE', #1498, 26.50000000000000355 ) ;
#2108 = ORIENTED_EDGE ( 'NONE', *, *, #286, .T. ) ;
#2109 = DIRECTION ( 'NONE',  ( -1.000000000000000000, 0.000000000000000000, 0.000000000000000000 ) ) ;
#2110 = LINE ( 'NONE', #1976, #7 ) ;
#2111 = ORIENTED_EDGE ( 'NONE', *, *, #1132, .F. ) ;
#2112 = DIRECTION ( 'NONE',  ( -1.000000000000000000, 0.000000000000000000, 0.000000000000000000 ) ) ;
#2113 = EDGE_CURVE ( 'NONE', #16, #2074, #1875, .T. ) ;
#2114 = EDGE_LOOP ( 'NONE', ( #1745, #518, #1578, #83, #1413, #1629 ) ) ;
#2115 = VERTEX_POINT ( 'NONE', #1810 ) ;
#2116 = FACE_OUTER_BOUND ( 'NONE', #1130, .T. ) ;
#2117 = DIRECTION ( 'NONE',  ( -0.5000000000000038858, -0.8660254037844362651, 0.000000000000000000 ) ) ;
#2118 = ORIENTED_EDGE ( 'NONE', *, *, #1424, .T. ) ;
#2119 = CARTESIAN_POINT ( 'NONE',  ( -13.08959422810705320, -27.72093231318435613, 6.750000000000002665 ) ) ;
#2120 = CARTESIAN_POINT ( 'NONE',  ( 18.21223448575327097, 23.89734917768621258, 5.250000000000000000 ) ) ;
#2121 = CYLINDRICAL_SURFACE ( 'NONE', #1718, 32.00000000000000000 ) ;
#2122 = ORIENTED_EDGE ( 'NONE', *, *, #707, .T. ) ;
#2123 = PLANE ( 'NONE',  #2247 ) ;
#2124 = ADVANCED_FACE ( 'NONE', ( #239 ), #963, .F. ) ;
#2125 = VERTEX_POINT ( 'NONE', #747 ) ;
#2126 = ADVANCED_FACE ( 'NONE', ( #232 ), #1811, .F. ) ;
#2127 = DIRECTION ( 'NONE',  ( -0.000000000000000000, -0.000000000000000000, 1.000000000000000000 ) ) ;
#2128 = CARTESIAN_POINT ( 'NONE',  ( -8.589594228107060303, -27.72093231318435613, 5.250000000000000000 ) ) ;
#2129 = ORIENTED_EDGE ( 'NONE', *, *, #1047, .F. ) ;
#2130 = FACE_OUTER_BOUND ( 'NONE', #1865, .T. ) ;
#2131 = VERTEX_POINT ( 'NONE', #2155 ) ;
#2132 = DIRECTION ( 'NONE',  ( 1.000000000000000000, 0.000000000000000000, 0.000000000000000000 ) ) ;
#2133 = AXIS2_PLACEMENT_3D ( 'NONE', #1564, #1575, #2279 ) ;
#2134 = ORIENTED_EDGE ( 'NONE', *, *, #2092, .F. ) ;
#2135 = CARTESIAN_POINT ( 'NONE',  ( -26.09740545482346263, 4.601676708173938479, 6.750000000000002665 ) ) ;
#2136 = CIRCLE ( 'NONE', #757, 24.50000000000002487 ) ;
#2137 = AXIS2_PLACEMENT_3D ( 'NONE', #655, #1411, #1046 ) ;
#2138 = PLANE ( 'NONE',  #2058 ) ;
#2139 = VECTOR ( 'NONE', #2034, 1000.000000000000114 ) ;
#2140 = AXIS2_PLACEMENT_3D ( 'NONE', #2212, #965, #1881 ) ;
#2141 = AXIS2_PLACEMENT_3D ( 'NONE', #1821, #28, #1599 ) ;
#2142 = DIRECTION ( 'NONE',  ( 0.000000000000000000, 0.000000000000000000, 1.000000000000000000 ) ) ;
#2143 = VERTEX_POINT ( 'NONE', #953 ) ;
#2144 = EDGE_CURVE ( 'NONE', #365, #426, #1104, .T. ) ;
#2145 = AXIS2_PLACEMENT_3D ( 'NONE', #1425, #1352, #2244 ) ;
#2146 = CARTESIAN_POINT ( 'NONE',  ( 0.000000000000000000, 0.000000000000000000, 6.750000000000000888 ) ) ;
#2147 = CARTESIAN_POINT ( 'NONE',  ( -31.16813863491507064, 7.248940200795876976, 6.750000000000000888 ) ) ;
#2148 = ORIENTED_EDGE ( 'NONE', *, *, #494, .T. ) ;
#2149 = DIRECTION ( 'NONE',  ( 0.000000000000000000, 0.000000000000000000, -1.000000000000000000 ) ) ;
#2150 = CARTESIAN_POINT ( 'NONE',  ( 0.000000000000000000, 0.000000000000000000, 6.750000000000000888 ) ) ;
#2151 = CARTESIAN_POINT ( 'NONE',  ( 14.71277491685818539, -9.937800231748504132, 6.750000000000000888 ) ) ;
#2152 = ORIENTED_EDGE ( 'NONE', *, *, #872, .T. ) ;
#2153 = EDGE_CURVE ( 'NONE', #1501, #1826, #259, .T. ) ;
#2154 = DIRECTION ( 'NONE',  ( 1.000000000000000000, 0.000000000000000000, 0.000000000000000000 ) ) ;
#2155 = CARTESIAN_POINT ( 'NONE',  ( -28.30182871386007903, 6.421659346851410710, 5.250000000000000000 ) ) ;
#2156 = DIRECTION ( 'NONE',  ( 0.000000000000000000, 0.000000000000000000, 1.000000000000000000 ) ) ;
#2157 = FACE_OUTER_BOUND ( 'NONE', #1816, .T. ) ;
#2158 = CARTESIAN_POINT ( 'NONE',  ( 0.000000000000000000, 0.000000000000000000, 5.250000000000000000 ) ) ;
#2159 = ORIENTED_EDGE ( 'NONE', *, *, #1600, .F. ) ;
#2160 = CARTESIAN_POINT ( 'NONE',  ( 0.000000000000000000, 0.000000000000000000, 5.950000000000000178 ) ) ;
#2161 = ORIENTED_EDGE ( 'NONE', *, *, #1851, .F. ) ;
#2162 = DIRECTION ( 'NONE',  ( -0.000000000000000000, -0.000000000000000000, -1.000000000000000000 ) ) ;
#2163 = CARTESIAN_POINT ( 'NONE',  ( 31.22904461120185005, 6.987063863011643505, 6.607354433253750159 ) ) ;
#2164 = AXIS2_PLACEMENT_3D ( 'NONE', #2146, #362, #1089 ) ;
#2165 = EDGE_CURVE ( 'NONE', #1521, #1344, #1580, .T. ) ;
#2166 = AXIS2_PLACEMENT_3D ( 'NONE', #1480, #1659, #188 ) ;
#2167 = CARTESIAN_POINT ( 'NONE',  ( 13.78203247860112235, -28.88002044249248712, 5.250000000000000000 ) ) ;
#2168 = CIRCLE ( 'NONE', #1467, 3.000000000000000000 ) ;
#2169 = EDGE_CURVE ( 'NONE', #1568, #2308, #1470, .T. ) ;
#2170 = VECTOR ( 'NONE', #404, 1000.000000000000000 ) ;
#2171 = EDGE_LOOP ( 'NONE', ( #1901, #470, #2148, #2294 ) ) ;
#2172 = AXIS2_PLACEMENT_3D ( 'NONE', #471, #1371, #828 ) ;
#2173 = ORIENTED_EDGE ( 'NONE', *, *, #2037, .F. ) ;
#2174 = EDGE_LOOP ( 'NONE', ( #794, #504 ) ) ;
#2175 = VECTOR ( 'NONE', #1977, 1000.000000000000000 ) ;
#2176 = CARTESIAN_POINT ( 'NONE',  ( 19.71277491685818717, -9.937800231748504132, 5.250000000000000000 ) ) ;
#2177 = CIRCLE ( 'NONE', #123, 15.99999999999999645 ) ;
#2178 = LINE ( 'NONE', #1292, #1102 ) ;
#2179 = CARTESIAN_POINT ( 'NONE',  ( 31.69904499341980753, 4.387852820862756076, 6.483679253533998654 ) ) ;
#2180 = EDGE_CURVE ( 'NONE', #1724, #1035, #1670, .T. ) ;
#2181 = DIRECTION ( 'NONE',  ( 0.000000000000000000, 0.000000000000000000, 1.000000000000000000 ) ) ;
#2182 = CARTESIAN_POINT ( 'NONE',  ( 5.050203106331699892E-15, 26.37560046349702247, 6.750000000000000888 ) ) ;
#2183 = ORIENTED_EDGE ( 'NONE', *, *, #13, .F. ) ;
#2184 = DIRECTION ( 'NONE',  ( 1.000000000000000000, 0.000000000000000000, 0.000000000000000000 ) ) ;
#2185 = DIRECTION ( 'NONE',  ( 1.000000000000000000, 0.000000000000000000, 0.000000000000000000 ) ) ;
#2186 = CARTESIAN_POINT ( 'NONE',  ( 18.96223448575325676, 22.59831107200955458, 6.750000000000002665 ) ) ;
#2187 = CARTESIAN_POINT ( 'NONE',  ( 19.21665045920914849, 25.58750369083666243, 6.750000000000002665 ) ) ;
#2188 = ADVANCED_FACE ( 'NONE', ( #418 ), #1146, .F. ) ;
#2189 = DIRECTION ( 'NONE',  ( 0.000000000000000000, 0.000000000000000000, -1.000000000000000000 ) ) ;
#2190 = EDGE_CURVE ( 'NONE', #1520, #1307, #641, .T. ) ;
#2191 = ORIENTED_EDGE ( 'NONE', *, *, #1985, .T. ) ;
#2192 = DIRECTION ( 'NONE',  ( 0.000000000000000000, 0.000000000000000000, -1.000000000000000000 ) ) ;
#2193 = ADVANCED_FACE ( 'NONE', ( #1652 ), #48, .T. ) ;
#2194 = CARTESIAN_POINT ( 'NONE',  ( 18.96223448575325676, 22.59831107200955458, 5.250000000000000000 ) ) ;
#2195 = DIRECTION ( 'NONE',  ( 0.000000000000000000, 0.000000000000000000, 1.000000000000000000 ) ) ;
#2196 = CARTESIAN_POINT ( 'NONE',  ( 31.76775344529724521, 3.848355627902021237, 6.750000000000000888 ) ) ;
#2197 = DIRECTION ( 'NONE',  ( -1.000000000000000000, 0.000000000000000000, 0.000000000000000000 ) ) ;
#2198 = CONICAL_SURFACE ( 'NONE', #1464, 2.999999999999998668, 0.7853981633974492782 ) ;
#2199 = FACE_OUTER_BOUND ( 'NONE', #1289, .T. ) ;
#2200 = CARTESIAN_POINT ( 'NONE',  ( 24.94774941164108739, 15.78923048454108979, 6.750000000000000888 ) ) ;
#2201 = CIRCLE ( 'NONE', #1803, 26.50000000000000355 ) ;
#2202 = AXIS2_PLACEMENT_3D ( 'NONE', #1058, #160, #709 ) ;
#2203 = CARTESIAN_POINT ( 'NONE',  ( 0.000000000000000000, 0.000000000000000000, 6.750000000000000888 ) ) ;
#2204 = EDGE_CURVE ( 'NONE', #1543, #143, #247, .T. ) ;
#2205 = AXIS2_PLACEMENT_3D ( 'NONE', #1481, #838, #1366 ) ;
#2206 = AXIS2_PLACEMENT_3D ( 'NONE', #891, #2149, #1445 ) ;
#2207 = FACE_BOUND ( 'NONE', #809, .T. ) ;
#2208 = ORIENTED_EDGE ( 'NONE', *, *, #580, .T. ) ;
#2209 = CIRCLE ( 'NONE', #1293, 18.50000000000000000 ) ;
#2210 = DIRECTION ( 'NONE',  ( -1.000000000000000000, 0.000000000000000000, 0.000000000000000000 ) ) ;
#2211 = CIRCLE ( 'NONE', #2064, 26.50000000000000355 ) ;
#2212 = CARTESIAN_POINT ( 'NONE',  ( 0.000000000000000000, 0.000000000000000000, 6.950000000000000178 ) ) ;
#2213 = VERTEX_POINT ( 'NONE', #614 ) ;
#2214 = VERTEX_POINT ( 'NONE', #660 ) ;
#2215 = FACE_OUTER_BOUND ( 'NONE', #1229, .T. ) ;
#2216 = ADVANCED_FACE ( 'NONE', ( #627 ), #1330, .F. ) ;
#2217 = CARTESIAN_POINT ( 'NONE',  ( 24.12429141588371095, -10.96670249808573061, 6.750000000000000888 ) ) ;
#2218 = ORIENTED_EDGE ( 'NONE', *, *, #2169, .F. ) ;
#2219 = CARTESIAN_POINT ( 'NONE',  ( 0.000000000000000000, 0.000000000000000000, 6.750000000000000888 ) ) ;
#2220 = DIRECTION ( 'NONE',  ( -0.000000000000000000, -0.000000000000000000, -1.000000000000000000 ) ) ;
#2221 = DIRECTION ( 'NONE',  ( 0.000000000000000000, 0.000000000000000000, -1.000000000000000000 ) ) ;
#2222 = ORIENTED_EDGE ( 'NONE', *, *, #66, .F. ) ;
#2223 = ORIENTED_EDGE ( 'NONE', *, *, #2080, .T. ) ;
#2224 = LINE ( 'NONE', #463, #1964 ) ;
#2225 = CARTESIAN_POINT ( 'NONE',  ( 17.21277491685818717, -9.937800231748504132, 5.250000000000000000 ) ) ;
#2226 = LINE ( 'NONE', #2055, #2139 ) ;
#2227 = VERTEX_POINT ( 'NONE', #1524 ) ;
#2228 =( LENGTH_UNIT ( ) NAMED_UNIT ( * ) SI_UNIT ( .MILLI., .METRE. ) );
#2229 = DIRECTION ( 'NONE',  ( -0.4999999999999928946, 0.8660254037844428154, 0.000000000000000000 ) ) ;
#2230 = ORIENTED_EDGE ( 'NONE', *, *, #1337, .T. ) ;
#2231 = CARTESIAN_POINT ( 'NONE',  ( -17.46223448575293347, 25.19638728336313349, 6.750000000000002665 ) ) ;
#2232 = EDGE_CURVE ( 'NONE', #2125, #1882, #1899, .T. ) ;
#2233 = EDGE_LOOP ( 'NONE', ( #894, #744, #1938, #1674, #1947 ) ) ;
#2234 = VERTEX_POINT ( 'NONE', #1166 ) ;
#2235 = CARTESIAN_POINT ( 'NONE',  ( -3.612708057484691604E-15, -29.50000000000000000, -6.750000000000000888 ) ) ;
#2236 = EDGE_CURVE ( 'NONE', #1018, #208, #74, .T. ) ;
#2237 = CIRCLE ( 'NONE', #1095, 2.999999999999999112 ) ;
#2238 = DIRECTION ( 'NONE',  ( 0.000000000000000000, 0.000000000000000000, 1.000000000000000000 ) ) ;
#2239 = CONICAL_SURFACE ( 'NONE', #338, 2.999999999999999556, 0.7853981633974492782 ) ;
#2240 = VECTOR ( 'NONE', #864, 1000.000000000000114 ) ;
#2241 = CARTESIAN_POINT ( 'NONE',  ( -18.96223448575294768, 22.59831107200982458, 6.750000000000002665 ) ) ;
#2242 = ORIENTED_EDGE ( 'NONE', *, *, #70, .T. ) ;
#2243 = AXIS2_PLACEMENT_3D ( 'NONE', #1310, #1829, #1302 ) ;
#2244 = DIRECTION ( 'NONE',  ( 1.000000000000000000, 0.000000000000000000, 0.000000000000000000 ) ) ;
#2245 = AXIS2_PLACEMENT_3D ( 'NONE', #1249, #1955, #1021 ) ;
#2246 = CARTESIAN_POINT ( 'NONE',  ( 18.50000000000000000, 0.000000000000000000, 5.950000000000000178 ) ) ;
#2247 = AXIS2_PLACEMENT_3D ( 'NONE', #1709, #1797, #169 ) ;
#2248 = VERTEX_POINT ( 'NONE', #1694 ) ;
#2249 = DIRECTION ( 'NONE',  ( -0.000000000000000000, -0.000000000000000000, -1.000000000000000000 ) ) ;
#2250 = ORIENTED_EDGE ( 'NONE', *, *, #137, .F. ) ;
#2251 = CIRCLE ( 'NONE', #1809, 2.499999999999998668 ) ;
#2252 = EDGE_LOOP ( 'NONE', ( #896, #676 ) ) ;
#2253 = EDGE_CURVE ( 'NONE', #902, #1430, #803, .T. ) ;
#2254 = CARTESIAN_POINT ( 'NONE',  ( 0.000000000000000000, 0.000000000000000000, 6.750000000000000888 ) ) ;
#2255 = FACE_OUTER_BOUND ( 'NONE', #673, .T. ) ;
#2256 = DIRECTION ( 'NONE',  ( -0.000000000000000000, -0.000000000000000000, -1.000000000000000000 ) ) ;
#2257 = DIRECTION ( 'NONE',  ( 0.000000000000000000, 0.000000000000000000, -1.000000000000000000 ) ) ;
#2258 = VERTEX_POINT ( 'NONE', #1338 ) ;
#2259 = CARTESIAN_POINT ( 'NONE',  ( -26.50000000000000355, 0.000000000000000000, 6.750000000000000888 ) ) ;
#2260 = ORIENTED_EDGE ( 'NONE', *, *, #35, .T. ) ;
#2261 = DIRECTION ( 'NONE',  ( -1.000000000000000000, 0.000000000000000000, 0.000000000000000000 ) ) ;
#2262 = ORIENTED_EDGE ( 'NONE', *, *, #1915, .T. ) ;
#2263 = ORIENTED_EDGE ( 'NONE', *, *, #1928, .T. ) ;
#2264 = LINE ( 'NONE', #1592, #1762 ) ;
#2265 = EDGE_CURVE ( 'NONE', #254, #2300, #2226, .T. ) ;
#2266 = DIRECTION ( 'NONE',  ( 0.000000000000000000, 0.000000000000000000, 1.000000000000000000 ) ) ;
#2267 = ADVANCED_FACE ( 'NONE', ( #1912 ), #1879, .F. ) ;
#2268 = CARTESIAN_POINT ( 'NONE',  ( 20.10231431805505409, 24.89940137923839458, 6.303362910418258913 ) ) ;
#2269 = LINE ( 'NONE', #1393, #1022 ) ;
#2270 = ORIENTED_EDGE ( 'NONE', *, *, #2265, .F. ) ;
#2271 = CARTESIAN_POINT ( 'NONE',  ( -1.200000000000004174, -29.50000000000000000, -6.750000000000000888 ) ) ;
#2272 = VERTEX_POINT ( 'NONE', #1182 ) ;
#2273 = EDGE_LOOP ( 'NONE', ( #1973, #552, #331, #133, #1404, #1573 ) ) ;
#2274 = DIRECTION ( 'NONE',  ( 0.000000000000000000, 0.000000000000000000, 1.000000000000000000 ) ) ;
#2275 = CARTESIAN_POINT ( 'NONE',  ( 0.000000000000000000, 0.000000000000000000, 6.750000000000000888 ) ) ;
#2276 = VERTEX_POINT ( 'NONE', #276 ) ;
#2277 = CONICAL_SURFACE ( 'NONE', #790, 2.999999999999999112, 0.7853981633974492782 ) ;
#2278 = EDGE_CURVE ( 'NONE', #1150, #1005, #970, .T. ) ;
#2279 = DIRECTION ( 'NONE',  ( -1.000000000000000000, 0.000000000000000000, 0.000000000000000000 ) ) ;
#2280 = CIRCLE ( 'NONE', #191, 26.50000000000000355 ) ;
#2281 = AXIS2_PLACEMENT_3D ( 'NONE', #1489, #930, #397 ) ;
#2282 = ORIENTED_EDGE ( 'NONE', *, *, #2153, .F. ) ;
#2283 = CARTESIAN_POINT ( 'NONE',  ( 0.000000000000000000, 19.87560046349701892, 5.250000000000000000 ) ) ;
#2284 = ORIENTED_EDGE ( 'NONE', *, *, #444, .T. ) ;
#2285 = CIRCLE ( 'NONE', #2060, 18.50000000000000000 ) ;
#2286 = CARTESIAN_POINT ( 'NONE',  ( -18.96223448575294768, 22.59831107200982458, 6.750000000000002665 ) ) ;
#2287 = CIRCLE ( 'NONE', #2145, 15.99999999999999645 ) ;
#2288 = DIRECTION ( 'NONE',  ( 1.000000000000000000, 0.000000000000000000, 0.000000000000000000 ) ) ;
#2289 = VERTEX_POINT ( 'NONE', #1680 ) ;
#2290 = EDGE_CURVE ( 'NONE', #254, #1430, #425, .T. ) ;
#2291 = DIRECTION ( 'NONE',  ( -0.000000000000000000, -0.000000000000000000, 1.000000000000000000 ) ) ;
#2292 = ADVANCED_FACE ( 'NONE', ( #646, #1009, #1730, #1154, #264, #788, #76, #1500, #2207, #997, #604, #2042, #1860, #1514 ), #1704, .F. ) ;
#2293 = DIRECTION ( 'NONE',  ( -1.000000000000000000, 0.000000000000000000, 0.000000000000000000 ) ) ;
#2294 = ORIENTED_EDGE ( 'NONE', *, *, #2002, .F. ) ;
#2295 = CARTESIAN_POINT ( 'NONE',  ( 17.21277491685818717, -9.937800231748504132, 6.150000000000001243 ) ) ;
#2296 = ORIENTED_EDGE ( 'NONE', *, *, #1377, .F. ) ;
#2297 = ORIENTED_EDGE ( 'NONE', *, *, #275, .T. ) ;
#2298 = DIRECTION ( 'NONE',  ( 1.000000000000000000, -1.914725358886527666E-16, 0.000000000000000000 ) ) ;
#2299 = CARTESIAN_POINT ( 'NONE',  ( 15.99999999999999645, 1.959434878635764737E-15, 5.750000000000000888 ) ) ;
#2300 = VERTEX_POINT ( 'NONE', #2217 ) ;
#2301 = FILL_AREA_STYLE_COLOUR ( '', #1996 ) ;
#2302 = CARTESIAN_POINT ( 'NONE',  ( 21.46241984300929317, 23.73704363131194839, 6.483679253533998654 ) ) ;
#2303 = ORIENTED_EDGE ( 'NONE', *, *, #1157, .F. ) ;
#2304 = CARTESIAN_POINT ( 'NONE',  ( 0.000000000000000000, 0.000000000000000000, 6.750000000000000888 ) ) ;
#2305 = EDGE_CURVE ( 'NONE', #483, #1568, #946, .T. ) ;
#2306 = DIRECTION ( 'NONE',  ( 1.000000000000000000, 0.000000000000000000, 0.000000000000000000 ) ) ;
#2307 = DIRECTION ( 'NONE',  ( 0.000000000000000000, 0.000000000000000000, 1.000000000000000000 ) ) ;
#2308 = VERTEX_POINT ( 'NONE', #987 ) ;
#2309 = DIRECTION ( 'NONE',  ( 1.000000000000000000, 0.000000000000000000, 0.000000000000000000 ) ) ;
ENDSEC;
END-ISO-10303-21;
