ISO-10303-21;
HEADER;
FILE_DESCRIPTION (( 'STEP AP214' ),
    '1' );
FILE_NAME ('1x_controller_case.STEP',
    '2025-09-05T22:05:51',
    ( '' ),
    ( '' ),
    'SwSTEP 2.0',
    'SolidWorks 2024',
    '' );
FILE_SCHEMA (( 'AUTOMOTIVE_DESIGN' ));
ENDSEC;

DATA;
#1 = ORIENTED_EDGE ( 'NONE', *, *, #3585, .T. ) ;
#2 = CARTESIAN_POINT ( 'NONE',  ( 25.50000000000002487, 47.00000000000000000, -22.50000000000003908 ) ) ;
#3 = VERTEX_POINT ( 'NONE', #6193 ) ;
#4 = CARTESIAN_POINT ( 'NONE',  ( -28.53000000000001890, 52.50000000000000000, -22.94000000000003681 ) ) ;
#5 = ORIENTED_EDGE ( 'NONE', *, *, #1189, .F. ) ;
#6 = DIRECTION ( 'NONE',  ( -0.7071067811865378028, 0.000000000000000000, -0.7071067811865573427 ) ) ;
#7 = DIRECTION ( 'NONE',  ( 5.782411586589355667E-16, 0.000000000000000000, 1.000000000000000000 ) ) ;
#8 = VERTEX_POINT ( 'NONE', #3152 ) ;
#9 = ORIENTED_EDGE ( 'NONE', *, *, #3500, .T. ) ;
#10 = CARTESIAN_POINT ( 'NONE',  ( 31.89644660940666654, 52.50000000000000000, 31.89644660940681931 ) ) ;
#11 = DIRECTION ( 'NONE',  ( -0.000000000000000000, -0.000000000000000000, -1.000000000000000000 ) ) ;
#12 = DIRECTION ( 'NONE',  ( 1.000000000000000000, 0.000000000000000000, 0.000000000000000000 ) ) ;
#13 = CARTESIAN_POINT ( 'NONE',  ( 0.000000000000000000, 48.79289321881345387, 0.000000000000000000 ) ) ;
#14 = ORIENTED_EDGE ( 'NONE', *, *, #5872, .T. ) ;
#15 = VECTOR ( 'NONE', #2108, 1000.000000000000000 ) ;
#16 = LINE ( 'NONE', #637, #2794 ) ;
#17 = ORIENTED_EDGE ( 'NONE', *, *, #5886, .T. ) ;
#18 = DIRECTION ( 'NONE',  ( 0.7071067811865475727, 0.7071067811865475727, -7.110925990415648734E-16 ) ) ;
#19 = CARTESIAN_POINT ( 'NONE',  ( 0.000000000000000000, 53.97487373415290790, 58.52512626584707789 ) ) ;
#20 = ADVANCED_FACE ( 'NONE', ( #4182 ), #1620, .F. ) ;
#21 = ORIENTED_EDGE ( 'NONE', *, *, #2738, .T. ) ;
#22 = ADVANCED_FACE ( 'NONE', ( #2044 ), #5184, .T. ) ;
#23 = VECTOR ( 'NONE', #3411, 1000.000000000000000 ) ;
#24 = DIRECTION ( 'NONE',  ( -2.973811673103095002E-15, 0.000000000000000000, -1.000000000000000000 ) ) ;
#25 = ORIENTED_EDGE ( 'NONE', *, *, #2743, .T. ) ;
#26 = DIRECTION ( 'NONE',  ( 0.000000000000000000, 0.000000000000000000, -1.000000000000000000 ) ) ;
#27 = EDGE_CURVE ( 'NONE', #2607, #1662, #2645, .T. ) ;
#28 = ORIENTED_EDGE ( 'NONE', *, *, #763, .T. ) ;
#29 = FACE_OUTER_BOUND ( 'NONE', #5073, .T. ) ;
#30 = DIRECTION ( 'NONE',  ( -1.000000000000000000, -0.000000000000000000, -0.000000000000000000 ) ) ;
#31 = CONICAL_SURFACE ( 'NONE', #1961, 3.999999999999982681, 0.7853981633974445042 ) ;
#32 = CARTESIAN_POINT ( 'NONE',  ( -12.65420063270826034, 54.75516867065098836, 55.92252325779424638 ) ) ;
#33 = LINE ( 'NONE', #5592, #910 ) ;
#34 = EDGE_CURVE ( 'NONE', #838, #1975, #4584, .T. ) ;
#35 = CARTESIAN_POINT ( 'NONE',  ( 12.43038557776747766, 51.94453121113414795, 58.54337018702283046 ) ) ;
#36 = ORIENTED_EDGE ( 'NONE', *, *, #4100, .T. ) ;
#37 = VECTOR ( 'NONE', #4798, 1000.000000000000000 ) ;
#38 = AXIS2_PLACEMENT_3D ( 'NONE', #4399, #6527, #2011 ) ;
#39 = DIRECTION ( 'NONE',  ( -0.7071067811865475727, -0.000000000000000000, -0.7071067811865475727 ) ) ;
#40 = EDGE_CURVE ( 'NONE', #2907, #1772, #3960, .T. ) ;
#41 = B_SPLINE_CURVE_WITH_KNOTS ( 'NONE', 3,
 ( #1153, #6351, #661, #3179 ),
 .UNSPECIFIED., .F., .F.,
 ( 4, 4 ),
 ( 7.757919228897728493E-18, 0.0003554073271916721602 ),
 .UNSPECIFIED. ) ;
#42 = ORIENTED_EDGE ( 'NONE', *, *, #986, .F. ) ;
#43 = DIRECTION ( 'NONE',  ( 0.000000000000000000, 1.000000000000000000, 0.000000000000000000 ) ) ;
#44 = CARTESIAN_POINT ( 'NONE',  ( 28.50000000000000000, 54.50000000000000000, 26.00000000000000000 ) ) ;
#45 = DIRECTION ( 'NONE',  ( -0.000000000000000000, 1.000000000000000000, -0.000000000000000000 ) ) ;
#46 = ORIENTED_EDGE ( 'NONE', *, *, #302, .F. ) ;
#47 = VECTOR ( 'NONE', #2196, 1000.000000000000000 ) ;
#48 = ORIENTED_EDGE ( 'NONE', *, *, #1099, .F. ) ;
#49 = AXIS2_PLACEMENT_3D ( 'NONE', #5423, #1888, #4887 ) ;
#50 = DIRECTION ( 'NONE',  ( 0.7071067811865573427, -0.000000000000000000, 0.7071067811865376918 ) ) ;
#51 = CYLINDRICAL_SURFACE ( 'NONE', #886, 1.500000000000001332 ) ;
#52 = FACE_OUTER_BOUND ( 'NONE', #1328, .T. ) ;
#53 = CARTESIAN_POINT ( 'NONE',  ( 0.000000000000000000, 46.00000000000000000, -24.00000000000004263 ) ) ;
#54 = ORIENTED_EDGE ( 'NONE', *, *, #3528, .T. ) ;
#55 = AXIS2_PLACEMENT_3D ( 'NONE', #1762, #4355, #5894 ) ;
#56 = DIRECTION ( 'NONE',  ( 0.000000000000000000, 0.000000000000000000, 1.000000000000000000 ) ) ;
#57 = DIRECTION ( 'NONE',  ( 0.000000000000000000, 0.000000000000000000, 1.000000000000000000 ) ) ;
#58 = ORIENTED_EDGE ( 'NONE', *, *, #4363, .T. ) ;
#59 = CARTESIAN_POINT ( 'NONE',  ( 32.50000000000000711, 54.50000000000000000, 14.69999999999999751 ) ) ;
#60 = AXIS2_PLACEMENT_3D ( 'NONE', #1417, #3481, #841 ) ;
#61 = CARTESIAN_POINT ( 'NONE',  ( -13.11365057943553225, 54.05007123678580427, 56.23630226465218129 ) ) ;
#62 = EDGE_CURVE ( 'NONE', #4856, #6278, #5083, .T. ) ;
#63 = ORIENTED_EDGE ( 'NONE', *, *, #4919, .T. ) ;
#64 = VECTOR ( 'NONE', #2649, 1000.000000000000000 ) ;
#65 = DIRECTION ( 'NONE',  ( 0.000000000000000000, 0.000000000000000000, -1.000000000000000000 ) ) ;
#66 = VERTEX_POINT ( 'NONE', #388 ) ;
#67 = LINE ( 'NONE', #4218, #894 ) ;
#68 = CARTESIAN_POINT ( 'NONE',  ( -12.68539812007590939, 49.98965181381829836, 61.20967492882839167 ) ) ;
#69 = EDGE_CURVE ( 'NONE', #6471, #2733, #2262, .T. ) ;
#70 = CARTESIAN_POINT ( 'NONE',  ( 32.50000000000002132, 0.000000000000000000, -21.00000000000004263 ) ) ;
#71 = AXIS2_PLACEMENT_3D ( 'NONE', #339, #4994, #1398 ) ;
#72 = CARTESIAN_POINT ( 'NONE',  ( -12.64273092551922595, 54.87971971340984823, 55.54639710384653739 ) ) ;
#73 = B_SPLINE_CURVE_WITH_KNOTS ( 'NONE', 3,
 ( #1959, #1472, #1529, #3064 ),
 .UNSPECIFIED., .F., .F.,
 ( 4, 4 ),
 ( 7.757919228897728493E-18, 0.0003554073271916871222 ),
 .UNSPECIFIED. ) ;
#74 = AXIS2_PLACEMENT_3D ( 'NONE', #4154, #3161, #5590 ) ;
#75 = VERTEX_POINT ( 'NONE', #2464 ) ;
#76 = CARTESIAN_POINT ( 'NONE',  ( 28.00000000000002487, 52.50000000000000000, 30.55025253169417354 ) ) ;
#77 = ORIENTED_EDGE ( 'NONE', *, *, #698, .F. ) ;
#78 = DIRECTION ( 'NONE',  ( -0.000000000000000000, -1.000000000000000000, 0.000000000000000000 ) ) ;
#79 = CARTESIAN_POINT ( 'NONE',  ( 25.50000000000002132, 47.00000000000000000, -21.00000000000003908 ) ) ;
#80 = LINE ( 'NONE', #2129, #5171 ) ;
#81 = ORIENTED_EDGE ( 'NONE', *, *, #389, .T. ) ;
#82 = EDGE_CURVE ( 'NONE', #3614, #6081, #1872, .T. ) ;
#83 = EDGE_LOOP ( 'NONE', ( #4372, #326, #376, #5746 ) ) ;
#84 = B_SPLINE_CURVE_WITH_KNOTS ( 'NONE', 1,
 ( #1406, #3424 ),
 .UNSPECIFIED., .F., .F.,
 ( 2, 2 ),
 ( 0.000000000000000000, 1.000000000000000000 ),
 .UNSPECIFIED. ) ;
#85 = CARTESIAN_POINT ( 'NONE',  ( 32.49999999999997868, 46.00000000000000000, -13.50000000000010303 ) ) ;
#86 = CARTESIAN_POINT ( 'NONE',  ( -28.50000000000000000, 54.50000000000000000, 26.00000000000000000 ) ) ;
#87 = DIRECTION ( 'NONE',  ( -1.000000000000000000, 0.000000000000000000, 0.000000000000000000 ) ) ;
#88 = CARTESIAN_POINT ( 'NONE',  ( 32.49999999999997868, 46.00000000000000000, -13.50000000000010303 ) ) ;
#89 = EDGE_CURVE ( 'NONE', #2270, #3067, #1741, .T. ) ;
#90 = ORIENTED_EDGE ( 'NONE', *, *, #1911, .T. ) ;
#91 = CARTESIAN_POINT ( 'NONE',  ( 12.20202536024648232, 49.48704664547098986, 61.82045837348623252 ) ) ;
#92 = CARTESIAN_POINT ( 'NONE',  ( -1.419999999999998597, 54.80000000000000426, 23.65685424949238325 ) ) ;
#93 = DIRECTION ( 'NONE',  ( -2.312964634635745817E-15, 0.000000000000000000, 1.000000000000000000 ) ) ;
#94 = ORIENTED_EDGE ( 'NONE', *, *, #5974, .T. ) ;
#95 = DIRECTION ( 'NONE',  ( 0.000000000000000000, 0.7071067811865475727, -0.7071067811865475727 ) ) ;
#96 = CARTESIAN_POINT ( 'NONE',  ( -12.61365057943552870, 50.64292633161605295, 59.56906174056801717 ) ) ;
#97 = ORIENTED_EDGE ( 'NONE', *, *, #3353, .T. ) ;
#98 = B_SPLINE_CURVE_WITH_KNOTS ( 'NONE', 3,
 ( #6250, #1274, #5806, #3323, #5304, #5363, #3788, #3295, #5331, #1797, #751, #244, #3820, #5867, #1301, #338, #307, #1857, #1894, #2327, #6478, #4382, #4462, #2915, #1397, #4993, #3088, #3415, #4917, #6436, #2354, #5396, #4358, #4489, #3882, #5934 ),
 .UNSPECIFIED., .F., .F.,
 ( 4, 2, 1, 2, 2, 2, 1, 1, 2, 2, 2, 2, 1, 2, 2, 2, 1, 1, 2, 2, 4 ),
 ( 0.000000000000000000, 0.1250000000000009159, 0.1875000000000013323, 0.2187500000000037192, 0.2500000000000061062, 0.3750000000000267564, 0.4375000000000370259, 0.4687500000000436873, 0.4843750000000470179, 0.5000000000000504041, 0.6250000000000465183, 0.6875000000000481837, 0.7187500000000489608, 0.7343750000000494049, 0.7500000000000499600, 0.8125000000000375255, 0.8437500000000313083, 0.8593750000000317524, 0.8671875000000315303, 0.8750000000000314193, 1.000000000000000000 ),
 .UNSPECIFIED. ) ;
#99 = DIRECTION ( 'NONE',  ( 0.000000000000000000, 1.000000000000000000, 0.000000000000000000 ) ) ;
#100 = DIRECTION ( 'NONE',  ( 0.000000000000000000, 0.000000000000000000, 1.000000000000000000 ) ) ;
#101 = DIRECTION ( 'NONE',  ( -0.000000000000000000, 0.000000000000000000, 1.000000000000000000 ) ) ;
#102 = LINE ( 'NONE', #5227, #3977 ) ;
#103 = EDGE_CURVE ( 'NONE', #3947, #2534, #2469, .T. ) ;
#104 = PRESENTATION_STYLE_ASSIGNMENT (( #3650 ) ) ;
#105 = ORIENTED_EDGE ( 'NONE', *, *, #4868, .T. ) ;
#106 = DIRECTION ( 'NONE',  ( -1.000000000000000000, 0.000000000000000000, -0.000000000000000000 ) ) ;
#107 = EDGE_LOOP ( 'NONE', ( #1442, #5798, #5374, #4471 ) ) ;
#108 = CARTESIAN_POINT ( 'NONE',  ( -26.76662326436239070, 46.00000000000000000, 37.73337673563763417 ) ) ;
#109 = CARTESIAN_POINT ( 'NONE',  ( -12.08000000000000007, 54.80000000000000426, 17.24999999999999645 ) ) ;
#110 = DIRECTION ( 'NONE',  ( -0.000000000000000000, 1.000000000000000000, 0.000000000000000000 ) ) ;
#111 = PRODUCT_DEFINITION ( 'UNKNOWN', '', #2956, #6394 ) ;
#112 = EDGE_LOOP ( 'NONE', ( #3581, #14, #1906, #2891, #1018 ) ) ;
#113 = EDGE_CURVE ( 'NONE', #4567, #5040, #2965, .T. ) ;
#114 = CARTESIAN_POINT ( 'NONE',  ( 28.50000000000000000, 41.89878066911801824, 24.80000000000000071 ) ) ;
#115 = PLANE ( 'NONE',  #3762 ) ;
#116 = EDGE_CURVE ( 'NONE', #2653, #3890, #833, .T. ) ;
#117 = CARTESIAN_POINT ( 'NONE',  ( 25.00000000000002132, 46.00000000000000000, -22.50000000000003908 ) ) ;
#118 = CARTESIAN_POINT ( 'NONE',  ( -17.00854968398805767, 46.00000000000000000, 24.86403331804244843 ) ) ;
#119 = EDGE_LOOP ( 'NONE', ( #4247, #5026, #3730, #2342 ) ) ;
#120 = CARTESIAN_POINT ( 'NONE',  ( 24.89999999999997016, 54.50000000000001421, -30.00000000000004263 ) ) ;
#121 = EDGE_CURVE ( 'NONE', #1910, #5082, #5973, .T. ) ;
#122 = CARTESIAN_POINT ( 'NONE',  ( 12.07999999999999652, 54.80000000000000426, 31.49999999999999289 ) ) ;
#123 = CARTESIAN_POINT ( 'NONE',  ( -28.53000000000001890, 54.00000000000000000, -21.54000000000003823 ) ) ;
#124 = ORIENTED_EDGE ( 'NONE', *, *, #2828, .T. ) ;
#125 = CARTESIAN_POINT ( 'NONE',  ( -12.68539812007590939, 49.98965181381829836, 61.20967492882839167 ) ) ;
#126 = CARTESIAN_POINT ( 'NONE',  ( -28.50000000000000000, 36.62916759300433256, 4.549999999999998934 ) ) ;
#127 = VECTOR ( 'NONE', #3182, 1000.000000000000000 ) ;
#128 = ORIENTED_EDGE ( 'NONE', *, *, #5063, .T. ) ;
#129 = LINE ( 'NONE', #4653, #4928 ) ;
#130 = CONICAL_SURFACE ( 'NONE', #5467, 3.000000000000016431, 0.7853981633974452814 ) ;
#131 = CARTESIAN_POINT ( 'NONE',  ( 12.42955414101184530, 49.91662511868479868, 60.61500423042680552 ) ) ;
#132 = CARTESIAN_POINT ( 'NONE',  ( 13.11365057943553580, 54.39970043375182485, 55.40802765258472817 ) ) ;
#133 = DIRECTION ( 'NONE',  ( -0.000000000000000000, 1.000000000000000000, -0.000000000000000000 ) ) ;
#134 = AXIS2_PLACEMENT_3D ( 'NONE', #151, #4865, #4294 ) ;
#135 = VECTOR ( 'NONE', #4022, 1000.000000000000000 ) ;
#136 = ORIENTED_EDGE ( 'NONE', *, *, #4927, .T. ) ;
#137 = EDGE_LOOP ( 'NONE', ( #5849, #1752, #2936, #5449 ) ) ;
#138 = CARTESIAN_POINT ( 'NONE',  ( -25.10000000000000142, 47.00000000000000000, -23.00000000000004263 ) ) ;
#139 = VERTEX_POINT ( 'NONE', #4809 ) ;
#140 = VECTOR ( 'NONE', #1451, 1000.000000000000000 ) ;
#141 = VECTOR ( 'NONE', #5552, 1000.000000000000000 ) ;
#142 = DIRECTION ( 'NONE',  ( -4.088782444489010521E-16, -0.7071067811865451302, -0.7071067811865500152 ) ) ;
#143 = ORIENTED_EDGE ( 'NONE', *, *, #896, .T. ) ;
#144 = CARTESIAN_POINT ( 'NONE',  ( 12.42961159849684094, 52.66973888400676174, 57.80341337088869835 ) ) ;
#145 = DIRECTION ( 'NONE',  ( 0.000000000000000000, 1.000000000000000000, -0.000000000000000000 ) ) ;
#146 = ADVANCED_FACE ( 'NONE', ( #1291 ), #4281, .F. ) ;
#147 = CIRCLE ( 'NONE', #6017, 3.249999999999999112 ) ;
#148 = ORIENTED_EDGE ( 'NONE', *, *, #1316, .T. ) ;
#149 = AXIS2_PLACEMENT_3D ( 'NONE', #3001, #6565, #1938 ) ;
#150 = LINE ( 'NONE', #2230, #1565 ) ;
#151 = CARTESIAN_POINT ( 'NONE',  ( 24.39999999999999858, 54.50000000000000000, -30.00000000000004974 ) ) ;
#152 = VECTOR ( 'NONE', #4995, 1000.000000000000000 ) ;
#153 = CARTESIAN_POINT ( 'NONE',  ( -30.50000000000000355, 46.00000000000000000, 3.861737691489896207 ) ) ;
#154 = CARTESIAN_POINT ( 'NONE',  ( -1.419999999999998597, 55.00000000000000000, 23.65685424949238325 ) ) ;
#155 = VERTEX_POINT ( 'NONE', #2806 ) ;
#156 = CARTESIAN_POINT ( 'NONE',  ( 26.50000000000002487, 46.00000000000000000, 14.69999999999999751 ) ) ;
#157 = AXIS2_PLACEMENT_3D ( 'NONE', #5123, #4660, #3515 ) ;
#158 = CARTESIAN_POINT ( 'NONE',  ( 30.68198051533948245, 52.50000000000000000, 33.11091270347399274 ) ) ;
#159 = VERTEX_POINT ( 'NONE', #2277 ) ;
#160 = CARTESIAN_POINT ( 'NONE',  ( 32.00000000000002132, 54.50000000000000000, -14.00000000000004796 ) ) ;
#161 = CARTESIAN_POINT ( 'NONE',  ( -29.00000000000000355, 52.50000000000000000, 23.00000000000000000 ) ) ;
#162 = AXIS2_PLACEMENT_3D ( 'NONE', #6288, #5775, #4735 ) ;
#163 = ORIENTED_EDGE ( 'NONE', *, *, #1911, .F. ) ;
#164 = EDGE_CURVE ( 'NONE', #3522, #629, #3384, .T. ) ;
#165 = VECTOR ( 'NONE', #5354, 1000.000000000000000 ) ;
#166 = EDGE_LOOP ( 'NONE', ( #4901, #5505, #5353, #5569 ) ) ;
#167 = CARTESIAN_POINT ( 'NONE',  ( 28.50000000000000000, 54.50000000000000000, 26.00000000000000000 ) ) ;
#168 = LINE ( 'NONE', #3738, #2522 ) ;
#169 = FACE_BOUND ( 'NONE', #1742, .T. ) ;
#170 = ADVANCED_FACE ( 'NONE', ( #738 ), #1783, .F. ) ;
#171 = VECTOR ( 'NONE', #2825, 1000.000000000000000 ) ;
#172 = ORIENTED_EDGE ( 'NONE', *, *, #4450, .T. ) ;
#173 = DIRECTION ( 'NONE',  ( 0.000000000000000000, -1.000000000000000000, 0.000000000000000000 ) ) ;
#174 = VERTEX_POINT ( 'NONE', #5291 ) ;
#175 = CIRCLE ( 'NONE', #1047, 3.500000000000003109 ) ;
#176 = CARTESIAN_POINT ( 'NONE',  ( 13.78522345468934773, 52.50000000000000000, 50.00766976412404574 ) ) ;
#177 = ORIENTED_EDGE ( 'NONE', *, *, #2843, .F. ) ;
#178 = CARTESIAN_POINT ( 'NONE',  ( 28.50000000000000000, 46.00000000000000000, -24.80000000000000071 ) ) ;
#179 = CARTESIAN_POINT ( 'NONE',  ( 13.11365057943552870, 50.57584657664310868, 59.90344406650599751 ) ) ;
#180 = VERTEX_POINT ( 'NONE', #4882 ) ;
#181 = ADVANCED_FACE ( 'NONE', ( #2341 ), #4371, .F. ) ;
#182 = DIRECTION ( 'NONE',  ( 1.000000000000000000, 0.000000000000000000, 0.000000000000000000 ) ) ;
#183 = LINE ( 'NONE', #2296, #2702 ) ;
#184 = FACE_OUTER_BOUND ( 'NONE', #5565, .T. ) ;
#185 = CARTESIAN_POINT ( 'NONE',  ( 26.50000000000002487, 52.50000000000000000, 14.19999999999999751 ) ) ;
#186 = VERTEX_POINT ( 'NONE', #3311 ) ;
#187 = EDGE_CURVE ( 'NONE', #5202, #159, #264, .T. ) ;
#188 = CARTESIAN_POINT ( 'NONE',  ( 28.50000000000000000, 46.00000000000000000, 1.299999999999999156 ) ) ;
#189 = ORIENTED_EDGE ( 'NONE', *, *, #1284, .F. ) ;
#190 = DIRECTION ( 'NONE',  ( 0.000000000000000000, 0.000000000000000000, 1.000000000000000000 ) ) ;
#191 = PRODUCT_DEFINITION_SHAPE ( 'NONE', 'NONE',  #111 ) ;
#192 = DIRECTION ( 'NONE',  ( -0.4999999999999984457, -0.7071067811865426878, 0.5000000000000082157 ) ) ;
#193 = VERTEX_POINT ( 'NONE', #2771 ) ;
#194 = EDGE_CURVE ( 'NONE', #3042, #5175, #1812, .T. ) ;
#195 = CYLINDRICAL_SURFACE ( 'NONE', #2911, 1.399999999999998579 ) ;
#196 = CARTESIAN_POINT ( 'NONE',  ( 13.11365057943553225, 54.42332375837273872, 55.31116794395193637 ) ) ;
#197 = FACE_OUTER_BOUND ( 'NONE', #4593, .T. ) ;
#198 = EDGE_CURVE ( 'NONE', #193, #1947, #769, .T. ) ;
#199 = CARTESIAN_POINT ( 'NONE',  ( -23.49999999999991829, 54.50000000000000000, -6.000000000000043521 ) ) ;
#200 = EDGE_CURVE ( 'NONE', #1953, #891, #5882, .T. ) ;
#201 = DIRECTION ( 'NONE',  ( 0.000000000000000000, 0.000000000000000000, 1.000000000000000000 ) ) ;
#202 = ORIENTED_EDGE ( 'NONE', *, *, #4607, .T. ) ;
#203 = FACE_OUTER_BOUND ( 'NONE', #256, .T. ) ;
#204 = CARTESIAN_POINT ( 'NONE',  ( 12.61480350655055638, 51.59314770034661279, 58.59638351723203442 ) ) ;
#205 = LINE ( 'NONE', #1759, #4105 ) ;
#206 = EDGE_LOOP ( 'NONE', ( #4348, #5691, #1987, #36, #4907, #677, #609, #1211, #3542, #754, #1928, #3217 ) ) ;
#207 = DIRECTION ( 'NONE',  ( 1.000000000000000000, 0.000000000000000000, 0.000000000000000000 ) ) ;
#208 = LINE ( 'NONE', #2165, #3859 ) ;
#209 = FACE_BOUND ( 'NONE', #4889, .T. ) ;
#210 = CARTESIAN_POINT ( 'NONE',  ( 24.39999999999999858, 46.00000000000000000, -29.50000000000007105 ) ) ;
#211 = ORIENTED_EDGE ( 'NONE', *, *, #3939, .T. ) ;
#212 = VERTEX_POINT ( 'NONE', #1227 ) ;
#213 = CARTESIAN_POINT ( 'NONE',  ( -28.50000000000000000, 54.50000000000000000, -24.80000000000000071 ) ) ;
#214 = CARTESIAN_POINT ( 'NONE',  ( -12.88817206405601645, 50.04758816760932660, 60.81580633844085781 ) ) ;
#215 = ORIENTED_EDGE ( 'NONE', *, *, #1179, .T. ) ;
#216 = VECTOR ( 'NONE', #6635, 1000.000000000000000 ) ;
#217 = EDGE_CURVE ( 'NONE', #1568, #4799, #1841, .T. ) ;
#218 = ADVANCED_FACE ( 'NONE', ( #4787 ), #6224, .F. ) ;
#219 = PLANE ( 'NONE',  #793 ) ;
#220 = CARTESIAN_POINT ( 'NONE',  ( 13.11365057943553225, 54.29179063615854517, 55.74010904472326899 ) ) ;
#221 = DIRECTION ( 'NONE',  ( 0.000000000000000000, 0.000000000000000000, 1.000000000000000000 ) ) ;
#222 = EDGE_CURVE ( 'NONE', #2318, #1121, #2997, .T. ) ;
#223 = CARTESIAN_POINT ( 'NONE',  ( 28.50000000000000000, 36.62916759300433256, -1.950000000000000844 ) ) ;
#224 = ADVANCED_FACE ( 'NONE', ( #6627 ), #4104, .F. ) ;
#225 = AXIS2_PLACEMENT_3D ( 'NONE', #3681, #1691, #65 ) ;
#226 = EDGE_CURVE ( 'NONE', #5221, #5784, #6559, .T. ) ;
#227 = VERTEX_POINT ( 'NONE', #3957 ) ;
#228 = EDGE_LOOP ( 'NONE', ( #1006, #4039, #4547, #4686 ) ) ;
#229 = FACE_OUTER_BOUND ( 'NONE', #5860, .T. ) ;
#230 = ORIENTED_EDGE ( 'NONE', *, *, #585, .T. ) ;
#231 = PLANE ( 'NONE',  #1038 ) ;
#232 = VERTEX_POINT ( 'NONE', #1934 ) ;
#233 = AXIS2_PLACEMENT_3D ( 'NONE', #3233, #5267, #656 ) ;
#234 = DIRECTION ( 'NONE',  ( 1.962615573354717319E-15, -0.7071067811865474617, 0.7071067811865474617 ) ) ;
#235 = ORIENTED_EDGE ( 'NONE', *, *, #2784, .T. ) ;
#236 = AXIS2_PLACEMENT_3D ( 'NONE', #6636, #1586, #2183 ) ;
#237 = LINE ( 'NONE', #2227, #47 ) ;
#238 = ADVANCED_FACE ( 'NONE', ( #5509 ), #1046, .F. ) ;
#239 = EDGE_CURVE ( 'NONE', #5742, #1791, #3499, .T. ) ;
#240 = VECTOR ( 'NONE', #1597, 1000.000000000000114 ) ;
#241 = CARTESIAN_POINT ( 'NONE',  ( 28.50000000000000000, 41.89878066911801824, 27.19999999999999929 ) ) ;
#242 = ORIENTED_EDGE ( 'NONE', *, *, #4040, .F. ) ;
#243 = CARTESIAN_POINT ( 'NONE',  ( 13.11365057943553047, 53.62132034355964549, 56.78756650747477153 ) ) ;
#244 = CARTESIAN_POINT ( 'NONE',  ( 12.66156980743017968, 54.65121223473477841, 56.16587010958068760 ) ) ;
#245 = DIRECTION ( 'NONE',  ( 1.445602896647339656E-16, 0.000000000000000000, 1.000000000000000000 ) ) ;
#246 = FACE_OUTER_BOUND ( 'NONE', #318, .T. ) ;
#247 = ORIENTED_EDGE ( 'NONE', *, *, #3662, .F. ) ;
#248 = VECTOR ( 'NONE', #6215, 1000.000000000000000 ) ;
#249 = CIRCLE ( 'NONE', #5711, 3.499999999999999556 ) ;
#250 = ADVANCED_FACE ( 'NONE', ( #1481 ), #4000, .F. ) ;
#251 = VECTOR ( 'NONE', #5534, 1000.000000000000000 ) ;
#252 = CONICAL_SURFACE ( 'NONE', #149, 5.999999999999998224, 0.7853981633974482790 ) ;
#253 = VERTEX_POINT ( 'NONE', #3075 ) ;
#254 = DIRECTION ( 'NONE',  ( -0.000000000000000000, 1.000000000000000000, -0.000000000000000000 ) ) ;
#255 = LINE ( 'NONE', #799, #1010 ) ;
#256 = EDGE_LOOP ( 'NONE', ( #3876, #6255, #4415, #1496 ) ) ;
#257 = ORIENTED_EDGE ( 'NONE', *, *, #4384, .T. ) ;
#258 = VECTOR ( 'NONE', #4933, 1000.000000000000114 ) ;
#259 = FACE_OUTER_BOUND ( 'NONE', #4532, .T. ) ;
#260 = AXIS2_PLACEMENT_3D ( 'NONE', #6069, #5127, #5162 ) ;
#261 = EDGE_CURVE ( 'NONE', #186, #417, #4605, .T. ) ;
#262 = CARTESIAN_POINT ( 'NONE',  ( -4.946388689857542431, 52.50000000000000000, 39.04751465573255587 ) ) ;
#263 = CARTESIAN_POINT ( 'NONE',  ( 23.49999999999991829, 0.000000000000000000, -6.000000000000043521 ) ) ;
#264 = LINE ( 'NONE', #6304, #5679 ) ;
#265 = VECTOR ( 'NONE', #2823, 1000.000000000000000 ) ;
#266 = ORIENTED_EDGE ( 'NONE', *, *, #1720, .T. ) ;
#267 = EDGE_CURVE ( 'NONE', #2260, #1170, #876, .T. ) ;
#268 = FACE_BOUND ( 'NONE', #6423, .T. ) ;
#269 = VERTEX_POINT ( 'NONE', #3180 ) ;
#270 = FACE_OUTER_BOUND ( 'NONE', #5597, .T. ) ;
#271 = ORIENTED_EDGE ( 'NONE', *, *, #6540, .T. ) ;
#272 = AXIS2_PLACEMENT_3D ( 'NONE', #1526, #6205, #6615 ) ;
#273 = CARTESIAN_POINT ( 'NONE',  ( 12.55270831664109821, 49.79840236811966037, 60.53221405027792912 ) ) ;
#274 = EDGE_LOOP ( 'NONE', ( #4525, #1715, #25, #4228 ) ) ;
#275 = CARTESIAN_POINT ( 'NONE',  ( -29.93000000000001393, 52.50000000000000000, -13.94000000000003148 ) ) ;
#276 = AXIS2_PLACEMENT_3D ( 'NONE', #2151, #708, #6325 ) ;
#277 = PLANE ( 'NONE',  #1228 ) ;
#278 = ORIENTED_EDGE ( 'NONE', *, *, #5342, .T. ) ;
#279 = DIRECTION ( 'NONE',  ( 0.000000000000000000, -1.000000000000000000, 0.000000000000000000 ) ) ;
#280 = ORIENTED_EDGE ( 'NONE', *, *, #6534, .F. ) ;
#281 = CARTESIAN_POINT ( 'NONE',  ( 23.49999999999991829, 52.50000000000000000, -6.000000000000043521 ) ) ;
#282 = CARTESIAN_POINT ( 'NONE',  ( -32.49999999999994316, 54.50000000000001421, -26.50000000000004263 ) ) ;
#283 = LINE ( 'NONE', #2329, #5715 ) ;
#284 = EDGE_CURVE ( 'NONE', #4042, #3210, #4773, .T. ) ;
#285 = ORIENTED_EDGE ( 'NONE', *, *, #1609, .T. ) ;
#286 = CIRCLE ( 'NONE', #6057, 0.7499999999999937828 ) ;
#287 = DIRECTION ( 'NONE',  ( 0.000000000000000000, -0.000000000000000000, -1.000000000000000000 ) ) ;
#288 = VECTOR ( 'NONE', #4188, 1000.000000000000000 ) ;
#289 = EDGE_CURVE ( 'NONE', #5787, #6287, #3537, .T. ) ;
#290 = DIRECTION ( 'NONE',  ( 0.000000000000000000, 0.000000000000000000, 1.000000000000000000 ) ) ;
#291 = LINE ( 'NONE', #1805, #3670 ) ;
#292 = VERTEX_POINT ( 'NONE', #1212 ) ;
#293 = CARTESIAN_POINT ( 'NONE',  ( 28.50000000000000000, 41.89878066911801824, -26.00000000000000000 ) ) ;
#294 = CARTESIAN_POINT ( 'NONE',  ( 12.67137759624752036, 54.47397411648945109, 56.49287412798973662 ) ) ;
#295 = DIRECTION ( 'NONE',  ( 0.000000000000000000, 0.000000000000000000, 1.000000000000000000 ) ) ;
#296 = CARTESIAN_POINT ( 'NONE',  ( 12.68862289308295210, 52.69182214629710614, 58.44740539477709262 ) ) ;
#297 = DIRECTION ( 'NONE',  ( 0.000000000000000000, 0.000000000000000000, 1.000000000000000000 ) ) ;
#298 = DIRECTION ( 'NONE',  ( -0.000000000000000000, -1.000000000000000000, 0.000000000000000000 ) ) ;
#299 = ORIENTED_EDGE ( 'NONE', *, *, #1652, .T. ) ;
#300 = CARTESIAN_POINT ( 'NONE',  ( -12.61485773704225011, 50.67029114596073924, 59.53937449199880660 ) ) ;
#301 = DIRECTION ( 'NONE',  ( -0.000000000000000000, 1.000000000000000000, -0.000000000000000000 ) ) ;
#302 = EDGE_CURVE ( 'NONE', #5487, #3288, #5785, .T. ) ;
#303 = DIRECTION ( 'NONE',  ( -0.5773502691896283956, 0.5773502691896245098, -0.5773502691896245098 ) ) ;
#304 = VERTEX_POINT ( 'NONE', #6094 ) ;
#305 = CARTESIAN_POINT ( 'NONE',  ( 30.68198051533948245, 52.50000000000000000, 33.11091270347399274 ) ) ;
#306 = EDGE_CURVE ( 'NONE', #6307, #3612, #1337, .T. ) ;
#307 = CARTESIAN_POINT ( 'NONE',  ( 12.65270673462188356, 54.77555072835249206, 55.87325269521924298 ) ) ;
#308 = DIRECTION ( 'NONE',  ( 0.7071067811865492381, 0.000000000000000000, -0.7071067811865457964 ) ) ;
#309 = CYLINDRICAL_SURFACE ( 'NONE', #906, 1.500000000000001332 ) ;
#310 = VERTEX_POINT ( 'NONE', #5093 ) ;
#311 = ADVANCED_FACE ( 'NONE', ( #345 ), #2390, .F. ) ;
#312 = CARTESIAN_POINT ( 'NONE',  ( 52.49999999999994316, 19.99999999999936406, -21.00000000000005329 ) ) ;
#313 = EDGE_CURVE ( 'NONE', #2315, #929, #2426, .T. ) ;
#314 = CARTESIAN_POINT ( 'NONE',  ( -13.11365057943553225, 54.48065629382445962, 54.96518304777634256 ) ) ;
#315 = CARTESIAN_POINT ( 'NONE',  ( -17.29139239646264414, 45.99999999999999289, 47.20860760353735230 ) ) ;
#316 = DIRECTION ( 'NONE',  ( 0.000000000000000000, 0.000000000000000000, 1.000000000000000000 ) ) ;
#317 = CARTESIAN_POINT ( 'NONE',  ( -27.83000000000001961, 54.00000000000000000, -24.19000000000004036 ) ) ;
#318 = EDGE_LOOP ( 'NONE', ( #5106, #6593, #4921, #6129 ) ) ;
#319 = DIRECTION ( 'NONE',  ( 0.000000000000000000, 1.000000000000000000, -0.000000000000000000 ) ) ;
#320 = EDGE_CURVE ( 'NONE', #6416, #2111, #2550, .T. ) ;
#321 = LINE ( 'NONE', #3860, #1344 ) ;
#322 = MANIFOLD_SOLID_BREP ( 'controller_case', #3003 ) ;
#323 = FACE_BOUND ( 'NONE', #1902, .T. ) ;
#324 = CARTESIAN_POINT ( 'NONE',  ( 13.11365057943553047, 53.62132034355964549, 56.78756650747477153 ) ) ;
#325 = FACE_OUTER_BOUND ( 'NONE', #2225, .T. ) ;
#326 = ORIENTED_EDGE ( 'NONE', *, *, #683, .F. ) ;
#327 = ORIENTED_EDGE ( 'NONE', *, *, #2743, .F. ) ;
#328 = PLANE ( 'NONE',  #6130 ) ;
#329 = DIRECTION ( 'NONE',  ( -0.000000000000000000, 1.000000000000000000, -0.000000000000000000 ) ) ;
#330 = VERTEX_POINT ( 'NONE', #4929 ) ;
#331 = DIRECTION ( 'NONE',  ( 0.000000000000000000, 0.000000000000000000, 1.000000000000000000 ) ) ;
#332 = CARTESIAN_POINT ( 'NONE',  ( 31.12132034355966681, 55.00000000000000000, 32.67157287525382969 ) ) ;
#333 = VECTOR ( 'NONE', #3669, 1000.000000000000000 ) ;
#334 = DIRECTION ( 'NONE',  ( 0.000000000000000000, 1.000000000000000000, 0.000000000000000000 ) ) ;
#335 = AXIS2_PLACEMENT_3D ( 'NONE', #4142, #3145, #93 ) ;
#336 = DIRECTION ( 'NONE',  ( -0.7071067811865573427, -0.7071067811865378028, 0.000000000000000000 ) ) ;
#337 = ORIENTED_EDGE ( 'NONE', *, *, #3528, .F. ) ;
#338 = CARTESIAN_POINT ( 'NONE',  ( 12.65609958476521335, 54.73019402999534577, 55.98514464879889374 ) ) ;
#339 = CARTESIAN_POINT ( 'NONE',  ( -7.330000000000011617, 54.80000000000000426, 17.24999999999999289 ) ) ;
#340 = ADVANCED_FACE ( 'NONE', ( #1229 ), #1308, .F. ) ;
#341 = DIRECTION ( 'NONE',  ( -5.782411586589355667E-16, 0.000000000000000000, 1.000000000000000000 ) ) ;
#342 = ORIENTED_EDGE ( 'NONE', *, *, #4234, .T. ) ;
#343 = VECTOR ( 'NONE', #11, 1000.000000000000000 ) ;
#344 = VECTOR ( 'NONE', #1991, 1000.000000000000000 ) ;
#345 = FACE_OUTER_BOUND ( 'NONE', #4023, .T. ) ;
#346 = CARTESIAN_POINT ( 'NONE',  ( -13.11365057943553225, 54.49033160269297582, 54.86459887138893521 ) ) ;
#347 = DIRECTION ( 'NONE',  ( -0.000000000000000000, 1.000000000000000000, -0.000000000000000000 ) ) ;
#348 = TOROIDAL_SURFACE ( 'NONE', #458, 56.05025253169416288, 3.500000000000000000 ) ;
#349 = LINE ( 'NONE', #2460, #1760 ) ;
#350 = ORIENTED_EDGE ( 'NONE', *, *, #5220, .T. ) ;
#351 = DIRECTION ( 'NONE',  ( 0.000000000000000000, 0.000000000000000000, 1.000000000000000000 ) ) ;
#352 = VECTOR ( 'NONE', #4360, 1000.000000000000000 ) ;
#353 = AXIS2_PLACEMENT_3D ( 'NONE', #2995, #5506, #2361 ) ;
#354 = CARTESIAN_POINT ( 'NONE',  ( 24.40000000000000924, 19.99999999999936051, -49.99999999999996447 ) ) ;
#355 = LINE ( 'NONE', #3400, #1445 ) ;
#356 = LINE ( 'NONE', #4369, #4766 ) ;
#357 = DIRECTION ( 'NONE',  ( 0.000000000000000000, 1.000000000000000000, -0.000000000000000000 ) ) ;
#358 = AXIS2_PLACEMENT_3D ( 'NONE', #3262, #5299, #5234 ) ;
#359 = ADVANCED_FACE ( 'NONE', ( #1342 ), #4434, .F. ) ;
#360 = VERTEX_POINT ( 'NONE', #6490 ) ;
#361 = ORIENTED_EDGE ( 'NONE', *, *, #6443, .T. ) ;
#362 = AXIS2_PLACEMENT_3D ( 'NONE', #1420, #4377, #5528 ) ;
#363 = ORIENTED_EDGE ( 'NONE', *, *, #3687, .T. ) ;
#364 = PLANE ( 'NONE',  #3343 ) ;
#365 = LINE ( 'NONE', #4481, #3055 ) ;
#366 = FACE_OUTER_BOUND ( 'NONE', #1454, .T. ) ;
#367 = CARTESIAN_POINT ( 'NONE',  ( 27.86964375660328130, 36.62916759300433256, -1.888283394933827131 ) ) ;
#368 = VECTOR ( 'NONE', #1533, 1000.000000000000000 ) ;
#369 = LINE ( 'NONE', #6542, #4837 ) ;
#370 = AXIS2_PLACEMENT_3D ( 'NONE', #2477, #6126, #6165 ) ;
#371 = CARTESIAN_POINT ( 'NONE',  ( 26.50000000000002487, 46.00000000000000000, -0.000000000000000000 ) ) ;
#372 = EDGE_LOOP ( 'NONE', ( #2036, #3623, #3316, #3412 ) ) ;
#373 = LINE ( 'NONE', #2450, #5367 ) ;
#374 = LINE ( 'NONE', #3416, #4555 ) ;
#375 = DIRECTION ( 'NONE',  ( -0.000000000000000000, 1.000000000000000000, 0.000000000000000000 ) ) ;
#376 = ORIENTED_EDGE ( 'NONE', *, *, #3467, .F. ) ;
#377 = LINE ( 'NONE', #2424, #3759 ) ;
#378 = CIRCLE ( 'NONE', #1162, 6.499999999999999112 ) ;
#379 = ORIENTED_EDGE ( 'NONE', *, *, #2210, .F. ) ;
#380 = CARTESIAN_POINT ( 'NONE',  ( 12.42979858284058281, 50.52762844696368205, 59.99113966049613111 ) ) ;
#381 = ADVANCED_FACE ( 'NONE', ( #5407 ), #3231, .T. ) ;
#382 = DIRECTION ( 'NONE',  ( -0.000000000000000000, 1.000000000000000000, -0.000000000000000000 ) ) ;
#383 = ORIENTED_EDGE ( 'NONE', *, *, #2255, .T. ) ;
#384 = FACE_OUTER_BOUND ( 'NONE', #3736, .T. ) ;
#385 = VECTOR ( 'NONE', #308, 1000.000000000000000 ) ;
#386 = CARTESIAN_POINT ( 'NONE',  ( 2.580000000000002736, 54.80000000000000426, 22.00000000000000000 ) ) ;
#387 = ORIENTED_EDGE ( 'NONE', *, *, #4574, .F. ) ;
#388 = CARTESIAN_POINT ( 'NONE',  ( 32.50000000000001421, 54.50000000000001421, 23.20000000000000284 ) ) ;
#389 = EDGE_CURVE ( 'NONE', #5810, #5487, #3783, .T. ) ;
#390 = FACE_OUTER_BOUND ( 'NONE', #493, .T. ) ;
#391 = EDGE_LOOP ( 'NONE', ( #4990, #4297 ) ) ;
#392 = LINE ( 'NONE', #5545, #4208 ) ;
#393 = DIRECTION ( 'NONE',  ( 1.000000000000000000, 0.000000000000000000, -0.000000000000000000 ) ) ;
#394 = ADVANCED_FACE ( 'NONE', ( #4967 ), #3304, .F. ) ;
#395 = ORIENTED_EDGE ( 'NONE', *, *, #217, .F. ) ;
#396 = VERTEX_POINT ( 'NONE', #317 ) ;
#397 = EDGE_CURVE ( 'NONE', #159, #1558, #3397, .T. ) ;
#398 = ORIENTED_EDGE ( 'NONE', *, *, #6144, .T. ) ;
#399 = EDGE_LOOP ( 'NONE', ( #6383, #1161, #6342, #1500, #2993, #2466 ) ) ;
#400 = FACE_OUTER_BOUND ( 'NONE', #274, .T. ) ;
#401 = EDGE_CURVE ( 'NONE', #2737, #6380, #3333, .T. ) ;
#402 = CYLINDRICAL_SURFACE ( 'NONE', #6270, 3.999999999999996447 ) ;
#403 = ORIENTED_EDGE ( 'NONE', *, *, #1847, .F. ) ;
#404 = CARTESIAN_POINT ( 'NONE',  ( -23.59999999999999787, 54.50000000000000000, -22.00000000000003908 ) ) ;
#405 = LINE ( 'NONE', #1820, #3684 ) ;
#406 = EDGE_CURVE ( 'NONE', #5774, #4335, #1377, .T. ) ;
#407 = EDGE_CURVE ( 'NONE', #668, #1251, #5437, .T. ) ;
#408 = DIRECTION ( 'NONE',  ( -0.000000000000000000, 1.000000000000000000, -0.000000000000000000 ) ) ;
#409 = VERTEX_POINT ( 'NONE', #5848 ) ;
#410 = DIRECTION ( 'NONE',  ( -0.000000000000000000, 0.000000000000000000, 1.000000000000000000 ) ) ;
#411 = ORIENTED_EDGE ( 'NONE', *, *, #306, .F. ) ;
#412 = FACE_OUTER_BOUND ( 'NONE', #3651, .T. ) ;
#413 = FACE_OUTER_BOUND ( 'NONE', #1077, .T. ) ;
#414 = LINE ( 'NONE', #2452, #4213 ) ;
#415 = ORIENTED_EDGE ( 'NONE', *, *, #4331, .T. ) ;
#416 = B_SPLINE_SURFACE_WITH_KNOTS ( 'NONE', 1, 3, ( 
 ( #3524, #5463, #3393, #3496, #853, #6518, #2887, #2002, #1930, #4923, #997, #6553, #3028, #6075, #5537, #6590, #3952, #1964, #6043, #5431, #6001, #1477, #314, #346, #450, #4390, #890, #2392 ),
 ( #1436, #2960, #4429, #4534, #5939, #2360, #1502, #4998, #6484, #4031, #6444, #963, #2994, #3889, #5030, #1898, #3919, #4963, #1637, #6105, #5169, #2164, #3663, #4096, #2593, #4636, #1073, #3173 ) ),
 .UNSPECIFIED., .F., .F., .F.,
 ( 2, 2 ),
 ( 4, 2, 2, 2, 2, 2, 2, 2, 2, 2, 2, 2, 2, 4 ),
 ( 0.000000000000000000, 1.000000000000000000 ),
 ( 0.000000000000000000, 0.0002988457331897673109, 0.0005976914663795346219, 0.0007471143329744183315, 0.0008965371995693019328, 0.001045960066164185534, 0.001195382932759069244, 0.001344805799353952953, 0.001494228665948836663, 0.001793074399138603866, 0.001942497265733487358, 0.002091920132328371068, 0.002241342998923254778, 0.002390765865518138487 ),
 .UNSPECIFIED. ) ;
#417 = VERTEX_POINT ( 'NONE', #2795 ) ;
#418 = B_SPLINE_CURVE_WITH_KNOTS ( 'NONE', 3,
 ( #5725, #527, #4210, #2112, #6261, #1685, #1158, #5218, #4713, #2041, #3572, #125 ),
 .UNSPECIFIED., .F., .F.,
 ( 4, 2, 2, 2, 2, 4 ),
 ( 1.994265841702349904E-07, 0.0006953277366276641724, 0.001042891891649411207, 0.001390456046671158241, 0.002085584356714674861, 0.002780712666758191481 ),
 .UNSPECIFIED. ) ;
#419 = FACE_OUTER_BOUND ( 'NONE', #791, .T. ) ;
#420 = EDGE_LOOP ( 'NONE', ( #2157, #2478, #3312, #5399, #4943, #2939, #5007, #1475 ) ) ;
#421 = PLANE ( 'NONE',  #2905 ) ;
#422 = DIRECTION ( 'NONE',  ( 0.000000000000000000, 0.000000000000000000, -1.000000000000000000 ) ) ;
#423 = ORIENTED_EDGE ( 'NONE', *, *, #5417, .T. ) ;
#424 = CARTESIAN_POINT ( 'NONE',  ( 32.50000000000000711, 52.50000000000000000, 14.69999999999999751 ) ) ;
#425 = ORIENTED_EDGE ( 'NONE', *, *, #659, .F. ) ;
#426 = LINE ( 'NONE', #1380, #1549 ) ;
#427 = CARTESIAN_POINT ( 'NONE',  ( 0.000000000000000000, 53.97487373415290790, 0.000000000000000000 ) ) ;
#428 = EDGE_LOOP ( 'NONE', ( #587, #3201, #5402, #2014 ) ) ;
#429 = ORIENTED_EDGE ( 'NONE', *, *, #1122, .F. ) ;
#430 = VERTEX_POINT ( 'NONE', #3888 ) ;
#431 = EDGE_CURVE ( 'NONE', #1630, #3414, #2057, .T. ) ;
#432 = ORIENTED_EDGE ( 'NONE', *, *, #4276, .T. ) ;
#433 = CARTESIAN_POINT ( 'NONE',  ( -31.18000000000001748, 54.00000000000000000, -21.54000000000003823 ) ) ;
#434 = ORIENTED_EDGE ( 'NONE', *, *, #5959, .F. ) ;
#435 = CARTESIAN_POINT ( 'NONE',  ( 12.68676989061167149, 51.18620672791223569, 59.98758964238238889 ) ) ;
#436 = VERTEX_POINT ( 'NONE', #2038 ) ;
#437 = EDGE_CURVE ( 'NONE', #1819, #2439, #1447, .T. ) ;
#438 = CARTESIAN_POINT ( 'NONE',  ( -7.330000000000000071, 54.80000000000000426, 17.24999999999999289 ) ) ;
#439 = CARTESIAN_POINT ( 'NONE',  ( 23.49999999999991829, 54.50000000000000000, -12.00000000000004263 ) ) ;
#440 = DIRECTION ( 'NONE',  ( 0.000000000000000000, 1.000000000000000000, -0.000000000000000000 ) ) ;
#441 = ORIENTED_EDGE ( 'NONE', *, *, #1492, .F. ) ;
#442 = CARTESIAN_POINT ( 'NONE',  ( -23.49999999999991829, 52.50000000000000000, -4.423544863740858091E-14 ) ) ;
#443 = LINE ( 'NONE', #1498, #6381 ) ;
#444 = LINE ( 'NONE', #2991, #795 ) ;
#445 = EDGE_CURVE ( 'NONE', #2116, #4976, #4205, .T. ) ;
#446 = VERTEX_POINT ( 'NONE', #1644 ) ;
#447 = EDGE_CURVE ( 'NONE', #3326, #292, #2896, .T. ) ;
#448 = ORIENTED_EDGE ( 'NONE', *, *, #6172, .T. ) ;
#449 = CIRCLE ( 'NONE', #2592, 2.649999999999999467 ) ;
#450 = CARTESIAN_POINT ( 'NONE',  ( -13.11365057943553225, 54.49395416942466852, 54.81428342921455510 ) ) ;
#451 = CARTESIAN_POINT ( 'NONE',  ( -13.11365057943553047, 50.57584658144715917, 59.90344406650600462 ) ) ;
#452 = PLANE ( 'NONE',  #4409 ) ;
#453 = EDGE_CURVE ( 'NONE', #3067, #5357, #4742, .T. ) ;
#454 = AXIS2_PLACEMENT_3D ( 'NONE', #70, #3194, #5791 ) ;
#455 = ORIENTED_EDGE ( 'NONE', *, *, #4428, .T. ) ;
#456 = VECTOR ( 'NONE', #5477, 1000.000000000000000 ) ;
#457 = CARTESIAN_POINT ( 'NONE',  ( 28.50000000000000000, 52.50000000000000000, 1.299999999999999156 ) ) ;
#458 = AXIS2_PLACEMENT_3D ( 'NONE', #5250, #3219, #4689 ) ;
#459 = ORIENTED_EDGE ( 'NONE', *, *, #5773, .F. ) ;
#460 = CARTESIAN_POINT ( 'NONE',  ( 0.000000000000000000, 46.00000000000000000, -24.00000000000004263 ) ) ;
#461 = FACE_OUTER_BOUND ( 'NONE', #428, .T. ) ;
#462 = VERTEX_POINT ( 'NONE', #3240 ) ;
#463 = VERTEX_POINT ( 'NONE', #3606 ) ;
#464 = VECTOR ( 'NONE', #665, 1000.000000000000000 ) ;
#465 = EDGE_CURVE ( 'NONE', #5100, #1501, #6153, .T. ) ;
#466 = EDGE_LOOP ( 'NONE', ( #1402, #2013, #775, #6319 ) ) ;
#467 = CARTESIAN_POINT ( 'NONE',  ( 13.10070693255289598, 50.47196645043237595, 60.03103040088600295 ) ) ;
#468 = VECTOR ( 'NONE', #2817, 1000.000000000000000 ) ;
#469 = VERTEX_POINT ( 'NONE', #1213 ) ;
#470 = VECTOR ( 'NONE', #3451, 1000.000000000000114 ) ;
#471 = DIRECTION ( 'NONE',  ( 0.000000000000000000, 0.000000000000000000, 1.000000000000000000 ) ) ;
#472 = ORIENTED_EDGE ( 'NONE', *, *, #2496, .F. ) ;
#473 = DIRECTION ( 'NONE',  ( 0.000000000000000000, 0.000000000000000000, -1.000000000000000000 ) ) ;
#474 = ADVANCED_FACE ( 'NONE', ( #2207 ), #3731, .T. ) ;
#475 = ORIENTED_EDGE ( 'NONE', *, *, #6493, .F. ) ;
#476 = CARTESIAN_POINT ( 'NONE',  ( 0.000000000000000000, 46.00000000000000000, -1.950000000000001288 ) ) ;
#477 = ORIENTED_EDGE ( 'NONE', *, *, #3994, .T. ) ;
#478 = LINE ( 'NONE', #2026, #5194 ) ;
#479 = VECTOR ( 'NONE', #551, 1000.000000000000000 ) ;
#480 = CARTESIAN_POINT ( 'NONE',  ( -7.330000000000000071, 54.80000000000000426, 16.50000000000000000 ) ) ;
#481 = CARTESIAN_POINT ( 'NONE',  ( 22.00000000000000711, 55.00000000000000000, 23.19999999999999929 ) ) ;
#482 = ORIENTED_EDGE ( 'NONE', *, *, #82, .T. ) ;
#483 = ORIENTED_EDGE ( 'NONE', *, *, #683, .T. ) ;
#484 = VECTOR ( 'NONE', #5985, 1000.000000000000000 ) ;
#485 = EDGE_CURVE ( 'NONE', #2493, #5699, #1714, .T. ) ;
#486 = CARTESIAN_POINT ( 'NONE',  ( -19.69555545249692585, 46.00000000000000000, 30.66230892377215156 ) ) ;
#487 = CARTESIAN_POINT ( 'NONE',  ( -29.93000000000001393, 52.50000000000000000, -21.54000000000003823 ) ) ;
#488 = EDGE_CURVE ( 'NONE', #2347, #3906, #3108, .T. ) ;
#489 = CARTESIAN_POINT ( 'NONE',  ( -20.93629150101524061, 0.000000000000000000, 20.93629150101528680 ) ) ;
#490 = DIRECTION ( 'NONE',  ( -2.036754959396165491E-16, 0.000000000000000000, -1.000000000000000000 ) ) ;
#491 = ORIENTED_EDGE ( 'NONE', *, *, #2650, .F. ) ;
#492 = CIRCLE ( 'NONE', #1686, 3.500000000000003109 ) ;
#493 = EDGE_LOOP ( 'NONE', ( #4070, #2884, #6060, #4066, #6411 ) ) ;
#494 = EDGE_CURVE ( 'NONE', #3326, #5787, #5276, .T. ) ;
#495 = DIRECTION ( 'NONE',  ( 0.000000000000000000, 1.000000000000000000, -0.000000000000000000 ) ) ;
#496 = LINE ( 'NONE', #2110, #2696 ) ;
#497 = ORIENTED_EDGE ( 'NONE', *, *, #5144, .F. ) ;
#498 = LINE ( 'NONE', #2539, #2388 ) ;
#499 = LINE ( 'NONE', #3402, #3025 ) ;
#500 = ORIENTED_EDGE ( 'NONE', *, *, #5761, .F. ) ;
#501 = AXIS2_PLACEMENT_3D ( 'NONE', #6128, #4121, #1626 ) ;
#502 = LINE ( 'NONE', #6194, #4393 ) ;
#503 = ORIENTED_EDGE ( 'NONE', *, *, #4706, .F. ) ;
#504 = CARTESIAN_POINT ( 'NONE',  ( -30.50000000000000355, 52.50000000000000000, -4.502899235514262370E-15 ) ) ;
#505 = CARTESIAN_POINT ( 'NONE',  ( -12.69031343570181214, 53.97487373415290790, 57.13270822687288586 ) ) ;
#506 = ORIENTED_EDGE ( 'NONE', *, *, #3114, .F. ) ;
#507 = LINE ( 'NONE', #2120, #288 ) ;
#508 = DIRECTION ( 'NONE',  ( -0.000000000000000000, 1.000000000000000000, -0.000000000000000000 ) ) ;
#509 = ORIENTED_EDGE ( 'NONE', *, *, #4313, .F. ) ;
#510 = CARTESIAN_POINT ( 'NONE',  ( -1.996271631908297817, 55.00000000000000000, 27.49999999999999645 ) ) ;
#511 = EDGE_LOOP ( 'NONE', ( #5751, #5980, #3476, #5535, #4811 ) ) ;
#512 = CARTESIAN_POINT ( 'NONE',  ( -25.18000000000001037, 54.00000000000000000, -21.54000000000004178 ) ) ;
#513 = DIRECTION ( 'NONE',  ( 1.962615573354717319E-15, -0.7071067811865474617, 0.7071067811865474617 ) ) ;
#514 = CARTESIAN_POINT ( 'NONE',  ( -28.50000000000000000, 46.00000000000000000, 26.00000000000000000 ) ) ;
#515 = VERTEX_POINT ( 'NONE', #1682 ) ;
#516 = EDGE_LOOP ( 'NONE', ( #5337, #1960, #4157, #1612 ) ) ;
#517 = EDGE_CURVE ( 'NONE', #741, #526, #636, .T. ) ;
#518 = LINE ( 'NONE', #6147, #5613 ) ;
#519 = CARTESIAN_POINT ( 'NONE',  ( 13.78522345468934773, 46.00000000000000000, 50.00766976412404574 ) ) ;
#520 = DIRECTION ( 'NONE',  ( -0.000000000000000000, 1.000000000000000000, -0.000000000000000000 ) ) ;
#521 = DIRECTION ( 'NONE',  ( -0.000000000000000000, 1.000000000000000000, -0.000000000000000000 ) ) ;
#522 = ADVANCED_FACE ( 'NONE', ( #559 ), #699, .F. ) ;
#523 = VERTEX_POINT ( 'NONE', #3213 ) ;
#524 = EDGE_CURVE ( 'NONE', #1134, #2173, #4709, .T. ) ;
#525 = DIRECTION ( 'NONE',  ( -0.000000000000000000, 1.000000000000000000, -0.000000000000000000 ) ) ;
#526 = VERTEX_POINT ( 'NONE', #5140 ) ;
#527 = CARTESIAN_POINT ( 'NONE',  ( -10.85906886773870461, 49.00000000000000711, 62.56505555038680200 ) ) ;
#528 = FACE_OUTER_BOUND ( 'NONE', #3177, .T. ) ;
#529 = ORIENTED_EDGE ( 'NONE', *, *, #1661, .F. ) ;
#530 = EDGE_CURVE ( 'NONE', #5002, #469, #5244, .T. ) ;
#531 = ORIENTED_EDGE ( 'NONE', *, *, #4242, .F. ) ;
#532 = EDGE_CURVE ( 'NONE', #2506, #3008, #5177, .T. ) ;
#533 = CARTESIAN_POINT ( 'NONE',  ( -28.99999999999994671, 55.00000000000000000, -26.50000000000004263 ) ) ;
#534 = EDGE_LOOP ( 'NONE', ( #1009, #4765, #472, #3048 ) ) ;
#535 = CARTESIAN_POINT ( 'NONE',  ( 12.94431447887901498, 50.09526782127553446, 60.67439810055274307 ) ) ;
#536 = CYLINDRICAL_SURFACE ( 'NONE', #1993, 5.999999999999998224 ) ;
#537 = DIRECTION ( 'NONE',  ( 0.000000000000000000, 1.000000000000000000, -0.000000000000000000 ) ) ;
#538 = ORIENTED_EDGE ( 'NONE', *, *, #1793, .T. ) ;
#539 = ORIENTED_EDGE ( 'NONE', *, *, #1603, .F. ) ;
#540 = CARTESIAN_POINT ( 'NONE',  ( -31.99999999999995737, 55.00000000000000000, 30.55025253169425525 ) ) ;
#541 = CARTESIAN_POINT ( 'NONE',  ( 12.42967531801625825, 50.22215125681958625, 60.30309592239312622 ) ) ;
#542 = ORIENTED_EDGE ( 'NONE', *, *, #4256, .T. ) ;
#543 = CARTESIAN_POINT ( 'NONE',  ( 24.39999999999999503, 47.00000000000000000, -23.00000000000004263 ) ) ;
#544 = ORIENTED_EDGE ( 'NONE', *, *, #2000, .F. ) ;
#545 = LINE ( 'NONE', #5201, #1467 ) ;
#546 = DIRECTION ( 'NONE',  ( 0.000000000000000000, 0.000000000000000000, -1.000000000000000000 ) ) ;
#547 = DIRECTION ( 'NONE',  ( 0.000000000000000000, -1.000000000000000000, 0.000000000000000000 ) ) ;
#548 = ORIENTED_EDGE ( 'NONE', *, *, #6322, .T. ) ;
#549 = ORIENTED_EDGE ( 'NONE', *, *, #4109, .F. ) ;
#550 = ADVANCED_FACE ( 'NONE', ( #2140 ), #4243, .T. ) ;
#551 = DIRECTION ( 'NONE',  ( -1.000000000000000000, 0.000000000000000000, -2.983850112677209358E-16 ) ) ;
#552 = CARTESIAN_POINT ( 'NONE',  ( -12.61365057943553225, 46.00000000000000000, 52.83609688887024447 ) ) ;
#553 = FACE_OUTER_BOUND ( 'NONE', #1688, .T. ) ;
#554 = PLANE ( 'NONE',  #4206 ) ;
#555 = ORIENTED_EDGE ( 'NONE', *, *, #2937, .F. ) ;
#556 = EDGE_CURVE ( 'NONE', #6081, #6475, #6219, .T. ) ;
#557 = CARTESIAN_POINT ( 'NONE',  ( -25.18000000000001037, 54.00000000000000000, -21.54000000000004178 ) ) ;
#558 = VECTOR ( 'NONE', #1155, 1000.000000000000000 ) ;
#559 = FACE_OUTER_BOUND ( 'NONE', #2974, .T. ) ;
#560 = FACE_OUTER_BOUND ( 'NONE', #1064, .T. ) ;
#561 = VERTEX_POINT ( 'NONE', #4645 ) ;
#562 = DIRECTION ( 'NONE',  ( -0.7071067811865492381, 0.000000000000000000, 0.7071067811865457964 ) ) ;
#563 = AXIS2_PLACEMENT_3D ( 'NONE', #2822, #5930, #5451 ) ;
#564 = DIRECTION ( 'NONE',  ( 1.000000000000000000, 0.000000000000000000, -0.000000000000000000 ) ) ;
#565 = ORIENTED_EDGE ( 'NONE', *, *, #6330, .F. ) ;
#566 = DIRECTION ( 'NONE',  ( 0.000000000000000000, 0.000000000000000000, -1.000000000000000000 ) ) ;
#567 = ORIENTED_EDGE ( 'NONE', *, *, #4280, .F. ) ;
#568 = AXIS2_PLACEMENT_3D ( 'NONE', #4475, #4974, #4506 ) ;
#569 = CIRCLE ( 'NONE', #2278, 1.200000000000000622 ) ;
#570 = CARTESIAN_POINT ( 'NONE',  ( -13.25291476537765867, 54.19999999999999574, 24.21966823665285062 ) ) ;
#571 = LINE ( 'NONE', #6154, #1955 ) ;
#572 = EDGE_CURVE ( 'NONE', #3522, #2406, #3633, .T. ) ;
#573 = CARTESIAN_POINT ( 'NONE',  ( -28.53000000000001890, 0.000000000000000000, -21.54000000000003823 ) ) ;
#574 = ORIENTED_EDGE ( 'NONE', *, *, #5470, .F. ) ;
#575 = FACE_OUTER_BOUND ( 'NONE', #466, .T. ) ;
#576 = CARTESIAN_POINT ( 'NONE',  ( -27.83000000000001251, 54.00000000000000000, -15.34000000000003183 ) ) ;
#577 = EDGE_CURVE ( 'NONE', #4147, #1937, #5150, .T. ) ;
#578 = CIRCLE ( 'NONE', #899, 0.5000000000000038858 ) ;
#579 = CARTESIAN_POINT ( 'NONE',  ( -12.65529527937618859, 54.74094673999739769, 55.95861842101712824 ) ) ;
#580 = AXIS2_PLACEMENT_3D ( 'NONE', #167, #3829, #2243 ) ;
#581 = LINE ( 'NONE', #1989, #5287 ) ;
#582 = ORIENTED_EDGE ( 'NONE', *, *, #5255, .F. ) ;
#583 = CIRCLE ( 'NONE', #4098, 56.05025253169416288 ) ;
#584 = VECTOR ( 'NONE', #5538, 1000.000000000000000 ) ;
#585 = EDGE_CURVE ( 'NONE', #5422, #6185, #3129, .T. ) ;
#586 = CARTESIAN_POINT ( 'NONE',  ( -7.329999999999992077, 54.80000000000000426, 31.50000000000000000 ) ) ;
#587 = ORIENTED_EDGE ( 'NONE', *, *, #3871, .F. ) ;
#588 = PLANE ( 'NONE',  #272 ) ;
#589 = DIRECTION ( 'NONE',  ( 0.000000000000000000, 0.000000000000000000, -1.000000000000000000 ) ) ;
#590 = DIRECTION ( 'NONE',  ( 0.000000000000000000, 0.000000000000000000, -1.000000000000000000 ) ) ;
#591 = ORIENTED_EDGE ( 'NONE', *, *, #5517, .F. ) ;
#592 = VECTOR ( 'NONE', #6513, 1000.000000000000000 ) ;
#593 = VERTEX_POINT ( 'NONE', #4183 ) ;
#594 = CARTESIAN_POINT ( 'NONE',  ( -11.40833406525394267, 48.94500846884867684, 61.80416626446469763 ) ) ;
#595 = LINE ( 'NONE', #5070, #2485 ) ;
#596 = DIRECTION ( 'NONE',  ( 0.000000000000000000, 0.000000000000000000, -1.000000000000000000 ) ) ;
#597 = CARTESIAN_POINT ( 'NONE',  ( -12.43023552084882155, 51.58414271187921685, 58.91165319783922172 ) ) ;
#598 = VERTEX_POINT ( 'NONE', #6122 ) ;
#599 = AXIS2_PLACEMENT_3D ( 'NONE', #6583, #2419, #1395 ) ;
#600 = EDGE_CURVE ( 'NONE', #2221, #430, #6115, .T. ) ;
#601 = CARTESIAN_POINT ( 'NONE',  ( 32.50000000000001421, 55.00000000000000000, 23.19999999999999929 ) ) ;
#602 = DIRECTION ( 'NONE',  ( 0.000000000000000000, 0.000000000000000000, -1.000000000000000000 ) ) ;
#603 = ORIENTED_EDGE ( 'NONE', *, *, #267, .T. ) ;
#604 = PLANE ( 'NONE',  #4946 ) ;
#605 = VECTOR ( 'NONE', #1460, 1000.000000000000000 ) ;
#606 = CARTESIAN_POINT ( 'NONE',  ( -13.11365057943553225, 54.10052215189401181, 56.14986272294121505 ) ) ;
#607 = EDGE_CURVE ( 'NONE', #4775, #4114, #502, .T. ) ;
#608 = ORIENTED_EDGE ( 'NONE', *, *, #4537, .F. ) ;
#609 = ORIENTED_EDGE ( 'NONE', *, *, #3309, .T. ) ;
#610 = AXIS2_PLACEMENT_3D ( 'NONE', #1749, #5853, #672 ) ;
#611 = FACE_OUTER_BOUND ( 'NONE', #2091, .T. ) ;
#612 = EDGE_LOOP ( 'NONE', ( #2020, #948, #5579, #4387 ) ) ;
#613 = DIRECTION ( 'NONE',  ( 1.000000000000000000, 0.000000000000000000, 0.000000000000000000 ) ) ;
#614 = CARTESIAN_POINT ( 'NONE',  ( 13.11365057943552870, 54.12367218150708226, 56.10542596110821734 ) ) ;
#615 = DIRECTION ( 'NONE',  ( -0.000000000000000000, 1.000000000000000000, -0.000000000000000000 ) ) ;
#616 = AXIS2_PLACEMENT_3D ( 'NONE', #2451, #5935, #923 ) ;
#617 = DIRECTION ( 'NONE',  ( 0.7071067811865500152, -0.7071067811865451302, -4.088782444489013479E-16 ) ) ;
#618 = EDGE_CURVE ( 'NONE', #3440, #5196, #1119, .T. ) ;
#619 = ADVANCED_FACE ( 'NONE', ( #1087 ), #1013, .F. ) ;
#620 = VERTEX_POINT ( 'NONE', #5222 ) ;
#621 = LINE ( 'NONE', #2156, #675 ) ;
#622 = EDGE_LOOP ( 'NONE', ( #4575, #1634, #6550, #3166, #1352, #5101, #6637, #6138, #4604, #1214 ) ) ;
#623 = DIRECTION ( 'NONE',  ( 0.000000000000000000, 0.000000000000000000, 1.000000000000000000 ) ) ;
#624 = ORIENTED_EDGE ( 'NONE', *, *, #1112, .T. ) ;
#625 = DIRECTION ( 'NONE',  ( 0.000000000000000000, 0.000000000000000000, 1.000000000000000000 ) ) ;
#626 = CARTESIAN_POINT ( 'NONE',  ( -13.12105599139643886, 46.00000000000000000, 50.88628073251087613 ) ) ;
#627 = ORIENTED_EDGE ( 'NONE', *, *, #447, .T. ) ;
#628 = EDGE_CURVE ( 'NONE', #409, #3434, #6269, .T. ) ;
#629 = VERTEX_POINT ( 'NONE', #2612 ) ;
#630 = LINE ( 'NONE', #85, #1876 ) ;
#631 = CARTESIAN_POINT ( 'NONE',  ( 28.50000000000000000, 52.50000000000000000, 4.549999999999998934 ) ) ;
#632 = DIRECTION ( 'NONE',  ( -0.000000000000000000, 1.000000000000000000, -0.000000000000000000 ) ) ;
#633 = CARTESIAN_POINT ( 'NONE',  ( -12.43000197045408051, 51.02847499801299591, 59.47960469841889619 ) ) ;
#634 = ORIENTED_EDGE ( 'NONE', *, *, #1641, .F. ) ;
#635 = FACE_OUTER_BOUND ( 'NONE', #2282, .T. ) ;
#636 = LINE ( 'NONE', #4141, #991 ) ;
#637 = CARTESIAN_POINT ( 'NONE',  ( 26.50000000000002842, 53.00000000000001421, -14.00000000000004974 ) ) ;
#638 = EDGE_LOOP ( 'NONE', ( #2526, #1300, #2521, #3218 ) ) ;
#639 = CARTESIAN_POINT ( 'NONE',  ( -27.83000000000001251, 52.75000000000000000, -13.94000000000003148 ) ) ;
#640 = DIRECTION ( 'NONE',  ( 0.5000000000000009992, -0.7071067811865461294, 0.5000000000000009992 ) ) ;
#641 = ORIENTED_EDGE ( 'NONE', *, *, #5644, .T. ) ;
#642 = DIRECTION ( 'NONE',  ( -0.7071067811865464625, -0.000000000000000000, 0.7071067811865486830 ) ) ;
#643 = ORIENTED_EDGE ( 'NONE', *, *, #5139, .F. ) ;
#644 = DIRECTION ( 'NONE',  ( 1.000000000000000000, 0.000000000000000000, -0.000000000000000000 ) ) ;
#645 = CARTESIAN_POINT ( 'NONE',  ( -23.49999999999991829, 55.00000000000000000, -6.000000000000043521 ) ) ;
#646 = PLANE ( 'NONE',  #1001 ) ;
#647 = ORIENTED_EDGE ( 'NONE', *, *, #2986, .T. ) ;
#648 = LINE ( 'NONE', #4725, #1850 ) ;
#649 = VERTEX_POINT ( 'NONE', #1621 ) ;
#650 = DIRECTION ( 'NONE',  ( 0.000000000000000000, 0.000000000000000000, 1.000000000000000000 ) ) ;
#651 = ORIENTED_EDGE ( 'NONE', *, *, #6493, .T. ) ;
#652 = LINE ( 'NONE', #5298, #4772 ) ;
#653 = LINE ( 'NONE', #5800, #468 ) ;
#654 = ORIENTED_EDGE ( 'NONE', *, *, #5966, .F. ) ;
#655 = CARTESIAN_POINT ( 'NONE',  ( 26.50000000000002487, 46.00000000000000000, -14.00000000000004796 ) ) ;
#656 = DIRECTION ( 'NONE',  ( 0.000000000000000000, 0.000000000000000000, -1.000000000000000000 ) ) ;
#657 = DIRECTION ( 'NONE',  ( -0.000000000000000000, 1.000000000000000000, -0.000000000000000000 ) ) ;
#658 = DIRECTION ( 'NONE',  ( -0.000000000000000000, 1.000000000000000000, -0.000000000000000000 ) ) ;
#659 = EDGE_CURVE ( 'NONE', #253, #3126, #1551, .T. ) ;
#660 = ORIENTED_EDGE ( 'NONE', *, *, #686, .F. ) ;
#661 = CARTESIAN_POINT ( 'NONE',  ( 12.55266168638427793, 52.50000000000001421, 57.77213106663403153 ) ) ;
#662 = DIRECTION ( 'NONE',  ( 0.000000000000000000, -1.000000000000000000, 0.000000000000000000 ) ) ;
#663 = EDGE_CURVE ( 'NONE', #1886, #5406, #129, .T. ) ;
#664 = VERTEX_POINT ( 'NONE', #5584 ) ;
#665 = DIRECTION ( 'NONE',  ( 0.000000000000000000, 1.000000000000000000, -0.000000000000000000 ) ) ;
#666 = CARTESIAN_POINT ( 'NONE',  ( -11.81133302088177928, 46.00000000000000000, 50.15509967387610857 ) ) ;
#667 = STYLED_ITEM ( 'NONE', ( #104 ), #322 ) ;
#668 = VERTEX_POINT ( 'NONE', #4586 ) ;
#669 = CIRCLE ( 'NONE', #6337, 1.500000000000001332 ) ;
#670 = EDGE_LOOP ( 'NONE', ( #350, #993, #1029, #2998 ) ) ;
#671 = DIRECTION ( 'NONE',  ( 0.000000000000000000, 0.000000000000000000, 1.000000000000000000 ) ) ;
#672 = DIRECTION ( 'NONE',  ( 1.734723475976814589E-15, 0.000000000000000000, 1.000000000000000000 ) ) ;
#673 = DIRECTION ( 'NONE',  ( 0.000000000000000000, 1.000000000000000000, -0.000000000000000000 ) ) ;
#674 = VECTOR ( 'NONE', #4187, 1000.000000000000114 ) ;
#675 = VECTOR ( 'NONE', #4695, 1000.000000000000000 ) ;
#676 = ADVANCED_FACE ( 'NONE', ( #611 ), #2674, .F. ) ;
#677 = ORIENTED_EDGE ( 'NONE', *, *, #2180, .T. ) ;
#678 = CARTESIAN_POINT ( 'NONE',  ( 24.00000000000000711, 0.000000000000000000, 22.69999999999999929 ) ) ;
#679 = EDGE_LOOP ( 'NONE', ( #1903, #2330, #17, #4103, #5167, #1491, #5657, #3958, #1401, #5014 ) ) ;
#680 = AXIS2_PLACEMENT_3D ( 'NONE', #3149, #4610, #6116 ) ;
#681 = VECTOR ( 'NONE', #1786, 1000.000000000000000 ) ;
#682 = CARTESIAN_POINT ( 'NONE',  ( 25.00000000000000355, 61.99999999999999289, -14.00000000000003553 ) ) ;
#683 = EDGE_CURVE ( 'NONE', #2111, #3724, #5085, .T. ) ;
#684 = DIRECTION ( 'NONE',  ( 0.000000000000000000, 0.000000000000000000, 1.000000000000000000 ) ) ;
#685 = CARTESIAN_POINT ( 'NONE',  ( -26.43000000000001393, 55.00000000000000000, -15.34000000000003183 ) ) ;
#686 = EDGE_CURVE ( 'NONE', #2623, #5420, #3544, .T. ) ;
#687 = AXIS2_PLACEMENT_3D ( 'NONE', #118, #2167, #4201 ) ;
#688 = ORIENTED_EDGE ( 'NONE', *, *, #6605, .F. ) ;
#689 = VECTOR ( 'NONE', #2932, 1000.000000000000000 ) ;
#690 = DIRECTION ( 'NONE',  ( 0.000000000000000000, 1.000000000000000000, -0.000000000000000000 ) ) ;
#691 = DIRECTION ( 'NONE',  ( 0.000000000000000000, 0.000000000000000000, -1.000000000000000000 ) ) ;
#692 = CIRCLE ( 'NONE', #5918, 1.199999999999999734 ) ;
#693 = CARTESIAN_POINT ( 'NONE',  ( 31.12132034355966681, 55.00000000000000000, 32.67157287525382969 ) ) ;
#694 = CYLINDRICAL_SURFACE ( 'NONE', #3771, 1.200000000000000622 ) ;
#695 = ORIENTED_EDGE ( 'NONE', *, *, #239, .F. ) ;
#696 = ADVANCED_FACE ( 'NONE', ( #4072 ), #4148, .F. ) ;
#697 = VECTOR ( 'NONE', #6611, 1000.000000000000114 ) ;
#698 = EDGE_CURVE ( 'NONE', #3067, #2567, #5729, .T. ) ;
#699 = PLANE ( 'NONE',  #4723 ) ;
#700 = ORIENTED_EDGE ( 'NONE', *, *, #3273, .F. ) ;
#701 = LINE ( 'NONE', #4301, #6136 ) ;
#702 = CARTESIAN_POINT ( 'NONE',  ( -13.02989079751282020, 50.22697430518797290, 60.39845910037053045 ) ) ;
#703 = CIRCLE ( 'NONE', #6584, 3.249999999999999556 ) ;
#704 = ORIENTED_EDGE ( 'NONE', *, *, #6634, .F. ) ;
#705 = ADVANCED_FACE ( 'NONE', ( #2148 ), #130, .T. ) ;
#706 = CONICAL_SURFACE ( 'NONE', #2731, 2.649999999999999467, 0.7853981633974477239 ) ;
#707 = DIRECTION ( 'NONE',  ( -1.000000000000000000, 0.000000000000000000, 2.036754959396165491E-16 ) ) ;
#708 = DIRECTION ( 'NONE',  ( -0.000000000000000000, 1.000000000000000000, -0.000000000000000000 ) ) ;
#709 = CARTESIAN_POINT ( 'NONE',  ( 29.62132034355966681, 52.50000000000000000, 30.55025253169417354 ) ) ;
#710 = VECTOR ( 'NONE', #3564, 1000.000000000000000 ) ;
#711 = DIRECTION ( 'NONE',  ( -0.000000000000000000, 1.000000000000000000, -0.000000000000000000 ) ) ;
#712 = VERTEX_POINT ( 'NONE', #4688 ) ;
#713 = CARTESIAN_POINT ( 'NONE',  ( 32.49999999999997158, 55.00000000000000000, -21.50000000000000000 ) ) ;
#714 = ORIENTED_EDGE ( 'NONE', *, *, #5838, .F. ) ;
#715 = VECTOR ( 'NONE', #3845, 1000.000000000000000 ) ;
#716 = CARTESIAN_POINT ( 'NONE',  ( -13.11365057943552337, 52.22761373038329680, 58.21523751214163411 ) ) ;
#717 = EDGE_LOOP ( 'NONE', ( #1508, #2193, #503, #5701 ) ) ;
#718 = CARTESIAN_POINT ( 'NONE',  ( 12.49050648799787311, 49.84981590900218862, 60.58249452252772471 ) ) ;
#719 = DIRECTION ( 'NONE',  ( 1.982541115402063335E-15, 0.000000000000000000, 1.000000000000000000 ) ) ;
#720 = EDGE_LOOP ( 'NONE', ( #4950, #2029, #3398, #4051 ) ) ;
#721 = DIRECTION ( 'NONE',  ( 0.5773502691896258421, -0.5773502691896255090, 0.5773502691896258421 ) ) ;
#722 = CARTESIAN_POINT ( 'NONE',  ( 13.11365057943553047, 54.49999937203710942, 54.81424968307045731 ) ) ;
#723 = DIRECTION ( 'NONE',  ( 0.000000000000000000, 0.000000000000000000, 1.000000000000000000 ) ) ;
#724 = CARTESIAN_POINT ( 'NONE',  ( -25.75492515385774439, 36.62916759300433256, -0.4398459957930351827 ) ) ;
#725 = ORIENTED_EDGE ( 'NONE', *, *, #2697, .T. ) ;
#726 = CARTESIAN_POINT ( 'NONE',  ( 2.580000000000002736, 54.80000000000000426, 22.00000000000000000 ) ) ;
#727 = EDGE_CURVE ( 'NONE', #914, #2733, #2544, .T. ) ;
#728 = EDGE_LOOP ( 'NONE', ( #634, #4579, #1230, #2913, #6245 ) ) ;
#729 = DIRECTION ( 'NONE',  ( 1.000000000000000000, -0.000000000000000000, 7.434214528492724981E-16 ) ) ;
#730 = EDGE_CURVE ( 'NONE', #838, #3058, #1643, .T. ) ;
#731 = CARTESIAN_POINT ( 'NONE',  ( 0.000000000000000000, 53.97487373415290790, 0.000000000000000000 ) ) ;
#732 = ORIENTED_EDGE ( 'NONE', *, *, #3784, .T. ) ;
#733 = EDGE_CURVE ( 'NONE', #3869, #523, #3758, .T. ) ;
#734 = DIRECTION ( 'NONE',  ( -0.5773502691896263972, -0.5773502691896245098, 0.5773502691896263972 ) ) ;
#735 = CARTESIAN_POINT ( 'NONE',  ( 24.00000000000000711, 52.50000000000000000, 22.69999999999999929 ) ) ;
#736 = DIRECTION ( 'NONE',  ( -0.5000000000000011102, -0.7071067811865474617, -0.4999999999999990008 ) ) ;
#737 = ADVANCED_FACE ( 'NONE', ( #635 ), #2261, .F. ) ;
#738 = FACE_OUTER_BOUND ( 'NONE', #1267, .T. ) ;
#739 = ORIENTED_EDGE ( 'NONE', *, *, #2691, .T. ) ;
#740 = DIRECTION ( 'NONE',  ( 0.000000000000000000, 1.000000000000000000, 0.000000000000000000 ) ) ;
#741 = VERTEX_POINT ( 'NONE', #120 ) ;
#742 = DIRECTION ( 'NONE',  ( -0.000000000000000000, -1.000000000000000000, -0.000000000000000000 ) ) ;
#743 = ORIENTED_EDGE ( 'NONE', *, *, #4308, .T. ) ;
#744 = EDGE_CURVE ( 'NONE', #1121, #764, #3238, .T. ) ;
#745 = CARTESIAN_POINT ( 'NONE',  ( -12.42872053066919236, 50.82453407912208831, 59.69011604628690293 ) ) ;
#746 = DIRECTION ( 'NONE',  ( -0.000000000000000000, 1.000000000000000000, -0.000000000000000000 ) ) ;
#747 = FACE_OUTER_BOUND ( 'NONE', #5940, .T. ) ;
#748 = ORIENTED_EDGE ( 'NONE', *, *, #4132, .F. ) ;
#749 = CARTESIAN_POINT ( 'NONE',  ( 24.00000000000000711, 52.50000000000000000, 14.69999999999999751 ) ) ;
#750 = ORIENTED_EDGE ( 'NONE', *, *, #187, .F. ) ;
#751 = CARTESIAN_POINT ( 'NONE',  ( 12.66395329686270621, 54.61196354323449498, 56.24499244990305158 ) ) ;
#752 = DIRECTION ( 'NONE',  ( -1.000000000000000000, 0.000000000000000000, 2.973811673103095002E-15 ) ) ;
#753 = CARTESIAN_POINT ( 'NONE',  ( 0.000000000000000000, 52.50000000000000000, 0.000000000000000000 ) ) ;
#754 = ORIENTED_EDGE ( 'NONE', *, *, #2404, .T. ) ;
#755 = FACE_OUTER_BOUND ( 'NONE', #3641, .T. ) ;
#756 = EDGE_CURVE ( 'NONE', #3288, #3527, #41, .T. ) ;
#757 = ORIENTED_EDGE ( 'NONE', *, *, #198, .T. ) ;
#758 = DIRECTION ( 'NONE',  ( 0.000000000000000000, 1.000000000000000000, 0.000000000000000000 ) ) ;
#759 = CARTESIAN_POINT ( 'NONE',  ( 12.43062650674725766, 52.50000000000002132, 57.97522497504746042 ) ) ;
#760 = EDGE_CURVE ( 'NONE', #1745, #1394, #3272, .T. ) ;
#761 = DIRECTION ( 'NONE',  ( -1.308747794584438793E-16, -0.000000000000000000, 1.000000000000000000 ) ) ;
#762 = VERTEX_POINT ( 'NONE', #4708 ) ;
#763 = EDGE_CURVE ( 'NONE', #1712, #2623, #2758, .T. ) ;
#764 = VERTEX_POINT ( 'NONE', #156 ) ;
#765 = DIRECTION ( 'NONE',  ( 0.000000000000000000, 0.000000000000000000, 1.000000000000000000 ) ) ;
#766 = VECTOR ( 'NONE', #3894, 999.9999999999998863 ) ;
#767 = DIRECTION ( 'NONE',  ( -0.000000000000000000, -1.000000000000000000, -0.000000000000000000 ) ) ;
#768 = FACE_BOUND ( 'NONE', #2471, .T. ) ;
#769 = LINE ( 'NONE', #223, #2161 ) ;
#770 = VECTOR ( 'NONE', #3154, 1000.000000000000114 ) ;
#771 = ORIENTED_EDGE ( 'NONE', *, *, #2090, .T. ) ;
#772 = ORIENTED_EDGE ( 'NONE', *, *, #5004, .F. ) ;
#773 = LINE ( 'NONE', #4789, #4941 ) ;
#774 = EDGE_CURVE ( 'NONE', #1433, #6174, #6228, .T. ) ;
#775 = ORIENTED_EDGE ( 'NONE', *, *, #437, .F. ) ;
#776 = CARTESIAN_POINT ( 'NONE',  ( 28.00000000000002487, 0.000000000000000000, 24.19999999999999929 ) ) ;
#777 = VECTOR ( 'NONE', #1366, 1000.000000000000000 ) ;
#778 = CARTESIAN_POINT ( 'NONE',  ( 12.42872053066919591, 50.82453407912203147, 59.69011604628693846 ) ) ;
#779 = ORIENTED_EDGE ( 'NONE', *, *, #5069, .T. ) ;
#780 = AXIS2_PLACEMENT_3D ( 'NONE', #3775, #2809, #4284 ) ;
#781 = DIRECTION ( 'NONE',  ( -1.000000000000000000, 0.000000000000000000, 0.000000000000000000 ) ) ;
#782 = ADVANCED_FACE ( 'NONE', ( #755 ), #3668, .T. ) ;
#783 = AXIS2_PLACEMENT_3D ( 'NONE', #6223, #564, #4145 ) ;
#784 = VECTOR ( 'NONE', #2867, 1000.000000000000000 ) ;
#785 = FACE_OUTER_BOUND ( 'NONE', #5519, .T. ) ;
#786 = VERTEX_POINT ( 'NONE', #2359 ) ;
#787 = CARTESIAN_POINT ( 'NONE',  ( 28.99999999999996803, 46.00000000000000000, -30.00000000000004263 ) ) ;
#788 = CARTESIAN_POINT ( 'NONE',  ( 13.11365057943553047, 54.12299349251721736, 56.15956351470427421 ) ) ;
#789 = CARTESIAN_POINT ( 'NONE',  ( -29.93000000000001393, 52.75000000000000000, -21.54000000000003823 ) ) ;
#790 = CARTESIAN_POINT ( 'NONE',  ( -28.50000000000000000, 36.62916759300433256, 1.299999999999999156 ) ) ;
#791 = EDGE_LOOP ( 'NONE', ( #6265, #5548, #3023, #1466 ) ) ;
#792 = AXIS2_PLACEMENT_3D ( 'NONE', #2925, #3999, #6592 ) ;
#793 = AXIS2_PLACEMENT_3D ( 'NONE', #5379, #707, #6418 ) ;
#794 = DIRECTION ( 'NONE',  ( 0.000000000000000000, -1.000000000000000000, 0.000000000000000000 ) ) ;
#795 = VECTOR ( 'NONE', #2385, 1000.000000000000000 ) ;
#796 = AXIS2_PLACEMENT_3D ( 'NONE', #2209, #1280, #4871 ) ;
#797 = ORIENTED_EDGE ( 'NONE', *, *, #2917, .F. ) ;
#798 = LINE ( 'NONE', #4835, #2610 ) ;
#799 = CARTESIAN_POINT ( 'NONE',  ( 22.00000000000000711, 54.50000000000000000, 14.69999999999999751 ) ) ;
#800 = ORIENTED_EDGE ( 'NONE', *, *, #4413, .F. ) ;
#801 = VECTOR ( 'NONE', #901, 1000.000000000000000 ) ;
#802 = EDGE_CURVE ( 'NONE', #1824, #463, #449, .T. ) ;
#803 = CARTESIAN_POINT ( 'NONE',  ( 12.04691537645297217, 49.36300651216649271, 61.25669079623889246 ) ) ;
#804 = VECTOR ( 'NONE', #1893, 1000.000000000000000 ) ;
#805 = CARTESIAN_POINT ( 'NONE',  ( 12.68785475926280348, 54.05724531758135498, 57.04887038331418125 ) ) ;
#806 = ADVANCED_FACE ( 'NONE', ( #5899 ), #5400, .F. ) ;
#807 = LINE ( 'NONE', #6327, #1852 ) ;
#808 = ORIENTED_EDGE ( 'NONE', *, *, #6066, .F. ) ;
#809 = VECTOR ( 'NONE', #5324, 1000.000000000000000 ) ;
#810 = EDGE_CURVE ( 'NONE', #786, #2670, #6440, .T. ) ;
#811 = ORIENTED_EDGE ( 'NONE', *, *, #4026, .T. ) ;
#812 = DIRECTION ( 'NONE',  ( -0.7071067811865465735, 0.000000000000000000, 0.7071067811865485719 ) ) ;
#813 = CARTESIAN_POINT ( 'NONE',  ( -27.83000000000001251, 52.75000000000000000, -21.54000000000004178 ) ) ;
#814 = ORIENTED_EDGE ( 'NONE', *, *, #5268, .T. ) ;
#815 = EDGE_CURVE ( 'NONE', #5986, #3724, #377, .T. ) ;
#816 = AXIS2_PLACEMENT_3D ( 'NONE', #2595, #1639, #596 ) ;
#817 = CARTESIAN_POINT ( 'NONE',  ( -12.62656142756537037, 54.97712962715661433, 55.02413456041711015 ) ) ;
#818 = DIRECTION ( 'NONE',  ( 0.000000000000000000, 0.000000000000000000, 1.000000000000000000 ) ) ;
#819 = EDGE_CURVE ( 'NONE', #3280, #5013, #879, .T. ) ;
#820 = CYLINDRICAL_SURFACE ( 'NONE', #6558, 1.199999999999999734 ) ;
#821 = DIRECTION ( 'NONE',  ( -5.782411586589355667E-16, 0.000000000000000000, 1.000000000000000000 ) ) ;
#822 = DIRECTION ( 'NONE',  ( -0.000000000000000000, 1.000000000000000000, -0.000000000000000000 ) ) ;
#823 = PLANE ( 'NONE',  #2841 ) ;
#824 = CARTESIAN_POINT ( 'NONE',  ( -12.61365057943553047, 50.33747290205585045, 59.88104043566602996 ) ) ;
#825 = EDGE_CURVE ( 'NONE', #1814, #3628, #571, .T. ) ;
#826 = ORIENTED_EDGE ( 'NONE', *, *, #5045, .F. ) ;
#827 = DIRECTION ( 'NONE',  ( 0.000000000000000000, 1.000000000000000000, 0.000000000000000000 ) ) ;
#828 = ORIENTED_EDGE ( 'NONE', *, *, #6037, .F. ) ;
#829 = DIRECTION ( 'NONE',  ( 1.000000000000000000, -0.000000000000000000, -0.000000000000000000 ) ) ;
#830 = DIRECTION ( 'NONE',  ( 0.5773502691896268413, -0.5773502691896271743, -0.5773502691896232886 ) ) ;
#831 = CARTESIAN_POINT ( 'NONE',  ( 0.000000000000000000, 51.50000000000000000, 0.000000000000000000 ) ) ;
#832 = VERTEX_POINT ( 'NONE', #4578 ) ;
#833 = LINE ( 'NONE', #1904, #5995 ) ;
#834 = CARTESIAN_POINT ( 'NONE',  ( -28.99999999999994671, 46.00000000000000000, -26.50000000000004263 ) ) ;
#835 = PLANE ( 'NONE',  #3767 ) ;
#836 = DIRECTION ( 'NONE',  ( 0.000000000000000000, 0.000000000000000000, 1.000000000000000000 ) ) ;
#837 = DIRECTION ( 'NONE',  ( -0.000000000000000000, 1.000000000000000000, -0.000000000000000000 ) ) ;
#838 = VERTEX_POINT ( 'NONE', #6220 ) ;
#839 = EDGE_CURVE ( 'NONE', #1192, #6526, #4035, .T. ) ;
#840 = DIRECTION ( 'NONE',  ( -0.000000000000000000, 1.000000000000000000, -0.000000000000000000 ) ) ;
#841 = DIRECTION ( 'NONE',  ( 0.000000000000000000, 0.000000000000000000, 1.000000000000000000 ) ) ;
#842 = CARTESIAN_POINT ( 'NONE',  ( -12.55292074373359412, 51.64456283339303155, 58.64659517162810687 ) ) ;
#843 = CARTESIAN_POINT ( 'NONE',  ( 0.000000000000000000, 46.00000000000000000, -14.00000000000004796 ) ) ;
#844 = CARTESIAN_POINT ( 'NONE',  ( 0.000000000000000000, 47.00000000000000000, 0.000000000000000000 ) ) ;
#845 = ORIENTED_EDGE ( 'NONE', *, *, #5966, .T. ) ;
#846 = CARTESIAN_POINT ( 'NONE',  ( -28.50000000000000000, 54.50000000000000000, -27.19999999999999929 ) ) ;
#847 = ORIENTED_EDGE ( 'NONE', *, *, #3795, .T. ) ;
#848 = PLANE ( 'NONE',  #3970 ) ;
#849 = CARTESIAN_POINT ( 'NONE',  ( -26.91852454804892858, 46.00000000000000000, 23.43933982822017725 ) ) ;
#850 = CARTESIAN_POINT ( 'NONE',  ( 24.89999999999997016, 54.50000000000000000, -30.00000000000004263 ) ) ;
#851 = VERTEX_POINT ( 'NONE', #1507 ) ;
#852 = DIRECTION ( 'NONE',  ( 0.000000000000000000, 1.000000000000000000, 0.000000000000000000 ) ) ;
#853 = CARTESIAN_POINT ( 'NONE',  ( -13.11365057943553580, 53.94139780392961114, 56.40323346527984683 ) ) ;
#854 = ORIENTED_EDGE ( 'NONE', *, *, #164, .T. ) ;
#855 = LINE ( 'NONE', #3422, #4101 ) ;
#856 = EDGE_CURVE ( 'NONE', #5075, #6509, #3014, .T. ) ;
#857 = LINE ( 'NONE', #999, #5375 ) ;
#858 = CARTESIAN_POINT ( 'NONE',  ( -1.419999999999998597, 54.80000000000000426, 23.65685424949238325 ) ) ;
#859 = VERTEX_POINT ( 'NONE', #2039 ) ;
#860 = EDGE_CURVE ( 'NONE', #4899, #1712, #6187, .T. ) ;
#861 = DIRECTION ( 'NONE',  ( 0.000000000000000000, 0.000000000000000000, 1.000000000000000000 ) ) ;
#862 = DIRECTION ( 'NONE',  ( -0.000000000000000000, 1.000000000000000000, -0.000000000000000000 ) ) ;
#863 = DIRECTION ( 'NONE',  ( -1.000000000000000000, 0.000000000000000000, 2.973811673103095002E-15 ) ) ;
#864 = CARTESIAN_POINT ( 'NONE',  ( -25.10000000000000142, -6.657478101405524207, -24.00000000000004619 ) ) ;
#865 = ORIENTED_EDGE ( 'NONE', *, *, #5144, .T. ) ;
#866 = ORIENTED_EDGE ( 'NONE', *, *, #1546, .T. ) ;
#867 = ORIENTED_EDGE ( 'NONE', *, *, #3256, .T. ) ;
#868 = ORIENTED_EDGE ( 'NONE', *, *, #4353, .F. ) ;
#869 = CARTESIAN_POINT ( 'NONE',  ( 32.50000000000002132, 46.00000000000000000, 30.55025253169416999 ) ) ;
#870 = CARTESIAN_POINT ( 'NONE',  ( 24.39999999999999503, 47.00000000000000000, -24.00000000000004974 ) ) ;
#871 = ORIENTED_EDGE ( 'NONE', *, *, #3986, .F. ) ;
#872 = CARTESIAN_POINT ( 'NONE',  ( -12.61491014875291228, 49.74698882793607169, 60.48193358160283850 ) ) ;
#873 = ORIENTED_EDGE ( 'NONE', *, *, #3870, .T. ) ;
#874 = DIRECTION ( 'NONE',  ( 0.000000000000000000, -0.7071067811865500152, -0.7071067811865451302 ) ) ;
#875 = EDGE_CURVE ( 'NONE', #5357, #1055, #5575, .T. ) ;
#876 = CIRCLE ( 'NONE', #5034, 1.500000000000001332 ) ;
#877 = DIRECTION ( 'NONE',  ( 0.000000000000000000, 1.000000000000000000, 0.000000000000000000 ) ) ;
#878 = ORIENTED_EDGE ( 'NONE', *, *, #3115, .F. ) ;
#879 = CIRCLE ( 'NONE', #5893, 5.999999999999998224 ) ;
#880 = FACE_OUTER_BOUND ( 'NONE', #4263, .T. ) ;
#881 = CYLINDRICAL_SURFACE ( 'NONE', #5383, 3.249999999999999556 ) ;
#882 = CARTESIAN_POINT ( 'NONE',  ( -14.80854968398806548, 52.00000000000000000, 22.66403331804244559 ) ) ;
#883 = ADVANCED_FACE ( 'NONE', ( #5650 ), #1645, .T. ) ;
#884 = CARTESIAN_POINT ( 'NONE',  ( -25.10000000000000142, -6.657478101405524207, -23.00000000000004263 ) ) ;
#885 = VERTEX_POINT ( 'NONE', #5681 ) ;
#886 = AXIS2_PLACEMENT_3D ( 'NONE', #3070, #5643, #5103 ) ;
#887 = ORIENTED_EDGE ( 'NONE', *, *, #530, .T. ) ;
#888 = AXIS2_PLACEMENT_3D ( 'NONE', #2053, #1952, #2912 ) ;
#889 = ADVANCED_FACE ( 'NONE', ( #3671 ), #3077, .F. ) ;
#890 = CARTESIAN_POINT ( 'NONE',  ( -13.11365057943552870, 54.49999984274300147, 54.66303307920692589 ) ) ;
#891 = VERTEX_POINT ( 'NONE', #3607 ) ;
#892 = LINE ( 'NONE', #315, #4531 ) ;
#893 = VECTOR ( 'NONE', #5009, 1000.000000000000114 ) ;
#894 = VECTOR ( 'NONE', #2709, 1000.000000000000000 ) ;
#895 = PLANE ( 'NONE',  #792 ) ;
#896 = EDGE_CURVE ( 'NONE', #3869, #1576, #496, .T. ) ;
#897 = CARTESIAN_POINT ( 'NONE',  ( 12.58451515218132322, 50.16016799289159422, 60.11032577580314751 ) ) ;
#898 = ADVANCED_FACE ( 'NONE', ( #5723 ), #2537, .T. ) ;
#899 = AXIS2_PLACEMENT_3D ( 'NONE', #4926, #2500, #6449 ) ;
#900 = AXIS2_PLACEMENT_3D ( 'NONE', #5246, #1252, #290 ) ;
#901 = DIRECTION ( 'NONE',  ( -4.088782444488940509E-16, 0.7071067811865573427, 0.7071067811865378028 ) ) ;
#902 = ORIENTED_EDGE ( 'NONE', *, *, #4968, .T. ) ;
#903 = CARTESIAN_POINT ( 'NONE',  ( -13.11365057943553047, 53.62132034355964549, 56.78756650747477153 ) ) ;
#904 = DIRECTION ( 'NONE',  ( -6.938893903907222067E-15, 0.000000000000000000, -1.000000000000000000 ) ) ;
#905 = CARTESIAN_POINT ( 'NONE',  ( -27.83000000000001251, 46.00000000000000000, -13.94000000000003148 ) ) ;
#906 = AXIS2_PLACEMENT_3D ( 'NONE', #6480, #5455, #6586 ) ;
#907 = EDGE_CURVE ( 'NONE', #3, #5831, #2009, .T. ) ;
#908 = ORIENTED_EDGE ( 'NONE', *, *, #5553, .F. ) ;
#909 = ORIENTED_EDGE ( 'NONE', *, *, #2560, .T. ) ;
#910 = VECTOR ( 'NONE', #983, 1000.000000000000000 ) ;
#911 = ORIENTED_EDGE ( 'NONE', *, *, #5526, .T. ) ;
#912 = DIRECTION ( 'NONE',  ( -0.7071067811865475727, 0.000000000000000000, 0.7071067811865475727 ) ) ;
#913 = DIRECTION ( 'NONE',  ( 0.000000000000000000, -1.000000000000000000, 0.000000000000000000 ) ) ;
#914 = VERTEX_POINT ( 'NONE', #1541 ) ;
#915 = CARTESIAN_POINT ( 'NONE',  ( -28.50000000000000000, 46.00000000000000000, 1.299999999999999156 ) ) ;
#916 = CARTESIAN_POINT ( 'NONE',  ( -14.80854968398806548, 52.00000000000000000, 22.66403331804244559 ) ) ;
#917 = CIRCLE ( 'NONE', #162, 3.250000000000000000 ) ;
#918 = FACE_OUTER_BOUND ( 'NONE', #6016, .T. ) ;
#919 = EDGE_LOOP ( 'NONE', ( #1998, #6109, #6163, #3972 ) ) ;
#920 = VECTOR ( 'NONE', #2515, 1000.000000000000000 ) ;
#921 = LINE ( 'NONE', #371, #804 ) ;
#922 = DIRECTION ( 'NONE',  ( -1.000000000000000000, 0.000000000000000000, -3.066586833366751727E-16 ) ) ;
#923 = DIRECTION ( 'NONE',  ( -0.7071067811865492381, 0.000000000000000000, 0.7071067811865457964 ) ) ;
#924 = CARTESIAN_POINT ( 'NONE',  ( 32.00000000000000711, 0.000000000000000000, 14.69999999999999751 ) ) ;
#925 = EDGE_LOOP ( 'NONE', ( #4189, #4478, #4834, #5126 ) ) ;
#926 = VECTOR ( 'NONE', #752, 1000.000000000000000 ) ;
#927 = ORIENTED_EDGE ( 'NONE', *, *, #600, .T. ) ;
#928 = CYLINDRICAL_SURFACE ( 'NONE', #4654, 3.249999999999999556 ) ;
#929 = VERTEX_POINT ( 'NONE', #4646 ) ;
#930 = CYLINDRICAL_SURFACE ( 'NONE', #3244, 3.499999999999999556 ) ;
#931 = VECTOR ( 'NONE', #6616, 1000.000000000000000 ) ;
#932 = CARTESIAN_POINT ( 'NONE',  ( -29.00000000000000355, 46.00000000000000000, 23.00000000000000000 ) ) ;
#933 = EDGE_CURVE ( 'NONE', #4799, #2682, #5614, .T. ) ;
#934 = ORIENTED_EDGE ( 'NONE', *, *, #1569, .T. ) ;
#935 = CARTESIAN_POINT ( 'NONE',  ( -28.99999999999994671, 55.00000000000000000, 30.55025253169425525 ) ) ;
#936 = EDGE_CURVE ( 'NONE', #1264, #6073, #16, .T. ) ;
#937 = CARTESIAN_POINT ( 'NONE',  ( -24.10000000000000497, 54.50000000000001421, -30.00000000000004263 ) ) ;
#938 = ORIENTED_EDGE ( 'NONE', *, *, #3196, .F. ) ;
#939 = DIRECTION ( 'NONE',  ( 0.000000000000000000, -1.000000000000000000, 0.000000000000000000 ) ) ;
#940 = FACE_OUTER_BOUND ( 'NONE', #1256, .T. ) ;
#941 = ORIENTED_EDGE ( 'NONE', *, *, #3327, .F. ) ;
#942 = EDGE_LOOP ( 'NONE', ( #976, #2476, #555, #2312 ) ) ;
#943 = ORIENTED_EDGE ( 'NONE', *, *, #3966, .F. ) ;
#944 = CARTESIAN_POINT ( 'NONE',  ( 10.62669654684135523, 49.00000000000000000, 62.60449920334279739 ) ) ;
#945 = ORIENTED_EDGE ( 'NONE', *, *, #730, .T. ) ;
#946 = EDGE_CURVE ( 'NONE', #3677, #4335, #669, .T. ) ;
#947 = CARTESIAN_POINT ( 'NONE',  ( 13.11365057943552870, 50.57584657664310868, 59.90344406650599751 ) ) ;
#948 = ORIENTED_EDGE ( 'NONE', *, *, #4026, .F. ) ;
#949 = CARTESIAN_POINT ( 'NONE',  ( 0.000000000000000000, 52.50000000000000000, 0.000000000000000000 ) ) ;
#950 = ORIENTED_EDGE ( 'NONE', *, *, #6312, .F. ) ;
#951 = ADVANCED_FACE ( 'NONE', ( #560 ), #2601, .T. ) ;
#952 = CARTESIAN_POINT ( 'NONE',  ( -27.86964375660328130, 52.50000000000000000, -1.888283394933828907 ) ) ;
#953 = CARTESIAN_POINT ( 'NONE',  ( 31.47487373415293277, 54.50000000000001421, 33.02512626584709921 ) ) ;
#954 = EDGE_CURVE ( 'NONE', #4114, #1568, #1220, .T. ) ;
#955 = CARTESIAN_POINT ( 'NONE',  ( 23.49999999999991829, 55.00000000000000000, -12.50000000000004263 ) ) ;
#956 = EDGE_LOOP ( 'NONE', ( #4779, #5416, #2060, #3360, #2788 ) ) ;
#957 = LINE ( 'NONE', #2852, #6264 ) ;
#958 = CARTESIAN_POINT ( 'NONE',  ( 28.50000000000000000, 36.62916759300433256, 2.499999999999999556 ) ) ;
#959 = FACE_OUTER_BOUND ( 'NONE', #2957, .T. ) ;
#960 = DIRECTION ( 'NONE',  ( -1.000000000000000000, -0.000000000000000000, 5.575660896369544968E-16 ) ) ;
#961 = ORIENTED_EDGE ( 'NONE', *, *, #3828, .T. ) ;
#962 = ORIENTED_EDGE ( 'NONE', *, *, #6335, .F. ) ;
#963 = CARTESIAN_POINT ( 'NONE',  ( -12.65897644616472029, 54.69016219555032166, 56.08015099247224811 ) ) ;
#964 = CARTESIAN_POINT ( 'NONE',  ( 29.62132034355966681, 46.00000000000000000, 32.05025253169416999 ) ) ;
#965 = CARTESIAN_POINT ( 'NONE',  ( 12.61365057943552870, 50.33747290205582203, 59.88104043566607260 ) ) ;
#966 = DIRECTION ( 'NONE',  ( -0.000000000000000000, 1.000000000000000000, -0.000000000000000000 ) ) ;
#967 = EDGE_CURVE ( 'NONE', #712, #593, #4177, .T. ) ;
#968 = DIRECTION ( 'NONE',  ( -0.7071067811865464625, -0.000000000000000000, 0.7071067811865486830 ) ) ;
#969 = ADVANCED_FACE ( 'NONE', ( #5077 ), #6259, .F. ) ;
#970 = ORIENTED_EDGE ( 'NONE', *, *, #34, .T. ) ;
#971 = FACE_BOUND ( 'NONE', #4395, .T. ) ;
#972 = DIRECTION ( 'NONE',  ( 0.000000000000000000, 0.000000000000000000, 1.000000000000000000 ) ) ;
#973 = EDGE_CURVE ( 'NONE', #1616, #436, #1821, .T. ) ;
#974 = ORIENTED_EDGE ( 'NONE', *, *, #4599, .T. ) ;
#975 = VERTEX_POINT ( 'NONE', #1393 ) ;
#976 = ORIENTED_EDGE ( 'NONE', *, *, #3459, .T. ) ;
#977 = ORIENTED_EDGE ( 'NONE', *, *, #532, .F. ) ;
#978 = CARTESIAN_POINT ( 'NONE',  ( -28.53000000000001890, 54.00000000000000000, -12.69000000000003325 ) ) ;
#979 = ORIENTED_EDGE ( 'NONE', *, *, #4069, .T. ) ;
#980 = DIRECTION ( 'NONE',  ( -0.7071067811865474617, -0.000000000000000000, 0.7071067811865474617 ) ) ;
#981 = ORIENTED_EDGE ( 'NONE', *, *, #5955, .T. ) ;
#982 = CARTESIAN_POINT ( 'NONE',  ( -12.69031343570181214, 53.97487373415290790, 57.13270822687288586 ) ) ;
#983 = DIRECTION ( 'NONE',  ( 0.000000000000000000, 0.000000000000000000, 1.000000000000000000 ) ) ;
#984 = VECTOR ( 'NONE', #4906, 1000.000000000000000 ) ;
#985 = ADVANCED_FACE ( 'NONE', ( #3705 ), #1327, .F. ) ;
#986 = EDGE_CURVE ( 'NONE', #6271, #1822, #6404, .T. ) ;
#987 = DIRECTION ( 'NONE',  ( 0.000000000000000000, -0.7071067811865474617, -0.7071067811865474617 ) ) ;
#988 = EDGE_LOOP ( 'NONE', ( #491, #6633, #4283, #285 ) ) ;
#989 = PLANE ( 'NONE',  #3688 ) ;
#990 = DIRECTION ( 'NONE',  ( -0.5773502691896241767, 0.5773502691896245098, 0.5773502691896285066 ) ) ;
#991 = VECTOR ( 'NONE', #2699, 1000.000000000000000 ) ;
#992 = DIRECTION ( 'NONE',  ( -0.000000000000000000, 1.000000000000000000, -0.000000000000000000 ) ) ;
#993 = ORIENTED_EDGE ( 'NONE', *, *, #4702, .T. ) ;
#994 = ADVANCED_FACE ( 'NONE', ( #3841 ), #4325, .F. ) ;
#995 = ORIENTED_EDGE ( 'NONE', *, *, #5208, .T. ) ;
#996 = VECTOR ( 'NONE', #2139, 1000.000000000000000 ) ;
#997 = CARTESIAN_POINT ( 'NONE',  ( -13.11365057943553225, 54.19218804594605388, 55.97115345565180888 ) ) ;
#998 = CARTESIAN_POINT ( 'NONE',  ( 2.003728368091744816, 54.80000000000000426, 12.49999999999999822 ) ) ;
#999 = CARTESIAN_POINT ( 'NONE',  ( 32.00000000000001421, 52.50000000000000000, -8.016050719315200531E-15 ) ) ;
#1000 = ORIENTED_EDGE ( 'NONE', *, *, #407, .T. ) ;
#1001 = AXIS2_PLACEMENT_3D ( 'NONE', #6166, #5192, #4721 ) ;
#1002 = AXIS2_PLACEMENT_3D ( 'NONE', #4824, #3320, #2781 ) ;
#1003 = AXIS2_PLACEMENT_3D ( 'NONE', #1224, #537, #2579 ) ;
#1004 = DIRECTION ( 'NONE',  ( -6.938893903907222067E-15, 0.000000000000000000, 1.000000000000000000 ) ) ;
#1005 = VECTOR ( 'NONE', #3683, 1000.000000000000000 ) ;
#1006 = ORIENTED_EDGE ( 'NONE', *, *, #4786, .F. ) ;
#1007 = LINE ( 'NONE', #2434, #689 ) ;
#1008 = DIRECTION ( 'NONE',  ( 0.000000000000000000, 0.000000000000000000, -1.000000000000000000 ) ) ;
#1009 = ORIENTED_EDGE ( 'NONE', *, *, #5737, .T. ) ;
#1010 = VECTOR ( 'NONE', #2334, 1000.000000000000000 ) ;
#1011 = ORIENTED_EDGE ( 'NONE', *, *, #3056, .T. ) ;
#1012 = VECTOR ( 'NONE', #758, 1000.000000000000000 ) ;
#1013 = PLANE ( 'NONE',  #3657 ) ;
#1014 = ORIENTED_EDGE ( 'NONE', *, *, #5458, .F. ) ;
#1015 = EDGE_CURVE ( 'NONE', #3843, #2411, #6374, .T. ) ;
#1016 = CARTESIAN_POINT ( 'NONE',  ( 13.00760582565660073, 50.18642166293606266, 60.47671259250473241 ) ) ;
#1017 = VECTOR ( 'NONE', #2254, 1000.000000000000000 ) ;
#1018 = ORIENTED_EDGE ( 'NONE', *, *, #1305, .T. ) ;
#1019 = CARTESIAN_POINT ( 'NONE',  ( -23.49999999999991829, 0.000000000000000000, -6.000000000000043521 ) ) ;
#1020 = EDGE_LOOP ( 'NONE', ( #4010, #4840, #866, #5619 ) ) ;
#1021 = CARTESIAN_POINT ( 'NONE',  ( -12.67146929835063496, 54.47169959250504689, 56.49590902105998680 ) ) ;
#1022 = ORIENTED_EDGE ( 'NONE', *, *, #5470, .T. ) ;
#1023 = CARTESIAN_POINT ( 'NONE',  ( -7.329999999999992077, 55.00000000000000000, 26.75000000000000000 ) ) ;
#1024 = EDGE_CURVE ( 'NONE', #4899, #5221, #5753, .T. ) ;
#1025 = VECTOR ( 'NONE', #2505, 1000.000000000000000 ) ;
#1026 = ORIENTED_EDGE ( 'NONE', *, *, #3594, .F. ) ;
#1027 = EDGE_CURVE ( 'NONE', #2591, #6481, #1794, .T. ) ;
#1028 = LINE ( 'NONE', #1495, #3552 ) ;
#1029 = ORIENTED_EDGE ( 'NONE', *, *, #6276, .F. ) ;
#1030 = CARTESIAN_POINT ( 'NONE',  ( -13.11365057943553225, 54.50000000000001421, 54.61251347380554932 ) ) ;
#1031 = VECTOR ( 'NONE', #4697, 1000.000000000000000 ) ;
#1032 = CARTESIAN_POINT ( 'NONE',  ( 26.50000000000002487, 52.50000000000000000, 24.19999999999999929 ) ) ;
#1033 = DIRECTION ( 'NONE',  ( 1.000000000000000000, -0.000000000000000000, 0.000000000000000000 ) ) ;
#1034 = ADVANCED_FACE ( 'NONE', ( #4378 ), #277, .F. ) ;
#1035 = ORIENTED_EDGE ( 'NONE', *, *, #6091, .F. ) ;
#1036 = B_SPLINE_CURVE_WITH_KNOTS ( 'NONE', 3,
 ( #4057, #1675, #2561, #594, #5747, #2632, #5606, #3561, #3698, #1180 ),
 .UNSPECIFIED., .F., .F.,
 ( 4, 2, 2, 2, 4 ),
 ( 0.000000000000000000, 0.0006979175919043980464, 0.001395835183808796093, 0.002093752775713194139, 0.002791670367617592186 ),
 .UNSPECIFIED. ) ;
#1037 = ORIENTED_EDGE ( 'NONE', *, *, #5789, .F. ) ;
#1038 = AXIS2_PLACEMENT_3D ( 'NONE', #5770, #1789, #6241 ) ;
#1039 = CARTESIAN_POINT ( 'NONE',  ( 12.61365057943553225, 52.50000000000000000, 52.83609688887024447 ) ) ;
#1040 = ADVANCED_FACE ( 'NONE', ( #5328 ), #820, .F. ) ;
#1041 = CARTESIAN_POINT ( 'NONE',  ( 32.25000000000002132, 54.75000000000000711, 22.95000000000000639 ) ) ;
#1042 = DIRECTION ( 'NONE',  ( -0.000000000000000000, 1.000000000000000000, -0.000000000000000000 ) ) ;
#1043 = DIRECTION ( 'NONE',  ( 0.000000000000000000, 0.000000000000000000, 1.000000000000000000 ) ) ;
#1044 = ORIENTED_EDGE ( 'NONE', *, *, #6172, .F. ) ;
#1045 = AXIS2_PLACEMENT_3D ( 'NONE', #489, #5978, #3431 ) ;
#1046 = PLANE ( 'NONE',  #3964 ) ;
#1047 = AXIS2_PLACEMENT_3D ( 'NONE', #3442, #4949, #5488 ) ;
#1048 = CARTESIAN_POINT ( 'NONE',  ( 32.50000000000002132, 54.50000000000001421, 30.55025253169416999 ) ) ;
#1049 = ORIENTED_EDGE ( 'NONE', *, *, #860, .T. ) ;
#1050 = CARTESIAN_POINT ( 'NONE',  ( -1.419999999999998597, 54.80000000000000426, 23.65685424949238325 ) ) ;
#1051 = PLANE ( 'NONE',  #783 ) ;
#1052 = ORIENTED_EDGE ( 'NONE', *, *, #267, .F. ) ;
#1053 = EDGE_LOOP ( 'NONE', ( #5378, #3575, #647, #4214 ) ) ;
#1054 = CARTESIAN_POINT ( 'NONE',  ( 25.00000000000002132, 47.00000000000000000, -23.00000000000006750 ) ) ;
#1055 = VERTEX_POINT ( 'NONE', #2877 ) ;
#1056 = CARTESIAN_POINT ( 'NONE',  ( 0.000000000000000000, 36.62916759300433256, -1.950000000000001288 ) ) ;
#1057 = VERTEX_POINT ( 'NONE', #2351 ) ;
#1058 = CARTESIAN_POINT ( 'NONE',  ( 12.68516869672332525, 49.79023395670946428, 61.41336379274387269 ) ) ;
#1059 = ORIENTED_EDGE ( 'NONE', *, *, #2821, .F. ) ;
#1060 = CARTESIAN_POINT ( 'NONE',  ( -12.65304458727676895, 54.76987327527130134, 55.88441508943049740 ) ) ;
#1061 = CARTESIAN_POINT ( 'NONE',  ( 32.50000000000002132, 54.50000000000001421, 30.55025253169416999 ) ) ;
#1062 = ADVANCED_FACE ( 'NONE', ( #747 ), #6431, .F. ) ;
#1063 = CARTESIAN_POINT ( 'NONE',  ( 12.42955414101184530, 49.91662511868479868, 60.61500423042680552 ) ) ;
#1064 = EDGE_LOOP ( 'NONE', ( #6151, #970, #497, #441, #3418, #1512 ) ) ;
#1065 = DIRECTION ( 'NONE',  ( 0.000000000000000000, 0.000000000000000000, -1.000000000000000000 ) ) ;
#1066 = ORIENTED_EDGE ( 'NONE', *, *, #6540, .F. ) ;
#1067 = CARTESIAN_POINT ( 'NONE',  ( -10.62669654684135523, 49.00000000000000000, 62.60449920334279739 ) ) ;
#1068 = EDGE_LOOP ( 'NONE', ( #6211, #5654, #2017, #5851 ) ) ;
#1069 = CARTESIAN_POINT ( 'NONE',  ( 28.50000000000000000, 52.50000000000000000, 1.299999999999999156 ) ) ;
#1070 = CARTESIAN_POINT ( 'NONE',  ( 12.61365057943555179, 55.00000000000000000, 5.138183074751140063E-15 ) ) ;
#1071 = EDGE_LOOP ( 'NONE', ( #6602, #5223, #4869, #2636 ) ) ;
#1072 = ORIENTED_EDGE ( 'NONE', *, *, #6312, .T. ) ;
#1073 = CARTESIAN_POINT ( 'NONE',  ( -12.61549681243183585, 54.99999981653349579, 54.67102659582812407 ) ) ;
#1074 = LINE ( 'NONE', #2103, #4509 ) ;
#1075 = CARTESIAN_POINT ( 'NONE',  ( 24.50000000000002487, 55.00000000000000000, -13.50000000000004619 ) ) ;
#1076 = CARTESIAN_POINT ( 'NONE',  ( -5.977683897477895414, 52.50000000000000000, 38.01621944811221709 ) ) ;
#1077 = EDGE_LOOP ( 'NONE', ( #3011, #6221, #6039, #483, #2551, #1201 ) ) ;
#1078 = EDGE_CURVE ( 'NONE', #4760, #1726, #5803, .T. ) ;
#1079 = CARTESIAN_POINT ( 'NONE',  ( -32.24999999999993605, 46.00000000000000000, 32.25000000000009948 ) ) ;
#1080 = DIRECTION ( 'NONE',  ( -0.7071067811865474617, 0.000000000000000000, 0.7071067811865474617 ) ) ;
#1081 = ORIENTED_EDGE ( 'NONE', *, *, #1933, .F. ) ;
#1082 = DIRECTION ( 'NONE',  ( -0.000000000000000000, 1.000000000000000000, -0.000000000000000000 ) ) ;
#1083 = CARTESIAN_POINT ( 'NONE',  ( -25.10000000000000142, 52.50000000000000000, -24.00000000000004263 ) ) ;
#1084 = ORIENTED_EDGE ( 'NONE', *, *, #819, .F. ) ;
#1085 = CARTESIAN_POINT ( 'NONE',  ( -29.93000000000001393, 0.000000000000000000, -13.94000000000003148 ) ) ;
#1086 = EDGE_CURVE ( 'NONE', #2425, #1712, #5043, .T. ) ;
#1087 = FACE_OUTER_BOUND ( 'NONE', #1697, .T. ) ;
#1088 = CARTESIAN_POINT ( 'NONE',  ( -28.99999999999994671, 54.50000000000001421, 30.55025253169425525 ) ) ;
#1089 = CARTESIAN_POINT ( 'NONE',  ( -12.61365057943552870, 52.50000000000000000, 57.67056687645471413 ) ) ;
#1090 = CARTESIAN_POINT ( 'NONE',  ( -28.50000000000000000, 52.50000000000000000, 4.549999999999998934 ) ) ;
#1091 =( LENGTH_UNIT ( ) NAMED_UNIT ( * ) SI_UNIT ( .MILLI., .METRE. ) );
#1092 = DIRECTION ( 'NONE',  ( -0.000000000000000000, 1.000000000000000000, -0.000000000000000000 ) ) ;
#1093 = DIRECTION ( 'NONE',  ( -1.000000000000000000, 0.000000000000000000, 0.000000000000000000 ) ) ;
#1094 = EDGE_LOOP ( 'NONE', ( #3711, #425, #6202, #3469 ) ) ;
#1095 = CARTESIAN_POINT ( 'NONE',  ( -28.53000000000001890, 55.00000000000000000, -12.69000000000003325 ) ) ;
#1096 = ORIENTED_EDGE ( 'NONE', *, *, #5773, .T. ) ;
#1097 = CARTESIAN_POINT ( 'NONE',  ( 12.61365057943553225, 50.33747290205582203, 59.88104043566607260 ) ) ;
#1098 = CARTESIAN_POINT ( 'NONE',  ( 28.50000000000000000, 52.50000000000000000, 2.499999999999999556 ) ) ;
#1099 = EDGE_CURVE ( 'NONE', #155, #3614, #2486, .T. ) ;
#1100 = CARTESIAN_POINT ( 'NONE',  ( -23.60000000000000142, 0.000000000000000000, -30.00000000000004263 ) ) ;
#1101 = ORIENTED_EDGE ( 'NONE', *, *, #1015, .F. ) ;
#1102 = AXIS2_PLACEMENT_3D ( 'NONE', #5792, #5320, #3807 ) ;
#1103 = ORIENTED_EDGE ( 'NONE', *, *, #727, .F. ) ;
#1104 = PRESENTATION_LAYER_ASSIGNMENT (  '', '', ( #667 ) ) ;
#1105 = EDGE_CURVE ( 'NONE', #3381, #4017, #4207, .T. ) ;
#1106 = CARTESIAN_POINT ( 'NONE',  ( 24.89999999999997016, 46.00000000000000000, -30.00000000000004263 ) ) ;
#1107 = CARTESIAN_POINT ( 'NONE',  ( 24.39999999999999503, 47.00000000000000000, -24.00000000000004263 ) ) ;
#1108 = LINE ( 'NONE', #3137, #2412 ) ;
#1109 = DIRECTION ( 'NONE',  ( 0.000000000000000000, 0.000000000000000000, 1.000000000000000000 ) ) ;
#1110 = ORIENTED_EDGE ( 'NONE', *, *, #3599, .T. ) ;
#1111 = AXIS2_PLACEMENT_3D ( 'NONE', #5570, #4062, #2037 ) ;
#1112 = EDGE_CURVE ( 'NONE', #5550, #1937, #2908, .T. ) ;
#1113 = DIRECTION ( 'NONE',  ( -5.782411586589355667E-16, 0.000000000000000000, -1.000000000000000000 ) ) ;
#1114 = DIRECTION ( 'NONE',  ( 1.005636797667714286E-15, 0.000000000000000000, 1.000000000000000000 ) ) ;
#1115 = ORIENTED_EDGE ( 'NONE', *, *, #3345, .F. ) ;
#1116 = CARTESIAN_POINT ( 'NONE',  ( 32.00000000000000711, 55.00000000000000000, -3.218037752536686347E-14 ) ) ;
#1117 = ADVANCED_FACE ( 'NONE', ( #785 ), #5360, .T. ) ;
#1118 = VECTOR ( 'NONE', #4601, 1000.000000000000000 ) ;
#1119 = CIRCLE ( 'NONE', #3971, 1.500000000000001332 ) ;
#1120 = DIRECTION ( 'NONE',  ( 0.000000000000000000, -1.000000000000000000, 0.000000000000000000 ) ) ;
#1121 = VERTEX_POINT ( 'NONE', #2417 ) ;
#1122 = EDGE_CURVE ( 'NONE', #598, #2708, #1422, .T. ) ;
#1123 = CIRCLE ( 'NONE', #2276, 1.399999999999998579 ) ;
#1124 = CIRCLE ( 'NONE', #780, 1.199999999999999734 ) ;
#1125 = DIRECTION ( 'NONE',  ( 0.7071067811865464625, 0.000000000000000000, -0.7071067811865486830 ) ) ;
#1126 = ORIENTED_EDGE ( 'NONE', *, *, #2679, .F. ) ;
#1127 = DIRECTION ( 'NONE',  ( 0.000000000000000000, 0.000000000000000000, 1.000000000000000000 ) ) ;
#1128 = FACE_OUTER_BOUND ( 'NONE', #1488, .T. ) ;
#1129 = CARTESIAN_POINT ( 'NONE',  ( 23.49999999999991829, 46.00000000000000000, -6.000000000000043521 ) ) ;
#1130 = EDGE_CURVE ( 'NONE', #526, #4799, #4197, .T. ) ;
#1131 = AXIS2_PLACEMENT_3D ( 'NONE', #5943, #3892, #4538 ) ;
#1132 = CARTESIAN_POINT ( 'NONE',  ( -12.66704606981227066, 54.55776196218714347, 56.34795402518075491 ) ) ;
#1133 = AXIS2_PLACEMENT_3D ( 'NONE', #2546, #1489, #3973 ) ;
#1134 = VERTEX_POINT ( 'NONE', #4592 ) ;
#1135 = VECTOR ( 'NONE', #1429, 1000.000000000000000 ) ;
#1136 = VECTOR ( 'NONE', #729, 1000.000000000000000 ) ;
#1137 = PLANE ( 'NONE',  #2807 ) ;
#1138 = ORIENTED_EDGE ( 'NONE', *, *, #1404, .F. ) ;
#1139 = DIRECTION ( 'NONE',  ( -0.000000000000000000, 1.000000000000000000, -0.000000000000000000 ) ) ;
#1140 = ORIENTED_EDGE ( 'NONE', *, *, #5415, .T. ) ;
#1141 = CARTESIAN_POINT ( 'NONE',  ( 28.50000000000000000, 41.89878066911801824, 26.00000000000000000 ) ) ;
#1142 = FACE_OUTER_BOUND ( 'NONE', #83, .T. ) ;
#1143 = ORIENTED_EDGE ( 'NONE', *, *, #2170, .F. ) ;
#1144 = AXIS2_PLACEMENT_3D ( 'NONE', #6539, #3840, #818 ) ;
#1145 = ORIENTED_EDGE ( 'NONE', *, *, #4583, .T. ) ;
#1146 = ORIENTED_EDGE ( 'NONE', *, *, #5268, .F. ) ;
#1147 = CIRCLE ( 'NONE', #1982, 1.199999999999999734 ) ;
#1148 = CARTESIAN_POINT ( 'NONE',  ( -10.12464789108507190, 46.00000000000000000, 59.64680632759433365 ) ) ;
#1149 = DIRECTION ( 'NONE',  ( -0.7071067811865489050, 0.000000000000000000, -0.7071067811865462405 ) ) ;
#1150 = CARTESIAN_POINT ( 'NONE',  ( -14.13877684528262435, 54.50000000000001421, 50.36122315471732236 ) ) ;
#1151 = FACE_OUTER_BOUND ( 'NONE', #6469, .T. ) ;
#1152 = ORIENTED_EDGE ( 'NONE', *, *, #3739, .T. ) ;
#1153 = CARTESIAN_POINT ( 'NONE',  ( 12.43062650674725766, 52.50000000000002132, 57.97522497504746042 ) ) ;
#1154 = AXIS2_PLACEMENT_3D ( 'NONE', #4016, #2578, #1590 ) ;
#1155 = DIRECTION ( 'NONE',  ( -0.7071067811865492381, 0.000000000000000000, -0.7071067811865457964 ) ) ;
#1156 = DIRECTION ( 'NONE',  ( 0.7071067811865474617, 0.000000000000000000, 0.7071067811865474617 ) ) ;
#1157 = ORIENTED_EDGE ( 'NONE', *, *, #2356, .T. ) ;
#1158 = CARTESIAN_POINT ( 'NONE',  ( -11.78294143346379208, 49.24383593873007925, 62.14912797273049705 ) ) ;
#1159 = VECTOR ( 'NONE', #1319, 1000.000000000000000 ) ;
#1160 = CARTESIAN_POINT ( 'NONE',  ( -13.11365057943553047, 53.76129774746211609, 56.64416938132247736 ) ) ;
#1161 = ORIENTED_EDGE ( 'NONE', *, *, #3195, .T. ) ;
#1162 = AXIS2_PLACEMENT_3D ( 'NONE', #645, #5317, #1657 ) ;
#1163 = CARTESIAN_POINT ( 'NONE',  ( -30.50000000000000355, 46.00000000000000000, -4.502899235514262370E-15 ) ) ;
#1164 = DIRECTION ( 'NONE',  ( 1.000000000000000000, 0.000000000000000000, 0.000000000000000000 ) ) ;
#1165 = LINE ( 'NONE', #6302, #64 ) ;
#1166 = CARTESIAN_POINT ( 'NONE',  ( -10.12464789108507190, 55.00000000000000000, 59.64680632759433365 ) ) ;
#1167 = VECTOR ( 'NONE', #1858, 1000.000000000000000 ) ;
#1168 = SHAPE_DEFINITION_REPRESENTATION ( #191, #1287 ) ;
#1169 = AXIS2_PLACEMENT_3D ( 'NONE', #6232, #4659, #5290 ) ;
#1170 = VERTEX_POINT ( 'NONE', #1465 ) ;
#1171 = CARTESIAN_POINT ( 'NONE',  ( -30.50000000000000355, 52.50000000000000000, -4.502899235514262370E-15 ) ) ;
#1172 = ADVANCED_FACE ( 'NONE', ( #918 ), #4524, .F. ) ;
#1173 = ORIENTED_EDGE ( 'NONE', *, *, #3410, .F. ) ;
#1174 = CYLINDRICAL_SURFACE ( 'NONE', #4966, 2.999999999999988898 ) ;
#1175 = VERTEX_POINT ( 'NONE', #3059 ) ;
#1176 = PLANE ( 'NONE',  #5518 ) ;
#1177 = PLANE ( 'NONE',  #6022 ) ;
#1178 = ORIENTED_EDGE ( 'NONE', *, *, #1652, .F. ) ;
#1179 = EDGE_CURVE ( 'NONE', #3920, #668, #1562, .T. ) ;
#1180 = CARTESIAN_POINT ( 'NONE',  ( -12.42955414101179201, 49.91662511868482710, 60.61500423042673447 ) ) ;
#1181 = CARTESIAN_POINT ( 'NONE',  ( 18.11122315471732236, 52.50000000000000000, 18.11122315471725841 ) ) ;
#1182 = DIRECTION ( 'NONE',  ( 0.000000000000000000, 1.000000000000000000, -0.000000000000000000 ) ) ;
#1183 = CARTESIAN_POINT ( 'NONE',  ( 28.50000000000000000, 36.62916759300433256, 1.299999999999999156 ) ) ;
#1184 = ORIENTED_EDGE ( 'NONE', *, *, #1613, .F. ) ;
#1185 = DIRECTION ( 'NONE',  ( 0.7071067811865492381, 0.000000000000000000, -0.7071067811865457964 ) ) ;
#1186 = EDGE_LOOP ( 'NONE', ( #5115, #6568, #5818, #3857, #6323, #4202, #3237, #2179, #1555, #3801, #927, #1926, #2502, #361, #4820, #3595, #6088, #772, #603, #3223, #1666, #5913, #6090, #4612, #2835, #3653, #1334, #800, #2878, #4615, #4861, #538 ) ) ;
#1187 = DIRECTION ( 'NONE',  ( 0.000000000000000000, 0.000000000000000000, -1.000000000000000000 ) ) ;
#1188 = CARTESIAN_POINT ( 'NONE',  ( -13.11365057943552870, 53.88712919808678237, 56.48654632249326113 ) ) ;
#1189 = EDGE_CURVE ( 'NONE', #1396, #1413, #1028, .T. ) ;
#1190 = VERTEX_POINT ( 'NONE', #510 ) ;
#1191 = DIRECTION ( 'NONE',  ( 0.000000000000000000, 0.000000000000000000, 1.000000000000000000 ) ) ;
#1192 = VERTEX_POINT ( 'NONE', #2 ) ;
#1193 = FACE_OUTER_BOUND ( 'NONE', #4788, .T. ) ;
#1194 = CARTESIAN_POINT ( 'NONE',  ( 13.11365057943553225, 54.49878924551511972, 54.71349091994873248 ) ) ;
#1195 = EDGE_CURVE ( 'NONE', #6317, #1433, #3448, .T. ) ;
#1196 = DIRECTION ( 'NONE',  ( 0.000000000000000000, -1.000000000000000000, 0.000000000000000000 ) ) ;
#1197 = ORIENTED_EDGE ( 'NONE', *, *, #1927, .T. ) ;
#1198 = CARTESIAN_POINT ( 'NONE',  ( -23.49999999999991829, 0.000000000000000000, -12.00000000000004263 ) ) ;
#1199 = ORIENTED_EDGE ( 'NONE', *, *, #306, .T. ) ;
#1200 = CARTESIAN_POINT ( 'NONE',  ( -12.68847682387504783, 52.58116712097651657, 58.56078713679255543 ) ) ;
#1201 = ORIENTED_EDGE ( 'NONE', *, *, #4331, .F. ) ;
#1202 = DIRECTION ( 'NONE',  ( 1.000000000000000000, 0.000000000000000000, 0.000000000000000000 ) ) ;
#1203 = CARTESIAN_POINT ( 'NONE',  ( 12.07999999999999652, 54.80000000000000426, 31.49999999999999289 ) ) ;
#1204 = ADVANCED_FACE ( 'NONE', ( #5634 ), #2949, .F. ) ;
#1205 = ORIENTED_EDGE ( 'NONE', *, *, #1651, .T. ) ;
#1206 = DIRECTION ( 'NONE',  ( 0.000000000000000000, 0.000000000000000000, -1.000000000000000000 ) ) ;
#1207 = FACE_OUTER_BOUND ( 'NONE', #1279, .T. ) ;
#1208 = CARTESIAN_POINT ( 'NONE',  ( 24.00000000000000711, 53.00000000000001421, 22.69999999999999929 ) ) ;
#1209 = LINE ( 'NONE', #724, #1238 ) ;
#1210 = ADVANCED_FACE ( 'NONE', ( #5021 ), #4458, .F. ) ;
#1211 = ORIENTED_EDGE ( 'NONE', *, *, #2765, .T. ) ;
#1212 = CARTESIAN_POINT ( 'NONE',  ( 28.50000000000000000, 46.00000000000000000, 2.499999999999999556 ) ) ;
#1213 = CARTESIAN_POINT ( 'NONE',  ( 30.68198051533948245, 46.00000000000000000, 33.11091270347399274 ) ) ;
#1214 = ORIENTED_EDGE ( 'NONE', *, *, #1793, .F. ) ;
#1215 = LINE ( 'NONE', #1804, #6353 ) ;
#1216 = DIRECTION ( 'NONE',  ( -0.000000000000000000, 1.000000000000000000, -0.000000000000000000 ) ) ;
#1217 = B_SPLINE_CURVE_WITH_KNOTS ( 'NONE', 3,
 ( #2305, #3279, #4804, #5405, #4272, #2793, #214, #4838, #1307, #5873, #1341, #2762, #1281, #702, #3764, #6321, #4366, #1717, #3303, #5373, #3734 ),
 .UNSPECIFIED., .F., .F.,
 ( 4, 1, 2, 2, 1, 1, 2, 2, 1, 1, 2, 2, 4 ),
 ( 0.000000000000000000, 0.1250000000000154321, 0.1875000000000283107, 0.2500000000000411893, 0.3750000000000669464, 0.4375000000000798250, 0.4687500000000824341, 0.5000000000000850431, 0.6250000000000780487, 0.6875000000000687228, 0.7187500000000617284, 0.7500000000000547340, 1.000000000000000000 ),
 .UNSPECIFIED. ) ;
#1218 = AXIS2_PLACEMENT_3D ( 'NONE', #3425, #3366, #5944 ) ;
#1219 = ORIENTED_EDGE ( 'NONE', *, *, #6326, .T. ) ;
#1220 = CIRCLE ( 'NONE', #1746, 3.499999999999999556 ) ;
#1221 = ORIENTED_EDGE ( 'NONE', *, *, #2614, .T. ) ;
#1222 = CARTESIAN_POINT ( 'NONE',  ( -31.18000000000001748, 55.00000000000000000, -15.34000000000003183 ) ) ;
#1223 = LINE ( 'NONE', #1259, #1357 ) ;
#1224 = CARTESIAN_POINT ( 'NONE',  ( -16.61365057943553225, 46.00000000000000000, 52.83609688887024447 ) ) ;
#1225 = PRODUCT ( '1x_controller_case', '1x_controller_case', '', ( #2246 ) ) ;
#1226 = VECTOR ( 'NONE', #4097, 1000.000000000000000 ) ;
#1227 = CARTESIAN_POINT ( 'NONE',  ( -28.50000000000000000, 52.50000000000000000, 0.09999999999999874267 ) ) ;
#1228 = AXIS2_PLACEMENT_3D ( 'NONE', #844, #1363, #3292 ) ;
#1229 = FACE_OUTER_BOUND ( 'NONE', #6292, .T. ) ;
#1230 = ORIENTED_EDGE ( 'NONE', *, *, #5903, .F. ) ;
#1231 = CARTESIAN_POINT ( 'NONE',  ( -13.11365057943553047, 46.00000000000000000, 59.90344406650600462 ) ) ;
#1232 = VERTEX_POINT ( 'NONE', #4486 ) ;
#1233 = VECTOR ( 'NONE', #2310, 1000.000000000000000 ) ;
#1234 = AXIS2_PLACEMENT_3D ( 'NONE', #2837, #1747, #5788 ) ;
#1235 = CARTESIAN_POINT ( 'NONE',  ( -13.11365057943554291, 46.00000000000000000, 2.670929285345373881E-15 ) ) ;
#1236 = CARTESIAN_POINT ( 'NONE',  ( -28.50000000000000000, 41.89878066911801824, 26.00000000000000000 ) ) ;
#1237 = DIRECTION ( 'NONE',  ( 1.005636797667714286E-15, 0.000000000000000000, 1.000000000000000000 ) ) ;
#1238 = VECTOR ( 'NONE', #658, 1000.000000000000000 ) ;
#1239 = VERTEX_POINT ( 'NONE', #4989 ) ;
#1240 = CIRCLE ( 'NONE', #4640, 1.500000000000001332 ) ;
#1241 = EDGE_CURVE ( 'NONE', #4322, #2493, #6613, .T. ) ;
#1242 = LINE ( 'NONE', #5303, #4326 ) ;
#1243 = DIRECTION ( 'NONE',  ( 0.000000000000000000, 0.000000000000000000, 1.000000000000000000 ) ) ;
#1244 = EDGE_CURVE ( 'NONE', #4055, #975, #1751, .T. ) ;
#1245 = PLANE ( 'NONE',  #6373 ) ;
#1246 = CARTESIAN_POINT ( 'NONE',  ( -31.99999999999995737, 55.00000000000000000, 30.55025253169425525 ) ) ;
#1247 = EDGE_LOOP ( 'NONE', ( #3969, #6588, #5954, #5307 ) ) ;
#1248 = B_SPLINE_CURVE_WITH_KNOTS ( 'NONE', 3,
 ( #505, #3615, #1986, #68 ),
 .UNSPECIFIED., .F., .F.,
 ( 4, 4 ),
 ( 0.000000000000000000, 1.000000000000000000 ),
 .UNSPECIFIED. ) ;
#1249 = CIRCLE ( 'NONE', #1770, 63.49999999999998579 ) ;
#1250 = EDGE_CURVE ( 'NONE', #2700, #3638, #3983, .T. ) ;
#1251 = VERTEX_POINT ( 'NONE', #4083 ) ;
#1252 = DIRECTION ( 'NONE',  ( 0.000000000000000000, 1.000000000000000000, -0.000000000000000000 ) ) ;
#1253 = EDGE_CURVE ( 'NONE', #2439, #859, #6137, .T. ) ;
#1254 = CARTESIAN_POINT ( 'NONE',  ( 27.26666666666667282, 59.73333333333334849, 9.466666666666652574 ) ) ;
#1255 = VECTOR ( 'NONE', #4168, 1000.000000000000000 ) ;
#1256 = EDGE_LOOP ( 'NONE', ( #6078, #1777, #4191, #1059, #4196 ) ) ;
#1257 = AXIS2_PLACEMENT_3D ( 'NONE', #5741, #5859, #1702 ) ;
#1258 = DIRECTION ( 'NONE',  ( 0.000000000000000000, -1.000000000000000000, 0.000000000000000000 ) ) ;
#1259 = CARTESIAN_POINT ( 'NONE',  ( 6.423145750507671004, 54.80000000000000426, 31.50000000000000000 ) ) ;
#1260 = CARTESIAN_POINT ( 'NONE',  ( -7.330000000000000071, 55.00000000000000000, 16.50000000000000000 ) ) ;
#1261 = VECTOR ( 'NONE', #2232, 1000.000000000000000 ) ;
#1262 = DIRECTION ( 'NONE',  ( 1.000000000000000000, 0.000000000000000000, 0.000000000000000000 ) ) ;
#1263 = DIRECTION ( 'NONE',  ( -1.000000000000000000, 0.000000000000000000, 0.000000000000000000 ) ) ;
#1264 = VERTEX_POINT ( 'NONE', #5529 ) ;
#1265 = VECTOR ( 'NONE', #2128, 1000.000000000000114 ) ;
#1266 = CARTESIAN_POINT ( 'NONE',  ( 32.50000000000002132, 54.50000000000000000, -21.00000000000004263 ) ) ;
#1267 = EDGE_LOOP ( 'NONE', ( #995, #383, #3535, #4493 ) ) ;
#1268 = FACE_OUTER_BOUND ( 'NONE', #166, .T. ) ;
#1269 = CARTESIAN_POINT ( 'NONE',  ( 32.00000000000000711, 55.00000000000000000, -3.218037752536686347E-14 ) ) ;
#1270 = EDGE_CURVE ( 'NONE', #1394, #6519, #369, .T. ) ;
#1271 = AXIS2_PLACEMENT_3D ( 'NONE', #438, #2946, #331 ) ;
#1272 = DIRECTION ( 'NONE',  ( -0.000000000000000000, 1.000000000000000000, -0.000000000000000000 ) ) ;
#1273 = DIRECTION ( 'NONE',  ( 0.000000000000000000, 0.000000000000000000, -1.000000000000000000 ) ) ;
#1274 = CARTESIAN_POINT ( 'NONE',  ( 12.68795618693416927, 54.05386600866880542, 57.05231437268830774 ) ) ;
#1275 = LINE ( 'NONE', #5305, #1782 ) ;
#1276 = EDGE_CURVE ( 'NONE', #4113, #5635, #6031, .T. ) ;
#1277 = DIRECTION ( 'NONE',  ( 1.000000000000000000, 0.000000000000000000, 0.000000000000000000 ) ) ;
#1278 = VERTEX_POINT ( 'NONE', #6508 ) ;
#1279 = EDGE_LOOP ( 'NONE', ( #531, #3716, #403, #1589, #2857, #1035 ) ) ;
#1280 = DIRECTION ( 'NONE',  ( -0.000000000000000000, -1.000000000000000000, -0.000000000000000000 ) ) ;
#1281 = CARTESIAN_POINT ( 'NONE',  ( -13.00755666237111541, 50.18464523328749749, 60.47860751286894754 ) ) ;
#1282 = CARTESIAN_POINT ( 'NONE',  ( 12.60305146671093368, 50.24437460869248184, 59.99366801276321581 ) ) ;
#1283 = ORIENTED_EDGE ( 'NONE', *, *, #6515, .T. ) ;
#1284 = EDGE_CURVE ( 'NONE', #4856, #914, #6097, .T. ) ;
#1285 = VERTEX_POINT ( 'NONE', #1095 ) ;
#1286 = LINE ( 'NONE', #5915, #5812 ) ;
#1287 = ADVANCED_BREP_SHAPE_REPRESENTATION ( '1x_controller_case', ( #322, #1169 ), #2322 ) ;
#1288 = CARTESIAN_POINT ( 'NONE',  ( 13.11365057943552870, 54.19218804594604677, 55.97115345565179467 ) ) ;
#1289 = CARTESIAN_POINT ( 'NONE',  ( 24.89999999999999858, 55.00000000000000000, -29.50000000000006040 ) ) ;
#1290 = EDGE_CURVE ( 'NONE', #5384, #5736, #3125, .T. ) ;
#1291 = FACE_OUTER_BOUND ( 'NONE', #2864, .T. ) ;
#1292 = ORIENTED_EDGE ( 'NONE', *, *, #6226, .F. ) ;
#1293 = CARTESIAN_POINT ( 'NONE',  ( -27.97918471982874777, 46.00000000000000000, 23.00000000000000000 ) ) ;
#1294 = VERTEX_POINT ( 'NONE', #4190 ) ;
#1295 = LINE ( 'NONE', #3289, #809 ) ;
#1296 = FACE_OUTER_BOUND ( 'NONE', #2655, .T. ) ;
#1297 = DIRECTION ( 'NONE',  ( 1.000000000000000000, 0.000000000000000000, -1.226634733346711143E-15 ) ) ;
#1298 = CARTESIAN_POINT ( 'NONE',  ( -28.53000000000001890, 54.00000000000000000, -21.54000000000003823 ) ) ;
#1299 = CARTESIAN_POINT ( 'NONE',  ( -28.50000000000000000, 46.00000000000000000, -1.950000000000000844 ) ) ;
#1300 = ORIENTED_EDGE ( 'NONE', *, *, #5092, .F. ) ;
#1301 = CARTESIAN_POINT ( 'NONE',  ( 12.65657515395607469, 54.72373058750780217, 56.00083277854148633 ) ) ;
#1302 = DIRECTION ( 'NONE',  ( 0.000000000000000000, 0.000000000000000000, -1.000000000000000000 ) ) ;
#1303 = DIRECTION ( 'NONE',  ( 0.000000000000000000, 0.000000000000000000, -1.000000000000000000 ) ) ;
#1304 = ORIENTED_EDGE ( 'NONE', *, *, #2937, .T. ) ;
#1305 = EDGE_CURVE ( 'NONE', #4818, #526, #5738, .T. ) ;
#1306 = DIRECTION ( 'NONE',  ( -0.000000000000000000, -1.000000000000000000, 0.000000000000000000 ) ) ;
#1307 = CARTESIAN_POINT ( 'NONE',  ( -12.95842542097577699, 50.11360159042840934, 60.63235768246193658 ) ) ;
#1308 = PLANE ( 'NONE',  #2588 ) ;
#1309 = EDGE_LOOP ( 'NONE', ( #1979, #2865, #4419, #5117 ) ) ;
#1310 = EDGE_CURVE ( 'NONE', #6307, #1192, #621, .T. ) ;
#1311 = EDGE_CURVE ( 'NONE', #2922, #2772, #648, .T. ) ;
#1312 = CARTESIAN_POINT ( 'NONE',  ( -7.330000000000000071, 55.00000000000000000, 27.49999999999999645 ) ) ;
#1313 = VECTOR ( 'NONE', #6450, 1000.000000000000000 ) ;
#1314 = CARTESIAN_POINT ( 'NONE',  ( 12.63889020152191200, 54.91054438476812294, 55.42181697754510594 ) ) ;
#1315 = DIRECTION ( 'NONE',  ( -0.7071067811865483499, -0.000000000000000000, -0.7071067811865465735 ) ) ;
#1316 = EDGE_CURVE ( 'NONE', #2046, #3536, #5663, .T. ) ;
#1317 = ADVANCED_FACE ( 'NONE', ( #2622 ), #4666, .F. ) ;
#1318 = DIRECTION ( 'NONE',  ( -0.000000000000000000, -1.000000000000000000, -0.000000000000000000 ) ) ;
#1319 = DIRECTION ( 'NONE',  ( -0.000000000000000000, 0.7071067811865573427, 0.7071067811865378028 ) ) ;
#1320 = VECTOR ( 'NONE', #822, 1000.000000000000000 ) ;
#1321 = CARTESIAN_POINT ( 'NONE',  ( 12.61491014875291050, 49.74698882793600774, 60.48193358160288113 ) ) ;
#1322 = ORIENTED_EDGE ( 'NONE', *, *, #3405, .T. ) ;
#1323 = AXIS2_PLACEMENT_3D ( 'NONE', #2447, #440, #4050 ) ;
#1324 = LINE ( 'NONE', #916, #3996 ) ;
#1325 = VECTOR ( 'NONE', #736, 1000.000000000000114 ) ;
#1326 = VECTOR ( 'NONE', #4480, 1000.000000000000000 ) ;
#1327 = PLANE ( 'NONE',  #563 ) ;
#1328 = EDGE_LOOP ( 'NONE', ( #2443, #2964, #395, #4552 ) ) ;
#1329 = CARTESIAN_POINT ( 'NONE',  ( -7.329999999999992077, 55.00000000000000000, 12.50000000000000355 ) ) ;
#1330 = EDGE_CURVE ( 'NONE', #409, #1384, #3224, .T. ) ;
#1331 = PLANE ( 'NONE',  #2191 ) ;
#1332 = DIRECTION ( 'NONE',  ( 0.000000000000000000, 0.000000000000000000, 1.000000000000000000 ) ) ;
#1333 = DIRECTION ( 'NONE',  ( -1.000000000000000000, 0.000000000000000000, -4.073509918792334433E-16 ) ) ;
#1334 = ORIENTED_EDGE ( 'NONE', *, *, #1112, .F. ) ;
#1335 = CIRCLE ( 'NONE', #4522, 62.99999999999998579 ) ;
#1336 = VECTOR ( 'NONE', #5683, 1000.000000000000000 ) ;
#1337 = LINE ( 'NONE', #312, #3328 ) ;
#1338 = AXIS2_PLACEMENT_3D ( 'NONE', #1070, #5099, #5204 ) ;
#1339 = VECTOR ( 'NONE', #347, 1000.000000000000000 ) ;
#1340 = CYLINDRICAL_SURFACE ( 'NONE', #4086, 0.7499999999999972244 ) ;
#1341 = CARTESIAN_POINT ( 'NONE',  ( -12.98219670034528583, 50.14560223168560782, 60.56039522980223921 ) ) ;
#1342 = FACE_OUTER_BOUND ( 'NONE', #1692, .T. ) ;
#1343 = ORIENTED_EDGE ( 'NONE', *, *, #1276, .F. ) ;
#1344 = VECTOR ( 'NONE', #5975, 1000.000000000000000 ) ;
#1345 = DIRECTION ( 'NONE',  ( -0.5773502691896242878, -0.5773502691896246208, -0.5773502691896283956 ) ) ;
#1346 = VERTEX_POINT ( 'NONE', #76 ) ;
#1347 = DIRECTION ( 'NONE',  ( 0.000000000000000000, 0.000000000000000000, 1.000000000000000000 ) ) ;
#1348 = DIRECTION ( 'NONE',  ( -0.5000000000000008882, 0.7071067811865463515, -0.5000000000000008882 ) ) ;
#1349 = CARTESIAN_POINT ( 'NONE',  ( 12.65897644616469719, 54.69016219555031455, 56.08015099247225521 ) ) ;
#1350 = PLANE ( 'NONE',  #3766 ) ;
#1351 = CARTESIAN_POINT ( 'NONE',  ( -29.93000000000001393, 0.000000000000000000, -13.94000000000003148 ) ) ;
#1352 = ORIENTED_EDGE ( 'NONE', *, *, #1807, .T. ) ;
#1353 = CIRCLE ( 'NONE', #3794, 2.649999999999999467 ) ;
#1354 = DIRECTION ( 'NONE',  ( 1.476360405086643077E-16, 0.000000000000000000, -1.000000000000000000 ) ) ;
#1355 = LINE ( 'NONE', #4411, #484 ) ;
#1356 = ORIENTED_EDGE ( 'NONE', *, *, #856, .T. ) ;
#1357 = VECTOR ( 'NONE', #3251, 1000.000000000000114 ) ;
#1358 = CARTESIAN_POINT ( 'NONE',  ( -12.49050648799786956, 49.84981590900225967, 60.58249452252766076 ) ) ;
#1359 = ORIENTED_EDGE ( 'NONE', *, *, #524, .F. ) ;
#1360 = LINE ( 'NONE', #843, #6146 ) ;
#1361 = ADVANCED_FACE ( 'NONE', ( #6237 ), #3652, .T. ) ;
#1362 = AXIS2_PLACEMENT_3D ( 'NONE', #3746, #5887, #2749 ) ;
#1363 = DIRECTION ( 'NONE',  ( 0.000000000000000000, 1.000000000000000000, -0.000000000000000000 ) ) ;
#1364 = EDGE_LOOP ( 'NONE', ( #5779, #4978, #6332, #1981, #3242, #3808, #2051 ) ) ;
#1365 = DIRECTION ( 'NONE',  ( 0.000000000000000000, 0.7071067811865474617, 0.7071067811865474617 ) ) ;
#1366 = DIRECTION ( 'NONE',  ( 1.000000000000000000, 0.000000000000000000, 0.000000000000000000 ) ) ;
#1367 = DIRECTION ( 'NONE',  ( -1.000000000000000000, 0.000000000000000000, 3.154042683594202516E-16 ) ) ;
#1368 = PLANE ( 'NONE',  #1865 ) ;
#1369 = ORIENTED_EDGE ( 'NONE', *, *, #3635, .F. ) ;
#1370 = CIRCLE ( 'NONE', #2531, 3.249999999999999556 ) ;
#1371 = EDGE_CURVE ( 'NONE', #4056, #5350, #6173, .T. ) ;
#1372 = DIRECTION ( 'NONE',  ( 0.000000000000000000, -0.7071067811865378028, 0.7071067811865573427 ) ) ;
#1373 = EDGE_LOOP ( 'NONE', ( #3314, #6086, #1523, #2950 ) ) ;
#1374 = DIRECTION ( 'NONE',  ( 0.000000000000000000, 1.000000000000000000, 0.000000000000000000 ) ) ;
#1375 = LINE ( 'NONE', #4470, #3456 ) ;
#1376 = DIRECTION ( 'NONE',  ( 0.5000000000000005551, 0.7071067811865474617, 0.4999999999999994449 ) ) ;
#1377 = LINE ( 'NONE', #1870, #766 ) ;
#1378 = DIRECTION ( 'NONE',  ( 0.5773502691896257311, -0.5773502691896251759, 0.5773502691896263972 ) ) ;
#1379 = CARTESIAN_POINT ( 'NONE',  ( 10.54302177088197290, 48.79289321881345387, 62.11155039071805106 ) ) ;
#1380 = CARTESIAN_POINT ( 'NONE',  ( 32.50000000000001421, 55.00000000000000000, 23.20000000000000284 ) ) ;
#1381 = EDGE_CURVE ( 'NONE', #6155, #2607, #2124, .T. ) ;
#1382 = CARTESIAN_POINT ( 'NONE',  ( 12.66838721721423155, 54.53273597601956624, 56.39290196838856417 ) ) ;
#1383 = LINE ( 'NONE', #6497, #893 ) ;
#1384 = VERTEX_POINT ( 'NONE', #543 ) ;
#1385 = VERTEX_POINT ( 'NONE', #3690 ) ;
#1386 = ADVANCED_FACE ( 'NONE', ( #4625 ), #5229, .F. ) ;
#1387 = FACE_OUTER_BOUND ( 'NONE', #3912, .T. ) ;
#1388 = FACE_OUTER_BOUND ( 'NONE', #3968, .T. ) ;
#1389 = VERTEX_POINT ( 'NONE', #4759 ) ;
#1390 = CARTESIAN_POINT ( 'NONE',  ( -12.62036065976238852, 54.99385283113825551, 54.82578103408489056 ) ) ;
#1391 = FACE_OUTER_BOUND ( 'NONE', #1531, .T. ) ;
#1392 = ADVANCED_FACE ( 'NONE', ( #2192 ), #1137, .T. ) ;
#1393 = CARTESIAN_POINT ( 'NONE',  ( -28.50000000000000000, 46.00000000000000000, 0.09999999999999874267 ) ) ;
#1394 = VERTEX_POINT ( 'NONE', #5700 ) ;
#1395 = DIRECTION ( 'NONE',  ( 0.000000000000000000, 1.000000000000000000, 0.000000000000000000 ) ) ;
#1396 = VERTEX_POINT ( 'NONE', #2222 ) ;
#1397 = CARTESIAN_POINT ( 'NONE',  ( 12.63579126825573340, 54.93012178440800142, 55.32157197821604200 ) ) ;
#1398 = DIRECTION ( 'NONE',  ( 0.000000000000000000, 0.000000000000000000, -1.000000000000000000 ) ) ;
#1399 = FACE_OUTER_BOUND ( 'NONE', #6171, .T. ) ;
#1400 = ADVANCED_FACE ( 'NONE', ( #1699 ), #2092, .F. ) ;
#1401 = ORIENTED_EDGE ( 'NONE', *, *, #4896, .F. ) ;
#1402 = ORIENTED_EDGE ( 'NONE', *, *, #2856, .T. ) ;
#1403 = PLANE ( 'NONE',  #4962 ) ;
#1404 = EDGE_CURVE ( 'NONE', #6481, #3869, #6306, .T. ) ;
#1405 = LINE ( 'NONE', #4391, #5376 ) ;
#1406 = CARTESIAN_POINT ( 'NONE',  ( 12.69031343570182813, 53.97487373415290790, 57.13270822687289296 ) ) ;
#1407 = DIRECTION ( 'NONE',  ( 0.000000000000000000, 0.000000000000000000, 1.000000000000000000 ) ) ;
#1408 = LINE ( 'NONE', #6525, #1025 ) ;
#1409 = ORIENTED_EDGE ( 'NONE', *, *, #4149, .T. ) ;
#1410 = FACE_OUTER_BOUND ( 'NONE', #5708, .T. ) ;
#1411 = CARTESIAN_POINT ( 'NONE',  ( 12.61549681243175236, 54.99999981653350289, 54.67102659582810986 ) ) ;
#1412 = CARTESIAN_POINT ( 'NONE',  ( 27.86964375660328130, 46.00000000000000000, -1.888283394933828019 ) ) ;
#1413 = VERTEX_POINT ( 'NONE', #3742 ) ;
#1414 = ORIENTED_EDGE ( 'NONE', *, *, #5850, .T. ) ;
#1415 =( LENGTH_UNIT ( ) NAMED_UNIT ( * ) SI_UNIT ( .MILLI., .METRE. ) );
#1416 = CARTESIAN_POINT ( 'NONE',  ( 13.08101259032442165, 50.38078808132042496, 60.15677581032565513 ) ) ;
#1417 = CARTESIAN_POINT ( 'NONE',  ( -27.83000000000001251, 54.00000000000000000, -15.34000000000003183 ) ) ;
#1418 = ORIENTED_EDGE ( 'NONE', *, *, #4316, .T. ) ;
#1419 = CARTESIAN_POINT ( 'NONE',  ( -29.93000000000001393, 52.75000000000000000, -15.34000000000003183 ) ) ;
#1420 = CARTESIAN_POINT ( 'NONE',  ( 29.62132034355966681, 52.50000000000000000, 32.05025253169416999 ) ) ;
#1421 = AXIS2_PLACEMENT_3D ( 'NONE', #188, #2668, #56 ) ;
#1422 = LINE ( 'NONE', #2483, #3338 ) ;
#1423 = ORIENTED_EDGE ( 'NONE', *, *, #4655, .F. ) ;
#1424 = VECTOR ( 'NONE', #6628, 1000.000000000000000 ) ;
#1425 = CARTESIAN_POINT ( 'NONE',  ( -32.24999999999993605, 55.00000000000000000, 32.25000000000009948 ) ) ;
#1426 = EDGE_CURVE ( 'NONE', #1630, #5961, #4126, .T. ) ;
#1427 = CARTESIAN_POINT ( 'NONE',  ( 12.07999999999999652, 55.00000000000000000, 12.50000000000000355 ) ) ;
#1428 = LINE ( 'NONE', #3988, #3802 ) ;
#1429 = DIRECTION ( 'NONE',  ( 0.000000000000000000, -1.000000000000000000, 0.000000000000000000 ) ) ;
#1430 = ORIENTED_EDGE ( 'NONE', *, *, #6009, .T. ) ;
#1431 = ADVANCED_FACE ( 'NONE', ( #4908 ), #6467, .T. ) ;
#1432 = AXIS2_PLACEMENT_3D ( 'NONE', #427, #2970, #3532 ) ;
#1433 = VERTEX_POINT ( 'NONE', #1293 ) ;
#1434 = ADVANCED_FACE ( 'NONE', ( #2249 ), #6563, .F. ) ;
#1435 = EDGE_CURVE ( 'NONE', #5124, #227, #5794, .T. ) ;
#1436 = CARTESIAN_POINT ( 'NONE',  ( -12.69031343570183346, 53.97487373415291501, 57.13270822687288586 ) ) ;
#1437 = PLANE ( 'NONE',  #6575 ) ;
#1438 = AXIS2_PLACEMENT_3D ( 'NONE', #753, #5897, #2787 ) ;
#1439 = AXIS2_PLACEMENT_3D ( 'NONE', #573, #6197, #26 ) ;
#1440 = CARTESIAN_POINT ( 'NONE',  ( 2.416221984396263432E-16, 46.00000000000000000, -1.950000000000004174 ) ) ;
#1441 = DIRECTION ( 'NONE',  ( 1.005636797667714286E-15, 0.000000000000000000, 1.000000000000000000 ) ) ;
#1442 = ORIENTED_EDGE ( 'NONE', *, *, #4583, .F. ) ;
#1443 = EDGE_CURVE ( 'NONE', #975, #4055, #569, .T. ) ;
#1444 = AXIS2_PLACEMENT_3D ( 'NONE', #1100, #3170, #7 ) ;
#1445 = VECTOR ( 'NONE', #2400, 1000.000000000000000 ) ;
#1446 = EDGE_CURVE ( 'NONE', #5997, #5100, #5418, .T. ) ;
#1447 = LINE ( 'NONE', #4064, #1636 ) ;
#1448 = CARTESIAN_POINT ( 'NONE',  ( -10.54302177088195158, 46.00000000000000000, 62.11155039071805106 ) ) ;
#1449 = ORIENTED_EDGE ( 'NONE', *, *, #698, .T. ) ;
#1450 = FACE_OUTER_BOUND ( 'NONE', #4089, .T. ) ;
#1451 = DIRECTION ( 'NONE',  ( 0.000000000000000000, 1.000000000000000000, 0.000000000000000000 ) ) ;
#1452 = CIRCLE ( 'NONE', #3679, 5.999999999999998224 ) ;
#1453 = VERTEX_POINT ( 'NONE', #3313 ) ;
#1454 = EDGE_LOOP ( 'NONE', ( #3428, #1962, #509, #1414 ) ) ;
#1455 = EDGE_CURVE ( 'NONE', #4045, #5742, #1124, .T. ) ;
#1456 = VERTEX_POINT ( 'NONE', #3835 ) ;
#1457 = VECTOR ( 'NONE', #2894, 1000.000000000000000 ) ;
#1458 = ORIENTED_EDGE ( 'NONE', *, *, #2137, .F. ) ;
#1459 = CARTESIAN_POINT ( 'NONE',  ( 32.50000000000000711, 55.00000000000000000, 14.19999999999998330 ) ) ;
#1460 = DIRECTION ( 'NONE',  ( 0.000000000000000000, -1.000000000000000000, 0.000000000000000000 ) ) ;
#1461 = ORIENTED_EDGE ( 'NONE', *, *, #5721, .T. ) ;
#1462 = CARTESIAN_POINT ( 'NONE',  ( -12.62381930358170834, 54.98554512275063644, 54.93632950324052189 ) ) ;
#1463 = DIRECTION ( 'NONE',  ( -1.000000000000000000, 0.000000000000000000, 4.956352788505094834E-15 ) ) ;
#1464 = VECTOR ( 'NONE', #821, 1000.000000000000000 ) ;
#1465 = CARTESIAN_POINT ( 'NONE',  ( 28.00000000000002487, 46.00000000000000000, 22.69999999999999929 ) ) ;
#1466 = ORIENTED_EDGE ( 'NONE', *, *, #2320, .T. ) ;
#1467 = VECTOR ( 'NONE', #2094, 1000.000000000000000 ) ;
#1468 = CARTESIAN_POINT ( 'NONE',  ( 2.003728368091744816, 55.00000000000000000, 31.50000000000000000 ) ) ;
#1469 = LINE ( 'NONE', #958, #1320 ) ;
#1470 = PLANE ( 'NONE',  #4133 ) ;
#1471 = ADVANCED_FACE ( 'NONE', ( #4883 ), #4317, .F. ) ;
#1472 = CARTESIAN_POINT ( 'NONE',  ( -12.55266168638427615, 52.50000000000000000, 57.77213106663401732 ) ) ;
#1473 = ORIENTED_EDGE ( 'NONE', *, *, #3142, .T. ) ;
#1474 = AXIS2_PLACEMENT_3D ( 'NONE', #6183, #5716, #4737 ) ;
#1475 = ORIENTED_EDGE ( 'NONE', *, *, #6003, .F. ) ;
#1476 = EDGE_CURVE ( 'NONE', #1772, #446, #5322, .T. ) ;
#1477 = CARTESIAN_POINT ( 'NONE',  ( -13.11365057943553225, 54.47462118815994359, 55.01523556332531939 ) ) ;
#1478 = CARTESIAN_POINT ( 'NONE',  ( 32.49999999999997868, 54.50000000000001421, -13.50000000000009948 ) ) ;
#1479 = AXIS2_PLACEMENT_3D ( 'NONE', #5533, #5061, #1923 ) ;
#1480 = PLANE ( 'NONE',  #2811 ) ;
#1481 = FACE_OUTER_BOUND ( 'NONE', #2747, .T. ) ;
#1482 = LINE ( 'NONE', #354, #801 ) ;
#1483 = ORIENTED_EDGE ( 'NONE', *, *, #222, .T. ) ;
#1484 = LINE ( 'NONE', #3531, #2284 ) ;
#1485 = DIRECTION ( 'NONE',  ( -1.005636797667714286E-15, 0.000000000000000000, -1.000000000000000000 ) ) ;
#1486 = EDGE_LOOP ( 'NONE', ( #5521, #5541, #4061, #2437, #5283, #3052 ) ) ;
#1487 = EDGE_CURVE ( 'NONE', #5131, #6604, #6240, .T. ) ;
#1488 = EDGE_LOOP ( 'NONE', ( #3506, #4665, #3645, #3489 ) ) ;
#1489 = DIRECTION ( 'NONE',  ( 0.7071067811865500152, 0.7071067811865451302, 2.880406486808732273E-16 ) ) ;
#1490 = FACE_OUTER_BOUND ( 'NONE', #119, .T. ) ;
#1491 = ORIENTED_EDGE ( 'NONE', *, *, #2698, .T. ) ;
#1492 = EDGE_CURVE ( 'NONE', #1192, #6451, #773, .T. ) ;
#1493 = CARTESIAN_POINT ( 'NONE',  ( -12.62169749637602045, 54.99115821453204944, 54.86845278120137692 ) ) ;
#1494 = FACE_OUTER_BOUND ( 'NONE', #2559, .T. ) ;
#1495 = CARTESIAN_POINT ( 'NONE',  ( 13.11365057943553225, 55.00000000000000000, 52.83609688887024447 ) ) ;
#1496 = ORIENTED_EDGE ( 'NONE', *, *, #2365, .F. ) ;
#1497 = CARTESIAN_POINT ( 'NONE',  ( 12.61365057943552870, 52.50000000000000711, 57.67056687645473545 ) ) ;
#1498 = CARTESIAN_POINT ( 'NONE',  ( 23.49999999999991829, 54.50000000000000000, -4.423544863740858091E-14 ) ) ;
#1499 = CARTESIAN_POINT ( 'NONE',  ( 25.00000000000002132, 52.50000000000000000, -22.50000000000003908 ) ) ;
#1500 = ORIENTED_EDGE ( 'NONE', *, *, #397, .T. ) ;
#1501 = VERTEX_POINT ( 'NONE', #5883 ) ;
#1502 = CARTESIAN_POINT ( 'NONE',  ( -12.67137759624756832, 54.47397411648943688, 56.49287412798971530 ) ) ;
#1503 = CARTESIAN_POINT ( 'NONE',  ( -20.93629150101522640, 52.50000000000000000, 20.93629150101530811 ) ) ;
#1504 = DIRECTION ( 'NONE',  ( 0.000000000000000000, 1.000000000000000000, 0.000000000000000000 ) ) ;
#1505 = ORIENTED_EDGE ( 'NONE', *, *, #1720, .F. ) ;
#1506 = EDGE_CURVE ( 'NONE', #5430, #2046, #3027, .T. ) ;
#1507 = CARTESIAN_POINT ( 'NONE',  ( 25.75492515385774439, 52.50000000000000000, -0.4398459957930349606 ) ) ;
#1508 = ORIENTED_EDGE ( 'NONE', *, *, #3474, .T. ) ;
#1509 = CARTESIAN_POINT ( 'NONE',  ( -23.59999999999999787, 55.00000000000000000, -22.00000000000003908 ) ) ;
#1510 = CARTESIAN_POINT ( 'NONE',  ( 0.000000000000000000, 55.00000000000000000, 0.000000000000000000 ) ) ;
#1511 = ADVANCED_FACE ( 'NONE', ( #2872, #268 ), #328, .F. ) ;
#1512 = ORIENTED_EDGE ( 'NONE', *, *, #2436, .F. ) ;
#1513 = EDGE_LOOP ( 'NONE', ( #2745, #4143, #6498, #3293 ) ) ;
#1514 = EDGE_CURVE ( 'NONE', #4623, #1616, #6571, .T. ) ;
#1515 = VERTEX_POINT ( 'NONE', #4814 ) ;
#1516 = CARTESIAN_POINT ( 'NONE',  ( -7.038344069257721713, 45.99999999999999289, 36.95555927633240145 ) ) ;
#1517 = ADVANCED_FACE ( 'NONE', ( #229 ), #3376, .F. ) ;
#1518 = DIRECTION ( 'NONE',  ( 0.000000000000000000, 0.000000000000000000, -1.000000000000000000 ) ) ;
#1519 = ORIENTED_EDGE ( 'NONE', *, *, #2698, .F. ) ;
#1520 = PLANE ( 'NONE',  #74 ) ;
#1521 = CARTESIAN_POINT ( 'NONE',  ( -13.11365057943553047, 55.00000000000000000, 59.90344406650600462 ) ) ;
#1522 = EDGE_CURVE ( 'NONE', #1055, #6532, #4408, .T. ) ;
#1523 = ORIENTED_EDGE ( 'NONE', *, *, #226, .F. ) ;
#1524 = CARTESIAN_POINT ( 'NONE',  ( 2.003728368091744816, 54.80000000000000426, 12.49999999999999822 ) ) ;
#1525 = VERTEX_POINT ( 'NONE', #1231 ) ;
#1526 = CARTESIAN_POINT ( 'NONE',  ( -27.83000000000001961, 54.00000000000000000, -24.19000000000004036 ) ) ;
#1527 = CARTESIAN_POINT ( 'NONE',  ( -21.25119037110733800, 52.00000000000000000, 29.10667400516174297 ) ) ;
#1528 = AXIS2_PLACEMENT_3D ( 'NONE', #4898, #5340, #4874 ) ;
#1529 = CARTESIAN_POINT ( 'NONE',  ( -12.49165360910096823, 52.50000000000002132, 57.87368373918387476 ) ) ;
#1530 = ORIENTED_EDGE ( 'NONE', *, *, #27, .T. ) ;
#1531 = EDGE_LOOP ( 'NONE', ( #3523, #2576, #2178, #4224 ) ) ;
#1532 = VECTOR ( 'NONE', #5243, 1000.000000000000000 ) ;
#1533 = DIRECTION ( 'NONE',  ( 1.000000000000000000, 0.000000000000000000, 0.000000000000000000 ) ) ;
#1534 = DIRECTION ( 'NONE',  ( 0.000000000000000000, 0.7071067811865475727, -0.7071067811865475727 ) ) ;
#1535 = CARTESIAN_POINT ( 'NONE',  ( -27.97918471982874777, 52.50000000000000000, 24.50000000000000000 ) ) ;
#1536 = LINE ( 'NONE', #53, #1659 ) ;
#1537 = EDGE_LOOP ( 'NONE', ( #6461, #2796, #5, #4244 ) ) ;
#1538 = VECTOR ( 'NONE', #5120, 1000.000000000000000 ) ;
#1539 = AXIS2_PLACEMENT_3D ( 'NONE', #3517, #2987, #3588 ) ;
#1540 = VECTOR ( 'NONE', #5247, 1000.000000000000000 ) ;
#1541 = CARTESIAN_POINT ( 'NONE',  ( -30.50000000000000711, 46.00000000000000000, -1.950000000000001288 ) ) ;
#1542 = VECTOR ( 'NONE', #4588, 1000.000000000000000 ) ;
#1543 = ORIENTED_EDGE ( 'NONE', *, *, #1522, .T. ) ;
#1544 = CARTESIAN_POINT ( 'NONE',  ( 32.50000000000000711, 0.000000000000000000, 14.69999999999999751 ) ) ;
#1545 = CARTESIAN_POINT ( 'NONE',  ( -12.61365057943553047, 51.25367966327735303, 58.94495405871231242 ) ) ;
#1546 = EDGE_CURVE ( 'NONE', #2682, #3, #3258, .T. ) ;
#1547 = EDGE_LOOP ( 'NONE', ( #5513, #105, #542, #6040 ) ) ;
#1548 = AXIS2_PLACEMENT_3D ( 'NONE', #1183, #2596, #5174 ) ;
#1549 = VECTOR ( 'NONE', #4973, 1000.000000000000000 ) ;
#1550 = ADVANCED_FACE ( 'NONE', ( #400 ), #6573, .F. ) ;
#1551 = LINE ( 'NONE', #5621, #2374 ) ;
#1552 = VERTEX_POINT ( 'NONE', #5483 ) ;
#1553 = FACE_OUTER_BOUND ( 'NONE', #1920, .T. ) ;
#1554 = VECTOR ( 'NONE', #5772, 1000.000000000000000 ) ;
#1555 = ORIENTED_EDGE ( 'NONE', *, *, #4777, .T. ) ;
#1556 = DIRECTION ( 'NONE',  ( -0.000000000000000000, 1.000000000000000000, -0.000000000000000000 ) ) ;
#1557 = CARTESIAN_POINT ( 'NONE',  ( 13.11365057943555179, 46.00000000000000000, 5.341858570690756440E-15 ) ) ;
#1558 = VERTEX_POINT ( 'NONE', #5015 ) ;
#1559 = CARTESIAN_POINT ( 'NONE',  ( 28.99999999999996803, 55.00000000000000000, -26.50000000000004263 ) ) ;
#1560 = CIRCLE ( 'NONE', #2297, 4.750000000000000888 ) ;
#1561 = ORIENTED_EDGE ( 'NONE', *, *, #659, .T. ) ;
#1562 = LINE ( 'NONE', #5990, #3763 ) ;
#1563 = ORIENTED_EDGE ( 'NONE', *, *, #3534, .F. ) ;
#1564 = CARTESIAN_POINT ( 'NONE',  ( -12.07999999999999652, 54.80000000000000426, 26.75000000000000000 ) ) ;
#1565 = VECTOR ( 'NONE', #6375, 1000.000000000000114 ) ;
#1566 = CARTESIAN_POINT ( 'NONE',  ( 0.000000000000000000, 55.00000000000000000, -30.00000000000004263 ) ) ;
#1567 = DIRECTION ( 'NONE',  ( -0.000000000000000000, 1.000000000000000000, -0.000000000000000000 ) ) ;
#1568 = VERTEX_POINT ( 'NONE', #5046 ) ;
#1569 = EDGE_CURVE ( 'NONE', #3614, #463, #3479, .T. ) ;
#1570 = VERTEX_POINT ( 'NONE', #2475 ) ;
#1571 = VECTOR ( 'NONE', #6427, 1000.000000000000000 ) ;
#1572 = LINE ( 'NONE', #114, #3361 ) ;
#1573 = DIRECTION ( 'NONE',  ( -1.000000000000000000, 0.000000000000000000, 5.782411586589359611E-16 ) ) ;
#1574 = DIRECTION ( 'NONE',  ( 0.000000000000000000, 1.000000000000000000, 0.000000000000000000 ) ) ;
#1575 = CARTESIAN_POINT ( 'NONE',  ( -27.83000000000001251, 52.50000000000000000, -22.94000000000004036 ) ) ;
#1576 = VERTEX_POINT ( 'NONE', #3047 ) ;
#1577 = AXIS2_PLACEMENT_3D ( 'NONE', #4690, #4186, #101 ) ;
#1578 = CARTESIAN_POINT ( 'NONE',  ( -29.93000000000001393, 52.75000000000000000, -15.34000000000003183 ) ) ;
#1579 = AXIS2_PLACEMENT_3D ( 'NONE', #1566, #2524, #2587 ) ;
#1580 = CARTESIAN_POINT ( 'NONE',  ( -28.99999999999994671, 55.00000000000000000, 30.55025253169425525 ) ) ;
#1581 = ORIENTED_EDGE ( 'NONE', *, *, #2966, .T. ) ;
#1582 = DIRECTION ( 'NONE',  ( -0.000000000000000000, 0.7071067811865475727, 0.7071067811865475727 ) ) ;
#1583 = CARTESIAN_POINT ( 'NONE',  ( -12.61365057943553047, 50.33747290205585045, 59.88104043566602996 ) ) ;
#1584 = ORIENTED_EDGE ( 'NONE', *, *, #3851, .F. ) ;
#1585 = ORIENTED_EDGE ( 'NONE', *, *, #2015, .F. ) ;
#1586 = DIRECTION ( 'NONE',  ( 0.000000000000000000, 1.000000000000000000, -0.000000000000000000 ) ) ;
#1587 = EDGE_CURVE ( 'NONE', #5217, #4598, #5480, .T. ) ;
#1588 = CARTESIAN_POINT ( 'NONE',  ( 12.87663640245305352, 50.04096377234394311, 60.84162058785396709 ) ) ;
#1589 = ORIENTED_EDGE ( 'NONE', *, *, #3423, .T. ) ;
#1590 = DIRECTION ( 'NONE',  ( 4.956352788505169184E-16, 0.000000000000000000, 1.000000000000000000 ) ) ;
#1591 = DIRECTION ( 'NONE',  ( -0.000000000000000000, 1.000000000000000000, -0.000000000000000000 ) ) ;
#1592 = CARTESIAN_POINT ( 'NONE',  ( -12.63490576493010664, 54.93571587938517098, 55.29292759611222152 ) ) ;
#1593 = DIRECTION ( 'NONE',  ( 0.000000000000000000, 0.000000000000000000, 1.000000000000000000 ) ) ;
#1594 = ADVANCED_FACE ( 'NONE', ( #4513 ), #364, .F. ) ;
#1595 = SURFACE_STYLE_FILL_AREA ( #4124 ) ;
#1596 = EDGE_LOOP ( 'NONE', ( #902, #3495, #3433, #337 ) ) ;
#1597 = DIRECTION ( 'NONE',  ( 0.7071067811865474617, -0.000000000000000000, -0.7071067811865474617 ) ) ;
#1598 = ORIENTED_EDGE ( 'NONE', *, *, #5644, .F. ) ;
#1599 = CARTESIAN_POINT ( 'NONE',  ( 12.61365057943553047, 50.75315298274346532, 59.45648036659793689 ) ) ;
#1600 = ORIENTED_EDGE ( 'NONE', *, *, #1476, .F. ) ;
#1601 = CARTESIAN_POINT ( 'NONE',  ( -32.49999999999994316, 46.00000000000000000, 0.000000000000000000 ) ) ;
#1602 = CARTESIAN_POINT ( 'NONE',  ( -25.10000000000000142, 52.50000000000000000, -23.00000000000004263 ) ) ;
#1603 = EDGE_CURVE ( 'NONE', #2303, #2763, #2941, .T. ) ;
#1604 = VERTEX_POINT ( 'NONE', #1516 ) ;
#1605 = ORIENTED_EDGE ( 'NONE', *, *, #3379, .T. ) ;
#1606 = ADVANCED_FACE ( 'NONE', ( #1387 ), #6061, .T. ) ;
#1607 = LINE ( 'NONE', #4701, #3162 ) ;
#1608 = LINE ( 'NONE', #5567, #5802 ) ;
#1609 = EDGE_CURVE ( 'NONE', #4335, #1057, #4944, .T. ) ;
#1610 = CARTESIAN_POINT ( 'NONE',  ( -25.18000000000001037, 54.00000000000000000, -21.54000000000004178 ) ) ;
#1611 = CARTESIAN_POINT ( 'NONE',  ( -28.50000000000000000, 52.50000000000000000, 2.499999999999999556 ) ) ;
#1612 = ORIENTED_EDGE ( 'NONE', *, *, #3241, .F. ) ;
#1613 = EDGE_CURVE ( 'NONE', #2423, #5422, #2409, .T. ) ;
#1614 = CARTESIAN_POINT ( 'NONE',  ( -31.89644660940667364, 55.00000000000000000, 31.89644660940682641 ) ) ;
#1615 = DIRECTION ( 'NONE',  ( -0.000000000000000000, -1.000000000000000000, 0.000000000000000000 ) ) ;
#1616 = VERTEX_POINT ( 'NONE', #978 ) ;
#1617 = FACE_OUTER_BOUND ( 'NONE', #3475, .T. ) ;
#1618 = DIRECTION ( 'NONE',  ( -0.5773502691896282846, 0.5773502691896239547, -0.5773502691896251759 ) ) ;
#1619 = ORIENTED_EDGE ( 'NONE', *, *, #2069, .F. ) ;
#1620 = PLANE ( 'NONE',  #6424 ) ;
#1621 = CARTESIAN_POINT ( 'NONE',  ( -23.59999999999999787, 47.00000000000000000, -23.00000000000004263 ) ) ;
#1622 = ORIENTED_EDGE ( 'NONE', *, *, #2431, .F. ) ;
#1623 = DIRECTION ( 'NONE',  ( -0.000000000000000000, 1.000000000000000000, -0.000000000000000000 ) ) ;
#1624 = CARTESIAN_POINT ( 'NONE',  ( 28.50000000000000000, 46.00000000000000000, -26.00000000000000000 ) ) ;
#1625 = CARTESIAN_POINT ( 'NONE',  ( 25.00000000000002132, -6.657478101405524207, -22.50000000000003908 ) ) ;
#1626 = DIRECTION ( 'NONE',  ( 0.000000000000000000, 0.000000000000000000, 1.000000000000000000 ) ) ;
#1627 = DIRECTION ( 'NONE',  ( -1.000000000000000000, 0.000000000000000000, 0.000000000000000000 ) ) ;
#1628 = VERTEX_POINT ( 'NONE', #6638 ) ;
#1629 = CARTESIAN_POINT ( 'NONE',  ( 28.50000000000000000, 46.00000000000000000, 26.00000000000000000 ) ) ;
#1630 = VERTEX_POINT ( 'NONE', #1912 ) ;
#1631 = LINE ( 'NONE', #2657, #1690 ) ;
#1632 = DIRECTION ( 'NONE',  ( 0.000000000000000000, 0.7071067811865475727, -0.7071067811865475727 ) ) ;
#1633 = ORIENTED_EDGE ( 'NONE', *, *, #5850, .F. ) ;
#1634 = ORIENTED_EDGE ( 'NONE', *, *, #5412, .T. ) ;
#1635 = ADVANCED_FACE ( 'NONE', ( #2979, #5522 ), #6607, .F. ) ;
#1636 = VECTOR ( 'NONE', #5722, 999.9999999999998863 ) ;
#1637 = CARTESIAN_POINT ( 'NONE',  ( -12.63889020152188536, 54.91054438476814425, 55.42181697754512726 ) ) ;
#1638 = PLANE ( 'NONE',  #6557 ) ;
#1639 = DIRECTION ( 'NONE',  ( 0.000000000000000000, -1.000000000000000000, 0.000000000000000000 ) ) ;
#1640 = CYLINDRICAL_SURFACE ( 'NONE', #1548, 1.200000000000000622 ) ;
#1641 = EDGE_CURVE ( 'NONE', #4274, #1814, #3009, .T. ) ;
#1642 = VERTEX_POINT ( 'NONE', #869 ) ;
#1643 = LINE ( 'NONE', #4269, #1532 ) ;
#1644 = CARTESIAN_POINT ( 'NONE',  ( -23.49999999999991829, 54.50000000000000000, -12.00000000000004263 ) ) ;
#1645 = CYLINDRICAL_SURFACE ( 'NONE', #4729, 3.499999999999999556 ) ;
#1646 = ORIENTED_EDGE ( 'NONE', *, *, #4541, .T. ) ;
#1647 = CARTESIAN_POINT ( 'NONE',  ( -11.81133302088177928, 52.50000000000000000, 50.15509967387610857 ) ) ;
#1648 = VECTOR ( 'NONE', #1263, 1000.000000000000000 ) ;
#1649 = CARTESIAN_POINT ( 'NONE',  ( -13.11365057943553225, 54.49999873949774809, 55.01745616032763309 ) ) ;
#1650 = ORIENTED_EDGE ( 'NONE', *, *, #2236, .T. ) ;
#1651 = EDGE_CURVE ( 'NONE', #4147, #3522, #6267, .T. ) ;
#1652 = EDGE_CURVE ( 'NONE', #3081, #4856, #5591, .T. ) ;
#1653 = VECTOR ( 'NONE', #1120, 1000.000000000000000 ) ;
#1654 = VECTOR ( 'NONE', #4935, 1000.000000000000000 ) ;
#1655 = DIRECTION ( 'NONE',  ( 0.000000000000000000, 0.000000000000000000, 1.000000000000000000 ) ) ;
#1656 = DIRECTION ( 'NONE',  ( -0.000000000000000000, 0.000000000000000000, 1.000000000000000000 ) ) ;
#1657 = DIRECTION ( 'NONE',  ( 0.000000000000000000, 0.000000000000000000, 1.000000000000000000 ) ) ;
#1658 = CARTESIAN_POINT ( 'NONE',  ( 1.927136009590902810E-14, 46.00000000000000000, 30.55025253169419130 ) ) ;
#1659 = VECTOR ( 'NONE', #5750, 1000.000000000000000 ) ;
#1660 = VECTOR ( 'NONE', #4271, 1000.000000000000114 ) ;
#1661 = EDGE_CURVE ( 'NONE', #1175, #6481, #5118, .T. ) ;
#1662 = VERTEX_POINT ( 'NONE', #2675 ) ;
#1663 = VECTOR ( 'NONE', #3945, 1000.000000000000114 ) ;
#1664 = AXIS2_PLACEMENT_3D ( 'NONE', #59, #1582, #5616 ) ;
#1665 = DIRECTION ( 'NONE',  ( 1.000000000000000000, 0.000000000000000000, 0.000000000000000000 ) ) ;
#1666 = ORIENTED_EDGE ( 'NONE', *, *, #2800, .T. ) ;
#1667 = CYLINDRICAL_SURFACE ( 'NONE', #2833, 1.500000000000001332 ) ;
#1668 = ORIENTED_EDGE ( 'NONE', *, *, #3534, .T. ) ;
#1669 = FACE_OUTER_BOUND ( 'NONE', #3305, .T. ) ;
#1670 = CARTESIAN_POINT ( 'NONE',  ( -23.49999999999991829, 55.00000000000000000, -12.50000000000004263 ) ) ;
#1671 = VECTOR ( 'NONE', #3501, 1000.000000000000000 ) ;
#1672 = ORIENTED_EDGE ( 'NONE', *, *, #2490, .F. ) ;
#1673 = VECTOR ( 'NONE', #3267, 1000.000000000000000 ) ;
#1674 = ADVANCED_FACE ( 'NONE', ( #5624 ), #348, .T. ) ;
#1675 = CARTESIAN_POINT ( 'NONE',  ( -10.77634331084668773, 48.79289321881346098, 62.07194561415089851 ) ) ;
#1676 = CARTESIAN_POINT ( 'NONE',  ( -31.47487373415285816, 54.50000000000001421, 33.02512626584717736 ) ) ;
#1677 = LINE ( 'NONE', #2663, #5735 ) ;
#1678 = DIRECTION ( 'NONE',  ( -0.000000000000000000, -1.000000000000000000, 0.000000000000000000 ) ) ;
#1679 = ORIENTED_EDGE ( 'NONE', *, *, #121, .F. ) ;
#1680 = VECTOR ( 'NONE', #5486, 1000.000000000000000 ) ;
#1681 = EDGE_CURVE ( 'NONE', #4466, #1642, #4616, .T. ) ;
#1682 = CARTESIAN_POINT ( 'NONE',  ( -28.53000000000001890, 52.75000000000000000, -22.94000000000003681 ) ) ;
#1683 = DIRECTION ( 'NONE',  ( 0.000000000000000000, 1.000000000000000000, 0.000000000000000000 ) ) ;
#1684 = ORIENTED_EDGE ( 'NONE', *, *, #2431, .T. ) ;
#1685 = CARTESIAN_POINT ( 'NONE',  ( -11.69112961594195710, 49.20327459297497086, 62.20774830879754802 ) ) ;
#1686 = AXIS2_PLACEMENT_3D ( 'NONE', #4639, #520, #2104 ) ;
#1687 = LINE ( 'NONE', #2704, #2380 ) ;
#1688 = EDGE_LOOP ( 'NONE', ( #1899, #2919, #5793, #6026 ) ) ;
#1689 = DIRECTION ( 'NONE',  ( -0.7071067811865475727, 0.7071067811865475727, 0.000000000000000000 ) ) ;
#1690 = VECTOR ( 'NONE', #513, 1000.000000000000114 ) ;
#1691 = DIRECTION ( 'NONE',  ( 0.000000000000000000, -1.000000000000000000, 0.000000000000000000 ) ) ;
#1692 = EDGE_LOOP ( 'NONE', ( #6058, #845, #6560, #1581, #544, #5909 ) ) ;
#1693 = CARTESIAN_POINT ( 'NONE',  ( 28.50000000000000000, 54.50000000000000000, 26.00000000000000000 ) ) ;
#1694 = LINE ( 'NONE', #5288, #4870 ) ;
#1695 = FACE_OUTER_BOUND ( 'NONE', #5064, .T. ) ;
#1696 = EDGE_CURVE ( 'NONE', #4623, #1768, #67, .T. ) ;
#1697 = EDGE_LOOP ( 'NONE', ( #2313, #6537, #432, #2904 ) ) ;
#1698 = EDGE_CURVE ( 'NONE', #2922, #6073, #4718, .T. ) ;
#1699 = FACE_OUTER_BOUND ( 'NONE', #1513, .T. ) ;
#1700 = ORIENTED_EDGE ( 'NONE', *, *, #1864, .T. ) ;
#1701 = DIRECTION ( 'NONE',  ( 0.000000000000000000, 0.000000000000000000, -1.000000000000000000 ) ) ;
#1702 = DIRECTION ( 'NONE',  ( 2.505015849785999180E-16, 0.000000000000000000, 1.000000000000000000 ) ) ;
#1703 = VERTEX_POINT ( 'NONE', #3646 ) ;
#1704 = EDGE_CURVE ( 'NONE', #4503, #4017, #2707, .T. ) ;
#1705 = CYLINDRICAL_SURFACE ( 'NONE', #2316, 1.199999999999999734 ) ;
#1706 = DIRECTION ( 'NONE',  ( -0.000000000000000000, 1.000000000000000000, -0.000000000000000000 ) ) ;
#1707 = ORIENTED_EDGE ( 'NONE', *, *, #3107, .F. ) ;
#1708 = FACE_OUTER_BOUND ( 'NONE', #4285, .T. ) ;
#1709 = CARTESIAN_POINT ( 'NONE',  ( 32.00000000000001421, 46.00000000000000000, 22.69999999999999929 ) ) ;
#1710 = DIRECTION ( 'NONE',  ( -1.000000000000000000, 0.000000000000000000, 4.956352788505094834E-15 ) ) ;
#1711 = DIRECTION ( 'NONE',  ( 0.000000000000000000, -1.000000000000000000, 0.000000000000000000 ) ) ;
#1712 = VERTEX_POINT ( 'NONE', #5656 ) ;
#1713 = DIRECTION ( 'NONE',  ( 0.000000000000000000, 0.000000000000000000, -1.000000000000000000 ) ) ;
#1714 = LINE ( 'NONE', #6186, #3007 ) ;
#1715 = ORIENTED_EDGE ( 'NONE', *, *, #2686, .F. ) ;
#1716 = CARTESIAN_POINT ( 'NONE',  ( -27.35786437626910939, 46.00000000000000000, 23.00000000000000000 ) ) ;
#1717 = CARTESIAN_POINT ( 'NONE',  ( -13.06935232530527280, 50.33750474424131482, 60.22028467591280787 ) ) ;
#1718 = ADVANCED_FACE ( 'NONE', ( #1193 ), #2150, .F. ) ;
#1719 = ORIENTED_EDGE ( 'NONE', *, *, #3024, .T. ) ;
#1720 = EDGE_CURVE ( 'NONE', #2567, #6380, #249, .T. ) ;
#1721 = CARTESIAN_POINT ( 'NONE',  ( 11.58798354892797278, 49.03708382627942086, 61.67674154926838526 ) ) ;
#1722 = LINE ( 'NONE', #6361, #3061 ) ;
#1723 = DIRECTION ( 'NONE',  ( 0.000000000000000000, 0.000000000000000000, 1.000000000000000000 ) ) ;
#1724 = ADVANCED_FACE ( 'NONE', ( #5152 ), #2082, .F. ) ;
#1725 = ADVANCED_FACE ( 'NONE', ( #4753 ), #2613, .F. ) ;
#1726 = VERTEX_POINT ( 'NONE', #6124 ) ;
#1727 = CARTESIAN_POINT ( 'NONE',  ( 22.85000000000002274, 46.00000000000000000, 22.85000000000002274 ) ) ;
#1728 = EDGE_LOOP ( 'NONE', ( #5409, #1803, #2025, #1983, #4813, #2473, #5199 ) ) ;
#1729 = DIRECTION ( 'NONE',  ( -0.000000000000000000, -1.000000000000000000, -0.000000000000000000 ) ) ;
#1730 = ORIENTED_EDGE ( 'NONE', *, *, #6133, .F. ) ;
#1731 = CARTESIAN_POINT ( 'NONE',  ( 25.50000000000002487, 52.50000000000000000, -22.50000000000003908 ) ) ;
#1732 = LINE ( 'NONE', #6338, #2391 ) ;
#1733 = EDGE_CURVE ( 'NONE', #5464, #4591, #4656, .T. ) ;
#1734 = EDGE_LOOP ( 'NONE', ( #1011, #5271, #2628, #3404 ) ) ;
#1735 = ADVANCED_FACE ( 'NONE', ( #1553 ), #3192, .F. ) ;
#1736 = CARTESIAN_POINT ( 'NONE',  ( 13.11365057943552870, 50.57584657664310868, 59.90344406650599751 ) ) ;
#1737 = PLANE ( 'NONE',  #134 ) ;
#1738 = DIRECTION ( 'NONE',  ( 1.000000000000000000, 0.000000000000000000, -1.445602896647339656E-16 ) ) ;
#1739 = LINE ( 'NONE', #3755, #3991 ) ;
#1740 = ORIENTED_EDGE ( 'NONE', *, *, #3594, .T. ) ;
#1741 = CIRCLE ( 'NONE', #4385, 3.000000000000012879 ) ;
#1742 = EDGE_LOOP ( 'NONE', ( #5707, #3458, #2301, #4350, #1219, #5249, #5781, #4085 ) ) ;
#1743 = CARTESIAN_POINT ( 'NONE',  ( 32.50000000000002132, 47.00000000000000000, -14.00000000000004796 ) ) ;
#1744 = PLANE ( 'NONE',  #1861 ) ;
#1745 = VERTEX_POINT ( 'NONE', #3712 ) ;
#1746 = AXIS2_PLACEMENT_3D ( 'NONE', #5178, #2639, #2141 ) ;
#1747 = DIRECTION ( 'NONE',  ( -0.000000000000000000, -1.000000000000000000, 0.000000000000000000 ) ) ;
#1748 = EDGE_CURVE ( 'NONE', #5487, #4562, #5369, .T. ) ;
#1749 = CARTESIAN_POINT ( 'NONE',  ( 16.61365057943552870, 55.00000000000000000, 52.83609688887024447 ) ) ;
#1750 = CARTESIAN_POINT ( 'NONE',  ( -30.50000000000000711, 36.62916759300433256, -1.950000000000001288 ) ) ;
#1751 = CIRCLE ( 'NONE', #1323, 1.200000000000000622 ) ;
#1752 = ORIENTED_EDGE ( 'NONE', *, *, #5503, .T. ) ;
#1753 = CARTESIAN_POINT ( 'NONE',  ( -13.25291476537765156, 46.00000000000000000, 24.21966823665285773 ) ) ;
#1754 = EDGE_LOOP ( 'NONE', ( #4508, #5054, #704, #1999 ) ) ;
#1755 = VECTOR ( 'NONE', #5345, 1000.000000000000000 ) ;
#1756 = CARTESIAN_POINT ( 'NONE',  ( -12.61365057943554824, 55.00000000000000000, 52.83609688887024447 ) ) ;
#1757 = ORIENTED_EDGE ( 'NONE', *, *, #4785, .T. ) ;
#1758 = CARTESIAN_POINT ( 'NONE',  ( -27.83000000000001961, 54.00000000000000000, -24.19000000000004036 ) ) ;
#1759 = CARTESIAN_POINT ( 'NONE',  ( -12.07999999999999652, 54.80000000000000426, 26.75000000000000000 ) ) ;
#1760 = VECTOR ( 'NONE', #4033, 1000.000000000000114 ) ;
#1761 = VECTOR ( 'NONE', #4544, 1000.000000000000000 ) ;
#1762 = CARTESIAN_POINT ( 'NONE',  ( 29.00000000000002487, 54.50000000000001421, 30.55025253169417354 ) ) ;
#1763 = LINE ( 'NONE', #5839, #5697 ) ;
#1764 = AXIS2_PLACEMENT_3D ( 'NONE', #4054, #1632, #5563 ) ;
#1765 = CARTESIAN_POINT ( 'NONE',  ( 26.50000000000002842, 53.00000000000001421, -14.00000000000004796 ) ) ;
#1766 = DIRECTION ( 'NONE',  ( -0.000000000000000000, -1.000000000000000000, -0.000000000000000000 ) ) ;
#1767 = EDGE_CURVE ( 'NONE', #1604, #786, #3672, .T. ) ;
#1768 = VERTEX_POINT ( 'NONE', #1222 ) ;
#1769 = DIRECTION ( 'NONE',  ( 0.000000000000000000, 0.000000000000000000, -1.000000000000000000 ) ) ;
#1770 = AXIS2_PLACEMENT_3D ( 'NONE', #4520, #5052, #1593 ) ;
#1771 = ADVANCED_FACE ( 'NONE', ( #2338 ), #195, .F. ) ;
#1772 = VERTEX_POINT ( 'NONE', #4782 ) ;
#1773 = CARTESIAN_POINT ( 'NONE',  ( 2.580000000000002736, 54.80000000000000426, 22.00000000000000000 ) ) ;
#1774 = FACE_OUTER_BOUND ( 'NONE', #4364, .T. ) ;
#1775 = VECTOR ( 'NONE', #4488, 1000.000000000000000 ) ;
#1776 = CARTESIAN_POINT ( 'NONE',  ( -13.11365057943553225, 46.00000000000000000, 52.83609688887024447 ) ) ;
#1777 = ORIENTED_EDGE ( 'NONE', *, *, #1733, .F. ) ;
#1778 = VECTOR ( 'NONE', #913, 1000.000000000000000 ) ;
#1779 = DIRECTION ( 'NONE',  ( 0.000000000000000000, -1.000000000000000000, 0.000000000000000000 ) ) ;
#1780 = CARTESIAN_POINT ( 'NONE',  ( 13.11365057943553225, 54.34215407230860961, 55.59891731368014689 ) ) ;
#1781 = CARTESIAN_POINT ( 'NONE',  ( 32.50000000000002132, 47.00000000000000000, -21.00000000000004263 ) ) ;
#1782 = VECTOR ( 'NONE', #1710, 1000.000000000000000 ) ;
#1783 = CYLINDRICAL_SURFACE ( 'NONE', #1102, 1.199999999999999734 ) ;
#1784 = EDGE_CURVE ( 'NONE', #5623, #1953, #3339, .T. ) ;
#1785 = ORIENTED_EDGE ( 'NONE', *, *, #4353, .T. ) ;
#1786 = DIRECTION ( 'NONE',  ( 2.036754959396165491E-16, 0.000000000000000000, 1.000000000000000000 ) ) ;
#1787 = VERTEX_POINT ( 'NONE', #5316 ) ;
#1788 = AXIS2_PLACEMENT_3D ( 'NONE', #1141, #5233, #625 ) ;
#1789 = DIRECTION ( 'NONE',  ( -0.000000000000000000, 0.7071067811865475727, 0.7071067811865475727 ) ) ;
#1790 = CARTESIAN_POINT ( 'NONE',  ( -12.42830466282213209, 49.90122945058097059, 60.63277499835360373 ) ) ;
#1791 = VERTEX_POINT ( 'NONE', #3804 ) ;
#1792 = LINE ( 'NONE', #4231, #6460 ) ;
#1793 = EDGE_CURVE ( 'NONE', #4212, #6283, #6324, .T. ) ;
#1794 = LINE ( 'NONE', #3818, #5901 ) ;
#1795 = CARTESIAN_POINT ( 'NONE',  ( 29.62132034355966681, 52.50000000000000000, 32.05025253169416999 ) ) ;
#1796 = ADVANCED_FACE ( 'NONE', ( #5852 ), #219, .T. ) ;
#1797 = CARTESIAN_POINT ( 'NONE',  ( 12.66859422607742758, 54.53062601856265701, 56.39949907162462495 ) ) ;
#1798 = CARTESIAN_POINT ( 'NONE',  ( 23.49999999999991829, 52.50000000000000000, -6.000000000000043521 ) ) ;
#1799 = CARTESIAN_POINT ( 'NONE',  ( -25.18000000000001037, 54.00000000000000000, -15.34000000000003183 ) ) ;
#1800 = ORIENTED_EDGE ( 'NONE', *, *, #3897, .T. ) ;
#1801 = EDGE_CURVE ( 'NONE', #3890, #2303, #1286, .T. ) ;
#1802 = ADVANCED_FACE ( 'NONE', ( #4878 ), #4368, .F. ) ;
#1803 = ORIENTED_EDGE ( 'NONE', *, *, #6534, .T. ) ;
#1804 = CARTESIAN_POINT ( 'NONE',  ( -23.49999999999991829, 52.50000000000000000, -12.00000000000004263 ) ) ;
#1805 = CARTESIAN_POINT ( 'NONE',  ( -13.78522345468935839, 55.00000000000000000, 50.00766976412405285 ) ) ;
#1806 = ORIENTED_EDGE ( 'NONE', *, *, #756, .F. ) ;
#1807 = EDGE_CURVE ( 'NONE', #5100, #3119, #2308, .T. ) ;
#1808 = ADVANCED_FACE ( 'NONE', ( #4277 ), #3306, .F. ) ;
#1809 = DIRECTION ( 'NONE',  ( -1.000000000000000000, 0.000000000000000000, 1.445602896647339656E-16 ) ) ;
#1810 = CARTESIAN_POINT ( 'NONE',  ( 12.64742773224291206, 54.83363362683841302, 55.70018123161540302 ) ) ;
#1811 = CARTESIAN_POINT ( 'NONE',  ( 26.50000000000002842, 47.00000000000000000, -14.00000000000004796 ) ) ;
#1812 = LINE ( 'NONE', #3741, #3229 ) ;
#1813 = ADVANCED_FACE ( 'NONE', ( #5820 ), #6448, .T. ) ;
#1814 = VERTEX_POINT ( 'NONE', #4844 ) ;
#1815 = CARTESIAN_POINT ( 'NONE',  ( -28.50000000000000000, 46.00000000000000000, 1.299999999999999156 ) ) ;
#1816 = CARTESIAN_POINT ( 'NONE',  ( -25.10000000000000142, 20.17126094929651714, -49.82873905070282916 ) ) ;
#1817 = EDGE_LOOP ( 'NONE', ( #28, #5408, #4696, #1049 ) ) ;
#1818 = CARTESIAN_POINT ( 'NONE',  ( 12.55292074373359412, 51.64456283339303155, 58.64659517162813529 ) ) ;
#1819 = VERTEX_POINT ( 'NONE', #2767 ) ;
#1820 = CARTESIAN_POINT ( 'NONE',  ( 10.54302177088197290, 55.00000000000000000, 62.11155039071805106 ) ) ;
#1821 = LINE ( 'NONE', #2324, #3435 ) ;
#1822 = VERTEX_POINT ( 'NONE', #5411 ) ;
#1823 = CARTESIAN_POINT ( 'NONE',  ( 0.000000000000000000, 55.00000000000000000, -29.50000000000006040 ) ) ;
#1824 = VERTEX_POINT ( 'NONE', #4806 ) ;
#1825 = CARTESIAN_POINT ( 'NONE',  ( 26.50000000000002487, 46.00000000000000000, -0.000000000000000000 ) ) ;
#1826 = FACE_BOUND ( 'NONE', #2223, .T. ) ;
#1827 = CARTESIAN_POINT ( 'NONE',  ( -28.50000000000000000, 54.50000000000000000, -26.00000000000000000 ) ) ;
#1828 = ORIENTED_EDGE ( 'NONE', *, *, #1681, .T. ) ;
#1829 = B_SPLINE_CURVE_WITH_KNOTS ( 'NONE', 3,
 ( #243, #2783, #4863, #1736 ),
 .UNSPECIFIED., .F., .F.,
 ( 4, 4 ),
 ( 0.000000000000000000, 1.000000000000000000 ),
 .UNSPECIFIED. ) ;
#1830 = ADVANCED_FACE ( 'NONE', ( #259 ), #835, .T. ) ;
#1831 = ORIENTED_EDGE ( 'NONE', *, *, #289, .F. ) ;
#1832 = CARTESIAN_POINT ( 'NONE',  ( 27.49999999999999645, 59.50000000000000711, -9.000000000000042633 ) ) ;
#1833 = CARTESIAN_POINT ( 'NONE',  ( -1.996271631908297817, 54.80000000000000426, 27.49999999999999645 ) ) ;
#1834 = ORIENTED_EDGE ( 'NONE', *, *, #4607, .F. ) ;
#1835 = CARTESIAN_POINT ( 'NONE',  ( 24.89999999999999503, 55.00000000000000000, -22.00000000000004619 ) ) ;
#1836 = CARTESIAN_POINT ( 'NONE',  ( -26.76662326436239070, 46.00000000000000000, 37.73337673563763417 ) ) ;
#1837 = VECTOR ( 'NONE', #4539, 1000.000000000000000 ) ;
#1838 = FACE_OUTER_BOUND ( 'NONE', #3990, .T. ) ;
#1839 = PLANE ( 'NONE',  #2706 ) ;
#1840 = EDGE_CURVE ( 'NONE', #1190, #4910, #5876, .T. ) ;
#1841 = LINE ( 'NONE', #3867, #984 ) ;
#1842 = ORIENTED_EDGE ( 'NONE', *, *, #465, .T. ) ;
#1843 = AXIS2_PLACEMENT_3D ( 'NONE', #3184, #6079, #602 ) ;
#1844 = DIRECTION ( 'NONE',  ( 0.000000000000000000, 0.000000000000000000, 1.000000000000000000 ) ) ;
#1845 = CARTESIAN_POINT ( 'NONE',  ( -30.50000000000000000, 52.50000000000000000, -22.50000000000003908 ) ) ;
#1846 = EDGE_LOOP ( 'NONE', ( #4745, #2938, #5323, #2976, #911, #700, #1483, #974, #6178, #3512, #5132, #1430, #6406, #3147, #5686, #4346, #4608, #5640, #1806, #2992, #4127, #1985, #4165, #2694, #6501, #4339, #6629, #1110, #2198, #5048, #4134, #3689, #2059, #3796, #5214, #1561, #1563, #5028, #2871, #4843 ) ) ;
#1847 = EDGE_CURVE ( 'NONE', #1385, #1822, #1484, .T. ) ;
#1848 = VECTOR ( 'NONE', #4032, 1000.000000000000000 ) ;
#1849 = CARTESIAN_POINT ( 'NONE',  ( -12.61474727596883305, 52.51549085339831180, 57.65289305321165614 ) ) ;
#1850 = VECTOR ( 'NONE', #6203, 1000.000000000000000 ) ;
#1851 = CARTESIAN_POINT ( 'NONE',  ( 32.50000000000000711, 54.50000000000001421, 14.19999999999998330 ) ) ;
#1852 = VECTOR ( 'NONE', #1315, 1000.000000000000114 ) ;
#1853 = AXIS2_PLACEMENT_3D ( 'NONE', #4850, #740, #1844 ) ;
#1854 = DIRECTION ( 'NONE',  ( 0.000000000000000000, 0.000000000000000000, 1.000000000000000000 ) ) ;
#1855 = DIRECTION ( 'NONE',  ( -0.000000000000000000, 1.000000000000000000, -0.000000000000000000 ) ) ;
#1856 = EDGE_LOOP ( 'NONE', ( #6543, #4074, #3214, #3813 ) ) ;
#1857 = CARTESIAN_POINT ( 'NONE',  ( 12.64951409387884240, 54.81300672002087992, 55.76807827591625255 ) ) ;
#1858 = DIRECTION ( 'NONE',  ( -1.000000000000000000, 0.000000000000000000, 0.000000000000000000 ) ) ;
#1859 = DIRECTION ( 'NONE',  ( 1.000000000000000000, 0.000000000000000000, 0.000000000000000000 ) ) ;
#1860 = ORIENTED_EDGE ( 'NONE', *, *, #1864, .F. ) ;
#1861 = AXIS2_PLACEMENT_3D ( 'NONE', #3853, #4778, #2832 ) ;
#1862 = VECTOR ( 'NONE', #3111, 1000.000000000000000 ) ;
#1863 = CARTESIAN_POINT ( 'NONE',  ( 0.000000000000000000, 52.50000000000000000, 0.000000000000000000 ) ) ;
#1864 = EDGE_CURVE ( 'NONE', #4567, #2116, #5475, .T. ) ;
#1865 = AXIS2_PLACEMENT_3D ( 'NONE', #4386, #1859, #3417 ) ;
#1866 = FACE_OUTER_BOUND ( 'NONE', #5885, .T. ) ;
#1867 = VERTEX_POINT ( 'NONE', #2467 ) ;
#1868 = DIRECTION ( 'NONE',  ( 0.000000000000000000, -1.000000000000000000, 0.000000000000000000 ) ) ;
#1869 = CYLINDRICAL_SURFACE ( 'NONE', #1131, 3.249999999999999556 ) ;
#1870 = CARTESIAN_POINT ( 'NONE',  ( 18.11122315471732236, 46.00000000000000000, 18.11122315471725841 ) ) ;
#1871 = CIRCLE ( 'NONE', #1144, 2.649999999999999467 ) ;
#1872 = LINE ( 'NONE', #6492, #4611 ) ;
#1873 = ADVANCED_FACE ( 'NONE', ( #5947 ), #2494, .F. ) ;
#1874 = DIRECTION ( 'NONE',  ( -0.000000000000000000, 1.000000000000000000, -0.000000000000000000 ) ) ;
#1875 = CARTESIAN_POINT ( 'NONE',  ( 29.00000000000002487, 55.00000000000000000, 30.55025253169417354 ) ) ;
#1876 = VECTOR ( 'NONE', #50, 1000.000000000000114 ) ;
#1877 = CARTESIAN_POINT ( 'NONE',  ( 13.11365057943553225, 54.09948797944534959, 56.14924874674626665 ) ) ;
#1878 = CARTESIAN_POINT ( 'NONE',  ( 13.11365057943553047, 54.50000000000001421, 54.61251347380554222 ) ) ;
#1879 = EDGE_CURVE ( 'NONE', #1576, #3824, #3503, .T. ) ;
#1880 = ORIENTED_EDGE ( 'NONE', *, *, #222, .F. ) ;
#1881 = AXIS2_PLACEMENT_3D ( 'NONE', #5016, #3933, #2317 ) ;
#1882 = ORIENTED_EDGE ( 'NONE', *, *, #1847, .T. ) ;
#1883 = CARTESIAN_POINT ( 'NONE',  ( -12.61365057943555890, 55.00000000000000000, 2.569091537375569243E-15 ) ) ;
#1884 = EDGE_CURVE ( 'NONE', #2208, #1389, #5574, .T. ) ;
#1885 = CARTESIAN_POINT ( 'NONE',  ( -28.99999999999994671, 46.00000000000000000, 30.55025253169425525 ) ) ;
#1886 = VERTEX_POINT ( 'NONE', #6457 ) ;
#1887 = CARTESIAN_POINT ( 'NONE',  ( -28.50000000000000000, 46.00000000000000000, 1.299999999999999156 ) ) ;
#1888 = DIRECTION ( 'NONE',  ( 0.7071067811865451302, 0.7071067811865500152, -3.504670666704847425E-16 ) ) ;
#1889 = EDGE_CURVE ( 'NONE', #3682, #3434, #5514, .T. ) ;
#1890 = CIRCLE ( 'NONE', #2739, 3.249999999999999556 ) ;
#1891 = DIRECTION ( 'NONE',  ( 0.000000000000000000, 0.000000000000000000, 1.000000000000000000 ) ) ;
#1892 = ORIENTED_EDGE ( 'NONE', *, *, #5923, .F. ) ;
#1893 = DIRECTION ( 'NONE',  ( 0.000000000000000000, 0.000000000000000000, 1.000000000000000000 ) ) ;
#1894 = CARTESIAN_POINT ( 'NONE',  ( 12.64442786090204862, 54.86303212242497551, 55.60185245909408991 ) ) ;
#1895 = PLANE ( 'NONE',  #6167 ) ;
#1896 = LINE ( 'NONE', #4528, #1663 ) ;
#1897 = EDGE_LOOP ( 'NONE', ( #6007, #1292, #938, #4707 ) ) ;
#1898 = CARTESIAN_POINT ( 'NONE',  ( -12.64910786706632173, 54.81584641769335065, 55.75520103609258626 ) ) ;
#1899 = ORIENTED_EDGE ( 'NONE', *, *, #5874, .F. ) ;
#1900 = CARTESIAN_POINT ( 'NONE',  ( -28.99999999999994671, 55.00000000000000000, -26.50000000000004263 ) ) ;
#1901 = CARTESIAN_POINT ( 'NONE',  ( 25.00000000000002132, 46.00000000000000000, -24.00000000000004263 ) ) ;
#1902 = EDGE_LOOP ( 'NONE', ( #660, #3660, #6142, #4752, #6238, #5670, #2098, #1585 ) ) ;
#1903 = ORIENTED_EDGE ( 'NONE', *, *, #2490, .T. ) ;
#1904 = CARTESIAN_POINT ( 'NONE',  ( 39.16666666666667851, 47.83333333333332149, -14.33333333333335169 ) ) ;
#1905 = CARTESIAN_POINT ( 'NONE',  ( -27.97918471982874777, 52.50000000000000000, 24.50000000000000000 ) ) ;
#1906 = ORIENTED_EDGE ( 'NONE', *, *, #3858, .T. ) ;
#1907 = CARTESIAN_POINT ( 'NONE',  ( 28.50000000000000000, 52.50000000000000000, -1.950000000000000844 ) ) ;
#1908 = DIRECTION ( 'NONE',  ( -1.000000000000000000, 0.000000000000000000, 0.000000000000000000 ) ) ;
#1909 = CYLINDRICAL_SURFACE ( 'NONE', #3342, 1.400000000000000133 ) ;
#1910 = VERTEX_POINT ( 'NONE', #6495 ) ;
#1911 = EDGE_CURVE ( 'NONE', #2983, #3041, #1007, .T. ) ;
#1912 = CARTESIAN_POINT ( 'NONE',  ( -30.50000000000000711, 46.00000000000000000, 21.49999999999999645 ) ) ;
#1913 = CARTESIAN_POINT ( 'NONE',  ( -23.59999999999998721, 46.00000000000000000, 1.364649134435087038E-14 ) ) ;
#1914 = EDGE_LOOP ( 'NONE', ( #5951, #2757, #5442, #3941 ) ) ;
#1915 = EDGE_CURVE ( 'NONE', #5520, #66, #426, .T. ) ;
#1916 = CARTESIAN_POINT ( 'NONE',  ( 13.78522345468935839, 55.00000000000000000, 50.00766976412405285 ) ) ;
#1917 = LINE ( 'NONE', #367, #4650 ) ;
#1918 = EDGE_CURVE ( 'NONE', #5217, #4910, #392, .T. ) ;
#1919 = CARTESIAN_POINT ( 'NONE',  ( 28.99999999999996803, 54.50000000000001421, -26.50000000000004263 ) ) ;
#1920 = EDGE_LOOP ( 'NONE', ( #2263, #2242, #2414, #2114 ) ) ;
#1921 = FACE_OUTER_BOUND ( 'NONE', #5862, .T. ) ;
#1922 = DIRECTION ( 'NONE',  ( 0.000000000000000000, 0.000000000000000000, -1.000000000000000000 ) ) ;
#1923 = DIRECTION ( 'NONE',  ( 0.000000000000000000, 0.000000000000000000, 1.000000000000000000 ) ) ;
#1924 = CARTESIAN_POINT ( 'NONE',  ( 32.00000000000001421, 46.00000000000000000, 13.70000000000002061 ) ) ;
#1925 = ADVANCED_FACE ( 'NONE', ( #971, #4903, #323, #2367, #4006 ), #3925, .T. ) ;
#1926 = ORIENTED_EDGE ( 'NONE', *, *, #5185, .T. ) ;
#1927 = EDGE_CURVE ( 'NONE', #2733, #5422, #2895, .T. ) ;
#1928 = ORIENTED_EDGE ( 'NONE', *, *, #4313, .T. ) ;
#1929 = DIRECTION ( 'NONE',  ( -0.5773502691896312822, 0.5773502691896308381, -0.5773502691896151839 ) ) ;
#1930 = CARTESIAN_POINT ( 'NONE',  ( -13.11365057943553225, 54.12367218150708226, 56.10542596110821023 ) ) ;
#1931 = CARTESIAN_POINT ( 'NONE',  ( -13.11365057943553047, 51.61712226156586780, 58.83933524239686363 ) ) ;
#1932 = CARTESIAN_POINT ( 'NONE',  ( 28.00000000000002487, 46.00000000000000000, 30.55025253169417354 ) ) ;
#1933 = EDGE_CURVE ( 'NONE', #6475, #2776, #355, .T. ) ;
#1934 = CARTESIAN_POINT ( 'NONE',  ( 26.50000000000002487, 52.50000000000000000, 24.19999999999999929 ) ) ;
#1935 = DIRECTION ( 'NONE',  ( 0.7071067811865474617, -0.7071067811865474617, 0.000000000000000000 ) ) ;
#1936 = DIRECTION ( 'NONE',  ( -4.073509918792334433E-16, 0.000000000000000000, 1.000000000000000000 ) ) ;
#1937 = VERTEX_POINT ( 'NONE', #5977 ) ;
#1938 = DIRECTION ( 'NONE',  ( 0.000000000000000000, 0.000000000000000000, 1.000000000000000000 ) ) ;
#1939 = CARTESIAN_POINT ( 'NONE',  ( 32.50000000000000711, 52.50000000000000000, 22.69999999999999929 ) ) ;
#1940 = ORIENTED_EDGE ( 'NONE', *, *, #453, .T. ) ;
#1941 = ORIENTED_EDGE ( 'NONE', *, *, #3966, .T. ) ;
#1942 = VERTEX_POINT ( 'NONE', #903 ) ;
#1943 = EDGE_CURVE ( 'NONE', #4250, #620, #3031, .T. ) ;
#1944 = ORIENTED_EDGE ( 'NONE', *, *, #1270, .F. ) ;
#1945 = CARTESIAN_POINT ( 'NONE',  ( 12.99984014052095027, 50.17302544154150468, 60.50322934797056007 ) ) ;
#1946 = CARTESIAN_POINT ( 'NONE',  ( -30.50000000000000711, 46.00000000000000000, 21.49999999999999645 ) ) ;
#1947 = VERTEX_POINT ( 'NONE', #1907 ) ;
#1948 = CARTESIAN_POINT ( 'NONE',  ( 31.50000000000004263, 46.00000000000000000, 14.19999999999999751 ) ) ;
#1949 = CARTESIAN_POINT ( 'NONE',  ( 14.13877684528262257, 54.50000000000001421, 50.36122315471732236 ) ) ;
#1950 = VECTOR ( 'NONE', #1156, 1000.000000000000114 ) ;
#1951 = ADVANCED_FACE ( 'NONE', ( #1450 ), #252, .F. ) ;
#1952 = DIRECTION ( 'NONE',  ( -0.000000000000000000, -1.000000000000000000, -0.000000000000000000 ) ) ;
#1953 = VERTEX_POINT ( 'NONE', #6082 ) ;
#1954 = CIRCLE ( 'NONE', #4627, 1.199999999999999734 ) ;
#1955 = VECTOR ( 'NONE', #3637, 1000.000000000000000 ) ;
#1956 = LINE ( 'NONE', #3985, #1464 ) ;
#1957 = CARTESIAN_POINT ( 'NONE',  ( 32.49999999999996447, 54.50000000000001421, -21.50000000000000000 ) ) ;
#1958 = DIRECTION ( 'NONE',  ( -1.005636797667714286E-15, 0.000000000000000000, -1.000000000000000000 ) ) ;
#1959 = CARTESIAN_POINT ( 'NONE',  ( -12.61365057943552870, 52.50000000000000000, 57.67056687645471413 ) ) ;
#1960 = ORIENTED_EDGE ( 'NONE', *, *, #1927, .F. ) ;
#1961 = AXIS2_PLACEMENT_3D ( 'NONE', #2245, #3770, #295 ) ;
#1962 = ORIENTED_EDGE ( 'NONE', *, *, #2859, .F. ) ;
#1963 = AXIS2_PLACEMENT_3D ( 'NONE', #1198, #1065, #106 ) ;
#1964 = CARTESIAN_POINT ( 'NONE',  ( -13.11365057943553225, 54.39970043375182485, 55.40802765258472107 ) ) ;
#1965 = FACE_OUTER_BOUND ( 'NONE', #1247, .T. ) ;
#1966 = EDGE_CURVE ( 'NONE', #5075, #446, #3963, .T. ) ;
#1967 = VECTOR ( 'NONE', #3330, 1000.000000000000000 ) ;
#1968 = VECTOR ( 'NONE', #5952, 1000.000000000000000 ) ;
#1969 = DIRECTION ( 'NONE',  ( -0.000000000000000000, 1.000000000000000000, -0.000000000000000000 ) ) ;
#1970 = ORIENTED_EDGE ( 'NONE', *, *, #2274, .F. ) ;
#1971 = VECTOR ( 'NONE', #960, 1000.000000000000000 ) ;
#1972 = AXIS2_PLACEMENT_3D ( 'NONE', #1976, #6053, #562 ) ;
#1973 = ADVANCED_FACE ( 'NONE', ( #1410 ), #3429, .F. ) ;
#1974 = CARTESIAN_POINT ( 'NONE',  ( -28.50000000000000000, 36.62916759300433256, 1.299999999999999156 ) ) ;
#1975 = VERTEX_POINT ( 'NONE', #6190 ) ;
#1976 = CARTESIAN_POINT ( 'NONE',  ( 32.24999999999993605, 55.00000000000000000, 32.25000000000009948 ) ) ;
#1977 = LINE ( 'NONE', #5979, #140 ) ;
#1978 = VECTOR ( 'NONE', #4971, 1000.000000000000000 ) ;
#1979 = ORIENTED_EDGE ( 'NONE', *, *, #194, .T. ) ;
#1980 = VERTEX_POINT ( 'NONE', #3639 ) ;
#1981 = ORIENTED_EDGE ( 'NONE', *, *, #4046, .F. ) ;
#1982 = AXIS2_PLACEMENT_3D ( 'NONE', #3519, #78, #623 ) ;
#1983 = ORIENTED_EDGE ( 'NONE', *, *, #6507, .F. ) ;
#1984 = CARTESIAN_POINT ( 'NONE',  ( 32.50000000000001421, 55.00000000000000000, 23.19999999999999929 ) ) ;
#1985 = ORIENTED_EDGE ( 'NONE', *, *, #4149, .F. ) ;
#1986 = CARTESIAN_POINT ( 'NONE',  ( -12.68698410421146505, 51.36341485151788788, 59.80639146467750322 ) ) ;
#1987 = ORIENTED_EDGE ( 'NONE', *, *, #6181, .T. ) ;
#1988 = DIRECTION ( 'NONE',  ( 5.782411586589355667E-16, 0.000000000000000000, 1.000000000000000000 ) ) ;
#1989 = CARTESIAN_POINT ( 'NONE',  ( 24.50000000000002132, 55.00000000000000000, -21.00000000000003908 ) ) ;
#1990 = AXIS2_PLACEMENT_3D ( 'NONE', #2547, #3647, #3580 ) ;
#1991 = DIRECTION ( 'NONE',  ( 0.000000000000000000, -1.000000000000000000, 0.000000000000000000 ) ) ;
#1992 = VERTEX_POINT ( 'NONE', #3038 ) ;
#1993 = AXIS2_PLACEMENT_3D ( 'NONE', #1019, #5658, #5088 ) ;
#1994 = DIRECTION ( 'NONE',  ( 1.000000000000000000, 0.000000000000000000, 2.983850112677209358E-16 ) ) ;
#1995 = LINE ( 'NONE', #3520, #3903 ) ;
#1996 = EDGE_CURVE ( 'NONE', #3004, #6195, #6156, .T. ) ;
#1997 = DIRECTION ( 'NONE',  ( -0.000000000000000000, -1.000000000000000000, -0.000000000000000000 ) ) ;
#1998 = ORIENTED_EDGE ( 'NONE', *, *, #5797, .F. ) ;
#1999 = ORIENTED_EDGE ( 'NONE', *, *, #5844, .F. ) ;
#2000 = EDGE_CURVE ( 'NONE', #330, #6348, #4179, .T. ) ;
#2001 = B_SPLINE_CURVE_WITH_KNOTS ( 'NONE', 3,
 ( #6538, #3978, #6027, #1390, #1493, #3408, #1462, #2984, #5389, #817, #2848, #4886, #4376, #5926, #5629, #1592, #4620, #72, #2581, #3122, #1060, #32, #3514, #579, #2021, #5556, #1132, #3051, #1021, #3649, #5660, #6092, #4047, #982 ),
 .UNSPECIFIED., .F., .F.,
 ( 4, 2, 1, 1, 2, 2, 2, 1, 2, 2, 2, 1, 1, 2, 2, 2, 1, 2, 2, 4 ),
 ( 0.000000000000000000, 0.06249999999999500400, 0.09374999999999228395, 0.1093749999999950734, 0.1171875000000000833, 0.1250000000000051070, 0.1875000000000444089, 0.2187500000000640599, 0.2343750000000701383, 0.2500000000000762168, 0.3750000000000821010, 0.4375000000000814349, 0.4687500000000847655, 0.4843750000000849876, 0.5000000000000852651, 0.6250000000000661693, 0.6875000000000583977, 0.7187500000000577316, 0.7500000000000571765, 1.000000000000000000 ),
 .UNSPECIFIED. ) ;
#2002 = CARTESIAN_POINT ( 'NONE',  ( -13.11365057943552870, 54.09948797944535670, 56.14924874674626665 ) ) ;
#2003 = CARTESIAN_POINT ( 'NONE',  ( -28.50000000000000000, 52.50000000000000000, 1.299999999999999156 ) ) ;
#2004 = CIRCLE ( 'NONE', #4674, 1.399999999999998579 ) ;
#2005 = FACE_OUTER_BOUND ( 'NONE', #5669, .T. ) ;
#2006 = EDGE_CURVE ( 'NONE', #4591, #712, #4684, .T. ) ;
#2007 = DIRECTION ( 'NONE',  ( 0.000000000000000000, 0.000000000000000000, 1.000000000000000000 ) ) ;
#2008 = ADVANCED_FACE ( 'NONE', ( #1617 ), #6114, .T. ) ;
#2009 = LINE ( 'NONE', #3529, #2271 ) ;
#2010 = EDGE_LOOP ( 'NONE', ( #1014, #266, #5279, #3667 ) ) ;
#2011 = DIRECTION ( 'NONE',  ( 0.000000000000000000, 0.000000000000000000, 1.000000000000000000 ) ) ;
#2012 = DIRECTION ( 'NONE',  ( 0.000000000000000000, 0.000000000000000000, -1.000000000000000000 ) ) ;
#2013 = ORIENTED_EDGE ( 'NONE', *, *, #1253, .F. ) ;
#2014 = ORIENTED_EDGE ( 'NONE', *, *, #4413, .T. ) ;
#2015 = EDGE_CURVE ( 'NONE', #5420, #1824, #4609, .T. ) ;
#2016 = ORIENTED_EDGE ( 'NONE', *, *, #4702, .F. ) ;
#2017 = ORIENTED_EDGE ( 'NONE', *, *, #1641, .T. ) ;
#2018 = CARTESIAN_POINT ( 'NONE',  ( 13.07454157342927559, 50.35581459116244929, 60.19299470248093087 ) ) ;
#2019 = CARTESIAN_POINT ( 'NONE',  ( -29.00000000000000355, 52.50000000000000000, 21.49999999999999645 ) ) ;
#2020 = ORIENTED_EDGE ( 'NONE', *, *, #1381, .T. ) ;
#2021 = CARTESIAN_POINT ( 'NONE',  ( -12.65914117773433567, 54.68952904833600570, 56.08546251747346645 ) ) ;
#2022 = DIRECTION ( 'NONE',  ( -4.956352788505169184E-16, 0.000000000000000000, -1.000000000000000000 ) ) ;
#2023 = EDGE_LOOP ( 'NONE', ( #2066, #5620, #4597, #4268 ) ) ;
#2024 = DIRECTION ( 'NONE',  ( 0.7071067811865474617, -0.000000000000000000, -0.7071067811865474617 ) ) ;
#2025 = ORIENTED_EDGE ( 'NONE', *, *, #5263, .T. ) ;
#2026 = CARTESIAN_POINT ( 'NONE',  ( 2.416221984396263432E-16, 52.50000000000000000, -1.950000000000004174 ) ) ;
#2027 = CARTESIAN_POINT ( 'NONE',  ( 0.000000000000000000, 54.50000000000001421, -30.00000000000004263 ) ) ;
#2028 = PLANE ( 'NONE',  #1338 ) ;
#2029 = ORIENTED_EDGE ( 'NONE', *, *, #5069, .F. ) ;
#2030 = ORIENTED_EDGE ( 'NONE', *, *, #6046, .F. ) ;
#2031 = EDGE_CURVE ( 'NONE', #155, #1824, #6222, .T. ) ;
#2032 = CARTESIAN_POINT ( 'NONE',  ( 32.00000000000002842, 55.00000000000000000, 23.20000000000000284 ) ) ;
#2033 = FACE_OUTER_BOUND ( 'NONE', #3276, .T. ) ;
#2034 = CARTESIAN_POINT ( 'NONE',  ( 13.11365057943552870, 54.02293693386435791, 56.27795869325887423 ) ) ;
#2035 = CARTESIAN_POINT ( 'NONE',  ( -12.43049411597433718, 52.19476921228272204, 58.28742147296971865 ) ) ;
#2036 = ORIENTED_EDGE ( 'NONE', *, *, #3024, .F. ) ;
#2037 = DIRECTION ( 'NONE',  ( 0.000000000000000000, 0.000000000000000000, -1.000000000000000000 ) ) ;
#2038 = CARTESIAN_POINT ( 'NONE',  ( -27.83000000000001251, 54.00000000000000000, -12.69000000000003325 ) ) ;
#2039 = CARTESIAN_POINT ( 'NONE',  ( 2.003728368091744816, 55.00000000000000000, 12.49999999999999822 ) ) ;
#2040 = ORIENTED_EDGE ( 'NONE', *, *, #4290, .F. ) ;
#2041 = CARTESIAN_POINT ( 'NONE',  ( -12.47111255982455091, 49.72234410057870235, 61.52667188457348146 ) ) ;
#2042 = LINE ( 'NONE', #4441, #456 ) ;
#2043 = ORIENTED_EDGE ( 'NONE', *, *, #5734, .F. ) ;
#2044 = FACE_OUTER_BOUND ( 'NONE', #638, .T. ) ;
#2045 = DIRECTION ( 'NONE',  ( -1.000000000000000000, 0.000000000000000000, 2.973811673103095002E-15 ) ) ;
#2046 = VERTEX_POINT ( 'NONE', #4580 ) ;
#2047 = CARTESIAN_POINT ( 'NONE',  ( 24.39999999999999503, 53.00000000000001421, -24.00000000000004974 ) ) ;
#2048 = ORIENTED_EDGE ( 'NONE', *, *, #4156, .F. ) ;
#2049 = ADVANCED_FACE ( 'NONE', ( #3707 ), #604, .T. ) ;
#2050 = FACE_OUTER_BOUND ( 'NONE', #391, .T. ) ;
#2051 = ORIENTED_EDGE ( 'NONE', *, *, #4402, .F. ) ;
#2052 = ADVANCED_FACE ( 'NONE', ( #6630 ), #2144, .T. ) ;
#2053 = CARTESIAN_POINT ( 'NONE',  ( 0.000000000000000000, 55.00000000000000000, 0.000000000000000000 ) ) ;
#2054 = ORIENTED_EDGE ( 'NONE', *, *, #2235, .T. ) ;
#2055 = CARTESIAN_POINT ( 'NONE',  ( -28.50000000000000000, 41.89878066911801824, 26.00000000000000000 ) ) ;
#2056 = CARTESIAN_POINT ( 'NONE',  ( -28.50000000000000000, 52.50000000000000000, -1.950000000000001288 ) ) ;
#2057 = CIRCLE ( 'NONE', #4501, 1.500000000000001332 ) ;
#2058 = DIRECTION ( 'NONE',  ( -0.000000000000000000, -1.000000000000000000, 0.000000000000000000 ) ) ;
#2059 = ORIENTED_EDGE ( 'NONE', *, *, #4521, .T. ) ;
#2060 = ORIENTED_EDGE ( 'NONE', *, *, #6401, .F. ) ;
#2061 = AXIS2_PLACEMENT_3D ( 'NONE', #2079, #99, #3576 ) ;
#2062 = CARTESIAN_POINT ( 'NONE',  ( 2.003728368091744816, 55.00000000000000000, 31.50000000000000000 ) ) ;
#2063 = DIRECTION ( 'NONE',  ( -0.7071067811865489050, 0.000000000000000000, -0.7071067811865462405 ) ) ;
#2064 = CARTESIAN_POINT ( 'NONE',  ( 28.00000000000002487, 52.50000000000000000, 29.05025253169417354 ) ) ;
#2065 = FACE_OUTER_BOUND ( 'NONE', #1020, .T. ) ;
#2066 = ORIENTED_EDGE ( 'NONE', *, *, #4536, .T. ) ;
#2067 = VECTOR ( 'NONE', #4199, 1000.000000000000114 ) ;
#2068 = DIRECTION ( 'NONE',  ( 0.000000000000000000, 0.000000000000000000, 1.000000000000000000 ) ) ;
#2069 = EDGE_CURVE ( 'NONE', #3586, #4318, #2078, .T. ) ;
#2070 = DIRECTION ( 'NONE',  ( 4.956352788505169184E-16, 0.000000000000000000, 1.000000000000000000 ) ) ;
#2071 = VECTOR ( 'NONE', #6502, 1000.000000000000000 ) ;
#2072 = ORIENTED_EDGE ( 'NONE', *, *, #1767, .F. ) ;
#2073 = DIRECTION ( 'NONE',  ( -1.000000000000000000, 0.000000000000000000, 0.000000000000000000 ) ) ;
#2074 = LINE ( 'NONE', #6158, #3558 ) ;
#2075 = ADVANCED_FACE ( 'NONE', ( #5110 ), #2671, .F. ) ;
#2076 = ORIENTED_EDGE ( 'NONE', *, *, #4316, .F. ) ;
#2077 = AXIS2_PLACEMENT_3D ( 'NONE', #1799, #1277, #4830 ) ;
#2078 = CIRCLE ( 'NONE', #3993, 1.500000000000001332 ) ;
#2079 = CARTESIAN_POINT ( 'NONE',  ( -27.83000000000001251, 55.00000000000000000, -21.54000000000004178 ) ) ;
#2080 = EDGE_LOOP ( 'NONE', ( #4300, #3567, #4894, #2395 ) ) ;
#2081 = EDGE_CURVE ( 'NONE', #5124, #1992, #418, .T. ) ;
#2082 = CYLINDRICAL_SURFACE ( 'NONE', #1439, 1.399999999999998579 ) ;
#2083 = AXIS2_PLACEMENT_3D ( 'NONE', #5327, #746, #2780 ) ;
#2084 = CARTESIAN_POINT ( 'NONE',  ( 28.50000000000000000, 46.00000000000000000, 24.80000000000000071 ) ) ;
#2085 = CYLINDRICAL_SURFACE ( 'NONE', #5900, 0.5000000000000038858 ) ;
#2086 = FACE_OUTER_BOUND ( 'NONE', #4512, .T. ) ;
#2087 = CARTESIAN_POINT ( 'NONE',  ( 12.07999999999999652, 54.80000000000000426, 12.50000000000000355 ) ) ;
#2088 = EDGE_CURVE ( 'NONE', #5350, #3037, #4108, .T. ) ;
#2089 = VECTOR ( 'NONE', #3583, 1000.000000000000000 ) ;
#2090 = EDGE_CURVE ( 'NONE', #5196, #5662, #498, .T. ) ;
#2091 = EDGE_LOOP ( 'NONE', ( #257, #4715, #4632, #4459 ) ) ;
#2092 = PLANE ( 'NONE',  #6121 ) ;
#2093 = ORIENTED_EDGE ( 'NONE', *, *, #6080, .F. ) ;
#2094 = DIRECTION ( 'NONE',  ( 4.073509918792334433E-16, -0.000000000000000000, -1.000000000000000000 ) ) ;
#2095 = AXIS2_PLACEMENT_3D ( 'NONE', #3206, #207, #1273 ) ;
#2096 = CARTESIAN_POINT ( 'NONE',  ( 29.00000000000002487, 55.00000000000000000, 30.55025253169417354 ) ) ;
#2097 = CARTESIAN_POINT ( 'NONE',  ( 6.423145750507671004, 54.80000000000000426, 31.50000000000000000 ) ) ;
#2098 = ORIENTED_EDGE ( 'NONE', *, *, #802, .F. ) ;
#2099 = EDGE_CURVE ( 'NONE', #1251, #6155, #4067, .T. ) ;
#2100 = ORIENTED_EDGE ( 'NONE', *, *, #3467, .T. ) ;
#2101 = VECTOR ( 'NONE', #2194, 1000.000000000000000 ) ;
#2102 = CARTESIAN_POINT ( 'NONE',  ( 25.00000000000002132, 52.50000000000000000, -23.00000000000004263 ) ) ;
#2103 = CARTESIAN_POINT ( 'NONE',  ( 10.00000000000037836, 62.50000000000011369, -13.50000000000003908 ) ) ;
#2104 = DIRECTION ( 'NONE',  ( 0.000000000000000000, 0.000000000000000000, 1.000000000000000000 ) ) ;
#2105 = DIRECTION ( 'NONE',  ( 1.005636797667714286E-15, 0.000000000000000000, 1.000000000000000000 ) ) ;
#2106 = ORIENTED_EDGE ( 'NONE', *, *, #1915, .T. ) ;
#2107 = VECTOR ( 'NONE', #1332, 1000.000000000000000 ) ;
#2108 = DIRECTION ( 'NONE',  ( 1.000000000000000000, -0.000000000000000000, -1.226634733346710946E-15 ) ) ;
#2109 = AXIS2_PLACEMENT_3D ( 'NONE', #882, #6546, #2916 ) ;
#2110 = CARTESIAN_POINT ( 'NONE',  ( 32.00000000000001421, 52.50000000000000000, 13.70000000000002061 ) ) ;
#2111 = VERTEX_POINT ( 'NONE', #6414 ) ;
#2112 = CARTESIAN_POINT ( 'NONE',  ( -11.39546493521924830, 49.10082947338426607, 62.36674283538385311 ) ) ;
#2113 = DIRECTION ( 'NONE',  ( -0.7071067811865461294, 0.000000000000000000, 0.7071067811865489050 ) ) ;
#2114 = ORIENTED_EDGE ( 'NONE', *, *, #2859, .T. ) ;
#2115 = CARTESIAN_POINT ( 'NONE',  ( -7.329999999999992077, 54.80000000000000426, 26.75000000000000000 ) ) ;
#2116 = VERTEX_POINT ( 'NONE', #6384 ) ;
#2117 = DIRECTION ( 'NONE',  ( 0.000000000000000000, 0.000000000000000000, -1.000000000000000000 ) ) ;
#2118 = CARTESIAN_POINT ( 'NONE',  ( -28.53000000000001890, 55.00000000000000000, -15.34000000000003183 ) ) ;
#2119 = CARTESIAN_POINT ( 'NONE',  ( -29.93000000000001393, 52.50000000000000000, -15.34000000000003183 ) ) ;
#2120 = CARTESIAN_POINT ( 'NONE',  ( 32.00000000000002842, 55.00000000000000000, 14.19999999999999751 ) ) ;
#2121 = EDGE_CURVE ( 'NONE', #5682, #5075, #1215, .T. ) ;
#2122 = ORIENTED_EDGE ( 'NONE', *, *, #1918, .F. ) ;
#2123 = EDGE_CURVE ( 'NONE', #2493, #1396, #6246, .T. ) ;
#2124 = LINE ( 'NONE', #4257, #2599 ) ;
#2125 = VERTEX_POINT ( 'NONE', #213 ) ;
#2126 = CARTESIAN_POINT ( 'NONE',  ( 13.11365057943553047, 54.50000000000001421, 54.61251347380554222 ) ) ;
#2127 = ORIENTED_EDGE ( 'NONE', *, *, #261, .F. ) ;
#2128 = DIRECTION ( 'NONE',  ( 0.7071067811865489050, 0.000000000000000000, 0.7071067811865461294 ) ) ;
#2129 = CARTESIAN_POINT ( 'NONE',  ( 24.00000000000000711, 0.000000000000000000, 14.69999999999999751 ) ) ;
#2130 = ORIENTED_EDGE ( 'NONE', *, *, #1704, .T. ) ;
#2131 = ORIENTED_EDGE ( 'NONE', *, *, #194, .F. ) ;
#2132 = CARTESIAN_POINT ( 'NONE',  ( 22.50000000000047962, 52.50000000000000000, -22.49999999999985789 ) ) ;
#2133 = EDGE_CURVE ( 'NONE', #6604, #5131, #5173, .T. ) ;
#2134 = DIRECTION ( 'NONE',  ( -0.000000000000000000, -1.000000000000000000, -0.000000000000000000 ) ) ;
#2135 = CARTESIAN_POINT ( 'NONE',  ( 0.000000000000000000, 52.50000000000000000, -1.950000000000001288 ) ) ;
#2136 = LINE ( 'NONE', #4172, #248 ) ;
#2137 = EDGE_CURVE ( 'NONE', #3621, #212, #6024, .T. ) ;
#2138 = ORIENTED_EDGE ( 'NONE', *, *, #5498, .F. ) ;
#2139 = DIRECTION ( 'NONE',  ( -2.505015849785999180E-16, 0.000000000000000000, -1.000000000000000000 ) ) ;
#2140 = FACE_OUTER_BOUND ( 'NONE', #919, .T. ) ;
#2141 = DIRECTION ( 'NONE',  ( 0.000000000000000000, 0.000000000000000000, 1.000000000000000000 ) ) ;
#2142 = EDGE_CURVE ( 'NONE', #5784, #6465, #701, .T. ) ;
#2143 = ORIENTED_EDGE ( 'NONE', *, *, #1276, .T. ) ;
#2144 = PLANE ( 'NONE',  #1664 ) ;
#2145 = CARTESIAN_POINT ( 'NONE',  ( -12.61365057943553047, 51.66921973996682027, 58.52025611716180720 ) ) ;
#2146 = ORIENTED_EDGE ( 'NONE', *, *, #4308, .F. ) ;
#2147 = EDGE_LOOP ( 'NONE', ( #1081, #2714, #5142, #2138 ) ) ;
#2148 = FACE_OUTER_BOUND ( 'NONE', #6626, .T. ) ;
#2149 = ORIENTED_EDGE ( 'NONE', *, *, #6132, .T. ) ;
#2150 = PLANE ( 'NONE',  #3146 ) ;
#2151 = CARTESIAN_POINT ( 'NONE',  ( 28.50000000000000000, 36.62916759300433256, 1.299999999999999156 ) ) ;
#2152 = DIRECTION ( 'NONE',  ( -0.000000000000000000, 1.000000000000000000, -0.000000000000000000 ) ) ;
#2153 = APPLICATION_PROTOCOL_DEFINITION ( 'draft international standard', 'automotive_design', 1998, #5053 ) ;
#2154 = ADVANCED_FACE ( 'NONE', ( #2239 ), #5871, .F. ) ;
#2155 = ORIENTED_EDGE ( 'NONE', *, *, #6276, .T. ) ;
#2156 = CARTESIAN_POINT ( 'NONE',  ( 25.50000000000002487, 47.00000000000000000, -22.50000000000003908 ) ) ;
#2157 = ORIENTED_EDGE ( 'NONE', *, *, #2818, .T. ) ;
#2158 = DIRECTION ( 'NONE',  ( -1.000000000000000000, 0.000000000000000000, -1.239088197126286133E-16 ) ) ;
#2159 = LINE ( 'NONE', #3202, #1265 ) ;
#2160 = CARTESIAN_POINT ( 'NONE',  ( -28.50000000000000000, 46.00000000000000000, 2.499999999999999556 ) ) ;
#2161 = VECTOR ( 'NONE', #711, 1000.000000000000000 ) ;
#2162 = EDGE_CURVE ( 'NONE', #5430, #3041, #798, .T. ) ;
#2163 = ORIENTED_EDGE ( 'NONE', *, *, #577, .F. ) ;
#2164 = CARTESIAN_POINT ( 'NONE',  ( -12.62826988067859268, 54.97039138618659848, 55.07899152272060661 ) ) ;
#2165 = CARTESIAN_POINT ( 'NONE',  ( -10.54302177088195158, 55.00000000000000000, 62.11155039071805106 ) ) ;
#2166 = CARTESIAN_POINT ( 'NONE',  ( 12.61365057943553225, 50.33747290205582203, 59.88104043566607260 ) ) ;
#2167 = DIRECTION ( 'NONE',  ( -0.7071067811865486830, 0.000000000000000000, -0.7071067811865464625 ) ) ;
#2168 = ORIENTED_EDGE ( 'NONE', *, *, #4363, .F. ) ;
#2169 = VECTOR ( 'NONE', #5457, 1000.000000000000000 ) ;
#2170 = EDGE_CURVE ( 'NONE', #929, #664, #3301, .T. ) ;
#2171 = DIRECTION ( 'NONE',  ( -0.5773502691896257311, -0.5773502691896257311, -0.5773502691896257311 ) ) ;
#2172 = DIRECTION ( 'NONE',  ( 0.000000000000000000, 0.000000000000000000, 1.000000000000000000 ) ) ;
#2173 = VERTEX_POINT ( 'NONE', #3733 ) ;
#2174 = CARTESIAN_POINT ( 'NONE',  ( -27.83000000000001961, 55.00000000000000000, -24.19000000000004036 ) ) ;
#2175 = AXIS2_PLACEMENT_3D ( 'NONE', #576, #6303, #2651 ) ;
#2176 = AXIS2_PLACEMENT_3D ( 'NONE', #3911, #5960, #2172 ) ;
#2177 = DIRECTION ( 'NONE',  ( -0.000000000000000000, 1.000000000000000000, -0.000000000000000000 ) ) ;
#2178 = ORIENTED_EDGE ( 'NONE', *, *, #2333, .F. ) ;
#2179 = ORIENTED_EDGE ( 'NONE', *, *, #3618, .F. ) ;
#2180 = EDGE_CURVE ( 'NONE', #2046, #269, #3215, .T. ) ;
#2181 = VECTOR ( 'NONE', #221, 1000.000000000000000 ) ;
#2182 = AXIS2_PLACEMENT_3D ( 'NONE', #3287, #1318, #2281 ) ;
#2183 = DIRECTION ( 'NONE',  ( 0.000000000000000000, 0.000000000000000000, 1.000000000000000000 ) ) ;
#2184 = CARTESIAN_POINT ( 'NONE',  ( 12.75184589884603348, 49.98889290615264969, 61.10080065343855438 ) ) ;
#2185 = CARTESIAN_POINT ( 'NONE',  ( 13.11365057943552870, 54.25432421494917179, 55.83316986312857466 ) ) ;
#2186 = CARTESIAN_POINT ( 'NONE',  ( -23.60000000000000142, 54.50000000000000711, -29.50000000000004263 ) ) ;
#2187 = AXIS2_PLACEMENT_3D ( 'NONE', #1875, #6600, #4037 ) ;
#2188 = ORIENTED_EDGE ( 'NONE', *, *, #810, .F. ) ;
#2189 = ORIENTED_EDGE ( 'NONE', *, *, #2556, .F. ) ;
#2190 = VECTOR ( 'NONE', #4730, 1000.000000000000000 ) ;
#2191 = AXIS2_PLACEMENT_3D ( 'NONE', #2881, #5963, #922 ) ;
#2192 = FACE_OUTER_BOUND ( 'NONE', #3578, .T. ) ;
#2193 = ORIENTED_EDGE ( 'NONE', *, *, #6489, .F. ) ;
#2194 = DIRECTION ( 'NONE',  ( -1.000000000000000000, 0.000000000000000000, 0.000000000000000000 ) ) ;
#2195 = CARTESIAN_POINT ( 'NONE',  ( 12.42830466282214097, 49.90122945058090664, 60.63277499835366058 ) ) ;
#2196 = DIRECTION ( 'NONE',  ( 1.005636797667714286E-15, 0.000000000000000000, 1.000000000000000000 ) ) ;
#2197 = VECTOR ( 'NONE', #508, 1000.000000000000000 ) ;
#2198 = ORIENTED_EDGE ( 'NONE', *, *, #5826, .F. ) ;
#2199 = VECTOR ( 'NONE', #279, 1000.000000000000000 ) ;
#2200 = EDGE_CURVE ( 'NONE', #6020, #4899, #4746, .T. ) ;
#2201 = DIRECTION ( 'NONE',  ( 5.782411586589355667E-16, 0.000000000000000000, -1.000000000000000000 ) ) ;
#2202 = DIRECTION ( 'NONE',  ( 0.000000000000000000, -1.000000000000000000, 0.000000000000000000 ) ) ;
#2203 = LINE ( 'NONE', #4237, #710 ) ;
#2204 = DIRECTION ( 'NONE',  ( 0.7071067811865474617, -0.000000000000000000, -0.7071067811865474617 ) ) ;
#2205 = ORIENTED_EDGE ( 'NONE', *, *, #2659, .T. ) ;
#2206 = DIRECTION ( 'NONE',  ( -0.000000000000000000, 1.000000000000000000, -0.000000000000000000 ) ) ;
#2207 = FACE_OUTER_BOUND ( 'NONE', #5325, .T. ) ;
#2208 = VERTEX_POINT ( 'NONE', #160 ) ;
#2209 = CARTESIAN_POINT ( 'NONE',  ( 28.50000000000000000, 54.50000000000000000, -26.00000000000000000 ) ) ;
#2210 = EDGE_CURVE ( 'NONE', #2519, #6081, #4802, .T. ) ;
#2211 = VECTOR ( 'NONE', #632, 1000.000000000000000 ) ;
#2212 = CARTESIAN_POINT ( 'NONE',  ( -12.69031343570181214, 53.97487373415290790, 57.13270822687288586 ) ) ;
#2213 = ORIENTED_EDGE ( 'NONE', *, *, #5688, .T. ) ;
#2214 = EDGE_CURVE ( 'NONE', #5997, #6174, #2792, .T. ) ;
#2215 = VECTOR ( 'NONE', #1202, 1000.000000000000000 ) ;
#2216 = ORIENTED_EDGE ( 'NONE', *, *, #5344, .F. ) ;
#2217 = DIRECTION ( 'NONE',  ( 0.000000000000000000, 0.000000000000000000, -1.000000000000000000 ) ) ;
#2218 = CARTESIAN_POINT ( 'NONE',  ( 13.11365057943552870, 54.45186430914345976, 55.16399545243955771 ) ) ;
#2219 = DIRECTION ( 'NONE',  ( 0.000000000000000000, 0.000000000000000000, 1.000000000000000000 ) ) ;
#2220 = EDGE_CURVE ( 'NONE', #2922, #3058, #6320, .T. ) ;
#2221 = VERTEX_POINT ( 'NONE', #2304 ) ;
#2222 = CARTESIAN_POINT ( 'NONE',  ( 13.11365057943553225, 46.00000000000000000, 52.83609688887024447 ) ) ;
#2223 = EDGE_LOOP ( 'NONE', ( #2386, #3131 ) ) ;
#2224 = LINE ( 'NONE', #4319, #2101 ) ;
#2225 = EDGE_LOOP ( 'NONE', ( #2294, #3976, #4178, #2307, #2040, #6084, #6504 ) ) ;
#2226 = CARTESIAN_POINT ( 'NONE',  ( 31.89644660940666654, 46.00000000000000000, 31.89644660940681931 ) ) ;
#2227 = CARTESIAN_POINT ( 'NONE',  ( 32.50000000000002132, 54.50000000000001421, 30.55025253169416999 ) ) ;
#2228 = VERTEX_POINT ( 'NONE', #1773 ) ;
#2229 = B_SPLINE_SURFACE_WITH_KNOTS ( 'NONE', 3, 3, ( 
 ( #3261, #4287, #745, #1790 ),
 ( #3935, #5448, #4019, #1358 ),
 ( #5018, #842, #2413, #4911 ),
 ( #1849, #3380, #300, #872 ) ),
 .UNSPECIFIED., .F., .F., .F.,
 ( 4, 4 ),
 ( 4, 4 ),
 ( 0.2822319624271002469, 0.7182581937788102833 ),
 ( 0.001391819770584418626, 0.005350286231993662232 ),
 .UNSPECIFIED. ) ;
#2230 = CARTESIAN_POINT ( 'NONE',  ( 2.580000000000002736, 54.80000000000000426, 22.00000000000000000 ) ) ;
#2231 = CARTESIAN_POINT ( 'NONE',  ( 0.000000000000000000, 49.00000000000000000, 0.000000000000000000 ) ) ;
#2232 = DIRECTION ( 'NONE',  ( 0.000000000000000000, -1.000000000000000000, 0.000000000000000000 ) ) ;
#2233 = CARTESIAN_POINT ( 'NONE',  ( -31.99999999999995737, 55.00000000000000000, -26.50000000000004263 ) ) ;
#2234 = EDGE_LOOP ( 'NONE', ( #482, #177, #4885, #3709 ) ) ;
#2235 = EDGE_CURVE ( 'NONE', #3081, #5444, #3565, .T. ) ;
#2236 = EDGE_CURVE ( 'NONE', #1662, #598, #2332, .T. ) ;
#2237 = CARTESIAN_POINT ( 'NONE',  ( -4.946388689857542431, 52.50000000000000000, 39.04751465573255587 ) ) ;
#2238 = EDGE_LOOP ( 'NONE', ( #6023, #539, #4831, #3924, #567 ) ) ;
#2239 = FACE_OUTER_BOUND ( 'NONE', #988, .T. ) ;
#2240 = LINE ( 'NONE', #1254, #2608 ) ;
#2241 = ORIENTED_EDGE ( 'NONE', *, *, #2170, .T. ) ;
#2242 = ORIENTED_EDGE ( 'NONE', *, *, #4076, .F. ) ;
#2243 = DIRECTION ( 'NONE',  ( 0.000000000000000000, -0.000000000000000000, 1.000000000000000000 ) ) ;
#2244 = DIRECTION ( 'NONE',  ( 1.000000000000000000, 0.000000000000000000, 0.000000000000000000 ) ) ;
#2245 = CARTESIAN_POINT ( 'NONE',  ( -16.61365057943553225, 55.00000000000000000, 52.83609688887024447 ) ) ;
#2246 = PRODUCT_CONTEXT ( 'NONE', #5053, 'mechanical' ) ;
#2247 = B_SPLINE_CURVE_WITH_KNOTS ( 'NONE', 1,
 ( #3324, #5364 ),
 .UNSPECIFIED., .F., .F.,
 ( 2, 2 ),
 ( 0.000000000000000000, 1.000000000000000000 ),
 .UNSPECIFIED. ) ;
#2248 = ORIENTED_EDGE ( 'NONE', *, *, #5010, .F. ) ;
#2249 = FACE_OUTER_BOUND ( 'NONE', #1734, .T. ) ;
#2250 = EDGE_CURVE ( 'NONE', #5831, #2303, #5816, .T. ) ;
#2251 = ORIENTED_EDGE ( 'NONE', *, *, #856, .F. ) ;
#2252 = FACE_OUTER_BOUND ( 'NONE', #3659, .T. ) ;
#2253 = LINE ( 'NONE', #6309, #5745 ) ;
#2254 = DIRECTION ( 'NONE',  ( 2.036754959396165491E-16, 0.000000000000000000, 1.000000000000000000 ) ) ;
#2255 = EDGE_CURVE ( 'NONE', #1980, #5131, #5311, .T. ) ;
#2256 = DIRECTION ( 'NONE',  ( 1.000000000000000000, 0.000000000000000000, 0.000000000000000000 ) ) ;
#2257 = CARTESIAN_POINT ( 'NONE',  ( -25.18000000000001037, 55.00000000000000000, -21.54000000000004178 ) ) ;
#2258 = CARTESIAN_POINT ( 'NONE',  ( -12.87199319266161091, 52.50000000000000000, 49.09443950209630003 ) ) ;
#2259 = PLANE ( 'NONE',  #5166 ) ;
#2260 = VERTEX_POINT ( 'NONE', #3329 ) ;
#2261 = PLANE ( 'NONE',  #4194 ) ;
#2262 = CIRCLE ( 'NONE', #4719, 1.500000000000001332 ) ;
#2263 = ORIENTED_EDGE ( 'NONE', *, *, #6417, .T. ) ;
#2264 = DIRECTION ( 'NONE',  ( -0.7071067811865487940, 0.000000000000000000, -0.7071067811865463515 ) ) ;
#2265 = CARTESIAN_POINT ( 'NONE',  ( -15.73333333333331474, 46.63333333333330444, -37.86666666666669556 ) ) ;
#2266 = EDGE_CURVE ( 'NONE', #5623, #3004, #2831, .T. ) ;
#2267 = VECTOR ( 'NONE', #2535, 1000.000000000000000 ) ;
#2268 = ORIENTED_EDGE ( 'NONE', *, *, #3856, .F. ) ;
#2269 = ORIENTED_EDGE ( 'NONE', *, *, #4969, .F. ) ;
#2270 = VERTEX_POINT ( 'NONE', #6002 ) ;
#2271 = VECTOR ( 'NONE', #1080, 1000.000000000000114 ) ;
#2272 = CARTESIAN_POINT ( 'NONE',  ( 11.40491348485940648, 48.95246944708383552, 61.79690126994108113 ) ) ;
#2273 = CARTESIAN_POINT ( 'NONE',  ( -10.12464789108507190, 46.00000000000000000, 59.64680632759433365 ) ) ;
#2274 = EDGE_CURVE ( 'NONE', #8, #2543, #5595, .T. ) ;
#2275 = LINE ( 'NONE', #5414, #4302 ) ;
#2276 = AXIS2_PLACEMENT_3D ( 'NONE', #3121, #1591, #2219 ) ;
#2277 = CARTESIAN_POINT ( 'NONE',  ( -13.11365057943553225, 54.50000000000001421, 52.83609688887024447 ) ) ;
#2278 = AXIS2_PLACEMENT_3D ( 'NONE', #1815, #3810, #297 ) ;
#2279 = EDGE_CURVE ( 'NONE', #3682, #6640, #3891, .T. ) ;
#2280 = EDGE_LOOP ( 'NONE', ( #2730, #757, #4794, #2127 ) ) ;
#2281 = DIRECTION ( 'NONE',  ( 0.000000000000000000, 0.000000000000000000, 1.000000000000000000 ) ) ;
#2282 = EDGE_LOOP ( 'NONE', ( #1650, #5925, #3155, #6059 ) ) ;
#2283 = CIRCLE ( 'NONE', #4311, 58.52512626584707078 ) ;
#2284 = VECTOR ( 'NONE', #5008, 1000.000000000000000 ) ;
#2285 = LINE ( 'NONE', #3315, #165 ) ;
#2286 = EDGE_CURVE ( 'NONE', #2433, #1942, #4009, .T. ) ;
#2287 = CARTESIAN_POINT ( 'NONE',  ( 12.49132348684466898, 52.61832287307097999, 57.75323992732078437 ) ) ;
#2288 = ORIENTED_EDGE ( 'NONE', *, *, #6181, .F. ) ;
#2289 = DIRECTION ( 'NONE',  ( 1.226634733346711143E-15, 0.000000000000000000, 1.000000000000000000 ) ) ;
#2290 = EDGE_CURVE ( 'NONE', #6145, #1819, #1405, .T. ) ;
#2291 = VECTOR ( 'NONE', #781, 1000.000000000000000 ) ;
#2292 = VECTOR ( 'NONE', #3852, 1000.000000000000000 ) ;
#2293 = DIRECTION ( 'NONE',  ( -0.7071067811865451302, 0.000000000000000000, 0.7071067811865500152 ) ) ;
#2294 = ORIENTED_EDGE ( 'NONE', *, *, #1698, .T. ) ;
#2295 = CARTESIAN_POINT ( 'NONE',  ( 24.39999999999999858, 54.50000000000000000, -29.50000000000006040 ) ) ;
#2296 = CARTESIAN_POINT ( 'NONE',  ( -8.079999999999996518, 54.80000000000000426, 26.75000000000000000 ) ) ;
#2297 = AXIS2_PLACEMENT_3D ( 'NONE', #1023, #6093, #5661 ) ;
#2298 = CARTESIAN_POINT ( 'NONE',  ( -19.69555545249694006, 46.00000000000000000, 30.66230892377213735 ) ) ;
#2299 = LINE ( 'NONE', #4330, #3034 ) ;
#2300 = EDGE_CURVE ( 'NONE', #6283, #5406, #892, .T. ) ;
#2301 = ORIENTED_EDGE ( 'NONE', *, *, #200, .T. ) ;
#2302 = VECTOR ( 'NONE', #5006, 1000.000000000000000 ) ;
#2303 = VERTEX_POINT ( 'NONE', #3998 ) ;
#2304 = CARTESIAN_POINT ( 'NONE',  ( 10.54302177088197290, 46.00000000000000000, 62.11155039071805106 ) ) ;
#2305 = CARTESIAN_POINT ( 'NONE',  ( -12.68539812007590939, 49.98965181381829836, 61.20967492882839167 ) ) ;
#2306 = VECTOR ( 'NONE', #2487, 1000.000000000000000 ) ;
#2307 = ORIENTED_EDGE ( 'NONE', *, *, #1884, .T. ) ;
#2308 = LINE ( 'NONE', #1836, #3982 ) ;
#2309 = DIRECTION ( 'NONE',  ( 0.000000000000000000, 0.000000000000000000, -1.000000000000000000 ) ) ;
#2310 = DIRECTION ( 'NONE',  ( -1.000000000000000000, -0.000000000000000000, -3.066586833366751727E-16 ) ) ;
#2311 = DIRECTION ( 'NONE',  ( -2.036754959396165491E-16, 0.000000000000000000, -1.000000000000000000 ) ) ;
#2312 = ORIENTED_EDGE ( 'NONE', *, *, #2659, .F. ) ;
#2313 = ORIENTED_EDGE ( 'NONE', *, *, #4569, .T. ) ;
#2314 = CARTESIAN_POINT ( 'NONE',  ( -31.18000000000001748, 54.00000000000000000, -21.54000000000004178 ) ) ;
#2315 = VERTEX_POINT ( 'NONE', #1478 ) ;
#2316 = AXIS2_PLACEMENT_3D ( 'NONE', #1236, #3838, #5326 ) ;
#2317 = DIRECTION ( 'NONE',  ( 1.000000000000000000, -0.000000000000000000, 0.000000000000000000 ) ) ;
#2318 = VERTEX_POINT ( 'NONE', #2393 ) ;
#2319 = CARTESIAN_POINT ( 'NONE',  ( 12.61474727596882950, 52.51549085339832601, 57.65289305321167745 ) ) ;
#2320 = EDGE_CURVE ( 'NONE', #3280, #2773, #4312, .T. ) ;
#2321 = CARTESIAN_POINT ( 'NONE',  ( 32.00000000000001421, 52.50000000000000000, -13.00000000000004974 ) ) ;
#2322 =( GEOMETRIC_REPRESENTATION_CONTEXT ( 3 ) GLOBAL_UNCERTAINTY_ASSIGNED_CONTEXT ( ( #6328 ) ) GLOBAL_UNIT_ASSIGNED_CONTEXT ( ( #1091, #5050, #3090 ) ) REPRESENTATION_CONTEXT ( 'NONE', 'WORKASPACE' ) );
#2323 = ADVANCED_FACE ( 'NONE', ( #3462 ), #5970, .T. ) ;
#2324 = CARTESIAN_POINT ( 'NONE',  ( -28.53000000000001890, 54.00000000000000000, -12.69000000000003325 ) ) ;
#2325 = ORIENTED_EDGE ( 'NONE', *, *, #2031, .T. ) ;
#2326 = DIRECTION ( 'NONE',  ( -1.005636797667714286E-15, 0.000000000000000000, -1.000000000000000000 ) ) ;
#2327 = CARTESIAN_POINT ( 'NONE',  ( 12.64268348261473029, 54.87867906155724285, 55.54503598914588736 ) ) ;
#2328 = LINE ( 'NONE', #2258, #1261 ) ;
#2329 = CARTESIAN_POINT ( 'NONE',  ( 12.07999999999999652, 54.80000000000000426, 12.50000000000000355 ) ) ;
#2330 = ORIENTED_EDGE ( 'NONE', *, *, #2738, .F. ) ;
#2331 = EDGE_CURVE ( 'NONE', #1433, #3414, #855, .T. ) ;
#2332 = LINE ( 'NONE', #4776, #2921 ) ;
#2333 = EDGE_CURVE ( 'NONE', #469, #5479, #1240, .T. ) ;
#2334 = DIRECTION ( 'NONE',  ( -1.000000000000000000, 0.000000000000000000, 0.000000000000000000 ) ) ;
#2335 = ORIENTED_EDGE ( 'NONE', *, *, #4450, .F. ) ;
#2336 = ADVANCED_FACE ( 'NONE', ( #384 ), #1437, .F. ) ;
#2337 = ORIENTED_EDGE ( 'NONE', *, *, #2031, .F. ) ;
#2338 = FACE_OUTER_BOUND ( 'NONE', #137, .T. ) ;
#2339 = CARTESIAN_POINT ( 'NONE',  ( 12.67717012287603495, 54.34829743791782164, 56.68724853242607509 ) ) ;
#2340 = LINE ( 'NONE', #3902, #1325 ) ;
#2341 = FACE_OUTER_BOUND ( 'NONE', #1053, .T. ) ;
#2342 = ORIENTED_EDGE ( 'NONE', *, *, #1651, .F. ) ;
#2343 = DIRECTION ( 'NONE',  ( 0.000000000000000000, 0.000000000000000000, 1.000000000000000000 ) ) ;
#2344 = DIRECTION ( 'NONE',  ( -2.036754959396165491E-16, 0.000000000000000000, -1.000000000000000000 ) ) ;
#2345 = ORIENTED_EDGE ( 'NONE', *, *, #2560, .F. ) ;
#2346 = DIRECTION ( 'NONE',  ( 0.000000000000000000, 1.000000000000000000, -0.000000000000000000 ) ) ;
#2347 = VERTEX_POINT ( 'NONE', #2888 ) ;
#2348 = FACE_OUTER_BOUND ( 'NONE', #3750, .T. ) ;
#2349 = EDGE_CURVE ( 'NONE', #4055, #3621, #4469, .T. ) ;
#2350 = ADVANCED_FACE ( 'NONE', ( #6555 ), #930, .T. ) ;
#2351 = CARTESIAN_POINT ( 'NONE',  ( -3.885728518077717464, 52.50000000000000000, 40.10817482751237151 ) ) ;
#2352 = ORIENTED_EDGE ( 'NONE', *, *, #4854, .F. ) ;
#2353 = CYLINDRICAL_SURFACE ( 'NONE', #2933, 3.249999999999999556 ) ;
#2354 = CARTESIAN_POINT ( 'NONE',  ( 12.62559864790691755, 54.97999330551131436, 54.99331273009600096 ) ) ;
#2355 = CARTESIAN_POINT ( 'NONE',  ( 32.50000000000002132, 54.50000000000001421, 30.55025253169416999 ) ) ;
#2356 = EDGE_CURVE ( 'NONE', #5013, #6519, #5434, .T. ) ;
#2357 = LINE ( 'NONE', #4920, #1971 ) ;
#2358 = ORIENTED_EDGE ( 'NONE', *, *, #3054, .T. ) ;
#2359 = CARTESIAN_POINT ( 'NONE',  ( -4.917023725698074443, 46.00000000000000000, 36.95555927633239435 ) ) ;
#2360 = CARTESIAN_POINT ( 'NONE',  ( -12.67284571647246061, 54.44342642284178879, 56.54206314798054223 ) ) ;
#2361 = DIRECTION ( 'NONE',  ( 2.505015849785999180E-16, 0.000000000000000000, 1.000000000000000000 ) ) ;
#2362 = DIRECTION ( 'NONE',  ( 0.7071067811865451302, -0.7071067811865500152, 0.000000000000000000 ) ) ;
#2363 = CARTESIAN_POINT ( 'NONE',  ( -32.49999999999994316, 55.00000000000000000, 30.55025253169425525 ) ) ;
#2364 = ORIENTED_EDGE ( 'NONE', *, *, #3104, .F. ) ;
#2365 = EDGE_CURVE ( 'NONE', #186, #6225, #6485, .T. ) ;
#2366 = LINE ( 'NONE', #5410, #258 ) ;
#2367 = FACE_OUTER_BOUND ( 'NONE', #3392, .T. ) ;
#2368 = AXIS2_PLACEMENT_3D ( 'NONE', #5460, #2858, #3546 ) ;
#2369 = CARTESIAN_POINT ( 'NONE',  ( 12.62100070628172688, 54.99294653099543240, 54.84621705470093644 ) ) ;
#2370 = CARTESIAN_POINT ( 'NONE',  ( 16.61365057943552870, 55.00000000000000000, 52.83609688887024447 ) ) ;
#2371 = ADVANCED_FACE ( 'NONE', ( #2962 ), #421, .F. ) ;
#2372 = ORIENTED_EDGE ( 'NONE', *, *, #3662, .T. ) ;
#2373 = EDGE_LOOP ( 'NONE', ( #3078, #3571, #2834, #4131 ) ) ;
#2374 = VECTOR ( 'NONE', #3116, 1000.000000000000000 ) ;
#2375 = DIRECTION ( 'NONE',  ( 0.000000000000000000, 0.000000000000000000, -1.000000000000000000 ) ) ;
#2376 = DIRECTION ( 'NONE',  ( 0.000000000000000000, 0.000000000000000000, -1.000000000000000000 ) ) ;
#2377 = LINE ( 'NONE', #2906, #4451 ) ;
#2378 = VECTOR ( 'NONE', #2716, 1000.000000000000000 ) ;
#2379 = DIRECTION ( 'NONE',  ( -0.000000000000000000, -1.000000000000000000, 0.000000000000000000 ) ) ;
#2380 = VECTOR ( 'NONE', #3708, 1000.000000000000000 ) ;
#2381 = CARTESIAN_POINT ( 'NONE',  ( -25.18000000000001037, 54.00000000000000000, -15.34000000000003183 ) ) ;
#2382 = PLANE ( 'NONE',  #3786 ) ;
#2383 = CARTESIAN_POINT ( 'NONE',  ( -28.50000000000000000, 36.62916759300433256, 1.299999999999999156 ) ) ;
#2384 = CARTESIAN_POINT ( 'NONE',  ( -8.079999999999996518, 55.00000000000000000, 17.24999999999999289 ) ) ;
#2385 = DIRECTION ( 'NONE',  ( -0.000000000000000000, 1.000000000000000000, -0.000000000000000000 ) ) ;
#2386 = ORIENTED_EDGE ( 'NONE', *, *, #1455, .F. ) ;
#2387 = AXIS2_PLACEMENT_3D ( 'NONE', #6356, #2736, #316 ) ;
#2388 = VECTOR ( 'NONE', #5652, 1000.000000000000000 ) ;
#2389 = B_SPLINE_CURVE_WITH_KNOTS ( 'NONE', 3,
 ( #3187, #1160, #1188, #61, #606, #2570, #5653, #3080, #1649, #5219 ),
 .UNSPECIFIED., .F., .F.,
 ( 4, 2, 2, 2, 4 ),
 ( 0.000000000000000000, 0.2500000000000118794, 0.3750000000000117684, 0.5000000000000116573, 1.000000000000000000 ),
 .UNSPECIFIED. ) ;
#2390 = CYLINDRICAL_SURFACE ( 'NONE', #2368, 1.199999999999999734 ) ;
#2391 = VECTOR ( 'NONE', #3228, 1000.000000000000000 ) ;
#2392 = CARTESIAN_POINT ( 'NONE',  ( -13.11365057943553225, 54.50000000000001421, 54.61251347380554932 ) ) ;
#2393 = CARTESIAN_POINT ( 'NONE',  ( 26.50000000000002487, 52.50000000000000000, 14.19999999999999751 ) ) ;
#2394 = LINE ( 'NONE', #1440, #6352 ) ;
#2395 = ORIENTED_EDGE ( 'NONE', *, *, #2975, .T. ) ;
#2396 = ORIENTED_EDGE ( 'NONE', *, *, #1290, .T. ) ;
#2397 = VECTOR ( 'NONE', #4987, 1000.000000000000000 ) ;
#2398 = ADVANCED_FACE ( 'NONE', ( #1965 ), #1340, .T. ) ;
#2399 = LINE ( 'NONE', #5946, #5496 ) ;
#2400 = DIRECTION ( 'NONE',  ( -0.000000000000000000, -1.000000000000000000, -0.000000000000000000 ) ) ;
#2401 = VECTOR ( 'NONE', #5134, 1000.000000000000000 ) ;
#2402 = CARTESIAN_POINT ( 'NONE',  ( 28.50000000000000000, 52.50000000000000000, 0.09999999999999874267 ) ) ;
#2403 = CARTESIAN_POINT ( 'NONE',  ( 25.50000000000000355, 47.00000000000000000, -14.00000000000004796 ) ) ;
#2404 = EDGE_CURVE ( 'NONE', #4598, #1239, #6076, .T. ) ;
#2405 = EDGE_LOOP ( 'NONE', ( #124, #5066, #3336, #4500 ) ) ;
#2406 = VERTEX_POINT ( 'NONE', #4169 ) ;
#2407 = AXIS2_PLACEMENT_3D ( 'NONE', #1629, #4052, #5561 ) ;
#2408 = ADVANCED_FACE ( 'NONE', ( #6182 ), #5673, .F. ) ;
#2409 = LINE ( 'NONE', #504, #2071 ) ;
#2410 = DIRECTION ( 'NONE',  ( -0.7071067811865492381, 0.000000000000000000, -0.7071067811865457964 ) ) ;
#2411 = VERTEX_POINT ( 'NONE', #631 ) ;
#2412 = VECTOR ( 'NONE', #1042, 1000.000000000000000 ) ;
#2413 = CARTESIAN_POINT ( 'NONE',  ( -12.55281199791556546, 50.72170545630239502, 59.58962167296095913 ) ) ;
#2414 = ORIENTED_EDGE ( 'NONE', *, *, #2290, .F. ) ;
#2415 = FACE_OUTER_BOUND ( 'NONE', #5728, .T. ) ;
#2416 = VECTOR ( 'NONE', #5203, 1000.000000000000000 ) ;
#2417 = CARTESIAN_POINT ( 'NONE',  ( 26.50000000000002487, 52.50000000000000000, 14.69999999999999751 ) ) ;
#2418 = EDGE_LOOP ( 'NONE', ( #5183, #1633, #6095, #4487 ) ) ;
#2419 = DIRECTION ( 'NONE',  ( -0.7071067811865475727, 0.000000000000000000, -0.7071067811865475727 ) ) ;
#2420 = DIRECTION ( 'NONE',  ( 0.000000000000000000, 0.000000000000000000, 1.000000000000000000 ) ) ;
#2421 = DIRECTION ( 'NONE',  ( -3.154042683594202516E-16, 0.000000000000000000, -1.000000000000000000 ) ) ;
#2422 = LINE ( 'NONE', #884, #251 ) ;
#2423 = VERTEX_POINT ( 'NONE', #3101 ) ;
#2424 = CARTESIAN_POINT ( 'NONE',  ( -28.32225818297280284, 52.00000000000000000, 36.17774181702722558 ) ) ;
#2425 = VERTEX_POINT ( 'NONE', #2662 ) ;
#2426 = LINE ( 'NONE', #4467, #5359 ) ;
#2427 = CARTESIAN_POINT ( 'NONE',  ( 0.000000000000000000, 46.00000000000000000, -24.00000000000004263 ) ) ;
#2428 = ORIENTED_EDGE ( 'NONE', *, *, #760, .T. ) ;
#2429 = DIRECTION ( 'NONE',  ( -1.476360405086643077E-16, 0.000000000000000000, 1.000000000000000000 ) ) ;
#2430 = FACE_OUTER_BOUND ( 'NONE', #1547, .T. ) ;
#2431 = EDGE_CURVE ( 'NONE', #975, #212, #1608, .T. ) ;
#2432 = DIRECTION ( 'NONE',  ( 0.000000000000000000, 1.000000000000000000, 0.000000000000000000 ) ) ;
#2433 = VERTEX_POINT ( 'NONE', #2594 ) ;
#2434 = CARTESIAN_POINT ( 'NONE',  ( -12.07999999999999652, 55.00000000000000000, 26.75000000000000000 ) ) ;
#2435 = CARTESIAN_POINT ( 'NONE',  ( 32.00000000000001421, 54.50000000000000000, 22.69999999999999929 ) ) ;
#2436 = EDGE_CURVE ( 'NONE', #3058, #6307, #4058, .T. ) ;
#2437 = ORIENTED_EDGE ( 'NONE', *, *, #4619, .T. ) ;
#2438 = EDGE_LOOP ( 'NONE', ( #5096, #5179, #4041, #4680 ) ) ;
#2439 = VERTEX_POINT ( 'NONE', #998 ) ;
#2440 = ORIENTED_EDGE ( 'NONE', *, *, #3375, .F. ) ;
#2441 = CARTESIAN_POINT ( 'NONE',  ( -7.330000000000000071, 54.80000000000000426, 26.75000000000000000 ) ) ;
#2442 = FACE_OUTER_BOUND ( 'NONE', #5366, .T. ) ;
#2443 = ORIENTED_EDGE ( 'NONE', *, *, #4859, .F. ) ;
#2444 = CARTESIAN_POINT ( 'NONE',  ( 0.000000000000000000, 55.00000000000000000, 0.000000000000000000 ) ) ;
#2445 = CARTESIAN_POINT ( 'NONE',  ( -12.87199319266160025, 52.50000000000000000, 49.09443950209629293 ) ) ;
#2446 = EDGE_CURVE ( 'NONE', #5384, #3394, #3630, .T. ) ;
#2447 = CARTESIAN_POINT ( 'NONE',  ( -28.50000000000000000, 46.00000000000000000, 1.299999999999999156 ) ) ;
#2448 = ORIENTED_EDGE ( 'NONE', *, *, #3781, .F. ) ;
#2449 = CARTESIAN_POINT ( 'NONE',  ( 24.39999999999999503, 54.50000000000000711, -22.50000000000004619 ) ) ;
#2450 = CARTESIAN_POINT ( 'NONE',  ( 23.49999999999991829, 0.000000000000000000, -12.00000000000004263 ) ) ;
#2451 = CARTESIAN_POINT ( 'NONE',  ( 31.89644660940667364, 55.00000000000000000, 31.89644660940683352 ) ) ;
#2452 = CARTESIAN_POINT ( 'NONE',  ( 0.000000000000000000, 54.50000000000001421, -30.00000000000004263 ) ) ;
#2453 = ORIENTED_EDGE ( 'NONE', *, *, #1426, .F. ) ;
#2454 = ADVANCED_FACE ( 'NONE', ( #5135 ), #115, .T. ) ;
#2455 = ORIENTED_EDGE ( 'NONE', *, *, #389, .F. ) ;
#2456 = EDGE_CURVE ( 'NONE', #269, #4979, #6106, .T. ) ;
#2457 = CARTESIAN_POINT ( 'NONE',  ( 0.000000000000000000, 52.50000000000000000, 0.000000000000000000 ) ) ;
#2458 = ORIENTED_EDGE ( 'NONE', *, *, #4234, .F. ) ;
#2459 = CARTESIAN_POINT ( 'NONE',  ( 0.000000000000000000, 54.80000000000000426, 0.000000000000000000 ) ) ;
#2460 = CARTESIAN_POINT ( 'NONE',  ( -17.00854968398805767, 54.19999999999999574, 24.86403331804244843 ) ) ;
#2461 = ORIENTED_EDGE ( 'NONE', *, *, #69, .T. ) ;
#2462 = CARTESIAN_POINT ( 'NONE',  ( 32.49999999999999289, 55.00000000000000000, -3.268319592420070779E-14 ) ) ;
#2463 = EDGE_LOOP ( 'NONE', ( #1409, #2510, #4912, #4442, #6462 ) ) ;
#2464 = CARTESIAN_POINT ( 'NONE',  ( -3.885728518077724569, 52.50000000000000000, 37.98685448395274022 ) ) ;
#2465 = DIRECTION ( 'NONE',  ( 0.000000000000000000, 0.000000000000000000, -1.000000000000000000 ) ) ;
#2466 = ORIENTED_EDGE ( 'NONE', *, *, #4457, .F. ) ;
#2467 = CARTESIAN_POINT ( 'NONE',  ( -12.61365057943553225, 52.50000000000000000, 52.83609688887024447 ) ) ;
#2468 = LINE ( 'NONE', #1939, #6561 ) ;
#2469 = CIRCLE ( 'NONE', #5251, 3.999999999999996447 ) ;
#2470 = ORIENTED_EDGE ( 'NONE', *, *, #3599, .F. ) ;
#2471 = EDGE_LOOP ( 'NONE', ( #3110, #1598 ) ) ;
#2472 = VECTOR ( 'NONE', #3703, 1000.000000000000000 ) ;
#2473 = ORIENTED_EDGE ( 'NONE', *, *, #5469, .T. ) ;
#2474 = EDGE_CURVE ( 'NONE', #4557, #6416, #3136, .T. ) ;
#2475 = CARTESIAN_POINT ( 'NONE',  ( 24.50000000000002132, 55.00000000000000000, -21.50000000000003908 ) ) ;
#2476 = ORIENTED_EDGE ( 'NONE', *, *, #2580, .F. ) ;
#2477 = CARTESIAN_POINT ( 'NONE',  ( -1.419999999999998153, 54.80000000000000426, 20.34314575050762031 ) ) ;
#2478 = ORIENTED_EDGE ( 'NONE', *, *, #40, .T. ) ;
#2479 = DIRECTION ( 'NONE',  ( 0.000000000000000000, 0.000000000000000000, 1.000000000000000000 ) ) ;
#2480 = DIRECTION ( 'NONE',  ( 0.000000000000000000, 1.000000000000000000, 0.000000000000000000 ) ) ;
#2481 = VECTOR ( 'NONE', #1769, 1000.000000000000000 ) ;
#2482 = ADVANCED_FACE ( 'NONE', ( #5170 ), #1638, .T. ) ;
#2483 = CARTESIAN_POINT ( 'NONE',  ( 12.07999999999999652, 55.00000000000000000, 12.50000000000000355 ) ) ;
#2484 = VERTEX_POINT ( 'NONE', #3029 ) ;
#2485 = VECTOR ( 'NONE', #1573, 1000.000000000000000 ) ;
#2486 = CIRCLE ( 'NONE', #4934, 2.649999999999999467 ) ;
#2487 = DIRECTION ( 'NONE',  ( -0.000000000000000000, 1.000000000000000000, -0.000000000000000000 ) ) ;
#2488 = DIRECTION ( 'NONE',  ( 0.000000000000000000, 0.000000000000000000, 1.000000000000000000 ) ) ;
#2489 = LINE ( 'NONE', #2883, #592 ) ;
#2490 = EDGE_CURVE ( 'NONE', #5831, #3612, #595, .T. ) ;
#2491 = ORIENTED_EDGE ( 'NONE', *, *, #1487, .F. ) ;
#2492 = VECTOR ( 'NONE', #3372, 1000.000000000000000 ) ;
#2493 = VERTEX_POINT ( 'NONE', #4571 ) ;
#2494 = CONICAL_SURFACE ( 'NONE', #4204, 63.14644660940671628, 0.7853981633974477239 ) ;
#2495 = DIRECTION ( 'NONE',  ( 0.000000000000000000, -1.000000000000000000, 0.000000000000000000 ) ) ;
#2496 = EDGE_CURVE ( 'NONE', #75, #2670, #3600, .T. ) ;
#2497 = DIRECTION ( 'NONE',  ( -0.000000000000000000, 1.000000000000000000, -0.000000000000000000 ) ) ;
#2498 = CIRCLE ( 'NONE', #2387, 3.249999999999998668 ) ;
#2499 = VECTOR ( 'NONE', #2497, 1000.000000000000000 ) ;
#2500 = DIRECTION ( 'NONE',  ( 0.000000000000000000, 1.000000000000000000, -0.000000000000000000 ) ) ;
#2501 = DIRECTION ( 'NONE',  ( -0.000000000000000000, -1.000000000000000000, 0.000000000000000000 ) ) ;
#2502 = ORIENTED_EDGE ( 'NONE', *, *, #2274, .T. ) ;
#2503 = B_SPLINE_SURFACE_WITH_KNOTS ( 'NONE', 1, 3, ( 
 ( #2616, #6576, #3511, #5554 ),
 ( #4078, #3010, #435, #1058 ) ),
 .UNSPECIFIED., .F., .F., .F.,
 ( 2, 2 ),
 ( 4, 4 ),
 ( 0.000000000000000000, 1.000000000000000000 ),
 ( 0.000000000000000000, 0.005985443485714917952 ),
 .UNSPECIFIED. ) ;
#2504 = CIRCLE ( 'NONE', #6233, 1.200000000000000400 ) ;
#2505 = DIRECTION ( 'NONE',  ( -0.7071067811865510144, -0.000000000000000000, -0.7071067811865441310 ) ) ;
#2506 = VERTEX_POINT ( 'NONE', #1041 ) ;
#2507 = DIRECTION ( 'NONE',  ( 0.000000000000000000, -1.000000000000000000, 0.000000000000000000 ) ) ;
#2508 = CYLINDRICAL_SURFACE ( 'NONE', #6447, 63.49999999999998579 ) ;
#2509 = ORIENTED_EDGE ( 'NONE', *, *, #6372, .F. ) ;
#2510 = ORIENTED_EDGE ( 'NONE', *, *, #3220, .F. ) ;
#2511 = AXIS2_PLACEMENT_3D ( 'NONE', #5504, #382, #4468 ) ;
#2512 = ORIENTED_EDGE ( 'NONE', *, *, #4521, .F. ) ;
#2513 = CARTESIAN_POINT ( 'NONE',  ( 13.07659151832286959, 50.36347888860404964, 60.18177355073600410 ) ) ;
#2514 = ORIENTED_EDGE ( 'NONE', *, *, #3803, .T. ) ;
#2515 = DIRECTION ( 'NONE',  ( 1.000000000000000000, 0.000000000000000000, -1.445602896647339656E-16 ) ) ;
#2516 = ORIENTED_EDGE ( 'NONE', *, *, #3375, .T. ) ;
#2517 = DIRECTION ( 'NONE',  ( 0.000000000000000000, 1.000000000000000000, -0.000000000000000000 ) ) ;
#2518 = AXIS2_PLACEMENT_3D ( 'NONE', #4727, #6333, #2718 ) ;
#2519 = VERTEX_POINT ( 'NONE', #487 ) ;
#2520 = CARTESIAN_POINT ( 'NONE',  ( 24.39999999999999858, 0.000000000000000000, -30.00000000000004974 ) ) ;
#2521 = ORIENTED_EDGE ( 'NONE', *, *, #2200, .T. ) ;
#2522 = VECTOR ( 'NONE', #2741, 1000.000000000000000 ) ;
#2523 = CARTESIAN_POINT ( 'NONE',  ( -14.80854968398806193, 48.20000000000000284, 22.66403331804244559 ) ) ;
#2524 = DIRECTION ( 'NONE',  ( 0.000000000000000000, 0.000000000000000000, -1.000000000000000000 ) ) ;
#2525 = LINE ( 'NONE', #2097, #4530 ) ;
#2526 = ORIENTED_EDGE ( 'NONE', *, *, #226, .T. ) ;
#2527 = AXIS2_PLACEMENT_3D ( 'NONE', #44, #5667, #3554 ) ;
#2528 = ORIENTED_EDGE ( 'NONE', *, *, #5844, .T. ) ;
#2529 = DIRECTION ( 'NONE',  ( 0.5000000000000017764, -0.7071067811865463515, 0.4999999999999998335 ) ) ;
#2530 = DIRECTION ( 'NONE',  ( -0.000000000000000000, 1.000000000000000000, -0.000000000000000000 ) ) ;
#2531 = AXIS2_PLACEMENT_3D ( 'NONE', #1887, #2346, #2479 ) ;
#2532 = FACE_OUTER_BOUND ( 'NONE', #3150, .T. ) ;
#2533 = CARTESIAN_POINT ( 'NONE',  ( -12.43062650674724345, 52.50000000000001421, 57.97522497504744621 ) ) ;
#2534 = VERTEX_POINT ( 'NONE', #552 ) ;
#2535 = DIRECTION ( 'NONE',  ( 0.000000000000000000, 0.000000000000000000, 1.000000000000000000 ) ) ;
#2536 = EDGE_CURVE ( 'NONE', #6475, #3004, #3018, .T. ) ;
#2537 = PLANE ( 'NONE',  #4622 ) ;
#2538 = ORIENTED_EDGE ( 'NONE', *, *, #6403, .F. ) ;
#2539 = CARTESIAN_POINT ( 'NONE',  ( 26.50000000000002487, 52.50000000000000000, 29.05025253169417354 ) ) ;
#2540 = CARTESIAN_POINT ( 'NONE',  ( -28.99999999999994671, 46.00000000000000000, -30.00000000000004263 ) ) ;
#2541 = ORIENTED_EDGE ( 'NONE', *, *, #5880, .F. ) ;
#2542 = ADVANCED_FACE ( 'NONE', ( #2033 ), #51, .T. ) ;
#2543 = VERTEX_POINT ( 'NONE', #519 ) ;
#2544 = LINE ( 'NONE', #1163, #5361 ) ;
#2545 = ORIENTED_EDGE ( 'NONE', *, *, #5469, .F. ) ;
#2546 = CARTESIAN_POINT ( 'NONE',  ( 12.61365057943556955, 55.00000000000000000, 5.138183074751146374E-15 ) ) ;
#2547 = CARTESIAN_POINT ( 'NONE',  ( 2.003728368091744816, 54.80000000000000426, 12.49999999999999822 ) ) ;
#2548 = EDGE_LOOP ( 'NONE', ( #743, #4445, #6299, #4332 ) ) ;
#2549 = CARTESIAN_POINT ( 'NONE',  ( 0.000000000000000000, 46.00000000000000000, 14.69999999999999751 ) ) ;
#2550 = LINE ( 'NONE', #3949, #6329 ) ;
#2551 = ORIENTED_EDGE ( 'NONE', *, *, #815, .F. ) ;
#2552 = DIRECTION ( 'NONE',  ( -0.000000000000000000, 0.000000000000000000, 1.000000000000000000 ) ) ;
#2553 = ORIENTED_EDGE ( 'NONE', *, *, #3627, .F. ) ;
#2554 = DIRECTION ( 'NONE',  ( -0.000000000000000000, 0.000000000000000000, 1.000000000000000000 ) ) ;
#2555 = DIRECTION ( 'NONE',  ( -0.000000000000000000, 1.000000000000000000, -0.000000000000000000 ) ) ;
#2556 = EDGE_CURVE ( 'NONE', #838, #762, #1074, .T. ) ;
#2557 = CARTESIAN_POINT ( 'NONE',  ( -17.00854968398805767, 54.19999999999999574, 24.86403331804244843 ) ) ;
#2558 = ORIENTED_EDGE ( 'NONE', *, *, #5010, .T. ) ;
#2559 = EDGE_LOOP ( 'NONE', ( #1785, #3006, #2288, #58 ) ) ;
#2560 = EDGE_CURVE ( 'NONE', #1791, #4461, #1954, .T. ) ;
#2561 = CARTESIAN_POINT ( 'NONE',  ( -10.99662093242610794, 48.82474466234641852, 62.00089109797539066 ) ) ;
#2562 = CARTESIAN_POINT ( 'NONE',  ( -1.996271631908297817, 54.80000000000000426, 27.49999999999999645 ) ) ;
#2563 = DIRECTION ( 'NONE',  ( -0.000000000000000000, 1.000000000000000000, -0.000000000000000000 ) ) ;
#2564 = DIRECTION ( 'NONE',  ( 0.000000000000000000, 0.000000000000000000, -1.000000000000000000 ) ) ;
#2565 = VERTEX_POINT ( 'NONE', #5238 ) ;
#2566 = DIRECTION ( 'NONE',  ( 0.000000000000000000, 1.000000000000000000, 0.000000000000000000 ) ) ;
#2567 = VERTEX_POINT ( 'NONE', #1676 ) ;
#2568 = CARTESIAN_POINT ( 'NONE',  ( 54.75000000000004263, 22.25000000000018474, 22.69999999999999929 ) ) ;
#2569 = ADVANCED_FACE ( 'NONE', ( #5748 ), #5471, .T. ) ;
#2570 = CARTESIAN_POINT ( 'NONE',  ( -13.11365057943553047, 54.19316578545426921, 55.97195555034281966 ) ) ;
#2571 = EDGE_LOOP ( 'NONE', ( #574, #977, #1115, #4140, #3386 ) ) ;
#2572 = EDGE_CURVE ( 'NONE', #4598, #462, #183, .T. ) ;
#2573 = CARTESIAN_POINT ( 'NONE',  ( 12.07999999999999652, 55.00000000000000000, 31.49999999999999289 ) ) ;
#2574 = ORIENTED_EDGE ( 'NONE', *, *, #6294, .F. ) ;
#2575 = DIRECTION ( 'NONE',  ( 0.000000000000000000, 0.000000000000000000, -1.000000000000000000 ) ) ;
#2576 = ORIENTED_EDGE ( 'NONE', *, *, #2892, .F. ) ;
#2577 = DIRECTION ( 'NONE',  ( -0.000000000000000000, -1.000000000000000000, -0.000000000000000000 ) ) ;
#2578 = DIRECTION ( 'NONE',  ( -1.000000000000000000, 0.000000000000000000, 4.956352788505169184E-16 ) ) ;
#2579 = DIRECTION ( 'NONE',  ( 0.000000000000000000, 0.000000000000000000, 1.000000000000000000 ) ) ;
#2580 = EDGE_CURVE ( 'NONE', #5205, #3974, #2959, .T. ) ;
#2581 = CARTESIAN_POINT ( 'NONE',  ( -12.64781735979163102, 54.82969652879194911, 55.71262357706466162 ) ) ;
#2582 = LINE ( 'NONE', #6065, #2197 ) ;
#2583 = ORIENTED_EDGE ( 'NONE', *, *, #6541, .F. ) ;
#2584 = CARTESIAN_POINT ( 'NONE',  ( 24.39999999999999503, 0.000000000000000000, -24.00000000000004974 ) ) ;
#2585 = ORIENTED_EDGE ( 'NONE', *, *, #1179, .F. ) ;
#2586 = LINE ( 'NONE', #3654, #3887 ) ;
#2587 = DIRECTION ( 'NONE',  ( -1.000000000000000000, 0.000000000000000000, -0.000000000000000000 ) ) ;
#2588 = AXIS2_PLACEMENT_3D ( 'NONE', #2890, #5908, #1407 ) ;
#2589 = CARTESIAN_POINT ( 'NONE',  ( 12.61365057943554469, 55.00000000000000000, 52.83609688887024447 ) ) ;
#2590 = VERTEX_POINT ( 'NONE', #6344 ) ;
#2591 = VERTEX_POINT ( 'NONE', #4796 ) ;
#2592 = AXIS2_PLACEMENT_3D ( 'NONE', #3849, #852, #4922 ) ;
#2593 = CARTESIAN_POINT ( 'NONE',  ( -12.62100070628178372, 54.99294653099543950, 54.84621705470096487 ) ) ;
#2594 = CARTESIAN_POINT ( 'NONE',  ( -13.11365057943553047, 50.57584658144715917, 59.90344406650600462 ) ) ;
#2595 = CARTESIAN_POINT ( 'NONE',  ( 28.00000000000002487, 52.50000000000000000, 29.05025253169417354 ) ) ;
#2596 = DIRECTION ( 'NONE',  ( -0.000000000000000000, 1.000000000000000000, -0.000000000000000000 ) ) ;
#2597 = ORIENTED_EDGE ( 'NONE', *, *, #2630, .T. ) ;
#2598 = AXIS2_PLACEMENT_3D ( 'NONE', #3388, #3844, #2420 ) ;
#2599 = VECTOR ( 'NONE', #3093, 1000.000000000000114 ) ;
#2600 = DIRECTION ( 'NONE',  ( 0.000000000000000000, 0.000000000000000000, 1.000000000000000000 ) ) ;
#2601 = PLANE ( 'NONE',  #335 ) ;
#2602 = AXIS2_PLACEMENT_3D ( 'NONE', #4151, #3086, #671 ) ;
#2603 = VERTEX_POINT ( 'NONE', #1709 ) ;
#2604 = CARTESIAN_POINT ( 'NONE',  ( -24.10000000000000497, 46.00000000000000000, -30.00000000000004263 ) ) ;
#2605 = FACE_OUTER_BOUND ( 'NONE', #2418, .T. ) ;
#2606 = EDGE_CURVE ( 'NONE', #6380, #6085, #1763, .T. ) ;
#2607 = VERTEX_POINT ( 'NONE', #4828 ) ;
#2608 = VECTOR ( 'NONE', #5312, 1000.000000000000114 ) ;
#2609 = CARTESIAN_POINT ( 'NONE',  ( 23.49999999999991829, 54.50000000000000000, -6.000000000000043521 ) ) ;
#2610 = VECTOR ( 'NONE', #254, 1000.000000000000000 ) ;
#2611 = ADVANCED_FACE ( 'NONE', ( #5776 ), #1737, .T. ) ;
#2612 = CARTESIAN_POINT ( 'NONE',  ( 12.69031343570182813, 53.97487373415290790, 57.13270822687289296 ) ) ;
#2613 = PLANE ( 'NONE',  #2812 ) ;
#2614 = EDGE_CURVE ( 'NONE', #1456, #4560, #208, .T. ) ;
#2615 = CIRCLE ( 'NONE', #4417, 0.5000000000000038858 ) ;
#2616 = CARTESIAN_POINT ( 'NONE',  ( 13.11365057943553047, 53.62132034355995813, 56.78756650747446599 ) ) ;
#2617 = LINE ( 'NONE', #1658, #1538 ) ;
#2618 = CARTESIAN_POINT ( 'NONE',  ( -7.038344069257720825, 52.50000000000000000, 36.95555927633240145 ) ) ;
#2619 = AXIS2_PLACEMENT_3D ( 'NONE', #457, #4397, #2465 ) ;
#2620 = ADVANCED_FACE ( 'NONE', ( #1207 ), #6314, .T. ) ;
#2621 = EDGE_LOOP ( 'NONE', ( #2541, #1143, #643, #2574, #4159 ) ) ;
#2622 = FACE_OUTER_BOUND ( 'NONE', #6389, .T. ) ;
#2623 = VERTEX_POINT ( 'NONE', #2257 ) ;
#2624 = CARTESIAN_POINT ( 'NONE',  ( 28.50000000000000000, 46.00000000000000000, -26.00000000000000000 ) ) ;
#2625 = AXIS2_PLACEMENT_3D ( 'NONE', #5933, #4024, #2951 ) ;
#2626 = CARTESIAN_POINT ( 'NONE',  ( 2.003728368091744816, 54.80000000000000426, 31.50000000000000000 ) ) ;
#2627 = PLANE ( 'NONE',  #4315 ) ;
#2628 = ORIENTED_EDGE ( 'NONE', *, *, #4030, .F. ) ;
#2629 = ORIENTED_EDGE ( 'NONE', *, *, #2446, .F. ) ;
#2630 = EDGE_CURVE ( 'NONE', #561, #4274, #3753, .T. ) ;
#2631 = CIRCLE ( 'NONE', #3477, 1.500000000000001332 ) ;
#2632 = CARTESIAN_POINT ( 'NONE',  ( -11.91049184744365697, 49.23983926924830001, 61.40894214256795181 ) ) ;
#2633 = DIRECTION ( 'NONE',  ( -0.000000000000000000, 0.000000000000000000, 1.000000000000000000 ) ) ;
#2634 = FACE_OUTER_BOUND ( 'NONE', #5815, .T. ) ;
#2635 = CARTESIAN_POINT ( 'NONE',  ( -12.42977466267939413, 50.47263105217761847, 60.04738382638826266 ) ) ;
#2636 = ORIENTED_EDGE ( 'NONE', *, *, #4139, .F. ) ;
#2637 = AXIS2_PLACEMENT_3D ( 'NONE', #2273, #3769, #6273 ) ;
#2638 = CARTESIAN_POINT ( 'NONE',  ( -24.10000000000000497, 55.00000000000000000, -29.50000000000006040 ) ) ;
#2639 = DIRECTION ( 'NONE',  ( -0.000000000000000000, -1.000000000000000000, 0.000000000000000000 ) ) ;
#2640 = ORIENTED_EDGE ( 'NONE', *, *, #2765, .F. ) ;
#2641 = DIRECTION ( 'NONE',  ( -0.000000000000000000, 1.000000000000000000, -0.000000000000000000 ) ) ;
#2642 = LINE ( 'NONE', #3610, #5160 ) ;
#2643 = EDGE_CURVE ( 'NONE', #3197, #2484, #5042, .T. ) ;
#2644 = ORIENTED_EDGE ( 'NONE', *, *, #1244, .F. ) ;
#2645 = LINE ( 'NONE', #2573, #5146 ) ;
#2646 = DIRECTION ( 'NONE',  ( -0.000000000000000000, 1.000000000000000000, -0.000000000000000000 ) ) ;
#2647 = EDGE_LOOP ( 'NONE', ( #5207, #627 ) ) ;
#2648 = CARTESIAN_POINT ( 'NONE',  ( -0.000000000000000000, 46.00000000000000000, 14.19999999999999751 ) ) ;
#2649 = DIRECTION ( 'NONE',  ( -0.7071067811865489050, 0.000000000000000000, -0.7071067811865462405 ) ) ;
#2650 = EDGE_CURVE ( 'NONE', #4318, #1057, #2727, .T. ) ;
#2651 = DIRECTION ( 'NONE',  ( 0.000000000000000000, 0.000000000000000000, 1.000000000000000000 ) ) ;
#2652 = LINE ( 'NONE', #5122, #3704 ) ;
#2653 = VERTEX_POINT ( 'NONE', #4768 ) ;
#2654 = DIRECTION ( 'NONE',  ( -0.000000000000000000, 1.000000000000000000, -0.000000000000000000 ) ) ;
#2655 = EDGE_LOOP ( 'NONE', ( #695, #477, #2528, #2345 ) ) ;
#2656 = LINE ( 'NONE', #682, #5080 ) ;
#2657 = CARTESIAN_POINT ( 'NONE',  ( -28.53000000000002245, 54.00000000000000000, -24.19000000000003681 ) ) ;
#2658 = DIRECTION ( 'NONE',  ( 0.000000000000000000, 0.000000000000000000, 1.000000000000000000 ) ) ;
#2659 = EDGE_CURVE ( 'NONE', #629, #1787, #98, .T. ) ;
#2660 = EDGE_LOOP ( 'NONE', ( #962, #1831 ) ) ;
#2661 = LINE ( 'NONE', #2132, #1255 ) ;
#2662 = CARTESIAN_POINT ( 'NONE',  ( -27.83000000000001251, 55.00000000000000000, -12.69000000000003325 ) ) ;
#2663 = CARTESIAN_POINT ( 'NONE',  ( -28.50000000000000000, 41.89878066911801824, 27.19999999999999929 ) ) ;
#2664 = CARTESIAN_POINT ( 'NONE',  ( -28.50000000000000000, 52.50000000000000000, 1.299999999999999156 ) ) ;
#2665 = ADVANCED_FACE ( 'NONE', ( #4955 ), #1331, .F. ) ;
#2666 = ORIENTED_EDGE ( 'NONE', *, *, #485, .T. ) ;
#2667 = CARTESIAN_POINT ( 'NONE',  ( -25.10000000000000142, 52.50000000000000000, -23.00000000000004263 ) ) ;
#2668 = DIRECTION ( 'NONE',  ( 0.000000000000000000, 1.000000000000000000, -0.000000000000000000 ) ) ;
#2669 = CARTESIAN_POINT ( 'NONE',  ( -25.18000000000001037, 54.00000000000000000, -15.34000000000003183 ) ) ;
#2670 = VERTEX_POINT ( 'NONE', #5453 ) ;
#2671 = PLANE ( 'NONE',  #5485 ) ;
#2672 = FACE_OUTER_BOUND ( 'NONE', #534, .T. ) ;
#2673 = ORIENTED_EDGE ( 'NONE', *, *, #1840, .T. ) ;
#2674 = CYLINDRICAL_SURFACE ( 'NONE', #3332, 4.750000000000000888 ) ;
#2675 = CARTESIAN_POINT ( 'NONE',  ( 12.07999999999999652, 55.00000000000000000, 31.49999999999999289 ) ) ;
#2676 = CARTESIAN_POINT ( 'NONE',  ( 13.11365057943552337, 54.49999984274298015, 54.66303307920693300 ) ) ;
#2677 = CYLINDRICAL_SURFACE ( 'NONE', #3866, 2.999999999999988898 ) ;
#2678 = APPLICATION_PROTOCOL_DEFINITION ( 'draft international standard', 'automotive_design', 1998, #5313 ) ;
#2679 = EDGE_CURVE ( 'NONE', #5013, #4748, #3987, .T. ) ;
#2680 = ORIENTED_EDGE ( 'NONE', *, *, #4711, .T. ) ;
#2681 = DIRECTION ( 'NONE',  ( -0.000000000000000000, 1.000000000000000000, -0.000000000000000000 ) ) ;
#2682 = VERTEX_POINT ( 'NONE', #1957 ) ;
#2683 = CARTESIAN_POINT ( 'NONE',  ( -13.11365057943553047, 53.62132034355965260, 56.78756650747477863 ) ) ;
#2684 = CARTESIAN_POINT ( 'NONE',  ( 16.61365057943552870, 55.00000000000000000, 52.83609688887024447 ) ) ;
#2685 = LINE ( 'NONE', #685, #5065 ) ;
#2686 = EDGE_CURVE ( 'NONE', #292, #3326, #5919, .T. ) ;
#2687 = ORIENTED_EDGE ( 'NONE', *, *, #113, .T. ) ;
#2688 = ADVANCED_FACE ( 'NONE', ( #412 ), #881, .T. ) ;
#2689 = CARTESIAN_POINT ( 'NONE',  ( 27.50000000000004974, 52.00000000000000000, -16.50000000000004974 ) ) ;
#2690 = DIRECTION ( 'NONE',  ( 0.000000000000000000, 0.000000000000000000, 1.000000000000000000 ) ) ;
#2691 = EDGE_CURVE ( 'NONE', #5682, #1772, #373, .T. ) ;
#2692 = DIRECTION ( 'NONE',  ( -2.478176394252584099E-15, 0.000000000000000000, -1.000000000000000000 ) ) ;
#2693 = FACE_OUTER_BOUND ( 'NONE', #4762, .T. ) ;
#2694 = ORIENTED_EDGE ( 'NONE', *, *, #2069, .T. ) ;
#2695 = CARTESIAN_POINT ( 'NONE',  ( -25.18000000000001037, 55.00000000000000000, -15.34000000000003183 ) ) ;
#2696 = VECTOR ( 'NONE', #2566, 1000.000000000000000 ) ;
#2697 = EDGE_CURVE ( 'NONE', #212, #3621, #2504, .T. ) ;
#2698 = EDGE_CURVE ( 'NONE', #6640, #4775, #3943, .T. ) ;
#2699 = DIRECTION ( 'NONE',  ( 1.000000000000000000, 0.000000000000000000, 0.000000000000000000 ) ) ;
#2700 = VERTEX_POINT ( 'NONE', #5993 ) ;
#2701 = CARTESIAN_POINT ( 'NONE',  ( 2.003728368091744816, 54.80000000000000426, 31.50000000000000000 ) ) ;
#2702 = VECTOR ( 'NONE', #2824, 1000.000000000000000 ) ;
#2703 = VECTOR ( 'NONE', #1627, 1000.000000000000000 ) ;
#2704 = CARTESIAN_POINT ( 'NONE',  ( -28.50000000000000000, 41.89878066911801824, -24.80000000000000071 ) ) ;
#2705 = ORIENTED_EDGE ( 'NONE', *, *, #1966, .T. ) ;
#2706 = AXIS2_PLACEMENT_3D ( 'NONE', #2869, #4847, #2840 ) ;
#2707 = CIRCLE ( 'NONE', #4842, 1.199999999999999734 ) ;
#2708 = VERTEX_POINT ( 'NONE', #1427 ) ;
#2709 = DIRECTION ( 'NONE',  ( -0.000000000000000000, 1.000000000000000000, -0.000000000000000000 ) ) ;
#2710 = CARTESIAN_POINT ( 'NONE',  ( 13.11365057943552870, 54.49395416942467563, 54.81428342921454089 ) ) ;
#2711 = DIRECTION ( 'NONE',  ( 0.000000000000000000, 0.000000000000000000, -1.000000000000000000 ) ) ;
#2712 = VECTOR ( 'NONE', #6298, 1000.000000000000000 ) ;
#2713 = VECTOR ( 'NONE', #2969, 1000.000000000000000 ) ;
#2714 = ORIENTED_EDGE ( 'NONE', *, *, #2536, .T. ) ;
#2715 = VECTOR ( 'NONE', #6208, 1000.000000000000000 ) ;
#2716 = DIRECTION ( 'NONE',  ( -0.000000000000000000, 1.000000000000000000, -0.000000000000000000 ) ) ;
#2717 = ORIENTED_EDGE ( 'NONE', *, *, #5351, .F. ) ;
#2718 = DIRECTION ( 'NONE',  ( 2.036754959396165491E-16, 0.000000000000000000, 1.000000000000000000 ) ) ;
#2719 = ORIENTED_EDGE ( 'NONE', *, *, #686, .T. ) ;
#2720 = CARTESIAN_POINT ( 'NONE',  ( 39.73333333333336270, 47.26666666666665861, 15.46666666666665790 ) ) ;
#2721 = FACE_OUTER_BOUND ( 'NONE', #206, .T. ) ;
#2722 = AXIS2_PLACEMENT_3D ( 'NONE', #2947, #4485, #3485 ) ;
#2723 = ADVANCED_FACE ( 'NONE', ( #3491 ), #848, .F. ) ;
#2724 = ORIENTED_EDGE ( 'NONE', *, *, #3687, .F. ) ;
#2725 = AXIS2_PLACEMENT_3D ( 'NONE', #5865, #3726, #1206 ) ;
#2726 = CARTESIAN_POINT ( 'NONE',  ( -25.18000000000001037, 54.00000000000000000, -15.34000000000003183 ) ) ;
#2727 = LINE ( 'NONE', #1181, #3035 ) ;
#2728 = DIRECTION ( 'NONE',  ( 0.7071067811865475727, 0.000000000000000000, 0.7071067811865475727 ) ) ;
#2729 = PLANE ( 'NONE',  #1438 ) ;
#2730 = ORIENTED_EDGE ( 'NONE', *, *, #3405, .F. ) ;
#2731 = AXIS2_PLACEMENT_3D ( 'NONE', #6139, #1139, #3167 ) ;
#2732 = CARTESIAN_POINT ( 'NONE',  ( 12.68539814717925118, 49.98965185180276904, 61.20967488441974069 ) ) ;
#2733 = VERTEX_POINT ( 'NONE', #6034 ) ;
#2734 = CARTESIAN_POINT ( 'NONE',  ( 18.11122315471732236, 52.50000000000000000, 18.11122315471725841 ) ) ;
#2735 = CIRCLE ( 'NONE', #610, 3.999999999999982681 ) ;
#2736 = DIRECTION ( 'NONE',  ( 0.000000000000000000, 1.000000000000000000, -0.000000000000000000 ) ) ;
#2737 = VERTEX_POINT ( 'NONE', #4422 ) ;
#2738 = EDGE_CURVE ( 'NONE', #6526, #3612, #6407, .T. ) ;
#2739 = AXIS2_PLACEMENT_3D ( 'NONE', #915, #6505, #3484 ) ;
#2740 = CARTESIAN_POINT ( 'NONE',  ( 11.67294149749905685, 49.08451106299597200, 61.61243247494680020 ) ) ;
#2741 = DIRECTION ( 'NONE',  ( -0.000000000000000000, 1.000000000000000000, -0.000000000000000000 ) ) ;
#2742 = FACE_OUTER_BOUND ( 'NONE', #717, .T. ) ;
#2743 = EDGE_CURVE ( 'NONE', #292, #6287, #1469, .T. ) ;
#2744 = DIRECTION ( 'NONE',  ( -0.000000000000000000, 1.000000000000000000, -0.000000000000000000 ) ) ;
#2745 = ORIENTED_EDGE ( 'NONE', *, *, #4731, .T. ) ;
#2746 = DIRECTION ( 'NONE',  ( 0.000000000000000000, 0.000000000000000000, 1.000000000000000000 ) ) ;
#2747 = EDGE_LOOP ( 'NONE', ( #3124, #1221, #6052, #2810, #5633 ) ) ;
#2748 = CARTESIAN_POINT ( 'NONE',  ( -13.11365057943553047, 49.43668056611564054, 61.06711942975842078 ) ) ;
#2749 = DIRECTION ( 'NONE',  ( 0.000000000000000000, 0.000000000000000000, -1.000000000000000000 ) ) ;
#2750 = CARTESIAN_POINT ( 'NONE',  ( 29.00000000000002487, 46.00000000000000000, 30.55025253169417354 ) ) ;
#2751 = ORIENTED_EDGE ( 'NONE', *, *, #3513, .T. ) ;
#2752 = EDGE_CURVE ( 'NONE', #5601, #5682, #3337, .T. ) ;
#2753 = CARTESIAN_POINT ( 'NONE',  ( -7.330000000000000071, 55.00000000000000000, 27.49999999999999645 ) ) ;
#2754 = CARTESIAN_POINT ( 'NONE',  ( 13.11365057943553403, 54.40449222145519315, 55.40845552727065382 ) ) ;
#2755 = DIRECTION ( 'NONE',  ( -0.000000000000000000, 1.000000000000000000, -0.000000000000000000 ) ) ;
#2756 = CARTESIAN_POINT ( 'NONE',  ( -23.59999999999999787, 53.00000000000001421, -24.00000000000004263 ) ) ;
#2757 = ORIENTED_EDGE ( 'NONE', *, *, #4046, .T. ) ;
#2758 = LINE ( 'NONE', #2695, #2481 ) ;
#2759 = EDGE_CURVE ( 'NONE', #3440, #5479, #2617, .T. ) ;
#2760 = ORIENTED_EDGE ( 'NONE', *, *, #5766, .F. ) ;
#2761 = DIRECTION ( 'NONE',  ( -0.7071067811865463515, 0.000000000000000000, 0.7071067811865487940 ) ) ;
#2762 = CARTESIAN_POINT ( 'NONE',  ( -12.98717972145442090, 50.15296696754165851, 60.54463845685549472 ) ) ;
#2763 = VERTEX_POINT ( 'NONE', #6231 ) ;
#2764 = ADVANCED_FACE ( 'NONE', ( #3222 ), #4756, .F. ) ;
#2765 = EDGE_CURVE ( 'NONE', #4473, #5217, #3686, .T. ) ;
#2766 = ADVANCED_FACE ( 'NONE', ( #5154 ), #2085, .F. ) ;
#2767 = CARTESIAN_POINT ( 'NONE',  ( -1.996271631908297817, 54.80000000000000426, 16.50000000000000000 ) ) ;
#2768 = CARTESIAN_POINT ( 'NONE',  ( 23.49999999999991829, 52.50000000000000000, -12.00000000000004263 ) ) ;
#2769 = DIRECTION ( 'NONE',  ( -0.000000000000000000, 1.000000000000000000, -0.000000000000000000 ) ) ;
#2770 = EDGE_CURVE ( 'NONE', #436, #4899, #5264, .T. ) ;
#2771 = CARTESIAN_POINT ( 'NONE',  ( 28.50000000000000000, 46.00000000000000000, -1.950000000000000844 ) ) ;
#2772 = VERTEX_POINT ( 'NONE', #5253 ) ;
#2773 = VERTEX_POINT ( 'NONE', #1090 ) ;
#2774 = ADVANCED_FACE ( 'NONE', ( #4120 ), #646, .T. ) ;
#2775 = DIRECTION ( 'NONE',  ( 0.000000000000000000, 1.000000000000000000, -0.000000000000000000 ) ) ;
#2776 = VERTEX_POINT ( 'NONE', #2119 ) ;
#2777 = CARTESIAN_POINT ( 'NONE',  ( -23.60000000000001563, 23.50000000000018829, -53.50000000000007105 ) ) ;
#2778 = ORIENTED_EDGE ( 'NONE', *, *, #3335, .F. ) ;
#2779 = CARTESIAN_POINT ( 'NONE',  ( -32.49999999999994316, 54.50000000000001421, 30.55025253169425525 ) ) ;
#2780 = DIRECTION ( 'NONE',  ( 0.000000000000000000, 0.000000000000000000, 1.000000000000000000 ) ) ;
#2781 = DIRECTION ( 'NONE',  ( 0.000000000000000000, 0.000000000000000000, -1.000000000000000000 ) ) ;
#2782 = ORIENTED_EDGE ( 'NONE', *, *, #3474, .F. ) ;
#2783 = CARTESIAN_POINT ( 'NONE',  ( 13.11365057943553047, 52.63228018226723748, 57.80070940812451141 ) ) ;
#2784 = EDGE_CURVE ( 'NONE', #6397, #3033, #4733, .T. ) ;
#2785 = CARTESIAN_POINT ( 'NONE',  ( 13.11365057943553047, 53.62132034355964549, 56.78756650747477153 ) ) ;
#2786 = LINE ( 'NONE', #4266, #171 ) ;
#2787 = DIRECTION ( 'NONE',  ( 0.000000000000000000, -0.000000000000000000, -1.000000000000000000 ) ) ;
#2788 = ORIENTED_EDGE ( 'NONE', *, *, #2556, .T. ) ;
#2789 = ORIENTED_EDGE ( 'NONE', *, *, #3897, .F. ) ;
#2790 = AXIS2_PLACEMENT_3D ( 'NONE', #831, #2863, #2926 ) ;
#2791 = ORIENTED_EDGE ( 'NONE', *, *, #284, .F. ) ;
#2792 = LINE ( 'NONE', #1716, #1660 ) ;
#2793 = CARTESIAN_POINT ( 'NONE',  ( -12.85131573698095941, 50.02641850600277706, 60.89828112883722611 ) ) ;
#2794 = VECTOR ( 'NONE', #2070, 1000.000000000000000 ) ;
#2795 = CARTESIAN_POINT ( 'NONE',  ( 32.00000000000001421, 52.50000000000000000, -1.950000000000000400 ) ) ;
#2796 = ORIENTED_EDGE ( 'NONE', *, *, #6489, .T. ) ;
#2797 = ORIENTED_EDGE ( 'NONE', *, *, #4436, .T. ) ;
#2798 = AXIS2_PLACEMENT_3D ( 'NONE', #2231, #2202, #3727 ) ;
#2799 = VECTOR ( 'NONE', #1683, 1000.000000000000000 ) ;
#2800 = EDGE_CURVE ( 'NONE', #2603, #5520, #6199, .T. ) ;
#2801 = CARTESIAN_POINT ( 'NONE',  ( 28.99999999999996803, 55.00000000000000000, -26.50000000000004263 ) ) ;
#2802 = CARTESIAN_POINT ( 'NONE',  ( 12.62826988067858558, 54.97039138618661269, 55.07899152272059240 ) ) ;
#2803 = LINE ( 'NONE', #4808, #1233 ) ;
#2804 = ADVANCED_FACE ( 'NONE', ( #3616 ), #2677, .T. ) ;
#2805 = VECTOR ( 'NONE', #3472, 1000.000000000000114 ) ;
#2806 = CARTESIAN_POINT ( 'NONE',  ( -28.53000000000002601, 54.00000000000000000, -24.19000000000003681 ) ) ;
#2807 = AXIS2_PLACEMENT_3D ( 'NONE', #6279, #39, #173 ) ;
#2808 = ORIENTED_EDGE ( 'NONE', *, *, #5610, .F. ) ;
#2809 = DIRECTION ( 'NONE',  ( -0.000000000000000000, -1.000000000000000000, 0.000000000000000000 ) ) ;
#2810 = ORIENTED_EDGE ( 'NONE', *, *, #1250, .F. ) ;
#2811 = AXIS2_PLACEMENT_3D ( 'NONE', #6556, #5001, #3498 ) ;
#2812 = AXIS2_PLACEMENT_3D ( 'NONE', #1056, #1656, #1164 ) ;
#2813 = CARTESIAN_POINT ( 'NONE',  ( -13.11365057943552515, 50.83265333731847591, 59.64167605376182024 ) ) ;
#2814 = ORIENTED_EDGE ( 'NONE', *, *, #6549, .F. ) ;
#2815 = DIRECTION ( 'NONE',  ( -0.5773502691896253980, 0.5773502691896259531, 0.5773502691896259531 ) ) ;
#2816 = ORIENTED_EDGE ( 'NONE', *, *, #1290, .F. ) ;
#2817 = DIRECTION ( 'NONE',  ( 0.000000000000000000, -1.000000000000000000, 0.000000000000000000 ) ) ;
#2818 = EDGE_CURVE ( 'NONE', #4748, #2907, #102, .T. ) ;
#2819 = AXIS2_PLACEMENT_3D ( 'NONE', #3823, #1333, #3325 ) ;
#2820 = VECTOR ( 'NONE', #5079, 1000.000000000000000 ) ;
#2821 = EDGE_CURVE ( 'NONE', #593, #3604, #3648, .T. ) ;
#2822 = CARTESIAN_POINT ( 'NONE',  ( 32.00000000000000711, 0.000000000000000000, 14.69999999999999751 ) ) ;
#2823 = DIRECTION ( 'NONE',  ( -0.000000000000000000, -1.000000000000000000, -0.000000000000000000 ) ) ;
#2824 = DIRECTION ( 'NONE',  ( -0.000000000000000000, 1.000000000000000000, -0.000000000000000000 ) ) ;
#2825 = DIRECTION ( 'NONE',  ( 0.000000000000000000, -1.000000000000000000, 0.000000000000000000 ) ) ;
#2826 = CARTESIAN_POINT ( 'NONE',  ( 31.99999999999997868, 55.00000000000000000, -26.50000000000004619 ) ) ;
#2827 = EDGE_LOOP ( 'NONE', ( #6395, #2168, #5310, #3099 ) ) ;
#2828 = EDGE_CURVE ( 'NONE', #1703, #4799, #6275, .T. ) ;
#2829 = AXIS2_PLACEMENT_3D ( 'NONE', #5804, #2256, #3819 ) ;
#2830 = ORIENTED_EDGE ( 'NONE', *, *, #5336, .F. ) ;
#2831 = LINE ( 'NONE', #4365, #464 ) ;
#2832 = DIRECTION ( 'NONE',  ( -1.000000000000000000, 0.000000000000000000, -0.000000000000000000 ) ) ;
#2833 = AXIS2_PLACEMENT_3D ( 'NONE', #776, #3226, #650 ) ;
#2834 = ORIENTED_EDGE ( 'NONE', *, *, #2331, .T. ) ;
#2835 = ORIENTED_EDGE ( 'NONE', *, *, #2123, .T. ) ;
#2836 = VECTOR ( 'NONE', #5225, 1000.000000000000000 ) ;
#2837 = CARTESIAN_POINT ( 'NONE',  ( -5.977683897477895414, 46.00000000000000000, 38.01621944811221709 ) ) ;
#2838 = ADVANCED_FACE ( 'NONE', ( #1695, #169 ), #3714, .T. ) ;
#2839 = LINE ( 'NONE', #6458, #3178 ) ;
#2840 = DIRECTION ( 'NONE',  ( 0.000000000000000000, 0.000000000000000000, 1.000000000000000000 ) ) ;
#2841 = AXIS2_PLACEMENT_3D ( 'NONE', #4892, #4359, #723 ) ;
#2842 = DIRECTION ( 'NONE',  ( 1.000000000000000000, 0.000000000000000000, 0.000000000000000000 ) ) ;
#2843 = EDGE_CURVE ( 'NONE', #515, #6081, #1123, .T. ) ;
#2844 = EDGE_CURVE ( 'NONE', #1558, #4212, #4836, .T. ) ;
#2845 = DIRECTION ( 'NONE',  ( 1.000000000000000000, 0.000000000000000000, -0.000000000000000000 ) ) ;
#2846 = AXIS2_PLACEMENT_3D ( 'NONE', #2684, #4321, #684 ) ;
#2847 = CARTESIAN_POINT ( 'NONE',  ( -25.75492515385774439, 46.00000000000000000, -0.4398459957930351827 ) ) ;
#2848 = CARTESIAN_POINT ( 'NONE',  ( -12.62841534552336675, 54.96978724760763413, 55.08363393393297258 ) ) ;
#2849 = CARTESIAN_POINT ( 'NONE',  ( 31.99999999999998579, 55.00000000000000000, -21.50000000000004263 ) ) ;
#2850 = VECTOR ( 'NONE', #4556, 999.9999999999998863 ) ;
#2851 = DIRECTION ( 'NONE',  ( 0.7071067811865500152, 0.000000000000000000, 0.7071067811865451302 ) ) ;
#2852 = CARTESIAN_POINT ( 'NONE',  ( 6.423145750507623042, 54.80000000000000426, 12.50000000000000178 ) ) ;
#2853 = DIRECTION ( 'NONE',  ( 0.000000000000000000, 0.000000000000000000, 1.000000000000000000 ) ) ;
#2854 = FACE_OUTER_BOUND ( 'NONE', #4447, .T. ) ;
#2855 = PLANE ( 'NONE',  #5491 ) ;
#2856 = EDGE_CURVE ( 'NONE', #5827, #859, #4618, .T. ) ;
#2857 = ORIENTED_EDGE ( 'NONE', *, *, #2088, .F. ) ;
#2858 = DIRECTION ( 'NONE',  ( 0.000000000000000000, 1.000000000000000000, 0.000000000000000000 ) ) ;
#2859 = EDGE_CURVE ( 'NONE', #6145, #2961, #5917, .T. ) ;
#2860 = VERTEX_POINT ( 'NONE', #1289 ) ;
#2861 = DIRECTION ( 'NONE',  ( 0.000000000000000000, 0.000000000000000000, 1.000000000000000000 ) ) ;
#2862 = CARTESIAN_POINT ( 'NONE',  ( 12.07999999999999652, 54.80000000000000426, 31.49999999999999289 ) ) ;
#2863 = DIRECTION ( 'NONE',  ( 0.000000000000000000, 1.000000000000000000, -0.000000000000000000 ) ) ;
#2864 = EDGE_LOOP ( 'NONE', ( #1157, #2149, #5577, #1126 ) ) ;
#2865 = ORIENTED_EDGE ( 'NONE', *, *, #3938, .T. ) ;
#2866 = DIRECTION ( 'NONE',  ( 0.000000000000000000, 0.000000000000000000, 1.000000000000000000 ) ) ;
#2867 = DIRECTION ( 'NONE',  ( -1.000000000000000000, -0.000000000000000000, -0.000000000000000000 ) ) ;
#2868 = CARTESIAN_POINT ( 'NONE',  ( 12.65408780780922626, 54.75708907551828020, 55.91879636748480209 ) ) ;
#2869 = CARTESIAN_POINT ( 'NONE',  ( 0.000000000000000000, 46.00000000000000000, 0.000000000000000000 ) ) ;
#2870 = DIRECTION ( 'NONE',  ( 0.000000000000000000, 0.000000000000000000, -1.000000000000000000 ) ) ;
#2871 = ORIENTED_EDGE ( 'NONE', *, *, #819, .T. ) ;
#2872 = FACE_OUTER_BOUND ( 'NONE', #1186, .T. ) ;
#2873 = LINE ( 'NONE', #6468, #1778 ) ;
#2874 = CYLINDRICAL_SURFACE ( 'NONE', #1271, 0.7499999999999937828 ) ;
#2875 = DIRECTION ( 'NONE',  ( 0.000000000000000000, 0.7071067811865474617, -0.7071067811865474617 ) ) ;
#2876 = EDGE_CURVE ( 'NONE', #914, #2423, #5347, .T. ) ;
#2877 = CARTESIAN_POINT ( 'NONE',  ( -12.61365057943554824, 55.00000000000000000, 52.83609688887024447 ) ) ;
#2878 = ORIENTED_EDGE ( 'NONE', *, *, #5712, .F. ) ;
#2879 = FACE_OUTER_BOUND ( 'NONE', #2438, .T. ) ;
#2880 = ADVANCED_FACE ( 'NONE', ( #5381 ), #5318, .F. ) ;
#2881 = CARTESIAN_POINT ( 'NONE',  ( 6.423145750507623042, 54.80000000000000426, 12.50000000000000178 ) ) ;
#2882 = CARTESIAN_POINT ( 'NONE',  ( -7.329999999999992077, 55.00000000000000000, 12.50000000000000355 ) ) ;
#2883 = CARTESIAN_POINT ( 'NONE',  ( 16.26666666666664440, 46.36666666666663872, -38.13333333333336128 ) ) ;
#2884 = ORIENTED_EDGE ( 'NONE', *, *, #5235, .F. ) ;
#2885 = ADVANCED_FACE ( 'NONE', ( #2742 ), #5371, .F. ) ;
#2886 = ADVANCED_FACE ( 'NONE', ( #5878, #768 ), #1839, .F. ) ;
#2887 = CARTESIAN_POINT ( 'NONE',  ( -13.11365057943553225, 54.04912067127666830, 56.23551453342953010 ) ) ;
#2888 = CARTESIAN_POINT ( 'NONE',  ( 6.423145750507623042, 55.00000000000000000, 12.50000000000000178 ) ) ;
#2889 = DIRECTION ( 'NONE',  ( 0.000000000000000000, 1.000000000000000000, -0.000000000000000000 ) ) ;
#2890 = CARTESIAN_POINT ( 'NONE',  ( 0.000000000000000000, 47.00000000000000000, 0.000000000000000000 ) ) ;
#2891 = ORIENTED_EDGE ( 'NONE', *, *, #4919, .F. ) ;
#2892 = EDGE_CURVE ( 'NONE', #5479, #6123, #4880, .T. ) ;
#2893 = EDGE_CURVE ( 'NONE', #2708, #2347, #2803, .T. ) ;
#2894 = DIRECTION ( 'NONE',  ( 0.000000000000000000, 1.000000000000000000, 0.000000000000000000 ) ) ;
#2895 = LINE ( 'NONE', #5439, #1761 ) ;
#2896 = CIRCLE ( 'NONE', #1421, 1.200000000000000622 ) ;
#2897 = CARTESIAN_POINT ( 'NONE',  ( -28.99999999999994671, 54.50000000000001421, -26.50000000000004263 ) ) ;
#2898 = DIRECTION ( 'NONE',  ( 0.000000000000000000, -1.000000000000000000, 0.000000000000000000 ) ) ;
#2899 = EDGE_LOOP ( 'NONE', ( #1, #6587, #4150, #5165 ) ) ;
#2900 = ORIENTED_EDGE ( 'NONE', *, *, #5687, .T. ) ;
#2901 = VECTOR ( 'NONE', #5309, 1000.000000000000000 ) ;
#2902 = DIRECTION ( 'NONE',  ( -0.000000000000000000, 1.000000000000000000, -0.000000000000000000 ) ) ;
#2903 = CARTESIAN_POINT ( 'NONE',  ( 24.00000000000000711, 53.00000000000001421, 22.69999999999999929 ) ) ;
#2904 = ORIENTED_EDGE ( 'NONE', *, *, #5968, .F. ) ;
#2905 = AXIS2_PLACEMENT_3D ( 'NONE', #2459, #6591, #4497 ) ;
#2906 = CARTESIAN_POINT ( 'NONE',  ( -1.996271631908297817, 54.80000000000000426, 27.49999999999999645 ) ) ;
#2907 = VERTEX_POINT ( 'NONE', #4343 ) ;
#2908 = CIRCLE ( 'NONE', #2176, 2.999999999999988898 ) ;
#2909 = PLANE ( 'NONE',  #2722 ) ;
#2910 = AXIS2_PLACEMENT_3D ( 'NONE', #2370, #3308, #3285 ) ;
#2911 = AXIS2_PLACEMENT_3D ( 'NONE', #3768, #1779, #2217 ) ;
#2912 = DIRECTION ( 'NONE',  ( 0.000000000000000000, 0.000000000000000000, -1.000000000000000000 ) ) ;
#2913 = ORIENTED_EDGE ( 'NONE', *, *, #3931, .F. ) ;
#2914 = DIRECTION ( 'NONE',  ( -0.7071067811865457964, 0.000000000000000000, 0.7071067811865492381 ) ) ;
#2915 = CARTESIAN_POINT ( 'NONE',  ( 12.63631527915478081, 54.92670920147143221, 55.33852585392983769 ) ) ;
#2916 = DIRECTION ( 'NONE',  ( 0.8164965809277257014, 0.5773502691896262862, 0.000000000000000000 ) ) ;
#2917 = EDGE_CURVE ( 'NONE', #1232, #4164, #4905, .T. ) ;
#2918 = CARTESIAN_POINT ( 'NONE',  ( 28.50000000000000000, 46.00000000000000000, 4.549999999999998934 ) ) ;
#2919 = ORIENTED_EDGE ( 'NONE', *, *, #2090, .F. ) ;
#2920 = CIRCLE ( 'NONE', #5709, 3.000000000000012879 ) ;
#2921 = VECTOR ( 'NONE', #3761, 1000.000000000000114 ) ;
#2922 = VERTEX_POINT ( 'NONE', #1811 ) ;
#2923 = CARTESIAN_POINT ( 'NONE',  ( -28.50000000000000000, 36.62916759300433256, 1.299999999999999156 ) ) ;
#2924 = DIRECTION ( 'NONE',  ( 0.000000000000000000, 1.000000000000000000, -0.000000000000000000 ) ) ;
#2925 = CARTESIAN_POINT ( 'NONE',  ( 32.00000000000001421, 52.50000000000000000, -13.00000000000004619 ) ) ;
#2926 = DIRECTION ( 'NONE',  ( 0.000000000000000000, 0.000000000000000000, 1.000000000000000000 ) ) ;
#2927 = CIRCLE ( 'NONE', #3883, 0.7499999999999972244 ) ;
#2928 = DIRECTION ( 'NONE',  ( 0.000000000000000000, 1.000000000000000000, -0.000000000000000000 ) ) ;
#2929 = B_SPLINE_CURVE_WITH_KNOTS ( 'NONE', 3,
 ( #1497, #4128, #4088, #5598, #3622, #1599, #1097 ),
 .UNSPECIFIED., .F., .F.,
 ( 4, 3, 4 ),
 ( 0.000000000000000000, 0.001309846275689816389, 0.003092364355725199087 ),
 .UNSPECIFIED. ) ;
#2930 = PLANE ( 'NONE',  #5821 ) ;
#2931 = EDGE_LOOP ( 'NONE', ( #90, #6570, #4790, #3719 ) ) ;
#2932 = DIRECTION ( 'NONE',  ( -0.000000000000000000, -0.000000000000000000, 1.000000000000000000 ) ) ;
#2933 = AXIS2_PLACEMENT_3D ( 'NONE', #3881, #4954, #6435 ) ;
#2934 = CARTESIAN_POINT ( 'NONE',  ( 13.11365057943552870, 53.75832514805523488, 56.64001334634417617 ) ) ;
#2935 = CARTESIAN_POINT ( 'NONE',  ( 0.000000000000000000, 46.00000000000000000, 0.000000000000000000 ) ) ;
#2936 = ORIENTED_EDGE ( 'NONE', *, *, #4569, .F. ) ;
#2937 = EDGE_CURVE ( 'NONE', #1787, #5205, #3605, .T. ) ;
#2938 = ORIENTED_EDGE ( 'NONE', *, *, #4541, .F. ) ;
#2939 = ORIENTED_EDGE ( 'NONE', *, *, #2784, .F. ) ;
#2940 = ORIENTED_EDGE ( 'NONE', *, *, #4155, .F. ) ;
#2941 = LINE ( 'NONE', #5087, #1968 ) ;
#2942 = CARTESIAN_POINT ( 'NONE',  ( 12.42955414101184530, 49.91662511868479868, 60.61500423042680552 ) ) ;
#2943 = ORIENTED_EDGE ( 'NONE', *, *, #89, .T. ) ;
#2944 = EDGE_CURVE ( 'NONE', #5406, #3724, #807, .T. ) ;
#2945 = AXIS2_PLACEMENT_3D ( 'NONE', #2064, #2563, #4137 ) ;
#2946 = DIRECTION ( 'NONE',  ( -0.000000000000000000, 1.000000000000000000, -0.000000000000000000 ) ) ;
#2947 = CARTESIAN_POINT ( 'NONE',  ( -7.330000000000000071, 54.80000000000000426, 27.49999999999999645 ) ) ;
#2948 = AXIS2_PLACEMENT_3D ( 'NONE', #1069, #5128, #589 ) ;
#2949 = CYLINDRICAL_SURFACE ( 'NONE', #1539, 2.499999999999988454 ) ;
#2950 = ORIENTED_EDGE ( 'NONE', *, *, #4254, .T. ) ;
#2951 = DIRECTION ( 'NONE',  ( 0.000000000000000000, -0.000000000000000000, -1.000000000000000000 ) ) ;
#2952 = DIRECTION ( 'NONE',  ( -1.000000000000000000, 0.000000000000000000, -0.000000000000000000 ) ) ;
#2953 = FACE_OUTER_BOUND ( 'NONE', #956, .T. ) ;
#2954 = CARTESIAN_POINT ( 'NONE',  ( 10.62669654684135345, 55.00000000000000000, 62.60449920334279739 ) ) ;
#2955 = ORIENTED_EDGE ( 'NONE', *, *, #875, .T. ) ;
#2956 = PRODUCT_DEFINITION_FORMATION_WITH_SPECIFIED_SOURCE ( 'ANY', '', #1225, .NOT_KNOWN. ) ;
#2957 = EDGE_LOOP ( 'NONE', ( #5677, #6376, #2509, #934 ) ) ;
#2958 = ADVANCED_FACE ( 'NONE', ( #197 ), #31, .F. ) ;
#2959 = B_SPLINE_CURVE_WITH_KNOTS ( 'NONE', 3,
 ( #4236, #722, #6289, #2754, #4265, #788, #4736, #2785 ),
 .UNSPECIFIED., .F., .F.,
 ( 4, 2, 2, 4 ),
 ( 0.000000000000000000, 0.2500000000000019984, 0.5000000000000039968, 1.000000000000000000 ),
 .UNSPECIFIED. ) ;
#2960 = CARTESIAN_POINT ( 'NONE',  ( -12.68785475926285855, 54.05724531758133367, 57.04887038331415994 ) ) ;
#2961 = VERTEX_POINT ( 'NONE', #1260 ) ;
#2962 = FACE_OUTER_BOUND ( 'NONE', #6619, .T. ) ;
#2963 = FACE_OUTER_BOUND ( 'NONE', #5094, .T. ) ;
#2964 = ORIENTED_EDGE ( 'NONE', *, *, #1130, .T. ) ;
#2965 = LINE ( 'NONE', #5003, #6104 ) ;
#2966 = EDGE_CURVE ( 'NONE', #310, #6348, #2340, .T. ) ;
#2967 = LINE ( 'NONE', #424, #1671 ) ;
#2968 = ORIENTED_EDGE ( 'NONE', *, *, #2697, .F. ) ;
#2969 = DIRECTION ( 'NONE',  ( 1.000000000000000000, 0.000000000000000000, 0.000000000000000000 ) ) ;
#2970 = DIRECTION ( 'NONE',  ( 0.000000000000000000, -1.000000000000000000, 0.000000000000000000 ) ) ;
#2971 = EDGE_CURVE ( 'NONE', #4961, #762, #6362, .T. ) ;
#2972 = EDGE_LOOP ( 'NONE', ( #1530, #2778, #1359, #811 ) ) ;
#2973 = ORIENTED_EDGE ( 'NONE', *, *, #802, .T. ) ;
#2974 = EDGE_LOOP ( 'NONE', ( #363, #6189, #3696, #3105 ) ) ;
#2975 = EDGE_CURVE ( 'NONE', #436, #2425, #2275, .T. ) ;
#2976 = ORIENTED_EDGE ( 'NONE', *, *, #1879, .F. ) ;
#2977 = EDGE_CURVE ( 'NONE', #6307, #2772, #6420, .T. ) ;
#2978 = ORIENTED_EDGE ( 'NONE', *, *, #2643, .F. ) ;
#2979 = FACE_OUTER_BOUND ( 'NONE', #5998, .T. ) ;
#2980 = ADVANCED_FACE ( 'NONE', ( #325 ), #1350, .F. ) ;
#2981 = ORIENTED_EDGE ( 'NONE', *, *, #1404, .T. ) ;
#2982 = DIRECTION ( 'NONE',  ( 0.000000000000000000, 0.000000000000000000, 1.000000000000000000 ) ) ;
#2983 = VERTEX_POINT ( 'NONE', #5289 ) ;
#2984 = CARTESIAN_POINT ( 'NONE',  ( -12.62423424905010627, 54.98433154773169917, 54.94961290624060979 ) ) ;
#2985 = LINE ( 'NONE', #2849, #2397 ) ;
#2986 = EDGE_CURVE ( 'NONE', #6195, #1953, #5515, .T. ) ;
#2987 = DIRECTION ( 'NONE',  ( -0.000000000000000000, -1.000000000000000000, -0.000000000000000000 ) ) ;
#2988 = ORIENTED_EDGE ( 'NONE', *, *, #756, .T. ) ;
#2989 = DIRECTION ( 'NONE',  ( -1.000000000000000000, -0.000000000000000000, 5.575660896369544968E-16 ) ) ;
#2990 = DIRECTION ( 'NONE',  ( -1.000000000000000000, 0.000000000000000000, 0.000000000000000000 ) ) ;
#2991 = CARTESIAN_POINT ( 'NONE',  ( -28.53000000000001890, 54.00000000000000000, -12.69000000000003325 ) ) ;
#2992 = ORIENTED_EDGE ( 'NONE', *, *, #5401, .T. ) ;
#2993 = ORIENTED_EDGE ( 'NONE', *, *, #5348, .F. ) ;
#2994 = CARTESIAN_POINT ( 'NONE',  ( -12.65735739502269830, 54.71337825077400652, 56.02662805153977388 ) ) ;
#2995 = CARTESIAN_POINT ( 'NONE',  ( 32.00000000000001421, 52.50000000000000000, -8.016050719315200531E-15 ) ) ;
#2996 = DIRECTION ( 'NONE',  ( -0.000000000000000000, -1.000000000000000000, -0.000000000000000000 ) ) ;
#2997 = LINE ( 'NONE', #3106, #2267 ) ;
#2998 = ORIENTED_EDGE ( 'NONE', *, *, #1105, .F. ) ;
#2999 = FACE_OUTER_BOUND ( 'NONE', #5898, .T. ) ;
#3000 = ORIENTED_EDGE ( 'NONE', *, *, #4069, .F. ) ;
#3001 = CARTESIAN_POINT ( 'NONE',  ( 23.49999999999991829, 54.50000000000000000, -6.000000000000043521 ) ) ;
#3002 = FACE_OUTER_BOUND ( 'NONE', #4125, .T. ) ;
#3003 = CLOSED_SHELL ( 'NONE', ( #3545, #2688, #3735, #1674, #5148, #6347, #170, #4289, #4643, #2323, #2838, #1386, #2336, #340, #2723, #1040, #1808, #311, #6385, #20, #1724, #619, #1771, #1517, #3071, #181, #224, #6388, #1973, #806, #4988, #5809, #1511, #474, #1471, #4914, #3508, #5432, #2154, #3204, #5805, #4985, #6042, #5578, #6196, #5281, #3371, #4815, #2075, #5696, #5648, #146, #2880, #1317, #696, #1594, #238, #3302, #985, #889, #6554, #2980, #2764, #4494, #3587, #5929, #3749, #1392, #1172, #3953, #3076, #6248, #2350, #1718, #883, #6201, #898, #6049, #3642, #2886, #1635, #5315, #5549, #2569, #3780, #5241, #3160, #2804, #1796, #6455, #6402, #1873, #4002, #1204, #1210, #250, #5275, #4664, #381, #3188, #5765, #1606, #1925, #1830, #6371, #3445, #4282, #4167, #5319, #2620, #2482, #5631, #2052, #2049, #2008, #2611, #6110, #2958, #4003, #4576, #705, #1813, #6266, #2885, #6170, #3918, #5020, #3946, #1951, #5297, #218, #4975, #3486, #5300, #5910, #3817, #550, #4222, #5983, #3191, #4362, #3725, #394, #1400, #4175, #6218, #1062, #4249, #1431, #5226, #1434, #5198, #5429, #4063, #5462, #22, #3516, #1802, #4367, #994, #5542, #1735, #6528, #3236, #2398, #4334, #2408, #6339, #676, #5133, #4483, #6169, #4071, #5558, #2665, #6029, #737, #4163, #969, #522, #2371, #359, #2542, #5879, #3926, #951, #2766, #2774, #1034, #1117, #1361, #6409, #5027, #4651, #4565, #4661, #4981, #1725, #782, #1550, #5676, #2454, #3547, #3391, #3745 ) ) ;
#3004 = VERTEX_POINT ( 'NONE', #3504 ) ;
#3005 = ORIENTED_EDGE ( 'NONE', *, *, #5553, .T. ) ;
#3006 = ORIENTED_EDGE ( 'NONE', *, *, #6274, .F. ) ;
#3007 = VECTOR ( 'NONE', #1185, 1000.000000000000000 ) ;
#3008 = VERTEX_POINT ( 'NONE', #2435 ) ;
#3009 = LINE ( 'NONE', #1459, #1326 ) ;
#3010 = CARTESIAN_POINT ( 'NONE',  ( 12.68847682387505138, 52.58116712097694290, 58.56078713679215753 ) ) ;
#3011 = ORIENTED_EDGE ( 'NONE', *, *, #2966, .F. ) ;
#3012 = CARTESIAN_POINT ( 'NONE',  ( 24.39999999999999858, 46.00000000000000000, -29.50000000000007105 ) ) ;
#3013 = PLANE ( 'NONE',  #4111 ) ;
#3014 = CIRCLE ( 'NONE', #1843, 5.999999999999998224 ) ;
#3015 = ORIENTED_EDGE ( 'NONE', *, *, #3851, .T. ) ;
#3016 = DIRECTION ( 'NONE',  ( 1.000000000000000000, 0.000000000000000000, 0.000000000000000000 ) ) ;
#3017 = VERTEX_POINT ( 'NONE', #3432 ) ;
#3018 = CIRCLE ( 'NONE', #4832, 1.400000000000000133 ) ;
#3019 = AXIS2_PLACEMENT_3D ( 'NONE', #1919, #4561, #5095 ) ;
#3020 = DIRECTION ( 'NONE',  ( -1.000000000000000000, 0.000000000000000000, -0.000000000000000000 ) ) ;
#3021 = CARTESIAN_POINT ( 'NONE',  ( 29.62132034355966681, 52.50000000000000000, 30.55025253169417354 ) ) ;
#3022 = DIRECTION ( 'NONE',  ( 0.000000000000000000, 0.000000000000000000, 1.000000000000000000 ) ) ;
#3023 = ORIENTED_EDGE ( 'NONE', *, *, #3718, .T. ) ;
#3024 = EDGE_CURVE ( 'NONE', #3197, #1453, #5702, .T. ) ;
#3025 = VECTOR ( 'NONE', #4038, 1000.000000000000000 ) ;
#3026 = ORIENTED_EDGE ( 'NONE', *, *, #5114, .F. ) ;
#3027 = CIRCLE ( 'NONE', #1853, 4.750000000000000888 ) ;
#3028 = CARTESIAN_POINT ( 'NONE',  ( -13.11365057943553225, 54.25432421494916468, 55.83316986312858177 ) ) ;
#3029 = CARTESIAN_POINT ( 'NONE',  ( 0.000000000000000000, 55.00000000000000000, 56.05025253169416288 ) ) ;
#3030 = AXIS2_PLACEMENT_3D ( 'NONE', #1076, #6108, #5675 ) ;
#3031 = CIRCLE ( 'NONE', #2187, 3.000000000000016431 ) ;
#3032 = CARTESIAN_POINT ( 'NONE',  ( 12.68539814717925118, 49.98965185180276904, 61.20967488441974069 ) ) ;
#3033 = VERTEX_POINT ( 'NONE', #1412 ) ;
#3034 = VECTOR ( 'NONE', #6379, 1000.000000000000000 ) ;
#3035 = VECTOR ( 'NONE', #3207, 999.9999999999998863 ) ;
#3036 = DIRECTION ( 'NONE',  ( 0.000000000000000000, 1.000000000000000000, -0.000000000000000000 ) ) ;
#3037 = VERTEX_POINT ( 'NONE', #5576 ) ;
#3038 = CARTESIAN_POINT ( 'NONE',  ( -12.68539812007590939, 49.98965181381829836, 61.20967492882839167 ) ) ;
#3039 = CARTESIAN_POINT ( 'NONE',  ( -31.12132034355959220, 55.00000000000000000, 32.67157287525391496 ) ) ;
#3040 = AXIS2_PLACEMENT_3D ( 'NONE', #4913, #2379, #5889 ) ;
#3041 = VERTEX_POINT ( 'NONE', #6529 ) ;
#3042 = VERTEX_POINT ( 'NONE', #2540 ) ;
#3043 = CARTESIAN_POINT ( 'NONE',  ( 28.00000000000002487, 46.00000000000000000, 29.05025253169417354 ) ) ;
#3044 = VECTOR ( 'NONE', #5962, 1000.000000000000000 ) ;
#3045 = EDGE_CURVE ( 'NONE', #462, #6192, #499, .T. ) ;
#3046 = ORIENTED_EDGE ( 'NONE', *, *, #2446, .T. ) ;
#3047 = CARTESIAN_POINT ( 'NONE',  ( 32.00000000000001421, 52.50000000000000000, 13.70000000000002061 ) ) ;
#3048 = ORIENTED_EDGE ( 'NONE', *, *, #4499, .T. ) ;
#3049 = FACE_OUTER_BOUND ( 'NONE', #6516, .T. ) ;
#3050 = ORIENTED_EDGE ( 'NONE', *, *, #3164, .T. ) ;
#3051 = CARTESIAN_POINT ( 'NONE',  ( -12.66930383452671371, 54.51567134897200617, 56.42334433597344656 ) ) ;
#3052 = ORIENTED_EDGE ( 'NONE', *, *, #663, .F. ) ;
#3053 = CARTESIAN_POINT ( 'NONE',  ( -1.996271631908297817, 54.80000000000000426, 27.49999999999999645 ) ) ;
#3054 = EDGE_CURVE ( 'NONE', #3586, #1867, #5049, .T. ) ;
#3055 = VECTOR ( 'NONE', #2410, 1000.000000000000000 ) ;
#3056 = EDGE_CURVE ( 'NONE', #6475, #4623, #5546, .T. ) ;
#3057 = CARTESIAN_POINT ( 'NONE',  ( 12.42992376301909196, 50.83305439388534097, 59.67913324443263434 ) ) ;
#3058 = VERTEX_POINT ( 'NONE', #2403 ) ;
#3059 = CARTESIAN_POINT ( 'NONE',  ( 26.50000000000002487, 46.00000000000000000, 14.19999999999999751 ) ) ;
#3060 = VERTEX_POINT ( 'NONE', #4937 ) ;
#3061 = VECTOR ( 'NONE', #2244, 1000.000000000000000 ) ;
#3062 = CARTESIAN_POINT ( 'NONE',  ( -7.330000000000000071, 54.80000000000000426, 27.49999999999999645 ) ) ;
#3063 = CARTESIAN_POINT ( 'NONE',  ( -27.97918471982874777, 52.50000000000000000, 23.00000000000000000 ) ) ;
#3064 = CARTESIAN_POINT ( 'NONE',  ( -12.43062650674724345, 52.50000000000001421, 57.97522497504744621 ) ) ;
#3065 = ORIENTED_EDGE ( 'NONE', *, *, #5045, .T. ) ;
#3066 = VECTOR ( 'NONE', #3877, 1000.000000000000000 ) ;
#3067 = VERTEX_POINT ( 'NONE', #3039 ) ;
#3068 = EDGE_CURVE ( 'NONE', #4560, #2221, #3140, .T. ) ;
#3069 = LINE ( 'NONE', #10, #1673 ) ;
#3070 = CARTESIAN_POINT ( 'NONE',  ( -5.977683897477895414, 52.50000000000000000, 38.01621944811221709 ) ) ;
#3071 = ADVANCED_FACE ( 'NONE', ( #3002 ), #1909, .F. ) ;
#3072 = CARTESIAN_POINT ( 'NONE',  ( -29.93000000000001393, 52.50000000000000000, -22.94000000000003325 ) ) ;
#3073 = FACE_OUTER_BOUND ( 'NONE', #5842, .T. ) ;
#3074 = EDGE_LOOP ( 'NONE', ( #1730, #128, #3559, #1101 ) ) ;
#3075 = CARTESIAN_POINT ( 'NONE',  ( -30.50000000000000711, 52.50000000000000000, 21.49999999999999645 ) ) ;
#3076 = ADVANCED_FACE ( 'NONE', ( #940 ), #5081, .T. ) ;
#3077 = PLANE ( 'NONE',  #5156 ) ;
#3078 = ORIENTED_EDGE ( 'NONE', *, *, #4751, .F. ) ;
#3079 = CARTESIAN_POINT ( 'NONE',  ( 32.50000000000000711, 54.50000000000000000, 22.69999999999999929 ) ) ;
#3080 = CARTESIAN_POINT ( 'NONE',  ( -13.11365057943553225, 54.42183253274919252, 55.41729145136186929 ) ) ;
#3081 = VERTEX_POINT ( 'NONE', #6631 ) ;
#3082 = DIRECTION ( 'NONE',  ( -0.000000000000000000, 0.000000000000000000, 1.000000000000000000 ) ) ;
#3083 = VERTEX_POINT ( 'NONE', #6601 ) ;
#3084 = DIRECTION ( 'NONE',  ( 0.7071067811865486830, -0.000000000000000000, 0.7071067811865464625 ) ) ;
#3085 = VERTEX_POINT ( 'NONE', #6083 ) ;
#3086 = DIRECTION ( 'NONE',  ( 0.000000000000000000, 1.000000000000000000, -0.000000000000000000 ) ) ;
#3087 = DIRECTION ( 'NONE',  ( 1.005636797667714286E-15, 0.000000000000000000, 1.000000000000000000 ) ) ;
#3088 = CARTESIAN_POINT ( 'NONE',  ( 12.63199407170818489, 54.95283052410942304, 55.19883538481035146 ) ) ;
#3089 = ORIENTED_EDGE ( 'NONE', *, *, #1943, .F. ) ;
#3090 =( NAMED_UNIT ( * ) SI_UNIT ( $, .STERADIAN. ) SOLID_ANGLE_UNIT ( ) );
#3091 = CYLINDRICAL_SURFACE ( 'NONE', #157, 4.749999999999986677 ) ;
#3092 = EDGE_LOOP ( 'NONE', ( #2155, #2130 ) ) ;
#3093 = DIRECTION ( 'NONE',  ( 0.7071067811865499042, -0.000000000000000000, 0.7071067811865451302 ) ) ;
#3094 = EDGE_LOOP ( 'NONE', ( #3589, #1684, #725, #5474 ) ) ;
#3095 = CARTESIAN_POINT ( 'NONE',  ( 25.50000000000002487, 52.50000000000000000, -22.50000000000003908 ) ) ;
#3096 = FACE_OUTER_BOUND ( 'NONE', #4853, .T. ) ;
#3097 = CARTESIAN_POINT ( 'NONE',  ( 13.11365057943553047, 53.62132034355964549, 56.78756650747477153 ) ) ;
#3098 = ORIENTED_EDGE ( 'NONE', *, *, #2356, .F. ) ;
#3099 = ORIENTED_EDGE ( 'NONE', *, *, #1253, .T. ) ;
#3100 = DIRECTION ( 'NONE',  ( 0.000000000000000000, 1.000000000000000000, -0.000000000000000000 ) ) ;
#3101 = CARTESIAN_POINT ( 'NONE',  ( -30.50000000000000355, 52.50000000000000000, -1.950000000000001288 ) ) ;
#3102 = LINE ( 'NONE', #1075, #5835 ) ;
#3103 = CARTESIAN_POINT ( 'NONE',  ( -7.329999999999992077, 55.00000000000000000, 31.50000000000000000 ) ) ;
#3104 = EDGE_CURVE ( 'NONE', #4042, #4732, #2042, .T. ) ;
#3105 = ORIENTED_EDGE ( 'NONE', *, *, #4624, .T. ) ;
#3106 = CARTESIAN_POINT ( 'NONE',  ( 26.50000000000002487, 52.50000000000000000, 0.000000000000000000 ) ) ;
#3107 = EDGE_CURVE ( 'NONE', #3702, #6085, #1383, .T. ) ;
#3108 = LINE ( 'NONE', #5780, #127 ) ;
#3109 = DIRECTION ( 'NONE',  ( -1.000000000000000000, 0.000000000000000000, 1.005636797667714286E-15 ) ) ;
#3110 = ORIENTED_EDGE ( 'NONE', *, *, #5208, .F. ) ;
#3111 = DIRECTION ( 'NONE',  ( 1.000000000000000000, 0.000000000000000000, 0.000000000000000000 ) ) ;
#3112 = CARTESIAN_POINT ( 'NONE',  ( -12.61365057943553047, 50.94832942187558444, 59.25703375029929987 ) ) ;
#3113 = ORIENTED_EDGE ( 'NONE', *, *, #2856, .F. ) ;
#3114 = EDGE_CURVE ( 'NONE', #4056, #3083, #2468, .T. ) ;
#3115 = EDGE_CURVE ( 'NONE', #3930, #3210, #4068, .T. ) ;
#3116 = DIRECTION ( 'NONE',  ( 1.476360405086643077E-16, 0.000000000000000000, -1.000000000000000000 ) ) ;
#3117 = ORIENTED_EDGE ( 'NONE', *, *, #1748, .F. ) ;
#3118 = CARTESIAN_POINT ( 'NONE',  ( 26.50000000000002842, 0.000000000000000000, -14.00000000000004796 ) ) ;
#3119 = VERTEX_POINT ( 'NONE', #6015 ) ;
#3120 = LINE ( 'NONE', #4278, #2836 ) ;
#3121 = CARTESIAN_POINT ( 'NONE',  ( -28.53000000000001890, 52.75000000000000000, -21.54000000000003823 ) ) ;
#3122 = CARTESIAN_POINT ( 'NONE',  ( -12.65028734040060598, 54.80314094651701140, 55.79363097024011608 ) ) ;
#3123 = LINE ( 'NONE', #2549, #3157 ) ;
#3124 = ORIENTED_EDGE ( 'NONE', *, *, #4785, .F. ) ;
#3125 = LINE ( 'NONE', #2584, #5265 ) ;
#3126 = VERTEX_POINT ( 'NONE', #3928 ) ;
#3127 = DIRECTION ( 'NONE',  ( 0.000000000000000000, 0.000000000000000000, 1.000000000000000000 ) ) ;
#3128 = DIRECTION ( 'NONE',  ( 0.000000000000000000, -1.000000000000000000, 0.000000000000000000 ) ) ;
#3129 = CIRCLE ( 'NONE', #225, 1.500000000000001332 ) ;
#3130 = CARTESIAN_POINT ( 'NONE',  ( 13.11365057943553047, 54.50000000000001421, 54.49461420495752861 ) ) ;
#3131 = ORIENTED_EDGE ( 'NONE', *, *, #3994, .F. ) ;
#3132 = EDGE_LOOP ( 'NONE', ( #2106, #6204, #1828, #1473 ) ) ;
#3133 = VECTOR ( 'NONE', #4717, 1000.000000000000000 ) ;
#3134 = EDGE_CURVE ( 'NONE', #4557, #1886, #1977, .T. ) ;
#3135 = LINE ( 'NONE', #2062, #2401 ) ;
#3136 = LINE ( 'NONE', #1503, #4396 ) ;
#3137 = CARTESIAN_POINT ( 'NONE',  ( -8.079999999999996518, 54.80000000000000426, 17.24999999999999289 ) ) ;
#3138 = CARTESIAN_POINT ( 'NONE',  ( -12.43036385698309587, 51.88948257832515054, 58.59956338047668112 ) ) ;
#3139 = ORIENTED_EDGE ( 'NONE', *, *, #6009, .F. ) ;
#3140 = CIRCLE ( 'NONE', #3446, 62.99999999999998579 ) ;
#3141 = VECTOR ( 'NONE', #3620, 1000.000000000000000 ) ;
#3142 = EDGE_CURVE ( 'NONE', #1642, #5520, #4008, .T. ) ;
#3143 = DIRECTION ( 'NONE',  ( 0.000000000000000000, -1.000000000000000000, 0.000000000000000000 ) ) ;
#3144 = CIRCLE ( 'NONE', #3030, 1.500000000000001332 ) ;
#3145 = DIRECTION ( 'NONE',  ( -1.000000000000000000, 0.000000000000000000, -2.312964634635745817E-15 ) ) ;
#3146 = AXIS2_PLACEMENT_3D ( 'NONE', #5692, #6229, #2117 ) ;
#3147 = ORIENTED_EDGE ( 'NONE', *, *, #5786, .T. ) ;
#3148 = DIRECTION ( 'NONE',  ( 1.005636797667714286E-15, 0.000000000000000000, 1.000000000000000000 ) ) ;
#3149 = CARTESIAN_POINT ( 'NONE',  ( -13.11365057943554291, 54.50000000000001421, 2.670929285345373881E-15 ) ) ;
#3150 = EDGE_LOOP ( 'NONE', ( #1970, #6118, #3300, #6606 ) ) ;
#3151 = VECTOR ( 'NONE', #1706, 1000.000000000000000 ) ;
#3152 = CARTESIAN_POINT ( 'NONE',  ( 12.61365057943553225, 46.00000000000000000, 52.83609688887024447 ) ) ;
#3153 = VECTOR ( 'NONE', #2641, 1000.000000000000000 ) ;
#3154 = DIRECTION ( 'NONE',  ( -0.5000000000000009992, -0.7071067811865461294, 0.5000000000000009992 ) ) ;
#3155 = ORIENTED_EDGE ( 'NONE', *, *, #4931, .F. ) ;
#3156 = DIRECTION ( 'NONE',  ( 0.000000000000000000, -1.000000000000000000, 0.000000000000000000 ) ) ;
#3157 = VECTOR ( 'NONE', #1093, 1000.000000000000000 ) ;
#3158 = CARTESIAN_POINT ( 'NONE',  ( -25.10000000000000142, 47.00000000000000000, -23.00000000000004263 ) ) ;
#3159 = DIRECTION ( 'NONE',  ( 0.000000000000000000, -0.000000000000000000, -1.000000000000000000 ) ) ;
#3160 = ADVANCED_FACE ( 'NONE', ( #461 ), #2508, .T. ) ;
#3161 = DIRECTION ( 'NONE',  ( -0.7071067811865376918, 0.000000000000000000, 0.7071067811865573427 ) ) ;
#3162 = VECTOR ( 'NONE', #4676, 1000.000000000000000 ) ;
#3163 = ORIENTED_EDGE ( 'NONE', *, *, #3196, .T. ) ;
#3164 = EDGE_CURVE ( 'NONE', #2763, #1570, #2074, .T. ) ;
#3165 = DIRECTION ( 'NONE',  ( 0.000000000000000000, -0.7071067811865525687, -0.7071067811865425767 ) ) ;
#3166 = ORIENTED_EDGE ( 'NONE', *, *, #465, .F. ) ;
#3167 = DIRECTION ( 'NONE',  ( 0.000000000000000000, 0.000000000000000000, 1.000000000000000000 ) ) ;
#3168 = CIRCLE ( 'NONE', #260, 63.49999999999998579 ) ;
#3169 = CARTESIAN_POINT ( 'NONE',  ( 22.50000000000000711, 54.50000000000000000, 14.69999999999999751 ) ) ;
#3170 = DIRECTION ( 'NONE',  ( -1.000000000000000000, 0.000000000000000000, 5.782411586589355667E-16 ) ) ;
#3171 = ORIENTED_EDGE ( 'NONE', *, *, #4868, .F. ) ;
#3172 = CIRCLE ( 'NONE', #4013, 3.499999999999999556 ) ;
#3173 = CARTESIAN_POINT ( 'NONE',  ( -12.61365057943554291, 55.00000000000000000, 54.61251347380554222 ) ) ;
#3174 = DIRECTION ( 'NONE',  ( -0.000000000000000000, 1.000000000000000000, -0.000000000000000000 ) ) ;
#3175 = LINE ( 'NONE', #1610, #2211 ) ;
#3176 = PLANE ( 'NONE',  #687 ) ;
#3177 = EDGE_LOOP ( 'NONE', ( #814, #750, #2093, #5647 ) ) ;
#3178 = VECTOR ( 'NONE', #863, 1000.000000000000000 ) ;
#3179 = CARTESIAN_POINT ( 'NONE',  ( 12.61365057943552870, 52.50000000000000711, 57.67056687645473545 ) ) ;
#3180 = CARTESIAN_POINT ( 'NONE',  ( 2.003728368091744816, 54.80000000000000426, 31.50000000000000000 ) ) ;
#3181 = CARTESIAN_POINT ( 'NONE',  ( 11.69860685266134404, 49.20019329514372686, 62.20969223024852823 ) ) ;
#3182 = DIRECTION ( 'NONE',  ( -0.7071067811865475727, -0.000000000000000000, 0.7071067811865474617 ) ) ;
#3183 = CIRCLE ( 'NONE', #71, 4.749999999999986677 ) ;
#3184 = CARTESIAN_POINT ( 'NONE',  ( -23.49999999999991829, 52.50000000000000000, -6.000000000000043521 ) ) ;
#3185 = ORIENTED_EDGE ( 'NONE', *, *, #5185, .F. ) ;
#3186 = DIRECTION ( 'NONE',  ( 0.000000000000000000, 0.000000000000000000, -1.000000000000000000 ) ) ;
#3187 = CARTESIAN_POINT ( 'NONE',  ( -13.11365057943553047, 53.62132034355964549, 56.78756650747477153 ) ) ;
#3188 = ADVANCED_FACE ( 'NONE', ( #528 ), #4110, .F. ) ;
#3189 = ORIENTED_EDGE ( 'NONE', *, *, #4673, .T. ) ;
#3190 = DIRECTION ( 'NONE',  ( 1.476360405086643077E-16, 0.000000000000000000, -1.000000000000000000 ) ) ;
#3191 = ADVANCED_FACE ( 'NONE', ( #5145 ), #5181, .F. ) ;
#3192 = PLANE ( 'NONE',  #4095 ) ;
#3193 = FACE_OUTER_BOUND ( 'NONE', #942, .T. ) ;
#3194 = DIRECTION ( 'NONE',  ( -5.782411586589359611E-16, 0.000000000000000000, -1.000000000000000000 ) ) ;
#3195 = EDGE_CURVE ( 'NONE', #1942, #5202, #2389, .T. ) ;
#3196 = EDGE_CURVE ( 'NONE', #4250, #4291, #2642, .T. ) ;
#3197 = VERTEX_POINT ( 'NONE', #19 ) ;
#3198 = DIRECTION ( 'NONE',  ( 0.000000000000000000, -0.7071067811865378028, 0.7071067811865573427 ) ) ;
#3199 = ORIENTED_EDGE ( 'NONE', *, *, #4722, .F. ) ;
#3200 = PLANE ( 'NONE',  #2518 ) ;
#3201 = ORIENTED_EDGE ( 'NONE', *, *, #5107, .F. ) ;
#3202 = CARTESIAN_POINT ( 'NONE',  ( -27.35786437626910939, 52.50000000000000000, 23.00000000000000000 ) ) ;
#3203 = CARTESIAN_POINT ( 'NONE',  ( 28.99999999999996803, 46.00000000000000000, -30.00000000000004263 ) ) ;
#3204 = ADVANCED_FACE ( 'NONE', ( #2672 ), #4714, .F. ) ;
#3205 = ORIENTED_EDGE ( 'NONE', *, *, #1879, .T. ) ;
#3206 = CARTESIAN_POINT ( 'NONE',  ( 26.50000000000002487, 52.50000000000000000, 0.000000000000000000 ) ) ;
#3207 = DIRECTION ( 'NONE',  ( 0.7071067811865462405, 0.000000000000000000, -0.7071067811865489050 ) ) ;
#3208 = CYLINDRICAL_SURFACE ( 'NONE', #816, 1.500000000000001332 ) ;
#3209 = CARTESIAN_POINT ( 'NONE',  ( 23.49999999999991829, 55.00000000000000000, -6.000000000000043521 ) ) ;
#3210 = VERTEX_POINT ( 'NONE', #1083 ) ;
#3211 = B_SPLINE_CURVE_WITH_KNOTS ( 'NONE', 3,
 ( #1583, #96, #3112, #1545, #2145, #5684, #4180 ),
 .UNSPECIFIED., .F., .F.,
 ( 4, 3, 4 ),
 ( 0.000000000000000000, 0.001309844469555958898, 0.003092364359979050698 ),
 .UNSPECIFIED. ) ;
#3212 = CARTESIAN_POINT ( 'NONE',  ( 11.50213408806564352, 49.12635151314709958, 62.32149875767746039 ) ) ;
#3213 = CARTESIAN_POINT ( 'NONE',  ( 32.00000000000001421, 46.00000000000000000, 4.549999999999998934 ) ) ;
#3214 = ORIENTED_EDGE ( 'NONE', *, *, #82, .F. ) ;
#3215 = LINE ( 'NONE', #2701, #1136 ) ;
#3216 = CARTESIAN_POINT ( 'NONE',  ( -20.93629150101522640, 52.50000000000000000, 20.93629150101530811 ) ) ;
#3217 = ORIENTED_EDGE ( 'NONE', *, *, #2290, .T. ) ;
#3218 = ORIENTED_EDGE ( 'NONE', *, *, #1024, .T. ) ;
#3219 = DIRECTION ( 'NONE',  ( 0.000000000000000000, 1.000000000000000000, -0.000000000000000000 ) ) ;
#3220 = EDGE_CURVE ( 'NONE', #2700, #5560, #3211, .T. ) ;
#3221 = CARTESIAN_POINT ( 'NONE',  ( 13.11365057943552692, 54.35740025157582522, 55.55143062989489522 ) ) ;
#3222 = FACE_OUTER_BOUND ( 'NONE', #6530, .T. ) ;
#3223 = ORIENTED_EDGE ( 'NONE', *, *, #3986, .T. ) ;
#3224 = LINE ( 'NONE', #138, #2703 ) ;
#3225 = ORIENTED_EDGE ( 'NONE', *, *, #839, .T. ) ;
#3226 = DIRECTION ( 'NONE',  ( 0.000000000000000000, 1.000000000000000000, 0.000000000000000000 ) ) ;
#3227 = CARTESIAN_POINT ( 'NONE',  ( 12.42915522977723164, 51.74739310165924167, 58.74701849258272546 ) ) ;
#3228 = DIRECTION ( 'NONE',  ( 1.000000000000000000, 0.000000000000000000, 0.000000000000000000 ) ) ;
#3229 = VECTOR ( 'NONE', #2744, 1000.000000000000000 ) ;
#3230 = ORIENTED_EDGE ( 'NONE', *, *, #4574, .T. ) ;
#3231 = TOROIDAL_SURFACE ( 'NONE', #2790, 56.05025253169416288, 3.500000000000000000 ) ;
#3232 = LINE ( 'NONE', #3752, #6473 ) ;
#3233 = CARTESIAN_POINT ( 'NONE',  ( 24.00000000000000711, 53.00000000000001421, 22.69999999999999929 ) ) ;
#3234 = PLANE ( 'NONE',  #3596 ) ;
#3235 = CARTESIAN_POINT ( 'NONE',  ( -26.76662326436239780, 54.19999999999999574, 37.73337673563762706 ) ) ;
#3236 = ADVANCED_FACE ( 'NONE', ( #2605 ), #1051, .F. ) ;
#3237 = ORIENTED_EDGE ( 'NONE', *, *, #103, .T. ) ;
#3238 = LINE ( 'NONE', #5274, #4505 ) ;
#3239 = VECTOR ( 'NONE', #525, 1000.000000000000000 ) ;
#3240 = CARTESIAN_POINT ( 'NONE',  ( -8.079999999999996518, 55.00000000000000000, 26.75000000000000000 ) ) ;
#3241 = EDGE_CURVE ( 'NONE', #6185, #6471, #3573, .T. ) ;
#3242 = ORIENTED_EDGE ( 'NONE', *, *, #4599, .F. ) ;
#3243 = DIRECTION ( 'NONE',  ( 0.000000000000000000, 1.000000000000000000, -0.000000000000000000 ) ) ;
#3244 = AXIS2_PLACEMENT_3D ( 'NONE', #1900, #4535, #3395 ) ;
#3245 = VECTOR ( 'NONE', #1354, 1000.000000000000000 ) ;
#3246 = FACE_OUTER_BOUND ( 'NONE', #5836, .T. ) ;
#3247 = VERTEX_POINT ( 'NONE', #161 ) ;
#3248 = AXIS2_PLACEMENT_3D ( 'NONE', #666, #3364, #5907 ) ;
#3249 = AXIS2_PLACEMENT_3D ( 'NONE', #3344, #5857, #2343 ) ;
#3250 = CARTESIAN_POINT ( 'NONE',  ( 11.91067912242606219, 49.24019802635143606, 61.40853542480175520 ) ) ;
#3251 = DIRECTION ( 'NONE',  ( 0.7071067811865499042, -0.000000000000000000, 0.7071067811865451302 ) ) ;
#3252 = DIRECTION ( 'NONE',  ( 1.000000000000000000, 0.000000000000000000, -0.000000000000000000 ) ) ;
#3253 = AXIS2_PLACEMENT_3D ( 'NONE', #1827, #1766, #5841 ) ;
#3254 = VECTOR ( 'NONE', #6297, 999.9999999999998863 ) ;
#3255 = CARTESIAN_POINT ( 'NONE',  ( -27.83000000000001251, 52.50000000000000000, -15.34000000000003183 ) ) ;
#3256 = EDGE_CURVE ( 'NONE', #3085, #2773, #3676, .T. ) ;
#3257 = CIRCLE ( 'NONE', #358, 1.199999999999999734 ) ;
#3258 = LINE ( 'NONE', #713, #5906 ) ;
#3259 = ORIENTED_EDGE ( 'NONE', *, *, #4276, .F. ) ;
#3260 = DIRECTION ( 'NONE',  ( 0.000000000000000000, 0.000000000000000000, -1.000000000000000000 ) ) ;
#3261 = CARTESIAN_POINT ( 'NONE',  ( -12.42961159849682318, 52.66973888400676174, 57.80341337088869835 ) ) ;
#3262 = CARTESIAN_POINT ( 'NONE',  ( 28.50000000000000000, 46.00000000000000000, 26.00000000000000000 ) ) ;
#3263 = AXIS2_PLACEMENT_3D ( 'NONE', #4590, #4621, #6643 ) ;
#3264 = EDGE_CURVE ( 'NONE', #1453, #1942, #4381, .T. ) ;
#3265 = ORIENTED_EDGE ( 'NONE', *, *, #1613, .T. ) ;
#3266 = CIRCLE ( 'NONE', #5076, 1.500000000000001332 ) ;
#3267 = DIRECTION ( 'NONE',  ( 0.7071067811865492381, 0.000000000000000000, -0.7071067811865457964 ) ) ;
#3268 = CARTESIAN_POINT ( 'NONE',  ( 36.90000000000006253, 50.09999999999995168, 9.799999999999805311 ) ) ;
#3269 = LINE ( 'NONE', #4329, #6050 ) ;
#3270 = LINE ( 'NONE', #2826, #3569 ) ;
#3271 = ORIENTED_EDGE ( 'NONE', *, *, #4968, .F. ) ;
#3272 = LINE ( 'NONE', #3793, #2901 ) ;
#3273 = EDGE_CURVE ( 'NONE', #2318, #2591, #5618, .T. ) ;
#3274 = CIRCLE ( 'NONE', #3584, 1.399999999999998579 ) ;
#3275 = EDGE_CURVE ( 'NONE', #1294, #2125, #1687, .T. ) ;
#3276 = EDGE_LOOP ( 'NONE', ( #2072, #4582, #2470, #2188 ) ) ;
#3277 = DIRECTION ( 'NONE',  ( -1.000000000000000000, 0.000000000000000000, 0.000000000000000000 ) ) ;
#3278 = CIRCLE ( 'NONE', #2945, 1.500000000000001332 ) ;
#3279 = CARTESIAN_POINT ( 'NONE',  ( -12.71861512914709635, 49.98927233884133869, 61.15524906448531794 ) ) ;
#3280 = VERTEX_POINT ( 'NONE', #5756 ) ;
#3281 = EDGE_CURVE ( 'NONE', #5774, #3947, #6127, .T. ) ;
#3282 = AXIS2_PLACEMENT_3D ( 'NONE', #2626, #4670, #4161 ) ;
#3283 = CARTESIAN_POINT ( 'NONE',  ( 11.00157769837286104, 48.82591817282317237, 61.99881128449674605 ) ) ;
#3284 = CARTESIAN_POINT ( 'NONE',  ( 13.11365057943552870, 54.30934920360357410, 55.69325650437277631 ) ) ;
#3285 = DIRECTION ( 'NONE',  ( 0.000000000000000000, 0.000000000000000000, 1.000000000000000000 ) ) ;
#3286 = DIRECTION ( 'NONE',  ( 0.000000000000000000, 1.000000000000000000, 0.000000000000000000 ) ) ;
#3287 = CARTESIAN_POINT ( 'NONE',  ( 28.50000000000000000, 54.50000000000000000, -26.00000000000000000 ) ) ;
#3288 = VERTEX_POINT ( 'NONE', #759 ) ;
#3289 = CARTESIAN_POINT ( 'NONE',  ( 28.00000000000002487, 0.000000000000000000, 22.69999999999999929 ) ) ;
#3290 = LINE ( 'NONE', #6369, #2215 ) ;
#3291 = PLANE ( 'NONE',  #6143 ) ;
#3292 = DIRECTION ( 'NONE',  ( 0.000000000000000000, 0.000000000000000000, 1.000000000000000000 ) ) ;
#3293 = ORIENTED_EDGE ( 'NONE', *, *, #3856, .T. ) ;
#3294 = LINE ( 'NONE', #1823, #4427 ) ;
#3295 = CARTESIAN_POINT ( 'NONE',  ( 12.67497934086409295, 54.39649149820751006, 56.61369493337750214 ) ) ;
#3296 = CARTESIAN_POINT ( 'NONE',  ( 12.07999999999999652, 54.80000000000000426, 12.50000000000000355 ) ) ;
#3297 = CARTESIAN_POINT ( 'NONE',  ( -3.885728518077724569, 46.00000000000000000, 37.98685448395274022 ) ) ;
#3298 = ORIENTED_EDGE ( 'NONE', *, *, #5678, .T. ) ;
#3299 = DIRECTION ( 'NONE',  ( -0.000000000000000000, -1.000000000000000000, 0.000000000000000000 ) ) ;
#3300 = ORIENTED_EDGE ( 'NONE', *, *, #1078, .T. ) ;
#3301 = LINE ( 'NONE', #1832, #3254 ) ;
#3302 = ADVANCED_FACE ( 'NONE', ( #3246 ), #3826, .T. ) ;
#3303 = CARTESIAN_POINT ( 'NONE',  ( -13.09074794236495620, 50.41287772889933194, 60.10788573918967614 ) ) ;
#3304 = CYLINDRICAL_SURFACE ( 'NONE', #1528, 2.649999999999999467 ) ;
#3305 = EDGE_LOOP ( 'NONE', ( #3163, #6159, #6387, #3089 ) ) ;
#3306 = CYLINDRICAL_SURFACE ( 'NONE', #4306, 1.199999999999999734 ) ;
#3307 = CARTESIAN_POINT ( 'NONE',  ( 12.64910786706627022, 54.81584641769337196, 55.75520103609258626 ) ) ;
#3308 = DIRECTION ( 'NONE',  ( -0.000000000000000000, 1.000000000000000000, -0.000000000000000000 ) ) ;
#3309 = EDGE_CURVE ( 'NONE', #269, #4473, #4246, .T. ) ;
#3310 = EDGE_CURVE ( 'NONE', #6439, #6604, #6415, .T. ) ;
#3311 = CARTESIAN_POINT ( 'NONE',  ( 32.00000000000001421, 46.00000000000000000, -1.950000000000000844 ) ) ;
#3312 = ORIENTED_EDGE ( 'NONE', *, *, #2691, .F. ) ;
#3313 = CARTESIAN_POINT ( 'NONE',  ( -12.69031343570181214, 53.97487373415290790, 57.13270822687288586 ) ) ;
#3314 = ORIENTED_EDGE ( 'NONE', *, *, #6382, .T. ) ;
#3315 = CARTESIAN_POINT ( 'NONE',  ( -30.50000000000000711, 36.62916759300433256, 3.861737691489893542 ) ) ;
#3316 = ORIENTED_EDGE ( 'NONE', *, *, #3678, .F. ) ;
#3317 = EDGE_CURVE ( 'NONE', #1278, #6271, #255, .T. ) ;
#3318 = FACE_OUTER_BOUND ( 'NONE', #1537, .T. ) ;
#3319 = DIRECTION ( 'NONE',  ( 0.7071067811865475727, 0.7071067811865475727, -7.110925990415648734E-16 ) ) ;
#3320 = DIRECTION ( 'NONE',  ( 0.000000000000000000, -1.000000000000000000, 0.000000000000000000 ) ) ;
#3321 = ORIENTED_EDGE ( 'NONE', *, *, #2000, .T. ) ;
#3322 = DIRECTION ( 'NONE',  ( 0.000000000000000000, 0.000000000000000000, 1.000000000000000000 ) ) ;
#3323 = CARTESIAN_POINT ( 'NONE',  ( 12.68143996586285915, 54.23982146477055721, 56.83124816908794941 ) ) ;
#3324 = CARTESIAN_POINT ( 'NONE',  ( -12.61365057943555001, 55.00000000000000000, 54.61251347380554932 ) ) ;
#3325 = DIRECTION ( 'NONE',  ( -4.073509918792334433E-16, 0.000000000000000000, 1.000000000000000000 ) ) ;
#3326 = VERTEX_POINT ( 'NONE', #5847 ) ;
#3327 = EDGE_CURVE ( 'NONE', #1992, #2433, #1217, .T. ) ;
#3328 = VECTOR ( 'NONE', #6517, 1000.000000000000000 ) ;
#3329 = CARTESIAN_POINT ( 'NONE',  ( 26.50000000000002487, 46.00000000000000000, 24.19999999999999929 ) ) ;
#3330 = DIRECTION ( 'NONE',  ( -0.7071067811865510144, -0.000000000000000000, -0.7071067811865441310 ) ) ;
#3331 = EDGE_CURVE ( 'NONE', #4976, #5464, #5783, .T. ) ;
#3332 = AXIS2_PLACEMENT_3D ( 'NONE', #2115, #2646, #4115 ) ;
#3333 = LINE ( 'NONE', #2363, #1313 ) ;
#3334 = ORIENTED_EDGE ( 'NONE', *, *, #1966, .F. ) ;
#3335 = EDGE_CURVE ( 'NONE', #2173, #1662, #5817, .T. ) ;
#3336 = ORIENTED_EDGE ( 'NONE', *, *, #1305, .F. ) ;
#3337 = CIRCLE ( 'NONE', #6120, 5.999999999999998224 ) ;
#3338 = VECTOR ( 'NONE', #2024, 1000.000000000000114 ) ;
#3339 = LINE ( 'NONE', #5286, #3560 ) ;
#3340 = CARTESIAN_POINT ( 'NONE',  ( 12.61733605398470637, 54.99858745310095998, 54.72946986552274495 ) ) ;
#3341 = DIRECTION ( 'NONE',  ( -0.000000000000000000, 1.000000000000000000, -0.000000000000000000 ) ) ;
#3342 = AXIS2_PLACEMENT_3D ( 'NONE', #4581, #5441, #2012 ) ;
#3343 = AXIS2_PLACEMENT_3D ( 'NONE', #1984, #912, #4015 ) ;
#3344 = CARTESIAN_POINT ( 'NONE',  ( -28.53000000000001890, 54.00000000000000000, -15.34000000000003183 ) ) ;
#3345 = EDGE_CURVE ( 'NONE', #66, #2506, #5339, .T. ) ;
#3346 = CIRCLE ( 'NONE', #6569, 1.400000000000000133 ) ;
#3347 = VECTOR ( 'NONE', #4439, 1000.000000000000000 ) ;
#3348 = CARTESIAN_POINT ( 'NONE',  ( 32.50000000000001421, 46.00000000000000000, 23.20000000000000284 ) ) ;
#3349 = CARTESIAN_POINT ( 'NONE',  ( 12.55303537933482616, 52.56690686286698622, 57.70306648809570760 ) ) ;
#3350 = DIRECTION ( 'NONE',  ( -0.7071067811865465735, 0.000000000000000000, 0.7071067811865485719 ) ) ;
#3351 = AXIS2_PLACEMENT_3D ( 'NONE', #2750, #4857, #719 ) ;
#3352 = VECTOR ( 'NONE', #3921, 1000.000000000000000 ) ;
#3353 = EDGE_CURVE ( 'NONE', #6397, #3843, #2498, .T. ) ;
#3354 = CARTESIAN_POINT ( 'NONE',  ( 25.83333333333337478, 51.16666666666665719, 18.03333333333333854 ) ) ;
#3355 = PLANE ( 'NONE',  #4858 ) ;
#3356 = CARTESIAN_POINT ( 'NONE',  ( 0.000000000000000000, 52.50000000000000000, -24.00000000000004263 ) ) ;
#3357 = VECTOR ( 'NONE', #968, 999.9999999999998863 ) ;
#3358 = DIRECTION ( 'NONE',  ( 0.000000000000000000, 1.000000000000000000, 0.000000000000000000 ) ) ;
#3359 = CARTESIAN_POINT ( 'NONE',  ( 31.47487373415293277, 55.00000000000000000, 33.02512626584709921 ) ) ;
#3360 = ORIENTED_EDGE ( 'NONE', *, *, #34, .F. ) ;
#3361 = VECTOR ( 'NONE', #3629, 1000.000000000000000 ) ;
#3362 = ORIENTED_EDGE ( 'NONE', *, *, #3273, .T. ) ;
#3363 = CARTESIAN_POINT ( 'NONE',  ( -7.330000000000000071, 54.80000000000000426, 26.75000000000000000 ) ) ;
#3364 = DIRECTION ( 'NONE',  ( 0.000000000000000000, 1.000000000000000000, -0.000000000000000000 ) ) ;
#3365 = CIRCLE ( 'NONE', #2407, 1.199999999999999734 ) ;
#3366 = DIRECTION ( 'NONE',  ( -0.7071067811865461294, 0.000000000000000000, 0.7071067811865489050 ) ) ;
#3367 = ORIENTED_EDGE ( 'NONE', *, *, #572, .T. ) ;
#3368 = LINE ( 'NONE', #6011, #1457 ) ;
#3369 = CARTESIAN_POINT ( 'NONE',  ( 10.54302177088197290, 48.79289321881345387, 62.11155039071805106 ) ) ;
#3370 = CARTESIAN_POINT ( 'NONE',  ( 13.11365057943552870, 54.04912067127668962, 56.23551453342953010 ) ) ;
#3371 = ADVANCED_FACE ( 'NONE', ( #1774 ), #1744, .T. ) ;
#3372 = DIRECTION ( 'NONE',  ( -0.000000000000000000, 1.000000000000000000, -0.000000000000000000 ) ) ;
#3373 = CIRCLE ( 'NONE', #2948, 1.200000000000000400 ) ;
#3374 = EDGE_LOOP ( 'NONE', ( #4406, #5501, #2585, #779 ) ) ;
#3375 = EDGE_CURVE ( 'NONE', #5357, #5937, #291, .T. ) ;
#3376 = PLANE ( 'NONE',  #5051 ) ;
#3377 = CARTESIAN_POINT ( 'NONE',  ( -27.83000000000001961, 55.00000000000000000, -24.19000000000004036 ) ) ;
#3378 = EDGE_LOOP ( 'NONE', ( #1679, #5991, #6018, #4320 ) ) ;
#3379 = EDGE_CURVE ( 'NONE', #885, #561, #2240, .T. ) ;
#3380 = CARTESIAN_POINT ( 'NONE',  ( -12.61480350655055993, 51.59314770034661279, 58.59638351723200600 ) ) ;
#3381 = VERTEX_POINT ( 'NONE', #4873 ) ;
#3382 = PLANE ( 'NONE',  #4423 ) ;
#3383 = EDGE_CURVE ( 'NONE', #629, #3197, #2283, .T. ) ;
#3384 = B_SPLINE_CURVE_WITH_KNOTS ( 'NONE', 3,
 ( #6363, #5881, #296, #5349 ),
 .UNSPECIFIED., .F., .F.,
 ( 4, 4 ),
 ( 0.000000000000000000, 1.000000000000000000 ),
 .UNSPECIFIED. ) ;
#3385 = DIRECTION ( 'NONE',  ( 0.000000000000000000, 1.000000000000000000, 0.000000000000000000 ) ) ;
#3386 = ORIENTED_EDGE ( 'NONE', *, *, #2800, .F. ) ;
#3387 = LINE ( 'NONE', #6033, #5188 ) ;
#3388 = CARTESIAN_POINT ( 'NONE',  ( 28.50000000000000000, 46.00000000000000000, 1.299999999999999156 ) ) ;
#3389 = CARTESIAN_POINT ( 'NONE',  ( -27.83000000000001251, 52.75000000000000000, -13.94000000000003148 ) ) ;
#3390 = FACE_OUTER_BOUND ( 'NONE', #6582, .T. ) ;
#3391 = ADVANCED_FACE ( 'NONE', ( #2430 ), #1869, .T. ) ;
#3392 = EDGE_LOOP ( 'NONE', ( #5767, #3298, #5523, #4345, #6367, #979, #1882, #4942, #4585, #5138, #172, #4805, #4453, #455, #63, #3065, #1700, #4482, #5059, #4518, #732, #2943, #1940, #2955, #1543, #6103, #271 ) ) ;
#3393 = CARTESIAN_POINT ( 'NONE',  ( -13.11365057943553225, 53.75832514805524198, 56.64001334634416907 ) ) ;
#3394 = VERTEX_POINT ( 'NONE', #5568 ) ;
#3395 = DIRECTION ( 'NONE',  ( 0.000000000000000000, 0.000000000000000000, 1.000000000000000000 ) ) ;
#3396 = DIRECTION ( 'NONE',  ( 0.5773502691896283956, -0.5773502691896245098, -0.5773502691896245098 ) ) ;
#3397 = LINE ( 'NONE', #1776, #3850 ) ;
#3398 = ORIENTED_EDGE ( 'NONE', *, *, #5057, .F. ) ;
#3399 = DIRECTION ( 'NONE',  ( 0.000000000000000000, 0.000000000000000000, -1.000000000000000000 ) ) ;
#3400 = CARTESIAN_POINT ( 'NONE',  ( -29.93000000000001393, 46.00000000000000000, -15.34000000000003183 ) ) ;
#3401 = CARTESIAN_POINT ( 'NONE',  ( 12.67284571647245173, 54.44342642284177458, 56.54206314798054223 ) ) ;
#3402 = CARTESIAN_POINT ( 'NONE',  ( -8.079999999999996518, 55.00000000000000000, 17.24999999999999289 ) ) ;
#3403 = ORIENTED_EDGE ( 'NONE', *, *, #3220, .T. ) ;
#3404 = ORIENTED_EDGE ( 'NONE', *, *, #2536, .F. ) ;
#3405 = EDGE_CURVE ( 'NONE', #193, #186, #2394, .T. ) ;
#3406 = CARTESIAN_POINT ( 'NONE',  ( 13.10925370144324376, 50.53285997476885427, 59.95465353897014182 ) ) ;
#3407 = DIRECTION ( 'NONE',  ( 0.000000000000000000, -1.000000000000000000, -0.000000000000000000 ) ) ;
#3408 = CARTESIAN_POINT ( 'NONE',  ( -12.62319235195579381, 54.98732302663821514, 54.91626305833818833 ) ) ;
#3409 = DIRECTION ( 'NONE',  ( -0.000000000000000000, -1.000000000000000000, -0.000000000000000000 ) ) ;
#3410 = EDGE_CURVE ( 'NONE', #1192, #409, #578, .T. ) ;
#3411 = DIRECTION ( 'NONE',  ( 0.000000000000000000, 0.000000000000000000, -1.000000000000000000 ) ) ;
#3412 = ORIENTED_EDGE ( 'NONE', *, *, #6549, .T. ) ;
#3413 = CARTESIAN_POINT ( 'NONE',  ( -24.10000000000000497, 55.00000000000000000, -29.50000000000006040 ) ) ;
#3414 = VERTEX_POINT ( 'NONE', #932 ) ;
#3415 = CARTESIAN_POINT ( 'NONE',  ( 12.62931118197831282, 54.96554331135752847, 55.11247063690383641 ) ) ;
#3416 = CARTESIAN_POINT ( 'NONE',  ( 31.99999999999997868, 55.00000000000000000, -26.50000000000004619 ) ) ;
#3417 = DIRECTION ( 'NONE',  ( 0.000000000000000000, 0.000000000000000000, -1.000000000000000000 ) ) ;
#3418 = ORIENTED_EDGE ( 'NONE', *, *, #1310, .F. ) ;
#3419 = CARTESIAN_POINT ( 'NONE',  ( -4.917023725698074443, 52.50000000000000000, 36.95555927633239435 ) ) ;
#3420 = EDGE_LOOP ( 'NONE', ( #1173, #4675, #5856, #2717 ) ) ;
#3421 = DIRECTION ( 'NONE',  ( 0.000000000000000000, -0.000000000000000000, -1.000000000000000000 ) ) ;
#3422 = CARTESIAN_POINT ( 'NONE',  ( -6.862855259157583053E-15, 46.00000000000000000, 23.00000000000000711 ) ) ;
#3423 = EDGE_CURVE ( 'NONE', #1385, #3037, #1375, .T. ) ;
#3424 = CARTESIAN_POINT ( 'NONE',  ( 13.11365057943553047, 53.62132034355964549, 56.78756650747477153 ) ) ;
#3425 = CARTESIAN_POINT ( 'NONE',  ( -27.35786437626910939, 66.65764116232583092, 23.00000000000000000 ) ) ;
#3426 = EDGE_CURVE ( 'NONE', #2565, #3702, #2920, .T. ) ;
#3427 = CARTESIAN_POINT ( 'NONE',  ( -7.330000000000000071, 55.00000000000000000, 26.75000000000000000 ) ) ;
#3428 = ORIENTED_EDGE ( 'NONE', *, *, #6066, .T. ) ;
#3429 = PLANE ( 'NONE',  #1972 ) ;
#3430 = VECTOR ( 'NONE', #4681, 1000.000000000000000 ) ;
#3431 = DIRECTION ( 'NONE',  ( -0.7071067811865483499, 0.000000000000000000, -0.7071067811865465735 ) ) ;
#3432 = CARTESIAN_POINT ( 'NONE',  ( -12.43062650674724345, 52.50000000000001421, 57.97522497504744621 ) ) ;
#3433 = ORIENTED_EDGE ( 'NONE', *, *, #2200, .F. ) ;
#3434 = VERTEX_POINT ( 'NONE', #1901 ) ;
#3435 = VECTOR ( 'NONE', #5424, 1000.000000000000000 ) ;
#3436 =( NAMED_UNIT ( * ) PLANE_ANGLE_UNIT ( ) SI_UNIT ( $, .RADIAN. ) );
#3437 = EDGE_LOOP ( 'NONE', ( #2797, #1505, #77, #6620 ) ) ;
#3438 = CARTESIAN_POINT ( 'NONE',  ( 12.99629563961211431, 50.16717319216022730, 60.51506419906171175 ) ) ;
#3439 = CARTESIAN_POINT ( 'NONE',  ( -23.60000000000001208, 19.99999999999936406, -49.99999999999996447 ) ) ;
#3440 = VERTEX_POINT ( 'NONE', #1932 ) ;
#3441 = VECTOR ( 'NONE', #4784, 1000.000000000000000 ) ;
#3442 = CARTESIAN_POINT ( 'NONE',  ( 16.61365057943552870, 54.50000000000001421, 52.83609688887024447 ) ) ;
#3443 = ORIENTED_EDGE ( 'NONE', *, *, #2893, .F. ) ;
#3444 = FACE_OUTER_BOUND ( 'NONE', #4028, .T. ) ;
#3445 = ADVANCED_FACE ( 'NONE', ( #2005 ), #4431, .T. ) ;
#3446 = AXIS2_PLACEMENT_3D ( 'NONE', #2935, #357, #972 ) ;
#3447 = VECTOR ( 'NONE', #5731, 1000.000000000000114 ) ;
#3448 = LINE ( 'NONE', #5559, #344 ) ;
#3449 = ORIENTED_EDGE ( 'NONE', *, *, #4457, .T. ) ;
#3450 = DIRECTION ( 'NONE',  ( 0.7071067811865492381, 0.000000000000000000, 0.7071067811865457964 ) ) ;
#3451 = DIRECTION ( 'NONE',  ( 0.7071067811865474617, 0.000000000000000000, -0.7071067811865474617 ) ) ;
#3452 = CARTESIAN_POINT ( 'NONE',  ( 0.000000000000000000, 54.50000000000001421, -30.00000000000004263 ) ) ;
#3453 = EDGE_CURVE ( 'NONE', #417, #360, #857, .T. ) ;
#3454 = CARTESIAN_POINT ( 'NONE',  ( -32.24999999999993605, 54.50000000000001421, 32.25000000000009948 ) ) ;
#3455 = ORIENTED_EDGE ( 'NONE', *, *, #1514, .F. ) ;
#3456 = VECTOR ( 'NONE', #3396, 1000.000000000000114 ) ;
#3457 = VECTOR ( 'NONE', #5782, 1000.000000000000000 ) ;
#3458 = ORIENTED_EDGE ( 'NONE', *, *, #1784, .T. ) ;
#3459 = EDGE_CURVE ( 'NONE', #629, #3974, #84, .T. ) ;
#3460 = VECTOR ( 'NONE', #375, 1000.000000000000000 ) ;
#3461 = DIRECTION ( 'NONE',  ( -0.000000000000000000, 1.000000000000000000, -0.000000000000000000 ) ) ;
#3462 = FACE_OUTER_BOUND ( 'NONE', #5481, .T. ) ;
#3463 = CARTESIAN_POINT ( 'NONE',  ( -26.43000000000001393, 52.50000000000000000, -13.94000000000003148 ) ) ;
#3464 = EDGE_CURVE ( 'NONE', #891, #6465, #6521, .T. ) ;
#3465 = CARTESIAN_POINT ( 'NONE',  ( -10.12464789108507190, 55.00000000000000000, 59.64680632759433365 ) ) ;
#3466 = CIRCLE ( 'NONE', #5182, 3.000000000000019984 ) ;
#3467 = EDGE_CURVE ( 'NONE', #1886, #2111, #349, .T. ) ;
#3468 = FACE_OUTER_BOUND ( 'NONE', #3437, .T. ) ;
#3469 = ORIENTED_EDGE ( 'NONE', *, *, #1426, .T. ) ;
#3470 = CARTESIAN_POINT ( 'NONE',  ( -23.49999999999991829, 0.000000000000000000, -12.00000000000004263 ) ) ;
#3471 = AXIS2_PLACEMENT_3D ( 'NONE', #6544, #336, #410 ) ;
#3472 = DIRECTION ( 'NONE',  ( -0.7071067811865474617, 0.7071067811865474617, 0.000000000000000000 ) ) ;
#3473 = ORIENTED_EDGE ( 'NONE', *, *, #733, .F. ) ;
#3474 = EDGE_CURVE ( 'NONE', #3995, #1413, #5466, .T. ) ;
#3475 = EDGE_LOOP ( 'NONE', ( #3550, #5625, #5388, #873, #4146 ) ) ;
#3476 = ORIENTED_EDGE ( 'NONE', *, *, #933, .F. ) ;
#3477 = AXIS2_PLACEMENT_3D ( 'NONE', #2019, #6198, #1518 ) ;
#3478 = ORIENTED_EDGE ( 'NONE', *, *, #4800, .T. ) ;
#3479 = LINE ( 'NONE', #433, #1542 ) ;
#3480 = ORIENTED_EDGE ( 'NONE', *, *, #4132, .T. ) ;
#3481 = DIRECTION ( 'NONE',  ( -0.000000000000000000, 1.000000000000000000, -0.000000000000000000 ) ) ;
#3482 = ORIENTED_EDGE ( 'NONE', *, *, #200, .F. ) ;
#3483 = VECTOR ( 'NONE', #1908, 1000.000000000000000 ) ;
#3484 = DIRECTION ( 'NONE',  ( 0.000000000000000000, 0.000000000000000000, 1.000000000000000000 ) ) ;
#3485 = DIRECTION ( 'NONE',  ( -1.000000000000000000, 0.000000000000000000, -0.000000000000000000 ) ) ;
#3486 = ADVANCED_FACE ( 'NONE', ( #6045 ), #895, .F. ) ;
#3487 = VECTOR ( 'NONE', #4463, 1000.000000000000000 ) ;
#3488 = DIRECTION ( 'NONE',  ( 0.000000000000000000, -1.000000000000000000, 0.000000000000000000 ) ) ;
#3489 = ORIENTED_EDGE ( 'NONE', *, *, #936, .T. ) ;
#3490 = LINE ( 'NONE', #5531, #2306 ) ;
#3491 = FACE_OUTER_BOUND ( 'NONE', #2899, .T. ) ;
#3492 = CARTESIAN_POINT ( 'NONE',  ( -28.99999999999999645, 52.50000000000000000, -24.00000000000004263 ) ) ;
#3493 = CARTESIAN_POINT ( 'NONE',  ( -12.59246125376556336, 50.15135448736837276, 60.10620101962650352 ) ) ;
#3494 = ORIENTED_EDGE ( 'NONE', *, *, #4290, .T. ) ;
#3495 = ORIENTED_EDGE ( 'NONE', *, *, #2770, .T. ) ;
#3496 = CARTESIAN_POINT ( 'NONE',  ( -13.11365057943552870, 53.88306134445655715, 56.48401108775031787 ) ) ;
#3497 = DIRECTION ( 'NONE',  ( 0.000000000000000000, 0.000000000000000000, -1.000000000000000000 ) ) ;
#3498 = DIRECTION ( 'NONE',  ( -1.000000000000000000, 0.000000000000000000, 6.308085367188394185E-16 ) ) ;
#3499 = LINE ( 'NONE', #5074, #1837 ) ;
#3500 = EDGE_CURVE ( 'NONE', #2228, #598, #4965, .T. ) ;
#3501 = DIRECTION ( 'NONE',  ( -1.000000000000000000, 0.000000000000000000, 0.000000000000000000 ) ) ;
#3502 = ORIENTED_EDGE ( 'NONE', *, *, #5351, .T. ) ;
#3503 = LINE ( 'NONE', #3900, #5372 ) ;
#3504 = CARTESIAN_POINT ( 'NONE',  ( -28.53000000000001890, 52.75000000000000000, -13.94000000000003148 ) ) ;
#3505 = EDGE_LOOP ( 'NONE', ( #2988, #4568, #81, #4094 ) ) ;
#3506 = ORIENTED_EDGE ( 'NONE', *, *, #1698, .F. ) ;
#3507 = ORIENTED_EDGE ( 'NONE', *, *, #1244, .T. ) ;
#3508 = ADVANCED_FACE ( 'NONE', ( #2963 ), #1480, .F. ) ;
#3509 = CARTESIAN_POINT ( 'NONE',  ( -3.885728518077717464, 52.50000000000000000, 40.10817482751237151 ) ) ;
#3510 = B_SPLINE_SURFACE_WITH_KNOTS ( 'NONE', 3, 3, ( 
 ( #2319, #204, #5260, #1321 ),
 ( #3349, #1818, #5356, #273 ),
 ( #2287, #4819, #3722, #718 ),
 ( #144, #3227, #778, #2195 ) ),
 .UNSPECIFIED., .F., .F., .F.,
 ( 4, 4 ),
 ( 4, 4 ),
 ( 0.2817418062211888841, 0.7177680375728694440 ),
 ( 0.001391819770584865751, 0.005350286231994180047 ),
 .UNSPECIFIED. ) ;
#3511 = CARTESIAN_POINT ( 'NONE',  ( 13.11365057943552515, 50.83265333731897329, 59.64167605376131576 ) ) ;
#3512 = ORIENTED_EDGE ( 'NONE', *, *, #3114, .T. ) ;
#3513 = EDGE_CURVE ( 'NONE', #5810, #430, #5539, .T. ) ;
#3514 = CARTESIAN_POINT ( 'NONE',  ( -12.65496576031826415, 54.74527096978398788, 55.94775101023647323 ) ) ;
#3515 = DIRECTION ( 'NONE',  ( 0.000000000000000000, 0.000000000000000000, 1.000000000000000000 ) ) ;
#3516 = ADVANCED_FACE ( 'NONE', ( #5032 ), #452, .F. ) ;
#3517 = CARTESIAN_POINT ( 'NONE',  ( 10.12464789108507190, 55.00000000000000000, 59.64680632759432655 ) ) ;
#3518 = ORIENTED_EDGE ( 'NONE', *, *, #431, .T. ) ;
#3519 = CARTESIAN_POINT ( 'NONE',  ( -28.50000000000000000, 46.00000000000000000, -26.00000000000000000 ) ) ;
#3520 = CARTESIAN_POINT ( 'NONE',  ( 14.13877684528262435, 54.50000000000001421, 50.36122315471732236 ) ) ;
#3521 = DIRECTION ( 'NONE',  ( -4.073509918792334433E-16, 0.000000000000000000, 1.000000000000000000 ) ) ;
#3522 = VERTEX_POINT ( 'NONE', #3032 ) ;
#3523 = ORIENTED_EDGE ( 'NONE', *, *, #4938, .F. ) ;
#3524 = CARTESIAN_POINT ( 'NONE',  ( -13.11365057943553047, 53.62132034355964549, 56.78756650747477153 ) ) ;
#3525 = DIRECTION ( 'NONE',  ( -1.000000000000000000, 0.000000000000000000, 0.000000000000000000 ) ) ;
#3526 = DIRECTION ( 'NONE',  ( 0.000000000000000000, -0.000000000000000000, 1.000000000000000000 ) ) ;
#3527 = VERTEX_POINT ( 'NONE', #5213 ) ;
#3528 = EDGE_CURVE ( 'NONE', #6195, #6020, #3346, .T. ) ;
#3529 = CARTESIAN_POINT ( 'NONE',  ( 32.00000000000001421, 46.00000000000000000, -21.00000000000004263 ) ) ;
#3530 = ORIENTED_EDGE ( 'NONE', *, *, #2236, .F. ) ;
#3531 = CARTESIAN_POINT ( 'NONE',  ( 22.00000000000000711, 55.00000000000000000, 14.69999999999999751 ) ) ;
#3532 = DIRECTION ( 'NONE',  ( 0.000000000000000000, 0.000000000000000000, -1.000000000000000000 ) ) ;
#3533 = VECTOR ( 'NONE', #4750, 1000.000000000000000 ) ;
#3534 = EDGE_CURVE ( 'NONE', #2773, #3126, #147, .T. ) ;
#3535 = ORIENTED_EDGE ( 'NONE', *, *, #2133, .F. ) ;
#3536 = VERTEX_POINT ( 'NONE', #3103 ) ;
#3537 = CIRCLE ( 'NONE', #6111, 1.200000000000000400 ) ;
#3538 = ORIENTED_EDGE ( 'NONE', *, *, #5688, .F. ) ;
#3539 = CARTESIAN_POINT ( 'NONE',  ( 13.06152832152081977, 50.30983160133540366, 60.26149729487203643 ) ) ;
#3540 = PLANE ( 'NONE',  #1990 ) ;
#3541 = DIRECTION ( 'NONE',  ( 4.073509918792334433E-16, 0.000000000000000000, -1.000000000000000000 ) ) ;
#3542 = ORIENTED_EDGE ( 'NONE', *, *, #1587, .T. ) ;
#3543 = DIRECTION ( 'NONE',  ( 0.000000000000000000, 1.000000000000000000, -0.000000000000000000 ) ) ;
#3544 = CIRCLE ( 'NONE', #2061, 2.649999999999999467 ) ;
#3545 = ADVANCED_FACE ( 'NONE', ( #3073 ), #1640, .F. ) ;
#3546 = DIRECTION ( 'NONE',  ( 0.000000000000000000, 0.000000000000000000, 1.000000000000000000 ) ) ;
#3547 = ADVANCED_FACE ( 'NONE', ( #3632 ), #554, .T. ) ;
#3548 = ORIENTED_EDGE ( 'NONE', *, *, #3383, .T. ) ;
#3549 = DIRECTION ( 'NONE',  ( -0.7071067811865573427, -0.7071067811865378028, 0.000000000000000000 ) ) ;
#3550 = ORIENTED_EDGE ( 'NONE', *, *, #3345, .T. ) ;
#3551 = AXIS2_PLACEMENT_3D ( 'NONE', #1129, #673, #4153 ) ;
#3552 = VECTOR ( 'NONE', #408, 1000.000000000000000 ) ;
#3553 = CARTESIAN_POINT ( 'NONE',  ( -28.99999999999994671, 54.50000000000001421, -30.00000000000004263 ) ) ;
#3554 = DIRECTION ( 'NONE',  ( 0.000000000000000000, 0.000000000000000000, 1.000000000000000000 ) ) ;
#3555 = LINE ( 'NONE', #3130, #6358 ) ;
#3556 = ORIENTED_EDGE ( 'NONE', *, *, #5107, .T. ) ;
#3557 = EDGE_CURVE ( 'NONE', #1456, #4562, #1335, .T. ) ;
#3558 = VECTOR ( 'NONE', #1618, 1000.000000000000114 ) ;
#3559 = ORIENTED_EDGE ( 'NONE', *, *, #4810, .F. ) ;
#3560 = VECTOR ( 'NONE', #6359, 1000.000000000000000 ) ;
#3561 = CARTESIAN_POINT ( 'NONE',  ( -12.26859375706638566, 49.62339819434620836, 60.94708830171111913 ) ) ;
#3562 = CARTESIAN_POINT ( 'NONE',  ( 32.50000000000002132, 54.50000000000000000, -14.00000000000004796 ) ) ;
#3563 = VECTOR ( 'NONE', #6254, 1000.000000000000114 ) ;
#3564 = DIRECTION ( 'NONE',  ( -0.000000000000000000, 1.000000000000000000, -0.000000000000000000 ) ) ;
#3565 = CIRCLE ( 'NONE', #900, 6.000000000000000000 ) ;
#3566 = CARTESIAN_POINT ( 'NONE',  ( -27.83000000000001251, 52.75000000000000000, -15.34000000000003183 ) ) ;
#3567 = ORIENTED_EDGE ( 'NONE', *, *, #860, .F. ) ;
#3568 = DIRECTION ( 'NONE',  ( -1.000000000000000000, 0.000000000000000000, 1.005636797667714286E-15 ) ) ;
#3569 = VECTOR ( 'NONE', #4867, 1000.000000000000000 ) ;
#3570 = CARTESIAN_POINT ( 'NONE',  ( 32.49999999999999289, 55.00000000000000000, -3.268319592420070779E-14 ) ) ;
#3571 = ORIENTED_EDGE ( 'NONE', *, *, #1195, .T. ) ;
#3572 = CARTESIAN_POINT ( 'NONE',  ( -12.58700099390219940, 49.85175137293752101, 61.37089799209982033 ) ) ;
#3573 = LINE ( 'NONE', #6191, #1653 ) ;
#3574 = VECTOR ( 'NONE', #5989, 1000.000000000000000 ) ;
#3575 = ORIENTED_EDGE ( 'NONE', *, *, #1996, .T. ) ;
#3576 = DIRECTION ( 'NONE',  ( 0.000000000000000000, 0.000000000000000000, 1.000000000000000000 ) ) ;
#3577 = CIRCLE ( 'NONE', #5502, 2.499999999999988454 ) ;
#3578 = EDGE_LOOP ( 'NONE', ( #4634, #3230, #6235, #3895, #1519 ) ) ;
#3579 = CARTESIAN_POINT ( 'NONE',  ( 12.27013691747600888, 49.62573906836381354, 60.94438758721609872 ) ) ;
#3580 = DIRECTION ( 'NONE',  ( 0.7071067811865512365, 0.000000000000000000, -0.7071067811865439090 ) ) ;
#3581 = ORIENTED_EDGE ( 'NONE', *, *, #517, .F. ) ;
#3582 = CARTESIAN_POINT ( 'NONE',  ( 32.00000000000000711, 46.00000000000000000, 14.69999999999999751 ) ) ;
#3583 = DIRECTION ( 'NONE',  ( -0.000000000000000000, -1.000000000000000000, -0.000000000000000000 ) ) ;
#3584 = AXIS2_PLACEMENT_3D ( 'NONE', #813, #329, #5884 ) ;
#3585 = EDGE_CURVE ( 'NONE', #6471, #3930, #1536, .T. ) ;
#3586 = VERTEX_POINT ( 'NONE', #4603 ) ;
#3587 = ADVANCED_FACE ( 'NONE', ( #2065 ), #4641, .F. ) ;
#3588 = DIRECTION ( 'NONE',  ( 0.000000000000000000, 0.000000000000000000, -1.000000000000000000 ) ) ;
#3589 = ORIENTED_EDGE ( 'NONE', *, *, #1443, .F. ) ;
#3590 = CIRCLE ( 'NONE', #4437, 5.999999999999998224 ) ;
#3591 = LINE ( 'NONE', #3095, #1031 ) ;
#3592 = DIRECTION ( 'NONE',  ( 1.000000000000000000, 0.000000000000000000, 0.000000000000000000 ) ) ;
#3593 = CARTESIAN_POINT ( 'NONE',  ( -23.49999999999991829, 54.50000000000000000, -6.000000000000043521 ) ) ;
#3594 = EDGE_CURVE ( 'NONE', #5635, #1745, #5911, .T. ) ;
#3595 = ORIENTED_EDGE ( 'NONE', *, *, #2759, .F. ) ;
#3596 = AXIS2_PLACEMENT_3D ( 'NONE', #3452, #5024, #4025 ) ;
#3597 = ORIENTED_EDGE ( 'NONE', *, *, #825, .F. ) ;
#3598 = DIRECTION ( 'NONE',  ( 0.4999999999999916733, -0.7071067811865505703, 0.5000000000000038858 ) ) ;
#3599 = EDGE_CURVE ( 'NONE', #2670, #4477, #3144, .T. ) ;
#3600 = LINE ( 'NONE', #5607, #4932 ) ;
#3601 = CARTESIAN_POINT ( 'NONE',  ( 32.00000000000001421, 46.00000000000000000, -21.00000000000004263 ) ) ;
#3602 = DIRECTION ( 'NONE',  ( -1.000000000000000000, 0.000000000000000000, 1.005636797667714286E-15 ) ) ;
#3603 = EDGE_CURVE ( 'NONE', #5736, #5040, #4102, .T. ) ;
#3604 = VERTEX_POINT ( 'NONE', #6150 ) ;
#3605 = B_SPLINE_CURVE_WITH_KNOTS ( 'NONE', 3,
 ( #4310, #3831, #4279, #1878 ),
 .UNSPECIFIED., .F., .F.,
 ( 4, 4 ),
 ( 0.000000000000000000, 1.000000000000000000 ),
 .UNSPECIFIED. ) ;
#3606 = CARTESIAN_POINT ( 'NONE',  ( -31.18000000000001748, 55.00000000000000000, -21.54000000000003823 ) ) ;
#3607 = CARTESIAN_POINT ( 'NONE',  ( -26.43000000000001393, 52.50000000000000000, -15.34000000000003183 ) ) ;
#3608 = ORIENTED_EDGE ( 'NONE', *, *, #6605, .T. ) ;
#3609 = DIRECTION ( 'NONE',  ( 0.000000000000000000, -1.000000000000000000, 0.000000000000000000 ) ) ;
#3610 = CARTESIAN_POINT ( 'NONE',  ( 31.12132034355966681, 55.00000000000000000, 32.67157287525382969 ) ) ;
#3611 = VERTEX_POINT ( 'NONE', #1575 ) ;
#3612 = VERTEX_POINT ( 'NONE', #6184 ) ;
#3613 = CARTESIAN_POINT ( 'NONE',  ( 32.50000000000002132, 55.00000000000000000, 30.55025253169416999 ) ) ;
#3614 = VERTEX_POINT ( 'NONE', #5646 ) ;
#3615 = CARTESIAN_POINT ( 'NONE',  ( -12.68862289308292013, 52.69182214629693561, 58.44740539477727737 ) ) ;
#3616 = FACE_OUTER_BOUND ( 'NONE', #5544, .T. ) ;
#3617 = LINE ( 'NONE', #4902, #1978 ) ;
#3618 = EDGE_CURVE ( 'NONE', #3638, #2534, #5137, .T. ) ;
#3619 = EDGE_LOOP ( 'NONE', ( #2816, #3046, #5489, #4692 ) ) ;
#3620 = DIRECTION ( 'NONE',  ( -1.000000000000000000, 0.000000000000000000, 0.000000000000000000 ) ) ;
#3621 = VERTEX_POINT ( 'NONE', #1611 ) ;
#3622 = CARTESIAN_POINT ( 'NONE',  ( 12.61365057943553047, 51.16873984093297167, 59.03182900204588890 ) ) ;
#3623 = ORIENTED_EDGE ( 'NONE', *, *, #2643, .T. ) ;
#3624 = FACE_OUTER_BOUND ( 'NONE', #1309, .T. ) ;
#3625 = CARTESIAN_POINT ( 'NONE',  ( -28.50000000000000000, 46.00000000000000000, 27.19999999999999929 ) ) ;
#3626 = ORIENTED_EDGE ( 'NONE', *, *, #6096, .F. ) ;
#3627 = EDGE_CURVE ( 'NONE', #3017, #139, #6070, .T. ) ;
#3628 = VERTEX_POINT ( 'NONE', #88 ) ;
#3629 = DIRECTION ( 'NONE',  ( 0.000000000000000000, 1.000000000000000000, 0.000000000000000000 ) ) ;
#3630 = LINE ( 'NONE', #1107, #1118 ) ;
#3631 = LINE ( 'NONE', #4602, #4549 ) ;
#3632 = FACE_OUTER_BOUND ( 'NONE', #2280, .T. ) ;
#3633 = B_SPLINE_CURVE_WITH_KNOTS ( 'NONE', 3,
 ( #2732, #4774, #5649, #91, #4174, #3181, #3212, #5377, #4248, #944 ),
 .UNSPECIFIED., .F., .F.,
 ( 4, 2, 2, 2, 4 ),
 ( 0.001819732414943826164, 0.002513236383564416195, 0.003206740352185006443, 0.003900244320805596257, 0.004593748289426186071 ),
 .UNSPECIFIED. ) ;
#3634 = ORIENTED_EDGE ( 'NONE', *, *, #4741, .T. ) ;
#3635 = EDGE_CURVE ( 'NONE', #4212, #5937, #2136, .T. ) ;
#3636 = DIRECTION ( 'NONE',  ( -0.7071067811865459074, 0.000000000000000000, -0.7071067811865491270 ) ) ;
#3637 = DIRECTION ( 'NONE',  ( -1.005636797667714286E-15, 0.000000000000000000, -1.000000000000000000 ) ) ;
#3638 = VERTEX_POINT ( 'NONE', #4705 ) ;
#3639 = CARTESIAN_POINT ( 'NONE',  ( 28.50000000000000000, 46.00000000000000000, -27.19999999999999929 ) ) ;
#3640 = DIRECTION ( 'NONE',  ( 0.000000000000000000, 1.000000000000000000, 0.000000000000000000 ) ) ;
#3641 = EDGE_LOOP ( 'NONE', ( #1458, #2968 ) ) ;
#3642 = ADVANCED_FACE ( 'NONE', ( #1151 ), #3176, .F. ) ;
#3643 = ORIENTED_EDGE ( 'NONE', *, *, #5834, .F. ) ;
#3644 = CARTESIAN_POINT ( 'NONE',  ( -5.977683897477899855, 45.99999999999999289, 35.89489910455257871 ) ) ;
#3645 = ORIENTED_EDGE ( 'NONE', *, *, #5622, .T. ) ;
#3646 = CARTESIAN_POINT ( 'NONE',  ( 31.99999999999997868, 55.00000000000000000, -26.50000000000004619 ) ) ;
#3647 = DIRECTION ( 'NONE',  ( 0.7071067811865439090, 0.000000000000000000, 0.7071067811865512365 ) ) ;
#3648 = LINE ( 'NONE', #2186, #4093 ) ;
#3649 = CARTESIAN_POINT ( 'NONE',  ( -12.67289302707429144, 54.44199439088192349, 56.54365606905744102 ) ) ;
#3650 = SURFACE_STYLE_USAGE ( .BOTH. , #4663 ) ;
#3651 = EDGE_LOOP ( 'NONE', ( #651, #867, #1668, #2830 ) ) ;
#3652 = PLANE ( 'NONE',  #5368 ) ;
#3653 = ORIENTED_EDGE ( 'NONE', *, *, #6641, .F. ) ;
#3654 = CARTESIAN_POINT ( 'NONE',  ( 32.50000000000000000, 54.99999999999996447, -13.50000000000008349 ) ) ;
#3655 = ORIENTED_EDGE ( 'NONE', *, *, #2844, .F. ) ;
#3656 = LINE ( 'NONE', #109, #5404 ) ;
#3657 = AXIS2_PLACEMENT_3D ( 'NONE', #4217, #24, #2045 ) ;
#3658 = FACE_OUTER_BOUND ( 'NONE', #1373, .T. ) ;
#3659 = EDGE_LOOP ( 'NONE', ( #1052, #950, #1423, #6300 ) ) ;
#3660 = ORIENTED_EDGE ( 'NONE', *, *, #763, .F. ) ;
#3661 = AXIS2_PLACEMENT_3D ( 'NONE', #1298, #4915, #1854 ) ;
#3662 = EDGE_CURVE ( 'NONE', #2125, #5082, #5277, .T. ) ;
#3663 = CARTESIAN_POINT ( 'NONE',  ( -12.62646392475068069, 54.97743234279520408, 55.02101116462307573 ) ) ;
#3664 = DIRECTION ( 'NONE',  ( 1.000000000000000000, 0.000000000000000000, 0.000000000000000000 ) ) ;
#3665 = LINE ( 'NONE', #4171, #4337 ) ;
#3666 = DIRECTION ( 'NONE',  ( -0.000000000000000000, 1.000000000000000000, -0.000000000000000000 ) ) ;
#3667 = ORIENTED_EDGE ( 'NONE', *, *, #5417, .F. ) ;
#3668 = PLANE ( 'NONE',  #4082 ) ;
#3669 = DIRECTION ( 'NONE',  ( 0.7071067811865492381, 0.000000000000000000, 0.7071067811865457964 ) ) ;
#3670 = VECTOR ( 'NONE', #192, 1000.000000000000114 ) ;
#3671 = FACE_OUTER_BOUND ( 'NONE', #1068, .T. ) ;
#3672 = CIRCLE ( 'NONE', #1234, 1.500000000000001332 ) ;
#3673 = VERTEX_POINT ( 'NONE', #2756 ) ;
#3674 = DIRECTION ( 'NONE',  ( -0.000000000000000000, 0.000000000000000000, -1.000000000000000000 ) ) ;
#3675 = EDGE_CURVE ( 'NONE', #2318, #1175, #4296, .T. ) ;
#3676 = LINE ( 'NONE', #126, #4403 ) ;
#3677 = VERTEX_POINT ( 'NONE', #3297 ) ;
#3678 = EDGE_CURVE ( 'NONE', #6532, #2484, #583, .T. ) ;
#3679 = AXIS2_PLACEMENT_3D ( 'NONE', #3593, #6177, #3022 ) ;
#3680 = AXIS2_PLACEMENT_3D ( 'NONE', #5846, #3243, #190 ) ;
#3681 = CARTESIAN_POINT ( 'NONE',  ( -28.99999999999999645, 52.50000000000000000, -22.50000000000003908 ) ) ;
#3682 = VERTEX_POINT ( 'NONE', #5869 ) ;
#3683 = DIRECTION ( 'NONE',  ( 0.000000000000000000, -1.000000000000000000, 0.000000000000000000 ) ) ;
#3684 = VECTOR ( 'NONE', #3409, 1000.000000000000000 ) ;
#3685 = LINE ( 'NONE', #735, #3898 ) ;
#3686 = LINE ( 'NONE', #4253, #6441 ) ;
#3687 = EDGE_CURVE ( 'NONE', #3906, #6155, #5240, .T. ) ;
#3688 = AXIS2_PLACEMENT_3D ( 'NONE', #1564, #3020, #2554 ) ;
#3689 = ORIENTED_EDGE ( 'NONE', *, *, #6262, .F. ) ;
#3690 = CARTESIAN_POINT ( 'NONE',  ( 22.00000000000000711, 55.00000000000000000, 23.19999999999999929 ) ) ;
#3691 = ORIENTED_EDGE ( 'NONE', *, *, #4722, .T. ) ;
#3692 = DIRECTION ( 'NONE',  ( 1.000000000000000000, 0.000000000000000000, -5.782411586589359611E-16 ) ) ;
#3693 = VECTOR ( 'NONE', #142, 1000.000000000000114 ) ;
#3694 = LINE ( 'NONE', #5599, #5628 ) ;
#3695 = LINE ( 'NONE', #4764, #3151 ) ;
#3696 = ORIENTED_EDGE ( 'NONE', *, *, #407, .F. ) ;
#3697 = CIRCLE ( 'NONE', #5084, 1.500000000000001332 ) ;
#3698 = CARTESIAN_POINT ( 'NONE',  ( -12.35927948244240326, 49.76685494972345936, 60.78230112218204795 ) ) ;
#3699 = DIRECTION ( 'NONE',  ( -1.000000000000000000, 0.000000000000000000, 0.000000000000000000 ) ) ;
#3700 = CARTESIAN_POINT ( 'NONE',  ( -28.53000000000001890, 52.50000000000000000, -21.54000000000003823 ) ) ;
#3701 = DIRECTION ( 'NONE',  ( 1.239088197126286133E-16, 0.000000000000000000, -1.000000000000000000 ) ) ;
#3702 = VERTEX_POINT ( 'NONE', #2233 ) ;
#3703 = DIRECTION ( 'NONE',  ( 0.000000000000000000, 0.000000000000000000, -1.000000000000000000 ) ) ;
#3704 = VECTOR ( 'NONE', #617, 1000.000000000000114 ) ;
#3705 = FACE_OUTER_BOUND ( 'NONE', #728, .T. ) ;
#3706 = ORIENTED_EDGE ( 'NONE', *, *, #3275, .F. ) ;
#3707 = FACE_OUTER_BOUND ( 'NONE', #4375, .T. ) ;
#3708 = DIRECTION ( 'NONE',  ( 0.000000000000000000, 1.000000000000000000, 0.000000000000000000 ) ) ;
#3709 = ORIENTED_EDGE ( 'NONE', *, *, #1099, .T. ) ;
#3710 = DIRECTION ( 'NONE',  ( 1.000000000000000000, -0.000000000000000000, -1.226634733346710946E-15 ) ) ;
#3711 = ORIENTED_EDGE ( 'NONE', *, *, #5336, .T. ) ;
#3712 = CARTESIAN_POINT ( 'NONE',  ( 23.49999999999991829, 55.00000000000000000, 0.4999999999999562017 ) ) ;
#3713 = DIRECTION ( 'NONE',  ( 0.000000000000000000, 0.7071067811865474617, 0.7071067811865474617 ) ) ;
#3714 = PLANE ( 'NONE',  #5811 ) ;
#3715 = DIRECTION ( 'NONE',  ( 0.5000000000000006661, 0.7071067811865475727, 0.4999999999999993339 ) ) ;
#3716 = ORIENTED_EDGE ( 'NONE', *, *, #986, .T. ) ;
#3717 = CARTESIAN_POINT ( 'NONE',  ( -28.53000000000001890, 54.00000000000000000, -12.69000000000003325 ) ) ;
#3718 = EDGE_CURVE ( 'NONE', #5444, #3280, #1209, .T. ) ;
#3719 = ORIENTED_EDGE ( 'NONE', *, *, #6274, .T. ) ;
#3720 = DIRECTION ( 'NONE',  ( 0.5773502691896255090, -0.5773502691896261751, -0.5773502691896255090 ) ) ;
#3721 = ORIENTED_EDGE ( 'NONE', *, *, #5671, .T. ) ;
#3722 = CARTESIAN_POINT ( 'NONE',  ( 12.49076626245828692, 50.77311976735710886, 59.63986885772317947 ) ) ;
#3723 = DIRECTION ( 'NONE',  ( -0.7071067811865500152, 0.7071067811865451302, 0.000000000000000000 ) ) ;
#3724 = VERTEX_POINT ( 'NONE', #3235 ) ;
#3725 = ADVANCED_FACE ( 'NONE', ( #5365 ), #6346, .F. ) ;
#3726 = DIRECTION ( 'NONE',  ( 0.000000000000000000, -1.000000000000000000, 0.000000000000000000 ) ) ;
#3727 = DIRECTION ( 'NONE',  ( 0.000000000000000000, 0.000000000000000000, -1.000000000000000000 ) ) ;
#3728 = DIRECTION ( 'NONE',  ( 1.005636797667714286E-15, 0.000000000000000000, 1.000000000000000000 ) ) ;
#3729 = FACE_OUTER_BOUND ( 'NONE', #2660, .T. ) ;
#3730 = ORIENTED_EDGE ( 'NONE', *, *, #164, .F. ) ;
#3731 = PLANE ( 'NONE',  #5890 ) ;
#3732 = ORIENTED_EDGE ( 'NONE', *, *, #2235, .F. ) ;
#3733 = CARTESIAN_POINT ( 'NONE',  ( 12.07999999999999652, 54.80000000000000426, 31.49999999999999289 ) ) ;
#3734 = CARTESIAN_POINT ( 'NONE',  ( -13.11365057943553047, 50.57584658144715917, 59.90344406650600462 ) ) ;
#3735 = ADVANCED_FACE ( 'NONE', ( #5333 ), #694, .F. ) ;
#3736 = EDGE_LOOP ( 'NONE', ( #5443, #5976, #1197, #1184 ) ) ;
#3737 = CARTESIAN_POINT ( 'NONE',  ( 11.30685605977228292, 48.91550601143539012, 61.85250738325441944 ) ) ;
#3738 = CARTESIAN_POINT ( 'NONE',  ( -27.83000000000001961, 54.00000000000000000, -24.19000000000004036 ) ) ;
#3739 = EDGE_CURVE ( 'NONE', #174, #6640, #4770, .T. ) ;
#3740 = DIRECTION ( 'NONE',  ( 0.7071067811865474617, -0.7071067811865474617, 0.000000000000000000 ) ) ;
#3741 = CARTESIAN_POINT ( 'NONE',  ( -28.99999999999994671, 55.00000000000000000, -30.00000000000004263 ) ) ;
#3742 = CARTESIAN_POINT ( 'NONE',  ( 13.11365057943553225, 54.50000000000001421, 52.83609688887024447 ) ) ;
#3743 = ORIENTED_EDGE ( 'NONE', *, *, #2759, .T. ) ;
#3744 = FACE_OUTER_BOUND ( 'NONE', #3855, .T. ) ;
#3745 = ADVANCED_FACE ( 'NONE', ( #3729 ), #2729, .T. ) ;
#3746 = CARTESIAN_POINT ( 'NONE',  ( 25.00000000000002132, 46.00000000000000000, -22.50000000000003908 ) ) ;
#3747 = LINE ( 'NONE', #275, #2190 ) ;
#3748 = AXIS2_PLACEMENT_3D ( 'NONE', #2609, #5759, #1191 ) ;
#3749 = ADVANCED_FACE ( 'NONE', ( #246 ), #2259, .T. ) ;
#3750 = EDGE_LOOP ( 'NONE', ( #5564, #6533, #247, #3706 ) ) ;
#3751 = VECTOR ( 'NONE', #2171, 999.9999999999998863 ) ;
#3752 = CARTESIAN_POINT ( 'NONE',  ( -23.76666666666666927, 54.66666666666667140, -29.66666666666671048 ) ) ;
#3753 = LINE ( 'NONE', #3268, #2067 ) ;
#3754 = FACE_OUTER_BOUND ( 'NONE', #3619, .T. ) ;
#3755 = CARTESIAN_POINT ( 'NONE',  ( 0.000000000000000000, 55.00000000000000000, -29.50000000000006040 ) ) ;
#3756 = EDGE_CURVE ( 'NONE', #2653, #1703, #2299, .T. ) ;
#3757 = ORIENTED_EDGE ( 'NONE', *, *, #1435, .F. ) ;
#3758 = LINE ( 'NONE', #4241, #996 ) ;
#3759 = VECTOR ( 'NONE', #1376, 1000.000000000000114 ) ;
#3760 = ORIENTED_EDGE ( 'NONE', *, *, #3383, .F. ) ;
#3761 = DIRECTION ( 'NONE',  ( -0.7071067811865474617, -0.000000000000000000, -0.7071067811865474617 ) ) ;
#3762 = AXIS2_PLACEMENT_3D ( 'NONE', #5210, #2633, #3664 ) ;
#3763 = VECTOR ( 'NONE', #5596, 1000.000000000000000 ) ;
#3764 = CARTESIAN_POINT ( 'NONE',  ( -13.05211159804868259, 50.28390974016467396, 60.30355429803223899 ) ) ;
#3765 = EDGE_LOOP ( 'NONE', ( #2372, #398 ) ) ;
#3766 = AXIS2_PLACEMENT_3D ( 'NONE', #5949, #3806, #3252 ) ;
#3767 = AXIS2_PLACEMENT_3D ( 'NONE', #4341, #6390, #1809 ) ;
#3768 = CARTESIAN_POINT ( 'NONE',  ( -27.83000000000001251, 0.000000000000000000, -21.54000000000004178 ) ) ;
#3769 = DIRECTION ( 'NONE',  ( 0.000000000000000000, 1.000000000000000000, -0.000000000000000000 ) ) ;
#3770 = DIRECTION ( 'NONE',  ( -0.000000000000000000, 1.000000000000000000, -0.000000000000000000 ) ) ;
#3771 = AXIS2_PLACEMENT_3D ( 'NONE', #790, #4238, #3847 ) ;
#3772 = VECTOR ( 'NONE', #4336, 1000.000000000000114 ) ;
#3773 = ORIENTED_EDGE ( 'NONE', *, *, #3379, .F. ) ;
#3774 = VECTOR ( 'NONE', #5306, 1000.000000000000000 ) ;
#3775 = CARTESIAN_POINT ( 'NONE',  ( -28.50000000000000000, 46.00000000000000000, 26.00000000000000000 ) ) ;
#3776 = ORIENTED_EDGE ( 'NONE', *, *, #494, .T. ) ;
#3777 = DIRECTION ( 'NONE',  ( -0.000000000000000000, 1.000000000000000000, -0.000000000000000000 ) ) ;
#3778 = CARTESIAN_POINT ( 'NONE',  ( 25.75492515385774439, 46.00000000000000000, -0.4398459957930349606 ) ) ;
#3779 = CARTESIAN_POINT ( 'NONE',  ( -12.61365057943554113, 52.50000000000000000, 2.569091537375565693E-15 ) ) ;
#3780 = ADVANCED_FACE ( 'NONE', ( #2693 ), #6316, .F. ) ;
#3781 = EDGE_CURVE ( 'NONE', #4976, #2565, #1739, .T. ) ;
#3782 = CIRCLE ( 'NONE', #3040, 0.7499999999999937828 ) ;
#3783 = B_SPLINE_CURVE_WITH_KNOTS ( 'NONE', 3,
 ( #5468, #1282, #897, #5875, #4394, #6357 ),
 .UNSPECIFIED., .F., .F.,
 ( 4, 2, 4 ),
 ( 0.000000000000000000, 0.0004340598372459812974, 0.0008681196744919625948 ),
 .UNSPECIFIED. ) ;
#3784 = EDGE_CURVE ( 'NONE', #3702, #2270, #4738, .T. ) ;
#3785 = ORIENTED_EDGE ( 'NONE', *, *, #3134, .T. ) ;
#3786 = AXIS2_PLACEMENT_3D ( 'NONE', #5452, #4380, #1994 ) ;
#3787 = CARTESIAN_POINT ( 'NONE',  ( 28.50000000000000000, 46.00000000000000000, 1.299999999999999156 ) ) ;
#3788 = CARTESIAN_POINT ( 'NONE',  ( 12.67577002642673811, 54.37863797444429537, 56.64025451498947206 ) ) ;
#3789 = EDGE_CURVE ( 'NONE', #620, #4683, #3270, .T. ) ;
#3790 = CARTESIAN_POINT ( 'NONE',  ( -26.43000000000001393, 52.75000000000000000, -15.34000000000003183 ) ) ;
#3791 = CARTESIAN_POINT ( 'NONE',  ( 0.000000000000000000, 55.00000000000000000, 0.000000000000000000 ) ) ;
#3792 = ORIENTED_EDGE ( 'NONE', *, *, #6000, .F. ) ;
#3793 = CARTESIAN_POINT ( 'NONE',  ( -23.49999999999991829, 55.00000000000000000, 0.4999999999999562017 ) ) ;
#3794 = AXIS2_PLACEMENT_3D ( 'NONE', #2118, #6639, #471 ) ;
#3795 = EDGE_CURVE ( 'NONE', #2228, #5086, #283, .T. ) ;
#3796 = ORIENTED_EDGE ( 'NONE', *, *, #4751, .T. ) ;
#3797 = CARTESIAN_POINT ( 'NONE',  ( 28.50000000000000000, 41.89878066911801824, -27.19999999999999929 ) ) ;
#3798 = AXIS2_PLACEMENT_3D ( 'NONE', #1535, #5212, #5645 ) ;
#3799 = CARTESIAN_POINT ( 'NONE',  ( 28.50000000000000000, 41.89878066911801824, -24.80000000000000071 ) ) ;
#3800 = DIRECTION ( 'NONE',  ( 0.000000000000000000, -1.000000000000000000, 0.000000000000000000 ) ) ;
#3801 = ORIENTED_EDGE ( 'NONE', *, *, #3068, .T. ) ;
#3802 = VECTOR ( 'NONE', #6036, 1000.000000000000114 ) ;
#3803 = EDGE_CURVE ( 'NONE', #5384, #1384, #6410, .T. ) ;
#3804 = CARTESIAN_POINT ( 'NONE',  ( -28.50000000000000000, 54.50000000000000000, 24.80000000000000071 ) ) ;
#3805 = CARTESIAN_POINT ( 'NONE',  ( 13.11365057943552870, 54.48065629382445962, 54.96518304777634256 ) ) ;
#3806 = DIRECTION ( 'NONE',  ( 0.000000000000000000, 0.000000000000000000, 1.000000000000000000 ) ) ;
#3807 = DIRECTION ( 'NONE',  ( 0.000000000000000000, 0.000000000000000000, 1.000000000000000000 ) ) ;
#3808 = ORIENTED_EDGE ( 'NONE', *, *, #744, .T. ) ;
#3809 = ORIENTED_EDGE ( 'NONE', *, *, #3828, .F. ) ;
#3810 = DIRECTION ( 'NONE',  ( 0.000000000000000000, 1.000000000000000000, -0.000000000000000000 ) ) ;
#3811 = ORIENTED_EDGE ( 'NONE', *, *, #6596, .T. ) ;
#3812 = LINE ( 'NONE', #4852, #5296 ) ;
#3813 = ORIENTED_EDGE ( 'NONE', *, *, #6372, .T. ) ;
#3814 = LINE ( 'NONE', #1758, #4340 ) ;
#3815 = ORIENTED_EDGE ( 'NONE', *, *, #6417, .F. ) ;
#3816 = DIRECTION ( 'NONE',  ( -0.000000000000000000, -1.000000000000000000, 0.000000000000000000 ) ) ;
#3817 = ADVANCED_FACE ( 'NONE', ( #3390 ), #309, .F. ) ;
#3818 = CARTESIAN_POINT ( 'NONE',  ( 31.50000000000004263, 46.00000000000000000, 14.19999999999999751 ) ) ;
#3819 = DIRECTION ( 'NONE',  ( 0.000000000000000000, 0.000000000000000000, -1.000000000000000000 ) ) ;
#3820 = CARTESIAN_POINT ( 'NONE',  ( 12.65868095155240347, 54.69421229413146790, 56.07034721647060138 ) ) ;
#3821 = DIRECTION ( 'NONE',  ( 0.000000000000000000, 0.000000000000000000, 1.000000000000000000 ) ) ;
#3822 = EDGE_CURVE ( 'NONE', #139, #2700, #4635, .T. ) ;
#3823 = CARTESIAN_POINT ( 'NONE',  ( 13.11365057943555179, 55.00000000000000000, 5.341858570690756440E-15 ) ) ;
#3824 = VERTEX_POINT ( 'NONE', #5428 ) ;
#3825 = DIRECTION ( 'NONE',  ( -1.000000000000000000, 0.000000000000000000, 0.000000000000000000 ) ) ;
#3826 = CYLINDRICAL_SURFACE ( 'NONE', #4841, 3.499999999999999556 ) ;
#3827 = ORIENTED_EDGE ( 'NONE', *, *, #2015, .T. ) ;
#3828 = EDGE_CURVE ( 'NONE', #5530, #4042, #2422, .T. ) ;
#3829 = DIRECTION ( 'NONE',  ( 0.000000000000000000, 1.000000000000000000, 0.000000000000000000 ) ) ;
#3830 = CARTESIAN_POINT ( 'NONE',  ( 12.66686491872589215, 54.56095087842491864, 56.34211748569782685 ) ) ;
#3831 = CARTESIAN_POINT ( 'NONE',  ( 12.78031724610220721, 54.83333333333333570, 54.61251347380554222 ) ) ;
#3832 = EDGE_CURVE ( 'NONE', #4775, #741, #5025, .T. ) ;
#3833 = DIRECTION ( 'NONE',  ( 0.000000000000000000, 1.000000000000000000, 0.000000000000000000 ) ) ;
#3834 = ORIENTED_EDGE ( 'NONE', *, *, #4511, .F. ) ;
#3835 = CARTESIAN_POINT ( 'NONE',  ( -10.54302177088195158, 48.79289321881345387, 62.11155039071805106 ) ) ;
#3836 = LINE ( 'NONE', #1913, #3893 ) ;
#3837 = ORIENTED_EDGE ( 'NONE', *, *, #4839, .F. ) ;
#3838 = DIRECTION ( 'NONE',  ( 0.000000000000000000, 1.000000000000000000, 0.000000000000000000 ) ) ;
#3839 = EDGE_LOOP ( 'NONE', ( #5121, #3502, #2364, #3809, #1037, #3848 ) ) ;
#3840 = DIRECTION ( 'NONE',  ( 0.000000000000000000, 1.000000000000000000, 0.000000000000000000 ) ) ;
#3841 = FACE_OUTER_BOUND ( 'NONE', #3765, .T. ) ;
#3842 = DIRECTION ( 'NONE',  ( 0.000000000000000000, -1.000000000000000000, 0.000000000000000000 ) ) ;
#3843 = VERTEX_POINT ( 'NONE', #2918 ) ;
#3844 = DIRECTION ( 'NONE',  ( 0.000000000000000000, 1.000000000000000000, -0.000000000000000000 ) ) ;
#3845 = DIRECTION ( 'NONE',  ( 0.000000000000000000, 0.000000000000000000, 1.000000000000000000 ) ) ;
#3846 = AXIS2_PLACEMENT_3D ( 'NONE', #3255, #6422, #2870 ) ;
#3847 = DIRECTION ( 'NONE',  ( 0.000000000000000000, 0.000000000000000000, 1.000000000000000000 ) ) ;
#3848 = ORIENTED_EDGE ( 'NONE', *, *, #5342, .F. ) ;
#3849 = CARTESIAN_POINT ( 'NONE',  ( -28.53000000000001890, 55.00000000000000000, -21.54000000000003823 ) ) ;
#3850 = VECTOR ( 'NONE', #3800, 1000.000000000000000 ) ;
#3851 = EDGE_CURVE ( 'NONE', #5699, #4291, #3989, .T. ) ;
#3852 = DIRECTION ( 'NONE',  ( 0.000000000000000000, 1.000000000000000000, 0.000000000000000000 ) ) ;
#3853 = CARTESIAN_POINT ( 'NONE',  ( 0.000000000000000000, 52.50000000000000000, 14.19999999999999751 ) ) ;
#3854 = AXIS2_PLACEMENT_3D ( 'NONE', #5216, #1615, #6598 ) ;
#3855 = EDGE_LOOP ( 'NONE', ( #342, #1343, #5892, #1600 ) ) ;
#3856 = EDGE_CURVE ( 'NONE', #1616, #1285, #444, .T. ) ;
#3857 = ORIENTED_EDGE ( 'NONE', *, *, #946, .T. ) ;
#3858 = EDGE_CURVE ( 'NONE', #1552, #2860, #2489, .T. ) ;
#3859 = VECTOR ( 'NONE', #4328, 1000.000000000000000 ) ;
#3860 = CARTESIAN_POINT ( 'NONE',  ( -1.419999999999998153, 54.80000000000000426, 20.34314575050762031 ) ) ;
#3861 = VECTOR ( 'NONE', #3016, 1000.000000000000000 ) ;
#3862 = DIRECTION ( 'NONE',  ( 0.000000000000000000, 1.000000000000000000, 0.000000000000000000 ) ) ;
#3863 = CARTESIAN_POINT ( 'NONE',  ( 12.67994662088461055, 54.28023823519936286, 56.78086868744217242 ) ) ;
#3864 = DIRECTION ( 'NONE',  ( 0.000000000000000000, 0.000000000000000000, 1.000000000000000000 ) ) ;
#3865 = EDGE_CURVE ( 'NONE', #2439, #6334, #2357, .T. ) ;
#3866 = AXIS2_PLACEMENT_3D ( 'NONE', #1166, #5733, #2711 ) ;
#3867 = CARTESIAN_POINT ( 'NONE',  ( 32.49999999999996447, 55.00000000000000000, -26.50000000000004619 ) ) ;
#3868 = VECTOR ( 'NONE', #613, 1000.000000000000000 ) ;
#3869 = VERTEX_POINT ( 'NONE', #1924 ) ;
#3870 = EDGE_CURVE ( 'NONE', #620, #4466, #1896, .T. ) ;
#3871 = EDGE_CURVE ( 'NONE', #2406, #5550, #5996, .T. ) ;
#3872 = CARTESIAN_POINT ( 'NONE',  ( 0.000000000000000000, 46.00000000000000000, 0.000000000000000000 ) ) ;
#3873 = AXIS2_PLACEMENT_3D ( 'NONE', #4060, #3602, #2105 ) ;
#3874 = AXIS2_PLACEMENT_3D ( 'NONE', #2734, #2264, #2761 ) ;
#3875 = PLANE ( 'NONE',  #1881 ) ;
#3876 = ORIENTED_EDGE ( 'NONE', *, *, #261, .T. ) ;
#3877 = DIRECTION ( 'NONE',  ( 0.000000000000000000, 1.000000000000000000, 0.000000000000000000 ) ) ;
#3878 = PLANE ( 'NONE',  #49 ) ;
#3879 = AXIS2_PLACEMENT_3D ( 'NONE', #5706, #992, #6618 ) ;
#3880 = CARTESIAN_POINT ( 'NONE',  ( -27.83000000000001251, 55.00000000000000000, -15.34000000000003183 ) ) ;
#3881 = CARTESIAN_POINT ( 'NONE',  ( -28.50000000000000000, 36.62916759300433256, 1.299999999999999156 ) ) ;
#3882 = CARTESIAN_POINT ( 'NONE',  ( 12.61770961602594809, 55.00000000000002842, 54.74115753108119264 ) ) ;
#3883 = AXIS2_PLACEMENT_3D ( 'NONE', #3427, #4004, #1347 ) ;
#3884 = FACE_OUTER_BOUND ( 'NONE', #1897, .T. ) ;
#3885 = CARTESIAN_POINT ( 'NONE',  ( -25.10000000000000142, 46.00000000000000000, -24.00000000000004263 ) ) ;
#3886 = ORIENTED_EDGE ( 'NONE', *, *, #453, .F. ) ;
#3887 = VECTOR ( 'NONE', #5665, 999.9999999999998863 ) ;
#3888 = CARTESIAN_POINT ( 'NONE',  ( 12.61365057943552870, 46.00000000000000000, 59.88104043567466306 ) ) ;
#3889 = CARTESIAN_POINT ( 'NONE',  ( -12.65408780780927067, 54.75708907551828020, 55.91879636748479498 ) ) ;
#3890 = VERTEX_POINT ( 'NONE', #6038 ) ;
#3891 = LINE ( 'NONE', #6446, #584 ) ;
#3892 = DIRECTION ( 'NONE',  ( -0.000000000000000000, 1.000000000000000000, -0.000000000000000000 ) ) ;
#3893 = VECTOR ( 'NONE', #6536, 1000.000000000000000 ) ;
#3894 = DIRECTION ( 'NONE',  ( 0.7071067811865462405, 0.000000000000000000, -0.7071067811865489050 ) ) ;
#3895 = ORIENTED_EDGE ( 'NONE', *, *, #3832, .F. ) ;
#3896 = DIRECTION ( 'NONE',  ( 0.000000000000000000, 0.000000000000000000, -1.000000000000000000 ) ) ;
#3897 = EDGE_CURVE ( 'NONE', #6085, #1515, #4958, .T. ) ;
#3898 = VECTOR ( 'NONE', #4807, 1000.000000000000000 ) ;
#3899 = CARTESIAN_POINT ( 'NONE',  ( 28.50000000000000000, 54.50000000000000000, 24.80000000000000071 ) ) ;
#3900 = CARTESIAN_POINT ( 'NONE',  ( 32.00000000000001421, 52.50000000000000000, -8.016050719315200531E-15 ) ) ;
#3901 = CARTESIAN_POINT ( 'NONE',  ( 12.65243790442984384, 54.77757407087081276, 55.86450858459264168 ) ) ;
#3902 = CARTESIAN_POINT ( 'NONE',  ( -21.25119037110733800, 52.00000000000000000, 29.10667400516174297 ) ) ;
#3903 = VECTOR ( 'NONE', #5562, 1000.000000000000000 ) ;
#3904 = ORIENTED_EDGE ( 'NONE', *, *, #4823, .T. ) ;
#3905 = ORIENTED_EDGE ( 'NONE', *, *, #3822, .T. ) ;
#3906 = VERTEX_POINT ( 'NONE', #4425 ) ;
#3907 = CARTESIAN_POINT ( 'NONE',  ( 13.01898745235360089, 50.20705138515677390, 60.43683020543804219 ) ) ;
#3908 = DIRECTION ( 'NONE',  ( 0.000000000000000000, 0.000000000000000000, -1.000000000000000000 ) ) ;
#3909 = LINE ( 'NONE', #6578, #3066 ) ;
#3910 = DIRECTION ( 'NONE',  ( 0.000000000000000000, 0.000000000000000000, 1.000000000000000000 ) ) ;
#3911 = CARTESIAN_POINT ( 'NONE',  ( 10.12464789108507190, 46.00000000000000000, 59.64680632759432655 ) ) ;
#3912 = EDGE_LOOP ( 'NONE', ( #1304, #943, #2782, #4687 ) ) ;
#3913 = DIRECTION ( 'NONE',  ( -1.000000000000000000, -0.000000000000000000, -3.066586833366751727E-16 ) ) ;
#3914 = DIRECTION ( 'NONE',  ( 0.000000000000000000, 0.000000000000000000, 1.000000000000000000 ) ) ;
#3915 = PLANE ( 'NONE',  #616 ) ;
#3916 = DIRECTION ( 'NONE',  ( -0.7071067811865492381, 0.000000000000000000, -0.7071067811865457964 ) ) ;
#3917 = ORIENTED_EDGE ( 'NONE', *, *, #760, .F. ) ;
#3918 = ADVANCED_FACE ( 'NONE', ( #4027 ), #2855, .F. ) ;
#3919 = CARTESIAN_POINT ( 'NONE',  ( -12.64742773224289785, 54.83363362683840592, 55.70018123161542434 ) ) ;
#3920 = VERTEX_POINT ( 'NONE', #4893 ) ;
#3921 = DIRECTION ( 'NONE',  ( -2.505015849785999180E-16, 0.000000000000000000, -1.000000000000000000 ) ) ;
#3922 = CARTESIAN_POINT ( 'NONE',  ( -23.60000000000000142, 54.50000000000000000, -30.00000000000004263 ) ) ;
#3923 = CARTESIAN_POINT ( 'NONE',  ( -31.18000000000001748, 54.00000000000000000, -15.34000000000003183 ) ) ;
#3924 = ORIENTED_EDGE ( 'NONE', *, *, #116, .F. ) ;
#3925 = PLANE ( 'NONE',  #38 ) ;
#3926 = ADVANCED_FACE ( 'NONE', ( #1399 ), #1368, .F. ) ;
#3927 = CARTESIAN_POINT ( 'NONE',  ( 13.11365057943553225, 53.88306134445656426, 56.48401108775031076 ) ) ;
#3928 = CARTESIAN_POINT ( 'NONE',  ( -30.50000000000000355, 52.50000000000000000, 3.861737691489895319 ) ) ;
#3929 = ORIENTED_EDGE ( 'NONE', *, *, #3795, .F. ) ;
#3930 = VERTEX_POINT ( 'NONE', #3885 ) ;
#3931 = EDGE_CURVE ( 'NONE', #3060, #1278, #5499, .T. ) ;
#3932 = CARTESIAN_POINT ( 'NONE',  ( 0.000000000000000000, 46.00000000000000000, 0.000000000000000000 ) ) ;
#3933 = DIRECTION ( 'NONE',  ( 0.000000000000000000, 0.7071067811865475727, -0.7071067811865475727 ) ) ;
#3934 = ORIENTED_EDGE ( 'NONE', *, *, #896, .F. ) ;
#3935 = CARTESIAN_POINT ( 'NONE',  ( -12.49132348684465654, 52.61832287307097289, 57.75323992732078437 ) ) ;
#3936 = ORIENTED_EDGE ( 'NONE', *, *, #2255, .F. ) ;
#3937 = LINE ( 'NONE', #439, #6464 ) ;
#3938 = EDGE_CURVE ( 'NONE', #5175, #4591, #414, .T. ) ;
#3939 = EDGE_CURVE ( 'NONE', #5560, #3017, #73, .T. ) ;
#3940 = DIRECTION ( 'NONE',  ( 5.782411586589355667E-16, 0.000000000000000000, -1.000000000000000000 ) ) ;
#3941 = ORIENTED_EDGE ( 'NONE', *, *, #1371, .F. ) ;
#3942 = FACE_OUTER_BOUND ( 'NONE', #2373, .T. ) ;
#3943 = LINE ( 'NONE', #4891, #470 ) ;
#3944 = CARTESIAN_POINT ( 'NONE',  ( -21.09999999999999432, 52.00000000000000000, -25.00000000000006750 ) ) ;
#3945 = DIRECTION ( 'NONE',  ( 0.7071067811865474617, -0.7071067811865474617, 0.000000000000000000 ) ) ;
#3946 = ADVANCED_FACE ( 'NONE', ( #6548 ), #4195, .T. ) ;
#3947 = VERTEX_POINT ( 'NONE', #626 ) ;
#3948 = ORIENTED_EDGE ( 'NONE', *, *, #27, .F. ) ;
#3949 = CARTESIAN_POINT ( 'NONE',  ( -17.00854968398806477, 52.00000000000000000, 24.86403331804245198 ) ) ;
#3950 = AXIS2_PLACEMENT_3D ( 'NONE', #5149, #1689, #566 ) ;
#3951 = EDGE_CURVE ( 'NONE', #4732, #6451, #2615, .T. ) ;
#3952 = CARTESIAN_POINT ( 'NONE',  ( -13.11365057943552870, 54.35740025157582522, 55.55143062989490232 ) ) ;
#3953 = ADVANCED_FACE ( 'NONE', ( #6101 ), #5164, .F. ) ;
#3954 = ORIENTED_EDGE ( 'NONE', *, *, #6247, .F. ) ;
#3955 = CARTESIAN_POINT ( 'NONE',  ( -13.11365057943553047, 52.63228018227003702, 57.80070940812164082 ) ) ;
#3956 = DIRECTION ( 'NONE',  ( 1.000000000000000000, 0.000000000000000000, 1.239088197126286133E-16 ) ) ;
#3957 = CARTESIAN_POINT ( 'NONE',  ( -10.62669654684135523, 46.00000000000000000, 62.60449920334279739 ) ) ;
#3958 = ORIENTED_EDGE ( 'NONE', *, *, #954, .T. ) ;
#3959 = DIRECTION ( 'NONE',  ( 0.000000000000000000, 0.000000000000000000, 1.000000000000000000 ) ) ;
#3960 = CIRCLE ( 'NONE', #3748, 5.999999999999998224 ) ;
#3961 = DIRECTION ( 'NONE',  ( -0.000000000000000000, 1.000000000000000000, -0.000000000000000000 ) ) ;
#3962 = ORIENTED_EDGE ( 'NONE', *, *, #5401, .F. ) ;
#3963 = LINE ( 'NONE', #3470, #3347 ) ;
#3964 = AXIS2_PLACEMENT_3D ( 'NONE', #2462, #3568, #1441 ) ;
#3965 = DIRECTION ( 'NONE',  ( -0.000000000000000000, -1.000000000000000000, 0.000000000000000000 ) ) ;
#3966 = EDGE_CURVE ( 'NONE', #1413, #5205, #3555, .T. ) ;
#3967 = ORIENTED_EDGE ( 'NONE', *, *, #774, .F. ) ;
#3968 = EDGE_LOOP ( 'NONE', ( #5719, #6577, #2358, #4036 ) ) ;
#3969 = ORIENTED_EDGE ( 'NONE', *, *, #4511, .T. ) ;
#3970 = AXIS2_PLACEMENT_3D ( 'NONE', #3356, #5495, #2952 ) ;
#3971 = AXIS2_PLACEMENT_3D ( 'NONE', #3043, #6227, #1655 ) ;
#3972 = ORIENTED_EDGE ( 'NONE', *, *, #4499, .F. ) ;
#3973 = DIRECTION ( 'NONE',  ( -4.073509918792334433E-16, 0.000000000000000000, 1.000000000000000000 ) ) ;
#3974 = VERTEX_POINT ( 'NONE', #3097 ) ;
#3975 = CARTESIAN_POINT ( 'NONE',  ( -12.07999999999999652, 54.80000000000000426, 26.75000000000000000 ) ) ;
#3976 = ORIENTED_EDGE ( 'NONE', *, *, #4155, .T. ) ;
#3977 = VECTOR ( 'NONE', #133, 1000.000000000000000 ) ;
#3978 = CARTESIAN_POINT ( 'NONE',  ( -12.61567948609234868, 54.99999999999998579, 54.67681611763259752 ) ) ;
#3979 = VECTOR ( 'NONE', #5828, 1000.000000000000000 ) ;
#3980 = LINE ( 'NONE', #5019, #3574 ) ;
#3981 = AXIS2_PLACEMENT_3D ( 'NONE', #3209, #1678, #1109 ) ;
#3982 = VECTOR ( 'NONE', #1348, 1000.000000000000114 ) ;
#3983 = LINE ( 'NONE', #6581, #135 ) ;
#3984 = ORIENTED_EDGE ( 'NONE', *, *, #3557, .F. ) ;
#3985 = CARTESIAN_POINT ( 'NONE',  ( 24.89999999999999503, 55.00000000000000000, -22.00000000000004619 ) ) ;
#3986 = EDGE_CURVE ( 'NONE', #1170, #2603, #5600, .T. ) ;
#3987 = LINE ( 'NONE', #6545, #777 ) ;
#3988 = CARTESIAN_POINT ( 'NONE',  ( -23.49999999999991829, 55.00000000000000000, -12.50000000000004263 ) ) ;
#3989 = LINE ( 'NONE', #3359, #6574 ) ;
#3990 = EDGE_LOOP ( 'NONE', ( #3785, #2100, #5769, #6425 ) ) ;
#3991 = VECTOR ( 'NONE', #5808, 1000.000000000000000 ) ;
#3992 = B_SPLINE_SURFACE_WITH_KNOTS ( 'NONE', 1, 3, ( 
 ( #5763, #2676, #1194, #2710, #5732, #3805, #4783, #5252, #2218, #196, #132, #3221, #1780, #3284, #220, #2185, #4309, #1288, #5191, #614, #1877, #3370, #2034, #5877, #3927, #2934, #5380, #324 ),
 ( #5916, #1411, #3340, #2369, #4904, #5476, #2802, #6391, #4342, #1314, #4400, #1810, #3307, #3901, #2868, #5948, #1349, #6419, #5071, #3830, #1382, #294, #3401, #2339, #3863, #4572, #805, #5440 ) ),
 .UNSPECIFIED., .F., .F., .F.,
 ( 2, 2 ),
 ( 4, 2, 2, 2, 2, 2, 2, 2, 2, 2, 2, 2, 2, 4 ),
 ( 0.000000000000000000, 1.000000000000000000 ),
 ( 0.000000000000000000, 0.0001494228665948840891, 0.0002988457331897681783, 0.0004482685997846522674, 0.0005976914663795363566, 0.0008965371995693045349, 0.001045960066164188570, 0.001195382932759072713, 0.001344805799353956857, 0.001494228665948841000, 0.001643651532543725143, 0.001793074399138609070, 0.002091920132328377140, 0.002390765865518145426 ),
 .UNSPECIFIED. ) ;
#3993 = AXIS2_PLACEMENT_3D ( 'NONE', #1647, #3609, #3186 ) ;
#3994 = EDGE_CURVE ( 'NONE', #5742, #4045, #692, .T. ) ;
#3995 = VERTEX_POINT ( 'NONE', #2589 ) ;
#3996 = VECTOR ( 'NONE', #3350, 1000.000000000000000 ) ;
#3997 = DIRECTION ( 'NONE',  ( 0.000000000000000000, 0.000000000000000000, 1.000000000000000000 ) ) ;
#3998 = CARTESIAN_POINT ( 'NONE',  ( 32.00000000000001421, 54.50000000000000000, -21.00000000000004263 ) ) ;
#3999 = DIRECTION ( 'NONE',  ( 0.7071067811865573427, 0.000000000000000000, -0.7071067811865378028 ) ) ;
#4000 = CYLINDRICAL_SURFACE ( 'NONE', #5685, 2.499999999999988454 ) ;
#4001 = VECTOR ( 'NONE', #3598, 1000.000000000000114 ) ;
#4002 = ADVANCED_FACE ( 'NONE', ( #4699 ), #2028, .T. ) ;
#4003 = ADVANCED_FACE ( 'NONE', ( #1142 ), #2627, .F. ) ;
#4004 = DIRECTION ( 'NONE',  ( -0.000000000000000000, -1.000000000000000000, -0.000000000000000000 ) ) ;
#4005 = VERTEX_POINT ( 'NONE', #4596 ) ;
#4006 = FACE_BOUND ( 'NONE', #6236, .T. ) ;
#4007 = CIRCLE ( 'NONE', #5730, 1.199999999999999734 ) ;
#4008 = LINE ( 'NONE', #6054, #4633 ) ;
#4009 = B_SPLINE_CURVE_WITH_KNOTS ( 'NONE', 3,
 ( #451, #1931, #3955, #6044 ),
 .UNSPECIFIED., .F., .F.,
 ( 4, 4 ),
 ( 0.000000000000000000, 1.000000000000000000 ),
 .UNSPECIFIED. ) ;
#4010 = ORIENTED_EDGE ( 'NONE', *, *, #217, .T. ) ;
#4011 = VERTEX_POINT ( 'NONE', #4091 ) ;
#4012 = EDGE_CURVE ( 'NONE', #446, #6519, #1452, .T. ) ;
#4013 = AXIS2_PLACEMENT_3D ( 'NONE', #1885, #298, #2982 ) ;
#4014 = EDGE_LOOP ( 'NONE', ( #5664, #2268, #3455, #6413 ) ) ;
#4015 = DIRECTION ( 'NONE',  ( 0.000000000000000000, 1.000000000000000000, -0.000000000000000000 ) ) ;
#4016 = CARTESIAN_POINT ( 'NONE',  ( 26.50000000000002487, 0.000000000000000000, -21.00000000000003908 ) ) ;
#4017 = VERTEX_POINT ( 'NONE', #6141 ) ;
#4018 = AXIS2_PLACEMENT_3D ( 'NONE', #6107, #767, #2309 ) ;
#4019 = CARTESIAN_POINT ( 'NONE',  ( -12.49076626245828692, 50.77311976735716570, 59.63986885772315105 ) ) ;
#4020 = CYLINDRICAL_SURFACE ( 'NONE', #3263, 2.649999999999999467 ) ;
#4021 = AXIS2_PLACEMENT_3D ( 'NONE', #5454, #2421, #1367 ) ;
#4022 = DIRECTION ( 'NONE',  ( -0.000000000000000000, -1.000000000000000000, -0.000000000000000000 ) ) ;
#4023 = EDGE_LOOP ( 'NONE', ( #2016, #4864, #5845, #4851 ) ) ;
#4024 = DIRECTION ( 'NONE',  ( -0.7071067811865475727, 0.7071067811865475727, -0.000000000000000000 ) ) ;
#4025 = DIRECTION ( 'NONE',  ( 1.000000000000000000, 0.000000000000000000, 0.000000000000000000 ) ) ;
#4026 = EDGE_CURVE ( 'NONE', #1134, #2607, #2525, .T. ) ;
#4027 = FACE_OUTER_BOUND ( 'NONE', #4550, .T. ) ;
#4028 = EDGE_LOOP ( 'NONE', ( #3827, #2337, #828, #2213 ) ) ;
#4029 = ORIENTED_EDGE ( 'NONE', *, *, #2220, .T. ) ;
#4030 = EDGE_CURVE ( 'NONE', #3004, #1616, #5130, .T. ) ;
#4031 = CARTESIAN_POINT ( 'NONE',  ( -12.66376514745187087, 54.61501838181472834, 56.23894234079304510 ) ) ;
#4032 = DIRECTION ( 'NONE',  ( -0.000000000000000000, 1.000000000000000000, -0.000000000000000000 ) ) ;
#4033 = DIRECTION ( 'NONE',  ( -0.7071067811865483499, -0.000000000000000000, -0.7071067811865465735 ) ) ;
#4034 = ORIENTED_EDGE ( 'NONE', *, *, #113, .F. ) ;
#4035 = LINE ( 'NONE', #5108, #1424 ) ;
#4036 = ORIENTED_EDGE ( 'NONE', *, *, #4112, .T. ) ;
#4037 = DIRECTION ( 'NONE',  ( 0.000000000000000000, 0.000000000000000000, 1.000000000000000000 ) ) ;
#4038 = DIRECTION ( 'NONE',  ( -0.000000000000000000, -0.000000000000000000, -1.000000000000000000 ) ) ;
#4039 = ORIENTED_EDGE ( 'NONE', *, *, #5129, .T. ) ;
#4040 = EDGE_CURVE ( 'NONE', #4961, #3058, #4130, .T. ) ;
#4041 = ORIENTED_EDGE ( 'NONE', *, *, #4436, .F. ) ;
#4042 = VERTEX_POINT ( 'NONE', #1602 ) ;
#4043 = CARTESIAN_POINT ( 'NONE',  ( 28.50000000000000000, 36.62916759300433256, 1.299999999999999156 ) ) ;
#4044 = CARTESIAN_POINT ( 'NONE',  ( -28.53000000000001890, 52.50000000000000000, -13.94000000000003148 ) ) ;
#4045 = VERTEX_POINT ( 'NONE', #3625 ) ;
#4046 = EDGE_CURVE ( 'NONE', #4924, #2590, #80, .T. ) ;
#4047 = CARTESIAN_POINT ( 'NONE',  ( -12.68559829851993470, 54.13287971798136056, 56.97189870338409179 ) ) ;
#4048 = CARTESIAN_POINT ( 'NONE',  ( -3.885728518077717464, 46.00000000000000000, 40.10817482751237151 ) ) ;
#4049 = ORIENTED_EDGE ( 'NONE', *, *, #3264, .T. ) ;
#4050 = DIRECTION ( 'NONE',  ( 0.000000000000000000, 0.000000000000000000, 1.000000000000000000 ) ) ;
#4051 = ORIENTED_EDGE ( 'NONE', *, *, #4446, .T. ) ;
#4052 = DIRECTION ( 'NONE',  ( -0.000000000000000000, -1.000000000000000000, 0.000000000000000000 ) ) ;
#4053 = DIRECTION ( 'NONE',  ( 0.000000000000000000, -1.000000000000000000, -0.000000000000000000 ) ) ;
#4054 = CARTESIAN_POINT ( 'NONE',  ( -23.49999999999991829, 54.50000000000000000, -4.423544863740858091E-14 ) ) ;
#4055 = VERTEX_POINT ( 'NONE', #2160 ) ;
#4056 = VERTEX_POINT ( 'NONE', #4162 ) ;
#4057 = CARTESIAN_POINT ( 'NONE',  ( -10.54302177088195158, 48.79289321881345387, 62.11155039071805106 ) ) ;
#4058 = LINE ( 'NONE', #6148, #1226 ) ;
#4059 = CYLINDRICAL_SURFACE ( 'NONE', #4018, 3.999999999999996447 ) ;
#4060 = CARTESIAN_POINT ( 'NONE',  ( 32.49999999999999289, 55.00000000000000000, -3.268319592420070779E-14 ) ) ;
#4061 = ORIENTED_EDGE ( 'NONE', *, *, #4846, .T. ) ;
#4062 = DIRECTION ( 'NONE',  ( 0.000000000000000000, -1.000000000000000000, 0.000000000000000000 ) ) ;
#4063 = ADVANCED_FACE ( 'NONE', ( #3658 ), #4749, .F. ) ;
#4064 = CARTESIAN_POINT ( 'NONE',  ( 2.003728368091744816, 54.80000000000000426, 12.49999999999999822 ) ) ;
#4065 = DIRECTION ( 'NONE',  ( 0.5000000000000000000, 0.7071067811865486830, 0.4999999999999985567 ) ) ;
#4066 = ORIENTED_EDGE ( 'NONE', *, *, #2250, .F. ) ;
#4067 = LINE ( 'NONE', #1050, #5814 ) ;
#4068 = LINE ( 'NONE', #864, #5589 ) ;
#4069 = EDGE_CURVE ( 'NONE', #4683, #1385, #5062, .T. ) ;
#4070 = ORIENTED_EDGE ( 'NONE', *, *, #1546, .F. ) ;
#4071 = ADVANCED_FACE ( 'NONE', ( #2721 ), #1177, .F. ) ;
#4072 = FACE_OUTER_BOUND ( 'NONE', #1486, .T. ) ;
#4073 = VECTOR ( 'NONE', #6523, 1000.000000000000114 ) ;
#4074 = ORIENTED_EDGE ( 'NONE', *, *, #556, .F. ) ;
#4075 = CARTESIAN_POINT ( 'NONE',  ( 12.91096312410996028, 50.06618890457824733, 60.75917667231408359 ) ) ;
#4076 = EDGE_CURVE ( 'NONE', #1819, #5827, #3695, .T. ) ;
#4077 = ORIENTED_EDGE ( 'NONE', *, *, #2180, .F. ) ;
#4078 = CARTESIAN_POINT ( 'NONE',  ( 12.69031343570181392, 53.97487373415322054, 57.13270822687258743 ) ) ;
#4079 = ORIENTED_EDGE ( 'NONE', *, *, #5517, .T. ) ;
#4080 = FACE_OUTER_BOUND ( 'NONE', #5041, .T. ) ;
#4081 = CARTESIAN_POINT ( 'NONE',  ( -28.50000000000000000, 41.89878066911801824, -27.19999999999999929 ) ) ;
#4082 = AXIS2_PLACEMENT_3D ( 'NONE', #1863, #794, #287 ) ;
#4083 = CARTESIAN_POINT ( 'NONE',  ( -1.419999999999998597, 54.80000000000000426, 23.65685424949238325 ) ) ;
#4084 = EDGE_CURVE ( 'NONE', #66, #4466, #237, .T. ) ;
#4085 = ORIENTED_EDGE ( 'NONE', *, *, #4139, .T. ) ;
#4086 = AXIS2_PLACEMENT_3D ( 'NONE', #3363, #5403, #2861 ) ;
#4087 = AXIS2_PLACEMENT_3D ( 'NONE', #2520, #5058, #3940 ) ;
#4088 = CARTESIAN_POINT ( 'NONE',  ( 12.61365057943553047, 51.88953934794872680, 58.29496252664607425 ) ) ;
#4089 = EDGE_LOOP ( 'NONE', ( #4432, #1026, #2458, #6055 ) ) ;
#4090 = CARTESIAN_POINT ( 'NONE',  ( -27.83000000000001251, 52.50000000000000000, -21.54000000000004178 ) ) ;
#4091 = CARTESIAN_POINT ( 'NONE',  ( -23.59999999999999787, 46.00000000000000000, -24.00000000000004263 ) ) ;
#4092 = ORIENTED_EDGE ( 'NONE', *, *, #5903, .T. ) ;
#4093 = VECTOR ( 'NONE', #4221, 1000.000000000000000 ) ;
#4094 = ORIENTED_EDGE ( 'NONE', *, *, #302, .T. ) ;
#4095 = AXIS2_PLACEMENT_3D ( 'NONE', #4118, #5224, #644 ) ;
#4096 = CARTESIAN_POINT ( 'NONE',  ( -12.62282542120907003, 54.98872020314177433, 54.90449870330419913 ) ) ;
#4097 = DIRECTION ( 'NONE',  ( 2.312964634635745817E-15, 0.000000000000000000, -1.000000000000000000 ) ) ;
#4098 = AXIS2_PLACEMENT_3D ( 'NONE', #3791, #5778, #6291 ) ;
#4099 = LINE ( 'NONE', #2135, #6594 ) ;
#4100 = EDGE_CURVE ( 'NONE', #1628, #5430, #205, .T. ) ;
#4101 = VECTOR ( 'NONE', #4964, 1000.000000000000000 ) ;
#4102 = LINE ( 'NONE', #4138, #3563 ) ;
#4103 = ORIENTED_EDGE ( 'NONE', *, *, #1889, .F. ) ;
#4104 = CYLINDRICAL_SURFACE ( 'NONE', #1111, 1.400000000000000133 ) ;
#4105 = VECTOR ( 'NONE', #6370, 1000.000000000000000 ) ;
#4106 = DIRECTION ( 'NONE',  ( -0.000000000000000000, -1.000000000000000000, 0.000000000000000000 ) ) ;
#4107 = ORIENTED_EDGE ( 'NONE', *, *, #3317, .F. ) ;
#4108 = LINE ( 'NONE', #2568, #6454 ) ;
#4109 = EDGE_CURVE ( 'NONE', #1642, #5699, #6251, .T. ) ;
#4110 = PLANE ( 'NONE',  #680 ) ;
#4111 = AXIS2_PLACEMENT_3D ( 'NONE', #6168, #2480, #6131 ) ;
#4112 = EDGE_CURVE ( 'NONE', #1867, #2534, #653, .T. ) ;
#4113 = VERTEX_POINT ( 'NONE', #1670 ) ;
#4114 = VERTEX_POINT ( 'NONE', #3203 ) ;
#4115 = DIRECTION ( 'NONE',  ( 0.000000000000000000, 0.000000000000000000, 1.000000000000000000 ) ) ;
#4116 = VECTOR ( 'NONE', #4327, 1000.000000000000227 ) ;
#4117 = ORIENTED_EDGE ( 'NONE', *, *, #5057, .T. ) ;
#4118 = CARTESIAN_POINT ( 'NONE',  ( -1.996271631908297817, 54.80000000000000426, 16.50000000000000000 ) ) ;
#4119 = CARTESIAN_POINT ( 'NONE',  ( 27.86964375660328130, 52.50000000000000000, -1.888283394933827131 ) ) ;
#4120 = FACE_OUTER_BOUND ( 'NONE', #3839, .T. ) ;
#4121 = DIRECTION ( 'NONE',  ( -0.000000000000000000, -1.000000000000000000, -0.000000000000000000 ) ) ;
#4122 = DIRECTION ( 'NONE',  ( -0.000000000000000000, 1.000000000000000000, -0.000000000000000000 ) ) ;
#4123 = AXIS2_PLACEMENT_3D ( 'NONE', #4983, #5524, #4909 ) ;
#4124 = FILL_AREA_STYLE ('',( #5292 ) ) ;
#4125 = EDGE_LOOP ( 'NONE', ( #5242, #54, #748, #3482 ) ) ;
#4126 = LINE ( 'NONE', #5125, #3245 ) ;
#4127 = ORIENTED_EDGE ( 'NONE', *, *, #3939, .F. ) ;
#4128 = CARTESIAN_POINT ( 'NONE',  ( 12.61365057943553225, 52.19479780199996810, 57.98279219234802184 ) ) ;
#4129 = LINE ( 'NONE', #1032, #6597 ) ;
#4130 = LINE ( 'NONE', #4671, #2715 ) ;
#4131 = ORIENTED_EDGE ( 'NONE', *, *, #6330, .T. ) ;
#4132 = EDGE_CURVE ( 'NONE', #891, #6020, #2685, .T. ) ;
#4133 = AXIS2_PLACEMENT_3D ( 'NONE', #4527, #2990, #2488 ) ;
#4134 = ORIENTED_EDGE ( 'NONE', *, *, #6117, .F. ) ;
#4135 = LINE ( 'NONE', #5209, #4001 ) ;
#4136 = DIRECTION ( 'NONE',  ( 0.7071067811865378028, -0.7071067811865573427, -2.230244969721246553E-16 ) ) ;
#4137 = DIRECTION ( 'NONE',  ( 0.000000000000000000, 0.000000000000000000, -1.000000000000000000 ) ) ;
#4138 = CARTESIAN_POINT ( 'NONE',  ( 24.40000000000001279, 23.50000000000018829, -53.50000000000007816 ) ) ;
#4139 = EDGE_CURVE ( 'NONE', #2519, #2776, #3747, .T. ) ;
#4140 = ORIENTED_EDGE ( 'NONE', *, *, #1915, .F. ) ;
#4141 = CARTESIAN_POINT ( 'NONE',  ( 0.000000000000000000, 54.50000000000001421, -30.00000000000004263 ) ) ;
#4142 = CARTESIAN_POINT ( 'NONE',  ( 25.50000000000002487, -6.657478101405524207, -22.50000000000003908 ) ) ;
#4143 = ORIENTED_EDGE ( 'NONE', *, *, #2975, .F. ) ;
#4144 = CARTESIAN_POINT ( 'NONE',  ( -28.53000000000002601, 54.00000000000000000, -24.19000000000003681 ) ) ;
#4145 = DIRECTION ( 'NONE',  ( -0.000000000000000000, 0.000000000000000000, -1.000000000000000000 ) ) ;
#4146 = ORIENTED_EDGE ( 'NONE', *, *, #4084, .F. ) ;
#4147 = VERTEX_POINT ( 'NONE', #179 ) ;
#4148 = PLANE ( 'NONE',  #4833 ) ;
#4149 = EDGE_CURVE ( 'NONE', #1867, #5560, #5863, .T. ) ;
#4150 = ORIENTED_EDGE ( 'NONE', *, *, #5687, .F. ) ;
#4151 = CARTESIAN_POINT ( 'NONE',  ( -28.50000000000000000, 46.00000000000000000, 1.299999999999999156 ) ) ;
#4152 = PLANE ( 'NONE',  #4662 ) ;
#4153 = DIRECTION ( 'NONE',  ( 0.000000000000000000, 0.000000000000000000, 1.000000000000000000 ) ) ;
#4154 = CARTESIAN_POINT ( 'NONE',  ( 32.49999999999997868, 55.00000000000000000, -13.50000000000010303 ) ) ;
#4155 = EDGE_CURVE ( 'NONE', #6073, #832, #1792, .T. ) ;
#4156 = EDGE_CURVE ( 'NONE', #360, #6225, #5833, .T. ) ;
#4157 = ORIENTED_EDGE ( 'NONE', *, *, #69, .F. ) ;
#4158 = DIRECTION ( 'NONE',  ( -1.000000000000000000, 0.000000000000000000, -1.476360405086643077E-16 ) ) ;
#4159 = ORIENTED_EDGE ( 'NONE', *, *, #4927, .F. ) ;
#4160 = DIRECTION ( 'NONE',  ( 0.000000000000000000, 0.000000000000000000, 1.000000000000000000 ) ) ;
#4161 = DIRECTION ( 'NONE',  ( 1.000000000000000000, 0.000000000000000000, 7.434214528492724981E-16 ) ) ;
#4162 = CARTESIAN_POINT ( 'NONE',  ( 24.00000000000000711, 52.50000000000000000, 22.69999999999999929 ) ) ;
#4163 = ADVANCED_FACE ( 'NONE', ( #4262 ), #6243, .F. ) ;
#4164 = VERTEX_POINT ( 'NONE', #5744 ) ;
#4165 = ORIENTED_EDGE ( 'NONE', *, *, #3054, .F. ) ;
#4166 = EDGE_CURVE ( 'NONE', #3930, #4011, #1732, .T. ) ;
#4167 = ADVANCED_FACE ( 'NONE', ( #6310 ), #3291, .T. ) ;
#4168 = DIRECTION ( 'NONE',  ( 0.7071067811865378028, 0.000000000000000000, 0.7071067811865573427 ) ) ;
#4169 = CARTESIAN_POINT ( 'NONE',  ( 10.62669654684135523, 49.00000000000000000, 62.60449920334279739 ) ) ;
#4170 = EDGE_CURVE ( 'NONE', #5536, #3381, #3257, .T. ) ;
#4171 = CARTESIAN_POINT ( 'NONE',  ( -27.86964375660328130, 36.62916759300433256, -1.888283394933827131 ) ) ;
#4172 = CARTESIAN_POINT ( 'NONE',  ( -14.13877684528262435, 55.00000000000000000, 50.36122315471732236 ) ) ;
#4173 = ORIENTED_EDGE ( 'NONE', *, *, #5786, .F. ) ;
#4174 = CARTESIAN_POINT ( 'NONE',  ( 12.04622394255548556, 49.37963865770353067, 61.96052118495366301 ) ) ;
#4175 = ADVANCED_FACE ( 'NONE', ( #5358 ), #4793, .F. ) ;
#4176 = DIRECTION ( 'NONE',  ( 0.000000000000000000, 0.000000000000000000, -1.000000000000000000 ) ) ;
#4177 = LINE ( 'NONE', #4682, #1950 ) ;
#4178 = ORIENTED_EDGE ( 'NONE', *, *, #6294, .T. ) ;
#4179 = LINE ( 'NONE', #5180, #5912 ) ;
#4180 = CARTESIAN_POINT ( 'NONE',  ( -12.61365057943552870, 52.50000000000000000, 57.67056687645471413 ) ) ;
#4181 = ORIENTED_EDGE ( 'NONE', *, *, #445, .F. ) ;
#4182 = FACE_OUTER_BOUND ( 'NONE', #1071, .T. ) ;
#4183 = CARTESIAN_POINT ( 'NONE',  ( -23.60000000000000142, 46.00000000000000000, -29.50000000000004263 ) ) ;
#4184 = ORIENTED_EDGE ( 'NONE', *, *, #3195, .F. ) ;
#4185 = CARTESIAN_POINT ( 'NONE',  ( 12.68539814717925118, 49.98965185180276904, 61.20967488441974069 ) ) ;
#4186 = DIRECTION ( 'NONE',  ( -1.000000000000000000, 0.000000000000000000, -0.000000000000000000 ) ) ;
#4187 = DIRECTION ( 'NONE',  ( 0.7071067811865474617, -0.000000000000000000, 0.7071067811865474617 ) ) ;
#4188 = DIRECTION ( 'NONE',  ( 1.000000000000000000, 0.000000000000000000, 0.000000000000000000 ) ) ;
#4189 = ORIENTED_EDGE ( 'NONE', *, *, #62, .F. ) ;
#4190 = CARTESIAN_POINT ( 'NONE',  ( -28.50000000000000000, 46.00000000000000000, -24.80000000000000071 ) ) ;
#4191 = ORIENTED_EDGE ( 'NONE', *, *, #4854, .T. ) ;
#4192 = FACE_OUTER_BOUND ( 'NONE', #2463, .T. ) ;
#4193 = CARTESIAN_POINT ( 'NONE',  ( -17.29139239646264414, 45.99999999999999289, 47.20860760353735230 ) ) ;
#4194 = AXIS2_PLACEMENT_3D ( 'NONE', #726, #5813, #6293 ) ;
#4195 = PLANE ( 'NONE',  #1764 ) ;
#4196 = ORIENTED_EDGE ( 'NONE', *, *, #967, .F. ) ;
#4197 = CIRCLE ( 'NONE', #3019, 3.499999999999999556 ) ;
#4198 = CARTESIAN_POINT ( 'NONE',  ( -6.862855259157583053E-15, 52.50000000000000000, 23.00000000000000711 ) ) ;
#4199 = DIRECTION ( 'NONE',  ( 0.5773502691896201799, -0.5773502691896207351, -0.5773502691896362782 ) ) ;
#4200 = LINE ( 'NONE', #5239, #5511 ) ;
#4201 = DIRECTION ( 'NONE',  ( -0.7071067811865464625, 0.000000000000000000, 0.7071067811865486830 ) ) ;
#4202 = ORIENTED_EDGE ( 'NONE', *, *, #3281, .T. ) ;
#4203 = VECTOR ( 'NONE', #6392, 1000.000000000000000 ) ;
#4204 = AXIS2_PLACEMENT_3D ( 'NONE', #4504, #939, #6014 ) ;
#4205 = LINE ( 'NONE', #2638, #4614 ) ;
#4206 = AXIS2_PLACEMENT_3D ( 'NONE', #5105, #3701, #4573 ) ;
#4207 = LINE ( 'NONE', #241, #2799 ) ;
#4208 = VECTOR ( 'NONE', #862, 1000.000000000000000 ) ;
#4209 = ORIENTED_EDGE ( 'NONE', *, *, #3675, .F. ) ;
#4210 = CARTESIAN_POINT ( 'NONE',  ( -11.07991713078192753, 49.02606719508894173, 62.49980176116272901 ) ) ;
#4211 = CARTESIAN_POINT ( 'NONE',  ( -13.11365057943553047, 53.62132034355964549, 56.78756650747477153 ) ) ;
#4212 = VERTEX_POINT ( 'NONE', #4821 ) ;
#4213 = VECTOR ( 'NONE', #4491, 1000.000000000000000 ) ;
#4214 = ORIENTED_EDGE ( 'NONE', *, *, #1784, .F. ) ;
#4215 = AXIS2_PLACEMENT_3D ( 'NONE', #6377, #3699, #2690 ) ;
#4216 = EDGE_CURVE ( 'NONE', #1910, #1294, #4952, .T. ) ;
#4217 = CARTESIAN_POINT ( 'NONE',  ( -29.93000000000001393, 0.000000000000000000, -22.94000000000003325 ) ) ;
#4218 = CARTESIAN_POINT ( 'NONE',  ( -31.18000000000001748, 54.00000000000000000, -15.34000000000003183 ) ) ;
#4219 = CIRCLE ( 'NONE', #5385, 3.499999999999999556 ) ;
#4220 = CARTESIAN_POINT ( 'NONE',  ( 31.47487373415293277, 46.00000000000000000, 33.02512626584709921 ) ) ;
#4221 = DIRECTION ( 'NONE',  ( 0.000000000000000000, 1.000000000000000000, 0.000000000000000000 ) ) ;
#4222 = ADVANCED_FACE ( 'NONE', ( #1391 ), #4352, .F. ) ;
#4223 = CIRCLE ( 'NONE', #2725, 3.249999999999999556 ) ;
#4224 = ORIENTED_EDGE ( 'NONE', *, *, #530, .F. ) ;
#4225 = DIRECTION ( 'NONE',  ( -1.476360405086643077E-16, 0.000000000000000000, 1.000000000000000000 ) ) ;
#4226 = ORIENTED_EDGE ( 'NONE', *, *, #3045, .F. ) ;
#4227 = LINE ( 'NONE', #1756, #4433 ) ;
#4228 = ORIENTED_EDGE ( 'NONE', *, *, #6335, .T. ) ;
#4229 = CIRCLE ( 'NONE', #4123, 1.400000000000000133 ) ;
#4230 = CARTESIAN_POINT ( 'NONE',  ( -16.65499629339478815, 52.50000000000000000, 25.21758670863572149 ) ) ;
#4231 = CARTESIAN_POINT ( 'NONE',  ( 56.00000000000004974, 23.50000000000018829, -14.00000000000004796 ) ) ;
#4232 = ORIENTED_EDGE ( 'NONE', *, *, #4780, .F. ) ;
#4233 = AXIS2_PLACEMENT_3D ( 'NONE', #2897, #5413, #836 ) ;
#4234 = EDGE_CURVE ( 'NONE', #1772, #5635, #3937, .T. ) ;
#4235 = PLANE ( 'NONE',  #2829 ) ;
#4236 = CARTESIAN_POINT ( 'NONE',  ( 13.11365057943553047, 54.50000000000001421, 54.61251347380554222 ) ) ;
#4237 = CARTESIAN_POINT ( 'NONE',  ( -26.91852454804892858, 66.65764116232583092, 23.43933982822017725 ) ) ;
#4238 = DIRECTION ( 'NONE',  ( -0.000000000000000000, 1.000000000000000000, -0.000000000000000000 ) ) ;
#4239 = EDGE_LOOP ( 'NONE', ( #854, #3548, #1719, #3005, #4816, #3556, #4548 ) ) ;
#4240 = CONICAL_SURFACE ( 'NONE', #1362, 1.500000000000001332, 0.7853981633974337351 ) ;
#4241 = CARTESIAN_POINT ( 'NONE',  ( 32.00000000000001421, 46.00000000000000000, -8.016050719315200531E-15 ) ) ;
#4242 = EDGE_CURVE ( 'NONE', #6271, #2590, #6506, .T. ) ;
#4243 = CYLINDRICAL_SURFACE ( 'NONE', #4292, 1.500000000000001332 ) ;
#4244 = ORIENTED_EDGE ( 'NONE', *, *, #2123, .F. ) ;
#4245 = CARTESIAN_POINT ( 'NONE',  ( 32.00000000000001421, 0.000000000000000000, -21.00000000000004263 ) ) ;
#4246 = LINE ( 'NONE', #1833, #1967 ) ;
#4247 = ORIENTED_EDGE ( 'NONE', *, *, #4803, .F. ) ;
#4248 = CARTESIAN_POINT ( 'NONE',  ( 10.85887250127386672, 49.00000000000000000, 62.56508888228562171 ) ) ;
#4249 = ADVANCED_FACE ( 'NONE', ( #3444 ), #3382, .F. ) ;
#4250 = VERTEX_POINT ( 'NONE', #332 ) ;
#4251 = DIRECTION ( 'NONE',  ( 0.000000000000000000, 0.000000000000000000, -1.000000000000000000 ) ) ;
#4252 = FACE_OUTER_BOUND ( 'NONE', #4849, .T. ) ;
#4253 = CARTESIAN_POINT ( 'NONE',  ( -7.330000000000000071, 54.80000000000000426, 27.49999999999999645 ) ) ;
#4254 = EDGE_CURVE ( 'NONE', #5221, #396, #1871, .T. ) ;
#4255 = EDGE_LOOP ( 'NONE', ( #4587, #4379, #4930, #500 ) ) ;
#4256 = EDGE_CURVE ( 'NONE', #3033, #5601, #1917, .T. ) ;
#4257 = CARTESIAN_POINT ( 'NONE',  ( 6.423145750507671004, 55.00000000000000000, 31.50000000000000000 ) ) ;
#4258 = ORIENTED_EDGE ( 'NONE', *, *, #3938, .F. ) ;
#4259 = LINE ( 'NONE', #2777, #3693 ) ;
#4260 = ORIENTED_EDGE ( 'NONE', *, *, #4012, .T. ) ;
#4261 = DIRECTION ( 'NONE',  ( 0.7071067811865492381, 0.000000000000000000, -0.7071067811865457964 ) ) ;
#4262 = FACE_OUTER_BOUND ( 'NONE', #2972, .T. ) ;
#4263 = EDGE_LOOP ( 'NONE', ( #6206, #3934, #1138, #5967 ) ) ;
#4264 = DIRECTION ( 'NONE',  ( 0.000000000000000000, 0.000000000000000000, -1.000000000000000000 ) ) ;
#4265 = CARTESIAN_POINT ( 'NONE',  ( 13.11365057943553047, 54.34808939207217549, 55.60017742353674919 ) ) ;
#4266 = CARTESIAN_POINT ( 'NONE',  ( 28.00000000000002487, 52.50000000000000000, 30.55025253169417354 ) ) ;
#4267 = CARTESIAN_POINT ( 'NONE',  ( 0.000000000000000000, 55.00000000000000000, -30.00000000000004263 ) ) ;
#4268 = ORIENTED_EDGE ( 'NONE', *, *, #2456, .T. ) ;
#4269 = CARTESIAN_POINT ( 'NONE',  ( 25.50000000000002487, 47.00000000000000000, -22.50000000000003908 ) ) ;
#4270 = EDGE_LOOP ( 'NONE', ( #5343, #6005, #4258, #2076, #2448 ) ) ;
#4271 = DIRECTION ( 'NONE',  ( -0.7071067811865489050, -0.000000000000000000, -0.7071067811865461294 ) ) ;
#4272 = CARTESIAN_POINT ( 'NONE',  ( -12.83704678003250521, 50.01944836761403224, 60.92895812603858019 ) ) ;
#4273 = ORIENTED_EDGE ( 'NONE', *, *, #2365, .T. ) ;
#4274 = VERTEX_POINT ( 'NONE', #1851 ) ;
#4275 = PRODUCT_RELATED_PRODUCT_CATEGORY ( 'part', '', ( #1225 ) ) ;
#4276 = EDGE_CURVE ( 'NONE', #515, #5189, #3980, .T. ) ;
#4277 = FACE_OUTER_BOUND ( 'NONE', #6567, .T. ) ;
#4278 = CARTESIAN_POINT ( 'NONE',  ( -28.32225818297279929, 46.00000000000000000, 36.17774181702722558 ) ) ;
#4279 = CARTESIAN_POINT ( 'NONE',  ( 12.94698391276886973, 54.66666666666667851, 54.61251347380554222 ) ) ;
#4280 = EDGE_CURVE ( 'NONE', #1570, #2653, #2985, .T. ) ;
#4281 = PLANE ( 'NONE',  #5029 ) ;
#4282 = ADVANCED_FACE ( 'NONE', ( #2415 ), #3878, .T. ) ;
#4283 = ORIENTED_EDGE ( 'NONE', *, *, #406, .T. ) ;
#4284 = DIRECTION ( 'NONE',  ( 0.000000000000000000, 0.000000000000000000, 1.000000000000000000 ) ) ;
#4285 = EDGE_LOOP ( 'NONE', ( #1880, #5666, #2558, #5447 ) ) ;
#4286 = CARTESIAN_POINT ( 'NONE',  ( -12.69031343570178905, 53.97487373415292211, 57.13270822687290007 ) ) ;
#4287 = CARTESIAN_POINT ( 'NONE',  ( -12.42915522977721920, 51.74739310165925588, 58.74701849258271125 ) ) ;
#4288 = CARTESIAN_POINT ( 'NONE',  ( -7.330000000000000071, 54.80000000000000426, 17.24999999999999289 ) ) ;
#4289 = ADVANCED_FACE ( 'NONE', ( #2348 ), #5490, .F. ) ;
#4290 = EDGE_CURVE ( 'NONE', #4961, #1389, #1360, .T. ) ;
#4291 = VERTEX_POINT ( 'NONE', #953 ) ;
#4292 = AXIS2_PLACEMENT_3D ( 'NONE', #2237, #662, #4176 ) ;
#4293 = CARTESIAN_POINT ( 'NONE',  ( 28.99999999999996803, 55.00000000000000000, -29.50000000000006395 ) ) ;
#4294 = DIRECTION ( 'NONE',  ( -5.782411586589355667E-16, 0.000000000000000000, 1.000000000000000000 ) ) ;
#4295 = DIRECTION ( 'NONE',  ( -0.000000000000000000, -1.000000000000000000, 0.000000000000000000 ) ) ;
#4296 = LINE ( 'NONE', #185, #352 ) ;
#4297 = ORIENTED_EDGE ( 'NONE', *, *, #1487, .T. ) ;
#4298 = DIRECTION ( 'NONE',  ( 0.000000000000000000, -1.000000000000000000, 0.000000000000000000 ) ) ;
#4299 = VECTOR ( 'NONE', #5655, 1000.000000000000000 ) ;
#4300 = ORIENTED_EDGE ( 'NONE', *, *, #1086, .T. ) ;
#4301 = CARTESIAN_POINT ( 'NONE',  ( -26.43000000000001393, 46.00000000000000000, -21.54000000000004178 ) ) ;
#4302 = VECTOR ( 'NONE', #3341, 1000.000000000000000 ) ;
#4303 = DIRECTION ( 'NONE',  ( 0.000000000000000000, 0.000000000000000000, -1.000000000000000000 ) ) ;
#4304 = ORIENTED_EDGE ( 'NONE', *, *, #6133, .T. ) ;
#4305 = VECTOR ( 'NONE', #1711, 1000.000000000000000 ) ;
#4306 = AXIS2_PLACEMENT_3D ( 'NONE', #293, #3862, #765 ) ;
#4307 = CARTESIAN_POINT ( 'NONE',  ( 10.77639554980191328, 48.79289321881335439, 62.07193674693648688 ) ) ;
#4308 = EDGE_CURVE ( 'NONE', #4562, #2221, #405, .T. ) ;
#4309 = CARTESIAN_POINT ( 'NONE',  ( 13.11365057943553225, 54.23442473904314198, 55.87936005294771036 ) ) ;
#4310 = CARTESIAN_POINT ( 'NONE',  ( 12.61365057943555001, 55.00000000000000000, 54.61251347380554932 ) ) ;
#4311 = AXIS2_PLACEMENT_3D ( 'NONE', #731, #6487, #422 ) ;
#4312 = CIRCLE ( 'NONE', #5717, 3.249999999999999112 ) ;
#4313 = EDGE_CURVE ( 'NONE', #1239, #6145, #3782, .T. ) ;
#4314 = ORIENTED_EDGE ( 'NONE', *, *, #2279, .F. ) ;
#4315 = AXIS2_PLACEMENT_3D ( 'NONE', #2557, #110, #5638 ) ;
#4316 = EDGE_CURVE ( 'NONE', #2565, #5175, #5958, .T. ) ;
#4317 = PLANE ( 'NONE',  #4510 ) ;
#4318 = VERTEX_POINT ( 'NONE', #2445 ) ;
#4319 = CARTESIAN_POINT ( 'NONE',  ( -25.10000000000000142, 47.00000000000000000, -23.00000000000004263 ) ) ;
#4320 = ORIENTED_EDGE ( 'NONE', *, *, #6144, .F. ) ;
#4321 = DIRECTION ( 'NONE',  ( 0.000000000000000000, 1.000000000000000000, 0.000000000000000000 ) ) ;
#4322 = VERTEX_POINT ( 'NONE', #1949 ) ;
#4323 = CARTESIAN_POINT ( 'NONE',  ( -28.50000000000000000, 46.00000000000000000, -26.00000000000000000 ) ) ;
#4324 = CIRCLE ( 'NONE', #6257, 1.500000000000001332 ) ;
#4325 = PLANE ( 'NONE',  #6552 ) ;
#4326 = VECTOR ( 'NONE', #2326, 1000.000000000000000 ) ;
#4327 = DIRECTION ( 'NONE',  ( 0.5773502691896281735, -0.5773502691896245098, -0.5773502691896245098 ) ) ;
#4328 = DIRECTION ( 'NONE',  ( -0.000000000000000000, -1.000000000000000000, -0.000000000000000000 ) ) ;
#4329 = CARTESIAN_POINT ( 'NONE',  ( 12.61365057943553225, 0.000000000000000000, 52.83609688887024447 ) ) ;
#4330 = CARTESIAN_POINT ( 'NONE',  ( 31.99999999999997868, 55.00000000000000000, -26.50000000000004619 ) ) ;
#4331 = EDGE_CURVE ( 'NONE', #6348, #5986, #1324, .T. ) ;
#4332 = ORIENTED_EDGE ( 'NONE', *, *, #3557, .T. ) ;
#4333 = CIRCLE ( 'NONE', #4862, 1.199999999999999734 ) ;
#4334 = ADVANCED_FACE ( 'NONE', ( #4951 ), #2909, .F. ) ;
#4335 = VERTEX_POINT ( 'NONE', #4048 ) ;
#4336 = DIRECTION ( 'NONE',  ( 0.7071067811865474617, 0.7071067811865474617, 0.000000000000000000 ) ) ;
#4337 = VECTOR ( 'NONE', #6149, 1000.000000000000000 ) ;
#4338 = CARTESIAN_POINT ( 'NONE',  ( 24.43333333333333357, 62.56666666666668419, 15.13333333333331865 ) ) ;
#4339 = ORIENTED_EDGE ( 'NONE', *, *, #5797, .T. ) ;
#4340 = VECTOR ( 'NONE', #234, 1000.000000000000114 ) ;
#4341 = CARTESIAN_POINT ( 'NONE',  ( -23.59999999999999787, 53.00000000000001421, -24.00000000000004263 ) ) ;
#4342 = CARTESIAN_POINT ( 'NONE',  ( 12.63361950360768660, 54.94384169400070306, 55.25131985014027691 ) ) ;
#4343 = CARTESIAN_POINT ( 'NONE',  ( 23.49999999999991829, 54.50000000000000000, -4.510281037539698445E-14 ) ) ;
#4344 = VECTOR ( 'NONE', #6470, 1000.000000000000000 ) ;
#4345 = ORIENTED_EDGE ( 'NONE', *, *, #1943, .T. ) ;
#4346 = ORIENTED_EDGE ( 'NONE', *, *, #4800, .F. ) ;
#4347 = CARTESIAN_POINT ( 'NONE',  ( -28.53000000000001890, 54.00000000000000000, -15.34000000000003183 ) ) ;
#4348 = ORIENTED_EDGE ( 'NONE', *, *, #437, .T. ) ;
#4349 = CARTESIAN_POINT ( 'NONE',  ( 29.62132034355966681, 46.00000000000000000, 30.55025253169417354 ) ) ;
#4350 = ORIENTED_EDGE ( 'NONE', *, *, #3464, .T. ) ;
#4351 = DIRECTION ( 'NONE',  ( 0.000000000000000000, -0.7071067811865451302, 0.7071067811865500152 ) ) ;
#4352 = CYLINDRICAL_SURFACE ( 'NONE', #362, 1.500000000000001332 ) ;
#4353 = EDGE_CURVE ( 'NONE', #6179, #2983, #6030, .T. ) ;
#4354 = CARTESIAN_POINT ( 'NONE',  ( 28.50000000000000000, 36.62916759300433256, 4.549999999999998934 ) ) ;
#4355 = DIRECTION ( 'NONE',  ( 0.000000000000000000, -1.000000000000000000, 0.000000000000000000 ) ) ;
#4356 = EDGE_CURVE ( 'NONE', #463, #1768, #33, .T. ) ;
#4357 = EDGE_LOOP ( 'NONE', ( #3139, #1072, #6365, #771 ) ) ;
#4358 = CARTESIAN_POINT ( 'NONE',  ( 12.62484906743279467, 54.98244217045640880, 54.96929996233575366 ) ) ;
#4359 = DIRECTION ( 'NONE',  ( 0.000000000000000000, 1.000000000000000000, -0.000000000000000000 ) ) ;
#4360 = DIRECTION ( 'NONE',  ( -0.000000000000000000, -1.000000000000000000, -0.000000000000000000 ) ) ;
#4361 = ORIENTED_EDGE ( 'NONE', *, *, #1381, .F. ) ;
#4362 = ADVANCED_FACE ( 'NONE', ( #4080 ), #4020, .F. ) ;
#4363 = EDGE_CURVE ( 'NONE', #6334, #6179, #2582, .T. ) ;
#4364 = EDGE_LOOP ( 'NONE', ( #3362, #5482, #529, #4209 ) ) ;
#4365 = CARTESIAN_POINT ( 'NONE',  ( -28.53000000000001890, 55.00000000000000000, -13.94000000000003148 ) ) ;
#4366 = CARTESIAN_POINT ( 'NONE',  ( -13.06640533532901571, 50.32763447471737805, 60.23524335498618854 ) ) ;
#4367 = ADVANCED_FACE ( 'NONE', ( #2050 ), #3013, .F. ) ;
#4368 = PLANE ( 'NONE',  #580 ) ;
#4369 = CARTESIAN_POINT ( 'NONE',  ( 1.927136009590902810E-14, 52.50000000000000000, 30.55025253169419130 ) ) ;
#4370 = CARTESIAN_POINT ( 'NONE',  ( 26.50000000000002487, 46.00000000000000000, -0.000000000000000000 ) ) ;
#4371 = PLANE ( 'NONE',  #4812 ) ;
#4372 = ORIENTED_EDGE ( 'NONE', *, *, #2944, .T. ) ;
#4373 = DIRECTION ( 'NONE',  ( 1.000000000000000000, 0.000000000000000000, 0.000000000000000000 ) ) ;
#4374 = LINE ( 'NONE', #6503, #1571 ) ;
#4375 = EDGE_LOOP ( 'NONE', ( #5888, #3000, #2538, #4407, #5988 ) ) ;
#4376 = CARTESIAN_POINT ( 'NONE',  ( -12.63241542107355642, 54.95029496926766654, 55.21246083372759017 ) ) ;
#4377 = DIRECTION ( 'NONE',  ( 0.000000000000000000, -1.000000000000000000, 0.000000000000000000 ) ) ;
#4378 = FACE_OUTER_BOUND ( 'NONE', #6632, .T. ) ;
#4379 = ORIENTED_EDGE ( 'NONE', *, *, #4012, .F. ) ;
#4380 = DIRECTION ( 'NONE',  ( -2.983850112677209358E-16, 0.000000000000000000, 1.000000000000000000 ) ) ;
#4381 = B_SPLINE_CURVE_WITH_KNOTS ( 'NONE', 1,
 ( #2212, #4211 ),
 .UNSPECIFIED., .F., .F.,
 ( 2, 2 ),
 ( 0.000000000000000000, 1.000000000000000000 ),
 .UNSPECIFIED. ) ;
#4382 = CARTESIAN_POINT ( 'NONE',  ( 12.63863349834513272, 54.91075194826409955, 55.41357679720570673 ) ) ;
#4383 = CARTESIAN_POINT ( 'NONE',  ( -1.419999999999998597, 55.00000000000000000, 23.65685424949238325 ) ) ;
#4384 = EDGE_CURVE ( 'NONE', #3041, #3536, #1560, .T. ) ;
#4385 = AXIS2_PLACEMENT_3D ( 'NONE', #935, #319, #3959 ) ;
#4386 = CARTESIAN_POINT ( 'NONE',  ( -25.10000000000000142, -6.657478101405524207, -23.00000000000004263 ) ) ;
#4387 = ORIENTED_EDGE ( 'NONE', *, *, #2099, .T. ) ;
#4388 = CARTESIAN_POINT ( 'NONE',  ( -16.61365057943553225, 55.00000000000000000, 52.83609688887024447 ) ) ;
#4389 =( GEOMETRIC_REPRESENTATION_CONTEXT ( 3 ) GLOBAL_UNCERTAINTY_ASSIGNED_CONTEXT ( ( #6463 ) ) GLOBAL_UNIT_ASSIGNED_CONTEXT ( ( #1415, #3436, #5972 ) ) REPRESENTATION_CONTEXT ( 'NONE', 'WORKASPACE' ) );
#4390 = CARTESIAN_POINT ( 'NONE',  ( -13.11365057943553225, 54.49878924551512682, 54.71349091994873248 ) ) ;
#4391 = CARTESIAN_POINT ( 'NONE',  ( -1.996271631908297817, 54.80000000000000426, 16.50000000000000000 ) ) ;
#4392 = DIRECTION ( 'NONE',  ( -5.782411586589355667E-16, 0.000000000000000000, -1.000000000000000000 ) ) ;
#4393 = VECTOR ( 'NONE', #4613, 1000.000000000000000 ) ;
#4394 = CARTESIAN_POINT ( 'NONE',  ( 12.48454768391405167, 49.95591608794875071, 60.48408578868007623 ) ) ;
#4395 = EDGE_LOOP ( 'NONE', ( #6433, #3443, #429, #3530, #3948, #4361, #2724 ) ) ;
#4396 = VECTOR ( 'NONE', #1149, 1000.000000000000000 ) ;
#4397 = DIRECTION ( 'NONE',  ( 0.000000000000000000, -1.000000000000000000, 0.000000000000000000 ) ) ;
#4398 = AXIS2_PLACEMENT_3D ( 'NONE', #3880, #334, #4710 ) ;
#4399 = CARTESIAN_POINT ( 'NONE',  ( 0.000000000000000000, 55.00000000000000000, 0.000000000000000000 ) ) ;
#4400 = CARTESIAN_POINT ( 'NONE',  ( 12.64234171256158312, 54.88298383937717517, 55.53403359741300704 ) ) ;
#4401 = CARTESIAN_POINT ( 'NONE',  ( 31.50000000000002842, 52.50000000000000000, -13.50000000000004619 ) ) ;
#4402 = EDGE_CURVE ( 'NONE', #3060, #764, #3123, .T. ) ;
#4403 = VECTOR ( 'NONE', #2177, 1000.000000000000000 ) ;
#4404 = ORIENTED_EDGE ( 'NONE', *, *, #973, .T. ) ;
#4405 = AXIS2_PLACEMENT_3D ( 'NONE', #3932, #5984, #5445 ) ;
#4406 = ORIENTED_EDGE ( 'NONE', *, *, #488, .T. ) ;
#4407 = ORIENTED_EDGE ( 'NONE', *, *, #532, .T. ) ;
#4408 = LINE ( 'NONE', #1883, #681 ) ;
#4409 = AXIS2_PLACEMENT_3D ( 'NONE', #6077, #1504, #3526 ) ;
#4410 = AXIS2_PLACEMENT_3D ( 'NONE', #5904, #6520, #5465 ) ;
#4411 = CARTESIAN_POINT ( 'NONE',  ( -31.47487373415285816, 46.00000000000000000, 33.02512626584717736 ) ) ;
#4412 = ORIENTED_EDGE ( 'NONE', *, *, #2977, .T. ) ;
#4413 = EDGE_CURVE ( 'NONE', #227, #5550, #1249, .T. ) ;
#4414 = DIRECTION ( 'NONE',  ( -0.000000000000000000, 1.000000000000000000, -0.000000000000000000 ) ) ;
#4415 = ORIENTED_EDGE ( 'NONE', *, *, #4156, .T. ) ;
#4416 = DIRECTION ( 'NONE',  ( 0.7071067811865500152, -0.7071067811865451302, 0.000000000000000000 ) ) ;
#4417 = AXIS2_PLACEMENT_3D ( 'NONE', #1499, #547, #590 ) ;
#4418 = CARTESIAN_POINT ( 'NONE',  ( 6.423145750507671004, 54.80000000000000426, 31.50000000000000000 ) ) ;
#4419 = ORIENTED_EDGE ( 'NONE', *, *, #2006, .T. ) ;
#4420 = LINE ( 'NONE', #6477, #3044 ) ;
#4421 = ORIENTED_EDGE ( 'NONE', *, *, #5789, .T. ) ;
#4422 = CARTESIAN_POINT ( 'NONE',  ( -32.49999999999994316, 46.00000000000000000, 30.55025253169425525 ) ) ;
#4423 = AXIS2_PLACEMENT_3D ( 'NONE', #6400, #6472, #1463 ) ;
#4424 = LINE ( 'NONE', #6512, #3487 ) ;
#4425 = CARTESIAN_POINT ( 'NONE',  ( -1.419999999999998153, 55.00000000000000000, 20.34314575050762031 ) ) ;
#4426 = ORIENTED_EDGE ( 'NONE', *, *, #6466, .F. ) ;
#4427 = VECTOR ( 'NONE', #5330, 1000.000000000000000 ) ;
#4428 = EDGE_CURVE ( 'NONE', #1703, #4818, #3466, .T. ) ;
#4429 = CARTESIAN_POINT ( 'NONE',  ( -12.68528895521482802, 54.13471267273104104, 56.96167995130552697 ) ) ;
#4430 = CARTESIAN_POINT ( 'NONE',  ( -30.50000000000000355, 52.50000000000000000, -4.502899235514262370E-15 ) ) ;
#4431 = PLANE ( 'NONE',  #4743 ) ;
#4432 = ORIENTED_EDGE ( 'NONE', *, *, #5734, .T. ) ;
#4433 = VECTOR ( 'NONE', #6282, 1000.000000000000114 ) ;
#4434 = PLANE ( 'NONE',  #1218 ) ;
#4435 = ORIENTED_EDGE ( 'NONE', *, *, #1476, .T. ) ;
#4436 = EDGE_CURVE ( 'NONE', #2270, #6380, #4558, .T. ) ;
#4437 = AXIS2_PLACEMENT_3D ( 'NONE', #1798, #2755, #5397 ) ;
#4438 = DIRECTION ( 'NONE',  ( -0.000000000000000000, -1.000000000000000000, 0.000000000000000000 ) ) ;
#4439 = DIRECTION ( 'NONE',  ( -0.000000000000000000, 1.000000000000000000, -0.000000000000000000 ) ) ;
#4440 = CARTESIAN_POINT ( 'NONE',  ( -25.10000000000000142, 47.00000000000000000, -23.00000000000004263 ) ) ;
#4441 = CARTESIAN_POINT ( 'NONE',  ( -25.10000000000000142, 52.50000000000000000, -23.00000000000004263 ) ) ;
#4442 = ORIENTED_EDGE ( 'NONE', *, *, #3618, .T. ) ;
#4443 = ORIENTED_EDGE ( 'NONE', *, *, #6421, .T. ) ;
#4444 = CIRCLE ( 'NONE', #2527, 1.199999999999999734 ) ;
#4445 = ORIENTED_EDGE ( 'NONE', *, *, #3068, .F. ) ;
#4446 = EDGE_CURVE ( 'NONE', #5086, #2708, #5155, .T. ) ;
#4447 = EDGE_LOOP ( 'NONE', ( #6280, #565, #4984, #5858 ) ) ;
#4448 = ORIENTED_EDGE ( 'NONE', *, *, #6621, .T. ) ;
#4449 = DIRECTION ( 'NONE',  ( 0.000000000000000000, 0.000000000000000000, 1.000000000000000000 ) ) ;
#4450 = EDGE_CURVE ( 'NONE', #4005, #1570, #581, .T. ) ;
#4451 = VECTOR ( 'NONE', #4414, 1000.000000000000000 ) ;
#4452 = LINE ( 'NONE', #1946, #605 ) ;
#4453 = ORIENTED_EDGE ( 'NONE', *, *, #3756, .T. ) ;
#4454 = CARTESIAN_POINT ( 'NONE',  ( -28.99999999999999645, 46.00000000000000000, -24.00000000000004263 ) ) ;
#4455 = ORIENTED_EDGE ( 'NONE', *, *, #6188, .F. ) ;
#4456 = DIRECTION ( 'NONE',  ( 0.000000000000000000, 1.000000000000000000, 0.000000000000000000 ) ) ;
#4457 = EDGE_CURVE ( 'NONE', #2433, #1525, #5557, .T. ) ;
#4458 = CYLINDRICAL_SURFACE ( 'NONE', #888, 62.99999999999998579 ) ;
#4459 = ORIENTED_EDGE ( 'NONE', *, *, #2162, .T. ) ;
#4460 = PLANE ( 'NONE',  #599 ) ;
#4461 = VERTEX_POINT ( 'NONE', #5630 ) ;
#4462 = CARTESIAN_POINT ( 'NONE',  ( 12.63724590118243363, 54.92042539475108498, 55.36864736597382830 ) ) ;
#4463 = DIRECTION ( 'NONE',  ( 0.7071067811865465735, 0.000000000000000000, -0.7071067811865485719 ) ) ;
#4464 = DIRECTION ( 'NONE',  ( -0.000000000000000000, 1.000000000000000000, -0.000000000000000000 ) ) ;
#4465 = ORIENTED_EDGE ( 'NONE', *, *, #1189, .T. ) ;
#4466 = VERTEX_POINT ( 'NONE', #1061 ) ;
#4467 = CARTESIAN_POINT ( 'NONE',  ( 36.66666666666663588, 50.33333333333336412, -9.333333333333561299 ) ) ;
#4468 = DIRECTION ( 'NONE',  ( 0.000000000000000000, 0.000000000000000000, -1.000000000000000000 ) ) ;
#4469 = LINE ( 'NONE', #4895, #2499 ) ;
#4470 = CARTESIAN_POINT ( 'NONE',  ( 25.83333333333337478, 51.16666666666665719, 19.36666666666665648 ) ) ;
#4471 = ORIENTED_EDGE ( 'NONE', *, *, #1330, .T. ) ;
#4472 = LINE ( 'NONE', #6456, #2302 ) ;
#4473 = VERTEX_POINT ( 'NONE', #3053 ) ;
#4474 = DIRECTION ( 'NONE',  ( -2.505015849785999180E-16, 0.000000000000000000, -1.000000000000000000 ) ) ;
#4475 = CARTESIAN_POINT ( 'NONE',  ( -23.60000000000000142, 0.000000000000000000, -29.50000000000004263 ) ) ;
#4476 = EDGE_LOOP ( 'NONE', ( #2789, #1096, #2131, #1834 ) ) ;
#4477 = VERTEX_POINT ( 'NONE', #2618 ) ;
#4478 = ORIENTED_EDGE ( 'NONE', *, *, #1284, .T. ) ;
#4479 = ORIENTED_EDGE ( 'NONE', *, *, #2250, .T. ) ;
#4480 = DIRECTION ( 'NONE',  ( 0.000000000000000000, -1.000000000000000000, 0.000000000000000000 ) ) ;
#4481 = CARTESIAN_POINT ( 'NONE',  ( -32.24999999999993605, 54.50000000000001421, 32.25000000000009948 ) ) ;
#4482 = ORIENTED_EDGE ( 'NONE', *, *, #445, .T. ) ;
#4483 = ADVANCED_FACE ( 'NONE', ( #1494 ), #3091, .F. ) ;
#4484 = DIRECTION ( 'NONE',  ( 0.000000000000000000, 0.000000000000000000, 1.000000000000000000 ) ) ;
#4485 = DIRECTION ( 'NONE',  ( 0.000000000000000000, 0.000000000000000000, -1.000000000000000000 ) ) ;
#4486 = CARTESIAN_POINT ( 'NONE',  ( 31.50000000000002842, 46.00000000000000000, -13.50000000000004619 ) ) ;
#4487 = ORIENTED_EDGE ( 'NONE', *, *, #2572, .T. ) ;
#4488 = DIRECTION ( 'NONE',  ( 0.000000000000000000, 0.000000000000000000, 1.000000000000000000 ) ) ;
#4489 = CARTESIAN_POINT ( 'NONE',  ( 12.62137436173288307, 54.99322191316165487, 54.85803448000983451 ) ) ;
#4490 = PLANE ( 'NONE',  #2109 ) ;
#4491 = DIRECTION ( 'NONE',  ( 1.000000000000000000, 0.000000000000000000, 0.000000000000000000 ) ) ;
#4492 = EDGE_CURVE ( 'NONE', #1787, #3995, #3617, .T. ) ;
#4493 = ORIENTED_EDGE ( 'NONE', *, *, #3310, .F. ) ;
#4494 = ADVANCED_FACE ( 'NONE', ( #390 ), #2930, .F. ) ;
#4495 = ORIENTED_EDGE ( 'NONE', *, *, #3718, .F. ) ;
#4496 = FACE_OUTER_BOUND ( 'NONE', #6603, .T. ) ;
#4497 = DIRECTION ( 'NONE',  ( 0.000000000000000000, -0.000000000000000000, -1.000000000000000000 ) ) ;
#4498 = DIRECTION ( 'NONE',  ( 0.000000000000000000, 0.000000000000000000, 1.000000000000000000 ) ) ;
#4499 = EDGE_CURVE ( 'NONE', #75, #3677, #4472, .T. ) ;
#4500 = ORIENTED_EDGE ( 'NONE', *, *, #4428, .F. ) ;
#4501 = AXIS2_PLACEMENT_3D ( 'NONE', #6412, #495, #4577 ) ;
#4502 = CARTESIAN_POINT ( 'NONE',  ( -5.977683897477906960, 52.50000000000000000, 35.89489910455257160 ) ) ;
#4503 = VERTEX_POINT ( 'NONE', #3899 ) ;
#4504 = CARTESIAN_POINT ( 'NONE',  ( 0.000000000000000000, 48.64644660940673049, 0.000000000000000000 ) ) ;
#4505 = VECTOR ( 'NONE', #4298, 1000.000000000000000 ) ;
#4506 = DIRECTION ( 'NONE',  ( 0.000000000000000000, -1.000000000000000000, 0.000000000000000000 ) ) ;
#4507 = ORIENTED_EDGE ( 'NONE', *, *, #3603, .T. ) ;
#4508 = ORIENTED_EDGE ( 'NONE', *, *, #1455, .T. ) ;
#4509 = VECTOR ( 'NONE', #4136, 1000.000000000000000 ) ;
#4510 = AXIS2_PLACEMENT_3D ( 'NONE', #5922, #6426, #2845 ) ;
#4511 = EDGE_CURVE ( 'NONE', #4910, #462, #2927, .T. ) ;
#4512 = EDGE_LOOP ( 'NONE', ( #5341, #5588, #6599, #4426, #3199 ) ) ;
#4513 = FACE_OUTER_BOUND ( 'NONE', #2571, .T. ) ;
#4514 = LINE ( 'NONE', #2047, #920 ) ;
#4515 = ORIENTED_EDGE ( 'NONE', *, *, #3871, .T. ) ;
#4516 = AXIS2_PLACEMENT_3D ( 'NONE', #263, #2769, #3864 ) ;
#4517 = CARTESIAN_POINT ( 'NONE',  ( 26.50000000000002487, 46.00000000000000000, -22.50000000000003908 ) ) ;
#4518 = ORIENTED_EDGE ( 'NONE', *, *, #3426, .T. ) ;
#4519 = AXIS2_PLACEMENT_3D ( 'NONE', #2441, #6087, #4551 ) ;
#4520 = CARTESIAN_POINT ( 'NONE',  ( 0.000000000000000000, 46.00000000000000000, 0.000000000000000000 ) ) ;
#4521 = EDGE_CURVE ( 'NONE', #180, #6317, #4324, .T. ) ;
#4522 = AXIS2_PLACEMENT_3D ( 'NONE', #13, #521, #2564 ) ;
#4523 = VECTOR ( 'NONE', #2507, 1000.000000000000000 ) ;
#4524 = PLANE ( 'NONE',  #4087 ) ;
#4525 = ORIENTED_EDGE ( 'NONE', *, *, #494, .F. ) ;
#4526 = CARTESIAN_POINT ( 'NONE',  ( -27.83000000000001251, 52.75000000000000000, -13.94000000000003148 ) ) ;
#4527 = CARTESIAN_POINT ( 'NONE',  ( -31.18000000000001748, 54.00000000000000000, -21.54000000000003823 ) ) ;
#4528 = CARTESIAN_POINT ( 'NONE',  ( 32.00000000000004263, 55.00000000000000000, 30.55025253169416999 ) ) ;
#4529 = ORIENTED_EDGE ( 'NONE', *, *, #1371, .T. ) ;
#4530 = VECTOR ( 'NONE', #45, 1000.000000000000000 ) ;
#4531 = VECTOR ( 'NONE', #1374, 1000.000000000000000 ) ;
#4532 = EDGE_LOOP ( 'NONE', ( #6113, #448, #1860, #2687, #5078, #2808 ) ) ;
#4533 = AXIS2_PLACEMENT_3D ( 'NONE', #6051, #5512, #5472 ) ;
#4534 = CARTESIAN_POINT ( 'NONE',  ( -12.67994662088465141, 54.28023823519936997, 56.78086868744216531 ) ) ;
#4535 = DIRECTION ( 'NONE',  ( -0.000000000000000000, 1.000000000000000000, 0.000000000000000000 ) ) ;
#4536 = EDGE_CURVE ( 'NONE', #4979, #1190, #1408, .T. ) ;
#4537 = EDGE_CURVE ( 'NONE', #4760, #3527, #2399, .T. ) ;
#4538 = DIRECTION ( 'NONE',  ( 0.000000000000000000, 0.000000000000000000, 1.000000000000000000 ) ) ;
#4539 = DIRECTION ( 'NONE',  ( 0.000000000000000000, 1.000000000000000000, 0.000000000000000000 ) ) ;
#4540 = VECTOR ( 'NONE', #2529, 999.9999999999998863 ) ;
#4541 = EDGE_CURVE ( 'NONE', #2411, #851, #4754, .T. ) ;
#4542 = DIRECTION ( 'NONE',  ( -0.7071067811865475727, 0.000000000000000000, -0.7071067811865475727 ) ) ;
#4543 = ORIENTED_EDGE ( 'NONE', *, *, #4839, .T. ) ;
#4544 = DIRECTION ( 'NONE',  ( -0.000000000000000000, 1.000000000000000000, -0.000000000000000000 ) ) ;
#4545 = VECTOR ( 'NONE', #1556, 1000.000000000000000 ) ;
#4546 = CARTESIAN_POINT ( 'NONE',  ( -16.61365057943553225, 52.50000000000000000, 52.83609688887024447 ) ) ;
#4547 = ORIENTED_EDGE ( 'NONE', *, *, #1807, .F. ) ;
#4548 = ORIENTED_EDGE ( 'NONE', *, *, #572, .F. ) ;
#4549 = VECTOR ( 'NONE', #4678, 999.9999999999998863 ) ;
#4550 = EDGE_LOOP ( 'NONE', ( #1449, #5611, #2440, #3886 ) ) ;
#4551 = DIRECTION ( 'NONE',  ( 0.000000000000000000, 0.000000000000000000, 1.000000000000000000 ) ) ;
#4552 = ORIENTED_EDGE ( 'NONE', *, *, #954, .F. ) ;
#4553 = CARTESIAN_POINT ( 'NONE',  ( 26.50000000000002487, 0.000000000000000000, -21.00000000000003908 ) ) ;
#4554 = ORIENTED_EDGE ( 'NONE', *, *, #5129, .F. ) ;
#4555 = VECTOR ( 'NONE', #1958, 1000.000000000000000 ) ;
#4556 = DIRECTION ( 'NONE',  ( -0.7071067811865376918, 0.000000000000000000, 0.7071067811865574537 ) ) ;
#4557 = VERTEX_POINT ( 'NONE', #4502 ) ;
#4558 = LINE ( 'NONE', #540, #697 ) ;
#4559 = AXIS2_PLACEMENT_3D ( 'NONE', #2444, #6064, #4484 ) ;
#4560 = VERTEX_POINT ( 'NONE', #1448 ) ;
#4561 = DIRECTION ( 'NONE',  ( 0.000000000000000000, -1.000000000000000000, 0.000000000000000000 ) ) ;
#4562 = VERTEX_POINT ( 'NONE', #1379 ) ;
#4563 = FACE_OUTER_BOUND ( 'NONE', #5920, .T. ) ;
#4564 = CARTESIAN_POINT ( 'NONE',  ( -29.00000000000000355, 52.50000000000000000, 23.00000000000000000 ) ) ;
#4565 = ADVANCED_FACE ( 'NONE', ( #2999 ), #5438, .F. ) ;
#4566 = CARTESIAN_POINT ( 'NONE',  ( -28.53000000000001890, 52.75000000000000000, -13.94000000000003148 ) ) ;
#4567 = VERTEX_POINT ( 'NONE', #1835 ) ;
#4568 = ORIENTED_EDGE ( 'NONE', *, *, #5195, .T. ) ;
#4569 = EDGE_CURVE ( 'NONE', #3611, #6296, #3368, .T. ) ;
#4570 = CARTESIAN_POINT ( 'NONE',  ( 32.49999999999996447, 54.50000000000001421, -26.50000000000004619 ) ) ;
#4571 = CARTESIAN_POINT ( 'NONE',  ( 14.13877684528262080, 46.00000000000000000, 50.36122315471732236 ) ) ;
#4572 = CARTESIAN_POINT ( 'NONE',  ( 12.68528895521479782, 54.13471267273104814, 56.96167995130553408 ) ) ;
#4573 = DIRECTION ( 'NONE',  ( -1.000000000000000000, 0.000000000000000000, -1.239088197126286133E-16 ) ) ;
#4574 = EDGE_CURVE ( 'NONE', #174, #1552, #2366, .T. ) ;
#4575 = ORIENTED_EDGE ( 'NONE', *, *, #3635, .T. ) ;
#4576 = ADVANCED_FACE ( 'NONE', ( #3468 ), #6580, .T. ) ;
#4577 = DIRECTION ( 'NONE',  ( 0.000000000000000000, 0.000000000000000000, 1.000000000000000000 ) ) ;
#4578 = CARTESIAN_POINT ( 'NONE',  ( 25.00000000000002132, 54.50000000000000711, -14.00000000000004796 ) ) ;
#4579 = ORIENTED_EDGE ( 'NONE', *, *, #2630, .F. ) ;
#4580 = CARTESIAN_POINT ( 'NONE',  ( -7.329999999999992077, 54.80000000000000426, 31.50000000000000000 ) ) ;
#4581 = CARTESIAN_POINT ( 'NONE',  ( -27.83000000000001251, 0.000000000000000000, -15.34000000000003183 ) ) ;
#4582 = ORIENTED_EDGE ( 'NONE', *, *, #4846, .F. ) ;
#4583 = EDGE_CURVE ( 'NONE', #3682, #1384, #1482, .T. ) ;
#4584 = LINE ( 'NONE', #5113, #216 ) ;
#4585 = ORIENTED_EDGE ( 'NONE', *, *, #6188, .T. ) ;
#4586 = CARTESIAN_POINT ( 'NONE',  ( -1.419999999999998153, 54.80000000000000426, 20.34314575050762031 ) ) ;
#4587 = ORIENTED_EDGE ( 'NONE', *, *, #1270, .T. ) ;
#4588 = DIRECTION ( 'NONE',  ( -0.000000000000000000, 1.000000000000000000, -0.000000000000000000 ) ) ;
#4589 = CARTESIAN_POINT ( 'NONE',  ( 26.50000000000002487, 52.50000000000000000, 29.05025253169417354 ) ) ;
#4590 = CARTESIAN_POINT ( 'NONE',  ( -27.83000000000001251, 54.00000000000000000, -21.54000000000004178 ) ) ;
#4591 = VERTEX_POINT ( 'NONE', #937 ) ;
#4592 = CARTESIAN_POINT ( 'NONE',  ( 6.423145750507671004, 54.80000000000000426, 31.50000000000000000 ) ) ;
#4593 = EDGE_LOOP ( 'NONE', ( #2516, #1892, #1146, #4992 ) ) ;
#4594 = CARTESIAN_POINT ( 'NONE',  ( 28.50000000000000000, 54.50000000000000000, -27.19999999999999929 ) ) ;
#4595 = CARTESIAN_POINT ( 'NONE',  ( -27.83000000000001606, 52.75000000000000000, -22.94000000000004036 ) ) ;
#4596 = CARTESIAN_POINT ( 'NONE',  ( 24.50000000000002487, 55.00000000000000000, -13.50000000000004619 ) ) ;
#4597 = ORIENTED_EDGE ( 'NONE', *, *, #3309, .F. ) ;
#4598 = VERTEX_POINT ( 'NONE', #5035 ) ;
#4599 = EDGE_CURVE ( 'NONE', #1121, #4924, #2967, .T. ) ;
#4600 = DIRECTION ( 'NONE',  ( -5.782411586589355667E-16, 0.000000000000000000, -1.000000000000000000 ) ) ;
#4601 = DIRECTION ( 'NONE',  ( -1.000000000000000000, 0.000000000000000000, 0.000000000000000000 ) ) ;
#4602 = CARTESIAN_POINT ( 'NONE',  ( 14.95860760353732744, 52.50000000000000000, 14.95860760353728303 ) ) ;
#4603 = CARTESIAN_POINT ( 'NONE',  ( -13.12105599139643886, 52.50000000000000000, 50.88628073251087613 ) ) ;
#4604 = ORIENTED_EDGE ( 'NONE', *, *, #2300, .F. ) ;
#4605 = LINE ( 'NONE', #5540, #6547 ) ;
#4606 = DIRECTION ( 'NONE',  ( 1.005636797667714286E-15, 0.000000000000000000, 1.000000000000000000 ) ) ;
#4607 = EDGE_CURVE ( 'NONE', #1515, #3042, #4219, .T. ) ;
#4608 = ORIENTED_EDGE ( 'NONE', *, *, #1078, .F. ) ;
#4609 = LINE ( 'NONE', #2174, #2820 ) ;
#4610 = DIRECTION ( 'NONE',  ( 0.7071067811865500152, -0.7071067811865451302, -1.440203243404364904E-16 ) ) ;
#4611 = VECTOR ( 'NONE', #1935, 1000.000000000000114 ) ;
#4612 = ORIENTED_EDGE ( 'NONE', *, *, #485, .F. ) ;
#4613 = DIRECTION ( 'NONE',  ( 1.000000000000000000, -0.000000000000000000, 0.000000000000000000 ) ) ;
#4614 = VECTOR ( 'NONE', #1113, 1000.000000000000000 ) ;
#4615 = ORIENTED_EDGE ( 'NONE', *, *, #5348, .T. ) ;
#4616 = LINE ( 'NONE', #3613, #1005 ) ;
#4617 = DIRECTION ( 'NONE',  ( -0.000000000000000000, -1.000000000000000000, 0.000000000000000000 ) ) ;
#4618 = LINE ( 'NONE', #5659, #6010 ) ;
#4619 = EDGE_CURVE ( 'NONE', #1604, #6283, #5543, .T. ) ;
#4620 = CARTESIAN_POINT ( 'NONE',  ( -12.63914150677105397, 54.90895628322720512, 55.42994926457925686 ) ) ;
#4621 = DIRECTION ( 'NONE',  ( -0.000000000000000000, 1.000000000000000000, -0.000000000000000000 ) ) ;
#4622 = AXIS2_PLACEMENT_3D ( 'NONE', #6112, #4065, #5141 ) ;
#4623 = VERTEX_POINT ( 'NONE', #3923 ) ;
#4624 = EDGE_CURVE ( 'NONE', #668, #3906, #321, .T. ) ;
#4625 = FACE_OUTER_BOUND ( 'NONE', #1094, .T. ) ;
#4626 = ORIENTED_EDGE ( 'NONE', *, *, #2843, .T. ) ;
#4627 = AXIS2_PLACEMENT_3D ( 'NONE', #86, #2134, #1243 ) ;
#4628 = VECTOR ( 'NONE', #3488, 1000.000000000000000 ) ;
#4629 = CYLINDRICAL_SURFACE ( 'NONE', #5508, 1.199999999999999734 ) ;
#4630 = CARTESIAN_POINT ( 'NONE',  ( 31.99999999999998579, 54.50000000000000000, -14.00000000000004796 ) ) ;
#4631 = DIRECTION ( 'NONE',  ( 0.000000000000000000, 0.7071067811865480168, 0.7071067811865470176 ) ) ;
#4632 = ORIENTED_EDGE ( 'NONE', *, *, #1506, .F. ) ;
#4633 = VECTOR ( 'NONE', #1485, 1000.000000000000000 ) ;
#4634 = ORIENTED_EDGE ( 'NONE', *, *, #3739, .F. ) ;
#4635 = B_SPLINE_CURVE_WITH_KNOTS ( 'NONE', 3,
 ( #6072, #5936, #3493, #824 ),
 .UNSPECIFIED., .F., .F.,
 ( 4, 4 ),
 ( 2.255140518769849223E-17, 0.0008695516545558509098 ),
 .UNSPECIFIED. ) ;
#4636 = CARTESIAN_POINT ( 'NONE',  ( -12.61733605398466729, 54.99858745310094577, 54.72946986552273074 ) ) ;
#4637 = CARTESIAN_POINT ( 'NONE',  ( -28.53000000000001890, 52.75000000000000000, -15.34000000000003183 ) ) ;
#4638 = VECTOR ( 'NONE', #490, 1000.000000000000000 ) ;
#4639 = CARTESIAN_POINT ( 'NONE',  ( -16.61365057943553225, 54.50000000000001421, 52.83609688887024447 ) ) ;
#4640 = AXIS2_PLACEMENT_3D ( 'NONE', #964, #2924, #5941 ) ;
#4641 = PLANE ( 'NONE',  #3873 ) ;
#4642 = ORIENTED_EDGE ( 'NONE', *, *, #3353, .F. ) ;
#4643 = ADVANCED_FACE ( 'NONE', ( #5914 ), #5969, .T. ) ;
#4644 = VECTOR ( 'NONE', #341, 1000.000000000000000 ) ;
#4645 = CARTESIAN_POINT ( 'NONE',  ( 32.25000000000001421, 54.75000000000000711, 14.44999999999998508 ) ) ;
#4646 = CARTESIAN_POINT ( 'NONE',  ( 32.25000000000001421, 54.74999999999998579, -13.75000000000006395 ) ) ;
#4647 = EDGE_LOOP ( 'NONE', ( #2978, #3760, #2205, #1066 ) ) ;
#4648 = DIRECTION ( 'NONE',  ( -1.000000000000000000, 0.000000000000000000, 0.000000000000000000 ) ) ;
#4649 = DIRECTION ( 'NONE',  ( 0.000000000000000000, 0.000000000000000000, 1.000000000000000000 ) ) ;
#4650 = VECTOR ( 'NONE', #301, 1000.000000000000000 ) ;
#4651 = ADVANCED_FACE ( 'NONE', ( #1866 ), #1403, .T. ) ;
#4652 = ORIENTED_EDGE ( 'NONE', *, *, #1446, .T. ) ;
#4653 = CARTESIAN_POINT ( 'NONE',  ( -5.977683897477899855, 54.19999999999999574, 35.89489910455257871 ) ) ;
#4654 = AXIS2_PLACEMENT_3D ( 'NONE', #2923, #3461, #3997 ) ;
#4655 = EDGE_CURVE ( 'NONE', #3083, #232, #6041, .T. ) ;
#4656 = LINE ( 'NONE', #5190, #3447 ) ;
#4657 = PLANE ( 'NONE',  #370 ) ;
#4658 = DIRECTION ( 'NONE',  ( 0.000000000000000000, 0.000000000000000000, -1.000000000000000000 ) ) ;
#4659 = DIRECTION ( 'NONE',  ( 0.000000000000000000, 0.000000000000000000, 1.000000000000000000 ) ) ;
#4660 = DIRECTION ( 'NONE',  ( -0.000000000000000000, 1.000000000000000000, -0.000000000000000000 ) ) ;
#4661 = ADVANCED_FACE ( 'NONE', ( #419 ), #928, .T. ) ;
#4662 = AXIS2_PLACEMENT_3D ( 'NONE', #6062, #5626, #3087 ) ;
#4663 = SURFACE_SIDE_STYLE ('',( #1595 ) ) ;
#4664 = ADVANCED_FACE ( 'NONE', ( #4496 ), #416, .T. ) ;
#4665 = ORIENTED_EDGE ( 'NONE', *, *, #1311, .T. ) ;
#4666 = PLANE ( 'NONE',  #1963 ) ;
#4667 = ORIENTED_EDGE ( 'NONE', *, *, #1122, .T. ) ;
#4668 = AXIS2_PLACEMENT_3D ( 'NONE', #3296, #2728, #5807 ) ;
#4669 = DIRECTION ( 'NONE',  ( -0.000000000000000000, -1.000000000000000000, 0.000000000000000000 ) ) ;
#4670 = DIRECTION ( 'NONE',  ( -7.434214528492724981E-16, 0.000000000000000000, 1.000000000000000000 ) ) ;
#4671 = CARTESIAN_POINT ( 'NONE',  ( 52.49999999999994316, 19.99999999999936406, -14.00000000000004796 ) ) ;
#4672 = ORIENTED_EDGE ( 'NONE', *, *, #6080, .T. ) ;
#4673 = EDGE_CURVE ( 'NONE', #4164, #360, #2661, .T. ) ;
#4674 = AXIS2_PLACEMENT_3D ( 'NONE', #4090, #5163, #5637 ) ;
#4675 = ORIENTED_EDGE ( 'NONE', *, *, #1492, .T. ) ;
#4676 = DIRECTION ( 'NONE',  ( 1.000000000000000000, 0.000000000000000000, -3.154042683594202023E-16 ) ) ;
#4677 = DIRECTION ( 'NONE',  ( -0.7071067811865510144, 0.000000000000000000, -0.7071067811865441310 ) ) ;
#4678 = DIRECTION ( 'NONE',  ( -0.7071067811865464625, 0.000000000000000000, 0.7071067811865486830 ) ) ;
#4679 = CARTESIAN_POINT ( 'NONE',  ( -12.42955414101179201, 49.91662511868482710, 60.61500423042673447 ) ) ;
#4680 = ORIENTED_EDGE ( 'NONE', *, *, #3784, .F. ) ;
#4681 = DIRECTION ( 'NONE',  ( -0.000000000000000000, 1.000000000000000000, -0.000000000000000000 ) ) ;
#4682 = CARTESIAN_POINT ( 'NONE',  ( -23.60000000000000142, 46.00000000000000000, -29.50000000000004263 ) ) ;
#4683 = VERTEX_POINT ( 'NONE', #2032 ) ;
#4684 = LINE ( 'NONE', #2604, #1336 ) ;
#4685 = DIRECTION ( 'NONE',  ( 0.7071067811865489050, 0.000000000000000000, 0.7071067811865461294 ) ) ;
#4686 = ORIENTED_EDGE ( 'NONE', *, *, #1446, .F. ) ;
#4687 = ORIENTED_EDGE ( 'NONE', *, *, #4492, .F. ) ;
#4688 = CARTESIAN_POINT ( 'NONE',  ( -24.10000000000000497, 46.00000000000000000, -30.00000000000004263 ) ) ;
#4689 = DIRECTION ( 'NONE',  ( 0.000000000000000000, 0.000000000000000000, 1.000000000000000000 ) ) ;
#4690 = CARTESIAN_POINT ( 'NONE',  ( 24.00000000000000711, 0.000000000000000000, 22.69999999999999929 ) ) ;
#4691 = CARTESIAN_POINT ( 'NONE',  ( 32.50000000000001421, 46.00000000000000000, 23.19999999999999929 ) ) ;
#4692 = ORIENTED_EDGE ( 'NONE', *, *, #5610, .T. ) ;
#4693 = ORIENTED_EDGE ( 'NONE', *, *, #936, .F. ) ;
#4694 = EDGE_CURVE ( 'NONE', #762, #1232, #1607, .T. ) ;
#4695 = DIRECTION ( 'NONE',  ( 2.312964634635745817E-15, 0.000000000000000000, -1.000000000000000000 ) ) ;
#4696 = ORIENTED_EDGE ( 'NONE', *, *, #1024, .F. ) ;
#4697 = DIRECTION ( 'NONE',  ( -2.312964634635746211E-15, 0.000000000000000000, 1.000000000000000000 ) ) ;
#4698 = PLANE ( 'NONE',  #1579 ) ;
#4699 = FACE_OUTER_BOUND ( 'NONE', #4877, .T. ) ;
#4700 = ORIENTED_EDGE ( 'NONE', *, *, #6322, .F. ) ;
#4701 = CARTESIAN_POINT ( 'NONE',  ( -4.257957622852184884E-15, 46.00000000000000000, -13.50000000000003553 ) ) ;
#4702 = EDGE_CURVE ( 'NONE', #5536, #4503, #1572, .T. ) ;
#4703 = CARTESIAN_POINT ( 'NONE',  ( 2.003728368091744816, 54.80000000000000426, 31.50000000000000000 ) ) ;
#4704 = CARTESIAN_POINT ( 'NONE',  ( 16.60000000000001918, 62.80000000000002558, -21.70000000000009521 ) ) ;
#4705 = CARTESIAN_POINT ( 'NONE',  ( -12.61365057943553047, 46.00000000000000000, 59.88104043567462753 ) ) ;
#4706 = EDGE_CURVE ( 'NONE', #6514, #4322, #4135, .T. ) ;
#4707 = ORIENTED_EDGE ( 'NONE', *, *, #6056, .F. ) ;
#4708 = CARTESIAN_POINT ( 'NONE',  ( 26.50000000000002487, 46.00000000000000000, -13.50000000000004441 ) ) ;
#4709 = LINE ( 'NONE', #122, #15 ) ;
#4710 = DIRECTION ( 'NONE',  ( 0.000000000000000000, 0.000000000000000000, 1.000000000000000000 ) ) ;
#4711 = EDGE_CURVE ( 'NONE', #3536, #4979, #3135, .T. ) ;
#4712 = EDGE_LOOP ( 'NONE', ( #826, #5459, #387, #3837, #4034 ) ) ;
#4713 = CARTESIAN_POINT ( 'NONE',  ( -12.20156291897560052, 49.48680634711238469, 61.82079227991363979 ) ) ;
#4714 = PLANE ( 'NONE',  #5272 ) ;
#4715 = ORIENTED_EDGE ( 'NONE', *, *, #1316, .F. ) ;
#4716 = ORIENTED_EDGE ( 'NONE', *, *, #3453, .F. ) ;
#4717 = DIRECTION ( 'NONE',  ( -0.7071067811865465735, 0.000000000000000000, 0.7071067811865485719 ) ) ;
#4718 = LINE ( 'NONE', #3118, #5273 ) ;
#4719 = AXIS2_PLACEMENT_3D ( 'NONE', #6524, #2928, #351 ) ;
#4720 = CYLINDRICAL_SURFACE ( 'NONE', #276, 3.249999999999998668 ) ;
#4721 = DIRECTION ( 'NONE',  ( 1.000000000000000000, 0.000000000000000000, 0.000000000000000000 ) ) ;
#4722 = EDGE_CURVE ( 'NONE', #1389, #3628, #630, .T. ) ;
#4723 = AXIS2_PLACEMENT_3D ( 'NONE', #92, #5215, #5752 ) ;
#4724 = EDGE_LOOP ( 'NONE', ( #4739, #4801, #6531, #4652, #1842, #423, #3954, #202, #3811, #4875, #1140, #5230, #5801, #2461, #1103, #189, #1178, #2054, #2583, #475, #2453, #3518 ) ) ;
#4725 = CARTESIAN_POINT ( 'NONE',  ( 26.50000000000002487, 47.00000000000000000, -14.00000000000004796 ) ) ;
#4726 = ORIENTED_EDGE ( 'NONE', *, *, #733, .T. ) ;
#4727 = CARTESIAN_POINT ( 'NONE',  ( -12.61365057943554113, 55.00000000000000000, 2.569091537375565693E-15 ) ) ;
#4728 = DIRECTION ( 'NONE',  ( 1.000000000000000000, 0.000000000000000000, -3.154042683594202023E-16 ) ) ;
#4729 = AXIS2_PLACEMENT_3D ( 'NONE', #1580, #3036, #57 ) ;
#4730 = DIRECTION ( 'NONE',  ( 0.000000000000000000, 0.000000000000000000, 1.000000000000000000 ) ) ;
#4731 = EDGE_CURVE ( 'NONE', #1285, #2425, #5672, .T. ) ;
#4732 = VERTEX_POINT ( 'NONE', #2102 ) ;
#4733 = CIRCLE ( 'NONE', #3551, 6.000000000000000000 ) ;
#4734 = VECTOR ( 'NONE', #6067, 1000.000000000000000 ) ;
#4735 = DIRECTION ( 'NONE',  ( 0.000000000000000000, 0.000000000000000000, -1.000000000000000000 ) ) ;
#4736 = CARTESIAN_POINT ( 'NONE',  ( 13.11365057943553403, 53.90228522669197275, 56.49973750316672039 ) ) ;
#4737 = DIRECTION ( 'NONE',  ( 0.000000000000000000, 0.000000000000000000, 1.000000000000000000 ) ) ;
#4738 = LINE ( 'NONE', #1246, #3774 ) ;
#4739 = ORIENTED_EDGE ( 'NONE', *, *, #2331, .F. ) ;
#4740 = VECTOR ( 'NONE', #837, 1000.000000000000000 ) ;
#4741 = EDGE_CURVE ( 'NONE', #649, #3394, #518, .T. ) ;
#4742 = LINE ( 'NONE', #1614, #333 ) ;
#4743 = AXIS2_PLACEMENT_3D ( 'NONE', #3922, #6004, #4392 ) ;
#4744 = VECTOR ( 'NONE', #3825, 1000.000000000000000 ) ;
#4745 = ORIENTED_EDGE ( 'NONE', *, *, #6003, .T. ) ;
#4746 = LINE ( 'NONE', #5338, #3772 ) ;
#4747 = DIRECTION ( 'NONE',  ( 0.000000000000000000, 0.000000000000000000, -1.000000000000000000 ) ) ;
#4748 = VERTEX_POINT ( 'NONE', #5713 ) ;
#4749 = CONICAL_SURFACE ( 'NONE', #3879, 2.649999999999999467, 0.7853981633974477239 ) ;
#4750 = DIRECTION ( 'NONE',  ( -0.000000000000000000, 1.000000000000000000, -0.000000000000000000 ) ) ;
#4751 = EDGE_CURVE ( 'NONE', #6317, #3247, #5642, .T. ) ;
#4752 = ORIENTED_EDGE ( 'NONE', *, *, #4731, .F. ) ;
#4753 = FACE_OUTER_BOUND ( 'NONE', #925, .T. ) ;
#4754 = CIRCLE ( 'NONE', #2619, 3.249999999999998668 ) ;
#4755 = FACE_OUTER_BOUND ( 'NONE', #1914, .T. ) ;
#4756 = PLANE ( 'NONE',  #454 ) ;
#4757 = VECTOR ( 'NONE', #6180, 1000.000000000000000 ) ;
#4758 = ORIENTED_EDGE ( 'NONE', *, *, #2088, .T. ) ;
#4759 = CARTESIAN_POINT ( 'NONE',  ( 32.00000000000002132, 46.00000000000000000, -14.00000000000004796 ) ) ;
#4760 = VERTEX_POINT ( 'NONE', #1039 ) ;
#4761 = PLANE ( 'NONE',  #5617 ) ;
#4762 = EDGE_LOOP ( 'NONE', ( #4465, #1941, #5294, #4999, #5982, #5301 ) ) ;
#4763 = CARTESIAN_POINT ( 'NONE',  ( -1.996271631908297817, 55.00000000000000000, 16.50000000000000000 ) ) ;
#4764 = CARTESIAN_POINT ( 'NONE',  ( -1.996271631908297817, 54.80000000000000426, 16.50000000000000000 ) ) ;
#4765 = ORIENTED_EDGE ( 'NONE', *, *, #810, .T. ) ;
#4766 = VECTOR ( 'NONE', #6624, 1000.000000000000000 ) ;
#4767 = LINE ( 'NONE', #2689, #4116 ) ;
#4768 = CARTESIAN_POINT ( 'NONE',  ( 31.99999999999998579, 55.00000000000000000, -21.50000000000004263 ) ) ;
#4769 = DIRECTION ( 'NONE',  ( 0.000000000000000000, 1.000000000000000000, 0.000000000000000000 ) ) ;
#4770 = LINE ( 'NONE', #210, #4305 ) ;
#4771 = ORIENTED_EDGE ( 'NONE', *, *, #3327, .T. ) ;
#4772 = VECTOR ( 'NONE', #6399, 1000.000000000000000 ) ;
#4773 = LINE ( 'NONE', #2667, #2472 ) ;
#4774 = CARTESIAN_POINT ( 'NONE',  ( 12.58769984006264941, 49.85273077755091009, 61.36975294336858155 ) ) ;
#4775 = VERTEX_POINT ( 'NONE', #1106 ) ;
#4776 = CARTESIAN_POINT ( 'NONE',  ( 2.580000000000002736, 55.00000000000000000, 22.00000000000000000 ) ) ;
#4777 = EDGE_CURVE ( 'NONE', #3638, #4560, #3577, .T. ) ;
#4778 = DIRECTION ( 'NONE',  ( 0.000000000000000000, 0.000000000000000000, -1.000000000000000000 ) ) ;
#4779 = ORIENTED_EDGE ( 'NONE', *, *, #4694, .T. ) ;
#4780 = EDGE_CURVE ( 'NONE', #3947, #3586, #5102, .T. ) ;
#4781 = ORIENTED_EDGE ( 'NONE', *, *, #2286, .F. ) ;
#4782 = CARTESIAN_POINT ( 'NONE',  ( 23.49999999999991829, 54.50000000000000000, -12.00000000000004263 ) ) ;
#4783 = CARTESIAN_POINT ( 'NONE',  ( 13.11365057943553225, 54.47462118815994359, 55.01523556332529807 ) ) ;
#4784 = DIRECTION ( 'NONE',  ( -0.000000000000000000, 1.000000000000000000, -0.000000000000000000 ) ) ;
#4785 = EDGE_CURVE ( 'NONE', #1456, #139, #1036, .T. ) ;
#4786 = EDGE_CURVE ( 'NONE', #330, #5997, #5068, .T. ) ;
#4787 = FACE_OUTER_BOUND ( 'NONE', #4255, .T. ) ;
#4788 = EDGE_LOOP ( 'NONE', ( #5044, #5433, #1800, #6432 ) ) ;
#4789 = CARTESIAN_POINT ( 'NONE',  ( 25.50000000000002487, -6.657478101405524207, -22.50000000000003908 ) ) ;
#4790 = ORIENTED_EDGE ( 'NONE', *, *, #4100, .F. ) ;
#4791 = FACE_OUTER_BOUND ( 'NONE', #5232, .T. ) ;
#4792 = LINE ( 'NONE', #2226, #5942 ) ;
#4793 = CYLINDRICAL_SURFACE ( 'NONE', #2083, 2.649999999999999467 ) ;
#4794 = ORIENTED_EDGE ( 'NONE', *, *, #5186, .F. ) ;
#4795 = FACE_OUTER_BOUND ( 'NONE', #4357, .T. ) ;
#4796 = CARTESIAN_POINT ( 'NONE',  ( 31.50000000000004263, 52.50000000000000000, 14.19999999999999751 ) ) ;
#4797 = PLANE ( 'NONE',  #4668 ) ;
#4798 = DIRECTION ( 'NONE',  ( -1.308747794584438793E-16, -0.000000000000000000, 1.000000000000000000 ) ) ;
#4799 = VERTEX_POINT ( 'NONE', #4570 ) ;
#4800 = EDGE_CURVE ( 'NONE', #1726, #5002, #3069, .T. ) ;
#4801 = ORIENTED_EDGE ( 'NONE', *, *, #774, .T. ) ;
#4802 = LINE ( 'NONE', #6355, #1012 ) ;
#4803 = EDGE_CURVE ( 'NONE', #3974, #4147, #1829, .T. ) ;
#4804 = CARTESIAN_POINT ( 'NONE',  ( -12.76587441954336555, 49.99446581373691600, 61.07196004571702730 ) ) ;
#4805 = ORIENTED_EDGE ( 'NONE', *, *, #4280, .T. ) ;
#4806 = CARTESIAN_POINT ( 'NONE',  ( -28.53000000000002601, 55.00000000000000000, -24.19000000000003681 ) ) ;
#4807 = DIRECTION ( 'NONE',  ( 0.000000000000000000, 0.000000000000000000, 1.000000000000000000 ) ) ;
#4808 = CARTESIAN_POINT ( 'NONE',  ( 6.423145750507623042, 55.00000000000000000, 12.50000000000000178 ) ) ;
#4809 = CARTESIAN_POINT ( 'NONE',  ( -12.42955414101179201, 49.91662511868482710, 60.61500423042673447 ) ) ;
#4810 = EDGE_CURVE ( 'NONE', #2411, #3824, #5362, .T. ) ;
#4811 = ORIENTED_EDGE ( 'NONE', *, *, #3756, .F. ) ;
#4812 = AXIS2_PLACEMENT_3D ( 'NONE', #1351, #6393, #1262 ) ;
#4813 = ORIENTED_EDGE ( 'NONE', *, *, #4741, .F. ) ;
#4814 = CARTESIAN_POINT ( 'NONE',  ( -32.49999999999994316, 46.00000000000000000, -26.50000000000004263 ) ) ;
#4815 = ADVANCED_FACE ( 'NONE', ( #1708 ), #4235, .F. ) ;
#4816 = ORIENTED_EDGE ( 'NONE', *, *, #2081, .F. ) ;
#4817 = PLANE ( 'NONE',  #1257 ) ;
#4818 = VERTEX_POINT ( 'NONE', #4293 ) ;
#4819 = CARTESIAN_POINT ( 'NONE',  ( 12.49103798480960492, 51.69597796716497839, 58.69680683007781852 ) ) ;
#4820 = ORIENTED_EDGE ( 'NONE', *, *, #2333, .T. ) ;
#4821 = CARTESIAN_POINT ( 'NONE',  ( -14.13877684528262080, 46.00000000000000000, 50.36122315471732236 ) ) ;
#4822 = MECHANICAL_DESIGN_GEOMETRIC_PRESENTATION_REPRESENTATION (  '', ( #667 ), #4389 ) ;
#4823 = EDGE_CURVE ( 'NONE', #6278, #6509, #917, .T. ) ;
#4824 = CARTESIAN_POINT ( 'NONE',  ( 16.61365057943552870, 52.50000000000000000, 52.83609688887024447 ) ) ;
#4825 = COLOUR_RGB ( '',0.4980392156862745168, 0.4980392156862745168, 0.4980392156862745168 ) ;
#4826 = CARTESIAN_POINT ( 'NONE',  ( -7.038344069257720825, 45.99999999999999289, 36.95555927633240145 ) ) ;
#4827 = ORIENTED_EDGE ( 'NONE', *, *, #397, .F. ) ;
#4828 = CARTESIAN_POINT ( 'NONE',  ( 6.423145750507671004, 55.00000000000000000, 31.50000000000000000 ) ) ;
#4829 = CARTESIAN_POINT ( 'NONE',  ( -28.32225818297280284, 52.00000000000000000, 36.17774181702722558 ) ) ;
#4830 = DIRECTION ( 'NONE',  ( 0.000000000000000000, 0.000000000000000000, -1.000000000000000000 ) ) ;
#4831 = ORIENTED_EDGE ( 'NONE', *, *, #1801, .F. ) ;
#4832 = AXIS2_PLACEMENT_3D ( 'NONE', #4637, #2530, #6623 ) ;
#4833 = AXIS2_PLACEMENT_3D ( 'NONE', #3644, #3084, #1125 ) ;
#4834 = ORIENTED_EDGE ( 'NONE', *, *, #2876, .T. ) ;
#4835 = CARTESIAN_POINT ( 'NONE',  ( -12.07999999999999652, 54.80000000000000426, 26.75000000000000000 ) ) ;
#4836 = CIRCLE ( 'NONE', #1003, 3.500000000000003109 ) ;
#4837 = VECTOR ( 'NONE', #987, 1000.000000000000114 ) ;
#4838 = CARTESIAN_POINT ( 'NONE',  ( -12.92261835839123840, 50.07390144351496275, 60.73205539884013149 ) ) ;
#4839 = EDGE_CURVE ( 'NONE', #5040, #174, #5837, .T. ) ;
#4840 = ORIENTED_EDGE ( 'NONE', *, *, #933, .T. ) ;
#4841 = AXIS2_PLACEMENT_3D ( 'NONE', #6386, #5282, #4303 ) ;
#4842 = AXIS2_PLACEMENT_3D ( 'NONE', #1693, #2577, #100 ) ;
#4843 = ORIENTED_EDGE ( 'NONE', *, *, #2679, .T. ) ;
#4844 = CARTESIAN_POINT ( 'NONE',  ( 32.50000000000000711, 46.00000000000000000, 14.19999999999998330 ) ) ;
#4845 = DIRECTION ( 'NONE',  ( -0.000000000000000000, 1.000000000000000000, -0.000000000000000000 ) ) ;
#4846 = EDGE_CURVE ( 'NONE', #4477, #1604, #6343, .T. ) ;
#4847 = DIRECTION ( 'NONE',  ( 0.000000000000000000, 1.000000000000000000, -0.000000000000000000 ) ) ;
#4848 = EDGE_CURVE ( 'NONE', #5601, #1947, #4223, .T. ) ;
#4849 = EDGE_LOOP ( 'NONE', ( #582, #97, #5493, #1646 ) ) ;
#4850 = CARTESIAN_POINT ( 'NONE',  ( -7.329999999999992077, 54.80000000000000426, 26.75000000000000000 ) ) ;
#4851 = ORIENTED_EDGE ( 'NONE', *, *, #1704, .F. ) ;
#4852 = CARTESIAN_POINT ( 'NONE',  ( 25.75492515385774439, 36.62916759300433256, -0.4398459957930349606 ) ) ;
#4853 = EDGE_LOOP ( 'NONE', ( #2680, #6500, #4077, #148 ) ) ;
#4854 = EDGE_CURVE ( 'NONE', #5464, #3604, #3232, .T. ) ;
#4855 = CYLINDRICAL_SURFACE ( 'NONE', #2846, 3.500000000000003109 ) ;
#4856 = VERTEX_POINT ( 'NONE', #1299 ) ;
#4857 = DIRECTION ( 'NONE',  ( -0.000000000000000000, -1.000000000000000000, 0.000000000000000000 ) ) ;
#4858 = AXIS2_PLACEMENT_3D ( 'NONE', #1425, #2914, #3450 ) ;
#4859 = EDGE_CURVE ( 'NONE', #526, #4114, #5266, .T. ) ;
#4860 = DIRECTION ( 'NONE',  ( 0.000000000000000000, -1.000000000000000000, 0.000000000000000000 ) ) ;
#4861 = ORIENTED_EDGE ( 'NONE', *, *, #2844, .T. ) ;
#4862 = AXIS2_PLACEMENT_3D ( 'NONE', #1624, #4617, #5587 ) ;
#4863 = CARTESIAN_POINT ( 'NONE',  ( 13.11365057943552870, 51.61712226156298300, 58.83933524239984081 ) ) ;
#4864 = ORIENTED_EDGE ( 'NONE', *, *, #4170, .T. ) ;
#4865 = DIRECTION ( 'NONE',  ( -0.7071067811865475727, 0.7071067811865475727, -4.088782444488996716E-16 ) ) ;
#4866 = CARTESIAN_POINT ( 'NONE',  ( -7.330000000000000071, 55.00000000000000000, 17.24999999999999289 ) ) ;
#4867 = DIRECTION ( 'NONE',  ( -1.005636797667714286E-15, 0.000000000000000000, -1.000000000000000000 ) ) ;
#4868 = EDGE_CURVE ( 'NONE', #193, #3033, #703, .T. ) ;
#4869 = ORIENTED_EDGE ( 'NONE', *, *, #1933, .T. ) ;
#4870 = VECTOR ( 'NONE', #3713, 1000.000000000000114 ) ;
#4871 = DIRECTION ( 'NONE',  ( 0.000000000000000000, 0.000000000000000000, 1.000000000000000000 ) ) ;
#4872 = CIRCLE ( 'NONE', #4233, 3.499999999999999556 ) ;
#4873 = CARTESIAN_POINT ( 'NONE',  ( 28.50000000000000000, 46.00000000000000000, 27.19999999999999929 ) ) ;
#4874 = DIRECTION ( 'NONE',  ( 0.000000000000000000, 0.000000000000000000, 1.000000000000000000 ) ) ;
#4875 = ORIENTED_EDGE ( 'NONE', *, *, #967, .T. ) ;
#4876 = VECTOR ( 'NONE', #3728, 1000.000000000000000 ) ;
#4877 = EDGE_LOOP ( 'NONE', ( #2030, #3185, #5245, #6068, #608 ) ) ;
#4878 = FACE_OUTER_BOUND ( 'NONE', #3092, .T. ) ;
#4879 = CARTESIAN_POINT ( 'NONE',  ( -12.87199319266160025, 46.00000000000000000, 49.09443950209629293 ) ) ;
#4880 = LINE ( 'NONE', #709, #2492 ) ;
#4881 = VECTOR ( 'NONE', #5090, 1000.000000000000000 ) ;
#4882 = CARTESIAN_POINT ( 'NONE',  ( -26.91852454804892858, 52.50000000000000000, 23.43933982822017725 ) ) ;
#4883 = FACE_OUTER_BOUND ( 'NONE', #6354, .T. ) ;
#4884 = LINE ( 'NONE', #6089, #6589 ) ;
#4885 = ORIENTED_EDGE ( 'NONE', *, *, #6256, .F. ) ;
#4886 = CARTESIAN_POINT ( 'NONE',  ( -12.63109830204980355, 54.95707562278749236, 55.16999884816604549 ) ) ;
#4887 = DIRECTION ( 'NONE',  ( -4.956352788505169184E-16, 0.000000000000000000, -1.000000000000000000 ) ) ;
#4888 = CARTESIAN_POINT ( 'NONE',  ( -28.50000000000000000, 54.50000000000000000, -26.00000000000000000 ) ) ;
#4889 = EDGE_LOOP ( 'NONE', ( #3026, #4959 ) ) ;
#4890 = LINE ( 'NONE', #5494, #1775 ) ;
#4891 = CARTESIAN_POINT ( 'NONE',  ( 24.89999999999997016, 46.00000000000000000, -30.00000000000004263 ) ) ;
#4892 = CARTESIAN_POINT ( 'NONE',  ( 0.000000000000000000, 46.00000000000000000, 0.000000000000000000 ) ) ;
#4893 = CARTESIAN_POINT ( 'NONE',  ( 6.423145750507623042, 54.80000000000000426, 12.50000000000000178 ) ) ;
#4894 = ORIENTED_EDGE ( 'NONE', *, *, #2770, .F. ) ;
#4895 = CARTESIAN_POINT ( 'NONE',  ( -28.50000000000000000, 36.62916759300433256, 2.499999999999999556 ) ) ;
#4896 = EDGE_CURVE ( 'NONE', #3, #1568, #1242, .T. ) ;
#4897 = DIRECTION ( 'NONE',  ( -0.5773502691896259531, 0.5773502691896253980, -0.5773502691896259531 ) ) ;
#4898 = CARTESIAN_POINT ( 'NONE',  ( -27.83000000000001251, 54.00000000000000000, -15.34000000000003183 ) ) ;
#4899 = VERTEX_POINT ( 'NONE', #2726 ) ;
#4900 = EDGE_CURVE ( 'NONE', #4466, #4291, #6152, .T. ) ;
#4901 = ORIENTED_EDGE ( 'NONE', *, *, #628, .T. ) ;
#4902 = CARTESIAN_POINT ( 'NONE',  ( 12.61365057943554824, 55.00000000000000000, 52.83609688887024447 ) ) ;
#4903 = FACE_BOUND ( 'NONE', #5022, .T. ) ;
#4904 = CARTESIAN_POINT ( 'NONE',  ( 12.62282542120906648, 54.98872020314179565, 54.90449870330417781 ) ) ;
#4905 = LINE ( 'NONE', #4401, #4203 ) ;
#4906 = DIRECTION ( 'NONE',  ( -0.000000000000000000, 1.000000000000000000, -0.000000000000000000 ) ) ;
#4907 = ORIENTED_EDGE ( 'NONE', *, *, #1506, .T. ) ;
#4908 = FACE_OUTER_BOUND ( 'NONE', #1856, .T. ) ;
#4909 = DIRECTION ( 'NONE',  ( 0.000000000000000000, 0.000000000000000000, -1.000000000000000000 ) ) ;
#4910 = VERTEX_POINT ( 'NONE', #2753 ) ;
#4911 = CARTESIAN_POINT ( 'NONE',  ( -12.55270831664109465, 49.79840236811972431, 60.53221405027788649 ) ) ;
#4912 = ORIENTED_EDGE ( 'NONE', *, *, #1250, .T. ) ;
#4913 = CARTESIAN_POINT ( 'NONE',  ( -7.330000000000000071, 54.80000000000000426, 17.24999999999999289 ) ) ;
#4914 = ADVANCED_FACE ( 'NONE', ( #4795 ), #6405, .F. ) ;
#4915 = DIRECTION ( 'NONE',  ( -0.000000000000000000, 1.000000000000000000, -0.000000000000000000 ) ) ;
#4916 = CARTESIAN_POINT ( 'NONE',  ( 12.07999999999999652, 54.80000000000000426, 12.50000000000000355 ) ) ;
#4917 = CARTESIAN_POINT ( 'NONE',  ( 12.62794518680858857, 54.97147576088659804, 55.06856173004809563 ) ) ;
#4918 = LINE ( 'NONE', #4957, #1167 ) ;
#4919 = EDGE_CURVE ( 'NONE', #4818, #2860, #3294, .T. ) ;
#4920 = CARTESIAN_POINT ( 'NONE',  ( -7.329999999999992077, 54.80000000000000426, 12.50000000000000355 ) ) ;
#4921 = ORIENTED_EDGE ( 'NONE', *, *, #4859, .T. ) ;
#4922 = DIRECTION ( 'NONE',  ( 0.000000000000000000, 0.000000000000000000, 1.000000000000000000 ) ) ;
#4923 = CARTESIAN_POINT ( 'NONE',  ( -13.11365057943552870, 54.17001575584119877, 56.01639231217581028 ) ) ;
#4924 = VERTEX_POINT ( 'NONE', #749 ) ;
#4925 = CARTESIAN_POINT ( 'NONE',  ( -23.49999999999991829, 0.000000000000000000, -4.423544863740858091E-14 ) ) ;
#4926 = CARTESIAN_POINT ( 'NONE',  ( 25.00000000000002132, 47.00000000000000000, -22.50000000000003908 ) ) ;
#4927 = EDGE_CURVE ( 'NONE', #4005, #832, #4767, .T. ) ;
#4928 = VECTOR ( 'NONE', #642, 999.9999999999998863 ) ;
#4929 = CARTESIAN_POINT ( 'NONE',  ( -21.25119037110734155, 48.20000000000000284, 29.10667400516174652 ) ) ;
#4930 = ORIENTED_EDGE ( 'NONE', *, *, #6210, .F. ) ;
#4931 = EDGE_CURVE ( 'NONE', #2173, #2228, #150, .T. ) ;
#4932 = VECTOR ( 'NONE', #2063, 1000.000000000000000 ) ;
#4933 = DIRECTION ( 'NONE',  ( 0.5773502691896258421, 0.5773502691896255090, -0.5773502691896258421 ) ) ;
#4934 = AXIS2_PLACEMENT_3D ( 'NONE', #123, #6474, #1891 ) ;
#4935 = DIRECTION ( 'NONE',  ( -1.000000000000000000, 0.000000000000000000, 1.445602896647339656E-16 ) ) ;
#4936 = CARTESIAN_POINT ( 'NONE',  ( -26.43000000000001393, 52.75000000000000000, -21.54000000000004178 ) ) ;
#4937 = CARTESIAN_POINT ( 'NONE',  ( 32.00000000000000711, 46.00000000000000000, 14.69999999999999751 ) ) ;
#4938 = EDGE_CURVE ( 'NONE', #6123, #5002, #3266, .T. ) ;
#4939 = VECTOR ( 'NONE', #3965, 1000.000000000000000 ) ;
#4940 = ORIENTED_EDGE ( 'NONE', *, *, #6382, .F. ) ;
#4941 = VECTOR ( 'NONE', #840, 1000.000000000000000 ) ;
#4942 = ORIENTED_EDGE ( 'NONE', *, *, #6617, .T. ) ;
#4943 = ORIENTED_EDGE ( 'NONE', *, *, #4256, .F. ) ;
#4944 = LINE ( 'NONE', #3509, #141 ) ;
#4945 = VECTOR ( 'NONE', #5072, 1000.000000000000000 ) ;
#4946 = AXIS2_PLACEMENT_3D ( 'NONE', #3079, #95, #4648 ) ;
#4947 = CARTESIAN_POINT ( 'NONE',  ( -17.29139239646264414, 54.19999999999999574, 47.20860760353735230 ) ) ;
#4948 = ORIENTED_EDGE ( 'NONE', *, *, #1996, .F. ) ;
#4949 = DIRECTION ( 'NONE',  ( -0.000000000000000000, 1.000000000000000000, -0.000000000000000000 ) ) ;
#4950 = ORIENTED_EDGE ( 'NONE', *, *, #2893, .T. ) ;
#4951 = FACE_OUTER_BOUND ( 'NONE', #6614, .T. ) ;
#4952 = CIRCLE ( 'NONE', #5819, 1.199999999999999734 ) ;
#4953 = CARTESIAN_POINT ( 'NONE',  ( 14.13877684528262257, 46.00000000000000000, 50.36122315471732236 ) ) ;
#4954 = DIRECTION ( 'NONE',  ( -0.000000000000000000, 1.000000000000000000, -0.000000000000000000 ) ) ;
#4955 = FACE_OUTER_BOUND ( 'NONE', #720, .T. ) ;
#4956 = VECTOR ( 'NONE', #4122, 1000.000000000000000 ) ;
#4957 = CARTESIAN_POINT ( 'NONE',  ( 0.000000000000000000, 46.00000000000000000, 4.549999999999998934 ) ) ;
#4958 = LINE ( 'NONE', #6438, #1135 ) ;
#4959 = ORIENTED_EDGE ( 'NONE', *, *, #4216, .F. ) ;
#4960 = DIRECTION ( 'NONE',  ( 0.000000000000000000, 0.000000000000000000, 1.000000000000000000 ) ) ;
#4961 = VERTEX_POINT ( 'NONE', #655 ) ;
#4962 = AXIS2_PLACEMENT_3D ( 'NONE', #2427, #1372, #5566 ) ;
#4963 = CARTESIAN_POINT ( 'NONE',  ( -12.64234171256162753, 54.88298383937716807, 55.53403359741298573 ) ) ;
#4964 = DIRECTION ( 'NONE',  ( -1.000000000000000000, 0.000000000000000000, -2.983850112677209358E-16 ) ) ;
#4965 = LINE ( 'NONE', #386, #5594 ) ;
#4966 = AXIS2_PLACEMENT_3D ( 'NONE', #5295, #742, #3260 ) ;
#4967 = FACE_OUTER_BOUND ( 'NONE', #2080, .T. ) ;
#4968 = EDGE_CURVE ( 'NONE', #6195, #436, #6313, .T. ) ;
#4969 = EDGE_CURVE ( 'NONE', #859, #6179, #4991, .T. ) ;
#4970 = CIRCLE ( 'NONE', #2637, 2.999999999999995559 ) ;
#4971 = DIRECTION ( 'NONE',  ( 4.073509918792334433E-16, 0.000000000000000000, -1.000000000000000000 ) ) ;
#4972 = ORIENTED_EDGE ( 'NONE', *, *, #4536, .F. ) ;
#4973 = DIRECTION ( 'NONE',  ( 0.000000000000000000, 1.000000000000000000, 0.000000000000000000 ) ) ;
#4974 = DIRECTION ( 'NONE',  ( 0.7071067811865475727, 0.000000000000000000, -0.7071067811865475727 ) ) ;
#4975 = ADVANCED_FACE ( 'NONE', ( #880 ), #4460, .T. ) ;
#4976 = VERTEX_POINT ( 'NONE', #3413 ) ;
#4977 = CONICAL_SURFACE ( 'NONE', #5206, 3.000000000000019984, 0.7853981633974426169 ) ;
#4978 = ORIENTED_EDGE ( 'NONE', *, *, #3317, .T. ) ;
#4979 = VERTEX_POINT ( 'NONE', #1468 ) ;
#4980 = ORIENTED_EDGE ( 'NONE', *, *, #1241, .T. ) ;
#4981 = ADVANCED_FACE ( 'NONE', ( #1921 ), #2353, .T. ) ;
#4982 = CARTESIAN_POINT ( 'NONE',  ( 12.97385891542281833, 50.13213028273827376, 60.58793166810985298 ) ) ;
#4983 = CARTESIAN_POINT ( 'NONE',  ( -28.53000000000001890, 52.50000000000000000, -15.34000000000003183 ) ) ;
#4984 = ORIENTED_EDGE ( 'NONE', *, *, #431, .F. ) ;
#4985 = ADVANCED_FACE ( 'NONE', ( #3942 ), #2382, .F. ) ;
#4986 = CARTESIAN_POINT ( 'NONE',  ( -12.61365057943555001, 55.00000000000000000, 54.61251347380554932 ) ) ;
#4987 = DIRECTION ( 'NONE',  ( 1.000000000000000000, 0.000000000000000000, -5.782411586589359611E-16 ) ) ;
#4988 = ADVANCED_FACE ( 'NONE', ( #5992 ), #3355, .T. ) ;
#4989 = CARTESIAN_POINT ( 'NONE',  ( -8.079999999999996518, 54.80000000000000426, 17.24999999999999289 ) ) ;
#4990 = ORIENTED_EDGE ( 'NONE', *, *, #2133, .T. ) ;
#4991 = LINE ( 'NONE', #1329, #5825 ) ;
#4992 = ORIENTED_EDGE ( 'NONE', *, *, #875, .F. ) ;
#4993 = CARTESIAN_POINT ( 'NONE',  ( 12.63371694153919655, 54.94322581698390451, 55.25447321684530522 ) ) ;
#4994 = DIRECTION ( 'NONE',  ( 0.000000000000000000, 1.000000000000000000, -0.000000000000000000 ) ) ;
#4995 = DIRECTION ( 'NONE',  ( 0.000000000000000000, 1.000000000000000000, 0.000000000000000000 ) ) ;
#4996 = ORIENTED_EDGE ( 'NONE', *, *, #4848, .F. ) ;
#4997 = ORIENTED_EDGE ( 'NONE', *, *, #4030, .T. ) ;
#4998 = CARTESIAN_POINT ( 'NONE',  ( -12.66838721721423688, 54.53273597601956624, 56.39290196838855707 ) ) ;
#4999 = ORIENTED_EDGE ( 'NONE', *, *, #4803, .T. ) ;
#5000 = CARTESIAN_POINT ( 'NONE',  ( 32.00000000000001421, 46.00000000000000000, -8.016050719315200531E-15 ) ) ;
#5001 = DIRECTION ( 'NONE',  ( -6.308085367188394185E-16, 0.000000000000000000, -1.000000000000000000 ) ) ;
#5002 = VERTEX_POINT ( 'NONE', #305 ) ;
#5003 = CARTESIAN_POINT ( 'NONE',  ( 21.89999999999998792, 52.00000000000000000, -25.00000000000007105 ) ) ;
#5004 = EDGE_CURVE ( 'NONE', #2260, #5196, #4890, .T. ) ;
#5005 = B_SPLINE_SURFACE_WITH_KNOTS ( 'NONE', 1, 3, ( 
 ( #4286, #1200, #5259, #5231 ),
 ( #2683, #716, #2813, #2748 ) ),
 .UNSPECIFIED., .F., .F., .F.,
 ( 2, 2 ),
 ( 4, 4 ),
 ( 0.000000000000000000, 1.000000000000000000 ),
 ( 0.000000000000000000, 0.005985443485715288316 ),
 .UNSPECIFIED. ) ;
#5006 = DIRECTION ( 'NONE',  ( 0.000000000000000000, -1.000000000000000000, 0.000000000000000000 ) ) ;
#5007 = ORIENTED_EDGE ( 'NONE', *, *, #5255, .T. ) ;
#5008 = DIRECTION ( 'NONE',  ( 0.000000000000000000, 0.000000000000000000, -1.000000000000000000 ) ) ;
#5009 = DIRECTION ( 'NONE',  ( -0.7071067811865474617, -0.7071067811865474617, 0.000000000000000000 ) ) ;
#5010 = EDGE_CURVE ( 'NONE', #1175, #764, #921, .T. ) ;
#5011 = ORIENTED_EDGE ( 'NONE', *, *, #6226, .T. ) ;
#5012 = ORIENTED_EDGE ( 'NONE', *, *, #4823, .F. ) ;
#5013 = VERTEX_POINT ( 'NONE', #442 ) ;
#5014 = ORIENTED_EDGE ( 'NONE', *, *, #907, .T. ) ;
#5015 = CARTESIAN_POINT ( 'NONE',  ( -13.11365057943553225, 46.00000000000000000, 52.83609688887024447 ) ) ;
#5016 = CARTESIAN_POINT ( 'NONE',  ( -27.83000000000001251, 54.00000000000000000, -12.69000000000003148 ) ) ;
#5017 = EDGE_LOOP ( 'NONE', ( #3655, #4827, #5036, #1369 ) ) ;
#5018 = CARTESIAN_POINT ( 'NONE',  ( -12.55303537933482438, 52.56690686286697911, 57.70306648809568628 ) ) ;
#5019 = CARTESIAN_POINT ( 'NONE',  ( -28.53000000000001890, 46.00000000000000000, -22.94000000000003681 ) ) ;
#5020 = ADVANCED_FACE ( 'NONE', ( #2879 ), #6510, .T. ) ;
#5021 = FACE_OUTER_BOUND ( 'NONE', #2548, .T. ) ;
#5022 = EDGE_LOOP ( 'NONE', ( #3113, #3815, #808, #4226, #3834, #5615, #4972, #5525, #5957, #163, #868, #2269 ) ) ;
#5023 = PLANE ( 'NONE',  #3471 ) ;
#5024 = DIRECTION ( 'NONE',  ( 0.000000000000000000, -0.7071067811865451302, 0.7071067811865500152 ) ) ;
#5025 = LINE ( 'NONE', #850, #3460 ) ;
#5026 = ORIENTED_EDGE ( 'NONE', *, *, #3459, .F. ) ;
#5027 = ADVANCED_FACE ( 'NONE', ( #5395 ), #5023, .T. ) ;
#5028 = ORIENTED_EDGE ( 'NONE', *, *, #2320, .F. ) ;
#5029 = AXIS2_PLACEMENT_3D ( 'NONE', #5855, #5824, #2842 ) ;
#5030 = CARTESIAN_POINT ( 'NONE',  ( -12.65243790442980831, 54.77757407087081987, 55.86450858459264879 ) ) ;
#5031 = DIRECTION ( 'NONE',  ( -1.000000000000000000, 0.000000000000000000, -1.476360405086643077E-16 ) ) ;
#5032 = FACE_OUTER_BOUND ( 'NONE', #6209, .T. ) ;
#5033 = CARTESIAN_POINT ( 'NONE',  ( 28.00000000000002487, 46.00000000000000000, 24.19999999999999929 ) ) ;
#5034 = AXIS2_PLACEMENT_3D ( 'NONE', #5033, #2501, #2007 ) ;
#5035 = CARTESIAN_POINT ( 'NONE',  ( -8.079999999999996518, 54.80000000000000426, 26.75000000000000000 ) ) ;
#5036 = ORIENTED_EDGE ( 'NONE', *, *, #5923, .T. ) ;
#5037 = CARTESIAN_POINT ( 'NONE',  ( 32.00000000000002132, 0.000000000000000000, -14.00000000000004796 ) ) ;
#5038 = AXIS2_PLACEMENT_3D ( 'NONE', #4388, #827, #4960 ) ;
#5039 = DIRECTION ( 'NONE',  ( -0.000000000000000000, 1.000000000000000000, -0.000000000000000000 ) ) ;
#5040 = VERTEX_POINT ( 'NONE', #2449 ) ;
#5041 = EDGE_LOOP ( 'NONE', ( #2719, #3538, #5950, #981 ) ) ;
#5042 = CIRCLE ( 'NONE', #4215, 3.500000000000003109 ) ;
#5043 = CIRCLE ( 'NONE', #4398, 2.649999999999999467 ) ;
#5044 = ORIENTED_EDGE ( 'NONE', *, *, #401, .T. ) ;
#5045 = EDGE_CURVE ( 'NONE', #2860, #4567, #1956, .T. ) ;
#5046 = CARTESIAN_POINT ( 'NONE',  ( 32.49999999999996447, 46.00000000000000000, -26.50000000000004619 ) ) ;
#5047 = CARTESIAN_POINT ( 'NONE',  ( 10.62669654684135345, 46.00000000000000000, 62.60449920334279739 ) ) ;
#5048 = ORIENTED_EDGE ( 'NONE', *, *, #2474, .T. ) ;
#5049 = CIRCLE ( 'NONE', #6349, 3.999999999999996447 ) ;
#5050 =( NAMED_UNIT ( * ) PLANE_ANGLE_UNIT ( ) SI_UNIT ( $, .RADIAN. ) );
#5051 = AXIS2_PLACEMENT_3D ( 'NONE', #6366, #4373, #2375 ) ;
#5052 = DIRECTION ( 'NONE',  ( 0.000000000000000000, 1.000000000000000000, -0.000000000000000000 ) ) ;
#5053 = APPLICATION_CONTEXT ( 'automotive_design' ) ;
#5054 = ORIENTED_EDGE ( 'NONE', *, *, #239, .T. ) ;
#5055 = VECTOR ( 'NONE', #4897, 999.9999999999998863 ) ;
#5056 = AXIS2_PLACEMENT_3D ( 'NONE', #1116, #18, #3148 ) ;
#5057 = EDGE_CURVE ( 'NONE', #5086, #3920, #3387, .T. ) ;
#5058 = DIRECTION ( 'NONE',  ( 1.000000000000000000, 0.000000000000000000, 5.782411586589355667E-16 ) ) ;
#5059 = ORIENTED_EDGE ( 'NONE', *, *, #3781, .T. ) ;
#5060 = DIRECTION ( 'NONE',  ( -0.7071067811865465735, 0.000000000000000000, 0.7071067811865485719 ) ) ;
#5061 = DIRECTION ( 'NONE',  ( -0.000000000000000000, -1.000000000000000000, -0.000000000000000000 ) ) ;
#5062 = LINE ( 'NONE', #481, #2291 ) ;
#5063 = EDGE_CURVE ( 'NONE', #523, #3824, #3490, .T. ) ;
#5064 = EDGE_LOOP ( 'NONE', ( #6445, #4996, #6488, #5112, #1356, #5012, #3643, #3265, #230, #2900, #2791, #6551, #6260, #865, #6429, #3189, #4716 ) ) ;
#5065 = VECTOR ( 'NONE', #145, 1000.000000000000000 ) ;
#5066 = ORIENTED_EDGE ( 'NONE', *, *, #1130, .F. ) ;
#5067 = AXIS2_PLACEMENT_3D ( 'NONE', #2457, #2495, #3421 ) ;
#5068 = LINE ( 'NONE', #486, #4540 ) ;
#5069 = EDGE_CURVE ( 'NONE', #3920, #2347, #957, .T. ) ;
#5070 = CARTESIAN_POINT ( 'NONE',  ( -1.214306433183767017E-14, 46.00000000000000000, -21.00000000000002487 ) ) ;
#5071 = CARTESIAN_POINT ( 'NONE',  ( 12.66376514745188686, 54.61501838181471413, 56.23894234079304510 ) ) ;
#5072 = DIRECTION ( 'NONE',  ( 0.000000000000000000, 0.000000000000000000, -1.000000000000000000 ) ) ;
#5073 = EDGE_LOOP ( 'NONE', ( #2705, #4260, #3098, #1084, #4495, #3732, #6098, #2251 ) ) ;
#5074 = CARTESIAN_POINT ( 'NONE',  ( -28.50000000000000000, 41.89878066911801824, 24.80000000000000071 ) ) ;
#5075 = VERTEX_POINT ( 'NONE', #5425 ) ;
#5076 = AXIS2_PLACEMENT_3D ( 'NONE', #1795, #3842, #4264 ) ;
#5077 = FACE_OUTER_BOUND ( 'NONE', #612, .T. ) ;
#5078 = ORIENTED_EDGE ( 'NONE', *, *, #3603, .F. ) ;
#5079 = DIRECTION ( 'NONE',  ( -1.000000000000000000, 0.000000000000000000, 4.956352788505094834E-15 ) ) ;
#5080 = VECTOR ( 'NONE', #3720, 1000.000000000000114 ) ;
#5081 = PLANE ( 'NONE',  #568 ) ;
#5082 = VERTEX_POINT ( 'NONE', #846 ) ;
#5083 = LINE ( 'NONE', #6119, #3533 ) ;
#5084 = AXIS2_PLACEMENT_3D ( 'NONE', #117, #1182, #5172 ) ;
#5085 = LINE ( 'NONE', #570, #3133 ) ;
#5086 = VERTEX_POINT ( 'NONE', #4916 ) ;
#5087 = CARTESIAN_POINT ( 'NONE',  ( 24.50000000000002132, 54.50000000000000000, -21.00000000000003908 ) ) ;
#5088 = DIRECTION ( 'NONE',  ( 0.000000000000000000, 0.000000000000000000, 1.000000000000000000 ) ) ;
#5089 = VECTOR ( 'NONE', #990, 1000.000000000000227 ) ;
#5090 = DIRECTION ( 'NONE',  ( 1.000000000000000000, -0.000000000000000000, 0.000000000000000000 ) ) ;
#5091 = CARTESIAN_POINT ( 'NONE',  ( -7.330000000000011617, 55.00000000000000000, 17.24999999999999289 ) ) ;
#5092 = EDGE_CURVE ( 'NONE', #6020, #5784, #4420, .T. ) ;
#5093 = CARTESIAN_POINT ( 'NONE',  ( -20.89763698051406848, 52.50000000000000000, 29.46022739575501603 ) ) ;
#5094 = EDGE_LOOP ( 'NONE', ( #4173, #94, #3743, #5627 ) ) ;
#5095 = DIRECTION ( 'NONE',  ( 0.000000000000000000, 0.000000000000000000, 1.000000000000000000 ) ) ;
#5096 = ORIENTED_EDGE ( 'NONE', *, *, #3107, .T. ) ;
#5097 = CARTESIAN_POINT ( 'NONE',  ( 26.50000000000002487, 46.00000000000000000, 29.05025253169417354 ) ) ;
#5098 = LINE ( 'NONE', #1601, #931 ) ;
#5099 = DIRECTION ( 'NONE',  ( -1.000000000000000000, 0.000000000000000000, -4.073509918792334433E-16 ) ) ;
#5100 = VERTEX_POINT ( 'NONE', #108 ) ;
#5101 = ORIENTED_EDGE ( 'NONE', *, *, #5671, .F. ) ;
#5102 = LINE ( 'NONE', #6622, #4757 ) ;
#5103 = DIRECTION ( 'NONE',  ( 0.000000000000000000, 0.000000000000000000, 1.000000000000000000 ) ) ;
#5104 = CYLINDRICAL_SURFACE ( 'NONE', #1474, 3.499999999999999556 ) ;
#5105 = CARTESIAN_POINT ( 'NONE',  ( 2.416221984396263432E-16, 36.62916759300433256, -1.950000000000004174 ) ) ;
#5106 = ORIENTED_EDGE ( 'NONE', *, *, #3832, .T. ) ;
#5107 = EDGE_CURVE ( 'NONE', #5124, #2406, #3168, .T. ) ;
#5108 = CARTESIAN_POINT ( 'NONE',  ( 25.50000000000004974, 47.00000000000000000, -22.50000000000003908 ) ) ;
#5109 = ORIENTED_EDGE ( 'NONE', *, *, #4402, .T. ) ;
#5110 = FACE_OUTER_BOUND ( 'NONE', #1364, .T. ) ;
#5111 = DIRECTION ( 'NONE',  ( -0.000000000000000000, -1.000000000000000000, -0.000000000000000000 ) ) ;
#5112 = ORIENTED_EDGE ( 'NONE', *, *, #2121, .T. ) ;
#5113 = CARTESIAN_POINT ( 'NONE',  ( 25.50000000000002132, -6.657478101405524207, -13.50000000000004441 ) ) ;
#5114 = EDGE_CURVE ( 'NONE', #1294, #1910, #1147, .T. ) ;
#5115 = ORIENTED_EDGE ( 'NONE', *, *, #4619, .F. ) ;
#5116 = CARTESIAN_POINT ( 'NONE',  ( -31.12132034355959220, 55.00000000000000000, 32.67157287525391496 ) ) ;
#5117 = ORIENTED_EDGE ( 'NONE', *, *, #6596, .F. ) ;
#5118 = LINE ( 'NONE', #2648, #3868 ) ;
#5119 = CARTESIAN_POINT ( 'NONE',  ( 23.49999999999991829, 55.00000000000000000, -12.50000000000004263 ) ) ;
#5120 = DIRECTION ( 'NONE',  ( 1.000000000000000000, 0.000000000000000000, -6.308085367188393199E-16 ) ) ;
#5121 = ORIENTED_EDGE ( 'NONE', *, *, #1330, .F. ) ;
#5122 = CARTESIAN_POINT ( 'NONE',  ( 56.00000000000004974, 23.50000000000018829, -21.00000000000005684 ) ) ;
#5123 = CARTESIAN_POINT ( 'NONE',  ( -7.330000000000011617, 54.80000000000000426, 17.24999999999999289 ) ) ;
#5124 = VERTEX_POINT ( 'NONE', #1067 ) ;
#5125 = CARTESIAN_POINT ( 'NONE',  ( -30.50000000000000355, 46.00000000000000000, -4.502899235514262370E-15 ) ) ;
#5126 = ORIENTED_EDGE ( 'NONE', *, *, #5834, .T. ) ;
#5127 = DIRECTION ( 'NONE',  ( -0.000000000000000000, 1.000000000000000000, -0.000000000000000000 ) ) ;
#5128 = DIRECTION ( 'NONE',  ( -0.000000000000000000, 1.000000000000000000, -0.000000000000000000 ) ) ;
#5129 = EDGE_CURVE ( 'NONE', #330, #3119, #6099, .T. ) ;
#5130 = LINE ( 'NONE', #4566, #5382 ) ;
#5131 = VERTEX_POINT ( 'NONE', #4594 ) ;
#5132 = ORIENTED_EDGE ( 'NONE', *, *, #4655, .T. ) ;
#5133 = ADVANCED_FACE ( 'NONE', ( #5636 ), #989, .F. ) ;
#5134 = DIRECTION ( 'NONE',  ( 1.000000000000000000, -0.000000000000000000, 7.434214528492724981E-16 ) ) ;
#5135 = FACE_OUTER_BOUND ( 'NONE', #3074, .T. ) ;
#5136 = DIRECTION ( 'NONE',  ( 0.5773502691896151839, 0.5773502691896310601, -0.5773502691896310601 ) ) ;
#5137 = LINE ( 'NONE', #5718, #4638 ) ;
#5138 = ORIENTED_EDGE ( 'NONE', *, *, #5880, .T. ) ;
#5139 = EDGE_CURVE ( 'NONE', #2208, #929, #2586, .T. ) ;
#5140 = CARTESIAN_POINT ( 'NONE',  ( 28.99999999999996803, 54.50000000000001421, -30.00000000000004263 ) ) ;
#5141 = DIRECTION ( 'NONE',  ( -0.8164965809277265896, 0.5773502691896251759, 0.000000000000000000 ) ) ;
#5142 = ORIENTED_EDGE ( 'NONE', *, *, #2266, .F. ) ;
#5143 = DIRECTION ( 'NONE',  ( 0.000000000000000000, 1.000000000000000000, 0.000000000000000000 ) ) ;
#5144 = EDGE_CURVE ( 'NONE', #6451, #1975, #3591, .T. ) ;
#5145 = FACE_OUTER_BOUND ( 'NONE', #516, .T. ) ;
#5146 = VECTOR ( 'NONE', #3710, 1000.000000000000000 ) ;
#5147 = ORIENTED_EDGE ( 'NONE', *, *, #5092, .T. ) ;
#5148 = ADVANCED_FACE ( 'NONE', ( #6175 ), #4629, .F. ) ;
#5149 = CARTESIAN_POINT ( 'NONE',  ( -25.18000000000001037, 54.00000000000000000, -21.54000000000004178 ) ) ;
#5150 = LINE ( 'NONE', #6162, #5999 ) ;
#5151 = VECTOR ( 'NONE', #3143, 1000.000000000000000 ) ;
#5152 = FACE_OUTER_BOUND ( 'NONE', #5256, .T. ) ;
#5153 = LINE ( 'NONE', #4553, #4545 ) ;
#5154 = FACE_OUTER_BOUND ( 'NONE', #3420, .T. ) ;
#5155 = LINE ( 'NONE', #2087, #4956 ) ;
#5156 = AXIS2_PLACEMENT_3D ( 'NONE', #3570, #3109, #4606 ) ;
#5157 = ORIENTED_EDGE ( 'NONE', *, *, #284, .T. ) ;
#5158 = CARTESIAN_POINT ( 'NONE',  ( 28.99999999999996803, 55.00000000000000000, -29.50000000000006395 ) ) ;
#5159 = ORIENTED_EDGE ( 'NONE', *, *, #1569, .F. ) ;
#5160 = VECTOR ( 'NONE', #640, 1000.000000000000114 ) ;
#5161 = AXIS2_PLACEMENT_3D ( 'NONE', #4347, #6396, #5293 ) ;
#5162 = DIRECTION ( 'NONE',  ( 0.000000000000000000, 0.000000000000000000, 1.000000000000000000 ) ) ;
#5163 = DIRECTION ( 'NONE',  ( -0.000000000000000000, 1.000000000000000000, -0.000000000000000000 ) ) ;
#5164 = PLANE ( 'NONE',  #1444 ) ;
#5165 = ORIENTED_EDGE ( 'NONE', *, *, #3241, .T. ) ;
#5166 = AXIS2_PLACEMENT_3D ( 'NONE', #4267, #1303, #5270 ) ;
#5167 = ORIENTED_EDGE ( 'NONE', *, *, #2279, .T. ) ;
#5168 = AXIS2_PLACEMENT_3D ( 'NONE', #2801, #1258, #4251 ) ;
#5169 = CARTESIAN_POINT ( 'NONE',  ( -12.63184674020730469, 54.95359897303033847, 55.19411608833130600 ) ) ;
#5170 = FACE_OUTER_BOUND ( 'NONE', #2621, .T. ) ;
#5171 = VECTOR ( 'NONE', #1567, 1000.000000000000000 ) ;
#5172 = DIRECTION ( 'NONE',  ( 0.000000000000000000, 0.000000000000000000, 1.000000000000000000 ) ) ;
#5173 = CIRCLE ( 'NONE', #796, 1.199999999999999734 ) ;
#5174 = DIRECTION ( 'NONE',  ( 0.000000000000000000, 0.000000000000000000, 1.000000000000000000 ) ) ;
#5175 = VERTEX_POINT ( 'NONE', #3553 ) ;
#5176 = VECTOR ( 'NONE', #1997, 1000.000000000000000 ) ;
#5177 = LINE ( 'NONE', #601, #3751 ) ;
#5178 = CARTESIAN_POINT ( 'NONE',  ( 28.99999999999996803, 46.00000000000000000, -26.50000000000004263 ) ) ;
#5179 = ORIENTED_EDGE ( 'NONE', *, *, #2606, .F. ) ;
#5180 = CARTESIAN_POINT ( 'NONE',  ( -21.25119037110734155, 46.00000000000000000, 29.10667400516174652 ) ) ;
#5181 = CYLINDRICAL_SURFACE ( 'NONE', #6340, 1.500000000000001332 ) ;
#5182 = AXIS2_PLACEMENT_3D ( 'NONE', #1559, #2517, #6579 ) ;
#5183 = ORIENTED_EDGE ( 'NONE', *, *, #3045, .T. ) ;
#5184 = PLANE ( 'NONE',  #3950 ) ;
#5185 = EDGE_CURVE ( 'NONE', #430, #8, #545, .T. ) ;
#5186 = EDGE_CURVE ( 'NONE', #417, #1947, #478, .T. ) ;
#5187 = DIRECTION ( 'NONE',  ( 0.000000000000000000, -1.000000000000000000, 0.000000000000000000 ) ) ;
#5188 = VECTOR ( 'NONE', #3913, 1000.000000000000000 ) ;
#5189 = VERTEX_POINT ( 'NONE', #4 ) ;
#5190 = CARTESIAN_POINT ( 'NONE',  ( -16.06666666666670551, 62.53333333333337407, -21.96666666666674672 ) ) ;
#5191 = CARTESIAN_POINT ( 'NONE',  ( 13.11365057943553225, 54.17001575584119877, 56.01639231217580317 ) ) ;
#5192 = DIRECTION ( 'NONE',  ( -0.000000000000000000, 0.000000000000000000, 1.000000000000000000 ) ) ;
#5193 = LINE ( 'NONE', #6642, #4881 ) ;
#5194 = VECTOR ( 'NONE', #2158, 1000.000000000000000 ) ;
#5195 = EDGE_CURVE ( 'NONE', #3527, #5810, #2929, .T. ) ;
#5196 = VERTEX_POINT ( 'NONE', #5097 ) ;
#5197 = DIRECTION ( 'NONE',  ( 1.000000000000000000, 0.000000000000000000, 0.000000000000000000 ) ) ;
#5198 = ADVANCED_FACE ( 'NONE', ( #4563 ), #588, .T. ) ;
#5199 = ORIENTED_EDGE ( 'NONE', *, *, #5415, .F. ) ;
#5200 = CIRCLE ( 'NONE', #5938, 1.399999999999998579 ) ;
#5201 = CARTESIAN_POINT ( 'NONE',  ( 12.61365057943555179, 46.00000000000000000, 5.138183074751140063E-15 ) ) ;
#5202 = VERTEX_POINT ( 'NONE', #1030 ) ;
#5203 = DIRECTION ( 'NONE',  ( -0.000000000000000000, 1.000000000000000000, -0.000000000000000000 ) ) ;
#5204 = DIRECTION ( 'NONE',  ( -4.073509918792334433E-16, 0.000000000000000000, 1.000000000000000000 ) ) ;
#5205 = VERTEX_POINT ( 'NONE', #2126 ) ;
#5206 = AXIS2_PLACEMENT_3D ( 'NONE', #2096, #3128, #546 ) ;
#5207 = ORIENTED_EDGE ( 'NONE', *, *, #2686, .T. ) ;
#5208 = EDGE_CURVE ( 'NONE', #6439, #1980, #4007, .T. ) ;
#5209 = CARTESIAN_POINT ( 'NONE',  ( 13.78522345468936194, 55.00000000000000000, 50.00766976412405995 ) ) ;
#5210 = CARTESIAN_POINT ( 'NONE',  ( 0.000000000000000000, 36.62916759300433256, 4.549999999999998934 ) ) ;
#5211 = VECTOR ( 'NONE', #3541, 1000.000000000000000 ) ;
#5212 = DIRECTION ( 'NONE',  ( 0.000000000000000000, -1.000000000000000000, 0.000000000000000000 ) ) ;
#5213 = CARTESIAN_POINT ( 'NONE',  ( 12.61365057943552870, 52.50000000000000711, 57.67056687645473545 ) ) ;
#5214 = ORIENTED_EDGE ( 'NONE', *, *, #5641, .T. ) ;
#5215 = DIRECTION ( 'NONE',  ( -1.000000000000000000, 0.000000000000000000, -1.308747794584438793E-16 ) ) ;
#5216 = CARTESIAN_POINT ( 'NONE',  ( -16.61365057943553225, 55.00000000000000000, 52.83609688887024447 ) ) ;
#5217 = VERTEX_POINT ( 'NONE', #3062 ) ;
#5218 = CARTESIAN_POINT ( 'NONE',  ( -12.04515935292202933, 49.37887724702981984, 61.96150718917463962 ) ) ;
#5219 = CARTESIAN_POINT ( 'NONE',  ( -13.11365057943553225, 54.50000000000001421, 54.61251347380554932 ) ) ;
#5220 = EDGE_CURVE ( 'NONE', #3381, #5536, #3365, .T. ) ;
#5221 = VERTEX_POINT ( 'NONE', #512 ) ;
#5222 = CARTESIAN_POINT ( 'NONE',  ( 32.00000000000004263, 55.00000000000000000, 30.55025253169416999 ) ) ;
#5223 = ORIENTED_EDGE ( 'NONE', *, *, #556, .T. ) ;
#5224 = DIRECTION ( 'NONE',  ( 0.000000000000000000, 0.000000000000000000, 1.000000000000000000 ) ) ;
#5225 = DIRECTION ( 'NONE',  ( -0.000000000000000000, -1.000000000000000000, -0.000000000000000000 ) ) ;
#5226 = ADVANCED_FACE ( 'NONE', ( #5704 ), #706, .F. ) ;
#5227 = CARTESIAN_POINT ( 'NONE',  ( 23.49999999999991829, 0.000000000000000000, -4.510281037539698445E-14 ) ) ;
#5228 = ORIENTED_EDGE ( 'NONE', *, *, #1681, .F. ) ;
#5229 = PLANE ( 'NONE',  #5703 ) ;
#5230 = ORIENTED_EDGE ( 'NONE', *, *, #4166, .F. ) ;
#5231 = CARTESIAN_POINT ( 'NONE',  ( -12.68516869672331460, 49.79023395670889585, 61.41336379274446244 ) ) ;
#5232 = EDGE_LOOP ( 'NONE', ( #2163, #1205, #3367, #4515, #624 ) ) ;
#5233 = DIRECTION ( 'NONE',  ( 0.000000000000000000, 1.000000000000000000, 0.000000000000000000 ) ) ;
#5234 = DIRECTION ( 'NONE',  ( 0.000000000000000000, 0.000000000000000000, 1.000000000000000000 ) ) ;
#5235 = EDGE_CURVE ( 'NONE', #3890, #2682, #2656, .T. ) ;
#5236 = ORIENTED_EDGE ( 'NONE', *, *, #4931, .T. ) ;
#5237 = CARTESIAN_POINT ( 'NONE',  ( -0.000000000000000000, 52.50000000000000000, 4.549999999999998934 ) ) ;
#5238 = CARTESIAN_POINT ( 'NONE',  ( -28.99999999999994671, 55.00000000000000000, -29.50000000000006040 ) ) ;
#5239 = CARTESIAN_POINT ( 'NONE',  ( 32.16666666666667140, 54.66666666666666430, 14.53333333333333144 ) ) ;
#5240 = LINE ( 'NONE', #154, #37 ) ;
#5241 = ADVANCED_FACE ( 'NONE', ( #4791 ), #1174, .T. ) ;
#5242 = ORIENTED_EDGE ( 'NONE', *, *, #2986, .F. ) ;
#5243 = DIRECTION ( 'NONE',  ( 2.312964634635745817E-15, 0.000000000000000000, -1.000000000000000000 ) ) ;
#5244 = LINE ( 'NONE', #158, #5151 ) ;
#5245 = ORIENTED_EDGE ( 'NONE', *, *, #3513, .F. ) ;
#5246 = CARTESIAN_POINT ( 'NONE',  ( -23.49999999999991829, 46.00000000000000000, -6.000000000000043521 ) ) ;
#5247 = DIRECTION ( 'NONE',  ( 1.000000000000000000, 0.000000000000000000, 0.000000000000000000 ) ) ;
#5248 = ORIENTED_EDGE ( 'NONE', *, *, #5329, .T. ) ;
#5249 = ORIENTED_EDGE ( 'NONE', *, *, #5968, .T. ) ;
#5250 = CARTESIAN_POINT ( 'NONE',  ( 0.000000000000000000, 51.50000000000000000, 0.000000000000000000 ) ) ;
#5251 = AXIS2_PLACEMENT_3D ( 'NONE', #6452, #6008, #3896 ) ;
#5252 = CARTESIAN_POINT ( 'NONE',  ( 13.11365057943552870, 54.46022769116887474, 55.11461605930913521 ) ) ;
#5253 = CARTESIAN_POINT ( 'NONE',  ( 26.50000000000002487, 47.00000000000000000, -21.00000000000003908 ) ) ;
#5254 = VECTOR ( 'NONE', #761, 1000.000000000000000 ) ;
#5255 = EDGE_CURVE ( 'NONE', #6397, #851, #3812, .T. ) ;
#5256 = EDGE_LOOP ( 'NONE', ( #3259, #4626, #379, #434 ) ) ;
#5257 = CARTESIAN_POINT ( 'NONE',  ( 0.000000000000000000, 46.00000000000000000, -24.00000000000004263 ) ) ;
#5258 = EDGE_LOOP ( 'NONE', ( #1944, #3917, #2043, #5710 ) ) ;
#5259 = CARTESIAN_POINT ( 'NONE',  ( -12.68676989061168925, 51.18620672791178094, 59.98758964238285074 ) ) ;
#5260 = CARTESIAN_POINT ( 'NONE',  ( 12.61485773704225011, 50.67029114596070372, 59.53937449199882082 ) ) ;
#5261 = DIRECTION ( 'NONE',  ( 0.000000000000000000, -0.000000000000000000, -1.000000000000000000 ) ) ;
#5262 = ORIENTED_EDGE ( 'NONE', *, *, #313, .T. ) ;
#5263 = EDGE_CURVE ( 'NONE', #304, #3673, #4259, .T. ) ;
#5264 = CIRCLE ( 'NONE', #2175, 2.649999999999999467 ) ;
#5265 = VECTOR ( 'NONE', #2654, 1000.000000000000000 ) ;
#5266 = LINE ( 'NONE', #787, #2199 ) ;
#5267 = DIRECTION ( 'NONE',  ( 0.7071067811865451302, 0.7071067811865500152, 0.000000000000000000 ) ) ;
#5268 = EDGE_CURVE ( 'NONE', #1055, #159, #4227, .T. ) ;
#5269 = CARTESIAN_POINT ( 'NONE',  ( 26.50000000000002487, 52.50000000000000000, 0.000000000000000000 ) ) ;
#5270 = DIRECTION ( 'NONE',  ( -1.000000000000000000, 0.000000000000000000, -0.000000000000000000 ) ) ;
#5271 = ORIENTED_EDGE ( 'NONE', *, *, #1514, .T. ) ;
#5272 = AXIS2_PLACEMENT_3D ( 'NONE', #3216, #2113, #4685 ) ;
#5273 = VECTOR ( 'NONE', #1623, 1000.000000000000000 ) ;
#5274 = CARTESIAN_POINT ( 'NONE',  ( 26.50000000000002487, 0.000000000000000000, 14.69999999999999751 ) ) ;
#5275 = ADVANCED_FACE ( 'NONE', ( #4192 ), #3200, .F. ) ;
#5276 = LINE ( 'NONE', #6258, #3430 ) ;
#5277 = CIRCLE ( 'NONE', #3253, 1.199999999999999734 ) ;
#5278 = AXIS2_PLACEMENT_3D ( 'NONE', #5280, #5370, #1187 ) ;
#5279 = ORIENTED_EDGE ( 'NONE', *, *, #401, .F. ) ;
#5280 = CARTESIAN_POINT ( 'NONE',  ( -28.50000000000000000, 52.50000000000000000, 1.299999999999999156 ) ) ;
#5281 = ADVANCED_FACE ( 'NONE', ( #203 ), #4817, .T. ) ;
#5282 = DIRECTION ( 'NONE',  ( 0.000000000000000000, -1.000000000000000000, 0.000000000000000000 ) ) ;
#5283 = ORIENTED_EDGE ( 'NONE', *, *, #2300, .T. ) ;
#5284 = AXIS2_PLACEMENT_3D ( 'NONE', #1203, #2289, #1297 ) ;
#5285 = ORIENTED_EDGE ( 'NONE', *, *, #524, .T. ) ;
#5286 = CARTESIAN_POINT ( 'NONE',  ( -29.93000000000001393, 52.50000000000000000, -13.94000000000003148 ) ) ;
#5287 = VECTOR ( 'NONE', #2022, 1000.000000000000000 ) ;
#5288 = CARTESIAN_POINT ( 'NONE',  ( 23.49999999999991829, 54.50000000000000000, -4.423544863740858091E-14 ) ) ;
#5289 = CARTESIAN_POINT ( 'NONE',  ( -12.08000000000000007, 55.00000000000000000, 17.24999999999999645 ) ) ;
#5290 = DIRECTION ( 'NONE',  ( 1.000000000000000000, 0.000000000000000000, 0.000000000000000000 ) ) ;
#5291 = CARTESIAN_POINT ( 'NONE',  ( 24.39999999999999858, 54.50000000000000000, -29.50000000000007105 ) ) ;
#5292 = FILL_AREA_STYLE_COLOUR ( '', #4825 ) ;
#5293 = DIRECTION ( 'NONE',  ( 0.000000000000000000, 0.000000000000000000, 1.000000000000000000 ) ) ;
#5294 = ORIENTED_EDGE ( 'NONE', *, *, #2580, .T. ) ;
#5295 = CARTESIAN_POINT ( 'NONE',  ( 10.12464789108507190, 55.00000000000000000, 59.64680632759432655 ) ) ;
#5296 = VECTOR ( 'NONE', #3777, 1000.000000000000000 ) ;
#5297 = ADVANCED_FACE ( 'NONE', ( #3744 ), #231, .T. ) ;
#5298 = CARTESIAN_POINT ( 'NONE',  ( -31.18000000000001748, 54.00000000000000000, -21.54000000000003823 ) ) ;
#5299 = DIRECTION ( 'NONE',  ( -0.000000000000000000, -1.000000000000000000, 0.000000000000000000 ) ) ;
#5300 = ADVANCED_FACE ( 'NONE', ( #2252 ), #1667, .T. ) ;
#5301 = ORIENTED_EDGE ( 'NONE', *, *, #6641, .T. ) ;
#5302 = AXIS2_PLACEMENT_3D ( 'NONE', #262, #4845, #904 ) ;
#5303 = CARTESIAN_POINT ( 'NONE',  ( 32.49999999999999289, 46.00000000000000000, -3.268319592420070779E-14 ) ) ;
#5304 = CARTESIAN_POINT ( 'NONE',  ( 12.67937648883052404, 54.29336061593464535, 56.76157324886261080 ) ) ;
#5305 = CARTESIAN_POINT ( 'NONE',  ( -27.83000000000001961, 54.00000000000000000, -24.19000000000004036 ) ) ;
#5306 = DIRECTION ( 'NONE',  ( 0.000000000000000000, 0.000000000000000000, 1.000000000000000000 ) ) ;
#5307 = ORIENTED_EDGE ( 'NONE', *, *, #1918, .T. ) ;
#5308 = VECTOR ( 'NONE', #3592, 1000.000000000000000 ) ;
#5309 = DIRECTION ( 'NONE',  ( -1.000000000000000000, 0.000000000000000000, 0.000000000000000000 ) ) ;
#5310 = ORIENTED_EDGE ( 'NONE', *, *, #3865, .F. ) ;
#5311 = LINE ( 'NONE', #3797, #2292 ) ;
#5312 = DIRECTION ( 'NONE',  ( 0.5773502691896261751, -0.5773502691896255090, 0.5773502691896255090 ) ) ;
#5313 = APPLICATION_CONTEXT ( 'automotive_design' ) ;
#5314 = ORIENTED_EDGE ( 'NONE', *, *, #2971, .F. ) ;
#5315 = ADVANCED_FACE ( 'NONE', ( #270 ), #5005, .T. ) ;
#5316 = CARTESIAN_POINT ( 'NONE',  ( 12.61365057943555001, 55.00000000000000000, 54.61251347380554932 ) ) ;
#5317 = DIRECTION ( 'NONE',  ( -0.000000000000000000, -1.000000000000000000, 0.000000000000000000 ) ) ;
#5318 = CYLINDRICAL_SURFACE ( 'NONE', #4516, 5.999999999999998224 ) ;
#5319 = ADVANCED_FACE ( 'NONE', ( #5830 ), #4761, .T. ) ;
#5320 = DIRECTION ( 'NONE',  ( 0.000000000000000000, 1.000000000000000000, 0.000000000000000000 ) ) ;
#5321 = ORIENTED_EDGE ( 'NONE', *, *, #6617, .F. ) ;
#5322 = LINE ( 'NONE', #5352, #1648 ) ;
#5323 = ORIENTED_EDGE ( 'NONE', *, *, #4810, .T. ) ;
#5324 = DIRECTION ( 'NONE',  ( 0.000000000000000000, 1.000000000000000000, 0.000000000000000000 ) ) ;
#5325 = EDGE_LOOP ( 'NONE', ( #3478, #887, #5795, #2216 ) ) ;
#5326 = DIRECTION ( 'NONE',  ( 0.000000000000000000, 0.000000000000000000, 1.000000000000000000 ) ) ;
#5327 = CARTESIAN_POINT ( 'NONE',  ( -28.53000000000001890, 54.00000000000000000, -15.34000000000003183 ) ) ;
#5328 = FACE_OUTER_BOUND ( 'NONE', #3378, .T. ) ;
#5329 = EDGE_CURVE ( 'NONE', #1170, #3083, #1295, .T. ) ;
#5330 = DIRECTION ( 'NONE',  ( -1.000000000000000000, 0.000000000000000000, 0.000000000000000000 ) ) ;
#5331 = CARTESIAN_POINT ( 'NONE',  ( 12.67151856291187784, 54.47261781317232021, 56.49751164713527629 ) ) ;
#5332 = FACE_OUTER_BOUND ( 'NONE', #4724, .T. ) ;
#5333 = FACE_OUTER_BOUND ( 'NONE', #3094, .T. ) ;
#5334 = ORIENTED_EDGE ( 'NONE', *, *, #6634, .T. ) ;
#5335 = DIRECTION ( 'NONE',  ( 0.000000000000000000, 0.000000000000000000, 1.000000000000000000 ) ) ;
#5336 = EDGE_CURVE ( 'NONE', #5961, #3126, #2285, .T. ) ;
#5337 = ORIENTED_EDGE ( 'NONE', *, *, #585, .F. ) ;
#5338 = CARTESIAN_POINT ( 'NONE',  ( -26.43000000000001393, 52.75000000000000000, -15.34000000000003183 ) ) ;
#5339 = LINE ( 'NONE', #4338, #5055 ) ;
#5340 = DIRECTION ( 'NONE',  ( -0.000000000000000000, 1.000000000000000000, -0.000000000000000000 ) ) ;
#5341 = ORIENTED_EDGE ( 'NONE', *, *, #1884, .F. ) ;
#5342 = EDGE_CURVE ( 'NONE', #1384, #649, #2224, .T. ) ;
#5343 = ORIENTED_EDGE ( 'NONE', *, *, #3331, .T. ) ;
#5344 = EDGE_CURVE ( 'NONE', #1726, #2543, #6368, .T. ) ;
#5345 = DIRECTION ( 'NONE',  ( -0.7071067811865492381, 0.000000000000000000, -0.7071067811865457964 ) ) ;
#5346 = PLANE ( 'NONE',  #1045 ) ;
#5347 = LINE ( 'NONE', #1750, #3441 ) ;
#5348 = EDGE_CURVE ( 'NONE', #1525, #1558, #5796, .T. ) ;
#5349 = CARTESIAN_POINT ( 'NONE',  ( 12.69031343570182813, 53.97487373415290790, 57.13270822687289296 ) ) ;
#5350 = VERTEX_POINT ( 'NONE', #2903 ) ;
#5351 = EDGE_CURVE ( 'NONE', #409, #4732, #4374, .T. ) ;
#5352 = CARTESIAN_POINT ( 'NONE',  ( -23.49999999999991829, 54.50000000000000000, -12.00000000000004263 ) ) ;
#5353 = ORIENTED_EDGE ( 'NONE', *, *, #839, .F. ) ;
#5354 = DIRECTION ( 'NONE',  ( -0.000000000000000000, 1.000000000000000000, -0.000000000000000000 ) ) ;
#5355 = ORIENTED_EDGE ( 'NONE', *, *, #1748, .T. ) ;
#5356 = CARTESIAN_POINT ( 'NONE',  ( 12.55281199791556901, 50.72170545630235239, 59.58962167296097334 ) ) ;
#5357 = VERTEX_POINT ( 'NONE', #6025 ) ;
#5358 = FACE_OUTER_BOUND ( 'NONE', #4014, .T. ) ;
#5359 = VECTOR ( 'NONE', #1929, 1000.000000000000000 ) ;
#5360 = PLANE ( 'NONE',  #6234 ) ;
#5361 = VECTOR ( 'NONE', #3190, 1000.000000000000000 ) ;
#5362 = LINE ( 'NONE', #5237, #6364 ) ;
#5363 = CARTESIAN_POINT ( 'NONE',  ( 12.67722418230027870, 54.34481858754142536, 56.68914539860693225 ) ) ;
#5364 = CARTESIAN_POINT ( 'NONE',  ( -13.11365057943553225, 54.50000000000001421, 54.61251347380554932 ) ) ;
#5365 = FACE_OUTER_BOUND ( 'NONE', #1817, .T. ) ;
#5366 = EDGE_LOOP ( 'NONE', ( #4997, #4404, #3271, #4948 ) ) ;
#5367 = VECTOR ( 'NONE', #6511, 1000.000000000000000 ) ;
#5368 = AXIS2_PLACEMENT_3D ( 'NONE', #5257, #3198, #1665 ) ;
#5369 = B_SPLINE_CURVE_WITH_KNOTS ( 'NONE', 3,
 ( #131, #5762, #3579, #803, #3250, #2740, #1721, #2272, #3737, #3283, #4307, #3369 ),
 .UNSPECIFIED., .F., .F.,
 ( 4, 2, 2, 2, 2, 4 ),
 ( 2.221529986854170653E-17, 0.0006970505039457937889, 0.001394101007891565243, 0.001742626259864455416, 0.002091151511837345371, 0.002788202015783140027 ),
 .UNSPECIFIED. ) ;
#5370 = DIRECTION ( 'NONE',  ( -0.000000000000000000, 1.000000000000000000, -0.000000000000000000 ) ) ;
#5371 = CONICAL_SURFACE ( 'NONE', #2910, 3.999999999999982681, 0.7853981633974435050 ) ;
#5372 = VECTOR ( 'NONE', #4474, 1000.000000000000000 ) ;
#5373 = CARTESIAN_POINT ( 'NONE',  ( -13.10482204566742759, 50.48953341434221187, 60.00626806064213525 ) ) ;
#5374 = ORIENTED_EDGE ( 'NONE', *, *, #628, .F. ) ;
#5375 = VECTOR ( 'NONE', #5971, 1000.000000000000000 ) ;
#5376 = VECTOR ( 'NONE', #829, 1000.000000000000000 ) ;
#5377 = CARTESIAN_POINT ( 'NONE',  ( 11.08432273696835502, 49.02686542215863597, 62.49820458259043932 ) ) ;
#5378 = ORIENTED_EDGE ( 'NONE', *, *, #2266, .T. ) ;
#5379 = CARTESIAN_POINT ( 'NONE',  ( -13.11365057943554291, 55.00000000000000000, 2.670929285345373881E-15 ) ) ;
#5380 = CARTESIAN_POINT ( 'NONE',  ( 13.11365057943552515, 53.69192455792687468, 56.71523739468774039 ) ) ;
#5381 = FACE_OUTER_BOUND ( 'NONE', #420, .T. ) ;
#5382 = VECTOR ( 'NONE', #4631, 1000.000000000000000 ) ;
#5383 = AXIS2_PLACEMENT_3D ( 'NONE', #2383, #5532, #2853 ) ;
#5384 = VERTEX_POINT ( 'NONE', #870 ) ;
#5385 = AXIS2_PLACEMENT_3D ( 'NONE', #834, #4438, #2866 ) ;
#5386 = CARTESIAN_POINT ( 'NONE',  ( -10.62669654684135523, 55.00000000000000000, 62.60449920334279739 ) ) ;
#5387 = CARTESIAN_POINT ( 'NONE',  ( -23.85000000000000853, 54.75000000000000711, -29.75000000000004619 ) ) ;
#5388 = ORIENTED_EDGE ( 'NONE', *, *, #3789, .F. ) ;
#5389 = CARTESIAN_POINT ( 'NONE',  ( -12.62440507865669304, 54.98381960369496824, 54.95508248065694801 ) ) ;
#5390 = CARTESIAN_POINT ( 'NONE',  ( 54.75000000000004263, 22.25000000000018474, 14.69999999999999751 ) ) ;
#5391 = VECTOR ( 'NONE', #2201, 1000.000000000000000 ) ;
#5392 = EDGE_CURVE ( 'NONE', #253, #1630, #4452, .T. ) ;
#5393 = DIRECTION ( 'NONE',  ( 0.000000000000000000, -0.000000000000000000, 1.000000000000000000 ) ) ;
#5394 = VECTOR ( 'NONE', #2344, 1000.000000000000000 ) ;
#5395 = FACE_OUTER_BOUND ( 'NONE', #5581, .T. ) ;
#5396 = CARTESIAN_POINT ( 'NONE',  ( 12.62512314675642955, 54.98156699850093787, 54.97807834121100257 ) ) ;
#5397 = DIRECTION ( 'NONE',  ( 0.000000000000000000, 0.000000000000000000, -1.000000000000000000 ) ) ;
#5398 = CARTESIAN_POINT ( 'NONE',  ( 24.39999999999999858, 47.00000000000000000, -30.00000000000004974 ) ) ;
#5399 = ORIENTED_EDGE ( 'NONE', *, *, #2752, .F. ) ;
#5400 = CYLINDRICAL_SURFACE ( 'NONE', #5038, 3.500000000000003109 ) ;
#5401 = EDGE_CURVE ( 'NONE', #3288, #3017, #6157, .T. ) ;
#5402 = ORIENTED_EDGE ( 'NONE', *, *, #1435, .T. ) ;
#5403 = DIRECTION ( 'NONE',  ( -0.000000000000000000, 1.000000000000000000, -0.000000000000000000 ) ) ;
#5404 = VECTOR ( 'NONE', #2555, 1000.000000000000000 ) ;
#5405 = CARTESIAN_POINT ( 'NONE',  ( -12.80912252058656087, 50.00830286871838837, 60.98643946042583508 ) ) ;
#5406 = VERTEX_POINT ( 'NONE', #4947 ) ;
#5407 = FACE_OUTER_BOUND ( 'NONE', #4647, .T. ) ;
#5408 = ORIENTED_EDGE ( 'NONE', *, *, #5955, .F. ) ;
#5409 = ORIENTED_EDGE ( 'NONE', *, *, #2821, .T. ) ;
#5410 = CARTESIAN_POINT ( 'NONE',  ( 24.89999999999998082, 54.99999999999997868, -30.00000000000005329 ) ) ;
#5411 = CARTESIAN_POINT ( 'NONE',  ( 22.00000000000000711, 55.00000000000000000, 14.19999999999999751 ) ) ;
#5412 = EDGE_CURVE ( 'NONE', #5937, #2567, #365, .T. ) ;
#5413 = DIRECTION ( 'NONE',  ( 0.000000000000000000, -1.000000000000000000, 0.000000000000000000 ) ) ;
#5414 = CARTESIAN_POINT ( 'NONE',  ( -27.83000000000001251, 54.00000000000000000, -12.69000000000003325 ) ) ;
#5415 = EDGE_CURVE ( 'NONE', #593, #4011, #3836, .T. ) ;
#5416 = ORIENTED_EDGE ( 'NONE', *, *, #2917, .T. ) ;
#5417 = EDGE_CURVE ( 'NONE', #1501, #2737, #3172, .T. ) ;
#5418 = LINE ( 'NONE', #1753, #6012 ) ;
#5419 = FACE_OUTER_BOUND ( 'NONE', #1596, .T. ) ;
#5420 = VERTEX_POINT ( 'NONE', #3377 ) ;
#5421 = CARTESIAN_POINT ( 'NONE',  ( -23.49999999999991829, 54.50000000000000000, -4.423544863740858091E-14 ) ) ;
#5422 = VERTEX_POINT ( 'NONE', #1845 ) ;
#5423 = CARTESIAN_POINT ( 'NONE',  ( 26.50000000000002487, 53.00000000000001421, -21.00000000000003908 ) ) ;
#5424 = DIRECTION ( 'NONE',  ( 1.000000000000000000, 0.000000000000000000, 0.000000000000000000 ) ) ;
#5425 = CARTESIAN_POINT ( 'NONE',  ( -23.49999999999991829, 52.50000000000000000, -12.00000000000004263 ) ) ;
#5426 = CARTESIAN_POINT ( 'NONE',  ( -28.50000000000000000, 52.50000000000000000, 1.299999999999999156 ) ) ;
#5427 = LINE ( 'NONE', #3944, #5089 ) ;
#5428 = CARTESIAN_POINT ( 'NONE',  ( 32.00000000000001421, 52.50000000000000000, 4.549999999999998934 ) ) ;
#5429 = ADVANCED_FACE ( 'NONE', ( #2442 ), #3875, .T. ) ;
#5430 = VERTEX_POINT ( 'NONE', #3975 ) ;
#5431 = CARTESIAN_POINT ( 'NONE',  ( -13.11365057943553047, 54.45186430914344555, 55.16399545243957192 ) ) ;
#5432 = ADVANCED_FACE ( 'NONE', ( #1388 ), #402, .T. ) ;
#5433 = ORIENTED_EDGE ( 'NONE', *, *, #2606, .T. ) ;
#5434 = LINE ( 'NONE', #4925, #1339 ) ;
#5435 = CARTESIAN_POINT ( 'NONE',  ( -28.99999999999994671, 55.00000000000000000, -26.50000000000004263 ) ) ;
#5436 = CARTESIAN_POINT ( 'NONE',  ( -23.49999999999991829, 52.50000000000000000, -6.000000000000043521 ) ) ;
#5437 = LINE ( 'NONE', #858, #5254 ) ;
#5438 = CYLINDRICAL_SURFACE ( 'NONE', #6035, 1.200000000000000622 ) ;
#5439 = CARTESIAN_POINT ( 'NONE',  ( -30.50000000000000000, 52.50000000000000000, -22.50000000000003908 ) ) ;
#5440 = CARTESIAN_POINT ( 'NONE',  ( 12.69031343570181569, 53.97487373415291501, 57.13270822687288586 ) ) ;
#5441 = DIRECTION ( 'NONE',  ( 0.000000000000000000, -1.000000000000000000, 0.000000000000000000 ) ) ;
#5442 = ORIENTED_EDGE ( 'NONE', *, *, #6091, .T. ) ;
#5443 = ORIENTED_EDGE ( 'NONE', *, *, #2876, .F. ) ;
#5444 = VERTEX_POINT ( 'NONE', #2847 ) ;
#5445 = DIRECTION ( 'NONE',  ( 0.000000000000000000, 0.000000000000000000, 1.000000000000000000 ) ) ;
#5446 = DIRECTION ( 'NONE',  ( -0.000000000000000000, -1.000000000000000000, -0.000000000000000000 ) ) ;
#5447 = ORIENTED_EDGE ( 'NONE', *, *, #744, .F. ) ;
#5448 = CARTESIAN_POINT ( 'NONE',  ( -12.49103798480959604, 51.69597796716498550, 58.69680683007780431 ) ) ;
#5449 = ORIENTED_EDGE ( 'NONE', *, *, #6326, .F. ) ;
#5450 = CARTESIAN_POINT ( 'NONE',  ( -28.99999999999994671, 55.00000000000000000, -29.50000000000006040 ) ) ;
#5451 = DIRECTION ( 'NONE',  ( 0.000000000000000000, 1.000000000000000000, 0.000000000000000000 ) ) ;
#5452 = CARTESIAN_POINT ( 'NONE',  ( -6.862855259157583053E-15, 52.50000000000000000, 23.00000000000000711 ) ) ;
#5453 = CARTESIAN_POINT ( 'NONE',  ( -4.917023725698074443, 52.50000000000000000, 36.95555927633239435 ) ) ;
#5454 = CARTESIAN_POINT ( 'NONE',  ( -4.257957622852184884E-15, 52.50000000000000000, -13.50000000000003553 ) ) ;
#5455 = DIRECTION ( 'NONE',  ( -0.000000000000000000, -1.000000000000000000, -0.000000000000000000 ) ) ;
#5456 = ORIENTED_EDGE ( 'NONE', *, *, #1310, .T. ) ;
#5457 = DIRECTION ( 'NONE',  ( 0.000000000000000000, 1.000000000000000000, 0.000000000000000000 ) ) ;
#5458 = EDGE_CURVE ( 'NONE', #2567, #1501, #1355, .T. ) ;
#5459 = ORIENTED_EDGE ( 'NONE', *, *, #3858, .F. ) ;
#5460 = CARTESIAN_POINT ( 'NONE',  ( 28.50000000000000000, 41.89878066911801824, 26.00000000000000000 ) ) ;
#5461 = VECTOR ( 'NONE', #2600, 1000.000000000000000 ) ;
#5462 = ADVANCED_FACE ( 'NONE', ( #5419 ), #6476, .F. ) ;
#5463 = CARTESIAN_POINT ( 'NONE',  ( -13.11365057943552337, 53.69192455792686047, 56.71523739468773329 ) ) ;
#5464 = VERTEX_POINT ( 'NONE', #5387 ) ;
#5465 = DIRECTION ( 'NONE',  ( 0.000000000000000000, 0.000000000000000000, -1.000000000000000000 ) ) ;
#5466 = LINE ( 'NONE', #5507, #6135 ) ;
#5467 = AXIS2_PLACEMENT_3D ( 'NONE', #533, #5187, #2575 ) ;
#5468 = CARTESIAN_POINT ( 'NONE',  ( 12.61365057943553225, 50.33747290205582203, 59.88104043566607260 ) ) ;
#5469 = EDGE_CURVE ( 'NONE', #649, #4011, #5953, .T. ) ;
#5470 = EDGE_CURVE ( 'NONE', #3008, #2603, #2873, .T. ) ;
#5471 = CONICAL_SURFACE ( 'NONE', #2798, 63.49999999999998579, 0.7853981633974477239 ) ;
#5472 = DIRECTION ( 'NONE',  ( 0.000000000000000000, 0.000000000000000000, -1.000000000000000000 ) ) ;
#5473 = VECTOR ( 'NONE', #3165, 999.9999999999998863 ) ;
#5474 = ORIENTED_EDGE ( 'NONE', *, *, #2349, .F. ) ;
#5475 = LINE ( 'NONE', #1509, #1654 ) ;
#5476 = CARTESIAN_POINT ( 'NONE',  ( 12.62646392475064339, 54.97743234279518276, 55.02101116462308994 ) ) ;
#5477 = DIRECTION ( 'NONE',  ( 1.000000000000000000, 0.000000000000000000, 0.000000000000000000 ) ) ;
#5478 = ORIENTED_EDGE ( 'NONE', *, *, #4694, .F. ) ;
#5479 = VERTEX_POINT ( 'NONE', #4349 ) ;
#5480 = CIRCLE ( 'NONE', #4519, 0.7499999999999972244 ) ;
#5481 = EDGE_LOOP ( 'NONE', ( #5931, #3473, #143, #3205 ) ) ;
#5482 = ORIENTED_EDGE ( 'NONE', *, *, #1027, .T. ) ;
#5483 = CARTESIAN_POINT ( 'NONE',  ( 24.64999999999999147, 54.74999999999999289, -29.75000000000006395 ) ) ;
#5484 = VECTOR ( 'NONE', #1216, 1000.000000000000000 ) ;
#5485 = AXIS2_PLACEMENT_3D ( 'NONE', #1544, #3674, #2073 ) ;
#5486 = DIRECTION ( 'NONE',  ( -4.088782444488940509E-16, -0.7071067811865573427, -0.7071067811865378028 ) ) ;
#5487 = VERTEX_POINT ( 'NONE', #2942 ) ;
#5488 = DIRECTION ( 'NONE',  ( 0.000000000000000000, 0.000000000000000000, 1.000000000000000000 ) ) ;
#5489 = ORIENTED_EDGE ( 'NONE', *, *, #6507, .T. ) ;
#5490 = CYLINDRICAL_SURFACE ( 'NONE', #5720, 1.199999999999999734 ) ;
#5491 = AXIS2_PLACEMENT_3D ( 'NONE', #3454, #5965, #3916 ) ;
#5492 = CARTESIAN_POINT ( 'NONE',  ( 26.50000000000002487, 46.00000000000000000, 0.000000000000000000 ) ) ;
#5493 = ORIENTED_EDGE ( 'NONE', *, *, #1015, .T. ) ;
#5494 = CARTESIAN_POINT ( 'NONE',  ( 26.50000000000002487, 46.00000000000000000, -0.000000000000000000 ) ) ;
#5495 = DIRECTION ( 'NONE',  ( 0.000000000000000000, 0.000000000000000000, -1.000000000000000000 ) ) ;
#5496 = VECTOR ( 'NONE', #1936, 1000.000000000000000 ) ;
#5497 = PLANE ( 'NONE',  #4021 ) ;
#5498 = EDGE_CURVE ( 'NONE', #2776, #5623, #4229, .T. ) ;
#5499 = LINE ( 'NONE', #924, #152 ) ;
#5500 = ORIENTED_EDGE ( 'NONE', *, *, #1195, .F. ) ;
#5501 = ORIENTED_EDGE ( 'NONE', *, *, #4624, .F. ) ;
#5502 = AXIS2_PLACEMENT_3D ( 'NONE', #1148, #3100, #6249 ) ;
#5503 = EDGE_CURVE ( 'NONE', #5784, #6296, #3274, .T. ) ;
#5504 = CARTESIAN_POINT ( 'NONE',  ( 28.00000000000002487, 52.50000000000000000, 24.19999999999999929 ) ) ;
#5505 = ORIENTED_EDGE ( 'NONE', *, *, #5886, .F. ) ;
#5506 = DIRECTION ( 'NONE',  ( -1.000000000000000000, 0.000000000000000000, 2.505015849785999180E-16 ) ) ;
#5507 = CARTESIAN_POINT ( 'NONE',  ( 12.61365057943554824, 55.00000000000000000, 52.83609688887024447 ) ) ;
#5508 = AXIS2_PLACEMENT_3D ( 'NONE', #2055, #43, #3127 ) ;
#5509 = FACE_OUTER_BOUND ( 'NONE', #3132, .T. ) ;
#5510 = ORIENTED_EDGE ( 'NONE', *, *, #2121, .F. ) ;
#5511 = VECTOR ( 'NONE', #5136, 1000.000000000000114 ) ;
#5512 = DIRECTION ( 'NONE',  ( 0.000000000000000000, -1.000000000000000000, 0.000000000000000000 ) ) ;
#5513 = ORIENTED_EDGE ( 'NONE', *, *, #198, .F. ) ;
#5514 = LINE ( 'NONE', #460, #2713 ) ;
#5515 = LINE ( 'NONE', #905, #4939 ) ;
#5516 = ORIENTED_EDGE ( 'NONE', *, *, #1661, .T. ) ;
#5517 = EDGE_CURVE ( 'NONE', #3930, #5530, #6398, .T. ) ;
#5518 = AXIS2_PLACEMENT_3D ( 'NONE', #2027, #4351, #5861 ) ;
#5519 = EDGE_LOOP ( 'NONE', ( #2189, #945, #242, #6063 ) ) ;
#5520 = VERTEX_POINT ( 'NONE', #3348 ) ;
#5521 = ORIENTED_EDGE ( 'NONE', *, *, #3134, .F. ) ;
#5522 = FACE_BOUND ( 'NONE', #2647, .T. ) ;
#5523 = ORIENTED_EDGE ( 'NONE', *, *, #6056, .T. ) ;
#5524 = DIRECTION ( 'NONE',  ( -0.000000000000000000, 1.000000000000000000, -0.000000000000000000 ) ) ;
#5525 = ORIENTED_EDGE ( 'NONE', *, *, #4711, .F. ) ;
#5526 = EDGE_CURVE ( 'NONE', #1576, #2591, #4884, .T. ) ;
#5527 = CARTESIAN_POINT ( 'NONE',  ( -23.59999999999999787, 0.000000000000000000, -24.00000000000004263 ) ) ;
#5528 = DIRECTION ( 'NONE',  ( 0.000000000000000000, 0.000000000000000000, -1.000000000000000000 ) ) ;
#5529 = CARTESIAN_POINT ( 'NONE',  ( 26.50000000000002487, 53.00000000000001421, -21.00000000000003908 ) ) ;
#5530 = VERTEX_POINT ( 'NONE', #3158 ) ;
#5531 = CARTESIAN_POINT ( 'NONE',  ( 32.00000000000001421, 36.62916759300433256, 4.549999999999998934 ) ) ;
#5532 = DIRECTION ( 'NONE',  ( -0.000000000000000000, 1.000000000000000000, -0.000000000000000000 ) ) ;
#5533 = CARTESIAN_POINT ( 'NONE',  ( -28.50000000000000000, 54.50000000000000000, -26.00000000000000000 ) ) ;
#5534 = DIRECTION ( 'NONE',  ( -0.000000000000000000, 1.000000000000000000, -0.000000000000000000 ) ) ;
#5535 = ORIENTED_EDGE ( 'NONE', *, *, #2828, .F. ) ;
#5536 = VERTEX_POINT ( 'NONE', #2084 ) ;
#5537 = CARTESIAN_POINT ( 'NONE',  ( -13.11365057943553225, 54.30934920360355278, 55.69325650437277631 ) ) ;
#5538 = DIRECTION ( 'NONE',  ( 5.782411586589355667E-16, -0.000000000000000000, -1.000000000000000000 ) ) ;
#5539 = LINE ( 'NONE', #965, #6453 ) ;
#5540 = CARTESIAN_POINT ( 'NONE',  ( 32.00000000000001421, 36.62916759300433256, -1.950000000000000400 ) ) ;
#5541 = ORIENTED_EDGE ( 'NONE', *, *, #5826, .T. ) ;
#5542 = ADVANCED_FACE ( 'NONE', ( #575 ), #3540, .F. ) ;
#5543 = LINE ( 'NONE', #6494, #3357 ) ;
#5544 = EDGE_LOOP ( 'NONE', ( #5593, #4771, #3449, #6048, #3757 ) ) ;
#5545 = CARTESIAN_POINT ( 'NONE',  ( -7.330000000000000071, 54.80000000000000426, 27.49999999999999645 ) ) ;
#5546 = LINE ( 'NONE', #6566, #2805 ) ;
#5547 = EDGE_LOOP ( 'NONE', ( #211, #5604, #3905, #3403 ) ) ;
#5548 = ORIENTED_EDGE ( 'NONE', *, *, #6541, .T. ) ;
#5549 = ADVANCED_FACE ( 'NONE', ( #1490 ), #2503, .T. ) ;
#5550 = VERTEX_POINT ( 'NONE', #5047 ) ;
#5551 = EDGE_LOOP ( 'NONE', ( #2751, #6612, #2146, #3117, #2455 ) ) ;
#5552 = DIRECTION ( 'NONE',  ( -0.000000000000000000, 1.000000000000000000, -0.000000000000000000 ) ) ;
#5553 = EDGE_CURVE ( 'NONE', #1453, #1992, #1248, .T. ) ;
#5554 = CARTESIAN_POINT ( 'NONE',  ( 13.11365057943552870, 49.43668056611620187, 61.06711942975784524 ) ) ;
#5555 = ORIENTED_EDGE ( 'NONE', *, *, #4446, .F. ) ;
#5556 = CARTESIAN_POINT ( 'NONE',  ( -12.66240485192364851, 54.63909739964756795, 56.19344631747863872 ) ) ;
#5557 = LINE ( 'NONE', #1521, #2089 ) ;
#5558 = ADVANCED_FACE ( 'NONE', ( #5693 ), #4657, .F. ) ;
#5559 = CARTESIAN_POINT ( 'NONE',  ( -27.97918471982874777, 52.50000000000000000, 23.00000000000000000 ) ) ;
#5560 = VERTEX_POINT ( 'NONE', #1089 ) ;
#5561 = DIRECTION ( 'NONE',  ( 0.000000000000000000, 0.000000000000000000, 1.000000000000000000 ) ) ;
#5562 = DIRECTION ( 'NONE',  ( -0.7071067811865492381, 0.000000000000000000, 0.7071067811865457964 ) ) ;
#5563 = DIRECTION ( 'NONE',  ( -1.000000000000000000, 0.000000000000000000, 0.000000000000000000 ) ) ;
#5564 = ORIENTED_EDGE ( 'NONE', *, *, #5114, .T. ) ;
#5565 = EDGE_LOOP ( 'NONE', ( #4667, #5555, #3929, #9 ) ) ;
#5566 = DIRECTION ( 'NONE',  ( 1.000000000000000000, 0.000000000000000000, 0.000000000000000000 ) ) ;
#5567 = CARTESIAN_POINT ( 'NONE',  ( -28.50000000000000000, 36.62916759300433256, 0.09999999999999874267 ) ) ;
#5568 = CARTESIAN_POINT ( 'NONE',  ( -23.59999999999999787, 47.00000000000000000, -24.00000000000004263 ) ) ;
#5569 = ORIENTED_EDGE ( 'NONE', *, *, #3410, .T. ) ;
#5570 = CARTESIAN_POINT ( 'NONE',  ( -28.53000000000001890, 0.000000000000000000, -15.34000000000003183 ) ) ;
#5571 = AXIS2_PLACEMENT_3D ( 'NONE', #199, #3286, #2068 ) ;
#5572 = CARTESIAN_POINT ( 'NONE',  ( -4.946388689857542431, 46.00000000000000000, 39.04751465573255587 ) ) ;
#5573 = ORIENTED_EDGE ( 'NONE', *, *, #4170, .F. ) ;
#5574 = LINE ( 'NONE', #5037, #4523 ) ;
#5575 = CIRCLE ( 'NONE', #3854, 3.999999999999982681 ) ;
#5576 = CARTESIAN_POINT ( 'NONE',  ( 22.50000000000000711, 54.50000000000000000, 22.69999999999999929 ) ) ;
#5577 = ORIENTED_EDGE ( 'NONE', *, *, #2818, .F. ) ;
#5578 = ADVANCED_FACE ( 'NONE', ( #1128 ), #6608, .F. ) ;
#5579 = ORIENTED_EDGE ( 'NONE', *, *, #5721, .F. ) ;
#5580 = EDGE_LOOP ( 'NONE', ( #3773, #5321, #42, #4107, #4092 ) ) ;
#5581 = EDGE_LOOP ( 'NONE', ( #411, #5456, #3225, #21 ) ) ;
#5582 = VECTOR ( 'NONE', #3914, 1000.000000000000000 ) ;
#5583 = VECTOR ( 'NONE', #2681, 1000.000000000000000 ) ;
#5584 = CARTESIAN_POINT ( 'NONE',  ( 31.99999999999999289, 55.00000000000000000, -13.50000000000004619 ) ) ;
#5585 = ORIENTED_EDGE ( 'NONE', *, *, #447, .F. ) ;
#5586 = CARTESIAN_POINT ( 'NONE',  ( 13.04366087231014681, 50.25893513457398143, 60.34304497166615988 ) ) ;
#5587 = DIRECTION ( 'NONE',  ( 0.000000000000000000, 0.000000000000000000, 1.000000000000000000 ) ) ;
#5588 = ORIENTED_EDGE ( 'NONE', *, *, #5139, .T. ) ;
#5589 = VECTOR ( 'NONE', #5039, 1000.000000000000000 ) ;
#5590 = DIRECTION ( 'NONE',  ( 0.000000000000000000, 1.000000000000000000, -0.000000000000000000 ) ) ;
#5591 = CIRCLE ( 'NONE', #2602, 3.249999999999999556 ) ;
#5592 = CARTESIAN_POINT ( 'NONE',  ( -31.18000000000001748, 55.00000000000000000, -21.54000000000003823 ) ) ;
#5593 = ORIENTED_EDGE ( 'NONE', *, *, #2081, .T. ) ;
#5594 = VECTOR ( 'NONE', #1969, 1000.000000000000000 ) ;
#5595 = CIRCLE ( 'NONE', #4410, 3.999999999999996447 ) ;
#5596 = DIRECTION ( 'NONE',  ( -0.7071067811865475727, -0.000000000000000000, 0.7071067811865474617 ) ) ;
#5597 = EDGE_LOOP ( 'NONE', ( #908, #4049, #4781, #941 ) ) ;
#5598 = CARTESIAN_POINT ( 'NONE',  ( 12.61365057943553047, 51.58422715081404419, 58.60708027979304546 ) ) ;
#5599 = CARTESIAN_POINT ( 'NONE',  ( 22.50000000000047962, 46.00000000000000000, -22.49999999999985789 ) ) ;
#5600 = LINE ( 'NONE', #5668, #5602 ) ;
#5601 = VERTEX_POINT ( 'NONE', #4119 ) ;
#5602 = VECTOR ( 'NONE', #1033, 1000.000000000000000 ) ;
#5603 = EDGE_CURVE ( 'NONE', #1768, #1285, #1353, .T. ) ;
#5604 = ORIENTED_EDGE ( 'NONE', *, *, #3627, .T. ) ;
#5605 = VECTOR ( 'NONE', #874, 1000.000000000000114 ) ;
#5606 = CARTESIAN_POINT ( 'NONE',  ( -12.04365551366671738, 49.35970554571027691, 61.26069815573676181 ) ) ;
#5607 = CARTESIAN_POINT ( 'NONE',  ( -20.93629150101522640, 52.50000000000000000, 20.93629150101530811 ) ) ;
#5608 = LINE ( 'NONE', #3072, #926 ) ;
#5609 = DIRECTION ( 'NONE',  ( 0.000000000000000000, 0.000000000000000000, -1.000000000000000000 ) ) ;
#5610 = EDGE_CURVE ( 'NONE', #3673, #5736, #4514, .T. ) ;
#5611 = ORIENTED_EDGE ( 'NONE', *, *, #5412, .F. ) ;
#5612 = DIRECTION ( 'NONE',  ( 0.000000000000000000, 0.000000000000000000, -1.000000000000000000 ) ) ;
#5613 = VECTOR ( 'NONE', #4600, 1000.000000000000000 ) ;
#5614 = LINE ( 'NONE', #1048, #6434 ) ;
#5615 = ORIENTED_EDGE ( 'NONE', *, *, #1840, .F. ) ;
#5616 = DIRECTION ( 'NONE',  ( 1.000000000000000000, 0.000000000000000000, 0.000000000000000000 ) ) ;
#5617 = AXIS2_PLACEMENT_3D ( 'NONE', #1266, #6308, #3692 ) ;
#5618 = LINE ( 'NONE', #6263, #1540 ) ;
#5619 = ORIENTED_EDGE ( 'NONE', *, *, #4896, .T. ) ;
#5620 = ORIENTED_EDGE ( 'NONE', *, *, #6515, .F. ) ;
#5621 = CARTESIAN_POINT ( 'NONE',  ( -30.50000000000000355, 52.50000000000000000, -4.502899235514262370E-15 ) ) ;
#5622 = EDGE_CURVE ( 'NONE', #2772, #1264, #5153, .T. ) ;
#5623 = VERTEX_POINT ( 'NONE', #4044 ) ;
#5624 = FACE_OUTER_BOUND ( 'NONE', #372, .T. ) ;
#5625 = ORIENTED_EDGE ( 'NONE', *, *, #6403, .T. ) ;
#5626 = DIRECTION ( 'NONE',  ( 0.7071067811865475727, 0.7071067811865475727, -7.110925990415648734E-16 ) ) ;
#5627 = ORIENTED_EDGE ( 'NONE', *, *, #2892, .T. ) ;
#5628 = VECTOR ( 'NONE', #6, 1000.000000000000000 ) ;
#5629 = CARTESIAN_POINT ( 'NONE',  ( -12.63454229992807498, 54.93793205376191224, 55.28117538551713039 ) ) ;
#5630 = CARTESIAN_POINT ( 'NONE',  ( -28.50000000000000000, 54.50000000000000000, 27.19999999999999929 ) ) ;
#5631 = ADVANCED_FACE ( 'NONE', ( #3049 ), #4152, .T. ) ;
#5632 = CIRCLE ( 'NONE', #4559, 56.05025253169416288 ) ;
#5633 = ORIENTED_EDGE ( 'NONE', *, *, #3822, .F. ) ;
#5634 = FACE_OUTER_BOUND ( 'NONE', #5551, .T. ) ;
#5635 = VERTEX_POINT ( 'NONE', #5119 ) ;
#5636 = FACE_OUTER_BOUND ( 'NONE', #2931, .T. ) ;
#5637 = DIRECTION ( 'NONE',  ( 0.000000000000000000, 0.000000000000000000, -1.000000000000000000 ) ) ;
#5638 = DIRECTION ( 'NONE',  ( 0.000000000000000000, -0.000000000000000000, 1.000000000000000000 ) ) ;
#5639 = ORIENTED_EDGE ( 'NONE', *, *, #4900, .T. ) ;
#5640 = ORIENTED_EDGE ( 'NONE', *, *, #4537, .T. ) ;
#5641 = EDGE_CURVE ( 'NONE', #3247, #253, #2631, .T. ) ;
#5642 = LINE ( 'NONE', #4198, #479 ) ;
#5643 = DIRECTION ( 'NONE',  ( 0.000000000000000000, 1.000000000000000000, 0.000000000000000000 ) ) ;
#5644 = EDGE_CURVE ( 'NONE', #1980, #6439, #4333, .T. ) ;
#5645 = DIRECTION ( 'NONE',  ( 0.000000000000000000, 0.000000000000000000, -1.000000000000000000 ) ) ;
#5646 = CARTESIAN_POINT ( 'NONE',  ( -31.18000000000001748, 54.00000000000000000, -21.54000000000003823 ) ) ;
#5647 = ORIENTED_EDGE ( 'NONE', *, *, #1522, .F. ) ;
#5648 = ADVANCED_FACE ( 'NONE', ( #29 ), #536, .F. ) ;
#5649 = CARTESIAN_POINT ( 'NONE',  ( 12.47298944843903890, 49.72414937422239944, 61.52445174033709208 ) ) ;
#5650 = FACE_OUTER_BOUND ( 'NONE', #2010, .T. ) ;
#5651 = ORIENTED_EDGE ( 'NONE', *, *, #1603, .T. ) ;
#5652 = DIRECTION ( 'NONE',  ( -0.000000000000000000, 1.000000000000000000, -0.000000000000000000 ) ) ;
#5653 = CARTESIAN_POINT ( 'NONE',  ( -13.11365057943553225, 54.23586364875501431, 55.87897645456695983 ) ) ;
#5654 = ORIENTED_EDGE ( 'NONE', *, *, #6096, .T. ) ;
#5655 = DIRECTION ( 'NONE',  ( 0.000000000000000000, -0.7071067811865573427, -0.7071067811865378028 ) ) ;
#5656 = CARTESIAN_POINT ( 'NONE',  ( -25.18000000000001037, 55.00000000000000000, -15.34000000000003183 ) ) ;
#5657 = ORIENTED_EDGE ( 'NONE', *, *, #607, .T. ) ;
#5658 = DIRECTION ( 'NONE',  ( -0.000000000000000000, 1.000000000000000000, -0.000000000000000000 ) ) ;
#5659 = CARTESIAN_POINT ( 'NONE',  ( 2.003728368091744816, 55.00000000000000000, 12.49999999999999822 ) ) ;
#5660 = CARTESIAN_POINT ( 'NONE',  ( -12.67354127027473787, 54.42812669890953714, 56.56541355741174470 ) ) ;
#5661 = DIRECTION ( 'NONE',  ( 0.000000000000000000, 0.000000000000000000, 1.000000000000000000 ) ) ;
#5662 = VERTEX_POINT ( 'NONE', #4589 ) ;
#5663 = LINE ( 'NONE', #586, #5583 ) ;
#5664 = ORIENTED_EDGE ( 'NONE', *, *, #5603, .T. ) ;
#5665 = DIRECTION ( 'NONE',  ( 0.5773502691896366112, 0.5773502691896204020, 0.5773502691896204020 ) ) ;
#5666 = ORIENTED_EDGE ( 'NONE', *, *, #3675, .T. ) ;
#5667 = DIRECTION ( 'NONE',  ( -0.000000000000000000, -1.000000000000000000, -0.000000000000000000 ) ) ;
#5668 = CARTESIAN_POINT ( 'NONE',  ( 0.000000000000000000, 46.00000000000000000, 22.69999999999999929 ) ) ;
#5669 = EDGE_LOOP ( 'NONE', ( #1044, #280, #2352, #5829, #4181 ) ) ;
#5670 = ORIENTED_EDGE ( 'NONE', *, *, #4356, .F. ) ;
#5671 = EDGE_CURVE ( 'NONE', #5986, #3119, #3120, .T. ) ;
#5672 = LINE ( 'NONE', #6212, #368 ) ;
#5673 = PLANE ( 'NONE',  #6253 ) ;
#5674 = CARTESIAN_POINT ( 'NONE',  ( -1.996271631908297817, 55.00000000000000000, 16.50000000000000000 ) ) ;
#5675 = DIRECTION ( 'NONE',  ( 3.469446951953611033E-15, 0.000000000000000000, -1.000000000000000000 ) ) ;
#5676 = ADVANCED_FACE ( 'NONE', ( #4252 ), #4720, .T. ) ;
#5677 = ORIENTED_EDGE ( 'NONE', *, *, #4356, .T. ) ;
#5678 = EDGE_CURVE ( 'NONE', #3995, #6514, #2735, .T. ) ;
#5679 = VECTOR ( 'NONE', #2311, 1000.000000000000000 ) ;
#5680 = CARTESIAN_POINT ( 'NONE',  ( 31.89644660940666654, 52.50000000000000000, 31.89644660940681931 ) ) ;
#5681 = CARTESIAN_POINT ( 'NONE',  ( 32.00000000000002132, 55.00000000000000000, 14.19999999999999396 ) ) ;
#5682 = VERTEX_POINT ( 'NONE', #2768 ) ;
#5683 = DIRECTION ( 'NONE',  ( 0.000000000000000000, -1.000000000000000000, 0.000000000000000000 ) ) ;
#5684 = CARTESIAN_POINT ( 'NONE',  ( -12.61365057943552337, 52.08466196291664829, 58.09546240696082720 ) ) ;
#5685 = AXIS2_PLACEMENT_3D ( 'NONE', #3465, #6595, #5612 ) ;
#5686 = ORIENTED_EDGE ( 'NONE', *, *, #4938, .T. ) ;
#5687 = EDGE_CURVE ( 'NONE', #6185, #3210, #1722, .T. ) ;
#5688 = EDGE_CURVE ( 'NONE', #396, #5420, #168, .T. ) ;
#5689 = DIRECTION ( 'NONE',  ( -0.000000000000000000, -1.000000000000000000, -0.000000000000000000 ) ) ;
#5690 = AXIS2_PLACEMENT_3D ( 'NONE', #4418, #2293, #2851 ) ;
#5691 = ORIENTED_EDGE ( 'NONE', *, *, #3865, .T. ) ;
#5692 = CARTESIAN_POINT ( 'NONE',  ( -32.49999999999994316, 55.00000000000000000, 0.000000000000000000 ) ) ;
#5693 = FACE_OUTER_BOUND ( 'NONE', #3374, .T. ) ;
#5694 = CARTESIAN_POINT ( 'NONE',  ( 31.99999999999997868, 55.00000000000000000, -26.50000000000004619 ) ) ;
#5695 = LINE ( 'NONE', #1557, #5211 ) ;
#5696 = ADVANCED_FACE ( 'NONE', ( #4755 ), #5790, .F. ) ;
#5697 = VECTOR ( 'NONE', #691, 1000.000000000000000 ) ;
#5698 = AXIS2_PLACEMENT_3D ( 'NONE', #5843, #3299, #5335 ) ;
#5699 = VERTEX_POINT ( 'NONE', #4220 ) ;
#5700 = CARTESIAN_POINT ( 'NONE',  ( -23.49999999999991829, 55.00000000000000000, 0.4999999999999562017 ) ) ;
#5701 = ORIENTED_EDGE ( 'NONE', *, *, #5678, .F. ) ;
#5702 = CIRCLE ( 'NONE', #1432, 58.52512626584707078 ) ;
#5703 = AXIS2_PLACEMENT_3D ( 'NONE', #1171, #4158, #4225 ) ;
#5704 = FACE_OUTER_BOUND ( 'NONE', #2234, .T. ) ;
#5705 = CYLINDRICAL_SURFACE ( 'NONE', #1788, 1.199999999999999734 ) ;
#5706 = CARTESIAN_POINT ( 'NONE',  ( -27.83000000000001251, 54.00000000000000000, -21.54000000000004178 ) ) ;
#5707 = ORIENTED_EDGE ( 'NONE', *, *, #5498, .T. ) ;
#5708 = EDGE_LOOP ( 'NONE', ( #3015, #5011, #4980, #2666 ) ) ;
#5709 = AXIS2_PLACEMENT_3D ( 'NONE', #5435, #2889, #4498 ) ;
#5710 = ORIENTED_EDGE ( 'NONE', *, *, #6132, .F. ) ;
#5711 = AXIS2_PLACEMENT_3D ( 'NONE', #1088, #3156, #1127 ) ;
#5712 = EDGE_CURVE ( 'NONE', #1525, #227, #4970, .T. ) ;
#5713 = CARTESIAN_POINT ( 'NONE',  ( 23.49999999999991829, 52.50000000000000000, -4.423544863740858091E-14 ) ) ;
#5714 = CARTESIAN_POINT ( 'NONE',  ( -8.079999999999996518, 54.80000000000000426, 17.24999999999999289 ) ) ;
#5715 = VECTOR ( 'NONE', #2204, 1000.000000000000114 ) ;
#5716 = DIRECTION ( 'NONE',  ( 0.000000000000000000, 1.000000000000000000, 0.000000000000000000 ) ) ;
#5717 = AXIS2_PLACEMENT_3D ( 'NONE', #2003, #1868, #3497 ) ;
#5718 = CARTESIAN_POINT ( 'NONE',  ( -12.61365057943554113, 46.00000000000000000, 2.569091537375565693E-15 ) ) ;
#5719 = ORIENTED_EDGE ( 'NONE', *, *, #103, .F. ) ;
#5720 = AXIS2_PLACEMENT_3D ( 'NONE', #5927, #4456, #3910 ) ;
#5721 = EDGE_CURVE ( 'NONE', #1251, #1134, #1223, .T. ) ;
#5722 = DIRECTION ( 'NONE',  ( 0.7071067811865511255, -0.000000000000000000, -0.7071067811865440200 ) ) ;
#5723 = FACE_OUTER_BOUND ( 'NONE', #228, .T. ) ;
#5724 = ORIENTED_EDGE ( 'NONE', *, *, #3264, .F. ) ;
#5725 = CARTESIAN_POINT ( 'NONE',  ( -10.62669654684135523, 49.00000000000000000, 62.60449920334279739 ) ) ;
#5726 = CARTESIAN_POINT ( 'NONE',  ( -28.99999999999999645, 52.50000000000000000, -22.50000000000003908 ) ) ;
#5727 = VECTOR ( 'NONE', #5060, 1000.000000000000000 ) ;
#5728 = EDGE_LOOP ( 'NONE', ( #688, #3050, #2335, #136, #2940, #4693 ) ) ;
#5729 = LINE ( 'NONE', #5116, #770 ) ;
#5730 = AXIS2_PLACEMENT_3D ( 'NONE', #2624, #4669, #4160 ) ;
#5731 = DIRECTION ( 'NONE',  ( -0.5773502691896245098, -0.5773502691896283956, -0.5773502691896245098 ) ) ;
#5732 = CARTESIAN_POINT ( 'NONE',  ( 13.11365057943553225, 54.49033160269297582, 54.86459887138892100 ) ) ;
#5733 = DIRECTION ( 'NONE',  ( -0.000000000000000000, -1.000000000000000000, -0.000000000000000000 ) ) ;
#5734 = EDGE_CURVE ( 'NONE', #2907, #1745, #1694, .T. ) ;
#5735 = VECTOR ( 'NONE', #1574, 1000.000000000000000 ) ;
#5736 = VERTEX_POINT ( 'NONE', #5822 ) ;
#5737 = EDGE_CURVE ( 'NONE', #3677, #786, #1165, .T. ) ;
#5738 = LINE ( 'NONE', #5158, #5473 ) ;
#5739 = ORIENTED_EDGE ( 'NONE', *, *, #3803, .F. ) ;
#5740 = VECTOR ( 'NONE', #2815, 999.9999999999998863 ) ;
#5741 = CARTESIAN_POINT ( 'NONE',  ( 32.00000000000001421, 52.50000000000000000, -8.016050719315200531E-15 ) ) ;
#5742 = VERTEX_POINT ( 'NONE', #6230 ) ;
#5743 = LINE ( 'NONE', #4564, #2416 ) ;
#5744 = CARTESIAN_POINT ( 'NONE',  ( 31.50000000000002842, 52.50000000000000000, -13.50000000000004619 ) ) ;
#5745 = VECTOR ( 'NONE', #4728, 1000.000000000000000 ) ;
#5746 = ORIENTED_EDGE ( 'NONE', *, *, #663, .T. ) ;
#5747 = CARTESIAN_POINT ( 'NONE',  ( -11.59049751704856668, 49.03075969772244491, 61.68289231323882404 ) ) ;
#5748 = FACE_OUTER_BOUND ( 'NONE', #4239, .T. ) ;
#5749 = CYLINDRICAL_SURFACE ( 'NONE', #3798, 1.500000000000001332 ) ;
#5750 = DIRECTION ( 'NONE',  ( 1.000000000000000000, 0.000000000000000000, 0.000000000000000000 ) ) ;
#5751 = ORIENTED_EDGE ( 'NONE', *, *, #116, .T. ) ;
#5752 = DIRECTION ( 'NONE',  ( -1.308747794584438793E-16, 0.000000000000000000, 1.000000000000000000 ) ) ;
#5753 = LINE ( 'NONE', #2381, #23 ) ;
#5754 = ORIENTED_EDGE ( 'NONE', *, *, #3281, .F. ) ;
#5755 = DIRECTION ( 'NONE',  ( -0.7071067811865500152, 0.7071067811865451302, 0.000000000000000000 ) ) ;
#5756 = CARTESIAN_POINT ( 'NONE',  ( -25.75492515385774439, 52.50000000000000000, -0.4398459957930342945 ) ) ;
#5757 = EDGE_CURVE ( 'NONE', #4924, #4056, #3685, .T. ) ;
#5758 = ORIENTED_EDGE ( 'NONE', *, *, #3310, .T. ) ;
#5759 = DIRECTION ( 'NONE',  ( 0.000000000000000000, 1.000000000000000000, 0.000000000000000000 ) ) ;
#5760 = ORIENTED_EDGE ( 'NONE', *, *, #6037, .T. ) ;
#5761 = EDGE_CURVE ( 'NONE', #1394, #4113, #378, .T. ) ;
#5762 = CARTESIAN_POINT ( 'NONE',  ( 12.35932493381253572, 49.76695181621165176, 60.78219291997790208 ) ) ;
#5763 = CARTESIAN_POINT ( 'NONE',  ( 13.11365057943553047, 54.50000000000001421, 54.61251347380554222 ) ) ;
#5764 = CARTESIAN_POINT ( 'NONE',  ( 0.000000000000000000, 52.50000000000000000, 0.000000000000000000 ) ) ;
#5765 = ADVANCED_FACE ( 'NONE', ( #3193 ), #3992, .T. ) ;
#5766 = EDGE_CURVE ( 'NONE', #6296, #515, #2839, .T. ) ;
#5767 = ORIENTED_EDGE ( 'NONE', *, *, #4492, .T. ) ;
#5768 = DIRECTION ( 'NONE',  ( -0.000000000000000000, 0.000000000000000000, 1.000000000000000000 ) ) ;
#5769 = ORIENTED_EDGE ( 'NONE', *, *, #320, .F. ) ;
#5770 = CARTESIAN_POINT ( 'NONE',  ( -23.49999999999991829, 54.50000000000000000, -12.00000000000004263 ) ) ;
#5771 = DIRECTION ( 'NONE',  ( 1.000000000000000000, -0.000000000000000000, -0.000000000000000000 ) ) ;
#5772 = DIRECTION ( 'NONE',  ( 0.000000000000000000, -1.000000000000000000, 0.000000000000000000 ) ) ;
#5773 = EDGE_CURVE ( 'NONE', #6085, #5175, #4872, .T. ) ;
#5774 = VERTEX_POINT ( 'NONE', #4879 ) ;
#5775 = DIRECTION ( 'NONE',  ( 0.000000000000000000, -1.000000000000000000, 0.000000000000000000 ) ) ;
#5776 = FACE_OUTER_BOUND ( 'NONE', #4712, .T. ) ;
#5777 = FACE_OUTER_BOUND ( 'NONE', #112, .T. ) ;
#5778 = DIRECTION ( 'NONE',  ( 0.000000000000000000, 1.000000000000000000, -0.000000000000000000 ) ) ;
#5779 = ORIENTED_EDGE ( 'NONE', *, *, #3931, .T. ) ;
#5780 = CARTESIAN_POINT ( 'NONE',  ( -1.419999999999998153, 55.00000000000000000, 20.34314575050762031 ) ) ;
#5781 = ORIENTED_EDGE ( 'NONE', *, *, #5959, .T. ) ;
#5782 = DIRECTION ( 'NONE',  ( 0.000000000000000000, 1.000000000000000000, 0.000000000000000000 ) ) ;
#5783 = LINE ( 'NONE', #2265, #6244 ) ;
#5784 = VERTEX_POINT ( 'NONE', #4936 ) ;
#5785 = B_SPLINE_CURVE_WITH_KNOTS ( 'NONE', 3,
 ( #1063, #541, #380, #3057, #6483, #35, #5902 ),
 .UNSPECIFIED., .F., .F.,
 ( 4, 3, 4 ),
 ( 0.000000000000000000, 0.001309846271701657410, 0.003693543384798330872 ),
 .UNSPECIFIED. ) ;
#5786 = EDGE_CURVE ( 'NONE', #1346, #6123, #356, .T. ) ;
#5787 = VERTEX_POINT ( 'NONE', #2402 ) ;
#5788 = DIRECTION ( 'NONE',  ( 3.469446951953611033E-15, 0.000000000000000000, 1.000000000000000000 ) ) ;
#5789 = EDGE_CURVE ( 'NONE', #649, #5530, #6496, .T. ) ;
#5790 = PLANE ( 'NONE',  #1577 ) ;
#5791 = DIRECTION ( 'NONE',  ( -1.000000000000000000, 0.000000000000000000, 5.782411586589359611E-16 ) ) ;
#5792 = CARTESIAN_POINT ( 'NONE',  ( 28.50000000000000000, 41.89878066911801824, -26.00000000000000000 ) ) ;
#5793 = ORIENTED_EDGE ( 'NONE', *, *, #618, .F. ) ;
#5794 = LINE ( 'NONE', #5386, #3979 ) ;
#5795 = ORIENTED_EDGE ( 'NONE', *, *, #6443, .F. ) ;
#5796 = LINE ( 'NONE', #1235, #5394 ) ;
#5797 = EDGE_CURVE ( 'NONE', #1057, #75, #6277, .T. ) ;
#5798 = ORIENTED_EDGE ( 'NONE', *, *, #1889, .T. ) ;
#5799 = FACE_OUTER_BOUND ( 'NONE', #5547, .T. ) ;
#5800 = CARTESIAN_POINT ( 'NONE',  ( -12.61365057943553225, 55.00000000000000000, 52.83609688887024447 ) ) ;
#5801 = ORIENTED_EDGE ( 'NONE', *, *, #3585, .F. ) ;
#5802 = VECTOR ( 'NONE', #3174, 1000.000000000000000 ) ;
#5803 = CIRCLE ( 'NONE', #1002, 3.999999999999996447 ) ;
#5804 = CARTESIAN_POINT ( 'NONE',  ( 26.50000000000002487, 52.50000000000000000, 0.000000000000000000 ) ) ;
#5805 = ADVANCED_FACE ( 'NONE', ( #1838 ), #5346, .F. ) ;
#5806 = CARTESIAN_POINT ( 'NONE',  ( 12.68544660544451474, 54.13024521109268505, 56.96687207718542112 ) ) ;
#5807 = DIRECTION ( 'NONE',  ( 0.7071067811865474617, 0.000000000000000000, -0.7071067811865474617 ) ) ;
#5808 = DIRECTION ( 'NONE',  ( -1.000000000000000000, 0.000000000000000000, 0.000000000000000000 ) ) ;
#5809 = ADVANCED_FACE ( 'NONE', ( #2532 ), #4059, .T. ) ;
#5810 = VERTEX_POINT ( 'NONE', #2166 ) ;
#5811 = AXIS2_PLACEMENT_3D ( 'NONE', #5764, #1196, #3159 ) ;
#5812 = VECTOR ( 'NONE', #734, 1000.000000000000114 ) ;
#5813 = DIRECTION ( 'NONE',  ( 0.7071067811865475727, 0.000000000000000000, -0.7071067811865475727 ) ) ;
#5814 = VECTOR ( 'NONE', #1082, 1000.000000000000000 ) ;
#5815 = EDGE_LOOP ( 'NONE', ( #2512, #654, #3967, #5500 ) ) ;
#5816 = LINE ( 'NONE', #4245, #3457 ) ;
#5817 = LINE ( 'NONE', #2862, #5484 ) ;
#5818 = ORIENTED_EDGE ( 'NONE', *, *, #5737, .F. ) ;
#5819 = AXIS2_PLACEMENT_3D ( 'NONE', #4323, #3816, #6430 ) ;
#5820 = FACE_OUTER_BOUND ( 'NONE', #2405, .T. ) ;
#5821 = AXIS2_PLACEMENT_3D ( 'NONE', #6562, #4542, #2432 ) ;
#5822 = CARTESIAN_POINT ( 'NONE',  ( 24.39999999999999503, 53.00000000000001421, -24.00000000000004974 ) ) ;
#5823 = DIRECTION ( 'NONE',  ( 0.7071067811865511255, -0.000000000000000000, -0.7071067811865440200 ) ) ;
#5824 = DIRECTION ( 'NONE',  ( -0.000000000000000000, 0.000000000000000000, 1.000000000000000000 ) ) ;
#5825 = VECTOR ( 'NONE', #2989, 1000.000000000000000 ) ;
#5826 = EDGE_CURVE ( 'NONE', #4557, #4477, #3631, .T. ) ;
#5827 = VERTEX_POINT ( 'NONE', #5674 ) ;
#5828 = DIRECTION ( 'NONE',  ( -0.000000000000000000, -1.000000000000000000, -0.000000000000000000 ) ) ;
#5829 = ORIENTED_EDGE ( 'NONE', *, *, #3331, .F. ) ;
#5830 = FACE_OUTER_BOUND ( 'NONE', #2238, .T. ) ;
#5831 = VERTEX_POINT ( 'NONE', #3601 ) ;
#5832 = LINE ( 'NONE', #4763, #6281 ) ;
#5833 = LINE ( 'NONE', #2321, #1554 ) ;
#5834 = EDGE_CURVE ( 'NONE', #2423, #6278, #4099, .T. ) ;
#5835 = VECTOR ( 'NONE', #87, 1000.000000000000000 ) ;
#5836 = EDGE_LOOP ( 'NONE', ( #5228, #5639, #1584, #549 ) ) ;
#5837 = LINE ( 'NONE', #2295, #5391 ) ;
#5838 = EDGE_CURVE ( 'NONE', #3081, #6509, #3665, .T. ) ;
#5839 = CARTESIAN_POINT ( 'NONE',  ( -32.49999999999994316, 54.50000000000001421, -26.50000000000004263 ) ) ;
#5840 = LINE ( 'NONE', #5269, #2107 ) ;
#5841 = DIRECTION ( 'NONE',  ( 0.000000000000000000, 0.000000000000000000, 1.000000000000000000 ) ) ;
#5842 = EDGE_LOOP ( 'NONE', ( #5585, #3776, #5981, #327 ) ) ;
#5843 = CARTESIAN_POINT ( 'NONE',  ( -27.97918471982874777, 46.00000000000000000, 24.50000000000000000 ) ) ;
#5844 = EDGE_CURVE ( 'NONE', #4045, #4461, #1677, .T. ) ;
#5845 = ORIENTED_EDGE ( 'NONE', *, *, #1105, .T. ) ;
#5846 = CARTESIAN_POINT ( 'NONE',  ( 16.61365057943552870, 46.00000000000000000, 52.83609688887024447 ) ) ;
#5847 = CARTESIAN_POINT ( 'NONE',  ( 28.50000000000000000, 46.00000000000000000, 0.09999999999999874267 ) ) ;
#5848 = CARTESIAN_POINT ( 'NONE',  ( 25.00000000000002132, 47.00000000000000000, -23.00000000000004263 ) ) ;
#5849 = ORIENTED_EDGE ( 'NONE', *, *, #2142, .F. ) ;
#5850 = EDGE_CURVE ( 'NONE', #1239, #6192, #1108, .T. ) ;
#5851 = ORIENTED_EDGE ( 'NONE', *, *, #825, .T. ) ;
#5852 = FACE_OUTER_BOUND ( 'NONE', #399, .T. ) ;
#5853 = DIRECTION ( 'NONE',  ( -0.000000000000000000, -1.000000000000000000, 0.000000000000000000 ) ) ;
#5854 = CARTESIAN_POINT ( 'NONE',  ( -7.330000000000000071, 54.80000000000000426, 16.50000000000000000 ) ) ;
#5855 = CARTESIAN_POINT ( 'NONE',  ( -23.49999999999991829, 0.000000000000000000, -4.423544863740858091E-14 ) ) ;
#5856 = ORIENTED_EDGE ( 'NONE', *, *, #3951, .F. ) ;
#5857 = DIRECTION ( 'NONE',  ( 0.000000000000000000, 1.000000000000000000, 0.000000000000000000 ) ) ;
#5858 = ORIENTED_EDGE ( 'NONE', *, *, #5392, .F. ) ;
#5859 = DIRECTION ( 'NONE',  ( -1.000000000000000000, 0.000000000000000000, 2.505015849785999180E-16 ) ) ;
#5860 = EDGE_LOOP ( 'NONE', ( #3480, #5147, #6160, #6102 ) ) ;
#5861 = DIRECTION ( 'NONE',  ( 1.000000000000000000, 0.000000000000000000, 0.000000000000000000 ) ) ;
#5862 = EDGE_LOOP ( 'NONE', ( #714, #299, #6134, #3904 ) ) ;
#5863 = LINE ( 'NONE', #3779, #1017 ) ;
#5864 = CARTESIAN_POINT ( 'NONE',  ( -28.50000000000000000, 41.89878066911801824, -26.00000000000000000 ) ) ;
#5865 = CARTESIAN_POINT ( 'NONE',  ( 28.50000000000000000, 52.50000000000000000, 1.299999999999999156 ) ) ;
#5866 = ORIENTED_EDGE ( 'NONE', *, *, #2977, .F. ) ;
#5867 = CARTESIAN_POINT ( 'NONE',  ( 12.65742041134413931, 54.71200966412936850, 56.02872864343601833 ) ) ;
#5868 = LINE ( 'NONE', #693, #385 ) ;
#5869 = CARTESIAN_POINT ( 'NONE',  ( 24.39999999999999503, 46.00000000000000000, -24.00000000000004263 ) ) ;
#5870 = EDGE_LOOP ( 'NONE', ( #6491, #797, #4700, #2048 ) ) ;
#5871 = PLANE ( 'NONE',  #3874 ) ;
#5872 = EDGE_CURVE ( 'NONE', #741, #1552, #6214, .T. ) ;
#5873 = CARTESIAN_POINT ( 'NONE',  ( -12.97281654192021527, 50.13254479446776912, 60.58923150549537695 ) ) ;
#5874 = EDGE_CURVE ( 'NONE', #5662, #1346, #3278, .T. ) ;
#5875 = CARTESIAN_POINT ( 'NONE',  ( 12.52562241161955292, 50.01617219483565435, 60.35470361733710831 ) ) ;
#5876 = LINE ( 'NONE', #1312, #784 ) ;
#5877 = CARTESIAN_POINT ( 'NONE',  ( 13.11365057943553225, 53.94139780392961825, 56.40323346527985393 ) ) ;
#5878 = FACE_OUTER_BOUND ( 'NONE', #679, .T. ) ;
#5879 = ADVANCED_FACE ( 'NONE', ( #2634 ), #5749, .T. ) ;
#5880 = EDGE_CURVE ( 'NONE', #664, #4005, #3102, .T. ) ;
#5881 = CARTESIAN_POINT ( 'NONE',  ( 12.68698410421148282, 51.36341485151814368, 59.80639146467723322 ) ) ;
#5882 = CIRCLE ( 'NONE', #3846, 1.400000000000000133 ) ;
#5883 = CARTESIAN_POINT ( 'NONE',  ( -31.47487373415285816, 46.00000000000000000, 33.02512626584717736 ) ) ;
#5884 = DIRECTION ( 'NONE',  ( 0.000000000000000000, 0.000000000000000000, 1.000000000000000000 ) ) ;
#5885 = EDGE_LOOP ( 'NONE', ( #2545, #4421, #591, #6013 ) ) ;
#5886 = EDGE_CURVE ( 'NONE', #6526, #3434, #3697, .T. ) ;
#5887 = DIRECTION ( 'NONE',  ( -0.000000000000000000, -1.000000000000000000, -0.000000000000000000 ) ) ;
#5888 = ORIENTED_EDGE ( 'NONE', *, *, #3423, .F. ) ;
#5889 = DIRECTION ( 'NONE',  ( 0.000000000000000000, 0.000000000000000000, -1.000000000000000000 ) ) ;
#5890 = AXIS2_PLACEMENT_3D ( 'NONE', #5680, #3636, #6295 ) ;
#5891 = DIRECTION ( 'NONE',  ( 0.000000000000000000, 0.000000000000000000, 1.000000000000000000 ) ) ;
#5892 = ORIENTED_EDGE ( 'NONE', *, *, #6210, .T. ) ;
#5893 = AXIS2_PLACEMENT_3D ( 'NONE', #5436, #1092, #1701 ) ;
#5894 = DIRECTION ( 'NONE',  ( 1.982541115402063335E-15, 0.000000000000000000, 1.000000000000000000 ) ) ;
#5895 = DIRECTION ( 'NONE',  ( -0.000000000000000000, 1.000000000000000000, -0.000000000000000000 ) ) ;
#5896 = LINE ( 'NONE', #2355, #4876 ) ;
#5897 = DIRECTION ( 'NONE',  ( 0.000000000000000000, -1.000000000000000000, 0.000000000000000000 ) ) ;
#5898 = EDGE_LOOP ( 'NONE', ( #1622, #2644, #6074, #6311 ) ) ;
#5899 = FACE_OUTER_BOUND ( 'NONE', #5017, .T. ) ;
#5900 = AXIS2_PLACEMENT_3D ( 'NONE', #1625, #615, #1723 ) ;
#5901 = VECTOR ( 'NONE', #4860, 1000.000000000000000 ) ;
#5902 = CARTESIAN_POINT ( 'NONE',  ( 12.43062650674725766, 52.50000000000002132, 57.97522497504746042 ) ) ;
#5903 = EDGE_CURVE ( 'NONE', #1278, #561, #4200, .T. ) ;
#5904 = CARTESIAN_POINT ( 'NONE',  ( 16.61365057943552870, 46.00000000000000000, 52.83609688887024447 ) ) ;
#5905 = VECTOR ( 'NONE', #6459, 1000.000000000000000 ) ;
#5906 = VECTOR ( 'NONE', #6021, 1000.000000000000000 ) ;
#5907 = DIRECTION ( 'NONE',  ( 0.000000000000000000, 0.000000000000000000, 1.000000000000000000 ) ) ;
#5908 = DIRECTION ( 'NONE',  ( 0.000000000000000000, 1.000000000000000000, -0.000000000000000000 ) ) ;
#5909 = ORIENTED_EDGE ( 'NONE', *, *, #4786, .T. ) ;
#5910 = ADVANCED_FACE ( 'NONE', ( #553 ), #3208, .T. ) ;
#5911 = CIRCLE ( 'NONE', #3981, 6.499999999999999112 ) ;
#5912 = VECTOR ( 'NONE', #5143, 1000.000000000000000 ) ;
#5913 = ORIENTED_EDGE ( 'NONE', *, *, #3142, .F. ) ;
#5914 = FACE_OUTER_BOUND ( 'NONE', #1846, .T. ) ;
#5915 = CARTESIAN_POINT ( 'NONE',  ( 32.16666666666668561, 54.66666666666667140, -21.16666666666671048 ) ) ;
#5916 = CARTESIAN_POINT ( 'NONE',  ( 12.61365057943554646, 55.00000000000000000, 54.61251347380554222 ) ) ;
#5917 = LINE ( 'NONE', #5854, #4740 ) ;
#5918 = AXIS2_PLACEMENT_3D ( 'NONE', #514, #2058, #2658 ) ;
#5919 = CIRCLE ( 'NONE', #2598, 1.200000000000000622 ) ;
#5920 = EDGE_LOOP ( 'NONE', ( #6564, #2760, #4940, #5760 ) ) ;
#5921 = VECTOR ( 'NONE', #4416, 1000.000000000000114 ) ;
#5922 = CARTESIAN_POINT ( 'NONE',  ( 32.50000000000000711, 0.000000000000000000, 22.69999999999999929 ) ) ;
#5923 = EDGE_CURVE ( 'NONE', #159, #5937, #492, .T. ) ;
#5924 = CARTESIAN_POINT ( 'NONE',  ( -16.61365057943553225, 52.50000000000000000, 52.83609688887024447 ) ) ;
#5925 = ORIENTED_EDGE ( 'NONE', *, *, #3500, .F. ) ;
#5926 = CARTESIAN_POINT ( 'NONE',  ( -12.63369631915139735, 54.94294811208146001, 55.25383491724896601 ) ) ;
#5927 = CARTESIAN_POINT ( 'NONE',  ( -28.50000000000000000, 41.89878066911801824, -26.00000000000000000 ) ) ;
#5928 = VECTOR ( 'NONE', #1365, 1000.000000000000114 ) ;
#5929 = ADVANCED_FACE ( 'NONE', ( #52 ), #5104, .T. ) ;
#5930 = DIRECTION ( 'NONE',  ( -0.7071067811865573427, 0.000000000000000000, -0.7071067811865376918 ) ) ;
#5931 = ORIENTED_EDGE ( 'NONE', *, *, #5063, .F. ) ;
#5932 = VECTOR ( 'NONE', #1729, 1000.000000000000000 ) ;
#5933 = CARTESIAN_POINT ( 'NONE',  ( -31.99999999999995737, 55.00000000000000000, 0.000000000000000000 ) ) ;
#5934 = CARTESIAN_POINT ( 'NONE',  ( 12.61365057943555001, 55.00000000000000000, 54.61251347380554932 ) ) ;
#5935 = DIRECTION ( 'NONE',  ( 0.4999999999999978906, 0.7071067811865487940, 0.5000000000000003331 ) ) ;
#5936 = CARTESIAN_POINT ( 'NONE',  ( -12.53930118988910003, 49.99503555919600473, 60.35373878239333578 ) ) ;
#5937 = VERTEX_POINT ( 'NONE', #1150 ) ;
#5938 = AXIS2_PLACEMENT_3D ( 'NONE', #3700, #657, #2692 ) ;
#5939 = CARTESIAN_POINT ( 'NONE',  ( -12.67717012287605449, 54.34829743791780032, 56.68724853242608219 ) ) ;
#5940 = EDGE_LOOP ( 'NONE', ( #2973, #5159, #48, #2325 ) ) ;
#5941 = DIRECTION ( 'NONE',  ( 0.000000000000000000, 0.000000000000000000, 1.000000000000000000 ) ) ;
#5942 = VECTOR ( 'NONE', #4261, 1000.000000000000000 ) ;
#5943 = CARTESIAN_POINT ( 'NONE',  ( 28.50000000000000000, 36.62916759300433256, 1.299999999999999156 ) ) ;
#5944 = DIRECTION ( 'NONE',  ( 0.7071067811865489050, 0.000000000000000000, 0.7071067811865461294 ) ) ;
#5945 = VECTOR ( 'NONE', #1988, 1000.000000000000000 ) ;
#5946 = CARTESIAN_POINT ( 'NONE',  ( 12.61365057943555179, 52.50000000000000000, 5.138183074751140063E-15 ) ) ;
#5947 = FACE_OUTER_BOUND ( 'NONE', #6522, .T. ) ;
#5948 = CARTESIAN_POINT ( 'NONE',  ( 12.65735739502269297, 54.71337825077402073, 56.02662805153975256 ) ) ;
#5949 = CARTESIAN_POINT ( 'NONE',  ( 32.50000000000002132, 0.000000000000000000, -14.00000000000004796 ) ) ;
#5950 = ORIENTED_EDGE ( 'NONE', *, *, #4254, .F. ) ;
#5951 = ORIENTED_EDGE ( 'NONE', *, *, #5757, .F. ) ;
#5952 = DIRECTION ( 'NONE',  ( -1.000000000000000000, 0.000000000000000000, 5.782411586589359611E-16 ) ) ;
#5953 = LINE ( 'NONE', #3439, #1680 ) ;
#5954 = ORIENTED_EDGE ( 'NONE', *, *, #1587, .F. ) ;
#5955 = EDGE_CURVE ( 'NONE', #5221, #2623, #3175, .T. ) ;
#5956 = LINE ( 'NONE', #5527, #4344 ) ;
#5957 = ORIENTED_EDGE ( 'NONE', *, *, #4384, .F. ) ;
#5958 = LINE ( 'NONE', #5450, #5605 ) ;
#5959 = EDGE_CURVE ( 'NONE', #5189, #2519, #5200, .T. ) ;
#5960 = DIRECTION ( 'NONE',  ( 0.000000000000000000, 1.000000000000000000, -0.000000000000000000 ) ) ;
#5961 = VERTEX_POINT ( 'NONE', #153 ) ;
#5962 = DIRECTION ( 'NONE',  ( 0.000000000000000000, 0.000000000000000000, -1.000000000000000000 ) ) ;
#5963 = DIRECTION ( 'NONE',  ( 3.066586833366751727E-16, 0.000000000000000000, -1.000000000000000000 ) ) ;
#5964 = CARTESIAN_POINT ( 'NONE',  ( -7.329999999999992077, 54.80000000000000426, 12.50000000000000355 ) ) ;
#5965 = DIRECTION ( 'NONE',  ( 0.4999999999999978906, -0.7071067811865487940, -0.5000000000000003331 ) ) ;
#5966 = EDGE_CURVE ( 'NONE', #6174, #180, #2203, .T. ) ;
#5967 = ORIENTED_EDGE ( 'NONE', *, *, #1027, .F. ) ;
#5968 = EDGE_CURVE ( 'NONE', #3611, #5189, #5608, .T. ) ;
#5969 = PLANE ( 'NONE',  #5067 ) ;
#5970 = PLANE ( 'NONE',  #353 ) ;
#5971 = DIRECTION ( 'NONE',  ( -2.505015849785999180E-16, 0.000000000000000000, -1.000000000000000000 ) ) ;
#5972 =( NAMED_UNIT ( * ) SI_UNIT ( $, .STERADIAN. ) SOLID_ANGLE_UNIT ( ) );
#5973 = LINE ( 'NONE', #4081, #6217 ) ;
#5974 = EDGE_CURVE ( 'NONE', #1346, #3440, #2786, .T. ) ;
#5975 = DIRECTION ( 'NONE',  ( -0.000000000000000000, 1.000000000000000000, -0.000000000000000000 ) ) ;
#5976 = ORIENTED_EDGE ( 'NONE', *, *, #727, .T. ) ;
#5977 = CARTESIAN_POINT ( 'NONE',  ( 13.11365057943552870, 46.00000000000000000, 59.90344406650599751 ) ) ;
#5978 = DIRECTION ( 'NONE',  ( 0.7071067811865466846, 0.000000000000000000, -0.7071067811865484609 ) ) ;
#5979 = CARTESIAN_POINT ( 'NONE',  ( -5.977683897477899855, 45.99999999999999289, 35.89489910455257871 ) ) ;
#5980 = ORIENTED_EDGE ( 'NONE', *, *, #5235, .T. ) ;
#5981 = ORIENTED_EDGE ( 'NONE', *, *, #289, .T. ) ;
#5982 = ORIENTED_EDGE ( 'NONE', *, *, #577, .T. ) ;
#5983 = ADVANCED_FACE ( 'NONE', ( #2854 ), #6290, .F. ) ;
#5984 = DIRECTION ( 'NONE',  ( 0.000000000000000000, 1.000000000000000000, -0.000000000000000000 ) ) ;
#5985 = DIRECTION ( 'NONE',  ( 0.000000000000000000, -1.000000000000000000, 0.000000000000000000 ) ) ;
#5986 = VERTEX_POINT ( 'NONE', #4829 ) ;
#5987 = CARTESIAN_POINT ( 'NONE',  ( -26.43000000000001393, 52.50000000000000000, -21.54000000000004178 ) ) ;
#5988 = ORIENTED_EDGE ( 'NONE', *, *, #6421, .F. ) ;
#5989 = DIRECTION ( 'NONE',  ( -0.000000000000000000, -1.000000000000000000, -0.000000000000000000 ) ) ;
#5990 = CARTESIAN_POINT ( 'NONE',  ( -1.419999999999998153, 54.80000000000000426, 20.34314575050762031 ) ) ;
#5991 = ORIENTED_EDGE ( 'NONE', *, *, #4216, .T. ) ;
#5992 = FACE_OUTER_BOUND ( 'NONE', #622, .T. ) ;
#5993 = CARTESIAN_POINT ( 'NONE',  ( -12.61365057943553047, 50.33747290205585045, 59.88104043566602996 ) ) ;
#5994 = DIRECTION ( 'NONE',  ( -5.575660896369544968E-16, 0.000000000000000000, -1.000000000000000000 ) ) ;
#5995 = VECTOR ( 'NONE', #1378, 999.9999999999998863 ) ;
#5996 = LINE ( 'NONE', #2954, #5176 ) ;
#5997 = VERTEX_POINT ( 'NONE', #2298 ) ;
#5998 = EDGE_LOOP ( 'NONE', ( #5109, #2248, #5516, #2981, #4726, #4304, #4642, #235, #3171, #1322, #4273, #548, #5478, #5314, #3494, #3691, #3597, #4448 ) ) ;
#5999 = VECTOR ( 'NONE', #5689, 1000.000000000000000 ) ;
#6000 = EDGE_CURVE ( 'NONE', #4318, #5774, #2328, .T. ) ;
#6001 = CARTESIAN_POINT ( 'NONE',  ( -13.11365057943553225, 54.46022769116887474, 55.11461605930912810 ) ) ;
#6002 = CARTESIAN_POINT ( 'NONE',  ( -31.99999999999995737, 55.00000000000000000, 30.55025253169425525 ) ) ;
#6003 = EDGE_CURVE ( 'NONE', #4748, #851, #3590, .T. ) ;
#6004 = DIRECTION ( 'NONE',  ( 0.7071067811865475727, 0.7071067811865475727, -4.088782444488996716E-16 ) ) ;
#6005 = ORIENTED_EDGE ( 'NONE', *, *, #1733, .T. ) ;
#6006 = VECTOR ( 'NONE', #303, 1000.000000000000114 ) ;
#6007 = ORIENTED_EDGE ( 'NONE', *, *, #4706, .T. ) ;
#6008 = DIRECTION ( 'NONE',  ( 0.000000000000000000, -1.000000000000000000, 0.000000000000000000 ) ) ;
#6009 = EDGE_CURVE ( 'NONE', #232, #5662, #5840, .T. ) ;
#6010 = VECTOR ( 'NONE', #5823, 999.9999999999998863 ) ;
#6011 = CARTESIAN_POINT ( 'NONE',  ( -27.83000000000001606, 55.00000000000000000, -22.94000000000004036 ) ) ;
#6012 = VECTOR ( 'NONE', #812, 1000.000000000000000 ) ;
#6013 = ORIENTED_EDGE ( 'NONE', *, *, #4166, .T. ) ;
#6014 = DIRECTION ( 'NONE',  ( 0.000000000000000000, 0.000000000000000000, -1.000000000000000000 ) ) ;
#6015 = CARTESIAN_POINT ( 'NONE',  ( -28.32225818297279929, 48.20000000000000284, 36.17774181702722558 ) ) ;
#6016 = EDGE_LOOP ( 'NONE', ( #2396, #4507, #4543, #1152, #4314, #1145, #5739 ) ) ;
#6017 = AXIS2_PLACEMENT_3D ( 'NONE', #2664, #6625, #5609 ) ;
#6018 = ORIENTED_EDGE ( 'NONE', *, *, #3275, .T. ) ;
#6019 = ORIENTED_EDGE ( 'NONE', *, *, #2436, .T. ) ;
#6020 = VERTEX_POINT ( 'NONE', #3790 ) ;
#6021 = DIRECTION ( 'NONE',  ( 0.000000000000000000, -1.000000000000000000, 0.000000000000000000 ) ) ;
#6022 = AXIS2_PLACEMENT_3D ( 'NONE', #4288, #6285, #5261 ) ;
#6023 = ORIENTED_EDGE ( 'NONE', *, *, #3164, .F. ) ;
#6024 = CIRCLE ( 'NONE', #5278, 1.200000000000000400 ) ;
#6025 = CARTESIAN_POINT ( 'NONE',  ( -13.78522345468935839, 55.00000000000000000, 50.00766976412405285 ) ) ;
#6026 = ORIENTED_EDGE ( 'NONE', *, *, #5974, .F. ) ;
#6027 = CARTESIAN_POINT ( 'NONE',  ( -12.61761216416459241, 54.99829629276981535, 54.73819655214339974 ) ) ;
#6028 = DIRECTION ( 'NONE',  ( 1.000000000000000000, -0.000000000000000000, 0.000000000000000000 ) ) ;
#6029 = ADVANCED_FACE ( 'NONE', ( #184 ), #4797, .F. ) ;
#6030 = CIRCLE ( 'NONE', #6360, 4.749999999999986677 ) ;
#6031 = LINE ( 'NONE', #955, #3861 ) ;
#6032 = ORIENTED_EDGE ( 'NONE', *, *, #5761, .T. ) ;
#6033 = CARTESIAN_POINT ( 'NONE',  ( 6.423145750507623042, 54.80000000000000426, 12.50000000000000178 ) ) ;
#6034 = CARTESIAN_POINT ( 'NONE',  ( -30.50000000000000000, 46.00000000000000000, -22.50000000000003908 ) ) ;
#6035 = AXIS2_PLACEMENT_3D ( 'NONE', #1974, #3961, #861 ) ;
#6036 = DIRECTION ( 'NONE',  ( 0.000000000000000000, -0.7071067811865474617, 0.7071067811865474617 ) ) ;
#6037 = EDGE_CURVE ( 'NONE', #396, #155, #1275, .T. ) ;
#6038 = CARTESIAN_POINT ( 'NONE',  ( 32.25000000000000000, 54.74999999999998579, -21.25000000000003197 ) ) ;
#6039 = ORIENTED_EDGE ( 'NONE', *, *, #320, .T. ) ;
#6040 = ORIENTED_EDGE ( 'NONE', *, *, #4848, .T. ) ;
#6041 = CIRCLE ( 'NONE', #2511, 1.500000000000001332 ) ;
#6042 = ADVANCED_FACE ( 'NONE', ( #3754 ), #1245, .F. ) ;
#6043 = CARTESIAN_POINT ( 'NONE',  ( -13.11365057943553580, 54.42332375837275293, 55.31116794395192926 ) ) ;
#6044 = CARTESIAN_POINT ( 'NONE',  ( -13.11365057943553047, 53.62132034355964549, 56.78756650747477153 ) ) ;
#6045 = FACE_OUTER_BOUND ( 'NONE', #5870, .T. ) ;
#6046 = EDGE_CURVE ( 'NONE', #8, #4760, #3269, .T. ) ;
#6047 = AXIS2_PLACEMENT_3D ( 'NONE', #949, #3407, #2376 ) ;
#6048 = ORIENTED_EDGE ( 'NONE', *, *, #5712, .T. ) ;
#6049 = ADVANCED_FACE ( 'NONE', ( #5332, #1826, #209, #6378 ), #823, .F. ) ;
#6050 = VECTOR ( 'NONE', #4769, 1000.000000000000000 ) ;
#6051 = CARTESIAN_POINT ( 'NONE',  ( -28.99999999999994671, 55.00000000000000000, 30.55025253169425525 ) ) ;
#6052 = ORIENTED_EDGE ( 'NONE', *, *, #4777, .F. ) ;
#6053 = DIRECTION ( 'NONE',  ( -0.7071067811865457964, 0.000000000000000000, -0.7071067811865492381 ) ) ;
#6054 = CARTESIAN_POINT ( 'NONE',  ( 32.49999999999999289, 46.00000000000000000, -3.268319592420070779E-14 ) ) ;
#6055 = ORIENTED_EDGE ( 'NONE', *, *, #40, .F. ) ;
#6056 = EDGE_CURVE ( 'NONE', #6514, #4250, #5868, .T. ) ;
#6057 = AXIS2_PLACEMENT_3D ( 'NONE', #4866, #4295, #1302 ) ;
#6058 = ORIENTED_EDGE ( 'NONE', *, *, #2214, .T. ) ;
#6059 = ORIENTED_EDGE ( 'NONE', *, *, #3335, .T. ) ;
#6060 = ORIENTED_EDGE ( 'NONE', *, *, #1801, .T. ) ;
#6061 = PLANE ( 'NONE',  #1133 ) ;
#6062 = CARTESIAN_POINT ( 'NONE',  ( 32.00000000000000711, 55.00000000000000000, -3.218037752536686347E-14 ) ) ;
#6063 = ORIENTED_EDGE ( 'NONE', *, *, #2971, .T. ) ;
#6064 = DIRECTION ( 'NONE',  ( 0.000000000000000000, 1.000000000000000000, -0.000000000000000000 ) ) ;
#6065 = CARTESIAN_POINT ( 'NONE',  ( -7.329999999999992077, 54.80000000000000426, 12.50000000000000355 ) ) ;
#6066 = EDGE_CURVE ( 'NONE', #6192, #2961, #286, .T. ) ;
#6067 = DIRECTION ( 'NONE',  ( -0.000000000000000000, 1.000000000000000000, -0.000000000000000000 ) ) ;
#6068 = ORIENTED_EDGE ( 'NONE', *, *, #5195, .F. ) ;
#6069 = CARTESIAN_POINT ( 'NONE',  ( 0.000000000000000000, 49.00000000000000000, 0.000000000000000000 ) ) ;
#6070 = B_SPLINE_CURVE_WITH_KNOTS ( 'NONE', 3,
 ( #2533, #2035, #3138, #597, #633, #2635, #4679 ),
 .UNSPECIFIED., .F., .F.,
 ( 4, 3, 4 ),
 ( 0.000000000000000000, 0.001309844472261846278, 0.003693543378535416206 ),
 .UNSPECIFIED. ) ;
#6071 = FACE_OUTER_BOUND ( 'NONE', #2827, .T. ) ;
#6072 = CARTESIAN_POINT ( 'NONE',  ( -12.42955414101179201, 49.91662511868482710, 60.61500423042673447 ) ) ;
#6073 = VERTEX_POINT ( 'NONE', #1765 ) ;
#6074 = ORIENTED_EDGE ( 'NONE', *, *, #2349, .T. ) ;
#6075 = CARTESIAN_POINT ( 'NONE',  ( -13.11365057943552870, 54.29179063615855227, 55.74010904472327610 ) ) ;
#6076 = LINE ( 'NONE', #5714, #343 ) ;
#6077 = CARTESIAN_POINT ( 'NONE',  ( -28.50000000000000000, 54.50000000000000000, 26.00000000000000000 ) ) ;
#6078 = ORIENTED_EDGE ( 'NONE', *, *, #2006, .F. ) ;
#6079 = DIRECTION ( 'NONE',  ( -0.000000000000000000, 1.000000000000000000, -0.000000000000000000 ) ) ;
#6080 = EDGE_CURVE ( 'NONE', #6532, #5202, #2247, .T. ) ;
#6081 = VERTEX_POINT ( 'NONE', #789 ) ;
#6082 = CARTESIAN_POINT ( 'NONE',  ( -27.83000000000001251, 52.50000000000000000, -13.94000000000003148 ) ) ;
#6083 = CARTESIAN_POINT ( 'NONE',  ( -28.50000000000000000, 46.00000000000000000, 4.549999999999998934 ) ) ;
#6084 = ORIENTED_EDGE ( 'NONE', *, *, #4040, .T. ) ;
#6085 = VERTEX_POINT ( 'NONE', #282 ) ;
#6086 = ORIENTED_EDGE ( 'NONE', *, *, #5503, .F. ) ;
#6087 = DIRECTION ( 'NONE',  ( -0.000000000000000000, -1.000000000000000000, -0.000000000000000000 ) ) ;
#6088 = ORIENTED_EDGE ( 'NONE', *, *, #618, .T. ) ;
#6089 = CARTESIAN_POINT ( 'NONE',  ( 22.85000000000002274, 52.50000000000000000, 22.85000000000002274 ) ) ;
#6090 = ORIENTED_EDGE ( 'NONE', *, *, #4109, .T. ) ;
#6091 = EDGE_CURVE ( 'NONE', #2590, #5350, #6408, .T. ) ;
#6092 = CARTESIAN_POINT ( 'NONE',  ( -12.68025450526500997, 54.28043725952792897, 56.79081602586745703 ) ) ;
#6093 = DIRECTION ( 'NONE',  ( 0.000000000000000000, 1.000000000000000000, 0.000000000000000000 ) ) ;
#6094 = CARTESIAN_POINT ( 'NONE',  ( -23.59999999999999787, 54.50000000000000711, -22.50000000000003908 ) ) ;
#6095 = ORIENTED_EDGE ( 'NONE', *, *, #2404, .F. ) ;
#6096 = EDGE_CURVE ( 'NONE', #2315, #4274, #5896, .T. ) ;
#6097 = LINE ( 'NONE', #476, #3141 ) ;
#6098 = ORIENTED_EDGE ( 'NONE', *, *, #5838, .T. ) ;
#6099 = LINE ( 'NONE', #2523, #5727 ) ;
#6100 = CARTESIAN_POINT ( 'NONE',  ( -7.329999999999992077, 54.80000000000000426, 12.50000000000000355 ) ) ;
#6101 = FACE_OUTER_BOUND ( 'NONE', #1728, .T. ) ;
#6102 = ORIENTED_EDGE ( 'NONE', *, *, #3464, .F. ) ;
#6103 = ORIENTED_EDGE ( 'NONE', *, *, #3678, .T. ) ;
#6104 = VECTOR ( 'NONE', #1345, 1000.000000000000114 ) ;
#6105 = CARTESIAN_POINT ( 'NONE',  ( -12.63361950360770791, 54.94384169400068885, 55.25131985014028402 ) ) ;
#6106 = LINE ( 'NONE', #4703, #1848 ) ;
#6107 = CARTESIAN_POINT ( 'NONE',  ( 16.61365057943552870, 52.50000000000000000, 52.83609688887024447 ) ) ;
#6108 = DIRECTION ( 'NONE',  ( -0.000000000000000000, 1.000000000000000000, -0.000000000000000000 ) ) ;
#6109 = ORIENTED_EDGE ( 'NONE', *, *, #1609, .F. ) ;
#6110 = ADVANCED_FACE ( 'NONE', ( #5777 ), #3234, .F. ) ;
#6111 = AXIS2_PLACEMENT_3D ( 'NONE', #6318, #2206, #1713 ) ;
#6112 = CARTESIAN_POINT ( 'NONE',  ( -13.25291476537765156, 46.00000000000000000, 24.21966823665285773 ) ) ;
#6113 = ORIENTED_EDGE ( 'NONE', *, *, #5263, .F. ) ;
#6114 = PLANE ( 'NONE',  #5056 ) ;
#6115 = CIRCLE ( 'NONE', #236, 2.499999999999988454 ) ;
#6116 = DIRECTION ( 'NONE',  ( -2.036754959396165491E-16, 0.000000000000000000, -1.000000000000000000 ) ) ;
#6117 = EDGE_CURVE ( 'NONE', #310, #6416, #4424, .T. ) ;
#6118 = ORIENTED_EDGE ( 'NONE', *, *, #6046, .T. ) ;
#6119 = CARTESIAN_POINT ( 'NONE',  ( -28.50000000000000000, 36.62916759300433256, -1.950000000000001066 ) ) ;
#6120 = AXIS2_PLACEMENT_3D ( 'NONE', #281, #2152, #4658 ) ;
#6121 = AXIS2_PLACEMENT_3D ( 'NONE', #3717, #5768, #5197 ) ;
#6122 = CARTESIAN_POINT ( 'NONE',  ( 2.580000000000002736, 55.00000000000000000, 22.00000000000000000 ) ) ;
#6123 = VERTEX_POINT ( 'NONE', #3021 ) ;
#6124 = CARTESIAN_POINT ( 'NONE',  ( 13.78522345468934773, 52.50000000000000000, 50.00766976412404574 ) ) ;
#6125 = EDGE_LOOP ( 'NONE', ( #3507, #6609 ) ) ;
#6126 = DIRECTION ( 'NONE',  ( -0.7071067811865475727, 0.000000000000000000, -0.7071067811865475727 ) ) ;
#6127 = CIRCLE ( 'NONE', #3248, 1.500000000000001332 ) ;
#6128 = CARTESIAN_POINT ( 'NONE',  ( -28.50000000000000000, 54.50000000000000000, 26.00000000000000000 ) ) ;
#6129 = ORIENTED_EDGE ( 'NONE', *, *, #607, .F. ) ;
#6130 = AXIS2_PLACEMENT_3D ( 'NONE', #3872, #2775, #2746 ) ;
#6131 = DIRECTION ( 'NONE',  ( 0.000000000000000000, -0.000000000000000000, 1.000000000000000000 ) ) ;
#6132 = EDGE_CURVE ( 'NONE', #6519, #2907, #443, .T. ) ;
#6133 = EDGE_CURVE ( 'NONE', #523, #3843, #4918, .T. ) ;
#6134 = ORIENTED_EDGE ( 'NONE', *, *, #62, .T. ) ;
#6135 = VECTOR ( 'NONE', #2362, 1000.000000000000114 ) ;
#6136 = VECTOR ( 'NONE', #1306, 1000.000000000000000 ) ;
#6137 = LINE ( 'NONE', #1524, #4734 ) ;
#6138 = ORIENTED_EDGE ( 'NONE', *, *, #2944, .F. ) ;
#6139 = CARTESIAN_POINT ( 'NONE',  ( -28.53000000000001890, 54.00000000000000000, -21.54000000000003823 ) ) ;
#6140 = LINE ( 'NONE', #4630, #5308 ) ;
#6141 = CARTESIAN_POINT ( 'NONE',  ( 28.50000000000000000, 54.50000000000000000, 27.19999999999999929 ) ) ;
#6142 = ORIENTED_EDGE ( 'NONE', *, *, #1086, .F. ) ;
#6143 = AXIS2_PLACEMENT_3D ( 'NONE', #1269, #3319, #1237 ) ;
#6144 = EDGE_CURVE ( 'NONE', #5082, #2125, #6486, .T. ) ;
#6145 = VERTEX_POINT ( 'NONE', #480 ) ;
#6146 = VECTOR ( 'NONE', #6028, 1000.000000000000000 ) ;
#6147 = CARTESIAN_POINT ( 'NONE',  ( -23.60000000000000142, 47.00000000000000000, -30.00000000000004263 ) ) ;
#6148 = CARTESIAN_POINT ( 'NONE',  ( 25.50000000000002487, 47.00000000000000000, -22.50000000000003908 ) ) ;
#6149 = DIRECTION ( 'NONE',  ( -0.000000000000000000, 1.000000000000000000, -0.000000000000000000 ) ) ;
#6150 = CARTESIAN_POINT ( 'NONE',  ( -23.60000000000000142, 54.50000000000000000, -29.50000000000004263 ) ) ;
#6151 = ORIENTED_EDGE ( 'NONE', *, *, #730, .F. ) ;
#6152 = CIRCLE ( 'NONE', #55, 3.500000000000003109 ) ;
#6153 = LINE ( 'NONE', #1079, #558 ) ;
#6154 = CARTESIAN_POINT ( 'NONE',  ( 32.49999999999999289, 46.00000000000000000, -3.268319592420070779E-14 ) ) ;
#6155 = VERTEX_POINT ( 'NONE', #4383 ) ;
#6156 = LINE ( 'NONE', #639, #1862 ) ;
#6157 = CIRCLE ( 'NONE', #6047, 59.29289321881344677 ) ;
#6158 = CARTESIAN_POINT ( 'NONE',  ( 27.50000000000004619, 52.00000000000000000, -18.50000000000003553 ) ) ;
#6159 = ORIENTED_EDGE ( 'NONE', *, *, #4900, .F. ) ;
#6160 = ORIENTED_EDGE ( 'NONE', *, *, #2142, .T. ) ;
#6161 = VECTOR ( 'NONE', #6252, 1000.000000000000114 ) ;
#6162 = CARTESIAN_POINT ( 'NONE',  ( 13.11365057943552870, 55.00000000000000000, 59.90344406650599751 ) ) ;
#6163 = ORIENTED_EDGE ( 'NONE', *, *, #946, .F. ) ;
#6164 = CARTESIAN_POINT ( 'NONE',  ( 12.81142393780018374, 50.00349932962127042, 60.98754664784161150 ) ) ;
#6165 = DIRECTION ( 'NONE',  ( -0.7071067811865474617, 0.000000000000000000, 0.7071067811865474617 ) ) ;
#6166 = CARTESIAN_POINT ( 'NONE',  ( -25.10000000000000142, -6.657478101405524207, -23.00000000000004263 ) ) ;
#6167 = AXIS2_PLACEMENT_3D ( 'NONE', #5964, #5994, #6437 ) ;
#6168 = CARTESIAN_POINT ( 'NONE',  ( 28.50000000000000000, 54.50000000000000000, -26.00000000000000000 ) ) ;
#6169 = ADVANCED_FACE ( 'NONE', ( #6071 ), #1895, .F. ) ;
#6170 = ADVANCED_FACE ( 'NONE', ( #3884 ), #3915, .T. ) ;
#6171 = EDGE_LOOP ( 'NONE', ( #878, #4079, #961, #5157 ) ) ;
#6172 = EDGE_CURVE ( 'NONE', #304, #2116, #5427, .T. ) ;
#6173 = LINE ( 'NONE', #678, #2378 ) ;
#6174 = VERTEX_POINT ( 'NONE', #849 ) ;
#6175 = FACE_OUTER_BOUND ( 'NONE', #1754, .T. ) ;
#6176 = PLANE ( 'NONE',  #3282 ) ;
#6177 = DIRECTION ( 'NONE',  ( 0.000000000000000000, 1.000000000000000000, 0.000000000000000000 ) ) ;
#6178 = ORIENTED_EDGE ( 'NONE', *, *, #5757, .T. ) ;
#6179 = VERTEX_POINT ( 'NONE', #2882 ) ;
#6180 = DIRECTION ( 'NONE',  ( 0.000000000000000000, 1.000000000000000000, 0.000000000000000000 ) ) ;
#6181 = EDGE_CURVE ( 'NONE', #6334, #1628, #3183, .T. ) ;
#6182 = FACE_OUTER_BOUND ( 'NONE', #2023, .T. ) ;
#6183 = CARTESIAN_POINT ( 'NONE',  ( 28.99999999999996803, 55.00000000000000000, -26.50000000000004263 ) ) ;
#6184 = CARTESIAN_POINT ( 'NONE',  ( 26.50000000000002487, 46.00000000000000000, -21.00000000000003908 ) ) ;
#6185 = VERTEX_POINT ( 'NONE', #3492 ) ;
#6186 = CARTESIAN_POINT ( 'NONE',  ( 32.24999999999993605, 46.00000000000000000, 32.25000000000009948 ) ) ;
#6187 = LINE ( 'NONE', #2669, #3239 ) ;
#6188 = EDGE_CURVE ( 'NONE', #885, #664, #374, .T. ) ;
#6189 = ORIENTED_EDGE ( 'NONE', *, *, #2099, .F. ) ;
#6190 = CARTESIAN_POINT ( 'NONE',  ( 25.50000000000000355, 52.50000000000000000, -13.50000000000004441 ) ) ;
#6191 = CARTESIAN_POINT ( 'NONE',  ( -28.99999999999999645, 46.00000000000000000, -24.00000000000004263 ) ) ;
#6192 = VERTEX_POINT ( 'NONE', #2384 ) ;
#6193 = CARTESIAN_POINT ( 'NONE',  ( 32.49999999999997158, 46.00000000000000000, -21.50000000000000000 ) ) ;
#6194 = CARTESIAN_POINT ( 'NONE',  ( 0.000000000000000000, 46.00000000000000000, -30.00000000000004263 ) ) ;
#6195 = VERTEX_POINT ( 'NONE', #3389 ) ;
#6196 = ADVANCED_FACE ( 'NONE', ( #2953 ), #5497, .F. ) ;
#6197 = DIRECTION ( 'NONE',  ( 0.000000000000000000, -1.000000000000000000, 0.000000000000000000 ) ) ;
#6198 = DIRECTION ( 'NONE',  ( 0.000000000000000000, -1.000000000000000000, 0.000000000000000000 ) ) ;
#6199 = LINE ( 'NONE', #4691, #674 ) ;
#6200 = LINE ( 'NONE', #3582, #2850 ) ;
#6201 = ADVANCED_FACE ( 'NONE', ( #413 ), #4490, .T. ) ;
#6202 = ORIENTED_EDGE ( 'NONE', *, *, #5392, .T. ) ;
#6203 = DIRECTION ( 'NONE',  ( 0.000000000000000000, 0.000000000000000000, -1.000000000000000000 ) ) ;
#6204 = ORIENTED_EDGE ( 'NONE', *, *, #4084, .T. ) ;
#6205 = DIRECTION ( 'NONE',  ( 2.102802400022910624E-15, 0.7071067811865477948, 0.7071067811865473507 ) ) ;
#6206 = ORIENTED_EDGE ( 'NONE', *, *, #5526, .F. ) ;
#6207 = FACE_OUTER_BOUND ( 'NONE', #670, .T. ) ;
#6208 = DIRECTION ( 'NONE',  ( -0.7071067811865378028, 0.7071067811865573427, -0.000000000000000000 ) ) ;
#6209 = EDGE_LOOP ( 'NONE', ( #5334, #909 ) ) ;
#6210 = EDGE_CURVE ( 'NONE', #4113, #446, #1428, .T. ) ;
#6211 = ORIENTED_EDGE ( 'NONE', *, *, #6466, .T. ) ;
#6212 = CARTESIAN_POINT ( 'NONE',  ( -28.53000000000001890, 55.00000000000000000, -12.69000000000003325 ) ) ;
#6213 = DIRECTION ( 'NONE',  ( 0.7071067811865441310, 0.000000000000000000, -0.7071067811865510144 ) ) ;
#6214 = LINE ( 'NONE', #4704, #6161 ) ;
#6215 = DIRECTION ( 'NONE',  ( -0.000000000000000000, 1.000000000000000000, -0.000000000000000000 ) ) ;
#6216 = ORIENTED_EDGE ( 'NONE', *, *, #5622, .F. ) ;
#6217 = VECTOR ( 'NONE', #3833, 1000.000000000000000 ) ;
#6218 = ADVANCED_FACE ( 'NONE', ( #959 ), #1470, .F. ) ;
#6219 = LINE ( 'NONE', #1578, #5461 ) ;
#6220 = CARTESIAN_POINT ( 'NONE',  ( 25.50000000000000355, 47.00000000000000000, -13.50000000000004441 ) ) ;
#6221 = ORIENTED_EDGE ( 'NONE', *, *, #6117, .T. ) ;
#6222 = LINE ( 'NONE', #4144, #3153 ) ;
#6223 = CARTESIAN_POINT ( 'NONE',  ( -8.079999999999996518, 54.80000000000000426, 17.24999999999999289 ) ) ;
#6224 = CONICAL_SURFACE ( 'NONE', #5571, 5.999999999999998224, 0.7853981633974482790 ) ;
#6225 = VERTEX_POINT ( 'NONE', #6585 ) ;
#6226 = EDGE_CURVE ( 'NONE', #4291, #4322, #1995, .T. ) ;
#6227 = DIRECTION ( 'NONE',  ( -0.000000000000000000, -1.000000000000000000, 0.000000000000000000 ) ) ;
#6228 = CIRCLE ( 'NONE', #5698, 1.500000000000001332 ) ;
#6229 = DIRECTION ( 'NONE',  ( 1.000000000000000000, 0.000000000000000000, 0.000000000000000000 ) ) ;
#6230 = CARTESIAN_POINT ( 'NONE',  ( -28.50000000000000000, 46.00000000000000000, 24.80000000000000071 ) ) ;
#6231 = CARTESIAN_POINT ( 'NONE',  ( 25.00000000000002132, 54.50000000000000711, -21.00000000000003908 ) ) ;
#6232 = CARTESIAN_POINT ( 'NONE',  ( 0.000000000000000000, 0.000000000000000000, 0.000000000000000000 ) ) ;
#6233 = AXIS2_PLACEMENT_3D ( 'NONE', #5426, #5895, #1922 ) ;
#6234 = AXIS2_PLACEMENT_3D ( 'NONE', #5492, #3549, #2552 ) ;
#6235 = ORIENTED_EDGE ( 'NONE', *, *, #5872, .F. ) ;
#6236 = EDGE_LOOP ( 'NONE', ( #6032, #2143, #1740, #2428 ) ) ;
#6237 = FACE_OUTER_BOUND ( 'NONE', #107, .T. ) ;
#6238 = ORIENTED_EDGE ( 'NONE', *, *, #5603, .F. ) ;
#6239 = VECTOR ( 'NONE', #3740, 1000.000000000000114 ) ;
#6240 = CIRCLE ( 'NONE', #2182, 1.199999999999999734 ) ;
#6241 = DIRECTION ( 'NONE',  ( 1.000000000000000000, 0.000000000000000000, 0.000000000000000000 ) ) ;
#6242 = FACE_OUTER_BOUND ( 'NONE', #4270, .T. ) ;
#6243 = PLANE ( 'NONE',  #5284 ) ;
#6244 = VECTOR ( 'NONE', #830, 1000.000000000000000 ) ;
#6245 = ORIENTED_EDGE ( 'NONE', *, *, #6621, .F. ) ;
#6246 = CIRCLE ( 'NONE', #3680, 3.500000000000003109 ) ;
#6247 = EDGE_CURVE ( 'NONE', #1515, #2737, #5098, .T. ) ;
#6248 = ADVANCED_FACE ( 'NONE', ( #3624 ), #4698, .T. ) ;
#6249 = DIRECTION ( 'NONE',  ( 0.000000000000000000, 0.000000000000000000, 1.000000000000000000 ) ) ;
#6250 = CARTESIAN_POINT ( 'NONE',  ( 12.69031343570182813, 53.97487373415290790, 57.13270822687289296 ) ) ;
#6251 = CIRCLE ( 'NONE', #3351, 3.500000000000003109 ) ;
#6252 = DIRECTION ( 'NONE',  ( -0.5773502691896245098, 0.5773502691896283956, 0.5773502691896245098 ) ) ;
#6253 = AXIS2_PLACEMENT_3D ( 'NONE', #2562, #6213, #4677 ) ;
#6254 = DIRECTION ( 'NONE',  ( -4.088782444489010521E-16, 0.7071067811865451302, 0.7071067811865500152 ) ) ;
#6255 = ORIENTED_EDGE ( 'NONE', *, *, #3453, .T. ) ;
#6256 = EDGE_CURVE ( 'NONE', #155, #515, #1631, .T. ) ;
#6257 = AXIS2_PLACEMENT_3D ( 'NONE', #1905, #1874, #3399 ) ;
#6258 = CARTESIAN_POINT ( 'NONE',  ( 28.50000000000000000, 36.62916759300433256, 0.09999999999999874267 ) ) ;
#6259 = PLANE ( 'NONE',  #5690 ) ;
#6260 = ORIENTED_EDGE ( 'NONE', *, *, #3951, .T. ) ;
#6261 = CARTESIAN_POINT ( 'NONE',  ( -11.49785358754717457, 49.13186786321708865, 62.31637463363255591 ) ) ;
#6262 = EDGE_CURVE ( 'NONE', #180, #310, #2159, .T. ) ;
#6263 = CARTESIAN_POINT ( 'NONE',  ( 0.000000000000000000, 52.50000000000000000, 14.19999999999999751 ) ) ;
#6264 = VECTOR ( 'NONE', #1855, 1000.000000000000000 ) ;
#6265 = ORIENTED_EDGE ( 'NONE', *, *, #3256, .F. ) ;
#6266 = ADVANCED_FACE ( 'NONE', ( #1669 ), #4977, .T. ) ;
#6267 = B_SPLINE_CURVE_WITH_KNOTS ( 'NONE', 3,
 ( #947, #3406, #467, #6535, #1416, #2513, #2018, #3539, #5586, #3907, #1016, #1945, #3438, #4982, #535, #4075, #6272, #1588, #6164, #2184, #4185 ),
 .UNSPECIFIED., .F., .F.,
 ( 4, 1, 1, 2, 2, 1, 1, 2, 2, 1, 2, 2, 4 ),
 ( 0.000000000000000000, 0.1249999999999622247, 0.1874999999999446276, 0.2187499999999398537, 0.2499999999999351075, 0.3749999999999026890, 0.4374999999998926414, 0.4687499999998931965, 0.4999999999998937517, 0.6249999999999129585, 0.6874999999999257261, 0.7499999999999383826, 1.000000000000000000 ),
 .UNSPECIFIED. ) ;
#6268 = DIRECTION ( 'NONE',  ( -1.000000000000000000, 0.000000000000000000, -0.000000000000000000 ) ) ;
#6269 = LINE ( 'NONE', #1054, #4299 ) ;
#6270 = AXIS2_PLACEMENT_3D ( 'NONE', #5924, #5446, #3908 ) ;
#6271 = VERTEX_POINT ( 'NONE', #3169 ) ;
#6272 = CARTESIAN_POINT ( 'NONE',  ( 12.88789795022882956, 50.04853263672793418, 60.81529658097279167 ) ) ;
#6274 = EDGE_CURVE ( 'NONE', #1628, #2983, #3656, .T. ) ;
#6273 = DIRECTION ( 'NONE',  ( 0.000000000000000000, 0.000000000000000000, 1.000000000000000000 ) ) ;
#6275 = LINE ( 'NONE', #5694, #6239 ) ;
#6276 = EDGE_CURVE ( 'NONE', #4017, #4503, #4444, .T. ) ;
#6277 = CIRCLE ( 'NONE', #5302, 1.500000000000001332 ) ;
#6278 = VERTEX_POINT ( 'NONE', #2056 ) ;
#6279 = CARTESIAN_POINT ( 'NONE',  ( 24.89999999999997016, 55.00000000000000000, -30.00000000000004263 ) ) ;
#6280 = ORIENTED_EDGE ( 'NONE', *, *, #5641, .F. ) ;
#6281 = VECTOR ( 'NONE', #5771, 1000.000000000000000 ) ;
#6282 = DIRECTION ( 'NONE',  ( -0.7071067811865451302, -0.7071067811865500152, 0.000000000000000000 ) ) ;
#6283 = VERTEX_POINT ( 'NONE', #4193 ) ;
#6284 = FACE_OUTER_BOUND ( 'NONE', #3505, .T. ) ;
#6285 = DIRECTION ( 'NONE',  ( 0.000000000000000000, -1.000000000000000000, 0.000000000000000000 ) ) ;
#6286 = CIRCLE ( 'NONE', #501, 1.199999999999999734 ) ;
#6287 = VERTEX_POINT ( 'NONE', #1098 ) ;
#6288 = CARTESIAN_POINT ( 'NONE',  ( -28.50000000000000000, 52.50000000000000000, 1.299999999999999156 ) ) ;
#6289 = CARTESIAN_POINT ( 'NONE',  ( 13.11365057943553047, 54.48020936298458849, 55.01765037195006158 ) ) ;
#6290 = CYLINDRICAL_SURFACE ( 'NONE', #6482, 1.500000000000001332 ) ;
#6291 = DIRECTION ( 'NONE',  ( 0.000000000000000000, 0.000000000000000000, 1.000000000000000000 ) ) ;
#6292 = EDGE_LOOP ( 'NONE', ( #6499, #4029, #6019, #4412 ) ) ;
#6293 = DIRECTION ( 'NONE',  ( -0.7071067811865474617, 0.000000000000000000, -0.7071067811865474617 ) ) ;
#6294 = EDGE_CURVE ( 'NONE', #832, #2208, #6140, .T. ) ;
#6295 = DIRECTION ( 'NONE',  ( -0.7071067811865491270, 0.000000000000000000, 0.7071067811865459074 ) ) ;
#6296 = VERTEX_POINT ( 'NONE', #4595 ) ;
#6297 = DIRECTION ( 'NONE',  ( -0.5773502691896253980, 0.5773502691896259531, 0.5773502691896259531 ) ) ;
#6298 = DIRECTION ( 'NONE',  ( 0.000000000000000000, 1.000000000000000000, 0.000000000000000000 ) ) ;
#6299 = ORIENTED_EDGE ( 'NONE', *, *, #2614, .F. ) ;
#6300 = ORIENTED_EDGE ( 'NONE', *, *, #5329, .F. ) ;
#6301 = CARTESIAN_POINT ( 'NONE',  ( -32.24999999999993605, 46.00000000000000000, 32.25000000000009948 ) ) ;
#6302 = CARTESIAN_POINT ( 'NONE',  ( -20.93629150101522640, 46.00000000000000000, 20.93629150101530811 ) ) ;
#6303 = DIRECTION ( 'NONE',  ( 0.000000000000000000, 1.000000000000000000, 0.000000000000000000 ) ) ;
#6304 = CARTESIAN_POINT ( 'NONE',  ( -13.11365057943554291, 54.50000000000001421, 2.670929285345373881E-15 ) ) ;
#6305 = ORIENTED_EDGE ( 'NONE', *, *, #3426, .F. ) ;
#6306 = LINE ( 'NONE', #1727, #240 ) ;
#6307 = VERTEX_POINT ( 'NONE', #79 ) ;
#6308 = DIRECTION ( 'NONE',  ( 4.088782444488993757E-16, 0.7071067811865485719, 0.7071067811865465735 ) ) ;
#6309 = CARTESIAN_POINT ( 'NONE',  ( -4.257957622852184884E-15, 52.50000000000000000, -13.50000000000003553 ) ) ;
#6310 = FACE_OUTER_BOUND ( 'NONE', #511, .T. ) ;
#6311 = ORIENTED_EDGE ( 'NONE', *, *, #2137, .T. ) ;
#6312 = EDGE_CURVE ( 'NONE', #232, #2260, #4129, .T. ) ;
#6313 = LINE ( 'NONE', #4526, #5928 ) ;
#6314 = PLANE ( 'NONE',  #233 ) ;
#6315 = CARTESIAN_POINT ( 'NONE',  ( -23.59999999999999787, 0.000000000000000000, -24.00000000000004263 ) ) ;
#6316 = PLANE ( 'NONE',  #2819 ) ;
#6317 = VERTEX_POINT ( 'NONE', #3063 ) ;
#6318 = CARTESIAN_POINT ( 'NONE',  ( 28.50000000000000000, 52.50000000000000000, 1.299999999999999156 ) ) ;
#6319 = ORIENTED_EDGE ( 'NONE', *, *, #4076, .T. ) ;
#6320 = LINE ( 'NONE', #1743, #4744 ) ;
#6321 = CARTESIAN_POINT ( 'NONE',  ( -13.06079998925313745, 50.30992882324603954, 60.26260325223238112 ) ) ;
#6322 = EDGE_CURVE ( 'NONE', #6225, #1232, #3694, .T. ) ;
#6323 = ORIENTED_EDGE ( 'NONE', *, *, #406, .F. ) ;
#6324 = LINE ( 'NONE', #6301, #1755 ) ;
#6325 = DIRECTION ( 'NONE',  ( 0.000000000000000000, 0.000000000000000000, 1.000000000000000000 ) ) ;
#6326 = EDGE_CURVE ( 'NONE', #6465, #3611, #2004, .T. ) ;
#6327 = CARTESIAN_POINT ( 'NONE',  ( -28.32225818297279929, 54.19999999999999574, 36.17774181702722558 ) ) ;
#6328 = UNCERTAINTY_MEASURE_WITH_UNIT (LENGTH_MEASURE( 1.000000000000000082E-05 ), #1091, 'distance_accuracy_value', 'NONE');
#6329 = VECTOR ( 'NONE', #3715, 1000.000000000000000 ) ;
#6330 = EDGE_CURVE ( 'NONE', #3414, #3247, #5743, .T. ) ;
#6331 = DIRECTION ( 'NONE',  ( 0.7071067811865475727, 0.7071067811865475727, -0.000000000000000000 ) ) ;
#6332 = ORIENTED_EDGE ( 'NONE', *, *, #4242, .T. ) ;
#6333 = DIRECTION ( 'NONE',  ( -1.000000000000000000, 0.000000000000000000, 2.036754959396165491E-16 ) ) ;
#6334 = VERTEX_POINT ( 'NONE', #6100 ) ;
#6335 = EDGE_CURVE ( 'NONE', #6287, #5787, #3373, .T. ) ;
#6336 = LINE ( 'NONE', #2720, #5740 ) ;
#6337 = AXIS2_PLACEMENT_3D ( 'NONE', #5572, #4106, #1004 ) ;
#6338 = CARTESIAN_POINT ( 'NONE',  ( 0.000000000000000000, 46.00000000000000000, -24.00000000000004263 ) ) ;
#6339 = ADVANCED_FACE ( 'NONE', ( #3096 ), #6176, .F. ) ;
#6340 = AXIS2_PLACEMENT_3D ( 'NONE', #5726, #3640, #4649 ) ;
#6341 = AXIS2_PLACEMENT_3D ( 'NONE', #2314, #6331, #201 ) ;
#6342 = ORIENTED_EDGE ( 'NONE', *, *, #187, .T. ) ;
#6343 = LINE ( 'NONE', #4826, #265 ) ;
#6344 = CARTESIAN_POINT ( 'NONE',  ( 24.00000000000000711, 53.00000000000001421, 14.69999999999999751 ) ) ;
#6345 = CARTESIAN_POINT ( 'NONE',  ( -29.00000000000000355, 52.50000000000000000, 21.49999999999999645 ) ) ;
#6346 = PLANE ( 'NONE',  #2077 ) ;
#6347 = ADVANCED_FACE ( 'NONE', ( #6207 ), #5705, .F. ) ;
#6348 = VERTEX_POINT ( 'NONE', #1527 ) ;
#6349 = AXIS2_PLACEMENT_3D ( 'NONE', #4546, #2898, #1008 ) ;
#6350 = AXIS2_PLACEMENT_3D ( 'NONE', #4043, #2902, #4449 ) ;
#6351 = CARTESIAN_POINT ( 'NONE',  ( 12.49165360910097888, 52.49999999999997868, 57.87368373918388187 ) ) ;
#6352 = VECTOR ( 'NONE', #3956, 1000.000000000000000 ) ;
#6353 = VECTOR ( 'NONE', #3277, 1000.000000000000000 ) ;
#6354 = EDGE_LOOP ( 'NONE', ( #871, #5248, #506, #4529, #4758, #4443, #1022 ) ) ;
#6355 = CARTESIAN_POINT ( 'NONE',  ( -29.93000000000001393, 55.00000000000000000, -21.54000000000003823 ) ) ;
#6356 = CARTESIAN_POINT ( 'NONE',  ( 28.50000000000000000, 46.00000000000000000, 1.299999999999999156 ) ) ;
#6357 = CARTESIAN_POINT ( 'NONE',  ( 12.42955414101184530, 49.91662511868479868, 60.61500423042680552 ) ) ;
#6358 = VECTOR ( 'NONE', #3521, 1000.000000000000000 ) ;
#6359 = DIRECTION ( 'NONE',  ( 1.000000000000000000, 0.000000000000000000, 0.000000000000000000 ) ) ;
#6360 = AXIS2_PLACEMENT_3D ( 'NONE', #5091, #3543, #473 ) ;
#6361 = CARTESIAN_POINT ( 'NONE',  ( 0.000000000000000000, 52.50000000000000000, -24.00000000000004263 ) ) ;
#6362 = LINE ( 'NONE', #4370, #2181 ) ;
#6363 = CARTESIAN_POINT ( 'NONE',  ( 12.68539814717925118, 49.98965185180276904, 61.20967488441974069 ) ) ;
#6364 = VECTOR ( 'NONE', #182, 1000.000000000000000 ) ;
#6365 = ORIENTED_EDGE ( 'NONE', *, *, #5004, .T. ) ;
#6366 = CARTESIAN_POINT ( 'NONE',  ( -26.43000000000001393, 0.000000000000000000, -13.94000000000003148 ) ) ;
#6367 = ORIENTED_EDGE ( 'NONE', *, *, #3789, .T. ) ;
#6368 = LINE ( 'NONE', #176, #5932 ) ;
#6369 = CARTESIAN_POINT ( 'NONE',  ( 32.00000000000002842, 54.50000000000000000, 22.69999999999999929 ) ) ;
#6370 = DIRECTION ( 'NONE',  ( -0.000000000000000000, -0.000000000000000000, 1.000000000000000000 ) ) ;
#6371 = ADVANCED_FACE ( 'NONE', ( #6242 ), #1176, .F. ) ;
#6372 = EDGE_CURVE ( 'NONE', #3614, #4623, #652, .T. ) ;
#6373 = AXIS2_PLACEMENT_3D ( 'NONE', #6315, #245, #1738 ) ;
#6374 = LINE ( 'NONE', #4354, #6442 ) ;
#6375 = DIRECTION ( 'NONE',  ( -0.7071067811865474617, -0.000000000000000000, -0.7071067811865474617 ) ) ;
#6376 = ORIENTED_EDGE ( 'NONE', *, *, #1696, .F. ) ;
#6377 = CARTESIAN_POINT ( 'NONE',  ( 0.000000000000000000, 51.50000000000000000, 56.05025253169416288 ) ) ;
#6378 = FACE_BOUND ( 'NONE', #6125, .T. ) ;
#6379 = DIRECTION ( 'NONE',  ( -1.005636797667714286E-15, 0.000000000000000000, -1.000000000000000000 ) ) ;
#6380 = VERTEX_POINT ( 'NONE', #2779 ) ;
#6381 = VECTOR ( 'NONE', #6479, 1000.000000000000000 ) ;
#6382 = EDGE_CURVE ( 'NONE', #396, #6296, #3814, .T. ) ;
#6383 = ORIENTED_EDGE ( 'NONE', *, *, #2286, .T. ) ;
#6384 = CARTESIAN_POINT ( 'NONE',  ( -24.10000000000000142, 55.00000000000000000, -22.00000000000003908 ) ) ;
#6385 = ADVANCED_FACE ( 'NONE', ( #1296 ), #1705, .F. ) ;
#6386 = CARTESIAN_POINT ( 'NONE',  ( 29.00000000000002487, 55.00000000000000000, 30.55025253169417354 ) ) ;
#6387 = ORIENTED_EDGE ( 'NONE', *, *, #3870, .F. ) ;
#6388 = ADVANCED_FACE ( 'NONE', ( #3318 ), #4855, .F. ) ;
#6389 = EDGE_LOOP ( 'NONE', ( #739, #4435, #3334, #5510 ) ) ;
#6390 = DIRECTION ( 'NONE',  ( -1.022195611122246221E-16, 0.7071067811865500152, -0.7071067811865451302 ) ) ;
#6391 = CARTESIAN_POINT ( 'NONE',  ( 12.63184674020731890, 54.95359897303031005, 55.19411608833130600 ) ) ;
#6392 = DIRECTION ( 'NONE',  ( 0.000000000000000000, 1.000000000000000000, 0.000000000000000000 ) ) ;
#6393 = DIRECTION ( 'NONE',  ( -0.000000000000000000, 0.000000000000000000, 1.000000000000000000 ) ) ;
#6394 = PRODUCT_DEFINITION_CONTEXT ( 'detailed design', #5313, 'design' ) ;
#6395 = ORIENTED_EDGE ( 'NONE', *, *, #4969, .T. ) ;
#6396 = DIRECTION ( 'NONE',  ( -0.000000000000000000, 1.000000000000000000, -0.000000000000000000 ) ) ;
#6397 = VERTEX_POINT ( 'NONE', #3778 ) ;
#6398 = LINE ( 'NONE', #1816, #1159 ) ;
#6399 = DIRECTION ( 'NONE',  ( 0.000000000000000000, 0.000000000000000000, 1.000000000000000000 ) ) ;
#6400 = CARTESIAN_POINT ( 'NONE',  ( -27.83000000000001961, 54.00000000000000000, -24.19000000000004036 ) ) ;
#6401 = EDGE_CURVE ( 'NONE', #1975, #4164, #2253, .T. ) ;
#6402 = ADVANCED_FACE ( 'NONE', ( #6284 ), #3510, .F. ) ;
#6403 = EDGE_CURVE ( 'NONE', #2506, #4683, #6336, .T. ) ;
#6404 = LINE ( 'NONE', #3354, #6006 ) ;
#6405 = PLANE ( 'NONE',  #2095 ) ;
#6406 = ORIENTED_EDGE ( 'NONE', *, *, #5874, .T. ) ;
#6407 = LINE ( 'NONE', #1825, #5582 ) ;
#6408 = LINE ( 'NONE', #1208, #715 ) ;
#6409 = ADVANCED_FACE ( 'NONE', ( #1268 ), #4240, .F. ) ;
#6410 = LINE ( 'NONE', #5398, #4644 ) ;
#6411 = ORIENTED_EDGE ( 'NONE', *, *, #907, .F. ) ;
#6412 = CARTESIAN_POINT ( 'NONE',  ( -29.00000000000000355, 46.00000000000000000, 21.49999999999999645 ) ) ;
#6413 = ORIENTED_EDGE ( 'NONE', *, *, #1696, .T. ) ;
#6414 = CARTESIAN_POINT ( 'NONE',  ( -15.45291476537765618, 54.19999999999999574, 26.41966823665285347 ) ) ;
#6415 = LINE ( 'NONE', #3799, #2712 ) ;
#6416 = VERTEX_POINT ( 'NONE', #4230 ) ;
#6417 = EDGE_CURVE ( 'NONE', #2961, #5827, #5832, .T. ) ;
#6418 = DIRECTION ( 'NONE',  ( 2.036754959396165491E-16, 0.000000000000000000, 1.000000000000000000 ) ) ;
#6419 = CARTESIAN_POINT ( 'NONE',  ( 12.66218669587316725, 54.64088605360370110, 56.18651924054354652 ) ) ;
#6420 = LINE ( 'NONE', #1781, #5905 ) ;
#6421 = EDGE_CURVE ( 'NONE', #3037, #3008, #3290, .T. ) ;
#6422 = DIRECTION ( 'NONE',  ( -0.000000000000000000, 1.000000000000000000, -0.000000000000000000 ) ) ;
#6423 = EDGE_LOOP ( 'NONE', ( #6572, #5573 ) ) ;
#6424 = AXIS2_PLACEMENT_3D ( 'NONE', #1085, #6268, #3082 ) ;
#6425 = ORIENTED_EDGE ( 'NONE', *, *, #2474, .F. ) ;
#6426 = DIRECTION ( 'NONE',  ( 0.000000000000000000, 0.000000000000000000, 1.000000000000000000 ) ) ;
#6427 = DIRECTION ( 'NONE',  ( -0.000000000000000000, 1.000000000000000000, -0.000000000000000000 ) ) ;
#6428 = LINE ( 'NONE', #404, #5945 ) ;
#6429 = ORIENTED_EDGE ( 'NONE', *, *, #6401, .T. ) ;
#6430 = DIRECTION ( 'NONE',  ( 0.000000000000000000, 0.000000000000000000, 1.000000000000000000 ) ) ;
#6431 = CYLINDRICAL_SURFACE ( 'NONE', #3661, 2.649999999999999467 ) ;
#6432 = ORIENTED_EDGE ( 'NONE', *, *, #6247, .T. ) ;
#6433 = ORIENTED_EDGE ( 'NONE', *, *, #488, .F. ) ;
#6434 = VECTOR ( 'NONE', #1114, 1000.000000000000000 ) ;
#6435 = DIRECTION ( 'NONE',  ( 0.000000000000000000, 0.000000000000000000, 1.000000000000000000 ) ) ;
#6436 = CARTESIAN_POINT ( 'NONE',  ( 12.62630891860220395, 54.97756887771451773, 55.01607519448562300 ) ) ;
#6437 = DIRECTION ( 'NONE',  ( -1.000000000000000000, 0.000000000000000000, 5.575660896369544968E-16 ) ) ;
#6438 = CARTESIAN_POINT ( 'NONE',  ( -32.49999999999994316, 46.00000000000000000, -26.50000000000004263 ) ) ;
#6439 = VERTEX_POINT ( 'NONE', #178 ) ;
#6440 = LINE ( 'NONE', #3419, #2169 ) ;
#6441 = VECTOR ( 'NONE', #30, 1000.000000000000000 ) ;
#6442 = VECTOR ( 'NONE', #1272, 1000.000000000000000 ) ;
#6443 = EDGE_CURVE ( 'NONE', #2543, #469, #4792, .T. ) ;
#6444 = CARTESIAN_POINT ( 'NONE',  ( -12.66218669587313705, 54.64088605360370821, 56.18651924054355362 ) ) ;
#6445 = ORIENTED_EDGE ( 'NONE', *, *, #5186, .T. ) ;
#6446 = CARTESIAN_POINT ( 'NONE',  ( 24.39999999999998082, 46.00000000000000000, 1.410908427127801789E-14 ) ) ;
#6447 = AXIS2_PLACEMENT_3D ( 'NONE', #1510, #5111, #4747 ) ;
#6448 = CONICAL_SURFACE ( 'NONE', #5168, 3.000000000000019984, 0.7853981633974418397 ) ;
#6449 = DIRECTION ( 'NONE',  ( 0.000000000000000000, 0.000000000000000000, 1.000000000000000000 ) ) ;
#6450 = DIRECTION ( 'NONE',  ( -0.000000000000000000, 1.000000000000000000, -0.000000000000000000 ) ) ;
#6451 = VERTEX_POINT ( 'NONE', #1731 ) ;
#6452 = CARTESIAN_POINT ( 'NONE',  ( -16.61365057943553225, 46.00000000000000000, 52.83609688887024447 ) ) ;
#6453 = VECTOR ( 'NONE', #2996, 1000.000000000000000 ) ;
#6454 = VECTOR ( 'NONE', #5755, 1000.000000000000114 ) ;
#6455 = ADVANCED_FACE ( 'NONE', ( #5799 ), #2229, .F. ) ;
#6456 = CARTESIAN_POINT ( 'NONE',  ( -3.885728518077728122, 52.50000000000000000, 37.98685448395274022 ) ) ;
#6457 = CARTESIAN_POINT ( 'NONE',  ( -5.977683897477899855, 54.19999999999999574, 35.89489910455257871 ) ) ;
#6458 = CARTESIAN_POINT ( 'NONE',  ( -28.53000000000002245, 52.75000000000000000, -22.94000000000003681 ) ) ;
#6459 = DIRECTION ( 'NONE',  ( 1.000000000000000000, 0.000000000000000000, -5.782411586589359611E-16 ) ) ;
#6460 = VECTOR ( 'NONE', #3723, 1000.000000000000114 ) ;
#6461 = ORIENTED_EDGE ( 'NONE', *, *, #1241, .F. ) ;
#6462 = ORIENTED_EDGE ( 'NONE', *, *, #4112, .F. ) ;
#6463 = UNCERTAINTY_MEASURE_WITH_UNIT (LENGTH_MEASURE( 1.000000000000000082E-05 ), #1415, 'distance_accuracy_value', 'NONE');
#6464 = VECTOR ( 'NONE', #2875, 1000.000000000000114 ) ;
#6465 = VERTEX_POINT ( 'NONE', #5987 ) ;
#6466 = EDGE_CURVE ( 'NONE', #3628, #2315, #3909, .T. ) ;
#6467 = PLANE ( 'NONE',  #6341 ) ;
#6468 = CARTESIAN_POINT ( 'NONE',  ( 32.00000000000001421, 0.000000000000000000, 22.69999999999999929 ) ) ;
#6469 = EDGE_LOOP ( 'NONE', ( #4554, #3321, #415, #3721 ) ) ;
#6470 = DIRECTION ( 'NONE',  ( -0.000000000000000000, 1.000000000000000000, -0.000000000000000000 ) ) ;
#6471 = VERTEX_POINT ( 'NONE', #4454 ) ;
#6472 = DIRECTION ( 'NONE',  ( -4.956352788505094834E-15, 0.000000000000000000, -1.000000000000000000 ) ) ;
#6473 = VECTOR ( 'NONE', #721, 1000.000000000000114 ) ;
#6474 = DIRECTION ( 'NONE',  ( 0.000000000000000000, 1.000000000000000000, 0.000000000000000000 ) ) ;
#6475 = VERTEX_POINT ( 'NONE', #1419 ) ;
#6476 = CONICAL_SURFACE ( 'NONE', #60, 2.650000000000001243, 0.7853981633974483900 ) ;
#6477 = CARTESIAN_POINT ( 'NONE',  ( -26.43000000000001393, 52.75000000000000000, -21.54000000000004533 ) ) ;
#6478 = CARTESIAN_POINT ( 'NONE',  ( 12.63999537194916023, 54.90035941952255882, 55.45774131158638198 ) ) ;
#6479 = DIRECTION ( 'NONE',  ( 1.000000000000000000, 0.000000000000000000, 0.000000000000000000 ) ) ;
#6480 = CARTESIAN_POINT ( 'NONE',  ( -11.81133302088177928, 52.50000000000000000, 50.15509967387610857 ) ) ;
#6481 = VERTEX_POINT ( 'NONE', #1948 ) ;
#6482 = AXIS2_PLACEMENT_3D ( 'NONE', #6345, #3358, #3821 ) ;
#6483 = CARTESIAN_POINT ( 'NONE',  ( 12.43015156961469359, 51.38887757615868423, 59.11133472955862089 ) ) ;
#6484 = CARTESIAN_POINT ( 'NONE',  ( -12.66686491872590814, 54.56095087842490443, 56.34211748569782685 ) ) ;
#6485 = LINE ( 'NONE', #5000, #3352 ) ;
#6486 = CIRCLE ( 'NONE', #1479, 1.199999999999999734 ) ;
#6487 = DIRECTION ( 'NONE',  ( 0.000000000000000000, -1.000000000000000000, 0.000000000000000000 ) ) ;
#6488 = ORIENTED_EDGE ( 'NONE', *, *, #2752, .T. ) ;
#6489 = EDGE_CURVE ( 'NONE', #4322, #1413, #175, .T. ) ;
#6490 = CARTESIAN_POINT ( 'NONE',  ( 32.00000000000001421, 52.50000000000000000, -13.00000000000004974 ) ) ;
#6491 = ORIENTED_EDGE ( 'NONE', *, *, #4673, .F. ) ;
#6492 = CARTESIAN_POINT ( 'NONE',  ( -31.18000000000001748, 54.00000000000000000, -21.54000000000003823 ) ) ;
#6493 = EDGE_CURVE ( 'NONE', #5961, #3085, #1890, .T. ) ;
#6494 = CARTESIAN_POINT ( 'NONE',  ( -5.977683897477899855, 45.99999999999999289, 35.89489910455257871 ) ) ;
#6495 = CARTESIAN_POINT ( 'NONE',  ( -28.50000000000000000, 46.00000000000000000, -27.19999999999999929 ) ) ;
#6496 = LINE ( 'NONE', #4440, #3483 ) ;
#6497 = CARTESIAN_POINT ( 'NONE',  ( -31.99999999999995737, 55.00000000000000000, -26.50000000000004263 ) ) ;
#6498 = ORIENTED_EDGE ( 'NONE', *, *, #973, .F. ) ;
#6499 = ORIENTED_EDGE ( 'NONE', *, *, #1311, .F. ) ;
#6500 = ORIENTED_EDGE ( 'NONE', *, *, #2456, .F. ) ;
#6501 = ORIENTED_EDGE ( 'NONE', *, *, #2650, .T. ) ;
#6502 = DIRECTION ( 'NONE',  ( 1.476360405086643077E-16, 0.000000000000000000, -1.000000000000000000 ) ) ;
#6503 = CARTESIAN_POINT ( 'NONE',  ( 25.00000000000002132, -6.657478101405524207, -23.00000000000004263 ) ) ;
#6504 = ORIENTED_EDGE ( 'NONE', *, *, #2220, .F. ) ;
#6505 = DIRECTION ( 'NONE',  ( 0.000000000000000000, 1.000000000000000000, -0.000000000000000000 ) ) ;
#6506 = LINE ( 'NONE', #5390, #5921 ) ;
#6507 = EDGE_CURVE ( 'NONE', #3394, #3673, #5956, .T. ) ;
#6508 = CARTESIAN_POINT ( 'NONE',  ( 32.00000000000000711, 54.50000000000000000, 14.69999999999999751 ) ) ;
#6509 = VERTEX_POINT ( 'NONE', #952 ) ;
#6510 = PLANE ( 'NONE',  #2625 ) ;
#6511 = DIRECTION ( 'NONE',  ( -0.000000000000000000, 1.000000000000000000, -0.000000000000000000 ) ) ;
#6512 = CARTESIAN_POINT ( 'NONE',  ( -14.45499629339479064, 52.50000000000000000, 23.01758670863571865 ) ) ;
#6513 = DIRECTION ( 'NONE',  ( 0.5773502691896268413, 0.5773502691896271743, 0.5773502691896232886 ) ) ;
#6514 = VERTEX_POINT ( 'NONE', #1916 ) ;
#6515 = EDGE_CURVE ( 'NONE', #4473, #1190, #2377, .T. ) ;
#6516 = EDGE_LOOP ( 'NONE', ( #4455, #1605, #2597, #3626, #5262, #2241 ) ) ;
#6517 = DIRECTION ( 'NONE',  ( 0.7071067811865378028, -0.7071067811865573427, -4.088782444488942974E-16 ) ) ;
#6518 = CARTESIAN_POINT ( 'NONE',  ( -13.11365057943552692, 54.02293693386436502, 56.27795869325888134 ) ) ;
#6519 = VERTEX_POINT ( 'NONE', #5421 ) ;
#6520 = DIRECTION ( 'NONE',  ( 0.000000000000000000, -1.000000000000000000, 0.000000000000000000 ) ) ;
#6521 = LINE ( 'NONE', #3463, #4945 ) ;
#6522 = EDGE_LOOP ( 'NONE', ( #46, #5355, #3984, #1757, #2553, #3962 ) ) ;
#6523 = DIRECTION ( 'NONE',  ( -0.7071067811865474617, -0.7071067811865474617, 0.000000000000000000 ) ) ;
#6524 = CARTESIAN_POINT ( 'NONE',  ( -28.99999999999999645, 46.00000000000000000, -22.50000000000003908 ) ) ;
#6525 = CARTESIAN_POINT ( 'NONE',  ( -1.996271631908297817, 55.00000000000000000, 27.49999999999999645 ) ) ;
#6526 = VERTEX_POINT ( 'NONE', #4517 ) ;
#6527 = DIRECTION ( 'NONE',  ( 0.000000000000000000, 1.000000000000000000, -0.000000000000000000 ) ) ;
#6528 = ADVANCED_FACE ( 'NONE', ( #366 ), #2874, .T. ) ;
#6529 = CARTESIAN_POINT ( 'NONE',  ( -12.07999999999999652, 55.00000000000000000, 26.75000000000000000 ) ) ;
#6530 = EDGE_LOOP ( 'NONE', ( #4479, #5651, #3608, #6216, #5866, #1199, #1672 ) ) ;
#6531 = ORIENTED_EDGE ( 'NONE', *, *, #2214, .F. ) ;
#6532 = VERTEX_POINT ( 'NONE', #4986 ) ;
#6533 = ORIENTED_EDGE ( 'NONE', *, *, #121, .T. ) ;
#6534 = EDGE_CURVE ( 'NONE', #3604, #304, #6428, .T. ) ;
#6535 = CARTESIAN_POINT ( 'NONE',  ( 13.08741207769731574, 50.40720016770433176, 60.11920406207403289 ) ) ;
#6536 = DIRECTION ( 'NONE',  ( 5.782411586589355667E-16, 0.000000000000000000, 1.000000000000000000 ) ) ;
#6537 = ORIENTED_EDGE ( 'NONE', *, *, #5766, .T. ) ;
#6538 = CARTESIAN_POINT ( 'NONE',  ( -12.61365057943555001, 55.00000000000000000, 54.61251347380554932 ) ) ;
#6539 = CARTESIAN_POINT ( 'NONE',  ( -27.83000000000001251, 54.00000000000000000, -21.54000000000004178 ) ) ;
#6540 = EDGE_CURVE ( 'NONE', #2484, #1787, #5632, .T. ) ;
#6541 = EDGE_CURVE ( 'NONE', #3085, #5444, #1370, .T. ) ;
#6542 = CARTESIAN_POINT ( 'NONE',  ( -23.49999999999991829, 55.00000000000000000, 0.4999999999999562017 ) ) ;
#6543 = ORIENTED_EDGE ( 'NONE', *, *, #3056, .F. ) ;
#6544 = CARTESIAN_POINT ( 'NONE',  ( 26.50000000000002487, 46.00000000000000000, 0.000000000000000000 ) ) ;
#6545 = CARTESIAN_POINT ( 'NONE',  ( -23.49999999999991829, 52.50000000000000000, -4.423544863740858091E-14 ) ) ;
#6546 = DIRECTION ( 'NONE',  ( 0.5000000000000006661, -0.7071067811865475727, 0.4999999999999992784 ) ) ;
#6547 = VECTOR ( 'NONE', #966, 1000.000000000000000 ) ;
#6548 = FACE_OUTER_BOUND ( 'NONE', #5258, .T. ) ;
#6549 = EDGE_CURVE ( 'NONE', #6532, #1453, #2001, .T. ) ;
#6550 = ORIENTED_EDGE ( 'NONE', *, *, #5458, .T. ) ;
#6551 = ORIENTED_EDGE ( 'NONE', *, *, #3104, .T. ) ;
#6552 = AXIS2_PLACEMENT_3D ( 'NONE', #4888, #877, #5393 ) ;
#6553 = CARTESIAN_POINT ( 'NONE',  ( -13.11365057943552870, 54.23442473904313488, 55.87936005294771036 ) ) ;
#6554 = ADVANCED_FACE ( 'NONE', ( #2086 ), #1520, .F. ) ;
#6555 = FACE_OUTER_BOUND ( 'NONE', #4476, .T. ) ;
#6556 = CARTESIAN_POINT ( 'NONE',  ( 1.927136009590902810E-14, 52.50000000000000000, 30.55025253169419130 ) ) ;
#6557 = AXIS2_PLACEMENT_3D ( 'NONE', #3562, #1534, #3525 ) ;
#6558 = AXIS2_PLACEMENT_3D ( 'NONE', #5864, #3385, #5891 ) ;
#6559 = LINE ( 'NONE', #557, #4073 ) ;
#6560 = ORIENTED_EDGE ( 'NONE', *, *, #6262, .T. ) ;
#6561 = VECTOR ( 'NONE', #393, 1000.000000000000000 ) ;
#6562 = CARTESIAN_POINT ( 'NONE',  ( 32.00000000000001421, 0.000000000000000000, -21.00000000000004263 ) ) ;
#6563 = CONICAL_SURFACE ( 'NONE', #5161, 2.649999999999999467, 0.7853981633974477239 ) ;
#6564 = ORIENTED_EDGE ( 'NONE', *, *, #6256, .T. ) ;
#6565 = DIRECTION ( 'NONE',  ( 0.000000000000000000, 1.000000000000000000, 0.000000000000000000 ) ) ;
#6566 = CARTESIAN_POINT ( 'NONE',  ( -29.93000000000001393, 52.75000000000000000, -15.34000000000003183 ) ) ;
#6567 = EDGE_LOOP ( 'NONE', ( #3936, #641, #5758, #2491 ) ) ;
#6568 = ORIENTED_EDGE ( 'NONE', *, *, #1767, .T. ) ;
#6569 = AXIS2_PLACEMENT_3D ( 'NONE', #3566, #3666, #1043 ) ;
#6570 = ORIENTED_EDGE ( 'NONE', *, *, #2162, .F. ) ;
#6571 = CIRCLE ( 'NONE', #3249, 2.649999999999999467 ) ;
#6572 = ORIENTED_EDGE ( 'NONE', *, *, #5220, .F. ) ;
#6573 = CYLINDRICAL_SURFACE ( 'NONE', #6350, 1.200000000000000622 ) ;
#6574 = VECTOR ( 'NONE', #4464, 1000.000000000000000 ) ;
#6575 = AXIS2_PLACEMENT_3D ( 'NONE', #4430, #5031, #2429 ) ;
#6576 = CARTESIAN_POINT ( 'NONE',  ( 13.11365057943552337, 52.22761373038369470, 58.21523751214122910 ) ) ;
#6577 = ORIENTED_EDGE ( 'NONE', *, *, #4780, .T. ) ;
#6578 = CARTESIAN_POINT ( 'NONE',  ( 32.49999999999997868, 55.00000000000000000, -13.50000000000010303 ) ) ;
#6579 = DIRECTION ( 'NONE',  ( 0.000000000000000000, 0.000000000000000000, 1.000000000000000000 ) ) ;
#6580 = CONICAL_SURFACE ( 'NONE', #4533, 3.000000000000012879, 0.7853981633974487231 ) ;
#6581 = CARTESIAN_POINT ( 'NONE',  ( -12.61365057943553047, 50.33747290205585045, 59.88104043566603707 ) ) ;
#6582 = EDGE_LOOP ( 'NONE', ( #1619, #4232, #5754, #3792 ) ) ;
#6583 = CARTESIAN_POINT ( 'NONE',  ( 31.50000000000004263, 52.50000000000000000, 14.19999999999999751 ) ) ;
#6584 = AXIS2_PLACEMENT_3D ( 'NONE', #3787, #690, #3322 ) ;
#6585 = CARTESIAN_POINT ( 'NONE',  ( 32.00000000000001421, 46.00000000000000000, -13.00000000000004974 ) ) ;
#6586 = DIRECTION ( 'NONE',  ( 0.000000000000000000, 0.000000000000000000, -1.000000000000000000 ) ) ;
#6587 = ORIENTED_EDGE ( 'NONE', *, *, #3115, .T. ) ;
#6588 = ORIENTED_EDGE ( 'NONE', *, *, #2572, .F. ) ;
#6589 = VECTOR ( 'NONE', #980, 1000.000000000000114 ) ;
#6590 = CARTESIAN_POINT ( 'NONE',  ( -13.11365057943552870, 54.34215407230861672, 55.59891731368016110 ) ) ;
#6591 = DIRECTION ( 'NONE',  ( 0.000000000000000000, -1.000000000000000000, 0.000000000000000000 ) ) ;
#6592 = DIRECTION ( 'NONE',  ( 0.000000000000000000, -1.000000000000000000, 0.000000000000000000 ) ) ;
#6593 = ORIENTED_EDGE ( 'NONE', *, *, #517, .T. ) ;
#6594 = VECTOR ( 'NONE', #12, 1000.000000000000000 ) ;
#6595 = DIRECTION ( 'NONE',  ( -0.000000000000000000, -1.000000000000000000, -0.000000000000000000 ) ) ;
#6596 = EDGE_CURVE ( 'NONE', #3042, #712, #5193, .T. ) ;
#6597 = VECTOR ( 'NONE', #4053, 1000.000000000000000 ) ;
#6598 = DIRECTION ( 'NONE',  ( 0.000000000000000000, 0.000000000000000000, 1.000000000000000000 ) ) ;
#6599 = ORIENTED_EDGE ( 'NONE', *, *, #313, .F. ) ;
#6600 = DIRECTION ( 'NONE',  ( 0.000000000000000000, 1.000000000000000000, -0.000000000000000000 ) ) ;
#6601 = CARTESIAN_POINT ( 'NONE',  ( 28.00000000000002487, 52.50000000000000000, 22.69999999999999929 ) ) ;
#6602 = ORIENTED_EDGE ( 'NONE', *, *, #2210, .T. ) ;
#6603 = EDGE_LOOP ( 'NONE', ( #4672, #4184, #5724, #2814 ) ) ;
#6604 = VERTEX_POINT ( 'NONE', #6610 ) ;
#6605 = EDGE_CURVE ( 'NONE', #2763, #1264, #2652, .T. ) ;
#6606 = ORIENTED_EDGE ( 'NONE', *, *, #5344, .T. ) ;
#6607 = PLANE ( 'NONE',  #4405 ) ;
#6608 = PLANE ( 'NONE',  #1154 ) ;
#6609 = ORIENTED_EDGE ( 'NONE', *, *, #1443, .T. ) ;
#6610 = CARTESIAN_POINT ( 'NONE',  ( 28.50000000000000000, 54.50000000000000000, -24.80000000000000071 ) ) ;
#6611 = DIRECTION ( 'NONE',  ( -0.7071067811865474617, -0.7071067811865474617, 0.000000000000000000 ) ) ;
#6612 = ORIENTED_EDGE ( 'NONE', *, *, #600, .F. ) ;
#6613 = LINE ( 'NONE', #4953, #4628 ) ;
#6614 = EDGE_LOOP ( 'NONE', ( #2673, #2122, #2640, #1283 ) ) ;
#6615 = DIRECTION ( 'NONE',  ( -1.000000000000000000, 0.000000000000000000, 2.973811673103095002E-15 ) ) ;
#6616 = DIRECTION ( 'NONE',  ( 0.000000000000000000, 0.000000000000000000, 1.000000000000000000 ) ) ;
#6617 = EDGE_CURVE ( 'NONE', #1822, #885, #507, .T. ) ;
#6618 = DIRECTION ( 'NONE',  ( 0.000000000000000000, 0.000000000000000000, 1.000000000000000000 ) ) ;
#6619 = EDGE_LOOP ( 'NONE', ( #215, #1000, #1461, #5285, #5236, #847, #4117 ) ) ;
#6620 = ORIENTED_EDGE ( 'NONE', *, *, #89, .F. ) ;
#6621 = EDGE_CURVE ( 'NONE', #1814, #3060, #6200, .T. ) ;
#6622 = CARTESIAN_POINT ( 'NONE',  ( -13.12105599139644063, 52.50000000000000000, 50.88628073251087613 ) ) ;
#6623 = DIRECTION ( 'NONE',  ( 0.000000000000000000, 0.000000000000000000, 1.000000000000000000 ) ) ;
#6624 = DIRECTION ( 'NONE',  ( 1.000000000000000000, 0.000000000000000000, -6.308085367188393199E-16 ) ) ;
#6625 = DIRECTION ( 'NONE',  ( 0.000000000000000000, -1.000000000000000000, 0.000000000000000000 ) ) ;
#6626 = EDGE_LOOP ( 'NONE', ( #1418, #459, #1707, #6305 ) ) ;
#6627 = FACE_OUTER_BOUND ( 'NONE', #2147, .T. ) ;
#6628 = DIRECTION ( 'NONE',  ( 0.7071067811865378028, -0.7071067811865573427, 0.000000000000000000 ) ) ;
#6629 = ORIENTED_EDGE ( 'NONE', *, *, #2496, .T. ) ;
#6630 = FACE_OUTER_BOUND ( 'NONE', #5580, .T. ) ;
#6631 = CARTESIAN_POINT ( 'NONE',  ( -27.86964375660328130, 46.00000000000000000, -1.888283394933827131 ) ) ;
#6632 = EDGE_LOOP ( 'NONE', ( #2629, #2514, #278, #3634 ) ) ;
#6633 = ORIENTED_EDGE ( 'NONE', *, *, #6000, .T. ) ;
#6634 = EDGE_CURVE ( 'NONE', #4461, #1791, #6286, .T. ) ;
#6635 = DIRECTION ( 'NONE',  ( -0.000000000000000000, 1.000000000000000000, -0.000000000000000000 ) ) ;
#6636 = CARTESIAN_POINT ( 'NONE',  ( 10.12464789108507190, 46.00000000000000000, 59.64680632759432655 ) ) ;
#6637 = ORIENTED_EDGE ( 'NONE', *, *, #815, .T. ) ;
#6638 = CARTESIAN_POINT ( 'NONE',  ( -12.08000000000000007, 54.80000000000000426, 17.24999999999999645 ) ) ;
#6639 = DIRECTION ( 'NONE',  ( 0.000000000000000000, 1.000000000000000000, 0.000000000000000000 ) ) ;
#6640 = VERTEX_POINT ( 'NONE', #3012 ) ;
#6641 = EDGE_CURVE ( 'NONE', #1937, #1396, #5695, .T. ) ;
#6642 = CARTESIAN_POINT ( 'NONE',  ( 0.000000000000000000, 46.00000000000000000, -30.00000000000004263 ) ) ;
#6643 = DIRECTION ( 'NONE',  ( 0.000000000000000000, 0.000000000000000000, 1.000000000000000000 ) ) ;
ENDSEC;
END-ISO-10303-21;
