ISO-10303-21;
HEADER;
FILE_DESCRIPTION (( 'STEP AP214' ),
    '1' );
FILE_NAME ('gearbox_top.STEP',
    '2025-09-05T21:59:29',
    ( '' ),
    ( '' ),
    'SwSTEP 2.0',
    'SolidWorks 2024',
    '' );
FILE_SCHEMA (( 'AUTOMOTIVE_DESIGN' ));
ENDSEC;

DATA;
#1 = EDGE_LOOP ( 'NONE', ( #366, #4507 ) ) ;
#2 = ORIENTED_EDGE ( 'NONE', *, *, #2028, .F. ) ;
#3 = VERTEX_POINT ( 'NONE', #3412 ) ;
#4 = B_SPLINE_CURVE_WITH_KNOTS ( 'NONE', 3,
 ( #1363, #904, #2114, #960 ),
 .UNSPECIFIED., .F., .F.,
 ( 4, 4 ),
 ( 3.553645688601981958E-07, 0.0008632282538146477486 ),
 .UNSPECIFIED. ) ;
#5 = CARTESIAN_POINT ( 'NONE',  ( 33.99920536741760202, -13.00053977280026807, 7.549999999999999822 ) ) ;
#6 = ORIENTED_EDGE ( 'NONE', *, *, #412, .F. ) ;
#7 = VERTEX_POINT ( 'NONE', #1828 ) ;
#8 = ORIENTED_EDGE ( 'NONE', *, *, #980, .F. ) ;
#9 = DIRECTION ( 'NONE',  ( -0.3928474791935513410, -0.5879378012096713180, -0.7071067811865539010 ) ) ;
#10 = AXIS2_PLACEMENT_3D ( 'NONE', #1924, #2651, #978 ) ;
#11 = ORIENTED_EDGE ( 'NONE', *, *, #2826, .F. ) ;
#12 = FACE_OUTER_BOUND ( 'NONE', #1604, .T. ) ;
#13 = CARTESIAN_POINT ( 'NONE',  ( 30.96941727062905869, -13.91034485257867104, 10.00000000000000533 ) ) ;
#14 = VECTOR ( 'NONE', #2679, 1000.000000000000000 ) ;
#15 = DIRECTION ( 'NONE',  ( -1.000000000000000000, 0.000000000000000000, 0.000000000000000000 ) ) ;
#16 = VECTOR ( 'NONE', #2995, 1000.000000000000000 ) ;
#17 = DIRECTION ( 'NONE',  ( -1.000000000000000000, 0.000000000000000000, 0.000000000000000000 ) ) ;
#18 = CARTESIAN_POINT ( 'NONE',  ( 20.62554490085257797, -30.86830935673211584, -16.95000000000000639 ) ) ;
#19 = EDGE_CURVE ( 'NONE', #2472, #3899, #4621, .T. ) ;
#20 = VECTOR ( 'NONE', #3648, 999.9999999999998863 ) ;
#21 = EDGE_CURVE ( 'NONE', #1246, #971, #3483, .T. ) ;
#22 = FACE_OUTER_BOUND ( 'NONE', #2825, .T. ) ;
#23 = EDGE_CURVE ( 'NONE', #289, #4644, #4802, .T. ) ;
#24 = FACE_BOUND ( 'NONE', #4961, .T. ) ;
#25 =( GEOMETRIC_REPRESENTATION_CONTEXT ( 3 ) GLOBAL_UNCERTAINTY_ASSIGNED_CONTEXT ( ( #776 ) ) GLOBAL_UNIT_ASSIGNED_CONTEXT ( ( #2222, #588, #4229 ) ) REPRESENTATION_CONTEXT ( 'NONE', 'WORKASPACE' ) );
#26 = ORIENTED_EDGE ( 'NONE', *, *, #563, .T. ) ;
#27 = ORIENTED_EDGE ( 'NONE', *, *, #3938, .F. ) ;
#28 = ORIENTED_EDGE ( 'NONE', *, *, #3317, .T. ) ;
#29 = CARTESIAN_POINT ( 'NONE',  ( 22.91208633468476918, 29.34049121592807197, 12.94999999999999751 ) ) ;
#30 = ORIENTED_EDGE ( 'NONE', *, *, #735, .F. ) ;
#31 = ORIENTED_EDGE ( 'NONE', *, *, #2946, .T. ) ;
#32 = ORIENTED_EDGE ( 'NONE', *, *, #959, .T. ) ;
#33 = LINE ( 'NONE', #1253, #257 ) ;
#34 = EDGE_LOOP ( 'NONE', ( #1237, #2564, #3744, #3116 ) ) ;
#35 = CARTESIAN_POINT ( 'NONE',  ( 1.849852981152814380, 37.20403934988943462, 14.94999999999999751 ) ) ;
#36 = CARTESIAN_POINT ( 'NONE',  ( 24.87441745505753232, 32.27732727893576481, 14.44999999999998330 ) ) ;
#37 = CARTESIAN_POINT ( 'NONE',  ( -29.50000000000000000, 3.612708057484691604E-15, 16.54499999999999815 ) ) ;
#38 = CARTESIAN_POINT ( 'NONE',  ( 34.08280010835898111, -19.46600207473650102, 12.94999999999999929 ) ) ;
#39 = LINE ( 'NONE', #2907, #4637 ) ;
#40 = CARTESIAN_POINT ( 'NONE',  ( -32.28958966126934627, 13.37478596116026175, 8.999999999999987566 ) ) ;
#41 = DIRECTION ( 'NONE',  ( -1.000000000000000000, 0.000000000000000000, 0.000000000000000000 ) ) ;
#42 = EDGE_CURVE ( 'NONE', #3103, #3468, #3859, .T. ) ;
#43 = CARTESIAN_POINT ( 'NONE',  ( -2.156405496209194084, 37.73500388115510873, 14.40367832122294978 ) ) ;
#44 = DIRECTION ( 'NONE',  ( 3.491481338843133355E-15, 1.000000000000000000, 0.000000000000000000 ) ) ;
#45 = LINE ( 'NONE', #2121, #1870 ) ;
#46 = VERTEX_POINT ( 'NONE', #1003 ) ;
#47 = ORIENTED_EDGE ( 'NONE', *, *, #4069, .F. ) ;
#48 = ORIENTED_EDGE ( 'NONE', *, *, #181, .F. ) ;
#49 = CARTESIAN_POINT ( 'NONE',  ( 24.03908494240016935, -31.02716382675139073, 12.94999999999999929 ) ) ;
#50 = ORIENTED_EDGE ( 'NONE', *, *, #4128, .F. ) ;
#51 = ADVANCED_FACE ( 'NONE', ( #2158 ), #132, .F. ) ;
#52 = VERTEX_POINT ( 'NONE', #4746 ) ;
#53 = EDGE_CURVE ( 'NONE', #606, #2005, #2987, .T. ) ;
#54 = EDGE_LOOP ( 'NONE', ( #1403, #5132, #2769, #5249 ) ) ;
#55 = DIRECTION ( 'NONE',  ( -0.4999999999999975020, -0.8660254037844400399, 0.000000000000000000 ) ) ;
#56 = CARTESIAN_POINT ( 'NONE',  ( 13.59018508493237043, -32.80960914720483856, 8.437134964423593786 ) ) ;
#57 = ADVANCED_FACE ( 'NONE', ( #1322 ), #4289, .F. ) ;
#58 = EDGE_LOOP ( 'NONE', ( #4554, #4375, #1876, #2394 ) ) ;
#59 = DIRECTION ( 'NONE',  ( 3.004629197474345673E-15, -1.000000000000000000, 0.000000000000000000 ) ) ;
#60 = DIRECTION ( 'NONE',  ( 0.5000000000000022204, -0.8660254037844373753, 0.000000000000000000 ) ) ;
#61 = CARTESIAN_POINT ( 'NONE',  ( -37.64809094983499449, -15.59434986887732144, 8.550000000000000711 ) ) ;
#62 = CARTESIAN_POINT ( 'NONE',  ( 20.62554490085280179, 30.86830935673197729, 14.94999999999999751 ) ) ;
#63 = CARTESIAN_POINT ( 'NONE',  ( 29.04855815588417300, 23.31831402705212142, 14.94999999999999751 ) ) ;
#64 = AXIS2_PLACEMENT_3D ( 'NONE', #241, #3549, #4347 ) ;
#65 = EDGE_CURVE ( 'NONE', #4602, #1014, #110, .T. ) ;
#66 = FACE_OUTER_BOUND ( 'NONE', #2184, .T. ) ;
#67 = DIRECTION ( 'NONE',  ( -0.000000000000000000, 0.000000000000000000, 1.000000000000000000 ) ) ;
#68 = B_SPLINE_CURVE_WITH_KNOTS ( 'NONE', 3,
 ( #3157, #4766, #4737, #1548 ),
 .UNSPECIFIED., .F., .F.,
 ( 4, 4 ),
 ( 3.561519275451647763E-07, 2.820743512546445756E-05 ),
 .UNSPECIFIED. ) ;
#69 = VECTOR ( 'NONE', #713, 1000.000000000000000 ) ;
#70 = AXIS2_PLACEMENT_3D ( 'NONE', #2118, #1311, #4571 ) ;
#71 = EDGE_CURVE ( 'NONE', #4225, #1378, #2586, .T. ) ;
#72 = AXIS2_PLACEMENT_3D ( 'NONE', #4417, #678, #4564 ) ;
#73 = FACE_OUTER_BOUND ( 'NONE', #3545, .T. ) ;
#74 = B_SPLINE_CURVE_WITH_KNOTS ( 'NONE', 3,
 ( #2098, #4965, #2503, #2022, #2935, #3680, #4570, #1657 ),
 .UNSPECIFIED., .F., .F.,
 ( 4, 2, 2, 4 ),
 ( 0.000000000000000000, 0.0003905638316344307750, 0.0007811276632688615501, 0.001562255326537719197 ),
 .UNSPECIFIED. ) ;
#75 = ORIENTED_EDGE ( 'NONE', *, *, #1730, .T. ) ;
#76 = CARTESIAN_POINT ( 'NONE',  ( 23.31482942814381687, 29.07138688430920226, 14.93437499999999218 ) ) ;
#77 = ORIENTED_EDGE ( 'NONE', *, *, #1722, .T. ) ;
#78 = VECTOR ( 'NONE', #5170, 1000.000000000000227 ) ;
#79 = ORIENTED_EDGE ( 'NONE', *, *, #813, .F. ) ;
#80 = CONICAL_SURFACE ( 'NONE', #5345, 36.39999999999999147, 0.7853981633974479459 ) ;
#81 = LINE ( 'NONE', #468, #3397 ) ;
#82 = CARTESIAN_POINT ( 'NONE',  ( 40.00000000000002132, -0.7698003589194891694, 12.19444328848252823 ) ) ;
#83 = ORIENTED_EDGE ( 'NONE', *, *, #502, .T. ) ;
#84 = ORIENTED_EDGE ( 'NONE', *, *, #215, .T. ) ;
#85 = CARTESIAN_POINT ( 'NONE',  ( 0.000000000000000000, 0.000000000000000000, 12.94999999999999751 ) ) ;
#86 = ORIENTED_EDGE ( 'NONE', *, *, #649, .F. ) ;
#87 = CARTESIAN_POINT ( 'NONE',  ( -13.92967693808882679, 33.62921498341101056, 8.550000000000000711 ) ) ;
#88 = FACE_OUTER_BOUND ( 'NONE', #1804, .T. ) ;
#89 = EDGE_CURVE ( 'NONE', #1475, #2123, #4972, .T. ) ;
#90 = CARTESIAN_POINT ( 'NONE',  ( 32.77755000132614782, 18.39917702450403780, 14.61187450479806671 ) ) ;
#91 = CARTESIAN_POINT ( 'NONE',  ( 22.91208633468476918, 29.34049121592807197, 14.44999999999998330 ) ) ;
#92 = CARTESIAN_POINT ( 'NONE',  ( -40.00000000000000000, -0.3849001794597521897, 12.20000000000001172 ) ) ;
#93 = AXIS2_PLACEMENT_3D ( 'NONE', #1361, #3872, #1696 ) ;
#94 = DIRECTION ( 'NONE',  ( -0.000000000000000000, -0.000000000000000000, 1.000000000000000000 ) ) ;
#95 = PLANE ( 'NONE',  #70 ) ;
#96 = DIRECTION ( 'NONE',  ( 1.000000000000000000, 0.000000000000000000, 0.000000000000000000 ) ) ;
#97 = EDGE_CURVE ( 'NONE', #2154, #1270, #2053, .T. ) ;
#98 = ADVANCED_FACE ( 'NONE', ( #2676 ), #4693, .F. ) ;
#99 = AXIS2_PLACEMENT_3D ( 'NONE', #1762, #1347, #541 ) ;
#100 = DIRECTION ( 'NONE',  ( -0.000000000000000000, -0.000000000000000000, -1.000000000000000000 ) ) ;
#101 = CARTESIAN_POINT ( 'NONE',  ( -32.66340280504303450, -17.92877986138602608, 14.93957866720647587 ) ) ;
#102 = B_SPLINE_CURVE_WITH_KNOTS ( 'NONE', 3,
 ( #4184, #2455, #2981, #3736, #1658, #3326, #4966, #1241 ),
 .UNSPECIFIED., .F., .F.,
 ( 4, 2, 2, 4 ),
 ( 0.000000000000000000, 0.0003905638316344312629, 0.0007811276632688625259, 0.001562255326537719414 ),
 .UNSPECIFIED. ) ;
#103 = AXIS2_PLACEMENT_3D ( 'NONE', #2453, #1654, #4228 ) ;
#104 = DIRECTION ( 'NONE',  ( 0.3826834323650908920, 0.9238795325112862944, -0.000000000000000000 ) ) ;
#105 = ORIENTED_EDGE ( 'NONE', *, *, #189, .F. ) ;
#106 = ADVANCED_FACE ( 'NONE', ( #499 ), #3815, .T. ) ;
#107 = ORIENTED_EDGE ( 'NONE', *, *, #4829, .T. ) ;
#108 = CARTESIAN_POINT ( 'NONE',  ( -1.012499518470407730E-14, -2.444390069387453859E-14, 43.95000000000002416 ) ) ;
#109 = STYLED_ITEM ( 'NONE', ( #1914 ), #5223 ) ;
#110 = LINE ( 'NONE', #576, #2134 ) ;
#111 = VERTEX_POINT ( 'NONE', #2726 ) ;
#112 = ORIENTED_EDGE ( 'NONE', *, *, #4069, .T. ) ;
#113 = DIRECTION ( 'NONE',  ( 0.8314696123025459018, 0.5555702330196014005, 0.000000000000000000 ) ) ;
#114 = FACE_OUTER_BOUND ( 'NONE', #1825, .T. ) ;
#115 = ADVANCED_FACE ( 'NONE', ( #4371 ), #659, .T. ) ;
#116 = CARTESIAN_POINT ( 'NONE',  ( 40.00000000000001421, 1.154700538379246577, 14.94999999999999751 ) ) ;
#117 = DIRECTION ( 'NONE',  ( 0.000000000000000000, 0.000000000000000000, -1.000000000000000000 ) ) ;
#118 = ADVANCED_FACE ( 'NONE', ( #3603 ), #4065, .F. ) ;
#119 = CARTESIAN_POINT ( 'NONE',  ( 30.86830935673204479, 20.62554490085268810, 14.44999999999998685 ) ) ;
#120 = ADVANCED_FACE ( 'NONE', ( #2356 ), #1527, .T. ) ;
#121 = LINE ( 'NONE', #1812, #370 ) ;
#122 = CARTESIAN_POINT ( 'NONE',  ( -38.00000000000000000, 2.326828918379972154E-15, 8.949999999999999289 ) ) ;
#123 = CARTESIAN_POINT ( 'NONE',  ( -37.57100766681815429, -15.77942904944728042, 9.614645361117773348 ) ) ;
#124 = CARTESIAN_POINT ( 'NONE',  ( 37.79400051296438079, 15.23760268752112879, 7.750432469955920389 ) ) ;
#125 = CARTESIAN_POINT ( 'NONE',  ( -16.51353319202326730, 37.25406986512947327, 10.00000000000000533 ) ) ;
#126 = EDGE_CURVE ( 'NONE', #1745, #4696, #906, .T. ) ;
#127 = DIRECTION ( 'NONE',  ( 0.9238795325112878487, 0.3826834323650871172, -4.930380657631322689E-32 ) ) ;
#128 = CARTESIAN_POINT ( 'NONE',  ( 13.15095629016319734, 33.94168943740305622, 7.550000000000000711 ) ) ;
#129 = ORIENTED_EDGE ( 'NONE', *, *, #4274, .T. ) ;
#130 = ORIENTED_EDGE ( 'NONE', *, *, #3011, .F. ) ;
#131 = CARTESIAN_POINT ( 'NONE',  ( -30.86830935673204479, -20.62554490085268810, 12.94999999999999751 ) ) ;
#132 = CYLINDRICAL_SURFACE ( 'NONE', #3352, 2.750000000000002665 ) ;
#133 = DIRECTION ( 'NONE',  ( 0.000000000000000000, 0.000000000000000000, -1.000000000000000000 ) ) ;
#134 = ORIENTED_EDGE ( 'NONE', *, *, #3419, .F. ) ;
#135 = CARTESIAN_POINT ( 'NONE',  ( -32.91893661499428703, -13.61538684017906675, 8.326500625874778905 ) ) ;
#136 = ORIENTED_EDGE ( 'NONE', *, *, #4853, .F. ) ;
#137 = B_SPLINE_CURVE_WITH_KNOTS ( 'NONE', 3,
 ( #4399, #4014, #43, #1848 ),
 .UNSPECIFIED., .F., .F.,
 ( 4, 4 ),
 ( 3.008699649616482529E-07, 0.001232096091803666247 ),
 .UNSPECIFIED. ) ;
#138 = PLANE ( 'NONE',  #3743 ) ;
#139 = EDGE_LOOP ( 'NONE', ( #3262, #4615, #2006, #4388 ) ) ;
#140 = CYLINDRICAL_SURFACE ( 'NONE', #2877, 1.000000000000000000 ) ;
#141 = DIRECTION ( 'NONE',  ( -0.9238795325112848511, 0.3826834323650941116, -4.930380657631322689E-32 ) ) ;
#142 = EDGE_CURVE ( 'NONE', #3069, #3832, #3200, .T. ) ;
#143 = ORIENTED_EDGE ( 'NONE', *, *, #4976, .F. ) ;
#144 = EDGE_CURVE ( 'NONE', #5110, #2767, #742, .T. ) ;
#145 = DIRECTION ( 'NONE',  ( 0.000000000000000000, -0.000000000000000000, -1.000000000000000000 ) ) ;
#146 = CARTESIAN_POINT ( 'NONE',  ( -20.62554490085234704, 32.51830935673226008, 12.94999999999999751 ) ) ;
#147 = DIRECTION ( 'NONE',  ( 0.5555702330195985139, -0.8314696123025477892, 0.000000000000000000 ) ) ;
#148 = DIRECTION ( 'NONE',  ( -0.000000000000000000, -0.000000000000000000, 1.000000000000000000 ) ) ;
#149 = DIRECTION ( 'NONE',  ( 0.000000000000000000, 0.000000000000000000, 1.000000000000000000 ) ) ;
#150 = DIRECTION ( 'NONE',  ( -0.8314696123025434593, 0.5555702330196049532, 0.000000000000000000 ) ) ;
#151 = CARTESIAN_POINT ( 'NONE',  ( -36.00000000000000000, -1.154700538379243469, 14.94999999999999751 ) ) ;
#152 = CARTESIAN_POINT ( 'NONE',  ( -30.86830935673176057, 20.62554490085312509, 12.94999999999999751 ) ) ;
#153 = AXIS2_PLACEMENT_3D ( 'NONE', #1682, #1609, #2480 ) ;
#154 = EDGE_CURVE ( 'NONE', #2950, #1745, #5218, .T. ) ;
#155 = CARTESIAN_POINT ( 'NONE',  ( -30.86830935673176057, 20.62554490085312509, 10.00000000000000533 ) ) ;
#156 = CIRCLE ( 'NONE', #2996, 29.50000000000000000 ) ;
#157 = CARTESIAN_POINT ( 'NONE',  ( -13.38453190991968533, 31.47959914212876242, 9.743217121509603729 ) ) ;
#158 = VECTOR ( 'NONE', #5174, 1000.000000000000000 ) ;
#159 = ORIENTED_EDGE ( 'NONE', *, *, #2574, .F. ) ;
#160 = ORIENTED_EDGE ( 'NONE', *, *, #2920, .T. ) ;
#161 = FACE_OUTER_BOUND ( 'NONE', #1039, .T. ) ;
#162 = AXIS2_PLACEMENT_3D ( 'NONE', #3330, #4968, #44 ) ;
#163 = AXIS2_PLACEMENT_3D ( 'NONE', #3575, #1092, #1944 ) ;
#164 = CARTESIAN_POINT ( 'NONE',  ( 2.309401076758505589, 38.00000000000000711, 14.94999999999999751 ) ) ;
#165 = CARTESIAN_POINT ( 'NONE',  ( 30.86830935673189913, -22.27554490085290695, -16.95000000000000639 ) ) ;
#166 = AXIS2_PLACEMENT_3D ( 'NONE', #1109, #4387, #646 ) ;
#167 = ORIENTED_EDGE ( 'NONE', *, *, #3054, .T. ) ;
#168 = ORIENTED_EDGE ( 'NONE', *, *, #4365, .T. ) ;
#169 = CARTESIAN_POINT ( 'NONE',  ( -18.33900346702077400, -32.39612749753588616, 12.94999999999999751 ) ) ;
#170 = CARTESIAN_POINT ( 'NONE',  ( 15.61836357855521484, -37.63816857420233930, 9.261646961280517232 ) ) ;
#171 = VERTEX_POINT ( 'NONE', #4800 ) ;
#172 = CARTESIAN_POINT ( 'NONE',  ( 23.31482942814381687, 29.07138688430920226, 14.93437499999999218 ) ) ;
#173 = CARTESIAN_POINT ( 'NONE',  ( 0.000000000000000000, 0.000000000000000000, 12.94999999999999751 ) ) ;
#174 = B_SPLINE_CURVE_WITH_KNOTS ( 'NONE', 3,
 ( #5175, #5118, #4335, #2259 ),
 .UNSPECIFIED., .F., .F.,
 ( 4, 4 ),
 ( 2.831913210263454883E-07, 0.002124322476976354783 ),
 .UNSPECIFIED. ) ;
#175 = CARTESIAN_POINT ( 'NONE',  ( 0.000000000000000000, 0.000000000000000000, 12.94999999999999751 ) ) ;
#176 = CARTESIAN_POINT ( 'NONE',  ( -23.32782114083603986, -29.06270609941826422, 14.94999999999999751 ) ) ;
#177 = CARTESIAN_POINT ( 'NONE',  ( -13.37478596115992246, -32.28958966126948127, 8.999999999999987566 ) ) ;
#178 = VERTEX_POINT ( 'NONE', #352 ) ;
#179 = VECTOR ( 'NONE', #2629, 1000.000000000000000 ) ;
#180 = DIRECTION ( 'NONE',  ( 0.5555702330196006233, -0.8314696123025464569, 0.000000000000000000 ) ) ;
#181 = EDGE_CURVE ( 'NONE', #1764, #4876, #1118, .T. ) ;
#182 = DIRECTION ( 'NONE',  ( 0.7071067811865472397, 8.659560562354930393E-17, -0.7071067811865479058 ) ) ;
#183 = CARTESIAN_POINT ( 'NONE',  ( 16.51822940138874074, 37.26540751746986047, 10.00000000000000533 ) ) ;
#184 = ORIENTED_EDGE ( 'NONE', *, *, #3378, .F. ) ;
#185 = VECTOR ( 'NONE', #850, 1000.000000000000114 ) ;
#186 = EDGE_CURVE ( 'NONE', #1130, #5109, #719, .T. ) ;
#187 = ORIENTED_EDGE ( 'NONE', *, *, #4501, .F. ) ;
#188 = CARTESIAN_POINT ( 'NONE',  ( -15.40897301310265632, -37.72445558133508570, 7.935354638882230915 ) ) ;
#189 = EDGE_CURVE ( 'NONE', #304, #4154, #4461, .T. ) ;
#190 = CYLINDRICAL_SURFACE ( 'NONE', #407, 1.649999999999998579 ) ;
#191 = CIRCLE ( 'NONE', #3221, 2.749999999999999112 ) ;
#192 = DIRECTION ( 'NONE',  ( 0.000000000000000000, 0.000000000000000000, 1.000000000000000000 ) ) ;
#193 = ORIENTED_EDGE ( 'NONE', *, *, #4212, .F. ) ;
#194 = ORIENTED_EDGE ( 'NONE', *, *, #4098, .T. ) ;
#195 = VECTOR ( 'NONE', #4149, 1000.000000000000000 ) ;
#196 = CARTESIAN_POINT ( 'NONE',  ( -34.08280010835884610, 19.46600207473673905, 12.94999999999999396 ) ) ;
#197 = ORIENTED_EDGE ( 'NONE', *, *, #1665, .T. ) ;
#198 = CARTESIAN_POINT ( 'NONE',  ( -40.75000000000000000, 4.990435706525465176E-15, 16.54499999999999815 ) ) ;
#199 = CARTESIAN_POINT ( 'NONE',  ( 40.00000000000002132, -1.154700538379235919, 12.18333680410953512 ) ) ;
#200 = ORIENTED_EDGE ( 'NONE', *, *, #2934, .T. ) ;
#201 = LINE ( 'NONE', #4413, #3726 ) ;
#202 = DIRECTION ( 'NONE',  ( 0.5879378012096689865, -0.3928474791935496757, -0.7071067811865568986 ) ) ;
#203 = DIRECTION ( 'NONE',  ( 0.000000000000000000, 0.000000000000000000, -1.000000000000000000 ) ) ;
#204 = EDGE_LOOP ( 'NONE', ( #4390, #4010 ) ) ;
#205 = FACE_OUTER_BOUND ( 'NONE', #1612, .T. ) ;
#206 = ORIENTED_EDGE ( 'NONE', *, *, #4668, .T. ) ;
#207 = CARTESIAN_POINT ( 'NONE',  ( -30.86830935673204479, -20.62554490085268810, 14.94999999999999751 ) ) ;
#208 = CARTESIAN_POINT ( 'NONE',  ( 2.309401076758506033, 38.00000000000000711, 14.12988923928204166 ) ) ;
#209 = ORIENTED_EDGE ( 'NONE', *, *, #189, .T. ) ;
#210 = EDGE_LOOP ( 'NONE', ( #3436, #751, #5124, #4560 ) ) ;
#211 = CARTESIAN_POINT ( 'NONE',  ( 0.000000000000000000, 38.00000000000000000, 7.549999999999999822 ) ) ;
#212 = CARTESIAN_POINT ( 'NONE',  ( -37.83539943878729872, -15.13471851772325039, 7.676229236918613807 ) ) ;
#213 = CARTESIAN_POINT ( 'NONE',  ( 0.000000000000000000, 0.000000000000000000, 7.549999999999999822 ) ) ;
#214 = DIRECTION ( 'NONE',  ( 0.000000000000000000, 0.000000000000000000, 1.000000000000000000 ) ) ;
#215 = EDGE_CURVE ( 'NONE', #178, #401, #1094, .T. ) ;
#216 = CARTESIAN_POINT ( 'NONE',  ( 4.653657836759941941E-15, -38.00000000000000000, 14.94999999999999751 ) ) ;
#217 = ORIENTED_EDGE ( 'NONE', *, *, #2076, .F. ) ;
#218 = ORIENTED_EDGE ( 'NONE', *, *, #4128, .T. ) ;
#219 = DIRECTION ( 'NONE',  ( -0.000000000000000000, -0.000000000000000000, 1.000000000000000000 ) ) ;
#220 = CARTESIAN_POINT ( 'NONE',  ( -30.86830935673204479, -20.62554490085268810, 12.94999999999999751 ) ) ;
#221 = ADVANCED_FACE ( 'NONE', ( #324, #1035 ), #4451, .T. ) ;
#222 = ORIENTED_EDGE ( 'NONE', *, *, #4086, .F. ) ;
#223 = EDGE_CURVE ( 'NONE', #3787, #1770, #1889, .T. ) ;
#224 = PLANE ( 'NONE',  #1891 ) ;
#225 = CARTESIAN_POINT ( 'NONE',  ( -13.00053977280015616, -33.99920536741764465, 7.549999999999999822 ) ) ;
#226 = CARTESIAN_POINT ( 'NONE',  ( 1.154700538379241248, -36.00000000000000000, 14.94999999999999751 ) ) ;
#227 = CARTESIAN_POINT ( 'NONE',  ( 20.62554490085258507, -29.21830935673211371, 12.94999999999999751 ) ) ;
#228 = CARTESIAN_POINT ( 'NONE',  ( -13.44664133756114488, -31.35986690477565020, 9.829095684402707533 ) ) ;
#229 = ORIENTED_EDGE ( 'NONE', *, *, #889, .F. ) ;
#230 = DIRECTION ( 'NONE',  ( -0.5879378012096904138, -0.3928474791935508970, -0.7071067811865384689 ) ) ;
#231 = DIRECTION ( 'NONE',  ( 1.000000000000000000, 0.000000000000000000, 0.000000000000000000 ) ) ;
#232 = LINE ( 'NONE', #2720, #4052 ) ;
#233 = DIRECTION ( 'NONE',  ( 0.5555702330195917416, -0.8314696123025521191, -0.000000000000000000 ) ) ;
#234 = EDGE_CURVE ( 'NONE', #1592, #2299, #3785, .T. ) ;
#235 = CIRCLE ( 'NONE', #1964, 2.749999999999999112 ) ;
#236 = ORIENTED_EDGE ( 'NONE', *, *, #42, .F. ) ;
#237 = EDGE_LOOP ( 'NONE', ( #2771, #2309, #2822, #4780 ) ) ;
#238 = DIRECTION ( 'NONE',  ( 0.7071067811865555663, 0.000000000000000000, 0.7071067811865394681 ) ) ;
#239 = CARTESIAN_POINT ( 'NONE',  ( -37.30758660361243528, 16.39280092405769906, 10.00000000000000711 ) ) ;
#240 = CIRCLE ( 'NONE', #3619, 3.250000000000013323 ) ;
#241 = CARTESIAN_POINT ( 'NONE',  ( 32.39612749753582222, -18.33900346702088768, 12.94999999999999751 ) ) ;
#242 = EDGE_CURVE ( 'NONE', #554, #429, #564, .T. ) ;
#243 = CARTESIAN_POINT ( 'NONE',  ( 38.00000000000000000, 2.326828918379970970E-15, 14.94999999999999751 ) ) ;
#244 = ORIENTED_EDGE ( 'NONE', *, *, #3152, .T. ) ;
#245 = ORIENTED_EDGE ( 'NONE', *, *, #636, .F. ) ;
#246 = CIRCLE ( 'NONE', #1698, 1.250000000000000444 ) ;
#247 = ORIENTED_EDGE ( 'NONE', *, *, #644, .T. ) ;
#248 = CARTESIAN_POINT ( 'NONE',  ( -30.96941727062896277, 13.91034485257888775, 10.00000000000000533 ) ) ;
#249 = DIRECTION ( 'NONE',  ( 1.000000000000000000, 0.000000000000000000, 0.000000000000000000 ) ) ;
#250 = VERTEX_POINT ( 'NONE', #2762 ) ;
#251 = CIRCLE ( 'NONE', #671, 40.75000000000002132 ) ;
#252 = VECTOR ( 'NONE', #1988, 1000.000000000000114 ) ;
#253 = CARTESIAN_POINT ( 'NONE',  ( -33.15075415196071162, 13.62780678438592652, 8.107453499034191324 ) ) ;
#254 = ORIENTED_EDGE ( 'NONE', *, *, #954, .F. ) ;
#255 = CARTESIAN_POINT ( 'NONE',  ( -37.25406986512929564, -16.51353319202365455, 10.00000000000000533 ) ) ;
#256 = EDGE_CURVE ( 'NONE', #3994, #4535, #137, .T. ) ;
#257 = VECTOR ( 'NONE', #4489, 1000.000000000000114 ) ;
#258 = EDGE_CURVE ( 'NONE', #3016, #2441, #4903, .T. ) ;
#259 = EDGE_CURVE ( 'NONE', #1645, #2648, #68, .T. ) ;
#260 = DIRECTION ( 'NONE',  ( 0.000000000000000000, 0.000000000000000000, 1.000000000000000000 ) ) ;
#261 = CARTESIAN_POINT ( 'NONE',  ( 13.91034485257834952, -30.96941727062920435, 10.00000000000000533 ) ) ;
#262 = CARTESIAN_POINT ( 'NONE',  ( -16.51822940138821849, 37.26540751747008784, 10.00000000000000533 ) ) ;
#263 = CARTESIAN_POINT ( 'NONE',  ( -15.59434986887744579, -37.64809094983493054, 9.264124374446979004 ) ) ;
#264 = CARTESIAN_POINT ( 'NONE',  ( 18.16775793607186174, -32.72183418654856979, 14.77333839633718782 ) ) ;
#265 = CARTESIAN_POINT ( 'NONE',  ( -32.39612749753595011, -18.33900346702067097, 14.44999999999998685 ) ) ;
#266 = ADVANCED_FACE ( 'NONE', ( #712 ), #2719, .F. ) ;
#267 = ORIENTED_EDGE ( 'NONE', *, *, #992, .T. ) ;
#268 = AXIS2_PLACEMENT_3D ( 'NONE', #2736, #2245, #1100 ) ;
#269 = LINE ( 'NONE', #655, #3562 ) ;
#270 = CARTESIAN_POINT ( 'NONE',  ( -37.25406986512906826, 16.51353319202417325, 10.00000000000000533 ) ) ;
#271 = DIRECTION ( 'NONE',  ( 0.000000000000000000, 0.000000000000000000, -1.000000000000000000 ) ) ;
#272 = FACE_OUTER_BOUND ( 'NONE', #210, .T. ) ;
#273 = ORIENTED_EDGE ( 'NONE', *, *, #1727, .F. ) ;
#274 = EDGE_CURVE ( 'NONE', #3358, #2244, #3621, .T. ) ;
#275 = VERTEX_POINT ( 'NONE', #1427 ) ;
#276 = VERTEX_POINT ( 'NONE', #1492 ) ;
#277 = DIRECTION ( 'NONE',  ( -0.7071067811865479058, 0.000000000000000000, -0.7071067811865471286 ) ) ;
#278 = CIRCLE ( 'NONE', #2781, 1.649999999999998579 ) ;
#279 = B_SPLINE_CURVE_WITH_KNOTS ( 'NONE', 3,
 ( #511, #4592, #92, #1780 ),
 .UNSPECIFIED., .F., .F.,
 ( 4, 4 ),
 ( 0.004193448541803038859, 0.005348149080182295657 ),
 .UNSPECIFIED. ) ;
#280 = ORIENTED_EDGE ( 'NONE', *, *, #2975, .F. ) ;
#281 = CARTESIAN_POINT ( 'NONE',  ( 18.33900346702077400, 32.39612749753588616, 14.44999999999998330 ) ) ;
#282 = VECTOR ( 'NONE', #811, 1000.000000000000000 ) ;
#283 = DIRECTION ( 'NONE',  ( 0.3826834323650908920, 0.9238795325112862944, 0.000000000000000000 ) ) ;
#284 = DIRECTION ( 'NONE',  ( -0.000000000000000000, -0.000000000000000000, 1.000000000000000000 ) ) ;
#285 = EDGE_CURVE ( 'NONE', #3344, #521, #1937, .T. ) ;
#286 = VECTOR ( 'NONE', #3052, 1000.000000000000000 ) ;
#287 = LINE ( 'NONE', #706, #2225 ) ;
#288 = DIRECTION ( 'NONE',  ( 0.3826834323650838421, -0.9238795325112891810, 0.000000000000000000 ) ) ;
#289 = VERTEX_POINT ( 'NONE', #2750 ) ;
#290 = EDGE_CURVE ( 'NONE', #5325, #3578, #4393, .T. ) ;
#291 = ORIENTED_EDGE ( 'NONE', *, *, #1162, .T. ) ;
#292 = CYLINDRICAL_SURFACE ( 'NONE', #2008, 1.649999999999998579 ) ;
#293 = CARTESIAN_POINT ( 'NONE',  ( 1.154700538379241248, -36.00000000000000000, 14.94999999999999751 ) ) ;
#294 = DIRECTION ( 'NONE',  ( 1.000000000000000000, 0.000000000000000000, 0.000000000000000000 ) ) ;
#295 = PLANE ( 'NONE',  #4824 ) ;
#296 = ORIENTED_EDGE ( 'NONE', *, *, #4112, .T. ) ;
#297 = DIRECTION ( 'NONE',  ( 1.000000000000000000, 0.000000000000000000, 0.000000000000000000 ) ) ;
#298 = ADVANCED_FACE ( 'NONE', ( #1877, #3742 ), #4923, .T. ) ;
#299 = DIRECTION ( 'NONE',  ( -0.000000000000000000, -0.000000000000000000, 1.000000000000000000 ) ) ;
#300 = CARTESIAN_POINT ( 'NONE',  ( -17.87554490085280179, -30.86830935673197729, 14.44999999999998330 ) ) ;
#301 = CARTESIAN_POINT ( 'NONE',  ( -2.309401076758501148, -38.00000000000000711, 8.949999999999999289 ) ) ;
#302 = CARTESIAN_POINT ( 'NONE',  ( -40.75000000000000000, 4.990435706525465176E-15, 7.550000000000000711 ) ) ;
#303 = ORIENTED_EDGE ( 'NONE', *, *, #2063, .T. ) ;
#304 = VERTEX_POINT ( 'NONE', #2105 ) ;
#305 = VERTEX_POINT ( 'NONE', #892 ) ;
#306 = CARTESIAN_POINT ( 'NONE',  ( -38.00000000000000000, 2.309401076758504257, 14.12988923928204699 ) ) ;
#307 = ORIENTED_EDGE ( 'NONE', *, *, #342, .F. ) ;
#308 = DIRECTION ( 'NONE',  ( -0.5555702330196020666, -0.8314696123025453467, -0.000000000000000000 ) ) ;
#309 = EDGE_LOOP ( 'NONE', ( #774, #1767, #254, #5099, #450 ) ) ;
#310 = FACE_BOUND ( 'NONE', #1904, .T. ) ;
#311 = CYLINDRICAL_SURFACE ( 'NONE', #5348, 40.75000000000000000 ) ;
#312 = EDGE_CURVE ( 'NONE', #521, #1385, #235, .T. ) ;
#313 = DIRECTION ( 'NONE',  ( -0.8660254037844401509, 0.4999999999999975020, 0.000000000000000000 ) ) ;
#314 = CARTESIAN_POINT ( 'NONE',  ( -27.61830935673173926, 20.62554490085312509, 14.94999999999999751 ) ) ;
#315 = ORIENTED_EDGE ( 'NONE', *, *, #2819, .T. ) ;
#316 = CARTESIAN_POINT ( 'NONE',  ( -29.77676431430546344, 23.20359469931988272, 14.44999999999998153 ) ) ;
#317 = CARTESIAN_POINT ( 'NONE',  ( 37.92437939013762360, -14.91220002187482230, 7.549999999999996270 ) ) ;
#318 = PLANE ( 'NONE',  #2519 ) ;
#319 = ORIENTED_EDGE ( 'NONE', *, *, #2718, .T. ) ;
#320 = EDGE_CURVE ( 'NONE', #3832, #3172, #45, .T. ) ;
#321 = CARTESIAN_POINT ( 'NONE',  ( 33.50953387876997169, -13.53766620952921507, 7.809292535134533253 ) ) ;
#322 = ADVANCED_FACE ( 'NONE', ( #1662 ), #2910, .F. ) ;
#323 = CARTESIAN_POINT ( 'NONE',  ( -37.64809094983475291, 15.59434986887783481, 9.264124374446980781 ) ) ;
#324 = FACE_BOUND ( 'NONE', #2744, .T. ) ;
#325 = DIRECTION ( 'NONE',  ( 0.000000000000000000, 0.000000000000000000, 1.000000000000000000 ) ) ;
#326 = EDGE_LOOP ( 'NONE', ( #1613, #1010, #3318, #874, #4639 ) ) ;
#327 = EDGE_LOOP ( 'NONE', ( #2362, #777, #1098, #2110 ) ) ;
#328 = ORIENTED_EDGE ( 'NONE', *, *, #2148, .F. ) ;
#329 = DIRECTION ( 'NONE',  ( -1.000000000000000000, 0.000000000000000000, -0.000000000000000000 ) ) ;
#330 = VECTOR ( 'NONE', #4058, 1000.000000000000000 ) ;
#331 = ORIENTED_EDGE ( 'NONE', *, *, #2797, .F. ) ;
#332 = AXIS2_PLACEMENT_3D ( 'NONE', #4684, #1428, #3100 ) ;
#333 = CARTESIAN_POINT ( 'NONE',  ( 20.62554490085257797, -30.86830935673211584, 14.94999999999999751 ) ) ;
#334 = ORIENTED_EDGE ( 'NONE', *, *, #181, .T. ) ;
#335 = EDGE_CURVE ( 'NONE', #1270, #2154, #2481, .T. ) ;
#336 = LINE ( 'NONE', #4102, #20 ) ;
#337 = FACE_OUTER_BOUND ( 'NONE', #2705, .T. ) ;
#338 = AXIS2_PLACEMENT_3D ( 'NONE', #743, #3687, #2325 ) ;
#339 = AXIS2_PLACEMENT_3D ( 'NONE', #1575, #3247, #4882 ) ;
#340 = DIRECTION ( 'NONE',  ( 1.000000000000000000, 0.000000000000000000, 0.000000000000000000 ) ) ;
#341 = CARTESIAN_POINT ( 'NONE',  ( -29.77676431430546344, 23.20359469931988272, 14.44999999999998153 ) ) ;
#342 = EDGE_CURVE ( 'NONE', #1490, #1411, #830, .T. ) ;
#343 = VECTOR ( 'NONE', #5183, 1000.000000000000000 ) ;
#344 = VECTOR ( 'NONE', #4677, 1000.000000000000000 ) ;
#345 = EDGE_LOOP ( 'NONE', ( #900, #648, #1045, #3232 ) ) ;
#346 = DIRECTION ( 'NONE',  ( -0.000000000000000000, -0.000000000000000000, 1.000000000000000000 ) ) ;
#347 = CARTESIAN_POINT ( 'NONE',  ( 16.39280092405730471, 37.30758660361257739, 10.00000000000000533 ) ) ;
#348 = EDGE_LOOP ( 'NONE', ( #1669, #4604, #3751, #1776 ) ) ;
#349 = VERTEX_POINT ( 'NONE', #846 ) ;
#350 = CARTESIAN_POINT ( 'NONE',  ( 15.59434986887744756, 37.64809094983494475, 8.549999999999997158 ) ) ;
#351 = ADVANCED_FACE ( 'NONE', ( #2553 ), #3356, .F. ) ;
#352 = CARTESIAN_POINT ( 'NONE',  ( -28.11830935673204479, -20.62554490085268810, 14.44999999999998685 ) ) ;
#353 = CARTESIAN_POINT ( 'NONE',  ( 13.30587011689961763, -32.07390441200793418, 9.225657132935332072 ) ) ;
#354 = ORIENTED_EDGE ( 'NONE', *, *, #2658, .T. ) ;
#355 = ADVANCED_FACE ( 'NONE', ( #4115 ), #395, .F. ) ;
#356 = ORIENTED_EDGE ( 'NONE', *, *, #1134, .F. ) ;
#357 = ORIENTED_EDGE ( 'NONE', *, *, #1223, .F. ) ;
#358 = CARTESIAN_POINT ( 'NONE',  ( -1.154700538379255459, -36.00000000000000711, 14.94999999999999751 ) ) ;
#359 = ORIENTED_EDGE ( 'NONE', *, *, #2246, .T. ) ;
#360 = VECTOR ( 'NONE', #3789, 1000.000000000000114 ) ;
#361 = ORIENTED_EDGE ( 'NONE', *, *, #4324, .F. ) ;
#362 = LINE ( 'NONE', #1622, #4333 ) ;
#363 = AXIS2_PLACEMENT_3D ( 'NONE', #919, #626, #1882 ) ;
#364 = CARTESIAN_POINT ( 'NONE',  ( -32.66523182915482693, -17.93626037356161973, 14.93437499999998685 ) ) ;
#365 = EDGE_CURVE ( 'NONE', #4070, #4816, #575, .T. ) ;
#366 = ORIENTED_EDGE ( 'NONE', *, *, #4134, .F. ) ;
#367 = VECTOR ( 'NONE', #2787, 1000.000000000000227 ) ;
#368 = CARTESIAN_POINT ( 'NONE',  ( 36.00000000000000711, -1.154700538379258568, 14.94999999999999751 ) ) ;
#369 = CARTESIAN_POINT ( 'NONE',  ( -16.51822940138874074, -37.26540751746986047, 10.00000000000000533 ) ) ;
#370 = VECTOR ( 'NONE', #962, 1000.000000000000114 ) ;
#371 = CARTESIAN_POINT ( 'NONE',  ( 33.24922162052780550, -18.90902273613863827, 13.95002554812841211 ) ) ;
#372 = CARTESIAN_POINT ( 'NONE',  ( -0.3849001794597394777, -40.00000000000002132, 12.20554977285552134 ) ) ;
#373 = ORIENTED_EDGE ( 'NONE', *, *, #53, .F. ) ;
#374 = CARTESIAN_POINT ( 'NONE',  ( -38.66956439447386629, -1.922827893369224661, 13.48500815085153803 ) ) ;
#375 = DIRECTION ( 'NONE',  ( -0.3826834323650935010, -0.9238795325112852952, 0.000000000000000000 ) ) ;
#376 = ORIENTED_EDGE ( 'NONE', *, *, #2020, .T. ) ;
#377 = VERTEX_POINT ( 'NONE', #4527 ) ;
#378 = DIRECTION ( 'NONE',  ( -0.8314696123025463459, -0.5555702330196005123, 0.000000000000000000 ) ) ;
#379 = ORIENTED_EDGE ( 'NONE', *, *, #1691, .F. ) ;
#380 = ORIENTED_EDGE ( 'NONE', *, *, #5200, .F. ) ;
#381 = CARTESIAN_POINT ( 'NONE',  ( 1.154700538379261010, 36.00000000000000711, 14.94999999999999751 ) ) ;
#382 = CARTESIAN_POINT ( 'NONE',  ( 0.000000000000000000, 0.000000000000000000, 7.550000000000000711 ) ) ;
#383 = DIRECTION ( 'NONE',  ( -0.3826834323650896152, 0.9238795325112868495, 0.000000000000000000 ) ) ;
#384 = ORIENTED_EDGE ( 'NONE', *, *, #2333, .F. ) ;
#385 = EDGE_CURVE ( 'NONE', #1498, #2940, #1277, .T. ) ;
#386 = DIRECTION ( 'NONE',  ( 0.000000000000000000, 0.000000000000000000, 1.000000000000000000 ) ) ;
#387 = CARTESIAN_POINT ( 'NONE',  ( -2.309401076758501592, -38.00000000000000711, 14.12988923928204166 ) ) ;
#388 = B_SPLINE_CURVE_WITH_KNOTS ( 'NONE', 3,
 ( #4311, #3452, #101, #4656 ),
 .UNSPECIFIED., .F., .F.,
 ( 4, 4 ),
 ( 3.565719183650790273E-07, 2.823900830286297327E-05 ),
 .UNSPECIFIED. ) ;
#389 = PLANE ( 'NONE',  #2311 ) ;
#390 = DIRECTION ( 'NONE',  ( 0.000000000000000000, 0.000000000000000000, 1.000000000000000000 ) ) ;
#391 = ORIENTED_EDGE ( 'NONE', *, *, #4291, .T. ) ;
#392 = DIRECTION ( 'NONE',  ( -0.000000000000000000, -0.000000000000000000, 1.000000000000000000 ) ) ;
#393 = CARTESIAN_POINT ( 'NONE',  ( -37.25406986512906826, 16.51353319202417325, 10.00000000000000533 ) ) ;
#394 = CARTESIAN_POINT ( 'NONE',  ( 29.34049121592799025, -22.91208633468487221, 12.94999999999999751 ) ) ;
#395 = CYLINDRICAL_SURFACE ( 'NONE', #2306, 1.649999999999998579 ) ;
#396 = ORIENTED_EDGE ( 'NONE', *, *, #466, .F. ) ;
#397 = ORIENTED_EDGE ( 'NONE', *, *, #1722, .F. ) ;
#398 = ORIENTED_EDGE ( 'NONE', *, *, #242, .F. ) ;
#399 = FACE_BOUND ( 'NONE', #2823, .T. ) ;
#400 = EDGE_CURVE ( 'NONE', #3717, #521, #4628, .T. ) ;
#401 = VERTEX_POINT ( 'NONE', #3101 ) ;
#402 = ORIENTED_EDGE ( 'NONE', *, *, #2010, .F. ) ;
#403 = VECTOR ( 'NONE', #5301, 1000.000000000000227 ) ;
#404 = CARTESIAN_POINT ( 'NONE',  ( -33.99920536741750965, 13.00053977280051321, 7.549999999999999822 ) ) ;
#405 = CARTESIAN_POINT ( 'NONE',  ( -20.62554490085236480, 30.86830935673225795, 12.94999999999999751 ) ) ;
#406 = ORIENTED_EDGE ( 'NONE', *, *, #557, .T. ) ;
#407 = AXIS2_PLACEMENT_3D ( 'NONE', #4717, #1440, #5104 ) ;
#408 = EDGE_CURVE ( 'NONE', #1246, #1063, #1483, .T. ) ;
#409 = AXIS2_PLACEMENT_3D ( 'NONE', #4027, #313, #3939 ) ;
#410 = DIRECTION ( 'NONE',  ( 0.5000000000000028866, -0.8660254037844369313, 0.000000000000000000 ) ) ;
#411 = FACE_OUTER_BOUND ( 'NONE', #920, .T. ) ;
#412 = EDGE_CURVE ( 'NONE', #1450, #3103, #1736, .T. ) ;
#413 = EDGE_CURVE ( 'NONE', #4432, #4419, #2128, .T. ) ;
#414 = VECTOR ( 'NONE', #3082, 1000.000000000000227 ) ;
#415 = CARTESIAN_POINT ( 'NONE',  ( 32.39612749753582222, -18.33900346702088768, 12.94999999999999751 ) ) ;
#416 = CIRCLE ( 'NONE', #4826, 1.649999999999998579 ) ;
#417 = DIRECTION ( 'NONE',  ( -1.000000000000000000, 0.000000000000000000, 0.000000000000000000 ) ) ;
#418 = CARTESIAN_POINT ( 'NONE',  ( 40.75000000000000000, 0.000000000000000000, 7.550000000000000711 ) ) ;
#419 = CIRCLE ( 'NONE', #921, 3.250000000000023537 ) ;
#420 = FACE_OUTER_BOUND ( 'NONE', #1510, .T. ) ;
#421 = CARTESIAN_POINT ( 'NONE',  ( -17.37554490085232928, 30.86830935673225795, 14.94999999999999751 ) ) ;
#422 = CARTESIAN_POINT ( 'NONE',  ( -1.154700538379243913, 40.00000000000001421, 12.18333680410954400 ) ) ;
#423 = ORIENTED_EDGE ( 'NONE', *, *, #502, .F. ) ;
#424 = ORIENTED_EDGE ( 'NONE', *, *, #3766, .T. ) ;
#425 = DIRECTION ( 'NONE',  ( 0.000000000000000000, 0.000000000000000000, 1.000000000000000000 ) ) ;
#426 = ORIENTED_EDGE ( 'NONE', *, *, #5265, .T. ) ;
#427 = EDGE_CURVE ( 'NONE', #2085, #1738, #3427, .T. ) ;
#428 = ORIENTED_EDGE ( 'NONE', *, *, #258, .F. ) ;
#429 = VERTEX_POINT ( 'NONE', #1029 ) ;
#430 = CARTESIAN_POINT ( 'NONE',  ( -19.18751894213295728, -33.66602064729962507, 13.45002456809159597 ) ) ;
#431 = VECTOR ( 'NONE', #4511, 1000.000000000000000 ) ;
#432 = FACE_OUTER_BOUND ( 'NONE', #3684, .T. ) ;
#433 = CARTESIAN_POINT ( 'NONE',  ( 1.154700538379261010, 36.00000000000000711, 8.949999999999999289 ) ) ;
#434 = AXIS2_PLACEMENT_3D ( 'NONE', #2075, #299, #3298 ) ;
#435 = EDGE_CURVE ( 'NONE', #3314, #4512, #2617, .T. ) ;
#436 = CARTESIAN_POINT ( 'NONE',  ( -18.33900346702033346, 32.39612749753614196, 12.94999999999999751 ) ) ;
#437 = VECTOR ( 'NONE', #2395, 1000.000000000000000 ) ;
#438 = FACE_OUTER_BOUND ( 'NONE', #139, .T. ) ;
#439 = LINE ( 'NONE', #2099, #1261 ) ;
#440 = B_SPLINE_CURVE_WITH_KNOTS ( 'NONE', 3,
 ( #4962, #5338, #1673, #1627 ),
 .UNSPECIFIED., .F., .F.,
 ( 4, 4 ),
 ( 0.005348149080182295657, 0.006502849618561541180 ),
 .UNSPECIFIED. ) ;
#441 = CIRCLE ( 'NONE', #3472, 1.650000000000002132 ) ;
#442 = CARTESIAN_POINT ( 'NONE',  ( -13.91034485257856268, -30.96941727062911198, 10.00000000000000533 ) ) ;
#443 = DIRECTION ( 'NONE',  ( 0.000000000000000000, 0.000000000000000000, 1.000000000000000000 ) ) ;
#444 = ADVANCED_FACE ( 'NONE', ( #2177 ), #991, .F. ) ;
#445 = CARTESIAN_POINT ( 'NONE',  ( 32.83240059591358317, 18.63051183165547187, 14.44999999999998863 ) ) ;
#446 = DIRECTION ( 'NONE',  ( 1.000000000000000000, 0.000000000000000000, 0.000000000000000000 ) ) ;
#447 = ORIENTED_EDGE ( 'NONE', *, *, #4509, .T. ) ;
#448 = EDGE_LOOP ( 'NONE', ( #4307, #4833, #159, #2483, #768, #635 ) ) ;
#449 = EDGE_CURVE ( 'NONE', #2764, #2672, #4151, .T. ) ;
#450 = ORIENTED_EDGE ( 'NONE', *, *, #144, .T. ) ;
#451 = DIRECTION ( 'NONE',  ( -0.000000000000000000, 0.000000000000000000, 1.000000000000000000 ) ) ;
#452 = ORIENTED_EDGE ( 'NONE', *, *, #825, .F. ) ;
#453 = ORIENTED_EDGE ( 'NONE', *, *, #5060, .T. ) ;
#454 = ORIENTED_EDGE ( 'NONE', *, *, #4600, .T. ) ;
#455 = DIRECTION ( 'NONE',  ( -1.000000000000000000, 0.000000000000000000, 0.000000000000000000 ) ) ;
#456 = CARTESIAN_POINT ( 'NONE',  ( 15.77942904944715252, -37.57100766681821824, 9.614645361117773348 ) ) ;
#457 = EDGE_CURVE ( 'NONE', #2389, #922, #5122, .T. ) ;
#458 = CARTESIAN_POINT ( 'NONE',  ( 33.24922162052794761, 18.90902273613842510, 13.95002554812838902 ) ) ;
#459 = CARTESIAN_POINT ( 'NONE',  ( -37.73500388115510873, 2.156405496209201189, 14.40367832122294800 ) ) ;
#460 = EDGE_CURVE ( 'NONE', #2381, #3617, #388, .T. ) ;
#461 = CARTESIAN_POINT ( 'NONE',  ( -20.62554490085236480, 30.86830935673225795, 12.94999999999999751 ) ) ;
#462 = CARTESIAN_POINT ( 'NONE',  ( -40.00000000000000000, 1.154700538379244801, 12.18333680410955644 ) ) ;
#463 = CYLINDRICAL_SURFACE ( 'NONE', #484, 1.649999999999998579 ) ;
#464 = ORIENTED_EDGE ( 'NONE', *, *, #242, .T. ) ;
#465 = VERTEX_POINT ( 'NONE', #3013 ) ;
#466 = EDGE_CURVE ( 'NONE', #3865, #4117, #2194, .T. ) ;
#467 = ORIENTED_EDGE ( 'NONE', *, *, #4332, .T. ) ;
#468 = CARTESIAN_POINT ( 'NONE',  ( -15.33118019918723540, -34.39961723431078155, 7.549999999999999822 ) ) ;
#469 = CARTESIAN_POINT ( 'NONE',  ( 40.00000000000002132, -0.3849001794597421422, 12.19999999999998685 ) ) ;
#470 = EDGE_LOOP ( 'NONE', ( #3860, #3112, #4430, #4806, #3566 ) ) ;
#471 = ORIENTED_EDGE ( 'NONE', *, *, #3699, .T. ) ;
#472 = ORIENTED_EDGE ( 'NONE', *, *, #4160, .F. ) ;
#473 = CARTESIAN_POINT ( 'NONE',  ( 16.03416813901299065, -37.46334134852975239, 9.891368192363458434 ) ) ;
#474 = VERTEX_POINT ( 'NONE', #2638 ) ;
#475 = EDGE_CURVE ( 'NONE', #1857, #3207, #4282, .T. ) ;
#476 = DIRECTION ( 'NONE',  ( -0.000000000000000000, -0.000000000000000000, -1.000000000000000000 ) ) ;
#477 = DIRECTION ( 'NONE',  ( 0.000000000000000000, 0.000000000000000000, -1.000000000000000000 ) ) ;
#478 = VECTOR ( 'NONE', #3191, 1000.000000000000114 ) ;
#479 = PLANE ( 'NONE',  #2067 ) ;
#480 = AXIS2_PLACEMENT_3D ( 'NONE', #2582, #3423, #4622 ) ;
#481 = EDGE_CURVE ( 'NONE', #2111, #3172, #3569, .T. ) ;
#482 = CARTESIAN_POINT ( 'NONE',  ( 37.46969110453497365, -2.003227093208113541, 14.67705938545993405 ) ) ;
#483 = DIRECTION ( 'NONE',  ( 0.6532814824381852903, -0.2705980500731053340, 0.7071067811865476838 ) ) ;
#484 = AXIS2_PLACEMENT_3D ( 'NONE', #2120, #1291, #4310 ) ;
#485 = CARTESIAN_POINT ( 'NONE',  ( -29.06377632706272607, 23.31600222553128887, 14.93957834445146737 ) ) ;
#486 = VECTOR ( 'NONE', #741, 1000.000000000000000 ) ;
#487 = AXIS2_PLACEMENT_3D ( 'NONE', #5304, #3291, #4849 ) ;
#488 = AXIS2_PLACEMENT_3D ( 'NONE', #2675, #601, #2270 ) ;
#489 = CARTESIAN_POINT ( 'NONE',  ( 0.000000000000000000, -40.75000000000000000, 7.549999999999999822 ) ) ;
#490 = DIRECTION ( 'NONE',  ( -1.051347561198063548E-14, -1.000000000000000000, 0.000000000000000000 ) ) ;
#491 = DIRECTION ( 'NONE',  ( -0.8660254037844400399, 0.4999999999999975575, 0.000000000000000000 ) ) ;
#492 = ORIENTED_EDGE ( 'NONE', *, *, #5093, .F. ) ;
#493 = VECTOR ( 'NONE', #2493, 1000.000000000000000 ) ;
#494 = ORIENTED_EDGE ( 'NONE', *, *, #2898, .F. ) ;
#495 = AXIS2_PLACEMENT_3D ( 'NONE', #3248, #4883, #4418 ) ;
#496 = LINE ( 'NONE', #3479, #4252 ) ;
#497 = DIRECTION ( 'NONE',  ( 0.4999999999999977240, 0.8660254037844399289, -0.000000000000000000 ) ) ;
#498 = EDGE_CURVE ( 'NONE', #2368, #2828, #232, .T. ) ;
#499 = FACE_OUTER_BOUND ( 'NONE', #3581, .T. ) ;
#500 = ADVANCED_FACE ( 'NONE', ( #4830 ), #650, .T. ) ;
#501 = CARTESIAN_POINT ( 'NONE',  ( 0.000000000000000000, 0.000000000000000000, 14.94999999999999751 ) ) ;
#502 = EDGE_CURVE ( 'NONE', #4764, #3553, #1610, .T. ) ;
#503 = EDGE_LOOP ( 'NONE', ( #1295, #4952 ) ) ;
#504 = ORIENTED_EDGE ( 'NONE', *, *, #4112, .F. ) ;
#505 = DIRECTION ( 'NONE',  ( -0.3826834323650909475, -0.9238795325112864054, 0.000000000000000000 ) ) ;
#506 = FACE_OUTER_BOUND ( 'NONE', #3818, .T. ) ;
#507 = EDGE_LOOP ( 'NONE', ( #974, #4449, #5224 ) ) ;
#508 = CARTESIAN_POINT ( 'NONE',  ( 32.83240059591358317, 18.63051183165547187, 14.44999999999998863 ) ) ;
#509 = LINE ( 'NONE', #5115, #3519 ) ;
#510 = DIRECTION ( 'NONE',  ( -1.000000000000000000, 0.000000000000000000, 0.000000000000000000 ) ) ;
#511 = CARTESIAN_POINT ( 'NONE',  ( -39.99999999999999289, -1.154700538379256569, 12.18333680410956532 ) ) ;
#512 = EDGE_CURVE ( 'NONE', #3429, #4350, #4769, .T. ) ;
#513 = B_SPLINE_CURVE_WITH_KNOTS ( 'NONE', 3,
 ( #4915, #371, #840, #38 ),
 .UNSPECIFIED., .F., .F.,
 ( 4, 4 ),
 ( 2.832197111906204517E-07, 0.002124322505366569008 ),
 .UNSPECIFIED. ) ;
#514 = VECTOR ( 'NONE', #2126, 1000.000000000000000 ) ;
#515 = DIRECTION ( 'NONE',  ( -0.000000000000000000, -0.000000000000000000, 1.000000000000000000 ) ) ;
#516 = CARTESIAN_POINT ( 'NONE',  ( -37.64809094983477422, 15.59434986887784191, 9.000000000000007105 ) ) ;
#517 = VECTOR ( 'NONE', #4714, 1000.000000000000000 ) ;
#518 = CARTESIAN_POINT ( 'NONE',  ( -32.39612749753568721, 18.33900346702111150, 14.44999999999998330 ) ) ;
#519 = CARTESIAN_POINT ( 'NONE',  ( -28.11830935673176413, 20.62554490085312509, 14.44999999999998330 ) ) ;
#520 = VECTOR ( 'NONE', #147, 1000.000000000000227 ) ;
#521 = VERTEX_POINT ( 'NONE', #4007 ) ;
#522 = ORIENTED_EDGE ( 'NONE', *, *, #1935, .T. ) ;
#523 = CARTESIAN_POINT ( 'NONE',  ( 23.48210560380232792, -30.19358533892023644, 13.95002554812838724 ) ) ;
#524 = ADVANCED_FACE ( 'NONE', ( #2347, #3654 ), #4446, .T. ) ;
#525 = DIRECTION ( 'NONE',  ( -0.000000000000000000, -0.000000000000000000, 1.000000000000000000 ) ) ;
#526 = B_SPLINE_CURVE_WITH_KNOTS ( 'NONE', 3,
 ( #5049, #2993, #135, #1769, #4719, #1008, #925, #2596, #1444, #1743 ),
 .UNSPECIFIED., .F., .F.,
 ( 4, 2, 2, 2, 4 ),
 ( 9.965227682168975268E-18, 0.0004721167087690069904, 0.0009442334175380040062, 0.001416350126307004166, 0.001888466835076004326 ),
 .UNSPECIFIED. ) ;
#527 = EDGE_LOOP ( 'NONE', ( #4017, #453, #1099, #1713 ) ) ;
#528 = AXIS2_PLACEMENT_3D ( 'NONE', #1930, #1900, #1051 ) ;
#529 = FACE_OUTER_BOUND ( 'NONE', #3381, .T. ) ;
#530 = EDGE_LOOP ( 'NONE', ( #4483, #107, #3171, #471 ) ) ;
#531 = CARTESIAN_POINT ( 'NONE',  ( 32.66156382974357086, 17.92130503430547250, 14.94478702375016788 ) ) ;
#532 = CARTESIAN_POINT ( 'NONE',  ( 31.36571012875820941, -12.99210252879496785, 9.000000000000007105 ) ) ;
#533 = ORIENTED_EDGE ( 'NONE', *, *, #1269, .T. ) ;
#534 = CARTESIAN_POINT ( 'NONE',  ( -2.309401076758501592, -38.00000000000000711, 14.12988923928204166 ) ) ;
#535 = CARTESIAN_POINT ( 'NONE',  ( -33.94168943740290700, 13.15095629016354373, 7.549999999999999822 ) ) ;
#536 = LINE ( 'NONE', #2192, #4147 ) ;
#537 = CARTESIAN_POINT ( 'NONE',  ( 38.00000000000000711, -2.309401076758504257, 14.12988923928204166 ) ) ;
#538 = CARTESIAN_POINT ( 'NONE',  ( -37.64809094983499449, -15.59434986887732144, 9.000000000000003553 ) ) ;
#539 = PLANE ( 'NONE',  #332 ) ;
#540 = CARTESIAN_POINT ( 'NONE',  ( -13.63698041433462471, 31.13485544182807629, 9.959865198479796788 ) ) ;
#541 = DIRECTION ( 'NONE',  ( 0.4999999999999975020, 0.8660254037844400399, 0.000000000000000000 ) ) ;
#542 = VERTEX_POINT ( 'NONE', #3980 ) ;
#543 = ORIENTED_EDGE ( 'NONE', *, *, #3873, .T. ) ;
#544 = CARTESIAN_POINT ( 'NONE',  ( 14.78998409904114375, -5.043819800812928023, 7.549999999999999822 ) ) ;
#545 = DIRECTION ( 'NONE',  ( -1.000000000000000000, 0.000000000000000000, 0.000000000000000000 ) ) ;
#546 = DIRECTION ( 'NONE',  ( 0.000000000000000000, 0.000000000000000000, 1.000000000000000000 ) ) ;
#547 = ORIENTED_EDGE ( 'NONE', *, *, #1264, .F. ) ;
#548 = DIRECTION ( 'NONE',  ( 1.000000000000000000, 0.000000000000000000, 0.000000000000000000 ) ) ;
#549 = ORIENTED_EDGE ( 'NONE', *, *, #4594, .T. ) ;
#550 = CARTESIAN_POINT ( 'NONE',  ( 40.00000000000002132, -1.154700538379235697, 8.949999999999999289 ) ) ;
#551 = VERTEX_POINT ( 'NONE', #5295 ) ;
#552 = CARTESIAN_POINT ( 'NONE',  ( 32.66523182915482693, 17.93626037356161973, 14.93437499999998863 ) ) ;
#553 = CARTESIAN_POINT ( 'NONE',  ( 32.72183418654835663, -18.16775793607222056, 14.77333839633719137 ) ) ;
#554 = VERTEX_POINT ( 'NONE', #3947 ) ;
#555 = CARTESIAN_POINT ( 'NONE',  ( -15.59434986887692709, 37.64809094983516502, 9.000000000000003553 ) ) ;
#556 = CARTESIAN_POINT ( 'NONE',  ( -16.03416813901273485, 37.46334134852985898, 9.891368192363458434 ) ) ;
#557 = EDGE_CURVE ( 'NONE', #2875, #3787, #3133, .T. ) ;
#558 = EDGE_CURVE ( 'NONE', #5110, #1692, #2649, .T. ) ;
#559 = CARTESIAN_POINT ( 'NONE',  ( 32.39612749753582222, -18.33900346702088768, 14.45000000000002593 ) ) ;
#560 = CARTESIAN_POINT ( 'NONE',  ( -36.00000000000000711, 1.154700538379254127, 14.94999999999999751 ) ) ;
#561 = ORIENTED_EDGE ( 'NONE', *, *, #3589, .T. ) ;
#562 = CARTESIAN_POINT ( 'NONE',  ( -29.05616675375484093, 23.31716372596476461, 14.94478669219462041 ) ) ;
#563 = EDGE_CURVE ( 'NONE', #2830, #2415, #1606, .T. ) ;
#564 = CIRCLE ( 'NONE', #2835, 39.25000000000000711 ) ;
#565 = CARTESIAN_POINT ( 'NONE',  ( -2.309401076758501592, -38.00000000000000711, 14.12988923928204166 ) ) ;
#566 = CIRCLE ( 'NONE', #1257, 37.25000000000000711 ) ;
#567 = CARTESIAN_POINT ( 'NONE',  ( -20.62554490085280179, -30.86830935673197729, 14.44999999999998330 ) ) ;
#568 = CIRCLE ( 'NONE', #4815, 40.75000000000000000 ) ;
#569 = PLANE ( 'NONE',  #99 ) ;
#570 = ORIENTED_EDGE ( 'NONE', *, *, #2789, .F. ) ;
#571 = ORIENTED_EDGE ( 'NONE', *, *, #1314, .F. ) ;
#572 = CARTESIAN_POINT ( 'NONE',  ( -17.87554490085236480, 30.86830935673225795, 14.44999999999997264 ) ) ;
#573 = AXIS2_PLACEMENT_3D ( 'NONE', #2272, #214, #5156 ) ;
#574 = CONICAL_SURFACE ( 'NONE', #1437, 2.749999999999999112, 0.7853981633974596033 ) ;
#575 = B_SPLINE_CURVE_WITH_KNOTS ( 'NONE', 3,
 ( #422, #4969, #3331, #918 ),
 .UNSPECIFIED., .F., .F.,
 ( 4, 4 ),
 ( 0.004193448541803028451, 0.006502849618561510822 ),
 .UNSPECIFIED. ) ;
#576 = CARTESIAN_POINT ( 'NONE',  ( 20.62554490085257086, -32.51830935673211798, -16.95000000000000639 ) ) ;
#577 = CARTESIAN_POINT ( 'NONE',  ( -32.66340280504277871, 17.92877986138647373, 14.93957866720647942 ) ) ;
#578 = VECTOR ( 'NONE', #988, 1000.000000000000000 ) ;
#579 = CARTESIAN_POINT ( 'NONE',  ( -30.86830935673176057, 20.62554490085312509, 12.94999999999999751 ) ) ;
#580 = VECTOR ( 'NONE', #1390, 1000.000000000000114 ) ;
#581 = VERTEX_POINT ( 'NONE', #1880 ) ;
#582 = ORIENTED_EDGE ( 'NONE', *, *, #2808, .F. ) ;
#583 = DIRECTION ( 'NONE',  ( 0.000000000000000000, 0.000000000000000000, 1.000000000000000000 ) ) ;
#584 = B_SPLINE_CURVE_WITH_KNOTS ( 'NONE', 3,
 ( #2628, #531, #3027, #552 ),
 .UNSPECIFIED., .F., .F.,
 ( 4, 4 ),
 ( 3.565719183613146011E-07, 2.823900830286200765E-05 ),
 .UNSPECIFIED. ) ;
#585 = ORIENTED_EDGE ( 'NONE', *, *, #2337, .F. ) ;
#586 = CARTESIAN_POINT ( 'NONE',  ( -12.99210252879485239, -31.36571012875823783, 9.000000000000007105 ) ) ;
#587 = CARTESIAN_POINT ( 'NONE',  ( 2.309401076758503368, -38.00000000000000000, 14.12988923928204343 ) ) ;
#588 =( NAMED_UNIT ( * ) PLANE_ANGLE_UNIT ( ) SI_UNIT ( $, .RADIAN. ) );
#589 = CARTESIAN_POINT ( 'NONE',  ( 32.39612749753582222, -18.33900346702088768, 14.45000000000002593 ) ) ;
#590 = LINE ( 'NONE', #4231, #1790 ) ;
#591 = EDGE_CURVE ( 'NONE', #3049, #3865, #4139, .T. ) ;
#592 = CIRCLE ( 'NONE', #1025, 1.650000000000002132 ) ;
#593 = DIRECTION ( 'NONE',  ( 0.8314696123025463459, 0.5555702330196005123, 0.000000000000000000 ) ) ;
#594 = CARTESIAN_POINT ( 'NONE',  ( -40.00000000000000000, 1.154700538379244579, 8.949999999999999289 ) ) ;
#595 = ORIENTED_EDGE ( 'NONE', *, *, #2028, .T. ) ;
#596 = CIRCLE ( 'NONE', #2514, 3.250000000000002665 ) ;
#597 = ORIENTED_EDGE ( 'NONE', *, *, #408, .T. ) ;
#598 = EDGE_CURVE ( 'NONE', #3070, #5004, #2917, .T. ) ;
#599 = FACE_OUTER_BOUND ( 'NONE', #237, .T. ) ;
#600 = EDGE_CURVE ( 'NONE', #3691, #5255, #714, .T. ) ;
#601 = DIRECTION ( 'NONE',  ( -0.3928474791935478438, 0.5879378012096757589, 0.7071067811865523467 ) ) ;
#602 = CARTESIAN_POINT ( 'NONE',  ( 17.92877986138615753, 32.66340280504296345, 14.93957866720647587 ) ) ;
#603 = CARTESIAN_POINT ( 'NONE',  ( -32.65971500261478155, 17.91383588034620544, 14.94999999999999751 ) ) ;
#604 = AXIS2_PLACEMENT_3D ( 'NONE', #1397, #4337, #2286 ) ;
#605 = ORIENTED_EDGE ( 'NONE', *, *, #4537, .T. ) ;
#606 = VERTEX_POINT ( 'NONE', #3595 ) ;
#607 = PLANE ( 'NONE',  #1219 ) ;
#608 = AXIS2_PLACEMENT_3D ( 'NONE', #3738, #4704, #3327 ) ;
#609 = DIRECTION ( 'NONE',  ( -1.000000000000000000, 0.000000000000000000, 0.000000000000000000 ) ) ;
#610 = ORIENTED_EDGE ( 'NONE', *, *, #3759, .F. ) ;
#611 = CARTESIAN_POINT ( 'NONE',  ( 36.75000000000000000, 2.326828918379970970E-15, 7.549999999999999822 ) ) ;
#612 = CARTESIAN_POINT ( 'NONE',  ( -2.444390069387457646E-14, 1.012499518470399368E-14, 43.95000000000002416 ) ) ;
#613 = B_SPLINE_CURVE_WITH_KNOTS ( 'NONE', 3,
 ( #2838, #2784, #5214, #1495, #4423, #4035, #317, #1962 ),
 .UNSPECIFIED., .F., .F.,
 ( 4, 2, 2, 4 ),
 ( 0.000000000000000000, 0.0003905635421267835360, 0.0007811270842535670720, 0.001562254168507139782 ),
 .UNSPECIFIED. ) ;
#614 = EDGE_CURVE ( 'NONE', #2243, #4263, #1141, .T. ) ;
#615 = CARTESIAN_POINT ( 'NONE',  ( -2.444390069387465219E-14, -1.012499518470380593E-14, 43.95000000000002416 ) ) ;
#616 = EDGE_CURVE ( 'NONE', #3207, #4250, #4513, .T. ) ;
#617 = CARTESIAN_POINT ( 'NONE',  ( -23.31482942814380976, -29.07138688430919515, 14.93437499999999574 ) ) ;
#618 = CARTESIAN_POINT ( 'NONE',  ( -18.39917702450415149, -32.77755000132608387, 14.61187450479805960 ) ) ;
#619 = VERTEX_POINT ( 'NONE', #415 ) ;
#620 = ADVANCED_FACE ( 'NONE', ( #66 ), #4989, .F. ) ;
#621 = ORIENTED_EDGE ( 'NONE', *, *, #4692, .F. ) ;
#622 = B_SPLINE_CURVE_WITH_KNOTS ( 'NONE', 3,
 ( #4814, #2334, #1482, #642 ),
 .UNSPECIFIED., .F., .F.,
 ( 4, 4 ),
 ( 3.008699649615673083E-07, 0.001232096091803666030 ),
 .UNSPECIFIED. ) ;
#623 = DIRECTION ( 'NONE',  ( -0.3826834323650774583, 0.9238795325112918455, 0.000000000000000000 ) ) ;
#624 = DIRECTION ( 'NONE',  ( -1.051347561198065757E-14, -1.000000000000000000, 0.000000000000000000 ) ) ;
#625 = DIRECTION ( 'NONE',  ( -1.000000000000000000, 0.000000000000000000, -0.000000000000000000 ) ) ;
#626 = DIRECTION ( 'NONE',  ( -0.000000000000000000, 0.000000000000000000, -1.000000000000000000 ) ) ;
#627 = ORIENTED_EDGE ( 'NONE', *, *, #634, .T. ) ;
#628 = ORIENTED_EDGE ( 'NONE', *, *, #3454, .F. ) ;
#629 = CARTESIAN_POINT ( 'NONE',  ( 30.86830935673204479, 20.62554490085268810, -16.95000000000000639 ) ) ;
#630 = CARTESIAN_POINT ( 'NONE',  ( -32.67391261404576142, -17.92326866086938253, 14.94999999999999751 ) ) ;
#631 = LINE ( 'NONE', #3602, #3876 ) ;
#632 = DIRECTION ( 'NONE',  ( 3.004629197474325162E-15, -1.000000000000000000, 0.000000000000000000 ) ) ;
#633 = CARTESIAN_POINT ( 'NONE',  ( 40.00000000000002132, -1.154700538379235919, 12.18333680410953512 ) ) ;
#634 = EDGE_CURVE ( 'NONE', #5327, #1892, #4295, .T. ) ;
#635 = ORIENTED_EDGE ( 'NONE', *, *, #223, .F. ) ;
#636 = EDGE_CURVE ( 'NONE', #3076, #724, #513, .T. ) ;
#637 = EDGE_CURVE ( 'NONE', #849, #1276, #74, .T. ) ;
#638 = ORIENTED_EDGE ( 'NONE', *, *, #2076, .T. ) ;
#639 = DIRECTION ( 'NONE',  ( -0.000000000000000000, -0.000000000000000000, 1.000000000000000000 ) ) ;
#640 = ORIENTED_EDGE ( 'NONE', *, *, #4941, .T. ) ;
#641 = DIRECTION ( 'NONE',  ( -0.8314696123025434593, 0.5555702330196049532, -0.000000000000000000 ) ) ;
#642 = CARTESIAN_POINT ( 'NONE',  ( 2.309401076758503368, -38.00000000000000000, 14.12988923928204343 ) ) ;
#643 = CARTESIAN_POINT ( 'NONE',  ( -15.59434986887744756, -37.64809094983494475, 8.549999999999997158 ) ) ;
#644 = EDGE_CURVE ( 'NONE', #2343, #3202, #3710, .T. ) ;
#645 = DIRECTION ( 'NONE',  ( 1.000000000000000000, -2.135044278125285565E-15, 0.000000000000000000 ) ) ;
#646 = DIRECTION ( 'NONE',  ( -1.000000000000000000, 0.000000000000000000, -0.000000000000000000 ) ) ;
#647 = EDGE_LOOP ( 'NONE', ( #3842, #1505, #3935, #585 ) ) ;
#648 = ORIENTED_EDGE ( 'NONE', *, *, #1254, .T. ) ;
#649 = EDGE_CURVE ( 'NONE', #3932, #971, #3325, .T. ) ;
#650 = CYLINDRICAL_SURFACE ( 'NONE', #5334, 1.000000000000000000 ) ;
#651 = LINE ( 'NONE', #1881, #4819 ) ;
#652 = CARTESIAN_POINT ( 'NONE',  ( 17.93626037356150604, -32.66523182915487666, 14.93437499999999041 ) ) ;
#653 = AXIS2_PLACEMENT_3D ( 'NONE', #5276, #2791, #2323 ) ;
#654 = ORIENTED_EDGE ( 'NONE', *, *, #1236, .F. ) ;
#655 = CARTESIAN_POINT ( 'NONE',  ( 29.34049121592813947, 22.91208633468467326, 12.94999999999999751 ) ) ;
#656 = CARTESIAN_POINT ( 'NONE',  ( -37.68993286153784794, -15.49404732920284999, 8.026957866220447713 ) ) ;
#657 = VECTOR ( 'NONE', #3847, 1000.000000000000114 ) ;
#658 = AXIS2_PLACEMENT_3D ( 'NONE', #5182, #1463, #5213 ) ;
#659 = PLANE ( 'NONE',  #4378 ) ;
#660 = PLANE ( 'NONE',  #3526 ) ;
#661 = ORIENTED_EDGE ( 'NONE', *, *, #2360, .T. ) ;
#662 = CARTESIAN_POINT ( 'NONE',  ( -32.07390441200789866, -13.30587011689972954, 9.225657132935333848 ) ) ;
#663 = EDGE_LOOP ( 'NONE', ( #4486, #2706, #1387, #680, #5267, #423 ) ) ;
#664 = CIRCLE ( 'NONE', #2062, 40.75000000000002132 ) ;
#665 = EDGE_CURVE ( 'NONE', #765, #2275, #568, .T. ) ;
#666 = ORIENTED_EDGE ( 'NONE', *, *, #1755, .F. ) ;
#667 = CIRCLE ( 'NONE', #2143, 3.250000000000023537 ) ;
#668 = DIRECTION ( 'NONE',  ( 0.000000000000000000, 0.000000000000000000, 1.000000000000000000 ) ) ;
#669 = EDGE_CURVE ( 'NONE', #305, #4514, #3252, .T. ) ;
#670 = ORIENTED_EDGE ( 'NONE', *, *, #5054, .T. ) ;
#671 = AXIS2_PLACEMENT_3D ( 'NONE', #4279, #1815, #3474 ) ;
#672 = VECTOR ( 'NONE', #2832, 1000.000000000000000 ) ;
#673 = ADVANCED_FACE ( 'NONE', ( #438 ), #788, .F. ) ;
#674 = DIRECTION ( 'NONE',  ( 1.000000000000000000, 3.202566417187938603E-15, 0.000000000000000000 ) ) ;
#675 = EDGE_LOOP ( 'NONE', ( #1799, #1852, #3593 ) ) ;
#676 = DIRECTION ( 'NONE',  ( -0.3826834323650774583, 0.9238795325112919565, -0.000000000000000000 ) ) ;
#677 = VECTOR ( 'NONE', #5312, 1000.000000000000114 ) ;
#678 = DIRECTION ( 'NONE',  ( -0.000000000000000000, -0.000000000000000000, 1.000000000000000000 ) ) ;
#679 = CARTESIAN_POINT ( 'NONE',  ( 29.04855815588403090, -23.31831402705229905, 14.94999999999999751 ) ) ;
#680 = ORIENTED_EDGE ( 'NONE', *, *, #42, .T. ) ;
#681 = ADVANCED_FACE ( 'NONE', ( #3760, #4183 ), #2906, .T. ) ;
#682 = VERTEX_POINT ( 'NONE', #2837 ) ;
#683 = DIRECTION ( 'NONE',  ( 0.000000000000000000, 0.000000000000000000, 1.000000000000000000 ) ) ;
#684 = CARTESIAN_POINT ( 'NONE',  ( -16.05180541683639817, -37.45552960729992975, 9.873770763081386903 ) ) ;
#685 = CARTESIAN_POINT ( 'NONE',  ( 15.59434986887744756, 37.64809094983494475, 7.250000000000000000 ) ) ;
#686 = ORIENTED_EDGE ( 'NONE', *, *, #3705, .F. ) ;
#687 = B_SPLINE_CURVE_WITH_KNOTS ( 'NONE', 3,
 ( #4801, #5323, #1918, #2411, #1095, #3577, #5219, #3604, #2763, #4400 ),
 .UNSPECIFIED., .F., .F.,
 ( 4, 2, 2, 2, 4 ),
 ( 9.965227682168975268E-18, 0.0004721167087690069904, 0.0009442334175380040062, 0.001416350126307004166, 0.001888466835076004326 ),
 .UNSPECIFIED. ) ;
#688 = CARTESIAN_POINT ( 'NONE',  ( -30.86830935673174636, 22.27554490085312366, 12.94999999999999751 ) ) ;
#689 = AXIS2_PLACEMENT_3D ( 'NONE', #220, #668, #3517 ) ;
#690 = FACE_BOUND ( 'NONE', #1127, .T. ) ;
#691 = CARTESIAN_POINT ( 'NONE',  ( -37.97190817316089095, -14.78898678107676901, 7.549999999999999822 ) ) ;
#692 = DIRECTION ( 'NONE',  ( 0.7071067811865531239, 0.000000000000000000, 0.7071067811865420216 ) ) ;
#693 = CARTESIAN_POINT ( 'NONE',  ( 18.33900346702077400, 32.39612749753588616, 12.94999999999999751 ) ) ;
#694 = AXIS2_PLACEMENT_3D ( 'NONE', #265, #1496, #4795 ) ;
#695 = ORIENTED_EDGE ( 'NONE', *, *, #1442, .T. ) ;
#696 = ORIENTED_EDGE ( 'NONE', *, *, #2834, .F. ) ;
#697 = ORIENTED_EDGE ( 'NONE', *, *, #1065, .T. ) ;
#698 = ADVANCED_FACE ( 'NONE', ( #4471 ), #389, .T. ) ;
#699 = DIRECTION ( 'NONE',  ( -1.000000000000000000, 0.000000000000000000, 0.000000000000000000 ) ) ;
#700 = CIRCLE ( 'NONE', #4416, 40.75000000000000000 ) ;
#701 = ORIENTED_EDGE ( 'NONE', *, *, #4718, .F. ) ;
#702 = CARTESIAN_POINT ( 'NONE',  ( -13.15100008829797318, 33.94167268997065889, 7.549999999999998934 ) ) ;
#703 = ORIENTED_EDGE ( 'NONE', *, *, #4790, .F. ) ;
#704 = AXIS2_PLACEMENT_3D ( 'NONE', #382, #4125, #4879 ) ;
#705 = CARTESIAN_POINT ( 'NONE',  ( -18.33900346702077400, -32.39612749753588616, 14.44999999999998330 ) ) ;
#706 = CARTESIAN_POINT ( 'NONE',  ( -30.86830935673177834, 18.97554490085312651, -16.95000000000000639 ) ) ;
#707 = LINE ( 'NONE', #4028, #4479 ) ;
#708 = VERTEX_POINT ( 'NONE', #5344 ) ;
#709 = EDGE_CURVE ( 'NONE', #4878, #2846, #2467, .T. ) ;
#710 = ORIENTED_EDGE ( 'NONE', *, *, #1787, .T. ) ;
#711 = DIRECTION ( 'NONE',  ( -0.8660254037844375974, -0.5000000000000018874, 0.000000000000000000 ) ) ;
#712 = FACE_OUTER_BOUND ( 'NONE', #4396, .T. ) ;
#713 = DIRECTION ( 'NONE',  ( 0.000000000000000000, 0.000000000000000000, 1.000000000000000000 ) ) ;
#714 = LINE ( 'NONE', #1494, #5154 ) ;
#715 = CARTESIAN_POINT ( 'NONE',  ( 18.63051183165535463, -32.83240059591364002, 14.44999999999999574 ) ) ;
#716 = CARTESIAN_POINT ( 'NONE',  ( -36.74999999999999289, 2.479909768273391483E-15, 7.549999999999999822 ) ) ;
#717 = ORIENTED_EDGE ( 'NONE', *, *, #3965, .T. ) ;
#718 = CARTESIAN_POINT ( 'NONE',  ( -17.87554490085280179, -30.86830935673197729, 14.44999999999998330 ) ) ;
#719 = LINE ( 'NONE', #2002, #4133 ) ;
#720 = FACE_OUTER_BOUND ( 'NONE', #1447, .T. ) ;
#721 = ORIENTED_EDGE ( 'NONE', *, *, #5060, .F. ) ;
#722 = DIRECTION ( 'NONE',  ( -0.000000000000000000, -0.000000000000000000, 1.000000000000000000 ) ) ;
#723 = ORIENTED_EDGE ( 'NONE', *, *, #4506, .F. ) ;
#724 = VERTEX_POINT ( 'NONE', #2429 ) ;
#725 = CARTESIAN_POINT ( 'NONE',  ( -37.64809094983499449, -15.59434986887732144, 9.000000000000003553 ) ) ;
#726 = ORIENTED_EDGE ( 'NONE', *, *, #4857, .T. ) ;
#727 = CARTESIAN_POINT ( 'NONE',  ( -13.61452987677098392, 33.26885815498429366, 8.003291054772054380 ) ) ;
#728 = ORIENTED_EDGE ( 'NONE', *, *, #1741, .F. ) ;
#729 = CARTESIAN_POINT ( 'NONE',  ( 22.91208633468476918, 29.34049121592807197, 12.94999999999999751 ) ) ;
#730 = DIRECTION ( 'NONE',  ( -0.8314696123025477892, -0.5555702330195986249, 0.000000000000000000 ) ) ;
#731 = FACE_BOUND ( 'NONE', #5288, .T. ) ;
#732 = EDGE_LOOP ( 'NONE', ( #4959, #1712, #1581, #1666, #4750 ) ) ;
#733 = EDGE_CURVE ( 'NONE', #1157, #824, #5337, .T. ) ;
#734 = ADVANCED_FACE ( 'NONE', ( #4680 ), #1337, .T. ) ;
#735 = EDGE_CURVE ( 'NONE', #2764, #4341, #3870, .T. ) ;
#736 = CARTESIAN_POINT ( 'NONE',  ( 13.37478596115992246, 32.28958966126948127, 8.999999999999987566 ) ) ;
#737 = FACE_OUTER_BOUND ( 'NONE', #4269, .T. ) ;
#738 = CARTESIAN_POINT ( 'NONE',  ( -20.62554490085238257, 29.21830935673225582, 10.00000000000000533 ) ) ;
#739 = VERTEX_POINT ( 'NONE', #3806 ) ;
#740 = CARTESIAN_POINT ( 'NONE',  ( -20.62554490085236480, 30.86830935673225795, 12.94999999999999751 ) ) ;
#741 = DIRECTION ( 'NONE',  ( -0.000000000000000000, -0.000000000000000000, -1.000000000000000000 ) ) ;
#742 = LINE ( 'NONE', #4039, #3084 ) ;
#743 = CARTESIAN_POINT ( 'NONE',  ( 1.154700538379261010, 36.00000000000000711, 14.94999999999999751 ) ) ;
#744 = B_SPLINE_CURVE_WITH_KNOTS ( 'NONE', 3,
 ( #3937, #3588, #4759, #5231 ),
 .UNSPECIFIED., .F., .F.,
 ( 4, 4 ),
 ( 2.831913210172207200E-07, 0.002124322476976342640 ),
 .UNSPECIFIED. ) ;
#745 = ORIENTED_EDGE ( 'NONE', *, *, #709, .F. ) ;
#746 = CARTESIAN_POINT ( 'NONE',  ( -32.18488387400991257, -13.33141540401792469, 9.113332727455263793 ) ) ;
#747 = ORIENTED_EDGE ( 'NONE', *, *, #186, .F. ) ;
#748 = VERTEX_POINT ( 'NONE', #3883 ) ;
#749 = CARTESIAN_POINT ( 'NONE',  ( 29.34049121592813947, 22.91208633468467326, 12.94999999999999751 ) ) ;
#750 = VECTOR ( 'NONE', #5146, 1000.000000000000114 ) ;
#751 = ORIENTED_EDGE ( 'NONE', *, *, #4098, .F. ) ;
#752 = AXIS2_PLACEMENT_3D ( 'NONE', #207, #3039, #4626 ) ;
#753 = CARTESIAN_POINT ( 'NONE',  ( -33.50953387876988643, 13.53766620952945665, 7.809292535134533253 ) ) ;
#754 = AXIS2_PLACEMENT_3D ( 'NONE', #3349, #814, #4987 ) ;
#755 = ORIENTED_EDGE ( 'NONE', *, *, #5176, .F. ) ;
#756 = LINE ( 'NONE', #4077, #4920 ) ;
#757 = AXIS2_PLACEMENT_3D ( 'NONE', #5319, #3570, #3596 ) ;
#758 = CIRCLE ( 'NONE', #2753, 37.25000000000000711 ) ;
#759 = FACE_OUTER_BOUND ( 'NONE', #2438, .T. ) ;
#760 = CARTESIAN_POINT ( 'NONE',  ( 31.48197939651912236, -13.38359129099635325, 9.741392557565523802 ) ) ;
#761 = AXIS2_PLACEMENT_3D ( 'NONE', #119, #3445, #3005 ) ;
#762 = CARTESIAN_POINT ( 'NONE',  ( 0.000000000000000000, 0.000000000000000000, 10.00000000000000533 ) ) ;
#763 = DIRECTION ( 'NONE',  ( -0.9238795325112862944, 0.3826834323650908920, -1.099064721078641162E-15 ) ) ;
#764 = CARTESIAN_POINT ( 'NONE',  ( -17.92877986138567792, 32.66340280504322635, 14.93957866720647409 ) ) ;
#765 = VERTEX_POINT ( 'NONE', #910 ) ;
#766 = ADVANCED_FACE ( 'NONE', ( #5037 ), #3036, .T. ) ;
#767 = CARTESIAN_POINT ( 'NONE',  ( 13.37478596115969864, -32.28958966126956653, 8.999999999999994671 ) ) ;
#768 = ORIENTED_EDGE ( 'NONE', *, *, #5226, .F. ) ;
#769 = ADVANCED_FACE ( 'NONE', ( #987 ), #3910, .F. ) ;
#770 = ORIENTED_EDGE ( 'NONE', *, *, #1201, .F. ) ;
#771 = ORIENTED_EDGE ( 'NONE', *, *, #3974, .F. ) ;
#772 = EDGE_CURVE ( 'NONE', #2111, #7, #3448, .T. ) ;
#773 = CARTESIAN_POINT ( 'NONE',  ( 29.07138688430914186, -23.31482942814388437, 14.93437499999999396 ) ) ;
#774 = ORIENTED_EDGE ( 'NONE', *, *, #4600, .F. ) ;
#775 = VECTOR ( 'NONE', #5307, 1000.000000000000114 ) ;
#776 = UNCERTAINTY_MEASURE_WITH_UNIT (LENGTH_MEASURE( 1.000000000000000082E-05 ), #2222, 'distance_accuracy_value', 'NONE');
#777 = ORIENTED_EDGE ( 'NONE', *, *, #1391, .T. ) ;
#778 = CARTESIAN_POINT ( 'NONE',  ( -13.62780678438557835, -33.15075415196086084, 8.107453499034193101 ) ) ;
#779 = CARTESIAN_POINT ( 'NONE',  ( 38.00000000000000711, -2.309401076758504257, 14.12988923928204166 ) ) ;
#780 = AXIS2_PLACEMENT_3D ( 'NONE', #211, #5152, #4772 ) ;
#781 = CARTESIAN_POINT ( 'NONE',  ( -32.39612749753568721, 18.33900346702111150, 14.44999999999998330 ) ) ;
#782 = ORIENTED_EDGE ( 'NONE', *, *, #2119, .T. ) ;
#783 = VECTOR ( 'NONE', #3061, 1000.000000000000000 ) ;
#784 = FACE_OUTER_BOUND ( 'NONE', #3772, .T. ) ;
#785 = DIRECTION ( 'NONE',  ( 0.5555702330196036209, 0.8314696123025442365, 0.000000000000000000 ) ) ;
#786 = EDGE_CURVE ( 'NONE', #5197, #2368, #2226, .T. ) ;
#787 = AXIS2_PLACEMENT_3D ( 'NONE', #4834, #1967, #3224 ) ;
#788 = PLANE ( 'NONE',  #3089 ) ;
#789 = B_SPLINE_CURVE_WITH_KNOTS ( 'NONE', 3,
 ( #4522, #2024, #3682, #1195 ),
 .UNSPECIFIED., .F., .F.,
 ( 4, 4 ),
 ( 3.007258356828280394E-07, 0.003020631786532407530 ),
 .UNSPECIFIED. ) ;
#790 = CARTESIAN_POINT ( 'NONE',  ( 29.30692352854619998, 23.27853290582602597, 14.77333839633718782 ) ) ;
#791 = DIRECTION ( 'NONE',  ( 1.000000000000000000, 0.000000000000000000, 0.000000000000000000 ) ) ;
#792 = EDGE_CURVE ( 'NONE', #275, #1846, #963, .T. ) ;
#793 = DIRECTION ( 'NONE',  ( 0.3928474791935572252, 0.5879378012096819761, 0.7071067811865420216 ) ) ;
#794 = ORIENTED_EDGE ( 'NONE', *, *, #4097, .T. ) ;
#795 = DIRECTION ( 'NONE',  ( 3.004629197474325162E-15, -1.000000000000000000, 0.000000000000000000 ) ) ;
#796 = CARTESIAN_POINT ( 'NONE',  ( 0.000000000000000000, 38.00000000000000000, 14.94999999999999751 ) ) ;
#797 = ORIENTED_EDGE ( 'NONE', *, *, #285, .T. ) ;
#798 = ORIENTED_EDGE ( 'NONE', *, *, #786, .T. ) ;
#799 = ORIENTED_EDGE ( 'NONE', *, *, #1198, .F. ) ;
#800 = CARTESIAN_POINT ( 'NONE',  ( 29.34049121592813947, 22.91208633468467326, 12.94999999999999751 ) ) ;
#801 = EDGE_CURVE ( 'NONE', #748, #4602, #3521, .T. ) ;
#802 = VERTEX_POINT ( 'NONE', #885 ) ;
#803 = EDGE_CURVE ( 'NONE', #4975, #4644, #2127, .T. ) ;
#804 = EDGE_CURVE ( 'NONE', #4482, #1256, #5117, .T. ) ;
#805 = ORIENTED_EDGE ( 'NONE', *, *, #2942, .F. ) ;
#806 = CARTESIAN_POINT ( 'NONE',  ( 30.86830935673204479, 20.62554490085268810, -16.95000000000000639 ) ) ;
#807 = FACE_BOUND ( 'NONE', #3119, .T. ) ;
#808 = VERTEX_POINT ( 'NONE', #1731 ) ;
#809 = LINE ( 'NONE', #2473, #1703 ) ;
#810 = LINE ( 'NONE', #4181, #2068 ) ;
#811 = DIRECTION ( 'NONE',  ( -0.000000000000000000, -0.000000000000000000, -1.000000000000000000 ) ) ;
#812 = CARTESIAN_POINT ( 'NONE',  ( 38.00000000000000000, 2.326828918379970970E-15, 14.94999999999999751 ) ) ;
#813 = EDGE_CURVE ( 'NONE', #3076, #1426, #3401, .T. ) ;
#814 = DIRECTION ( 'NONE',  ( 0.000000000000000000, 0.000000000000000000, 1.000000000000000000 ) ) ;
#815 = LINE ( 'NONE', #4110, #3532 ) ;
#816 = DIRECTION ( 'NONE',  ( -0.8314696123025423491, 0.5555702330196065075, 0.000000000000000000 ) ) ;
#817 = ADVANCED_FACE ( 'NONE', ( #3852 ), #4230, .F. ) ;
#818 = CARTESIAN_POINT ( 'NONE',  ( 37.64809094983499449, 15.59434986887732144, 10.00000000000000533 ) ) ;
#819 = FACE_BOUND ( 'NONE', #2509, .T. ) ;
#820 = ORIENTED_EDGE ( 'NONE', *, *, #5176, .T. ) ;
#821 = VERTEX_POINT ( 'NONE', #2171 ) ;
#822 = ORIENTED_EDGE ( 'NONE', *, *, #3270, .T. ) ;
#823 = CARTESIAN_POINT ( 'NONE',  ( 29.30692352854606142, -23.27853290582618584, 14.77333839633720380 ) ) ;
#824 = VERTEX_POINT ( 'NONE', #3827 ) ;
#825 = EDGE_CURVE ( 'NONE', #3546, #2950, #3363, .T. ) ;
#826 = B_SPLINE_CURVE_WITH_KNOTS ( 'NONE', 3,
 ( #2562, #5217, #1968, #4867 ),
 .UNSPECIFIED., .F., .F.,
 ( 4, 4 ),
 ( 3.008699649632076406E-07, 0.001232096091803664729 ),
 .UNSPECIFIED. ) ;
#827 = ORIENTED_EDGE ( 'NONE', *, *, #3766, .F. ) ;
#828 = CARTESIAN_POINT ( 'NONE',  ( 23.31482942814362858, -29.07138688430934437, 14.93437499999999751 ) ) ;
#829 = ORIENTED_EDGE ( 'NONE', *, *, #2548, .F. ) ;
#830 = CIRCLE ( 'NONE', #4715, 2.749999999999999112 ) ;
#831 = DIRECTION ( 'NONE',  ( -0.000000000000000000, -0.000000000000000000, -1.000000000000000000 ) ) ;
#832 = CARTESIAN_POINT ( 'NONE',  ( -18.63051183165557845, -32.83240059591353344, 14.44999999999998330 ) ) ;
#833 = ORIENTED_EDGE ( 'NONE', *, *, #3338, .F. ) ;
#834 = AXIS2_PLACEMENT_3D ( 'NONE', #2805, #3090, #2283 ) ;
#835 = CARTESIAN_POINT ( 'NONE',  ( 34.08280010835910190, 19.46600207473627719, 12.94999999999999751 ) ) ;
#836 = CARTESIAN_POINT ( 'NONE',  ( -36.00000000000000711, 1.154700538379254127, 8.949999999999999289 ) ) ;
#837 = CARTESIAN_POINT ( 'NONE',  ( 1.154700538379249020, -40.00000000000001421, 12.18333680410954400 ) ) ;
#838 = EDGE_CURVE ( 'NONE', #5191, #765, #3953, .T. ) ;
#839 = VECTOR ( 'NONE', #2078, 1000.000000000000227 ) ;
#840 = CARTESIAN_POINT ( 'NONE',  ( 33.66602064729954691, -19.18751894213306741, 13.45002456809161906 ) ) ;
#841 = VECTOR ( 'NONE', #2761, 1000.000000000000000 ) ;
#842 = DIRECTION ( 'NONE',  ( -0.000000000000000000, -0.000000000000000000, 1.000000000000000000 ) ) ;
#843 = LINE ( 'NONE', #4890, #2443 ) ;
#844 = CARTESIAN_POINT ( 'NONE',  ( 18.33900346702055728, -32.39612749753600696, 14.44999999999998508 ) ) ;
#845 = CARTESIAN_POINT ( 'NONE',  ( 30.86830935673204479, 20.62554490085268810, 12.94999999999999751 ) ) ;
#846 = CARTESIAN_POINT ( 'NONE',  ( 32.65971500261503024, 17.91383588034575425, 14.94999999999999751 ) ) ;
#847 = ORIENTED_EDGE ( 'NONE', *, *, #3270, .F. ) ;
#848 = EDGE_CURVE ( 'NONE', #3236, #275, #1737, .T. ) ;
#849 = VERTEX_POINT ( 'NONE', #1987 ) ;
#850 = DIRECTION ( 'NONE',  ( 0.8314696123025423491, -0.5555702330196065075, -0.000000000000000000 ) ) ;
#851 = ORIENTED_EDGE ( 'NONE', *, *, #5209, .T. ) ;
#852 = EDGE_CURVE ( 'NONE', #3069, #2111, #3181, .T. ) ;
#853 = ORIENTED_EDGE ( 'NONE', *, *, #126, .F. ) ;
#854 = ORIENTED_EDGE ( 'NONE', *, *, #4829, .F. ) ;
#855 = DIRECTION ( 'NONE',  ( 0.000000000000000000, -0.000000000000000000, 1.000000000000000000 ) ) ;
#856 = CARTESIAN_POINT ( 'NONE',  ( 13.53825346023730702, -33.50812172209206352, 7.810380945738489622 ) ) ;
#857 = AXIS2_PLACEMENT_3D ( 'NONE', #2601, #2187, #3844 ) ;
#858 = EDGE_LOOP ( 'NONE', ( #134, #1231 ) ) ;
#859 = DIRECTION ( 'NONE',  ( -3.004629197474320824E-15, 1.000000000000000000, 0.000000000000000000 ) ) ;
#860 = CARTESIAN_POINT ( 'NONE',  ( 1.104444816093237222E-14, 4.574760217184689704E-15, 9.000000000000003553 ) ) ;
#861 = AXIS2_PLACEMENT_3D ( 'NONE', #2281, #5202, #3936 ) ;
#862 = EDGE_CURVE ( 'NONE', #808, #5177, #287, .T. ) ;
#863 = ADVANCED_FACE ( 'NONE', ( #2690 ), #3124, .F. ) ;
#864 = DIRECTION ( 'NONE',  ( 0.5000000000000022204, -0.8660254037844372643, 0.000000000000000000 ) ) ;
#865 = CARTESIAN_POINT ( 'NONE',  ( -16.51822940138821849, 37.26540751747008784, 9.000000000000005329 ) ) ;
#866 = AXIS2_PLACEMENT_3D ( 'NONE', #5321, #2864, #297 ) ;
#867 = CARTESIAN_POINT ( 'NONE',  ( -23.76060180979653325, 30.61038436569213772, 13.45002456809159774 ) ) ;
#868 = FACE_OUTER_BOUND ( 'NONE', #4873, .T. ) ;
#869 = ORIENTED_EDGE ( 'NONE', *, *, #4913, .F. ) ;
#870 = EDGE_LOOP ( 'NONE', ( #4629, #3802, #1227, #2967 ) ) ;
#871 = ORIENTED_EDGE ( 'NONE', *, *, #259, .F. ) ;
#872 = CARTESIAN_POINT ( 'NONE',  ( 0.000000000000000000, 0.000000000000000000, 14.94999999999999751 ) ) ;
#873 = ADVANCED_FACE ( 'NONE', ( #1512 ), #4855, .F. ) ;
#874 = ORIENTED_EDGE ( 'NONE', *, *, #4857, .F. ) ;
#875 = EDGE_LOOP ( 'NONE', ( #710, #4713, #782, #1396 ) ) ;
#876 = ORIENTED_EDGE ( 'NONE', *, *, #400, .F. ) ;
#877 = CARTESIAN_POINT ( 'NONE',  ( -32.66523182915457113, 17.93626037356206737, 14.93437499999999041 ) ) ;
#878 = LINE ( 'NONE', #3466, #1639 ) ;
#879 = EDGE_CURVE ( 'NONE', #2090, #824, #4053, .T. ) ;
#880 = ORIENTED_EDGE ( 'NONE', *, *, #3354, .T. ) ;
#881 = LINE ( 'NONE', #2544, #4142 ) ;
#882 = LINE ( 'NONE', #36, #1982 ) ;
#883 = PLANE ( 'NONE',  #5165 ) ;
#884 = CARTESIAN_POINT ( 'NONE',  ( 29.07138688430925200, 23.31482942814374582, 14.93437499999999396 ) ) ;
#885 = CARTESIAN_POINT ( 'NONE',  ( -13.00053977280015616, -33.99920536741764465, 7.549999999999999822 ) ) ;
#886 = CARTESIAN_POINT ( 'NONE',  ( -38.66956439447386629, 1.922827893369224661, 13.48500815085153803 ) ) ;
#887 = ADVANCED_FACE ( 'NONE', ( #3211 ), #2776, .F. ) ;
#888 = DIRECTION ( 'NONE',  ( -0.5879378012096736494, -0.3928474791935375743, 0.7071067811865597852 ) ) ;
#889 = EDGE_CURVE ( 'NONE', #3202, #3578, #1788, .T. ) ;
#890 = CARTESIAN_POINT ( 'NONE',  ( -23.20359469931917218, 29.77676431430603543, 14.44999999999997264 ) ) ;
#891 = DIRECTION ( 'NONE',  ( -1.000000000000000000, 0.000000000000000000, 0.000000000000000000 ) ) ;
#892 = CARTESIAN_POINT ( 'NONE',  ( -14.66577412700067207, 38.01943672985960632, 7.550000000000000711 ) ) ;
#893 = EDGE_LOOP ( 'NONE', ( #4847, #2376, #3628, #3874 ) ) ;
#894 = ORIENTED_EDGE ( 'NONE', *, *, #1254, .F. ) ;
#895 = ORIENTED_EDGE ( 'NONE', *, *, #2435, .T. ) ;
#896 = LINE ( 'NONE', #1271, #4672 ) ;
#897 = CARTESIAN_POINT ( 'NONE',  ( 16.51353319202378245, 37.25406986512923879, 10.00000000000000533 ) ) ;
#898 = VERTEX_POINT ( 'NONE', #2742 ) ;
#899 = EDGE_CURVE ( 'NONE', #178, #2368, #2490, .T. ) ;
#900 = ORIENTED_EDGE ( 'NONE', *, *, #2580, .T. ) ;
#901 = VERTEX_POINT ( 'NONE', #227 ) ;
#902 = CARTESIAN_POINT ( 'NONE',  ( -32.07502374124832301, 13.30617926224529057, 9.224504124157645535 ) ) ;
#903 = CARTESIAN_POINT ( 'NONE',  ( -15.33118019918723540, -34.39961723431078155, 8.549999999999998934 ) ) ;
#904 = CARTESIAN_POINT ( 'NONE',  ( -29.54204840701713408, -23.24144735566029141, 14.61187450479806849 ) ) ;
#905 = FACE_OUTER_BOUND ( 'NONE', #2554, .T. ) ;
#906 = CIRCLE ( 'NONE', #5149, 1.250000000000007994 ) ;
#907 = DIRECTION ( 'NONE',  ( -0.8314696123025453467, 0.5555702330196020666, 0.000000000000000000 ) ) ;
#908 = CARTESIAN_POINT ( 'NONE',  ( 32.51830935673203982, 20.62554490085268810, 12.94999999999999751 ) ) ;
#909 = AXIS2_PLACEMENT_3D ( 'NONE', #2241, #3838, #2624 ) ;
#910 = CARTESIAN_POINT ( 'NONE',  ( -38.01943672985924394, 14.66577412700159933, 7.550000000000000711 ) ) ;
#911 = LINE ( 'NONE', #560, #578 ) ;
#912 = CIRCLE ( 'NONE', #4141, 1.649999999999998579 ) ;
#913 = CIRCLE ( 'NONE', #3971, 1.649999999999998579 ) ;
#914 = DIRECTION ( 'NONE',  ( -0.9238795325112891810, -0.3826834323650838421, -1.099064721078640965E-15 ) ) ;
#915 = CIRCLE ( 'NONE', #2142, 36.39999999999999147 ) ;
#916 = AXIS2_PLACEMENT_3D ( 'NONE', #1080, #288, #2743 ) ;
#917 = DIRECTION ( 'NONE',  ( 0.5555702330196036209, 0.8314696123025442365, 0.000000000000000000 ) ) ;
#918 = CARTESIAN_POINT ( 'NONE',  ( 1.154700538379238361, 40.00000000000002132, 12.18333680410953512 ) ) ;
#919 = CARTESIAN_POINT ( 'NONE',  ( -15.59434986887692709, 37.64809094983516502, 10.00000000000000533 ) ) ;
#920 = EDGE_LOOP ( 'NONE', ( #1348, #31, #3599, #1497 ) ) ;
#921 = AXIS2_PLACEMENT_3D ( 'NONE', #4050, #5290, #4126 ) ;
#922 = VERTEX_POINT ( 'NONE', #1871 ) ;
#923 = DIRECTION ( 'NONE',  ( -3.784851220313034736E-15, -1.000000000000000000, 0.000000000000000000 ) ) ;
#924 = CARTESIAN_POINT ( 'NONE',  ( 17.92130503430560395, 32.66156382974349981, 14.94478702375016788 ) ) ;
#925 = CARTESIAN_POINT ( 'NONE',  ( -33.62876758745462524, -13.47493578079135901, 7.722236169159778285 ) ) ;
#926 = ORIENTED_EDGE ( 'NONE', *, *, #3152, .F. ) ;
#927 = ORIENTED_EDGE ( 'NONE', *, *, #4477, .T. ) ;
#928 = PLANE ( 'NONE',  #857 ) ;
#929 = ORIENTED_EDGE ( 'NONE', *, *, #5002, .T. ) ;
#930 = CARTESIAN_POINT ( 'NONE',  ( 30.86830935673204479, 20.62554490085268810, 12.94999999999999751 ) ) ;
#931 = CARTESIAN_POINT ( 'NONE',  ( 38.00000000000000711, -2.309401076758503812, 14.94999999999999751 ) ) ;
#932 = AXIS2_PLACEMENT_3D ( 'NONE', #4484, #425, #3313 ) ;
#933 = CARTESIAN_POINT ( 'NONE',  ( 30.86830935673189913, -22.27554490085290695, 10.00000000000000533 ) ) ;
#934 = CARTESIAN_POINT ( 'NONE',  ( -20.62554490085236480, 30.86830935673225795, 14.44999999999997264 ) ) ;
#935 = CONICAL_SURFACE ( 'NONE', #5015, 37.25000000000000711, 0.7853981633974488341 ) ;
#936 = DIRECTION ( 'NONE',  ( 0.000000000000000000, 0.000000000000000000, 1.000000000000000000 ) ) ;
#937 = CARTESIAN_POINT ( 'NONE',  ( -13.91034485257856268, -30.96941727062911198, 10.00000000000000533 ) ) ;
#938 = CYLINDRICAL_SURFACE ( 'NONE', #5018, 2.749999999999999112 ) ;
#939 = VECTOR ( 'NONE', #1523, 1000.000000000000114 ) ;
#940 = B_SPLINE_CURVE_WITH_KNOTS ( 'NONE', 3,
 ( #2339, #1931, #4000, #5233 ),
 .UNSPECIFIED., .F., .F.,
 ( 4, 4 ),
 ( 0.004193448541803028451, 0.005348149080182269637 ),
 .UNSPECIFIED. ) ;
#941 = CARTESIAN_POINT ( 'NONE',  ( -2.003227093208113097, -37.46969110453497365, 14.67705938545993050 ) ) ;
#942 = CARTESIAN_POINT ( 'NONE',  ( -13.91034485257813458, 30.96941727062930383, 10.00000000000000533 ) ) ;
#943 = DIRECTION ( 'NONE',  ( -0.000000000000000000, -0.000000000000000000, 1.000000000000000000 ) ) ;
#944 = EDGE_CURVE ( 'NONE', #2652, #3135, #758, .T. ) ;
#945 = AXIS2_PLACEMENT_3D ( 'NONE', #5340, #3703, #15 ) ;
#946 = EDGE_LOOP ( 'NONE', ( #1865, #5043, #4803, #1744 ) ) ;
#947 = ORIENTED_EDGE ( 'NONE', *, *, #4588, .F. ) ;
#948 = FACE_OUTER_BOUND ( 'NONE', #3077, .T. ) ;
#949 = CIRCLE ( 'NONE', #5024, 29.50000000000000000 ) ;
#950 = CARTESIAN_POINT ( 'NONE',  ( 0.000000000000000000, 0.000000000000000000, 14.94999999999999751 ) ) ;
#951 = DIRECTION ( 'NONE',  ( -0.000000000000000000, -0.000000000000000000, -1.000000000000000000 ) ) ;
#952 = CARTESIAN_POINT ( 'NONE',  ( -22.91208633468436418, 29.34049121592837750, 12.94999999999999751 ) ) ;
#953 = ORIENTED_EDGE ( 'NONE', *, *, #256, .F. ) ;
#954 = EDGE_CURVE ( 'NONE', #3135, #1738, #667, .T. ) ;
#955 = ORIENTED_EDGE ( 'NONE', *, *, #4458, .F. ) ;
#956 = CARTESIAN_POINT ( 'NONE',  ( -18.33900346702033346, 32.39612749753614196, 14.44999999999997264 ) ) ;
#957 = ADVANCED_FACE ( 'NONE', ( #4334 ), #574, .F. ) ;
#958 = ORIENTED_EDGE ( 'NONE', *, *, #3563, .F. ) ;
#959 = EDGE_CURVE ( 'NONE', #5177, #5255, #2921, .T. ) ;
#960 = CARTESIAN_POINT ( 'NONE',  ( -29.07138688430925555, -23.31482942814373516, 14.93437500000000107 ) ) ;
#961 = CARTESIAN_POINT ( 'NONE',  ( -15.59434986887692354, 37.64809094983517213, 9.132062257545566553 ) ) ;
#962 = DIRECTION ( 'NONE',  ( -0.2705980500730985061, -0.6532814824381880658, 0.7071067811865476838 ) ) ;
#963 = LINE ( 'NONE', #176, #3273 ) ;
#964 = CARTESIAN_POINT ( 'NONE',  ( 1.250000000000005107, -38.00000000000000000, 7.549999999999999822 ) ) ;
#965 = CARTESIAN_POINT ( 'NONE',  ( 20.62554490085257797, -30.86830935673211584, 14.44999999999998508 ) ) ;
#966 = CARTESIAN_POINT ( 'NONE',  ( 13.61558292786001800, 32.91934494084331675, 8.326048915410019902 ) ) ;
#967 = LINE ( 'NONE', #1464, #4217 ) ;
#968 = ORIENTED_EDGE ( 'NONE', *, *, #792, .F. ) ;
#969 = ORIENTED_EDGE ( 'NONE', *, *, #852, .T. ) ;
#970 = PLANE ( 'NONE',  #3653 ) ;
#971 = VERTEX_POINT ( 'NONE', #3564 ) ;
#972 = FACE_OUTER_BOUND ( 'NONE', #5222, .T. ) ;
#973 = EDGE_CURVE ( 'NONE', #3146, #4368, #5205, .T. ) ;
#974 = ORIENTED_EDGE ( 'NONE', *, *, #3400, .F. ) ;
#975 = LINE ( 'NONE', #550, #367 ) ;
#976 = EDGE_LOOP ( 'NONE', ( #2290, #1920, #4841, #1806 ) ) ;
#977 = B_SPLINE_CURVE_WITH_KNOTS ( 'NONE', 3,
 ( #3862, #2621, #4582, #1686 ),
 .UNSPECIFIED., .F., .F.,
 ( 4, 4 ),
 ( 3.553645422211600236E-07, 0.0008632282528006514615 ),
 .UNSPECIFIED. ) ;
#978 = DIRECTION ( 'NONE',  ( 4.205390244792263185E-15, 1.000000000000000000, 0.000000000000000000 ) ) ;
#979 = ORIENTED_EDGE ( 'NONE', *, *, #4509, .F. ) ;
#980 = EDGE_CURVE ( 'NONE', #2846, #3146, #940, .T. ) ;
#981 = CARTESIAN_POINT ( 'NONE',  ( -30.61038436569187837, -23.76060180979685299, 13.45002456809160307 ) ) ;
#982 = CARTESIAN_POINT ( 'NONE',  ( -29.50000000000000000, 3.612708057484691604E-15, 14.94999999999999751 ) ) ;
#983 = DIRECTION ( 'NONE',  ( -1.000000000000000000, 0.000000000000000000, 0.000000000000000000 ) ) ;
#984 = CARTESIAN_POINT ( 'NONE',  ( -39.99999999999999289, -1.154700538379256569, 14.94999999999999751 ) ) ;
#985 = B_SPLINE_CURVE_WITH_KNOTS ( 'NONE', 3,
 ( #565, #1820, #941, #2985 ),
 .UNSPECIFIED., .F., .F.,
 ( 4, 4 ),
 ( 3.098899320634350872E-07, 0.001232105111770765869 ),
 .UNSPECIFIED. ) ;
#986 = AXIS2_PLACEMENT_3D ( 'NONE', #4265, #3072, #1407 ) ;
#987 = FACE_OUTER_BOUND ( 'NONE', #5237, .T. ) ;
#988 = DIRECTION ( 'NONE',  ( -0.000000000000000000, -0.000000000000000000, -1.000000000000000000 ) ) ;
#989 = EDGE_LOOP ( 'NONE', ( #3644, #2445, #1903, #2180, #4270 ) ) ;
#990 = EDGE_CURVE ( 'NONE', #581, #171, #1535, .T. ) ;
#991 = CONICAL_SURFACE ( 'NONE', #1425, 2.749999999999999112, 0.7853981633974369547 ) ;
#992 = EDGE_CURVE ( 'NONE', #3026, #3314, #1652, .T. ) ;
#993 = ORIENTED_EDGE ( 'NONE', *, *, #1128, .F. ) ;
#994 = FACE_OUTER_BOUND ( 'NONE', #2412, .T. ) ;
#995 = CONICAL_SURFACE ( 'NONE', #2313, 2.749999999999999112, 0.7853981633974473908 ) ;
#996 = CARTESIAN_POINT ( 'NONE',  ( 13.47383618608688316, 33.63027447859563068, 7.721244427767663510 ) ) ;
#997 = AXIS2_PLACEMENT_3D ( 'NONE', #122, #1756, #3008 ) ;
#998 = ORIENTED_EDGE ( 'NONE', *, *, #5179, .F. ) ;
#999 = EDGE_LOOP ( 'NONE', ( #1763, #4235, #75, #2326 ) ) ;
#1000 = CARTESIAN_POINT ( 'NONE',  ( -14.91220002187469795, -37.92437939013768045, 7.549999999999998934 ) ) ;
#1001 = CIRCLE ( 'NONE', #1103, 39.25000000000000711 ) ;
#1002 = AXIS2_PLACEMENT_3D ( 'NONE', #1258, #4539, #1189 ) ;
#1003 = CARTESIAN_POINT ( 'NONE',  ( 32.66523182915482693, 17.93626037356161973, 14.93437499999998863 ) ) ;
#1004 = CARTESIAN_POINT ( 'NONE',  ( 17.91383588034588215, 32.65971500261495919, 14.94999999999999751 ) ) ;
#1005 = EDGE_CURVE ( 'NONE', #2275, #1851, #1340, .T. ) ;
#1006 = EDGE_LOOP ( 'NONE', ( #4808, #640, #4420, #1689 ) ) ;
#1007 = CIRCLE ( 'NONE', #4470, 40.75000000000000711 ) ;
#1008 = CARTESIAN_POINT ( 'NONE',  ( -33.50812172209202089, -13.53825346023742426, 7.810380945738492287 ) ) ;
#1009 = AXIS2_PLACEMENT_3D ( 'NONE', #3782, #2150, #3856 ) ;
#1010 = ORIENTED_EDGE ( 'NONE', *, *, #4506, .T. ) ;
#1011 = ORIENTED_EDGE ( 'NONE', *, *, #2819, .F. ) ;
#1012 = ADVANCED_FACE ( 'NONE', ( #1597, #4130 ), #2016, .T. ) ;
#1013 = DIRECTION ( 'NONE',  ( 0.000000000000000000, 0.000000000000000000, 1.000000000000000000 ) ) ;
#1014 = VERTEX_POINT ( 'NONE', #2831 ) ;
#1015 = ADVANCED_FACE ( 'NONE', ( #759 ), #4465, .F. ) ;
#1016 = B_SPLINE_CURVE_WITH_KNOTS ( 'NONE', 3,
 ( #1836, #5198, #2249, #3903, #1017, #2685, #4327, #2278 ),
 .UNSPECIFIED., .F., .F.,
 ( 4, 2, 2, 4 ),
 ( 0.000000000000000000, 0.0003905635421267881981, 0.0007811270842535745530, 0.001562254168507137614 ),
 .UNSPECIFIED. ) ;
#1017 = CARTESIAN_POINT ( 'NONE',  ( 37.57100766681815429, 15.77942904944728042, 9.614645361117773348 ) ) ;
#1018 = LINE ( 'NONE', #612, #657 ) ;
#1019 = ORIENTED_EDGE ( 'NONE', *, *, #2733, .T. ) ;
#1020 = CARTESIAN_POINT ( 'NONE',  ( -13.48342113416464372, -35.16498409904096434, 7.549999999999999822 ) ) ;
#1021 = FACE_OUTER_BOUND ( 'NONE', #3364, .T. ) ;
#1022 = DIRECTION ( 'NONE',  ( 1.000000000000000000, 0.000000000000000000, 0.000000000000000000 ) ) ;
#1023 = DIRECTION ( 'NONE',  ( 0.000000000000000000, -0.000000000000000000, -1.000000000000000000 ) ) ;
#1024 = CARTESIAN_POINT ( 'NONE',  ( 32.39612749753595011, 18.33900346702067097, 12.94999999999999751 ) ) ;
#1025 = AXIS2_PLACEMENT_3D ( 'NONE', #1413, #3960, #249 ) ;
#1026 = EDGE_LOOP ( 'NONE', ( #2069, #1359, #4827, #894 ) ) ;
#1027 = EDGE_CURVE ( 'NONE', #554, #2388, #3245, .T. ) ;
#1028 = DIRECTION ( 'NONE',  ( 1.000000000000000000, 0.000000000000000000, 0.000000000000000000 ) ) ;
#1029 = CARTESIAN_POINT ( 'NONE',  ( 31.02716382675130546, 24.03908494240027949, 12.94999999999999751 ) ) ;
#1030 = ORIENTED_EDGE ( 'NONE', *, *, #804, .T. ) ;
#1031 = AXIS2_PLACEMENT_3D ( 'NONE', #1242, #2839, #4138 ) ;
#1032 = ORIENTED_EDGE ( 'NONE', *, *, #665, .F. ) ;
#1033 = CARTESIAN_POINT ( 'NONE',  ( -29.21830935673204266, -20.62554490085268810, 12.94999999999999751 ) ) ;
#1034 = DIRECTION ( 'NONE',  ( -0.000000000000000000, -0.000000000000000000, -1.000000000000000000 ) ) ;
#1035 = FACE_OUTER_BOUND ( 'NONE', #1207, .T. ) ;
#1036 = CARTESIAN_POINT ( 'NONE',  ( -37.64809094983499449, -15.59434986887732144, 7.250000000000000000 ) ) ;
#1037 = AXIS2_PLACEMENT_3D ( 'NONE', #2344, #3594, #2780 ) ;
#1038 = VERTEX_POINT ( 'NONE', #2930 ) ;
#1039 = EDGE_LOOP ( 'NONE', ( #4843, #1867, #4030, #3845 ) ) ;
#1040 = ORIENTED_EDGE ( 'NONE', *, *, #2694, .F. ) ;
#1041 = CIRCLE ( 'NONE', #5111, 1.649999999999998579 ) ;
#1042 = CARTESIAN_POINT ( 'NONE',  ( -20.62554490085280179, -30.86830935673197729, 12.94999999999999751 ) ) ;
#1043 = ADVANCED_FACE ( 'NONE', ( #3650 ), #2498, .F. ) ;
#1044 = EDGE_CURVE ( 'NONE', #2698, #2085, #3365, .T. ) ;
#1045 = ORIENTED_EDGE ( 'NONE', *, *, #1936, .F. ) ;
#1046 = CARTESIAN_POINT ( 'NONE',  ( 22.91208633468457023, -29.34049121592822118, 14.44999999999998508 ) ) ;
#1047 = ORIENTED_EDGE ( 'NONE', *, *, #1162, .F. ) ;
#1048 = DIRECTION ( 'NONE',  ( -0.3826834323650838976, 0.9238795325112892920, 0.000000000000000000 ) ) ;
#1049 = DIRECTION ( 'NONE',  ( -0.2705980500730949534, 0.6532814824381896202, 0.7071067811865476838 ) ) ;
#1050 = ADVANCED_FACE ( 'NONE', ( #432 ), #2425, .F. ) ;
#1051 = DIRECTION ( 'NONE',  ( 1.000000000000000000, 0.000000000000000000, 0.000000000000000000 ) ) ;
#1052 = CARTESIAN_POINT ( 'NONE',  ( -20.62554490085236480, 30.86830935673225795, 14.44999999999997264 ) ) ;
#1053 = DIRECTION ( 'NONE',  ( -0.8314696123025442365, 0.5555702330196036209, 0.000000000000000000 ) ) ;
#1054 = VERTEX_POINT ( 'NONE', #3265 ) ;
#1055 = FACE_OUTER_BOUND ( 'NONE', #5207, .T. ) ;
#1056 = CARTESIAN_POINT ( 'NONE',  ( -2.018307876732049984E-14, -8.360104955868281252E-15, 2.401017562930178434E-29 ) ) ;
#1057 = CARTESIAN_POINT ( 'NONE',  ( -31.36571012875810638, 12.99210252879518102, 9.000000000000007105 ) ) ;
#1058 = EDGE_CURVE ( 'NONE', #2842, #3840, #4019, .T. ) ;
#1059 = DIRECTION ( 'NONE',  ( 0.000000000000000000, 0.000000000000000000, -1.000000000000000000 ) ) ;
#1060 = CARTESIAN_POINT ( 'NONE',  ( 19.46600207473638378, 34.08280010835905216, 12.94999999999999574 ) ) ;
#1061 = ORIENTED_EDGE ( 'NONE', *, *, #1618, .T. ) ;
#1062 = ADVANCED_FACE ( 'NONE', ( #4907, #784 ), #2451, .T. ) ;
#1063 = VERTEX_POINT ( 'NONE', #35 ) ;
#1064 = CARTESIAN_POINT ( 'NONE',  ( -29.34049121592783038, 22.91208633468507472, 12.94999999999999751 ) ) ;
#1065 = EDGE_CURVE ( 'NONE', #2795, #250, #440, .T. ) ;
#1066 = CARTESIAN_POINT ( 'NONE',  ( 1.154700538379238361, 40.00000000000002132, 12.18333680410953512 ) ) ;
#1067 = CARTESIAN_POINT ( 'NONE',  ( 0.000000000000000000, 0.000000000000000000, 12.94999999999999751 ) ) ;
#1068 = FACE_OUTER_BOUND ( 'NONE', #2009, .T. ) ;
#1069 = VERTEX_POINT ( 'NONE', #1216 ) ;
#1070 = DIRECTION ( 'NONE',  ( 0.5000000000000002220, 0.8660254037844385966, -0.000000000000000000 ) ) ;
#1071 = ORIENTED_EDGE ( 'NONE', *, *, #3716, .F. ) ;
#1072 = ORIENTED_EDGE ( 'NONE', *, *, #5210, .T. ) ;
#1073 = CARTESIAN_POINT ( 'NONE',  ( 1.154700538379261010, 36.00000000000000711, 8.949999999999999289 ) ) ;
#1074 = ORIENTED_EDGE ( 'NONE', *, *, #4488, .F. ) ;
#1075 = ADVANCED_FACE ( 'NONE', ( #3700 ), #2229, .F. ) ;
#1076 = CARTESIAN_POINT ( 'NONE',  ( -30.86830935673176057, 20.62554490085312509, 12.94999999999999751 ) ) ;
#1077 = CARTESIAN_POINT ( 'NONE',  ( -13.53766620952910138, -33.50953387877002143, 7.809292535134533253 ) ) ;
#1078 = FACE_OUTER_BOUND ( 'NONE', #2440, .T. ) ;
#1079 = DIRECTION ( 'NONE',  ( 0.7071067811865479058, 8.659560562354937789E-17, -0.7071067811865471286 ) ) ;
#1080 = CARTESIAN_POINT ( 'NONE',  ( -0.9238795325112779677, -0.3826834323650792347, 8.549999999999998934 ) ) ;
#1081 = ORIENTED_EDGE ( 'NONE', *, *, #3113, .T. ) ;
#1082 = ORIENTED_EDGE ( 'NONE', *, *, #4414, .T. ) ;
#1083 = DIRECTION ( 'NONE',  ( -0.000000000000000000, -0.000000000000000000, -1.000000000000000000 ) ) ;
#1084 = DIRECTION ( 'NONE',  ( 0.000000000000000000, 0.000000000000000000, 1.000000000000000000 ) ) ;
#1085 = CARTESIAN_POINT ( 'NONE',  ( -39.99999999999999289, -1.154700538379256569, 12.18333680410956532 ) ) ;
#1086 = EDGE_CURVE ( 'NONE', #3128, #1593, #809, .T. ) ;
#1087 = CARTESIAN_POINT ( 'NONE',  ( 13.29392015160892804, 31.84458024032966250, 9.441970312076016114 ) ) ;
#1088 = LINE ( 'NONE', #685, #3006 ) ;
#1089 = AXIS2_PLACEMENT_3D ( 'NONE', #1584, #1945, #3634 ) ;
#1090 = ORIENTED_EDGE ( 'NONE', *, *, #3908, .T. ) ;
#1091 = DIRECTION ( 'NONE',  ( 0.5555702330196122807, 0.8314696123025385743, 0.000000000000000000 ) ) ;
#1092 = DIRECTION ( 'NONE',  ( -0.000000000000000000, -0.000000000000000000, -1.000000000000000000 ) ) ;
#1093 = VECTOR ( 'NONE', #2677, 1000.000000000000000 ) ;
#1094 = LINE ( 'NONE', #4775, #4811 ) ;
#1095 = CARTESIAN_POINT ( 'NONE',  ( 33.26885815498414445, 13.61452987677133386, 8.003291054772050828 ) ) ;
#1096 = ORIENTED_EDGE ( 'NONE', *, *, #5107, .T. ) ;
#1097 = CARTESIAN_POINT ( 'NONE',  ( 1.012499518470389113E-14, -2.444390069387461748E-14, 43.95000000000002416 ) ) ;
#1098 = ORIENTED_EDGE ( 'NONE', *, *, #2165, .T. ) ;
#1099 = ORIENTED_EDGE ( 'NONE', *, *, #2132, .T. ) ;
#1100 = DIRECTION ( 'NONE',  ( -1.000000000000000000, 0.000000000000000000, 0.000000000000000000 ) ) ;
#1101 = ADVANCED_FACE ( 'NONE', ( #12 ), #1238, .F. ) ;
#1102 = ORIENTED_EDGE ( 'NONE', *, *, #5265, .F. ) ;
#1103 = AXIS2_PLACEMENT_3D ( 'NONE', #4349, #3231, #3579 ) ;
#1104 = VECTOR ( 'NONE', #3353, 1000.000000000000000 ) ;
#1105 = DIRECTION ( 'NONE',  ( -0.5879378012096816430, -0.3928474791935477883, 0.7071067811865475727 ) ) ;
#1106 = ORIENTED_EDGE ( 'NONE', *, *, #21, .T. ) ;
#1107 = CARTESIAN_POINT ( 'NONE',  ( -29.05616675375516067, -23.31716372596435605, 14.94478669219462574 ) ) ;
#1108 = CARTESIAN_POINT ( 'NONE',  ( 18.33900346702055728, -32.39612749753600696, 12.94999999999999751 ) ) ;
#1109 = CARTESIAN_POINT ( 'NONE',  ( 0.000000000000000000, -40.75000000000000000, 7.549999999999999822 ) ) ;
#1110 = ORIENTED_EDGE ( 'NONE', *, *, #2608, .T. ) ;
#1111 = ORIENTED_EDGE ( 'NONE', *, *, #3794, .T. ) ;
#1112 = CARTESIAN_POINT ( 'NONE',  ( 17.92130503430535882, -32.66156382974362771, 14.94478702375017498 ) ) ;
#1113 = B_SPLINE_CURVE_WITH_KNOTS ( 'NONE', 3,
 ( #5053, #2520, #170, #4614, #456, #473, #3799, #2113 ),
 .UNSPECIFIED., .F., .F.,
 ( 4, 2, 2, 4 ),
 ( 0.000000000000000000, 0.0003905635421267852707, 0.0007811270842535722762, 0.001562254168507136963 ),
 .UNSPECIFIED. ) ;
#1114 = CARTESIAN_POINT ( 'NONE',  ( 17.93626037356150604, -32.66523182915487666, 14.93437499999999041 ) ) ;
#1115 = VERTEX_POINT ( 'NONE', #4676 ) ;
#1116 = VECTOR ( 'NONE', #4698, 1000.000000000000000 ) ;
#1117 = CARTESIAN_POINT ( 'NONE',  ( -37.49900624025738693, 15.94978186151274890, 9.799567530044082986 ) ) ;
#1118 = LINE ( 'NONE', #4428, #2911 ) ;
#1119 = CARTESIAN_POINT ( 'NONE',  ( 1.250000000000000444, 38.00000000000000000, 7.549999999999999822 ) ) ;
#1120 = CIRCLE ( 'NONE', #3309, 1.649999999999998579 ) ;
#1121 = VERTEX_POINT ( 'NONE', #4302 ) ;
#1122 = DIRECTION ( 'NONE',  ( -0.000000000000000000, -0.000000000000000000, -1.000000000000000000 ) ) ;
#1123 = VERTEX_POINT ( 'NONE', #3031 ) ;
#1124 = ORIENTED_EDGE ( 'NONE', *, *, #3509, .T. ) ;
#1125 = LINE ( 'NONE', #4073, #431 ) ;
#1126 = VECTOR ( 'NONE', #4728, 1000.000000000000000 ) ;
#1127 = EDGE_LOOP ( 'NONE', ( #3109, #827 ) ) ;
#1128 = EDGE_CURVE ( 'NONE', #1183, #3358, #4, .T. ) ;
#1129 = LINE ( 'NONE', #1983, #2567 ) ;
#1130 = VERTEX_POINT ( 'NONE', #5087 ) ;
#1131 = CIRCLE ( 'NONE', #866, 2.749999999999999112 ) ;
#1132 = DIRECTION ( 'NONE',  ( -0.5555702330196014005, 0.8314696123025459018, 0.000000000000000000 ) ) ;
#1133 = EDGE_CURVE ( 'NONE', #682, #3230, #913, .T. ) ;
#1134 = EDGE_CURVE ( 'NONE', #1984, #4117, #2139, .T. ) ;
#1135 = CARTESIAN_POINT ( 'NONE',  ( -37.82845173523305959, 15.15271369167059667, 7.658631807636544053 ) ) ;
#1136 = DIRECTION ( 'NONE',  ( 0.5879378012096860839, -0.3928474791935570587, 0.7071067811865385799 ) ) ;
#1137 = ORIENTED_EDGE ( 'NONE', *, *, #2982, .F. ) ;
#1138 = CARTESIAN_POINT ( 'NONE',  ( 18.90902273613831142, -33.24922162052801156, 13.95002554812839080 ) ) ;
#1139 = CARTESIAN_POINT ( 'NONE',  ( -29.06270609941831751, -23.32782114083597236, 14.94999999999999751 ) ) ;
#1140 = DIRECTION ( 'NONE',  ( 1.000000000000000000, 0.000000000000000000, 0.000000000000000000 ) ) ;
#1141 = LINE ( 'NONE', #5270, #2060 ) ;
#1142 = DIRECTION ( 'NONE',  ( 1.000000000000000000, 0.000000000000000000, 0.000000000000000000 ) ) ;
#1143 = DIRECTION ( 'NONE',  ( 1.000000000000000000, 0.000000000000000000, 0.000000000000000000 ) ) ;
#1144 = CARTESIAN_POINT ( 'NONE',  ( -18.63051183165513436, 32.83240059591378923, 14.44999999999997264 ) ) ;
#1145 = ORIENTED_EDGE ( 'NONE', *, *, #1630, .T. ) ;
#1146 = CARTESIAN_POINT ( 'NONE',  ( -30.86830935673204479, -20.62554490085268810, 12.94999999999999751 ) ) ;
#1147 = DIRECTION ( 'NONE',  ( 0.000000000000000000, 0.000000000000000000, 1.000000000000000000 ) ) ;
#1148 = ORIENTED_EDGE ( 'NONE', *, *, #4953, .T. ) ;
#1149 = DIRECTION ( 'NONE',  ( -1.000000000000000000, -3.004629197474345673E-15, 0.000000000000000000 ) ) ;
#1150 = ORIENTED_EDGE ( 'NONE', *, *, #1600, .T. ) ;
#1151 = ORIENTED_EDGE ( 'NONE', *, *, #2148, .T. ) ;
#1152 = FACE_OUTER_BOUND ( 'NONE', #448, .T. ) ;
#1153 = CARTESIAN_POINT ( 'NONE',  ( 30.86830935673190979, -18.97554490085290979, 12.94999999999999751 ) ) ;
#1154 = ORIENTED_EDGE ( 'NONE', *, *, #2797, .T. ) ;
#1155 = CARTESIAN_POINT ( 'NONE',  ( 22.91208633468476918, 29.34049121592807197, 14.44999999999998330 ) ) ;
#1156 = FACE_OUTER_BOUND ( 'NONE', #1521, .T. ) ;
#1157 = VERTEX_POINT ( 'NONE', #1777 ) ;
#1158 = DIRECTION ( 'NONE',  ( -1.000000000000000000, -3.004629197474326346E-15, 0.000000000000000000 ) ) ;
#1159 = DIRECTION ( 'NONE',  ( -0.8314696123025385743, 0.5555702330196122807, 0.000000000000000000 ) ) ;
#1160 = EDGE_CURVE ( 'NONE', #3786, #4482, #5262, .T. ) ;
#1161 = LINE ( 'NONE', #2833, #282 ) ;
#1162 = EDGE_CURVE ( 'NONE', #46, #2388, #2074, .T. ) ;
#1163 = DIRECTION ( 'NONE',  ( -0.000000000000000000, -0.000000000000000000, -1.000000000000000000 ) ) ;
#1164 = CARTESIAN_POINT ( 'NONE',  ( 36.00000000000000000, 1.154700538379239028, 14.94999999999999751 ) ) ;
#1165 = DIRECTION ( 'NONE',  ( 1.000000000000000000, 0.000000000000000000, 0.000000000000000000 ) ) ;
#1166 = ADVANCED_FACE ( 'NONE', ( #1699 ), #5033, .F. ) ;
#1167 = FACE_BOUND ( 'NONE', #1328, .T. ) ;
#1168 = ORIENTED_EDGE ( 'NONE', *, *, #3992, .T. ) ;
#1169 = CARTESIAN_POINT ( 'NONE',  ( 32.39612749753595011, 18.33900346702067097, 12.94999999999999751 ) ) ;
#1170 = CARTESIAN_POINT ( 'NONE',  ( 22.91208633468457023, -29.34049121592822118, 14.44999999999998508 ) ) ;
#1171 = FACE_BOUND ( 'NONE', #858, .T. ) ;
#1172 = VECTOR ( 'NONE', #230, 1000.000000000000000 ) ;
#1173 = ORIENTED_EDGE ( 'NONE', *, *, #879, .F. ) ;
#1174 = CARTESIAN_POINT ( 'NONE',  ( 36.39999999999999147, 4.457714348896365073E-15, 7.549999999999999822 ) ) ;
#1175 = EDGE_LOOP ( 'NONE', ( #745, #2893, #1951, #3126 ) ) ;
#1176 = ORIENTED_EDGE ( 'NONE', *, *, #733, .F. ) ;
#1177 = DIRECTION ( 'NONE',  ( -0.000000000000000000, -0.000000000000000000, 1.000000000000000000 ) ) ;
#1178 = CARTESIAN_POINT ( 'NONE',  ( 29.50000000000000000, 0.000000000000000000, 16.54499999999999815 ) ) ;
#1179 = AXIS2_PLACEMENT_3D ( 'NONE', #4278, #2145, #1842 ) ;
#1180 = ORIENTED_EDGE ( 'NONE', *, *, #4525, .F. ) ;
#1181 = AXIS2_PLACEMENT_3D ( 'NONE', #796, #3307, #1224 ) ;
#1182 = AXIS2_PLACEMENT_3D ( 'NONE', #4398, #3924, #5275 ) ;
#1183 = VERTEX_POINT ( 'NONE', #5114 ) ;
#1184 = CARTESIAN_POINT ( 'NONE',  ( 29.06270609941820737, -23.32782114083611447, 14.94999999999999751 ) ) ;
#1185 = CIRCLE ( 'NONE', #757, 2.749999999999999112 ) ;
#1186 = CIRCLE ( 'NONE', #3198, 2.749999999999999112 ) ;
#1187 = ORIENTED_EDGE ( 'NONE', *, *, #772, .F. ) ;
#1188 = EDGE_CURVE ( 'NONE', #2846, #2627, #2604, .T. ) ;
#1189 = DIRECTION ( 'NONE',  ( -0.3826834323651006065, -0.9238795325112824086, 0.000000000000000000 ) ) ;
#1190 = FACE_OUTER_BOUND ( 'NONE', #4041, .T. ) ;
#1191 = VECTOR ( 'NONE', #9, 1000.000000000000114 ) ;
#1192 = VECTOR ( 'NONE', #4540, 999.9999999999998863 ) ;
#1193 = CARTESIAN_POINT ( 'NONE',  ( -15.49404732920246097, 37.68993286153802558, 8.026957866220449489 ) ) ;
#1194 = CARTESIAN_POINT ( 'NONE',  ( 20.62554490085280179, 30.86830935673197729, 14.44999999999998330 ) ) ;
#1195 = CARTESIAN_POINT ( 'NONE',  ( 1.154700538379249020, -40.00000000000001421, 12.18333680410954400 ) ) ;
#1196 = CARTESIAN_POINT ( 'NONE',  ( -18.33900346702077400, -32.39612749753588616, 14.44999999999998330 ) ) ;
#1197 = VERTEX_POINT ( 'NONE', #555 ) ;
#1198 = EDGE_CURVE ( 'NONE', #4240, #849, #4617, .T. ) ;
#1199 = EDGE_CURVE ( 'NONE', #4823, #1467, #1620, .T. ) ;
#1200 = DIRECTION ( 'NONE',  ( -0.5555702330195927408, 0.8314696123025515639, 0.000000000000000000 ) ) ;
#1201 = EDGE_CURVE ( 'NONE', #1529, #1802, #3482, .T. ) ;
#1202 = CARTESIAN_POINT ( 'NONE',  ( 14.78998409904114375, -5.043819800812928023, 8.549999999999998934 ) ) ;
#1203 = VERTEX_POINT ( 'NONE', #3469 ) ;
#1204 = VERTEX_POINT ( 'NONE', #1329 ) ;
#1205 = ORIENTED_EDGE ( 'NONE', *, *, #3145, .T. ) ;
#1206 = CYLINDRICAL_SURFACE ( 'NONE', #932, 1.649999999999998579 ) ;
#1207 = EDGE_LOOP ( 'NONE', ( #2900, #3950, #2413, #197 ) ) ;
#1208 = AXIS2_PLACEMENT_3D ( 'NONE', #903, #4222, #3417 ) ;
#1209 = ORIENTED_EDGE ( 'NONE', *, *, #4804, .F. ) ;
#1210 = FACE_OUTER_BOUND ( 'NONE', #2737, .T. ) ;
#1211 = EDGE_CURVE ( 'NONE', #4322, #276, #4196, .T. ) ;
#1212 = AXIS2_PLACEMENT_3D ( 'NONE', #2269, #1915, #3508 ) ;
#1213 = DIRECTION ( 'NONE',  ( -0.5555702330195975147, 0.8314696123025483443, 0.000000000000000000 ) ) ;
#1214 = VERTEX_POINT ( 'NONE', #4700 ) ;
#1215 = CIRCLE ( 'NONE', #2265, 1.250000000000000444 ) ;
#1216 = CARTESIAN_POINT ( 'NONE',  ( 18.63051183165557845, 32.83240059591353344, 14.44999999999998330 ) ) ;
#1217 = FACE_OUTER_BOUND ( 'NONE', #3868, .T. ) ;
#1218 = EDGE_CURVE ( 'NONE', #3724, #2971, #4646, .T. ) ;
#1219 = AXIS2_PLACEMENT_3D ( 'NONE', #169, #3143, #3465 ) ;
#1220 = DIRECTION ( 'NONE',  ( 0.8660254037844399289, -0.4999999999999977796, 0.000000000000000000 ) ) ;
#1221 = LINE ( 'NONE', #3781, #3370 ) ;
#1222 = CARTESIAN_POINT ( 'NONE',  ( 29.21830935673204266, 20.62554490085268810, -16.95000000000000639 ) ) ;
#1223 = EDGE_CURVE ( 'NONE', #1183, #4362, #5090, .T. ) ;
#1224 = DIRECTION ( 'NONE',  ( -1.000000000000000000, 0.000000000000000000, 0.000000000000000000 ) ) ;
#1225 = DIRECTION ( 'NONE',  ( -1.000000000000000000, 0.000000000000000000, 0.000000000000000000 ) ) ;
#1226 = ORIENTED_EDGE ( 'NONE', *, *, #4616, .F. ) ;
#1227 = ORIENTED_EDGE ( 'NONE', *, *, #3779, .T. ) ;
#1228 = EDGE_LOOP ( 'NONE', ( #4373, #822, #2972, #4529, #2468, #3718 ) ) ;
#1229 = EDGE_CURVE ( 'NONE', #2627, #4089, #3777, .T. ) ;
#1230 = CARTESIAN_POINT ( 'NONE',  ( 20.62554490085257797, -30.86830935673211584, 10.00000000000000533 ) ) ;
#1231 = ORIENTED_EDGE ( 'NONE', *, *, #634, .F. ) ;
#1232 = ORIENTED_EDGE ( 'NONE', *, *, #1199, .F. ) ;
#1233 = PLANE ( 'NONE',  #4665 ) ;
#1234 = ORIENTED_EDGE ( 'NONE', *, *, #3493, .F. ) ;
#1235 = CARTESIAN_POINT ( 'NONE',  ( -32.77755000132614782, -18.39917702450403780, 14.61187450479806493 ) ) ;
#1236 = EDGE_CURVE ( 'NONE', #4878, #2464, #881, .T. ) ;
#1237 = ORIENTED_EDGE ( 'NONE', *, *, #1775, .F. ) ;
#1238 = PLANE ( 'NONE',  #3278 ) ;
#1239 = CARTESIAN_POINT ( 'NONE',  ( -38.00000000000000000, 2.309401076758504257, 14.12988923928204699 ) ) ;
#1240 = CARTESIAN_POINT ( 'NONE',  ( 0.000000000000000000, 0.000000000000000000, 7.549999999999999822 ) ) ;
#1241 = CARTESIAN_POINT ( 'NONE',  ( 15.59434986887718999, -37.64809094983505133, 8.550000000000000711 ) ) ;
#1242 = CARTESIAN_POINT ( 'NONE',  ( 0.000000000000000000, 0.000000000000000000, 8.949999999999999289 ) ) ;
#1243 = EDGE_CURVE ( 'NONE', #724, #619, #2710, .T. ) ;
#1244 = DIRECTION ( 'NONE',  ( 0.000000000000000000, 0.000000000000000000, 1.000000000000000000 ) ) ;
#1245 = CARTESIAN_POINT ( 'NONE',  ( 0.000000000000000000, -29.50000000000000000, 12.94999999999999929 ) ) ;
#1246 = VERTEX_POINT ( 'NONE', #1896 ) ;
#1247 = ORIENTED_EDGE ( 'NONE', *, *, #2101, .T. ) ;
#1248 = ORIENTED_EDGE ( 'NONE', *, *, #2895, .T. ) ;
#1249 = CARTESIAN_POINT ( 'NONE',  ( -40.75000000000000711, 4.990435706525465965E-15, 11.44999999999999751 ) ) ;
#1250 = ORIENTED_EDGE ( 'NONE', *, *, #2193, .F. ) ;
#1251 = EDGE_LOOP ( 'NONE', ( #79, #3440, #4211 ) ) ;
#1252 = EDGE_LOOP ( 'NONE', ( #1587, #4858, #1180, #3430, #50 ) ) ;
#1253 = CARTESIAN_POINT ( 'NONE',  ( -32.67391261404549141, 17.92326866086984438, 14.94999999999999751 ) ) ;
#1254 = EDGE_CURVE ( 'NONE', #2415, #2852, #2304, .T. ) ;
#1255 = EDGE_CURVE ( 'NONE', #4932, #1417, #1016, .T. ) ;
#1256 = VERTEX_POINT ( 'NONE', #5167 ) ;
#1257 = AXIS2_PLACEMENT_3D ( 'NONE', #1952, #4023, #1569 ) ;
#1258 = CARTESIAN_POINT ( 'NONE',  ( 0.3826834323650960545, 0.9238795325112713064, 9.000000000000005329 ) ) ;
#1259 = DIRECTION ( 'NONE',  ( 0.000000000000000000, 0.000000000000000000, 1.000000000000000000 ) ) ;
#1260 = VECTOR ( 'NONE', #3877, 1000.000000000000000 ) ;
#1261 = VECTOR ( 'NONE', #2047, 1000.000000000000000 ) ;
#1262 = CARTESIAN_POINT ( 'NONE',  ( 13.44664133756114488, 31.35986690477565020, 9.829095684402707533 ) ) ;
#1263 = CARTESIAN_POINT ( 'NONE',  ( 32.65971500261490945, -17.91383588034598873, 14.94999999999999751 ) ) ;
#1264 = EDGE_CURVE ( 'NONE', #2275, #4018, #3494, .T. ) ;
#1265 = CARTESIAN_POINT ( 'NONE',  ( -17.93626037356126446, 32.66523182915502588, 14.93437499999998330 ) ) ;
#1266 = CARTESIAN_POINT ( 'NONE',  ( 31.03567385083631081, 13.76283393885875128, 10.00000000000000533 ) ) ;
#1267 = ORIENTED_EDGE ( 'NONE', *, *, #5193, .F. ) ;
#1268 = ORIENTED_EDGE ( 'NONE', *, *, #3745, .F. ) ;
#1269 = EDGE_CURVE ( 'NONE', #171, #1851, #1415, .T. ) ;
#1270 = VERTEX_POINT ( 'NONE', #611 ) ;
#1271 = CARTESIAN_POINT ( 'NONE',  ( -22.91208633468476918, -29.34049121592807197, 12.94999999999999751 ) ) ;
#1272 = CARTESIAN_POINT ( 'NONE',  ( 23.20359469931937468, -29.77676431430586135, 14.44999999999998685 ) ) ;
#1273 = EDGE_LOOP ( 'NONE', ( #2538, #1106, #3096, #3155, #4092 ) ) ;
#1274 = DIRECTION ( 'NONE',  ( 0.000000000000000000, 0.000000000000000000, 1.000000000000000000 ) ) ;
#1275 = ORIENTED_EDGE ( 'NONE', *, *, #3633, .T. ) ;
#1276 = VERTEX_POINT ( 'NONE', #3933 ) ;
#1277 = B_SPLINE_CURVE_WITH_KNOTS ( 'NONE', 3,
 ( #3067, #1316, #3916, #1430, #2234, #2986, #3503, #1400 ),
 .UNSPECIFIED., .F., .F.,
 ( 4, 2, 2, 4 ),
 ( 0.000000000000000000, 0.0003905635421267809339, 0.0007811270842535618679, 0.001562254168507125904 ),
 .UNSPECIFIED. ) ;
#1278 = LINE ( 'NONE', #87, #2358 ) ;
#1279 = DIRECTION ( 'NONE',  ( 0.8314696123025515639, 0.5555702330195927408, 0.000000000000000000 ) ) ;
#1280 = ORIENTED_EDGE ( 'NONE', *, *, #4743, .F. ) ;
#1281 = ADVANCED_FACE ( 'NONE', ( #3117 ), #3019, .T. ) ;
#1282 = CARTESIAN_POINT ( 'NONE',  ( 23.24144735566038733, 29.54204840701706658, 14.61187450479806493 ) ) ;
#1283 = DIRECTION ( 'NONE',  ( 0.3826834323651003289, 0.9238795325112824086, 0.000000000000000000 ) ) ;
#1284 = CIRCLE ( 'NONE', #4325, 37.25000000000000711 ) ;
#1285 = EDGE_CURVE ( 'NONE', #5151, #4902, #826, .T. ) ;
#1286 = CARTESIAN_POINT ( 'NONE',  ( -4.574760217184729147E-15, 1.104444816093235644E-14, 9.000000000000003553 ) ) ;
#1287 = CIRCLE ( 'NONE', #4329, 1.250000000000000444 ) ;
#1288 = DIRECTION ( 'NONE',  ( 1.000000000000000000, 0.000000000000000000, 0.000000000000000000 ) ) ;
#1289 = CARTESIAN_POINT ( 'NONE',  ( 22.27554490085280037, 30.86830935673197729, -16.95000000000000639 ) ) ;
#1290 = AXIS2_PLACEMENT_3D ( 'NONE', #934, #149, #4649 ) ;
#1291 = DIRECTION ( 'NONE',  ( 0.000000000000000000, 0.000000000000000000, 1.000000000000000000 ) ) ;
#1292 = DIRECTION ( 'NONE',  ( -3.004629197474325951E-15, 1.000000000000000000, 0.000000000000000000 ) ) ;
#1293 = EDGE_LOOP ( 'NONE', ( #2892, #5020, #4367, #2341 ) ) ;
#1294 = CARTESIAN_POINT ( 'NONE',  ( -13.00053977279968542, 33.99920536741782939, 7.549999999999999822 ) ) ;
#1295 = ORIENTED_EDGE ( 'NONE', *, *, #2778, .F. ) ;
#1296 = ORIENTED_EDGE ( 'NONE', *, *, #1133, .F. ) ;
#1297 = DIRECTION ( 'NONE',  ( 0.9238795325112848511, -0.3826834323650941116, 4.930380657631322689E-32 ) ) ;
#1298 = ORIENTED_EDGE ( 'NONE', *, *, #4108, .T. ) ;
#1299 = DIRECTION ( 'NONE',  ( -4.205390244792254507E-15, -1.000000000000000000, 0.000000000000000000 ) ) ;
#1300 = ORIENTED_EDGE ( 'NONE', *, *, #3873, .F. ) ;
#1301 = ORIENTED_EDGE ( 'NONE', *, *, #4178, .F. ) ;
#1302 = DIRECTION ( 'NONE',  ( 0.9238795325112864054, -0.3826834323650910030, 0.000000000000000000 ) ) ;
#1303 = CARTESIAN_POINT ( 'NONE',  ( 16.51353319202352665, -37.25406986512935958, 10.00000000000000533 ) ) ;
#1304 = ORIENTED_EDGE ( 'NONE', *, *, #3992, .F. ) ;
#1305 = APPLICATION_CONTEXT ( 'automotive_design' ) ;
#1306 = DIRECTION ( 'NONE',  ( 1.000000000000000000, 0.000000000000000000, 0.000000000000000000 ) ) ;
#1307 = CARTESIAN_POINT ( 'NONE',  ( 29.21830935673204266, 20.62554490085268810, 12.94999999999999751 ) ) ;
#1308 = CARTESIAN_POINT ( 'NONE',  ( -2.309401076758498483, 38.00000000000000000, 14.12988923928204343 ) ) ;
#1309 = DIRECTION ( 'NONE',  ( 1.000000000000000000, 0.000000000000000000, 0.000000000000000000 ) ) ;
#1310 = CARTESIAN_POINT ( 'NONE',  ( 20.62554490085280179, 30.86830935673197729, 12.94999999999999751 ) ) ;
#1311 = DIRECTION ( 'NONE',  ( 3.004629197474345673E-15, -1.000000000000000000, 0.000000000000000000 ) ) ;
#1312 = CARTESIAN_POINT ( 'NONE',  ( 38.01943672985945710, 14.66577412700106997, 7.550000000000000711 ) ) ;
#1313 = CARTESIAN_POINT ( 'NONE',  ( 37.20403934988942041, 1.849852981152805720, 14.94999999999999751 ) ) ;
#1314 = EDGE_CURVE ( 'NONE', #4070, #4263, #5025, .T. ) ;
#1315 = PLANE ( 'NONE',  #162 ) ;
#1316 = CARTESIAN_POINT ( 'NONE',  ( 15.59434986887744934, 37.64809094983493765, 8.417937742454435934 ) ) ;
#1317 = EDGE_LOOP ( 'NONE', ( #5108, #4995, #1124, #4505, #3990, #200 ) ) ;
#1318 = ORIENTED_EDGE ( 'NONE', *, *, #2982, .T. ) ;
#1319 = B_SPLINE_CURVE_WITH_KNOTS ( 'NONE', 3,
 ( #4356, #4783, #1866, #1452, #727, #3520, #2711, #4409, #702, #2393 ),
 .UNSPECIFIED., .F., .F.,
 ( 4, 2, 2, 2, 4 ),
 ( 9.965227682168975268E-18, 0.0004721167087690088878, 0.0009442334175380078009, 0.001416350126307005033, 0.001888466835076002374 ),
 .UNSPECIFIED. ) ;
#1320 = FILL_AREA_STYLE ('',( #3410 ) ) ;
#1321 = FACE_OUTER_BOUND ( 'NONE', #2870, .T. ) ;
#1322 = FACE_OUTER_BOUND ( 'NONE', #2054, .T. ) ;
#1323 = FACE_OUTER_BOUND ( 'NONE', #875, .T. ) ;
#1324 = ORIENTED_EDGE ( 'NONE', *, *, #5134, .T. ) ;
#1325 = ORIENTED_EDGE ( 'NONE', *, *, #3129, .T. ) ;
#1326 = CARTESIAN_POINT ( 'NONE',  ( -31.13549593190737852, 13.63614153255065276, 9.959616674867158181 ) ) ;
#1327 = CARTESIAN_POINT ( 'NONE',  ( -32.28958966126950969, -13.37478596115981055, 8.999999999999994671 ) ) ;
#1328 = EDGE_LOOP ( 'NONE', ( #3169, #452 ) ) ;
#1329 = CARTESIAN_POINT ( 'NONE',  ( -34.08280010835910190, -19.46600207473627719, 12.94999999999999751 ) ) ;
#1330 = DIRECTION ( 'NONE',  ( -1.000000000000000000, 0.000000000000000000, 0.000000000000000000 ) ) ;
#1331 = AXIS2_PLACEMENT_3D ( 'NONE', #3541, #1059, #625 ) ;
#1332 = LINE ( 'NONE', #37, #783 ) ;
#1333 = CARTESIAN_POINT ( 'NONE',  ( 36.00000000000000000, 1.154700538379239028, 8.949999999999999289 ) ) ;
#1334 = CIRCLE ( 'NONE', #5257, 1.649999999999998579 ) ;
#1335 = VECTOR ( 'NONE', #936, 1000.000000000000000 ) ;
#1336 = EDGE_CURVE ( 'NONE', #1467, #3017, #2785, .T. ) ;
#1337 = PLANE ( 'NONE',  #3620 ) ;
#1338 = CARTESIAN_POINT ( 'NONE',  ( -18.33900346702033346, 32.39612749753614196, 12.94999999999999751 ) ) ;
#1339 = CIRCLE ( 'NONE', #5160, 1.649999999999998579 ) ;
#1340 = CIRCLE ( 'NONE', #2573, 40.75000000000000000 ) ;
#1341 = DIRECTION ( 'NONE',  ( -1.000000000000000000, 0.000000000000000000, 0.000000000000000000 ) ) ;
#1342 = AXIS2_PLACEMENT_3D ( 'NONE', #5221, #1122, #4068 ) ;
#1343 = CIRCLE ( 'NONE', #1887, 1.250000000000000444 ) ;
#1344 = CARTESIAN_POINT ( 'NONE',  ( 1.154700538379241248, -36.00000000000000000, 14.94999999999999751 ) ) ;
#1345 = EDGE_CURVE ( 'NONE', #4482, #554, #4745, .T. ) ;
#1346 = CARTESIAN_POINT ( 'NONE',  ( 13.62780678438558546, 33.15075415196085373, 8.107453499034191324 ) ) ;
#1347 = DIRECTION ( 'NONE',  ( 0.8660254037844400399, -0.4999999999999975020, 0.000000000000000000 ) ) ;
#1348 = ORIENTED_EDGE ( 'NONE', *, *, #5313, .F. ) ;
#1349 = ADVANCED_FACE ( 'NONE', ( #4038 ), #2355, .F. ) ;
#1350 = VECTOR ( 'NONE', #1623, 1000.000000000000000 ) ;
#1351 = ORIENTED_EDGE ( 'NONE', *, *, #4977, .F. ) ;
#1352 = DIRECTION ( 'NONE',  ( -1.000000000000000000, 0.000000000000000000, 0.000000000000000000 ) ) ;
#1353 = ADVANCED_FACE ( 'NONE', ( #3632 ), #2322, .F. ) ;
#1354 = CARTESIAN_POINT ( 'NONE',  ( -23.27853290582572399, 29.30692352854644867, 14.77333839633718426 ) ) ;
#1355 = DIRECTION ( 'NONE',  ( -0.000000000000000000, 0.000000000000000000, 1.000000000000000000 ) ) ;
#1356 = ORIENTED_EDGE ( 'NONE', *, *, #2808, .T. ) ;
#1357 = DIRECTION ( 'NONE',  ( -0.4999999999999975575, -0.8660254037844400399, 0.000000000000000000 ) ) ;
#1358 = ORIENTED_EDGE ( 'NONE', *, *, #838, .T. ) ;
#1359 = ORIENTED_EDGE ( 'NONE', *, *, #1690, .F. ) ;
#1360 = FACE_BOUND ( 'NONE', #2944, .T. ) ;
#1361 = CARTESIAN_POINT ( 'NONE',  ( 0.000000000000000000, 0.000000000000000000, 12.94999999999999751 ) ) ;
#1362 = ORIENTED_EDGE ( 'NONE', *, *, #3525, .F. ) ;
#1363 = CARTESIAN_POINT ( 'NONE',  ( -29.77676431430577964, -23.20359469931947771, 14.44999999999998685 ) ) ;
#1364 = DIRECTION ( 'NONE',  ( 1.000000000000000000, 0.000000000000000000, 0.000000000000000000 ) ) ;
#1365 = AXIS2_PLACEMENT_3D ( 'NONE', #2390, #1643, #329 ) ;
#1366 = CARTESIAN_POINT ( 'NONE',  ( -17.87554490085236480, 30.86830935673225795, 14.44999999999997264 ) ) ;
#1367 = AXIS2_PLACEMENT_3D ( 'NONE', #2723, #4797, #1469 ) ;
#1368 = EDGE_CURVE ( 'NONE', #1851, #4528, #3867, .T. ) ;
#1369 = CARTESIAN_POINT ( 'NONE',  ( -37.65805502769420343, 15.57035343282770690, 8.288353038719485255 ) ) ;
#1370 = CARTESIAN_POINT ( 'NONE',  ( 32.28958966126944574, -13.37478596116003615, 8.999999999999987566 ) ) ;
#1371 = DIRECTION ( 'NONE',  ( 0.3928474791935537835, -0.5879378012096847517, -0.7071067811865415775 ) ) ;
#1372 = VECTOR ( 'NONE', #1553, 1000.000000000000114 ) ;
#1373 = CARTESIAN_POINT ( 'NONE',  ( -32.51830935673203982, -20.62554490085268810, 10.00000000000000533 ) ) ;
#1374 = CARTESIAN_POINT ( 'NONE',  ( -13.30587011689939914, 32.07390441200804787, 9.225657132935337401 ) ) ;
#1375 = LINE ( 'NONE', #2235, #2751 ) ;
#1376 = CIRCLE ( 'NONE', #5204, 1.650000000000002132 ) ;
#1377 = EDGE_LOOP ( 'NONE', ( #968, #2260, #4076 ) ) ;
#1378 = VERTEX_POINT ( 'NONE', #3548 ) ;
#1379 = CARTESIAN_POINT ( 'NONE',  ( 0.000000000000000000, -40.75000000000000000, 14.94999999999999751 ) ) ;
#1380 = EDGE_CURVE ( 'NONE', #4535, #2243, #2790, .T. ) ;
#1381 = DIRECTION ( 'NONE',  ( 1.000000000000000000, 0.000000000000000000, 0.000000000000000000 ) ) ;
#1382 = CARTESIAN_POINT ( 'NONE',  ( -1.154700538379236807, 36.00000000000000000, 8.949999999999999289 ) ) ;
#1383 = DIRECTION ( 'NONE',  ( 1.000000000000000000, 0.000000000000000000, 0.000000000000000000 ) ) ;
#1384 = VERTEX_POINT ( 'NONE', #4798 ) ;
#1385 = VERTEX_POINT ( 'NONE', #300 ) ;
#1386 = CARTESIAN_POINT ( 'NONE',  ( 32.83240059591342686, -18.63051183165567082, 14.45000000000002771 ) ) ;
#1387 = ORIENTED_EDGE ( 'NONE', *, *, #5299, .T. ) ;
#1388 = ADVANCED_FACE ( 'NONE', ( #1470 ), #3138, .F. ) ;
#1389 = CARTESIAN_POINT ( 'NONE',  ( 23.27853290582611478, 29.30692352854614313, 14.77333839633718604 ) ) ;
#1390 = DIRECTION ( 'NONE',  ( -0.9238795325112822976, 0.3826834323651005509, -4.930380657631323236E-32 ) ) ;
#1391 = EDGE_CURVE ( 'NONE', #748, #901, #631, .T. ) ;
#1392 = DIRECTION ( 'NONE',  ( 0.000000000000000000, 0.000000000000000000, -1.000000000000000000 ) ) ;
#1393 = DIRECTION ( 'NONE',  ( 1.009293658750141334E-14, 1.000000000000000000, 0.000000000000000000 ) ) ;
#1394 = CARTESIAN_POINT ( 'NONE',  ( 36.00000000000000000, 1.154700538379239028, 14.94999999999999751 ) ) ;
#1395 = DIRECTION ( 'NONE',  ( -1.000000000000000000, 0.000000000000000000, 0.000000000000000000 ) ) ;
#1396 = ORIENTED_EDGE ( 'NONE', *, *, #2699, .F. ) ;
#1397 = CARTESIAN_POINT ( 'NONE',  ( 30.86830935673190623, -20.62554490085290837, -16.95000000000000639 ) ) ;
#1398 = EDGE_CURVE ( 'NONE', #1385, #1913, #3226, .T. ) ;
#1399 = PLANE ( 'NONE',  #1879 ) ;
#1400 = CARTESIAN_POINT ( 'NONE',  ( 14.66577412700120853, 38.01943672985940026, 7.550000000000000711 ) ) ;
#1401 = CARTESIAN_POINT ( 'NONE',  ( 13.54699350572421856, 32.70533545089957528, 8.549999999999974065 ) ) ;
#1402 = ORIENTED_EDGE ( 'NONE', *, *, #973, .T. ) ;
#1403 = ORIENTED_EDGE ( 'NONE', *, *, #4537, .F. ) ;
#1404 = CYLINDRICAL_SURFACE ( 'NONE', #4949, 1.649999999999998579 ) ;
#1405 = PLANE ( 'NONE',  #5100 ) ;
#1406 = EDGE_CURVE ( 'NONE', #4419, #4432, #4912, .T. ) ;
#1407 = DIRECTION ( 'NONE',  ( -4.205390244792263185E-15, -1.000000000000000000, 0.000000000000000000 ) ) ;
#1408 = CARTESIAN_POINT ( 'NONE',  ( 38.00000000000000711, -2.309401076758504257, 14.12988923928204166 ) ) ;
#1409 = ORIENTED_EDGE ( 'NONE', *, *, #2592, .F. ) ;
#1410 = DIRECTION ( 'NONE',  ( 1.000000000000000000, 0.000000000000000000, 0.000000000000000000 ) ) ;
#1411 = VERTEX_POINT ( 'NONE', #1438 ) ;
#1412 = EDGE_LOOP ( 'NONE', ( #3051, #2863, #3499, #2026 ) ) ;
#1413 = CARTESIAN_POINT ( 'NONE',  ( -30.86830935673204479, -20.62554490085268810, 10.00000000000000533 ) ) ;
#1414 = ORIENTED_EDGE ( 'NONE', *, *, #154, .F. ) ;
#1415 = LINE ( 'NONE', #1451, #414 ) ;
#1416 = CARTESIAN_POINT ( 'NONE',  ( 20.62554490085257797, -30.86830935673211584, 12.94999999999999751 ) ) ;
#1417 = VERTEX_POINT ( 'NONE', #4774 ) ;
#1418 = DIRECTION ( 'NONE',  ( -1.000000000000000000, 0.000000000000000000, 0.000000000000000000 ) ) ;
#1419 = EDGE_CURVE ( 'NONE', #4190, #3578, #5246, .T. ) ;
#1420 = APPLICATION_PROTOCOL_DEFINITION ( 'draft international standard', 'automotive_design', 1998, #3015 ) ;
#1421 = CARTESIAN_POINT ( 'NONE',  ( 36.00000000000000711, -1.154700538379258568, 14.94999999999999751 ) ) ;
#1422 = CARTESIAN_POINT ( 'NONE',  ( -13.29392015160892804, -31.84458024032966250, 9.441970312076016114 ) ) ;
#1423 = ORIENTED_EDGE ( 'NONE', *, *, #4300, .F. ) ;
#1424 = CARTESIAN_POINT ( 'NONE',  ( 37.64809094983499449, 15.59434986887732144, 8.550000000000000711 ) ) ;
#1425 = AXIS2_PLACEMENT_3D ( 'NONE', #567, #2152, #5041 ) ;
#1426 = VERTEX_POINT ( 'NONE', #4346 ) ;
#1427 = CARTESIAN_POINT ( 'NONE',  ( -23.31482942814380976, -29.07138688430919515, 14.93437499999999574 ) ) ;
#1428 = DIRECTION ( 'NONE',  ( 0.3826834323651005509, 0.9238795325112822976, -1.099064721078641162E-15 ) ) ;
#1429 = VECTOR ( 'NONE', #1163, 1000.000000000000000 ) ;
#1430 = CARTESIAN_POINT ( 'NONE',  ( 15.47762655240735086, 37.69626096572746121, 8.046246011808852572 ) ) ;
#1431 = VECTOR ( 'NONE', #4034, 1000.000000000000114 ) ;
#1432 = EDGE_CURVE ( 'NONE', #4816, #1246, #3692, .T. ) ;
#1433 = EDGE_LOOP ( 'NONE', ( #2997, #799, #728, #2745 ) ) ;
#1434 = ORIENTED_EDGE ( 'NONE', *, *, #5077, .F. ) ;
#1435 = FACE_BOUND ( 'NONE', #2901, .T. ) ;
#1436 = AXIS2_PLACEMENT_3D ( 'NONE', #151, #4681, #1785 ) ;
#1437 = AXIS2_PLACEMENT_3D ( 'NONE', #2307, #260, #1487 ) ;
#1438 = CARTESIAN_POINT ( 'NONE',  ( 18.33900346702055728, -32.39612749753600696, 14.44999999999998508 ) ) ;
#1439 = DIRECTION ( 'NONE',  ( 0.3826834323650940561, 0.9238795325112849621, 0.000000000000000000 ) ) ;
#1440 = DIRECTION ( 'NONE',  ( -0.000000000000000000, -0.000000000000000000, 1.000000000000000000 ) ) ;
#1441 = ORIENTED_EDGE ( 'NONE', *, *, #3600, .F. ) ;
#1442 = EDGE_CURVE ( 'NONE', #2671, #1947, #2294, .T. ) ;
#1443 = AXIS2_PLACEMENT_3D ( 'NONE', #226, #2282, #1542 ) ;
#1444 = CARTESIAN_POINT ( 'NONE',  ( -33.94167268997051679, -13.15100008829832845, 7.549999999999999822 ) ) ;
#1445 = AXIS2_PLACEMENT_3D ( 'NONE', #2458, #443, #5350 ) ;
#1446 = VERTEX_POINT ( 'NONE', #2001 ) ;
#1447 = EDGE_LOOP ( 'NONE', ( #168, #2774, #359, #379 ) ) ;
#1448 = CARTESIAN_POINT ( 'NONE',  ( -32.27732727893550191, 24.87441745505786983, 14.44999999999998330 ) ) ;
#1449 = CYLINDRICAL_SURFACE ( 'NONE', #4654, 1.250000000000007994 ) ;
#1450 = VERTEX_POINT ( 'NONE', #4140 ) ;
#1451 = CARTESIAN_POINT ( 'NONE',  ( -38.03077438220007878, -14.67047033636602826, 7.549999999999999822 ) ) ;
#1452 = CARTESIAN_POINT ( 'NONE',  ( -13.62784186248921081, 33.14815744218667248, 8.109841286211135980 ) ) ;
#1453 = DIRECTION ( 'NONE',  ( 0.5879378012096722061, -0.3928474791935485655, -0.7071067811865547892 ) ) ;
#1454 = SHAPE_DEFINITION_REPRESENTATION ( #4074, #4272 ) ;
#1455 = EDGE_CURVE ( 'NONE', #4902, #2589, #1729, .T. ) ;
#1456 = EDGE_CURVE ( 'NONE', #2697, #3026, #4892, .T. ) ;
#1457 = DIRECTION ( 'NONE',  ( 0.000000000000000000, 0.000000000000000000, 1.000000000000000000 ) ) ;
#1458 = CARTESIAN_POINT ( 'NONE',  ( -31.02716382675097861, 24.03908494240070937, 12.94999999999999751 ) ) ;
#1459 = ORIENTED_EDGE ( 'NONE', *, *, #2694, .T. ) ;
#1460 = EDGE_LOOP ( 'NONE', ( #2082, #1999 ) ) ;
#1461 = VECTOR ( 'NONE', #2968, 1000.000000000000114 ) ;
#1462 = CARTESIAN_POINT ( 'NONE',  ( -38.00000000000000000, 2.309401076758503368, 14.94999999999999751 ) ) ;
#1463 = DIRECTION ( 'NONE',  ( 0.000000000000000000, 0.000000000000000000, 1.000000000000000000 ) ) ;
#1464 = CARTESIAN_POINT ( 'NONE',  ( -29.34049121592813947, -22.91208633468467326, 12.94999999999999751 ) ) ;
#1465 = ORIENTED_EDGE ( 'NONE', *, *, #3113, .F. ) ;
#1466 = CIRCLE ( 'NONE', #434, 37.25000000000000711 ) ;
#1467 = VERTEX_POINT ( 'NONE', #393 ) ;
#1468 = EDGE_CURVE ( 'NONE', #2441, #4895, #2029, .T. ) ;
#1469 = DIRECTION ( 'NONE',  ( 1.000000000000000000, 1.067522139062649685E-15, 0.000000000000000000 ) ) ;
#1470 = FACE_OUTER_BOUND ( 'NONE', #2994, .T. ) ;
#1471 = CARTESIAN_POINT ( 'NONE',  ( 20.62554490085257797, -30.86830935673211584, 12.94999999999999751 ) ) ;
#1472 = DIRECTION ( 'NONE',  ( 0.000000000000000000, 0.000000000000000000, 1.000000000000000000 ) ) ;
#1473 = CIRCLE ( 'NONE', #3656, 3.250000000000016875 ) ;
#1474 = CARTESIAN_POINT ( 'NONE',  ( -38.00000000000000000, 2.309401076758503368, 14.94999999999999751 ) ) ;
#1475 = VERTEX_POINT ( 'NONE', #5300 ) ;
#1476 = ORIENTED_EDGE ( 'NONE', *, *, #3974, .T. ) ;
#1477 = FACE_OUTER_BOUND ( 'NONE', #4321, .T. ) ;
#1478 = VECTOR ( 'NONE', #831, 1000.000000000000000 ) ;
#1479 = CARTESIAN_POINT ( 'NONE',  ( -1.922827893369220886, 38.66956439447387339, 13.48500815085153093 ) ) ;
#1480 = ORIENTED_EDGE ( 'NONE', *, *, #862, .T. ) ;
#1481 = PRODUCT_DEFINITION_FORMATION_WITH_SPECIFIED_SOURCE ( 'ANY', '', #4353, .NOT_KNOWN. ) ;
#1482 = CARTESIAN_POINT ( 'NONE',  ( 2.156405496209198969, -37.73500388115510873, 14.40367832122294978 ) ) ;
#1483 = B_SPLINE_CURVE_WITH_KNOTS ( 'NONE', 3,
 ( #208, #4739, #3890, #2588 ),
 .UNSPECIFIED., .F., .F.,
 ( 4, 4 ),
 ( 3.098899320634350872E-07, 0.001232105111770765869 ),
 .UNSPECIFIED. ) ;
#1484 = CARTESIAN_POINT ( 'NONE',  ( -13.47383618608688316, -33.63027447859563068, 7.721244427767664398 ) ) ;
#1485 = CARTESIAN_POINT ( 'NONE',  ( 23.31831402705221024, 29.04855815588409840, 14.94999999999999751 ) ) ;
#1486 = EDGE_CURVE ( 'NONE', #3344, #4168, #1706, .T. ) ;
#1487 = DIRECTION ( 'NONE',  ( 1.000000000000000000, 0.000000000000000000, 0.000000000000000000 ) ) ;
#1488 = LINE ( 'NONE', #369, #252 ) ;
#1489 = VERTEX_POINT ( 'NONE', #5322 ) ;
#1490 = VERTEX_POINT ( 'NONE', #1170 ) ;
#1491 = ORIENTED_EDGE ( 'NONE', *, *, #1468, .T. ) ;
#1492 = CARTESIAN_POINT ( 'NONE',  ( 23.20359469931957364, 29.77676431430570858, 14.44999999999998508 ) ) ;
#1493 = LINE ( 'NONE', #262, #3790 ) ;
#1494 = CARTESIAN_POINT ( 'NONE',  ( -30.86830935673174636, 22.27554490085312366, -16.95000000000000639 ) ) ;
#1495 = CARTESIAN_POINT ( 'NONE',  ( 37.69626096572741858, -15.47762655240747343, 8.046246011808849019 ) ) ;
#1496 = DIRECTION ( 'NONE',  ( 0.3928474791935464561, -0.5879378012096737605, 0.7071067811865549002 ) ) ;
#1497 = ORIENTED_EDGE ( 'NONE', *, *, #475, .T. ) ;
#1498 = VERTEX_POINT ( 'NONE', #350 ) ;
#1499 = CARTESIAN_POINT ( 'NONE',  ( -29.34049121592783038, 22.91208633468507472, 12.94999999999999751 ) ) ;
#1500 = DIRECTION ( 'NONE',  ( 1.000000000000000000, 0.000000000000000000, 0.000000000000000000 ) ) ;
#1501 = DIRECTION ( 'NONE',  ( 0.3826834323650838976, -0.9238795325112892920, -0.000000000000000000 ) ) ;
#1502 = CARTESIAN_POINT ( 'NONE',  ( -20.62554490085236480, 30.86830935673225795, 12.94999999999999751 ) ) ;
#1503 = ORIENTED_EDGE ( 'NONE', *, *, #3419, .T. ) ;
#1504 = CARTESIAN_POINT ( 'NONE',  ( 0.000000000000000000, 0.000000000000000000, 7.549999999999999822 ) ) ;
#1505 = ORIENTED_EDGE ( 'NONE', *, *, #3527, .T. ) ;
#1506 = EDGE_LOOP ( 'NONE', ( #3572, #5157, #3111, #1979 ) ) ;
#1507 = DIRECTION ( 'NONE',  ( 0.000000000000000000, 0.000000000000000000, 1.000000000000000000 ) ) ;
#1508 = ORIENTED_EDGE ( 'NONE', *, *, #3238, .F. ) ;
#1509 = PLANE ( 'NONE',  #3978 ) ;
#1510 = EDGE_LOOP ( 'NONE', ( #1948, #2330, #4157, #467 ) ) ;
#1511 = CARTESIAN_POINT ( 'NONE',  ( 1.250000000000000444, 38.00000000000000000, 8.949999999999999289 ) ) ;
#1512 = FACE_OUTER_BOUND ( 'NONE', #4294, .T. ) ;
#1513 = DIRECTION ( 'NONE',  ( -1.051347561198065757E-14, -1.000000000000000000, 0.000000000000000000 ) ) ;
#1514 = ORIENTED_EDGE ( 'NONE', *, *, #1936, .T. ) ;
#1515 = CARTESIAN_POINT ( 'NONE',  ( -38.00000000000000000, -2.309401076758497595, 14.12988923928204343 ) ) ;
#1516 = CARTESIAN_POINT ( 'NONE',  ( 29.21830935673204266, 20.62554490085268810, 10.00000000000000533 ) ) ;
#1517 = CARTESIAN_POINT ( 'NONE',  ( 13.30749686554251454, 31.72320655747594387, 9.548770549615483105 ) ) ;
#1518 = CARTESIAN_POINT ( 'NONE',  ( 16.51353319202378245, 37.25406986512923879, 10.00000000000000533 ) ) ;
#1519 = VECTOR ( 'NONE', #3576, 1000.000000000000000 ) ;
#1520 = CARTESIAN_POINT ( 'NONE',  ( 18.63051183165535463, -32.83240059591364002, 14.44999999999999574 ) ) ;
#1521 = EDGE_LOOP ( 'NONE', ( #953, #4195, #194, #1749, #3813 ) ) ;
#1522 = CARTESIAN_POINT ( 'NONE',  ( 32.70533545089953265, -13.54699350572433225, 8.549999999999974065 ) ) ;
#1523 = DIRECTION ( 'NONE',  ( -0.5555702330195975147, 0.8314696123025483443, -0.000000000000000000 ) ) ;
#1524 = CARTESIAN_POINT ( 'NONE',  ( -37.64809094983499449, -15.59434986887732144, 8.550000000000000711 ) ) ;
#1525 = AXIS2_PLACEMENT_3D ( 'NONE', #2576, #2605, #4227 ) ;
#1526 = EDGE_CURVE ( 'NONE', #5325, #4707, #3942, .T. ) ;
#1527 = PLANE ( 'NONE',  #4288 ) ;
#1528 = CARTESIAN_POINT ( 'NONE',  ( 24.03908494240037896, 31.02716382675123796, 12.94999999999999751 ) ) ;
#1529 = VERTEX_POINT ( 'NONE', #3659 ) ;
#1530 = EDGE_CURVE ( 'NONE', #3578, #4707, #2434, .T. ) ;
#1531 = CARTESIAN_POINT ( 'NONE',  ( -32.28958966126950969, -13.37478596115981055, 8.999999999999994671 ) ) ;
#1532 = ORIENTED_EDGE ( 'NONE', *, *, #636, .T. ) ;
#1533 = EDGE_CURVE ( 'NONE', #2913, #3418, #4500, .T. ) ;
#1534 = ORIENTED_EDGE ( 'NONE', *, *, #669, .T. ) ;
#1535 = CIRCLE ( 'NONE', #72, 36.39999999999999147 ) ;
#1536 = LINE ( 'NONE', #1073, #2342 ) ;
#1537 = ORIENTED_EDGE ( 'NONE', *, *, #1160, .T. ) ;
#1538 = VECTOR ( 'NONE', #842, 1000.000000000000000 ) ;
#1539 = CIRCLE ( 'NONE', #2495, 1.649999999999998579 ) ;
#1540 = CARTESIAN_POINT ( 'NONE',  ( -18.97554490085280321, -30.86830935673197729, 10.00000000000000533 ) ) ;
#1541 = EDGE_LOOP ( 'NONE', ( #2404, #4170 ) ) ;
#1542 = DIRECTION ( 'NONE',  ( -0.5000000000000028866, 0.8660254037844369313, 0.000000000000000000 ) ) ;
#1543 = CARTESIAN_POINT ( 'NONE',  ( -23.31716372596444842, -29.05616675375508251, 14.94478669219462752 ) ) ;
#1544 = CARTESIAN_POINT ( 'NONE',  ( 32.07502374124840117, -13.30617926224506675, 9.224504124157643759 ) ) ;
#1545 = FACE_OUTER_BOUND ( 'NONE', #4779, .T. ) ;
#1546 = ORIENTED_EDGE ( 'NONE', *, *, #2992, .F. ) ;
#1547 = DIRECTION ( 'NONE',  ( 0.4999999999999973910, 0.8660254037844401509, 0.000000000000000000 ) ) ;
#1548 = CARTESIAN_POINT ( 'NONE',  ( 29.07138688430914186, -23.31482942814388437, 14.93437499999999396 ) ) ;
#1549 = DIRECTION ( 'NONE',  ( -0.000000000000000000, -0.000000000000000000, -1.000000000000000000 ) ) ;
#1550 = CARTESIAN_POINT ( 'NONE',  ( -16.27406404294778852, -37.35949671541807504, 9.974031775792740362 ) ) ;
#1551 = CARTESIAN_POINT ( 'NONE',  ( 0.3849001794597546322, -40.00000000000001421, 12.20554977285552312 ) ) ;
#1552 = CARTESIAN_POINT ( 'NONE',  ( 15.59434986887718999, -37.64809094983505133, 9.000000000000003553 ) ) ;
#1553 = DIRECTION ( 'NONE',  ( 0.5555702330196020666, 0.8314696123025453467, -0.000000000000000000 ) ) ;
#1554 = ORIENTED_EDGE ( 'NONE', *, *, #3755, .T. ) ;
#1555 = CARTESIAN_POINT ( 'NONE',  ( 32.91934494084326701, -13.61558292786011748, 8.326048915410009243 ) ) ;
#1556 = CIRCLE ( 'NONE', #2510, 1.649999999999998579 ) ;
#1557 = CARTESIAN_POINT ( 'NONE',  ( -1.154700538379243913, 40.00000000000001421, 14.94999999999999751 ) ) ;
#1558 = CARTESIAN_POINT ( 'NONE',  ( -22.91208633468436418, 29.34049121592837750, 14.44999999999997264 ) ) ;
#1559 = CARTESIAN_POINT ( 'NONE',  ( -23.31482942814380976, -29.07138688430919515, 14.93437499999999574 ) ) ;
#1560 = VECTOR ( 'NONE', #238, 1000.000000000000114 ) ;
#1561 = ORIENTED_EDGE ( 'NONE', *, *, #154, .T. ) ;
#1562 = ORIENTED_EDGE ( 'NONE', *, *, #5171, .F. ) ;
#1563 = EDGE_CURVE ( 'NONE', #5326, #2728, #2050, .T. ) ;
#1564 = ORIENTED_EDGE ( 'NONE', *, *, #1255, .F. ) ;
#1565 = LINE ( 'NONE', #4928, #2522 ) ;
#1566 = FACE_OUTER_BOUND ( 'NONE', #58, .T. ) ;
#1567 = VECTOR ( 'NONE', #1048, 999.9999999999998863 ) ;
#1568 = ORIENTED_EDGE ( 'NONE', *, *, #2543, .F. ) ;
#1569 = DIRECTION ( 'NONE',  ( 1.000000000000000000, 0.000000000000000000, 0.000000000000000000 ) ) ;
#1570 = ORIENTED_EDGE ( 'NONE', *, *, #1526, .T. ) ;
#1571 = CIRCLE ( 'NONE', #4583, 2.750000000000002665 ) ;
#1572 = DIRECTION ( 'NONE',  ( -1.000000000000000000, 0.000000000000000000, -0.000000000000000000 ) ) ;
#1573 = ADVANCED_FACE ( 'NONE', ( #4524 ), #3882, .F. ) ;
#1574 = ADVANCED_FACE ( 'NONE', ( #4547, #2938, #420 ), #3305, .T. ) ;
#1575 = CARTESIAN_POINT ( 'NONE',  ( 0.000000000000000000, 0.000000000000000000, 16.54499999999999815 ) ) ;
#1576 = LINE ( 'NONE', #4001, #672 ) ;
#1577 = DIRECTION ( 'NONE',  ( -0.3826834323650774028, 0.9238795325112918455, 0.000000000000000000 ) ) ;
#1578 = CARTESIAN_POINT ( 'NONE',  ( 23.31831402705200063, -29.04855815588426537, 14.94999999999999751 ) ) ;
#1579 = FACE_OUTER_BOUND ( 'NONE', #2796, .T. ) ;
#1580 = CARTESIAN_POINT ( 'NONE',  ( 0.000000000000000000, 0.000000000000000000, 7.550000000000000711 ) ) ;
#1581 = ORIENTED_EDGE ( 'NONE', *, *, #4108, .F. ) ;
#1582 = EDGE_CURVE ( 'NONE', #2678, #2285, #2843, .T. ) ;
#1583 = CARTESIAN_POINT ( 'NONE',  ( 20.62554490085257797, -30.86830935673211584, 12.94999999999999751 ) ) ;
#1584 = CARTESIAN_POINT ( 'NONE',  ( 0.000000000000000000, 0.000000000000000000, 14.94999999999999751 ) ) ;
#1585 = DIRECTION ( 'NONE',  ( 0.000000000000000000, -0.000000000000000000, 1.000000000000000000 ) ) ;
#1586 = VERTEX_POINT ( 'NONE', #3740 ) ;
#1587 = ORIENTED_EDGE ( 'NONE', *, *, #4097, .F. ) ;
#1588 = ORIENTED_EDGE ( 'NONE', *, *, #335, .F. ) ;
#1589 = ADVANCED_FACE ( 'NONE', ( #22 ), #3328, .T. ) ;
#1590 = LINE ( 'NONE', #3693, #2865 ) ;
#1591 = B_SPLINE_CURVE_WITH_KNOTS ( 'NONE', 3,
 ( #4474, #3161, #4794, #1578 ),
 .UNSPECIFIED., .F., .F.,
 ( 4, 4 ),
 ( 0.0008952149612380256704, 0.0009230662444359105873 ),
 .UNSPECIFIED. ) ;
#1592 = VERTEX_POINT ( 'NONE', #2615 ) ;
#1593 = VERTEX_POINT ( 'NONE', #4599 ) ;
#1594 = DIRECTION ( 'NONE',  ( 1.000000000000000000, 0.000000000000000000, 0.000000000000000000 ) ) ;
#1595 = FACE_OUTER_BOUND ( 'NONE', #4585, .T. ) ;
#1596 = VERTEX_POINT ( 'NONE', #5096 ) ;
#1597 = FACE_BOUND ( 'NONE', #4865, .T. ) ;
#1598 = CARTESIAN_POINT ( 'NONE',  ( -40.00000000000000000, 1.154700538379244579, 14.94999999999999751 ) ) ;
#1599 = EDGE_CURVE ( 'NONE', #4225, #3927, #2449, .T. ) ;
#1600 = EDGE_CURVE ( 'NONE', #4219, #1256, #2854, .T. ) ;
#1601 = DIRECTION ( 'NONE',  ( 1.000000000000000000, 0.000000000000000000, 0.000000000000000000 ) ) ;
#1602 = CARTESIAN_POINT ( 'NONE',  ( 16.27406404294778852, 37.35949671541807504, 9.974031775792740362 ) ) ;
#1603 = FACE_OUTER_BOUND ( 'NONE', #675, .T. ) ;
#1604 = EDGE_LOOP ( 'NONE', ( #334, #4485, #4697, #1318 ) ) ;
#1605 = CARTESIAN_POINT ( 'NONE',  ( 2.309401076758506033, 38.00000000000000711, 14.12988923928204166 ) ) ;
#1606 = B_SPLINE_CURVE_WITH_KNOTS ( 'NONE', 3,
 ( #4422, #3250, #1550, #684, #2289, #4366, #263, #3219 ),
 .UNSPECIFIED., .F., .F.,
 ( 4, 2, 2, 4 ),
 ( 0.000000000000000000, 0.0003905638316344259503, 0.0007811276632688519007, 0.001562255326537713125 ),
 .UNSPECIFIED. ) ;
#1607 = CARTESIAN_POINT ( 'NONE',  ( 13.76283393885863759, -31.03567385083635344, 10.00000000000000533 ) ) ;
#1608 = EDGE_CURVE ( 'NONE', #7, #4878, #5142, .T. ) ;
#1609 = DIRECTION ( 'NONE',  ( 0.000000000000000000, 0.000000000000000000, -1.000000000000000000 ) ) ;
#1610 = CIRCLE ( 'NONE', #3706, 40.75000000000000000 ) ;
#1611 = ORIENTED_EDGE ( 'NONE', *, *, #3343, .T. ) ;
#1612 = EDGE_LOOP ( 'NONE', ( #3043, #3592, #627, #1796 ) ) ;
#1613 = ORIENTED_EDGE ( 'NONE', *, *, #2502, .F. ) ;
#1614 = CARTESIAN_POINT ( 'NONE',  ( 0.000000000000000000, 0.000000000000000000, 12.94999999999999929 ) ) ;
#1615 = DIRECTION ( 'NONE',  ( -0.000000000000000000, -0.000000000000000000, -1.000000000000000000 ) ) ;
#1616 = AXIS2_PLACEMENT_3D ( 'NONE', #2206, #546, #4319 ) ;
#1617 = ORIENTED_EDGE ( 'NONE', *, *, #4477, .F. ) ;
#1618 = EDGE_CURVE ( 'NONE', #4018, #4368, #3007, .T. ) ;
#1619 = CIRCLE ( 'NONE', #4633, 1.250000000000001110 ) ;
#1620 = CIRCLE ( 'NONE', #2064, 40.75000000000002132 ) ;
#1621 = EDGE_LOOP ( 'NONE', ( #4404, #84, #1250, #1638, #3312 ) ) ;
#1622 = CARTESIAN_POINT ( 'NONE',  ( 14.02461723431113860, -6.891578865835724876, 7.549999999999999822 ) ) ;
#1623 = DIRECTION ( 'NONE',  ( 0.8314696123025395735, -0.5555702330196108374, -0.000000000000000000 ) ) ;
#1624 = AXIS2_PLACEMENT_3D ( 'NONE', #3374, #4593, #2547 ) ;
#1625 = VECTOR ( 'NONE', #4575, 1000.000000000000114 ) ;
#1626 = ORIENTED_EDGE ( 'NONE', *, *, #1211, .F. ) ;
#1627 = CARTESIAN_POINT ( 'NONE',  ( -40.00000000000000000, 1.154700538379244801, 12.18333680410955644 ) ) ;
#1628 = FACE_OUTER_BOUND ( 'NONE', #1317, .T. ) ;
#1629 = VECTOR ( 'NONE', #2136, 1000.000000000000000 ) ;
#1630 = EDGE_CURVE ( 'NONE', #250, #3314, #2806, .T. ) ;
#1631 = ADVANCED_FACE ( 'NONE', ( #3651 ), #2717, .F. ) ;
#1632 = CARTESIAN_POINT ( 'NONE',  ( 39.33606691978559411, 1.538022480964938321, 12.83593247474962773 ) ) ;
#1633 = CARTESIAN_POINT ( 'NONE',  ( -38.00000000000000000, 2.309401076758504257, 14.12988923928204699 ) ) ;
#1634 = ADVANCED_FACE ( 'NONE', ( #731, #2308 ), #5264, .T. ) ;
#1635 = CARTESIAN_POINT ( 'NONE',  ( -38.00000000000000000, -2.309401076758497151, 8.949999999999999289 ) ) ;
#1636 = DIRECTION ( 'NONE',  ( -1.000000000000000000, 0.000000000000000000, -0.000000000000000000 ) ) ;
#1637 = ORIENTED_EDGE ( 'NONE', *, *, #4650, .T. ) ;
#1638 = ORIENTED_EDGE ( 'NONE', *, *, #460, .T. ) ;
#1639 = VECTOR ( 'NONE', #3028, 1000.000000000000114 ) ;
#1640 = ADVANCED_FACE ( 'NONE', ( #5234 ), #4787, .T. ) ;
#1641 = VERTEX_POINT ( 'NONE', #4822 ) ;
#1642 = CARTESIAN_POINT ( 'NONE',  ( -19.18751894213249898, 33.66602064729988797, 13.45002456809159597 ) ) ;
#1643 = DIRECTION ( 'NONE',  ( 0.000000000000000000, 0.000000000000000000, -1.000000000000000000 ) ) ;
#1644 = ORIENTED_EDGE ( 'NONE', *, *, #5286, .F. ) ;
#1645 = VERTEX_POINT ( 'NONE', #679 ) ;
#1646 = ORIENTED_EDGE ( 'NONE', *, *, #1229, .F. ) ;
#1647 = CARTESIAN_POINT ( 'NONE',  ( 23.20359469931937468, -29.77676431430586135, 14.44999999999998685 ) ) ;
#1648 = VECTOR ( 'NONE', #283, 1000.000000000000114 ) ;
#1649 = PLANE ( 'NONE',  #4730 ) ;
#1650 = EDGE_LOOP ( 'NONE', ( #5279, #206, #3383 ) ) ;
#1651 = VECTOR ( 'NONE', #4885, 999.9999999999998863 ) ;
#1652 = LINE ( 'NONE', #5292, #2315 ) ;
#1653 = DIRECTION ( 'NONE',  ( -1.000000000000000000, 0.000000000000000000, 0.000000000000000000 ) ) ;
#1654 = DIRECTION ( 'NONE',  ( 0.3826834323650909475, 0.9238795325112864054, 0.000000000000000000 ) ) ;
#1655 = EDGE_CURVE ( 'NONE', #4152, #3016, #4360, .T. ) ;
#1656 = AXIS2_PLACEMENT_3D ( 'NONE', #3488, #219, #1862 ) ;
#1657 = CARTESIAN_POINT ( 'NONE',  ( 37.64809094983488791, -15.59434986887757901, 9.000000000000007105 ) ) ;
#1658 = CARTESIAN_POINT ( 'NONE',  ( 15.23760268752099378, -37.79400051296443053, 7.750432469955917725 ) ) ;
#1659 = FACE_OUTER_BOUND ( 'NONE', #3357, .T. ) ;
#1660 = DIRECTION ( 'NONE',  ( -0.5555702330196020666, -0.8314696123025453467, -0.000000000000000000 ) ) ;
#1661 = DIRECTION ( 'NONE',  ( 1.000000000000000000, 0.000000000000000000, -0.000000000000000000 ) ) ;
#1662 = FACE_OUTER_BOUND ( 'NONE', #2131, .T. ) ;
#1663 = ORIENTED_EDGE ( 'NONE', *, *, #3561, .T. ) ;
#1664 = ORIENTED_EDGE ( 'NONE', *, *, #1995, .F. ) ;
#1665 = EDGE_CURVE ( 'NONE', #3982, #1641, #1186, .T. ) ;
#1666 = ORIENTED_EDGE ( 'NONE', *, *, #848, .T. ) ;
#1667 = LINE ( 'NONE', #5071, #195 ) ;
#1668 = LINE ( 'NONE', #108, #360 ) ;
#1669 = ORIENTED_EDGE ( 'NONE', *, *, #5200, .T. ) ;
#1670 = VERTEX_POINT ( 'NONE', #261 ) ;
#1671 = ORIENTED_EDGE ( 'NONE', *, *, #1939, .T. ) ;
#1672 = DIRECTION ( 'NONE',  ( 1.051347561198065757E-14, 1.000000000000000000, 0.000000000000000000 ) ) ;
#1673 = CARTESIAN_POINT ( 'NONE',  ( -40.00000000000000000, 0.7698003589194969409, 12.19444328848254955 ) ) ;
#1674 = DIRECTION ( 'NONE',  ( 0.9238795325112862944, -0.3826834323650908920, -1.099064721078641162E-15 ) ) ;
#1675 = FACE_OUTER_BOUND ( 'NONE', #4454, .T. ) ;
#1676 = CARTESIAN_POINT ( 'NONE',  ( 29.05616675375515712, 23.31716372596435960, 14.94478669219463107 ) ) ;
#1677 = B_SPLINE_CURVE_WITH_KNOTS ( 'NONE', 3,
 ( #4004, #2310, #1138, #3535 ),
 .UNSPECIFIED., .F., .F.,
 ( 4, 4 ),
 ( 2.831913210263454883E-07, 0.002124322476976358252 ),
 .UNSPECIFIED. ) ;
#1678 = CARTESIAN_POINT ( 'NONE',  ( 2.309401076758502924, -38.00000000000000000, 14.94999999999999751 ) ) ;
#1679 = CARTESIAN_POINT ( 'NONE',  ( 32.66340280504287108, -17.92877986138629609, 14.93957866720648298 ) ) ;
#1680 = CARTESIAN_POINT ( 'NONE',  ( 1.154700538379261010, 36.00000000000000711, 14.94999999999999751 ) ) ;
#1681 = CARTESIAN_POINT ( 'NONE',  ( -36.74999999999999289, 2.479909768273391878E-15, 14.94999999999999751 ) ) ;
#1682 = CARTESIAN_POINT ( 'NONE',  ( 38.00000000000000000, 2.326828918379970970E-15, 7.549999999999999822 ) ) ;
#1683 = EDGE_LOOP ( 'NONE', ( #3415, #5229 ) ) ;
#1684 = ORIENTED_EDGE ( 'NONE', *, *, #144, .F. ) ;
#1685 = ORIENTED_EDGE ( 'NONE', *, *, #5136, .F. ) ;
#1686 = CARTESIAN_POINT ( 'NONE',  ( -32.66523182915457113, 17.93626037356206737, 14.93437499999999041 ) ) ;
#1687 = ADVANCED_FACE ( 'NONE', ( #2017 ), #5206, .T. ) ;
#1688 = AXIS2_PLACEMENT_3D ( 'NONE', #950, #2182, #4636 ) ;
#1689 = ORIENTED_EDGE ( 'NONE', *, *, #4134, .T. ) ;
#1690 = EDGE_CURVE ( 'NONE', #4749, #2830, #1488, .T. ) ;
#1691 = EDGE_CURVE ( 'NONE', #2546, #1157, #1576, .T. ) ;
#1692 = VERTEX_POINT ( 'NONE', #341 ) ;
#1693 = ORIENTED_EDGE ( 'NONE', *, *, #2179, .F. ) ;
#1694 = AXIS2_PLACEMENT_3D ( 'NONE', #1245, #3688, #4994 ) ;
#1695 = CARTESIAN_POINT ( 'NONE',  ( 30.86830935673190979, -18.97554490085290979, -16.95000000000000639 ) ) ;
#1696 = DIRECTION ( 'NONE',  ( 1.000000000000000000, 0.000000000000000000, 0.000000000000000000 ) ) ;
#1697 = ORIENTED_EDGE ( 'NONE', *, *, #65, .T. ) ;
#1698 = AXIS2_PLACEMENT_3D ( 'NONE', #2552, #4143, #891 ) ;
#1699 = FACE_OUTER_BOUND ( 'NONE', #5145, .T. ) ;
#1700 = PLANE ( 'NONE',  #4555 ) ;
#1701 = FACE_BOUND ( 'NONE', #3174, .T. ) ;
#1702 = CONICAL_SURFACE ( 'NONE', #1981, 2.749999999999999112, 0.7853981633974369547 ) ;
#1703 = VECTOR ( 'NONE', #410, 1000.000000000000227 ) ;
#1704 = AXIS2_PLACEMENT_3D ( 'NONE', #3998, #3122, #1418 ) ;
#1705 = CARTESIAN_POINT ( 'NONE',  ( 1.154700538379238139, 40.00000000000002132, 8.949999999999999289 ) ) ;
#1706 = CIRCLE ( 'NONE', #2146, 2.749999999999999112 ) ;
#1707 = DIRECTION ( 'NONE',  ( -0.000000000000000000, -0.000000000000000000, 1.000000000000000000 ) ) ;
#1708 = PLANE ( 'NONE',  #5291 ) ;
#1709 = CARTESIAN_POINT ( 'NONE',  ( -22.91208633468436418, 29.34049121592837750, 14.44999999999997264 ) ) ;
#1710 = CARTESIAN_POINT ( 'NONE',  ( 8.360104955868492666E-15, -2.018307876732041464E-14, 2.401017562930178434E-29 ) ) ;
#1711 = ORIENTED_EDGE ( 'NONE', *, *, #2153, .F. ) ;
#1712 = ORIENTED_EDGE ( 'NONE', *, *, #1398, .T. ) ;
#1713 = ORIENTED_EDGE ( 'NONE', *, *, #335, .T. ) ;
#1714 = CARTESIAN_POINT ( 'NONE',  ( 40.00000000000002132, -1.154700538379235919, 12.18333680410953512 ) ) ;
#1715 = ORIENTED_EDGE ( 'NONE', *, *, #97, .F. ) ;
#1716 = ORIENTED_EDGE ( 'NONE', *, *, #3369, .T. ) ;
#1717 = DIRECTION ( 'NONE',  ( 1.000000000000000000, 0.000000000000000000, 0.000000000000000000 ) ) ;
#1718 = ORIENTED_EDGE ( 'NONE', *, *, #3767, .F. ) ;
#1719 = CARTESIAN_POINT ( 'NONE',  ( -32.18484950063518824, 13.33140116610046277, 9.113369932927760431 ) ) ;
#1720 = CYLINDRICAL_SURFACE ( 'NONE', #3121, 2.750000000000002665 ) ;
#1721 = AXIS2_PLACEMENT_3D ( 'NONE', #5195, #639, #2365 ) ;
#1722 = EDGE_CURVE ( 'NONE', #808, #3691, #1539, .T. ) ;
#1723 = ORIENTED_EDGE ( 'NONE', *, *, #1044, .F. ) ;
#1724 = DIRECTION ( 'NONE',  ( -0.000000000000000000, -0.000000000000000000, 1.000000000000000000 ) ) ;
#1725 = FACE_OUTER_BOUND ( 'NONE', #732, .T. ) ;
#1726 = CIRCLE ( 'NONE', #4754, 3.249999999999961364 ) ;
#1727 = EDGE_CURVE ( 'NONE', #2940, #305, #2321, .T. ) ;
#1728 = FACE_OUTER_BOUND ( 'NONE', #4192, .T. ) ;
#1729 = B_SPLINE_CURVE_WITH_KNOTS ( 'NONE', 3,
 ( #4967, #374, #4165, #2866 ),
 .UNSPECIFIED., .F., .F.,
 ( 4, 4 ),
 ( 3.007258356828280394E-07, 0.003020631786532374137 ),
 .UNSPECIFIED. ) ;
#1730 = EDGE_CURVE ( 'NONE', #4263, #3932, #707, .T. ) ;
#1731 = CARTESIAN_POINT ( 'NONE',  ( -30.86830935673177834, 18.97554490085312651, 10.00000000000000533 ) ) ;
#1732 = DIRECTION ( 'NONE',  ( -4.205390244792254507E-15, -1.000000000000000000, 0.000000000000000000 ) ) ;
#1733 = AXIS2_PLACEMENT_3D ( 'NONE', #806, #2470, #1594 ) ;
#1734 = CARTESIAN_POINT ( 'NONE',  ( 2.018307876732044304E-14, 8.360104955868421669E-15, 2.401017562930178434E-29 ) ) ;
#1735 = CARTESIAN_POINT ( 'NONE',  ( -32.39612749753595011, -18.33900346702067097, 14.44999999999998685 ) ) ;
#1736 = LINE ( 'NONE', #4233, #4542 ) ;
#1737 = B_SPLINE_CURVE_WITH_KNOTS ( 'NONE', 3,
 ( #4821, #1543, #5140, #617 ),
 .UNSPECIFIED., .F., .F.,
 ( 4, 4 ),
 ( 3.561519275499017022E-07, 2.820743512546007670E-05 ),
 .UNSPECIFIED. ) ;
#1738 = VERTEX_POINT ( 'NONE', #314 ) ;
#1739 = VERTEX_POINT ( 'NONE', #1956 ) ;
#1740 = LINE ( 'NONE', #2991, #4241 ) ;
#1741 = EDGE_CURVE ( 'NONE', #2989, #4240, #3808, .T. ) ;
#1742 = DIRECTION ( 'NONE',  ( 0.000000000000000000, 0.000000000000000000, 1.000000000000000000 ) ) ;
#1743 = CARTESIAN_POINT ( 'NONE',  ( -33.99920536741769439, -13.00053977280003892, 7.549999999999999822 ) ) ;
#1744 = ORIENTED_EDGE ( 'NONE', *, *, #5054, .F. ) ;
#1745 = VERTEX_POINT ( 'NONE', #3296 ) ;
#1746 = ADVANCED_FACE ( 'NONE', ( #1217 ), #3733, .T. ) ;
#1747 = DIRECTION ( 'NONE',  ( 0.000000000000000000, -0.000000000000000000, 1.000000000000000000 ) ) ;
#1748 = LINE ( 'NONE', #4201, #179 ) ;
#1749 = ORIENTED_EDGE ( 'NONE', *, *, #2164, .T. ) ;
#1750 = DIRECTION ( 'NONE',  ( 0.000000000000000000, 0.000000000000000000, 1.000000000000000000 ) ) ;
#1751 = FACE_OUTER_BOUND ( 'NONE', #2969, .T. ) ;
#1752 = LINE ( 'NONE', #5089, #3630 ) ;
#1753 = B_SPLINE_CURVE_WITH_KNOTS ( 'NONE', 3,
 ( #4597, #562, #485, #3403 ),
 .UNSPECIFIED., .F., .F.,
 ( 4, 4 ),
 ( 3.561519275656730322E-07, 2.820743512547205036E-05 ),
 .UNSPECIFIED. ) ;
#1754 = ADVANCED_FACE ( 'NONE', ( #1190 ), #80, .F. ) ;
#1755 = EDGE_CURVE ( 'NONE', #5004, #276, #882, .T. ) ;
#1756 = DIRECTION ( 'NONE',  ( -0.000000000000000000, -0.000000000000000000, 1.000000000000000000 ) ) ;
#1757 = CARTESIAN_POINT ( 'NONE',  ( -30.96941727062896277, 13.91034485257888775, 10.00000000000000533 ) ) ;
#1758 = EDGE_CURVE ( 'NONE', #3746, #4354, #2499, .T. ) ;
#1759 = EDGE_CURVE ( 'NONE', #3670, #1115, #3750, .T. ) ;
#1760 = DIRECTION ( 'NONE',  ( 0.3928474791935557264, 0.5879378012096732053, 0.7071067811865500152 ) ) ;
#1761 = CARTESIAN_POINT ( 'NONE',  ( 13.28049744610182614, 33.84791542055775437, 7.590185671946582779 ) ) ;
#1762 = CARTESIAN_POINT ( 'NONE',  ( 2.309401076758505589, 38.00000000000000711, 14.94999999999999751 ) ) ;
#1763 = ORIENTED_EDGE ( 'NONE', *, *, #365, .F. ) ;
#1764 = VERTEX_POINT ( 'NONE', #836 ) ;
#1765 = LINE ( 'NONE', #2945, #1461 ) ;
#1766 = EDGE_CURVE ( 'NONE', #1641, #1411, #810, .T. ) ;
#1767 = ORIENTED_EDGE ( 'NONE', *, *, #427, .T. ) ;
#1768 = CARTESIAN_POINT ( 'NONE',  ( -38.00000000000000000, -2.309401076758497151, 14.94999999999999751 ) ) ;
#1769 = CARTESIAN_POINT ( 'NONE',  ( -33.14815744218654459, -13.62784186248955365, 8.109841286211132427 ) ) ;
#1770 = VERTEX_POINT ( 'NONE', #3322 ) ;
#1771 = VERTEX_POINT ( 'NONE', #4492 ) ;
#1772 = PLANE ( 'NONE',  #1823 ) ;
#1773 = CARTESIAN_POINT ( 'NONE',  ( 13.62784186248944351, -33.14815744218657301, 8.109841286211132427 ) ) ;
#1774 = VECTOR ( 'NONE', #5048, 1000.000000000000000 ) ;
#1775 = EDGE_CURVE ( 'NONE', #5235, #5220, #1993, .T. ) ;
#1776 = ORIENTED_EDGE ( 'NONE', *, *, #1486, .T. ) ;
#1777 = CARTESIAN_POINT ( 'NONE',  ( -22.27554490085280037, -30.86830935673197729, 12.94999999999999751 ) ) ;
#1778 = CARTESIAN_POINT ( 'NONE',  ( -33.84791542055761226, 13.28049744610217786, 7.590185671946582779 ) ) ;
#1779 = VECTOR ( 'NONE', #2410, 1000.000000000000000 ) ;
#1780 = CARTESIAN_POINT ( 'NONE',  ( -40.00000000000000000, -4.211318670175246444E-19, 12.20000000000000995 ) ) ;
#1781 = FACE_OUTER_BOUND ( 'NONE', #870, .T. ) ;
#1782 = CARTESIAN_POINT ( 'NONE',  ( 1.154700538379252350, 36.00000000000000711, 14.94999999999999751 ) ) ;
#1783 = VECTOR ( 'NONE', #864, 1000.000000000000114 ) ;
#1784 = CARTESIAN_POINT ( 'NONE',  ( -20.62554490085280179, -30.86830935673197729, 12.94999999999999751 ) ) ;
#1785 = DIRECTION ( 'NONE',  ( 0.8660254037844384856, 0.5000000000000003331, 0.000000000000000000 ) ) ;
#1786 = VECTOR ( 'NONE', #1959, 1000.000000000000000 ) ;
#1787 = EDGE_CURVE ( 'NONE', #2418, #3724, #1343, .T. ) ;
#1788 = CIRCLE ( 'NONE', #3094, 2.749999999999999112 ) ;
#1789 = DIRECTION ( 'NONE',  ( 0.000000000000000000, 0.000000000000000000, 1.000000000000000000 ) ) ;
#1790 = VECTOR ( 'NONE', #2584, 1000.000000000000227 ) ;
#1791 = AXIS2_PLACEMENT_3D ( 'NONE', #2452, #2905, #4984 ) ;
#1792 = ADVANCED_FACE ( 'NONE', ( #411 ), #2957, .T. ) ;
#1793 = FACE_OUTER_BOUND ( 'NONE', #4580, .T. ) ;
#1794 = CARTESIAN_POINT ( 'NONE',  ( 13.59017371457078660, 32.80958169672302915, 8.437164676610880321 ) ) ;
#1795 = CARTESIAN_POINT ( 'NONE',  ( 38.00000000000000711, -2.309401076758503812, 8.949999999999999289 ) ) ;
#1796 = ORIENTED_EDGE ( 'NONE', *, *, #2665, .F. ) ;
#1797 = ORIENTED_EDGE ( 'NONE', *, *, #4448, .T. ) ;
#1798 = CARTESIAN_POINT ( 'NONE',  ( 40.00000000000002132, -1.154700538379235697, 8.949999999999999289 ) ) ;
#1799 = ORIENTED_EDGE ( 'NONE', *, *, #3509, .F. ) ;
#1800 = DIRECTION ( 'NONE',  ( 0.8660254037844401509, -0.4999999999999973910, 0.000000000000000000 ) ) ;
#1801 = ADVANCED_FACE ( 'NONE', ( #2140 ), #4908, .T. ) ;
#1802 = VERTEX_POINT ( 'NONE', #387 ) ;
#1803 = CARTESIAN_POINT ( 'NONE',  ( 40.00000000000002132, -1.154700538379235697, 14.94999999999999751 ) ) ;
#1804 = EDGE_LOOP ( 'NONE', ( #2159, #2207, #4755, #4363 ) ) ;
#1805 = CARTESIAN_POINT ( 'NONE',  ( 38.01943672985945710, 14.66577412700106997, 7.550000000000000711 ) ) ;
#1806 = ORIENTED_EDGE ( 'NONE', *, *, #186, .T. ) ;
#1807 = CARTESIAN_POINT ( 'NONE',  ( -29.77676431430577964, -23.20359469931947771, 14.44999999999998685 ) ) ;
#1808 = DIRECTION ( 'NONE',  ( -0.3826834323650774583, 0.9238795325112919565, -0.000000000000000000 ) ) ;
#1809 = ADVANCED_FACE ( 'NONE', ( #3804 ), #2071, .T. ) ;
#1810 = AXIS2_PLACEMENT_3D ( 'NONE', #749, #2851, #378 ) ;
#1811 = FACE_OUTER_BOUND ( 'NONE', #348, .T. ) ;
#1812 = CARTESIAN_POINT ( 'NONE',  ( 2.444390069387457646E-14, -1.012499518470399368E-14, 43.95000000000002416 ) ) ;
#1813 = CIRCLE ( 'NONE', #2345, 2.749999999999999112 ) ;
#1814 = CARTESIAN_POINT ( 'NONE',  ( -37.69626096572730489, 15.47762655240774521, 8.046246011808849019 ) ) ;
#1815 = DIRECTION ( 'NONE',  ( 0.000000000000000000, 0.000000000000000000, 1.000000000000000000 ) ) ;
#1816 = ORIENTED_EDGE ( 'NONE', *, *, #4678, .F. ) ;
#1817 = EDGE_CURVE ( 'NONE', #2005, #606, #416, .T. ) ;
#1818 = CARTESIAN_POINT ( 'NONE',  ( -18.33900346702033346, 32.39612749753614196, 14.44999999999997264 ) ) ;
#1819 = VECTOR ( 'NONE', #3339, 1000.000000000000114 ) ;
#1820 = CARTESIAN_POINT ( 'NONE',  ( -2.156405496209200301, -37.73500388115511583, 14.40367832122294622 ) ) ;
#1821 = DIRECTION ( 'NONE',  ( 0.000000000000000000, 0.000000000000000000, -1.000000000000000000 ) ) ;
#1822 = CARTESIAN_POINT ( 'NONE',  ( -38.00000000000000000, -2.309401076758497151, 8.949999999999999289 ) ) ;
#1823 = AXIS2_PLACEMENT_3D ( 'NONE', #2135, #1747, #3798 ) ;
#1824 = CARTESIAN_POINT ( 'NONE',  ( 20.62554490085280179, 30.86830935673197729, 12.94999999999999751 ) ) ;
#1825 = EDGE_LOOP ( 'NONE', ( #1267, #2112, #4889, #2641 ) ) ;
#1826 = VERTEX_POINT ( 'NONE', #433 ) ;
#1827 = CARTESIAN_POINT ( 'NONE',  ( -15.47762655240735263, -37.69626096572747542, 8.046246011808849019 ) ) ;
#1828 = CARTESIAN_POINT ( 'NONE',  ( 37.20403934988942041, 1.849852981152805720, 14.94999999999999751 ) ) ;
#1829 = CYLINDRICAL_SURFACE ( 'NONE', #4137, 1.250000000000001110 ) ;
#1830 = ADVANCED_FACE ( 'NONE', ( #1628 ), #3098, .F. ) ;
#1831 = ADVANCED_FACE ( 'NONE', ( #4565 ), #1700, .F. ) ;
#1832 = ORIENTED_EDGE ( 'NONE', *, *, #4977, .T. ) ;
#1833 = ORIENTED_EDGE ( 'NONE', *, *, #3404, .T. ) ;
#1834 = CARTESIAN_POINT ( 'NONE',  ( -37.26540751746967572, 16.51822940138912799, 10.00000000000000533 ) ) ;
#1835 = ORIENTED_EDGE ( 'NONE', *, *, #2622, .F. ) ;
#1836 = CARTESIAN_POINT ( 'NONE',  ( 37.64809094983499449, 15.59434986887732144, 9.000000000000003553 ) ) ;
#1837 = CARTESIAN_POINT ( 'NONE',  ( -15.59434986887692709, 37.64809094983516502, 9.000000000000003553 ) ) ;
#1838 = VERTEX_POINT ( 'NONE', #199 ) ;
#1839 = CARTESIAN_POINT ( 'NONE',  ( 0.000000000000000000, 38.00000000000000000, 8.949999999999999289 ) ) ;
#1840 = LINE ( 'NONE', #2336, #4392 ) ;
#1841 = EDGE_CURVE ( 'NONE', #465, #5191, #3934, .T. ) ;
#1842 = DIRECTION ( 'NONE',  ( 4.205390244792254507E-15, 1.000000000000000000, 0.000000000000000000 ) ) ;
#1843 = DIRECTION ( 'NONE',  ( 0.000000000000000000, 0.000000000000000000, 1.000000000000000000 ) ) ;
#1844 = ORIENTED_EDGE ( 'NONE', *, *, #992, .F. ) ;
#1845 = PLANE ( 'NONE',  #3393 ) ;
#1846 = VERTEX_POINT ( 'NONE', #5138 ) ;
#1847 = ADVANCED_FACE ( 'NONE', ( #1725 ), #4999, .F. ) ;
#1848 = CARTESIAN_POINT ( 'NONE',  ( -2.309401076758498483, 38.00000000000000000, 14.12988923928204343 ) ) ;
#1849 = LINE ( 'NONE', #4259, #5261 ) ;
#1850 = CARTESIAN_POINT ( 'NONE',  ( 33.62921498341085424, 13.92967693808917495, 8.550000000000000711 ) ) ;
#1851 = VERTEX_POINT ( 'NONE', #3421 ) ;
#1852 = ORIENTED_EDGE ( 'NONE', *, *, #3886, .T. ) ;
#1853 = CYLINDRICAL_SURFACE ( 'NONE', #1212, 0.9999999999999996669 ) ;
#1854 = DIRECTION ( 'NONE',  ( 0.7071067811865394681, 0.000000000000000000, 0.7071067811865555663 ) ) ;
#1855 = CARTESIAN_POINT ( 'NONE',  ( 17.91383588034588215, 32.65971500261495919, 14.94999999999999751 ) ) ;
#1856 = DIRECTION ( 'NONE',  ( -1.000000000000000000, 0.000000000000000000, 0.000000000000000000 ) ) ;
#1857 = VERTEX_POINT ( 'NONE', #4647 ) ;
#1858 = B_SPLINE_CURVE_WITH_KNOTS ( 'NONE', 3,
 ( #1837, #961, #2218, #2632, #3495, #556, #4328, #3878 ),
 .UNSPECIFIED., .F., .F.,
 ( 4, 2, 2, 4 ),
 ( 0.000000000000000000, 0.0003905635421267851623, 0.0007811270842535720594, 0.001562254168507136529 ),
 .UNSPECIFIED. ) ;
#1859 = EDGE_LOOP ( 'NONE', ( #1232, #2363, #2757, #2125 ) ) ;
#1860 = ADVANCED_FACE ( 'NONE', ( #905 ), #3032, .F. ) ;
#1861 = VERTEX_POINT ( 'NONE', #587 ) ;
#1862 = DIRECTION ( 'NONE',  ( 1.000000000000000000, 0.000000000000000000, 0.000000000000000000 ) ) ;
#1863 = CARTESIAN_POINT ( 'NONE',  ( -1.154700538379243913, 40.00000000000001421, 12.18333680410954400 ) ) ;
#1864 = EDGE_CURVE ( 'NONE', #4644, #3069, #3059, .T. ) ;
#1865 = ORIENTED_EDGE ( 'NONE', *, *, #669, .F. ) ;
#1866 = CARTESIAN_POINT ( 'NONE',  ( -13.61538684017872392, 32.91893661499443624, 8.326500625874782457 ) ) ;
#1867 = ORIENTED_EDGE ( 'NONE', *, *, #3306, .T. ) ;
#1868 = CARTESIAN_POINT ( 'NONE',  ( 16.51822940138847784, -37.26540751746996705, 10.00000000000000533 ) ) ;
#1869 = CARTESIAN_POINT ( 'NONE',  ( -29.04855815588417656, -23.31831402705211431, 14.94999999999999751 ) ) ;
#1870 = VECTOR ( 'NONE', #1292, 1000.000000000000000 ) ;
#1871 = CARTESIAN_POINT ( 'NONE',  ( 32.70533545089958949, 13.54699350572409777, 8.549999999999995381 ) ) ;
#1872 = LINE ( 'NONE', #4306, #4553 ) ;
#1873 = EDGE_CURVE ( 'NONE', #1197, #4823, #1858, .T. ) ;
#1874 = DIRECTION ( 'NONE',  ( -0.5000000000000018874, 0.8660254037844375974, 0.000000000000000000 ) ) ;
#1875 = VECTOR ( 'NONE', #150, 1000.000000000000114 ) ;
#1876 = ORIENTED_EDGE ( 'NONE', *, *, #649, .T. ) ;
#1877 = FACE_BOUND ( 'NONE', #2521, .T. ) ;
#1878 = PLANE ( 'NONE',  #4548 ) ;
#1879 = AXIS2_PLACEMENT_3D ( 'NONE', #2637, #180, #593 ) ;
#1880 = CARTESIAN_POINT ( 'NONE',  ( -36.39999999999999147, 0.000000000000000000, 7.549999999999999822 ) ) ;
#1881 = CARTESIAN_POINT ( 'NONE',  ( -20.62554490085238257, 29.21830935673225582, -16.95000000000000639 ) ) ;
#1882 = DIRECTION ( 'NONE',  ( -1.047444401652940007E-14, -1.000000000000000000, 0.000000000000000000 ) ) ;
#1883 = EDGE_LOOP ( 'NONE', ( #4261, #3287, #2535, #1280 ) ) ;
#1884 = ORIENTED_EDGE ( 'NONE', *, *, #616, .T. ) ;
#1885 = CARTESIAN_POINT ( 'NONE',  ( -15.59434986887744756, -37.64809094983494475, 8.549999999999997158 ) ) ;
#1886 = CIRCLE ( 'NONE', #3093, 1.250000000000000444 ) ;
#1887 = AXIS2_PLACEMENT_3D ( 'NONE', #3373, #2094, #4106 ) ;
#1888 = CARTESIAN_POINT ( 'NONE',  ( -37.60675304336363922, 15.69486117435479500, 9.523042133779552998 ) ) ;
#1889 = LINE ( 'NONE', #301, #403 ) ;
#1890 = DIRECTION ( 'NONE',  ( 0.000000000000000000, 0.000000000000000000, 1.000000000000000000 ) ) ;
#1891 = AXIS2_PLACEMENT_3D ( 'NONE', #1046, #1105, #2773 ) ;
#1892 = VERTEX_POINT ( 'NONE', #146 ) ;
#1893 = ORIENTED_EDGE ( 'NONE', *, *, #3354, .F. ) ;
#1894 = LINE ( 'NONE', #3993, #2595 ) ;
#1895 = ORIENTED_EDGE ( 'NONE', *, *, #2525, .F. ) ;
#1896 = CARTESIAN_POINT ( 'NONE',  ( 2.309401076758506033, 38.00000000000000711, 14.12988923928204166 ) ) ;
#1897 = CARTESIAN_POINT ( 'NONE',  ( -32.91934494084316754, 13.61558292786035551, 8.326048915410016349 ) ) ;
#1898 = CARTESIAN_POINT ( 'NONE',  ( 20.62554490085280179, 30.86830935673197729, 10.00000000000000533 ) ) ;
#1899 = CARTESIAN_POINT ( 'NONE',  ( -29.06377632706304581, -23.31600222553088386, 14.93957834445147626 ) ) ;
#1900 = DIRECTION ( 'NONE',  ( 0.000000000000000000, 0.000000000000000000, 1.000000000000000000 ) ) ;
#1901 = DIRECTION ( 'NONE',  ( 0.000000000000000000, 0.000000000000000000, 1.000000000000000000 ) ) ;
#1902 = DIRECTION ( 'NONE',  ( 1.000000000000000000, 0.000000000000000000, 0.000000000000000000 ) ) ;
#1903 = ORIENTED_EDGE ( 'NONE', *, *, #2715, .T. ) ;
#1904 = EDGE_LOOP ( 'NONE', ( #829, #721 ) ) ;
#1905 = ADVANCED_FACE ( 'NONE', ( #1751 ), #3443, .T. ) ;
#1906 = PLANE ( 'NONE',  #1037 ) ;
#1907 = CIRCLE ( 'NONE', #2602, 1.650000000000002132 ) ;
#1908 = VERTEX_POINT ( 'NONE', #982 ) ;
#1909 = LINE ( 'NONE', #1462, #1786 ) ;
#1910 = CARTESIAN_POINT ( 'NONE',  ( 0.000000000000000000, 0.000000000000000000, 10.00000000000000533 ) ) ;
#1911 = CARTESIAN_POINT ( 'NONE',  ( -29.34049121592783038, 22.91208633468507472, 14.44999999999998330 ) ) ;
#1912 = CIRCLE ( 'NONE', #5196, 37.25000000000000711 ) ;
#1913 = VERTEX_POINT ( 'NONE', #4701 ) ;
#1914 = PRESENTATION_STYLE_ASSIGNMENT (( #3983 ) ) ;
#1915 = DIRECTION ( 'NONE',  ( -0.3826834323650838421, 0.9238795325112891810, 0.000000000000000000 ) ) ;
#1916 = CARTESIAN_POINT ( 'NONE',  ( -37.45552960729976633, 16.05180541683679962, 9.873770763081386903 ) ) ;
#1917 = CARTESIAN_POINT ( 'NONE',  ( -38.00000000000000000, 2.326828918379972154E-15, 7.549999999999999822 ) ) ;
#1918 = CARTESIAN_POINT ( 'NONE',  ( 32.91893661499428703, 13.61538684017906675, 8.326500625874778905 ) ) ;
#1919 = CIRCLE ( 'NONE', #3999, 1.649999999999998579 ) ;
#1920 = ORIENTED_EDGE ( 'NONE', *, *, #4588, .T. ) ;
#1921 = ORIENTED_EDGE ( 'NONE', *, *, #3527, .F. ) ;
#1922 = ORIENTED_EDGE ( 'NONE', *, *, #2897, .F. ) ;
#1923 = CARTESIAN_POINT ( 'NONE',  ( -23.31716372596406828, 29.05616675375539160, 14.94478669219462752 ) ) ;
#1924 = CARTESIAN_POINT ( 'NONE',  ( 30.86830935673190623, -20.62554490085290837, 10.00000000000000533 ) ) ;
#1925 = ORIENTED_EDGE ( 'NONE', *, *, #1927, .F. ) ;
#1926 = DIRECTION ( 'NONE',  ( 0.8314696123025423491, -0.5555702330196065075, 0.000000000000000000 ) ) ;
#1927 = EDGE_CURVE ( 'NONE', #5235, #724, #2073, .T. ) ;
#1928 = CARTESIAN_POINT ( 'NONE',  ( 30.86830935673204479, 20.62554490085268810, 14.94999999999999751 ) ) ;
#1929 = DIRECTION ( 'NONE',  ( 1.000000000000000000, 0.000000000000000000, 0.000000000000000000 ) ) ;
#1930 = CARTESIAN_POINT ( 'NONE',  ( 0.000000000000000000, 0.000000000000000000, 0.000000000000000000 ) ) ;
#1931 = CARTESIAN_POINT ( 'NONE',  ( 40.00000000000001421, 0.7698003589194991614, 12.19444328848253178 ) ) ;
#1932 = CARTESIAN_POINT ( 'NONE',  ( -30.86830935673176057, 20.62554490085312509, 10.00000000000000533 ) ) ;
#1933 = EDGE_LOOP ( 'NONE', ( #2031, #1110, #3775, #504 ) ) ;
#1934 = ORIENTED_EDGE ( 'NONE', *, *, #5136, .T. ) ;
#1935 = EDGE_CURVE ( 'NONE', #4341, #305, #4727, .T. ) ;
#1936 = EDGE_CURVE ( 'NONE', #1771, #2852, #1018, .T. ) ;
#1937 = LINE ( 'NONE', #4791, #3961 ) ;
#1938 = CARTESIAN_POINT ( 'NONE',  ( 31.02716382675130546, 24.03908494240027949, 12.94999999999999751 ) ) ;
#1939 = EDGE_CURVE ( 'NONE', #1908, #2317, #156, .T. ) ;
#1940 = DIRECTION ( 'NONE',  ( -1.000000000000000000, 0.000000000000000000, 0.000000000000000000 ) ) ;
#1941 = FACE_OUTER_BOUND ( 'NONE', #5150, .T. ) ;
#1942 = ORIENTED_EDGE ( 'NONE', *, *, #1977, .T. ) ;
#1943 = CARTESIAN_POINT ( 'NONE',  ( 22.91208633468457023, -29.34049121592822118, 12.94999999999999751 ) ) ;
#1944 = DIRECTION ( 'NONE',  ( -1.000000000000000000, 0.000000000000000000, 0.000000000000000000 ) ) ;
#1945 = DIRECTION ( 'NONE',  ( -0.000000000000000000, -0.000000000000000000, 1.000000000000000000 ) ) ;
#1946 = CARTESIAN_POINT ( 'NONE',  ( -2.309401076758498039, 38.00000000000000000, 8.949999999999999289 ) ) ;
#1947 = VERTEX_POINT ( 'NONE', #1307 ) ;
#1948 = ORIENTED_EDGE ( 'NONE', *, *, #2658, .F. ) ;
#1949 = ORIENTED_EDGE ( 'NONE', *, *, #4365, .F. ) ;
#1950 = CARTESIAN_POINT ( 'NONE',  ( -17.93626037356174407, -32.66523182915476298, 14.93437499999998330 ) ) ;
#1951 = ORIENTED_EDGE ( 'NONE', *, *, #3776, .T. ) ;
#1952 = CARTESIAN_POINT ( 'NONE',  ( 0.000000000000000000, 0.000000000000000000, 14.94999999999999751 ) ) ;
#1953 = ORIENTED_EDGE ( 'NONE', *, *, #3306, .F. ) ;
#1954 = CARTESIAN_POINT ( 'NONE',  ( -40.00000000000000000, 1.154700538379244579, 8.949999999999999289 ) ) ;
#1955 = CARTESIAN_POINT ( 'NONE',  ( 37.25000000000000711, 4.561809326823891368E-15, 14.94999999999999751 ) ) ;
#1956 = CARTESIAN_POINT ( 'NONE',  ( 22.91208633468476918, 29.34049121592807197, 12.94999999999999751 ) ) ;
#1957 = ORIENTED_EDGE ( 'NONE', *, *, #1188, .T. ) ;
#1958 = DIRECTION ( 'NONE',  ( 0.9238795325112918455, 0.3826834323650774583, -1.099064721078640768E-15 ) ) ;
#1959 = DIRECTION ( 'NONE',  ( -0.000000000000000000, -0.000000000000000000, -1.000000000000000000 ) ) ;
#1960 = ADVANCED_FACE ( 'NONE', ( #3470 ), #4276, .F. ) ;
#1961 = CARTESIAN_POINT ( 'NONE',  ( 12.99210252879485239, 31.36571012875823783, 9.000000000000007105 ) ) ;
#1962 = CARTESIAN_POINT ( 'NONE',  ( 38.01943672985935052, -14.66577412700133110, 7.550000000000000711 ) ) ;
#1963 = CARTESIAN_POINT ( 'NONE',  ( -20.62554490085280179, -30.86830935673197729, 14.94999999999999751 ) ) ;
#1964 = AXIS2_PLACEMENT_3D ( 'NONE', #3308, #4950, #446 ) ;
#1965 = DIRECTION ( 'NONE',  ( 1.000000000000000000, 0.000000000000000000, 0.000000000000000000 ) ) ;
#1966 = EDGE_LOOP ( 'NONE', ( #4433, #3223, #876, #4046, #4925 ) ) ;
#1967 = DIRECTION ( 'NONE',  ( -0.000000000000000000, -0.000000000000000000, 1.000000000000000000 ) ) ;
#1968 = CARTESIAN_POINT ( 'NONE',  ( -37.73500388115510873, -2.156405496209193640, 14.40367832122294978 ) ) ;
#1969 = VECTOR ( 'NONE', #4595, 1000.000000000000000 ) ;
#1970 = CARTESIAN_POINT ( 'NONE',  ( 36.00000000000000711, -1.154700538379258568, 14.94999999999999751 ) ) ;
#1971 = CARTESIAN_POINT ( 'NONE',  ( -17.92877986138616109, -32.66340280504296345, 14.93957866720647409 ) ) ;
#1972 = ORIENTED_EDGE ( 'NONE', *, *, #5036, .F. ) ;
#1973 = ORIENTED_EDGE ( 'NONE', *, *, #2597, .F. ) ;
#1974 = AXIS2_PLACEMENT_3D ( 'NONE', #4550, #2081, #2890 ) ;
#1975 = ORIENTED_EDGE ( 'NONE', *, *, #4941, .F. ) ;
#1976 = VECTOR ( 'NONE', #1034, 1000.000000000000000 ) ;
#1977 = EDGE_CURVE ( 'NONE', #5197, #1204, #509, .T. ) ;
#1978 = PLANE ( 'NONE',  #4939 ) ;
#1979 = ORIENTED_EDGE ( 'NONE', *, *, #1995, .T. ) ;
#1980 = EDGE_CURVE ( 'NONE', #4250, #2061, #3709, .T. ) ;
#1981 = AXIS2_PLACEMENT_3D ( 'NONE', #1194, #2378, #1165 ) ;
#1982 = VECTOR ( 'NONE', #785, 1000.000000000000114 ) ;
#1983 = CARTESIAN_POINT ( 'NONE',  ( -22.91208633468476918, -29.34049121592807197, 12.94999999999999751 ) ) ;
#1984 = VERTEX_POINT ( 'NONE', #3004 ) ;
#1985 = CARTESIAN_POINT ( 'NONE',  ( -1.154700538379256347, -36.00000000000000711, 14.94999999999999751 ) ) ;
#1986 = DIRECTION ( 'NONE',  ( 0.5000000000000028866, -0.8660254037844370423, 0.000000000000000000 ) ) ;
#1987 = CARTESIAN_POINT ( 'NONE',  ( 37.25406986512918195, -16.51353319202391745, 10.00000000000000533 ) ) ;
#1988 = DIRECTION ( 'NONE',  ( -0.3826834323650908920, -0.9238795325112862944, -0.000000000000000000 ) ) ;
#1989 = EDGE_CURVE ( 'NONE', #5001, #465, #4689, .T. ) ;
#1990 = LINE ( 'NONE', #4940, #1651 ) ;
#1991 = ORIENTED_EDGE ( 'NONE', *, *, #1563, .T. ) ;
#1992 = ADVANCED_FACE ( 'NONE', ( #2827 ), #4846, .F. ) ;
#1993 = B_SPLINE_CURVE_WITH_KNOTS ( 'NONE', 3,
 ( #2881, #3701, #2474, #4131 ),
 .UNSPECIFIED., .F., .F.,
 ( 4, 4 ),
 ( 2.831913210204882555E-07, 0.002124322476976412896 ),
 .UNSPECIFIED. ) ;
#1994 = CARTESIAN_POINT ( 'NONE',  ( -15.59434986887744756, -37.64809094983494475, 7.250000000000000000 ) ) ;
#1995 = EDGE_CURVE ( 'NONE', #3537, #2722, #2059, .T. ) ;
#1996 = CARTESIAN_POINT ( 'NONE',  ( 17.93626037356150604, -32.66523182915487666, 14.93437499999999041 ) ) ;
#1997 = CARTESIAN_POINT ( 'NONE',  ( 29.77676431430577964, 23.20359469931947771, 14.44999999999998685 ) ) ;
#1998 = ORIENTED_EDGE ( 'NONE', *, *, #889, .T. ) ;
#1999 = ORIENTED_EDGE ( 'NONE', *, *, #801, .F. ) ;
#2000 = CIRCLE ( 'NONE', #268, 1.250000000000000444 ) ;
#2001 = CARTESIAN_POINT ( 'NONE',  ( 18.97554490085280321, 30.86830935673197729, 10.00000000000000533 ) ) ;
#2002 = CARTESIAN_POINT ( 'NONE',  ( 14.67047033636589859, -38.03077438220013562, 7.549999999999999822 ) ) ;
#2003 = CARTESIAN_POINT ( 'NONE',  ( -17.91383588034590346, -32.65971500261495208, 14.94999999999999751 ) ) ;
#2004 = EDGE_LOOP ( 'NONE', ( #770, #2011, #406, #723 ) ) ;
#2005 = VERTEX_POINT ( 'NONE', #1153 ) ;
#2006 = ORIENTED_EDGE ( 'NONE', *, *, #2574, .T. ) ;
#2007 = FACE_OUTER_BOUND ( 'NONE', #1412, .T. ) ;
#2008 = AXIS2_PLACEMENT_3D ( 'NONE', #2746, #683, #4391 ) ;
#2009 = EDGE_LOOP ( 'NONE', ( #3409, #1716, #2734, #1835 ) ) ;
#2010 = EDGE_CURVE ( 'NONE', #4168, #1846, #1129, .T. ) ;
#2011 = ORIENTED_EDGE ( 'NONE', *, *, #4718, .T. ) ;
#2012 = VECTOR ( 'NONE', #5052, 1000.000000000000000 ) ;
#2013 = CARTESIAN_POINT ( 'NONE',  ( -13.61558292786001267, -32.91934494084330964, 8.326048915410012796 ) ) ;
#2014 = CARTESIAN_POINT ( 'NONE',  ( -37.26540751746991020, -16.51822940138860929, 9.000000000000005329 ) ) ;
#2015 = ORIENTED_EDGE ( 'NONE', *, *, #2301, .T. ) ;
#2016 = PLANE ( 'NONE',  #5342 ) ;
#2017 = FACE_OUTER_BOUND ( 'NONE', #1377, .T. ) ;
#2018 = PLANE ( 'NONE',  #2874 ) ;
#2019 = ADVANCED_FACE ( 'NONE', ( #4436 ), #1509, .T. ) ;
#2020 = EDGE_CURVE ( 'NONE', #5208, #1861, #622, .T. ) ;
#2021 = DIRECTION ( 'NONE',  ( -0.000000000000000000, -0.000000000000000000, 1.000000000000000000 ) ) ;
#2022 = CARTESIAN_POINT ( 'NONE',  ( 37.45552960729988712, -16.05180541683653672, 9.873770763081392232 ) ) ;
#2023 = CARTESIAN_POINT ( 'NONE',  ( 16.05180541683639817, 37.45552960729992975, 9.873770763081386903 ) ) ;
#2024 = CARTESIAN_POINT ( 'NONE',  ( 1.922827893369225549, -38.66956439447387339, 13.48500815085153093 ) ) ;
#2025 = ORIENTED_EDGE ( 'NONE', *, *, #4463, .T. ) ;
#2026 = ORIENTED_EDGE ( 'NONE', *, *, #2772, .F. ) ;
#2027 = CARTESIAN_POINT ( 'NONE',  ( 0.000000000000000000, 0.000000000000000000, 14.94999999999999751 ) ) ;
#2028 = EDGE_CURVE ( 'NONE', #551, #581, #4459, .T. ) ;
#2029 = LINE ( 'NONE', #4064, #1625 ) ;
#2030 = PLANE ( 'NONE',  #338 ) ;
#2031 = ORIENTED_EDGE ( 'NONE', *, *, #2660, .F. ) ;
#2032 = ORIENTED_EDGE ( 'NONE', *, *, #4668, .F. ) ;
#2033 = ORIENTED_EDGE ( 'NONE', *, *, #1456, .F. ) ;
#2034 = CARTESIAN_POINT ( 'NONE',  ( -2.309401076758501148, -38.00000000000000711, 8.949999999999999289 ) ) ;
#2035 = ORIENTED_EDGE ( 'NONE', *, *, #1759, .F. ) ;
#2036 = ADVANCED_FACE ( 'NONE', ( #3148 ), #224, .T. ) ;
#2037 = ORIENTED_EDGE ( 'NONE', *, *, #5064, .T. ) ;
#2038 = FACE_OUTER_BOUND ( 'NONE', #3283, .T. ) ;
#2039 = CARTESIAN_POINT ( 'NONE',  ( 22.91208633468457023, -29.34049121592822118, 14.44999999999998508 ) ) ;
#2040 = EDGE_CURVE ( 'NONE', #1984, #4341, #1319, .T. ) ;
#2041 = EDGE_CURVE ( 'NONE', #5255, #5177, #1334, .T. ) ;
#2042 = EDGE_LOOP ( 'NONE', ( #3819, #4796, #1030, #2462 ) ) ;
#2043 = DIRECTION ( 'NONE',  ( -3.491481338843133355E-15, -1.000000000000000000, 0.000000000000000000 ) ) ;
#2044 = CARTESIAN_POINT ( 'NONE',  ( 30.86830935673190623, -20.62554490085290837, 12.94999999999999751 ) ) ;
#2045 = EDGE_CURVE ( 'NONE', #898, #1645, #566, .T. ) ;
#2046 = CARTESIAN_POINT ( 'NONE',  ( 2.018307876732037678E-14, -8.360104955868579441E-15, 2.401017562930178434E-29 ) ) ;
#2047 = DIRECTION ( 'NONE',  ( -0.000000000000000000, -0.000000000000000000, -1.000000000000000000 ) ) ;
#2048 = ORIENTED_EDGE ( 'NONE', *, *, #1264, .T. ) ;
#2049 = DIRECTION ( 'NONE',  ( 0.000000000000000000, 0.000000000000000000, 1.000000000000000000 ) ) ;
#2050 = LINE ( 'NONE', #1680, #3284 ) ;
#2051 = CARTESIAN_POINT ( 'NONE',  ( 31.35804468343783569, 13.44788569043203275, 9.830278407752963687 ) ) ;
#2052 = CARTESIAN_POINT ( 'NONE',  ( -30.86830935673204479, -20.62554490085268810, -16.95000000000000639 ) ) ;
#2053 = CIRCLE ( 'NONE', #3180, 1.250000000000001110 ) ;
#2054 = EDGE_LOOP ( 'NONE', ( #4273, #2108, #1561, #4120 ) ) ;
#2055 = VERTEX_POINT ( 'NONE', #4047 ) ;
#2056 = EDGE_LOOP ( 'NONE', ( #1111, #5164, #533, #2712, #1032, #3515 ) ) ;
#2057 = DIRECTION ( 'NONE',  ( -0.000000000000000000, -0.000000000000000000, 1.000000000000000000 ) ) ;
#2058 = CARTESIAN_POINT ( 'NONE',  ( 38.00000000000000000, 2.309401076758500260, 8.949999999999999289 ) ) ;
#2059 = CIRCLE ( 'NONE', #4906, 1.649999999999998579 ) ;
#2060 = VECTOR ( 'NONE', #3160, 1000.000000000000227 ) ;
#2061 = VERTEX_POINT ( 'NONE', #4381 ) ;
#2062 = AXIS2_PLACEMENT_3D ( 'NONE', #762, #2021, #1140 ) ;
#2063 = EDGE_CURVE ( 'NONE', #3429, #898, #240, .T. ) ;
#2064 = AXIS2_PLACEMENT_3D ( 'NONE', #3823, #1750, #4275 ) ;
#2065 = ORIENTED_EDGE ( 'NONE', *, *, #449, .T. ) ;
#2066 = DIRECTION ( 'NONE',  ( -0.8660254037844370423, -0.5000000000000028866, 0.000000000000000000 ) ) ;
#2067 = AXIS2_PLACEMENT_3D ( 'NONE', #4619, #907, #2577 ) ;
#2068 = VECTOR ( 'NONE', #2545, 1000.000000000000000 ) ;
#2069 = ORIENTED_EDGE ( 'NONE', *, *, #563, .F. ) ;
#2070 = DIRECTION ( 'NONE',  ( 1.000000000000000000, 0.000000000000000000, 0.000000000000000000 ) ) ;
#2071 = CYLINDRICAL_SURFACE ( 'NONE', #1791, 40.75000000000000000 ) ;
#2072 = VECTOR ( 'NONE', #1049, 1000.000000000000114 ) ;
#2073 = CIRCLE ( 'NONE', #3966, 39.25000000000000711 ) ;
#2074 = B_SPLINE_CURVE_WITH_KNOTS ( 'NONE', 3,
 ( #3803, #3442, #90, #508 ),
 .UNSPECIFIED., .F., .F.,
 ( 4, 4 ),
 ( 1.638984974443064108E-05, 0.0008792627380028514425 ),
 .UNSPECIFIED. ) ;
#2075 = CARTESIAN_POINT ( 'NONE',  ( 0.000000000000000000, 0.000000000000000000, 14.94999999999999751 ) ) ;
#2076 = EDGE_CURVE ( 'NONE', #1069, #3070, #3996, .T. ) ;
#2077 = CARTESIAN_POINT ( 'NONE',  ( 13.91034485257856268, 30.96941727062911198, 10.00000000000000533 ) ) ;
#2078 = DIRECTION ( 'NONE',  ( 0.9238795325112878487, 0.3826834323650871172, -0.000000000000000000 ) ) ;
#2079 = FACE_OUTER_BOUND ( 'NONE', #2801, .T. ) ;
#2080 = DIRECTION ( 'NONE',  ( -1.000000000000000000, -3.004629197474325162E-15, 0.000000000000000000 ) ) ;
#2081 = DIRECTION ( 'NONE',  ( -0.3826834323650941672, -0.9238795325112849621, -1.099064721078641162E-15 ) ) ;
#2082 = ORIENTED_EDGE ( 'NONE', *, *, #3826, .F. ) ;
#2083 = ORIENTED_EDGE ( 'NONE', *, *, #3563, .T. ) ;
#2084 = CIRCLE ( 'NONE', #4569, 2.750000000000002665 ) ;
#2085 = VERTEX_POINT ( 'NONE', #5258 ) ;
#2086 = DIRECTION ( 'NONE',  ( 0.8660254037844373753, 0.5000000000000022204, -0.000000000000000000 ) ) ;
#2087 = ORIENTED_EDGE ( 'NONE', *, *, #2895, .F. ) ;
#2088 = CIRCLE ( 'NONE', #4851, 1.649999999999998579 ) ;
#2089 = ORIENTED_EDGE ( 'NONE', *, *, #3081, .T. ) ;
#2090 = VERTEX_POINT ( 'NONE', #1540 ) ;
#2091 = AXIS2_PLACEMENT_3D ( 'NONE', #3848, #3444, #510 ) ;
#2092 = LINE ( 'NONE', #781, #1350 ) ;
#2093 = CARTESIAN_POINT ( 'NONE',  ( -24.03908494240037896, -31.02716382675123796, 12.94999999999999751 ) ) ;
#2094 = DIRECTION ( 'NONE',  ( -0.000000000000000000, -0.000000000000000000, 1.000000000000000000 ) ) ;
#2095 = LINE ( 'NONE', #3758, #4247 ) ;
#2096 = B_SPLINE_CURVE_WITH_KNOTS ( 'NONE', 3,
 ( #832, #4156, #430, #5112 ),
 .UNSPECIFIED., .F., .F.,
 ( 4, 4 ),
 ( 2.832197111956603506E-07, 0.002124322505366521303 ),
 .UNSPECIFIED. ) ;
#2097 = CARTESIAN_POINT ( 'NONE',  ( 0.000000000000000000, 0.000000000000000000, 14.94999999999999751 ) ) ;
#2098 = CARTESIAN_POINT ( 'NONE',  ( 37.25406986512918195, -16.51353319202391745, 10.00000000000000533 ) ) ;
#2099 = CARTESIAN_POINT ( 'NONE',  ( -1.250000000000000444, 38.00000000000000000, 14.94999999999999751 ) ) ;
#2100 = EDGE_CURVE ( 'NONE', #5070, #3, #2312, .T. ) ;
#2101 = EDGE_CURVE ( 'NONE', #1838, #4975, #2247, .T. ) ;
#2102 = DIRECTION ( 'NONE',  ( -0.5555702330195985139, 0.8314696123025477892, 0.000000000000000000 ) ) ;
#2103 = ADVANCED_FACE ( 'NONE', ( #3208 ), #1829, .F. ) ;
#2104 = PLANE ( 'NONE',  #1974 ) ;
#2105 = CARTESIAN_POINT ( 'NONE',  ( -32.51830935673203982, -20.62554490085268810, 12.94999999999999751 ) ) ;
#2106 = ORIENTED_EDGE ( 'NONE', *, *, #1939, .F. ) ;
#2107 = ORIENTED_EDGE ( 'NONE', *, *, #772, .T. ) ;
#2108 = ORIENTED_EDGE ( 'NONE', *, *, #825, .T. ) ;
#2109 = DIRECTION ( 'NONE',  ( -0.5879378012096829753, -0.3928474791935459010, -0.7071067811865474617 ) ) ;
#2110 = ORIENTED_EDGE ( 'NONE', *, *, #65, .F. ) ;
#2111 = VERTEX_POINT ( 'NONE', #3550 ) ;
#2112 = ORIENTED_EDGE ( 'NONE', *, *, #3054, .F. ) ;
#2113 = CARTESIAN_POINT ( 'NONE',  ( 16.51353319202352665, -37.25406986512935958, 10.00000000000000533 ) ) ;
#2114 = CARTESIAN_POINT ( 'NONE',  ( -29.30692352854619998, -23.27853290582601886, 14.77333839633719137 ) ) ;
#2115 = DIRECTION ( 'NONE',  ( -0.5555702330196036209, -0.8314696123025442365, -0.000000000000000000 ) ) ;
#2116 = CARTESIAN_POINT ( 'NONE',  ( 37.64809094983499449, 15.59434986887732144, 9.000000000000003553 ) ) ;
#2117 = DIRECTION ( 'NONE',  ( 0.000000000000000000, 0.000000000000000000, 1.000000000000000000 ) ) ;
#2118 = CARTESIAN_POINT ( 'NONE',  ( 1.154700538379249020, -40.00000000000001421, 14.94999999999999751 ) ) ;
#2119 = EDGE_CURVE ( 'NONE', #2971, #2055, #4380, .T. ) ;
#2120 = CARTESIAN_POINT ( 'NONE',  ( -20.62554490085280179, -30.86830935673197729, -16.95000000000000639 ) ) ;
#2121 = CARTESIAN_POINT ( 'NONE',  ( 36.00000000000000711, -1.154700538379258568, 8.949999999999999289 ) ) ;
#2122 = ORIENTED_EDGE ( 'NONE', *, *, #365, .T. ) ;
#2123 = VERTEX_POINT ( 'NONE', #1004 ) ;
#2124 = ADVANCED_FACE ( 'NONE', ( #3021 ), #190, .F. ) ;
#2125 = ORIENTED_EDGE ( 'NONE', *, *, #3745, .T. ) ;
#2126 = DIRECTION ( 'NONE',  ( -1.000000000000000000, -3.004629197474345673E-15, 0.000000000000000000 ) ) ;
#2127 = B_SPLINE_CURVE_WITH_KNOTS ( 'NONE', 3,
 ( #537, #4205, #482, #2195 ),
 .UNSPECIFIED., .F., .F.,
 ( 4, 4 ),
 ( 3.098899320634350872E-07, 0.001232105111770773675 ),
 .UNSPECIFIED. ) ;
#2128 = CIRCLE ( 'NONE', #3614, 1.650000000000002132 ) ;
#2129 = VERTEX_POINT ( 'NONE', #3073 ) ;
#2130 = EDGE_CURVE ( 'NONE', #1385, #1846, #3437, .T. ) ;
#2131 = EDGE_LOOP ( 'NONE', ( #4029, #1480, #32, #3552 ) ) ;
#2132 = EDGE_CURVE ( 'NONE', #1203, #1270, #2704, .T. ) ;
#2133 = EDGE_LOOP ( 'NONE', ( #4453, #1570, #2161 ) ) ;
#2134 = VECTOR ( 'NONE', #1742, 1000.000000000000000 ) ;
#2135 = CARTESIAN_POINT ( 'NONE',  ( -30.86830935673176057, 20.62554490085312509, 12.94999999999999751 ) ) ;
#2136 = DIRECTION ( 'NONE',  ( -0.000000000000000000, -0.000000000000000000, -1.000000000000000000 ) ) ;
#2137 = ORIENTED_EDGE ( 'NONE', *, *, #427, .F. ) ;
#2138 = VECTOR ( 'NONE', #4993, 1000.000000000000000 ) ;
#2139 = LINE ( 'NONE', #3372, #5166 ) ;
#2140 = FACE_OUTER_BOUND ( 'NONE', #4674, .T. ) ;
#2141 = CARTESIAN_POINT ( 'NONE',  ( -32.70533545089958949, -13.54699350572409777, 8.549999999999995381 ) ) ;
#2142 = AXIS2_PLACEMENT_3D ( 'NONE', #1504, #722, #3170 ) ;
#2143 = AXIS2_PLACEMENT_3D ( 'NONE', #2716, #4359, #645 ) ;
#2144 = VECTOR ( 'NONE', #4729, 1000.000000000000000 ) ;
#2145 = DIRECTION ( 'NONE',  ( 0.000000000000000000, -0.000000000000000000, -1.000000000000000000 ) ) ;
#2146 = AXIS2_PLACEMENT_3D ( 'NONE', #3686, #2478, #41 ) ;
#2147 = CARTESIAN_POINT ( 'NONE',  ( 29.50000000000000000, 0.000000000000000000, 12.94999999999999751 ) ) ;
#2148 = EDGE_CURVE ( 'NONE', #4528, #3796, #3460, .T. ) ;
#2149 = DIRECTION ( 'NONE',  ( 0.000000000000000000, 0.000000000000000000, 1.000000000000000000 ) ) ;
#2150 = DIRECTION ( 'NONE',  ( 0.000000000000000000, 0.000000000000000000, 1.000000000000000000 ) ) ;
#2151 = DIRECTION ( 'NONE',  ( 0.000000000000000000, 0.000000000000000000, 1.000000000000000000 ) ) ;
#2152 = DIRECTION ( 'NONE',  ( 0.000000000000000000, 0.000000000000000000, 1.000000000000000000 ) ) ;
#2153 = EDGE_CURVE ( 'NONE', #111, #5197, #2487, .T. ) ;
#2154 = VERTEX_POINT ( 'NONE', #4776 ) ;
#2155 = VERTEX_POINT ( 'NONE', #2183 ) ;
#2156 = CARTESIAN_POINT ( 'NONE',  ( 4.764027454119011079E-15, 1.150137969125172898E-14, 8.549999999999997158 ) ) ;
#2157 = B_SPLINE_CURVE_WITH_KNOTS ( 'NONE', 3,
 ( #364, #3672, #1235, #4880 ),
 .UNSPECIFIED., .F., .F.,
 ( 4, 4 ),
 ( 1.638984974443064108E-05, 0.0008792627380028502498 ),
 .UNSPECIFIED. ) ;
#2158 = FACE_OUTER_BOUND ( 'NONE', #3408, .T. ) ;
#2159 = ORIENTED_EDGE ( 'NONE', *, *, #385, .F. ) ;
#2160 = LINE ( 'NONE', #4534, #16 ) ;
#2161 = ORIENTED_EDGE ( 'NONE', *, *, #1530, .F. ) ;
#2162 = DIRECTION ( 'NONE',  ( -0.5555702330195927408, 0.8314696123025515639, 0.000000000000000000 ) ) ;
#2163 = VECTOR ( 'NONE', #141, 1000.000000000000227 ) ;
#2164 = EDGE_CURVE ( 'NONE', #4538, #2243, #3512, .T. ) ;
#2165 = EDGE_CURVE ( 'NONE', #901, #1014, #3727, .T. ) ;
#2166 = EDGE_CURVE ( 'NONE', #5332, #1947, #4627, .T. ) ;
#2167 = CARTESIAN_POINT ( 'NONE',  ( 0.000000000000000000, 0.000000000000000000, 16.54499999999999815 ) ) ;
#2168 = DIRECTION ( 'NONE',  ( -0.8314696123025459018, -0.5555702330196014005, 0.000000000000000000 ) ) ;
#2169 = AXIS2_PLACEMENT_3D ( 'NONE', #3137, #2319, #2642 ) ;
#2170 = CIRCLE ( 'NONE', #2953, 39.25000000000000711 ) ;
#2171 = CARTESIAN_POINT ( 'NONE',  ( -19.46600207473591837, 34.08280010835930796, 12.94999999999999751 ) ) ;
#2172 = CARTESIAN_POINT ( 'NONE',  ( -17.93626037356174407, -32.66523182915476298, 14.93437499999998330 ) ) ;
#2173 = CARTESIAN_POINT ( 'NONE',  ( 37.97190817316089095, 14.78898678107676901, 7.549999999999999822 ) ) ;
#2174 = VECTOR ( 'NONE', #113, 999.9999999999998863 ) ;
#2175 = EDGE_CURVE ( 'NONE', #2728, #3994, #3955, .T. ) ;
#2176 = LINE ( 'NONE', #2669, #4991 ) ;
#2177 = FACE_OUTER_BOUND ( 'NONE', #1966, .T. ) ;
#2178 = ORIENTED_EDGE ( 'NONE', *, *, #2749, .F. ) ;
#2179 = EDGE_CURVE ( 'NONE', #3230, #606, #4664, .T. ) ;
#2180 = ORIENTED_EDGE ( 'NONE', *, *, #2541, .T. ) ;
#2181 = CARTESIAN_POINT ( 'NONE',  ( 23.76060180979674641, -30.61038436569196008, 13.45002456809160307 ) ) ;
#2182 = DIRECTION ( 'NONE',  ( -0.000000000000000000, -0.000000000000000000, 1.000000000000000000 ) ) ;
#2183 = CARTESIAN_POINT ( 'NONE',  ( 29.34049121592799025, -22.91208633468487221, 14.45000000000002593 ) ) ;
#2184 = EDGE_LOOP ( 'NONE', ( #6, #2542, #595, #2277, #3885, #4361, #5310, #3674, #3102, #356, #3892, #30, #2065, #4905, #1884, #2266, #661, #1465, #4410, #236 ) ) ;
#2185 = CARTESIAN_POINT ( 'NONE',  ( 23.20359469931937468, -29.77676431430586135, 14.44999999999998685 ) ) ;
#2186 = ORIENTED_EDGE ( 'NONE', *, *, #2360, .F. ) ;
#2187 = DIRECTION ( 'NONE',  ( 0.3826834323650871172, -0.9238795325112878487, -1.099064721078640965E-15 ) ) ;
#2188 = EDGE_LOOP ( 'NONE', ( #4584, #4982, #2444, #1503 ) ) ;
#2189 = ADVANCED_FACE ( 'NONE', ( #1068 ), #2727, .F. ) ;
#2190 = DIRECTION ( 'NONE',  ( 1.000000000000000000, 0.000000000000000000, 0.000000000000000000 ) ) ;
#2191 = DIRECTION ( 'NONE',  ( 0.000000000000000000, 0.000000000000000000, 1.000000000000000000 ) ) ;
#2192 = CARTESIAN_POINT ( 'NONE',  ( -38.00000000000000000, 2.309401076758503368, 8.949999999999999289 ) ) ;
#2193 = EDGE_CURVE ( 'NONE', #2381, #401, #3970, .T. ) ;
#2194 = B_SPLINE_CURVE_WITH_KNOTS ( 'NONE', 3,
 ( #942, #4260, #540, #2200, #157, #3858, #5098, #1374, #3040, #4685 ),
 .UNSPECIFIED., .F., .F.,
 ( 4, 2, 2, 2, 4 ),
 ( 0.000000000000000000, 0.0004767083179968108534, 0.0009534166359936217068, 0.001430124953990432506, 0.001906833271987243414 ),
 .UNSPECIFIED. ) ;
#2195 = CARTESIAN_POINT ( 'NONE',  ( 37.20403934988942041, -1.849852981152815934, 14.94999999999999751 ) ) ;
#2196 = CARTESIAN_POINT ( 'NONE',  ( -13.38359129099624845, -31.48197939651917210, 9.741392557565522026 ) ) ;
#2197 = DIRECTION ( 'NONE',  ( -0.3826834323650908920, -0.9238795325112862944, -0.000000000000000000 ) ) ;
#2198 = ADVANCED_FACE ( 'NONE', ( #972 ), #2644, .F. ) ;
#2199 = CARTESIAN_POINT ( 'NONE',  ( 38.00000000000000000, 2.309401076758500260, 8.949999999999999289 ) ) ;
#2200 = CARTESIAN_POINT ( 'NONE',  ( -13.44788569043170412, 31.35804468343798135, 9.830278407752961911 ) ) ;
#2201 = ORIENTED_EDGE ( 'NONE', *, *, #2622, .T. ) ;
#2202 = ORIENTED_EDGE ( 'NONE', *, *, #3704, .F. ) ;
#2203 = SURFACE_SIDE_STYLE ('',( #2990 ) ) ;
#2204 = DIRECTION ( 'NONE',  ( -0.9238795325112848511, 0.3826834323650941116, 0.000000000000000000 ) ) ;
#2205 = CARTESIAN_POINT ( 'NONE',  ( -23.20359469931917218, 29.77676431430603543, 14.44999999999997264 ) ) ;
#2206 = CARTESIAN_POINT ( 'NONE',  ( 20.62554490085257797, -30.86830935673211584, 12.94999999999999751 ) ) ;
#2207 = ORIENTED_EDGE ( 'NONE', *, *, #2946, .F. ) ;
#2208 = CARTESIAN_POINT ( 'NONE',  ( -30.96941727062916172, -13.91034485257846320, 10.00000000000000533 ) ) ;
#2209 = B_SPLINE_CURVE_WITH_KNOTS ( 'NONE', 3,
 ( #2185, #3841, #4198, #828 ),
 .UNSPECIFIED., .F., .F.,
 ( 4, 4 ),
 ( 3.553645688644552775E-07, 0.0008632282538146421108 ),
 .UNSPECIFIED. ) ;
#2210 = ORIENTED_EDGE ( 'NONE', *, *, #2216, .T. ) ;
#2211 = LINE ( 'NONE', #3627, #1372 ) ;
#2212 = ORIENTED_EDGE ( 'NONE', *, *, #1766, .F. ) ;
#2213 = LINE ( 'NONE', #4980, #2174 ) ;
#2214 = CARTESIAN_POINT ( 'NONE',  ( 32.66523182915468482, -17.93626037356188618, 14.93437499999998330 ) ) ;
#2215 = ORIENTED_EDGE ( 'NONE', *, *, #3022, .T. ) ;
#2216 = EDGE_CURVE ( 'NONE', #1670, #3746, #2382, .T. ) ;
#2217 = CARTESIAN_POINT ( 'NONE',  ( -1.154700538379233699, -40.00000000000002132, 12.18333680410953512 ) ) ;
#2218 = CARTESIAN_POINT ( 'NONE',  ( -15.61836357855494839, 37.63816857420246009, 9.261646961280515455 ) ) ;
#2219 = VECTOR ( 'NONE', #3476, 1000.000000000000227 ) ;
#2220 = ORIENTED_EDGE ( 'NONE', *, *, #2010, .T. ) ;
#2221 = DIRECTION ( 'NONE',  ( 0.000000000000000000, 0.000000000000000000, 1.000000000000000000 ) ) ;
#2222 =( LENGTH_UNIT ( ) NAMED_UNIT ( * ) SI_UNIT ( .MILLI., .METRE. ) );
#2223 = AXIS2_PLACEMENT_3D ( 'NONE', #5057, #3083, #5088 ) ;
#2224 = B_SPLINE_CURVE_WITH_KNOTS ( 'NONE', 3,
 ( #773, #823, #2486, #3643 ),
 .UNSPECIFIED., .F., .F.,
 ( 4, 4 ),
 ( 1.084442044199182796E-05, 0.0008737173096876886709 ),
 .UNSPECIFIED. ) ;
#2225 = VECTOR ( 'NONE', #1457, 1000.000000000000000 ) ;
#2226 = LINE ( 'NONE', #3062, #1335 ) ;
#2227 = CARTESIAN_POINT ( 'NONE',  ( 0.000000000000000000, 0.000000000000000000, 10.00000000000000533 ) ) ;
#2228 = ORIENTED_EDGE ( 'NONE', *, *, #3734, .F. ) ;
#2229 = CONICAL_SURFACE ( 'NONE', #4059, 2.749999999999999112, 0.7853981633974561616 ) ;
#2230 = DIRECTION ( 'NONE',  ( -0.000000000000000000, -0.000000000000000000, 1.000000000000000000 ) ) ;
#2231 = ADVANCED_FACE ( 'NONE', ( #1171, #4015 ), #660, .T. ) ;
#2232 = VECTOR ( 'NONE', #1159, 1000.000000000000114 ) ;
#2233 = CARTESIAN_POINT ( 'NONE',  ( -22.27554490085280037, -30.86830935673197729, 10.00000000000000533 ) ) ;
#2234 = CARTESIAN_POINT ( 'NONE',  ( 15.40897301310266165, 37.72445558133509991, 7.935354638882231804 ) ) ;
#2235 = CARTESIAN_POINT ( 'NONE',  ( -1.249999999999996003, -38.00000000000000000, 14.94999999999999751 ) ) ;
#2236 = VERTEX_POINT ( 'NONE', #2844 ) ;
#2237 = ORIENTED_EDGE ( 'NONE', *, *, #4300, .T. ) ;
#2238 =( NAMED_UNIT ( * ) PLANE_ANGLE_UNIT ( ) SI_UNIT ( $, .RADIAN. ) );
#2239 = CARTESIAN_POINT ( 'NONE',  ( -22.91208633468476918, -29.34049121592807197, 12.94999999999999751 ) ) ;
#2240 = CARTESIAN_POINT ( 'NONE',  ( -0.3826834323650896152, -0.9238795325112740819, 9.000000000000005329 ) ) ;
#2241 = CARTESIAN_POINT ( 'NONE',  ( -30.86830935673204479, -20.62554490085268810, 12.94999999999999751 ) ) ;
#2242 = CARTESIAN_POINT ( 'NONE',  ( -20.62554490085280179, -30.86830935673197729, 10.00000000000000533 ) ) ;
#2243 = VERTEX_POINT ( 'NONE', #1946 ) ;
#2244 = VERTEX_POINT ( 'NONE', #4480 ) ;
#2245 = DIRECTION ( 'NONE',  ( 0.000000000000000000, 0.000000000000000000, -1.000000000000000000 ) ) ;
#2246 = EDGE_CURVE ( 'NONE', #824, #1157, #1339, .T. ) ;
#2247 = B_SPLINE_CURVE_WITH_KNOTS ( 'NONE', 3,
 ( #633, #3484, #3895, #1408 ),
 .UNSPECIFIED., .F., .F.,
 ( 4, 4 ),
 ( 3.032767737756681916E-07, 0.003020634337470510210 ),
 .UNSPECIFIED. ) ;
#2248 = EDGE_LOOP ( 'NONE', ( #3462, #2271, #1922, #2952 ) ) ;
#2249 = CARTESIAN_POINT ( 'NONE',  ( 37.63816857420230377, 15.61836357855534452, 9.261646961280513679 ) ) ;
#2250 = DIRECTION ( 'NONE',  ( 0.000000000000000000, 0.000000000000000000, 1.000000000000000000 ) ) ;
#2251 = ORIENTED_EDGE ( 'NONE', *, *, #786, .F. ) ;
#2252 = LINE ( 'NONE', #3149, #1126 ) ;
#2253 = CARTESIAN_POINT ( 'NONE',  ( 18.16775793607209621, 32.72183418654844189, 14.77333839633718071 ) ) ;
#2254 = VECTOR ( 'NONE', #4352, 1000.000000000000114 ) ;
#2255 = DIRECTION ( 'NONE',  ( 1.000000000000000000, 0.000000000000000000, 0.000000000000000000 ) ) ;
#2256 = ADVANCED_FACE ( 'NONE', ( #272 ), #2030, .F. ) ;
#2257 = AXIS2_PLACEMENT_3D ( 'NONE', #2515, #1274, #1299 ) ;
#2258 = DIRECTION ( 'NONE',  ( 0.3928474791935430699, -0.5879378012096699857, 0.7071067811865597852 ) ) ;
#2259 = CARTESIAN_POINT ( 'NONE',  ( -32.83240059591358317, -18.63051183165547187, 14.44999999999998863 ) ) ;
#2260 = ORIENTED_EDGE ( 'NONE', *, *, #2333, .T. ) ;
#2261 = AXIS2_PLACEMENT_3D ( 'NONE', #1196, #2841, #4573 ) ;
#2262 = CARTESIAN_POINT ( 'NONE',  ( -30.86830935673204479, -20.62554490085268810, 14.44999999999998685 ) ) ;
#2263 = ADVANCED_FACE ( 'NONE', ( #3168 ), #4091, .T. ) ;
#2264 = CARTESIAN_POINT ( 'NONE',  ( 13.54699350572421856, 32.70533545089957528, 8.549999999999974065 ) ) ;
#2265 = AXIS2_PLACEMENT_3D ( 'NONE', #1839, #3150, #4025 ) ;
#2266 = ORIENTED_EDGE ( 'NONE', *, *, #1980, .T. ) ;
#2267 = EDGE_CURVE ( 'NONE', #922, #3468, #687, .T. ) ;
#2268 = ORIENTED_EDGE ( 'NONE', *, *, #142, .T. ) ;
#2269 = CARTESIAN_POINT ( 'NONE',  ( 16.51822940138847784, -37.26540751746996705, 9.000000000000005329 ) ) ;
#2270 = DIRECTION ( 'NONE',  ( -0.8314696123025459018, -0.5555702330196014005, -0.000000000000000000 ) ) ;
#2271 = ORIENTED_EDGE ( 'NONE', *, *, #2592, .T. ) ;
#2272 = CARTESIAN_POINT ( 'NONE',  ( -30.86830935673176057, 20.62554490085312509, -16.95000000000000639 ) ) ;
#2273 = ORIENTED_EDGE ( 'NONE', *, *, #5134, .F. ) ;
#2274 = ORIENTED_EDGE ( 'NONE', *, *, #3776, .F. ) ;
#2275 = VERTEX_POINT ( 'NONE', #302 ) ;
#2276 = FACE_OUTER_BOUND ( 'NONE', #2684, .T. ) ;
#2277 = ORIENTED_EDGE ( 'NONE', *, *, #3794, .F. ) ;
#2278 = CARTESIAN_POINT ( 'NONE',  ( 37.25406986512929564, 16.51353319202365455, 10.00000000000000533 ) ) ;
#2279 = DIRECTION ( 'NONE',  ( -0.000000000000000000, -0.000000000000000000, 1.000000000000000000 ) ) ;
#2280 = ORIENTED_EDGE ( 'NONE', *, *, #1775, .T. ) ;
#2281 = CARTESIAN_POINT ( 'NONE',  ( -30.86830935673176057, 20.62554490085312509, 14.44999999999998330 ) ) ;
#2282 = DIRECTION ( 'NONE',  ( 0.8660254037844370423, 0.5000000000000029976, -0.000000000000000000 ) ) ;
#2283 = DIRECTION ( 'NONE',  ( 0.8314696123025395735, -0.5555702330196108374, 0.000000000000000000 ) ) ;
#2284 = CARTESIAN_POINT ( 'NONE',  ( -37.63816857420230377, -15.61836357855534452, 9.261646961280513679 ) ) ;
#2285 = VERTEX_POINT ( 'NONE', #693 ) ;
#2286 = DIRECTION ( 'NONE',  ( -4.205390244792263185E-15, -1.000000000000000000, 0.000000000000000000 ) ) ;
#2287 = CARTESIAN_POINT ( 'NONE',  ( -36.00000000000000000, -1.154700538379243469, 8.949999999999999289 ) ) ;
#2288 = DIRECTION ( 'NONE',  ( 0.000000000000000000, -0.000000000000000000, 1.000000000000000000 ) ) ;
#2289 = CARTESIAN_POINT ( 'NONE',  ( -15.94978186151235811, -37.49900624025755747, 9.799567530044084762 ) ) ;
#2290 = ORIENTED_EDGE ( 'NONE', *, *, #4732, .F. ) ;
#2291 = ORIENTED_EDGE ( 'NONE', *, *, #2933, .T. ) ;
#2292 = DIRECTION ( 'NONE',  ( 1.000000000000000000, 3.004629197474325951E-15, 0.000000000000000000 ) ) ;
#2293 = CARTESIAN_POINT ( 'NONE',  ( -1.154700538379236807, 36.00000000000000000, 14.94999999999999751 ) ) ;
#2294 = LINE ( 'NONE', #1222, #3721 ) ;
#2295 = B_SPLINE_CURVE_WITH_KNOTS ( 'NONE', 3,
 ( #462, #5346, #886, #1633 ),
 .UNSPECIFIED., .F., .F.,
 ( 4, 4 ),
 ( 3.032767737831621568E-07, 0.003020634337470489827 ),
 .UNSPECIFIED. ) ;
#2296 = DIRECTION ( 'NONE',  ( 0.000000000000000000, 0.000000000000000000, 1.000000000000000000 ) ) ;
#2297 = DIRECTION ( 'NONE',  ( 1.000000000000000000, 0.000000000000000000, 0.000000000000000000 ) ) ;
#2298 = ORIENTED_EDGE ( 'NONE', *, *, #3395, .F. ) ;
#2299 = VERTEX_POINT ( 'NONE', #5248 ) ;
#2300 = CARTESIAN_POINT ( 'NONE',  ( -1.538022480964936101, 39.33606691978559411, 12.83593247474962773 ) ) ;
#2301 = EDGE_CURVE ( 'NONE', #3000, #276, #3286, .T. ) ;
#2302 = VERTEX_POINT ( 'NONE', #1119 ) ;
#2303 = EDGE_CURVE ( 'NONE', #3717, #1592, #4127, .T. ) ;
#2304 = LINE ( 'NONE', #586, #4635 ) ;
#2305 = DIRECTION ( 'NONE',  ( 1.051347561198065757E-14, 1.000000000000000000, 0.000000000000000000 ) ) ;
#2306 = AXIS2_PLACEMENT_3D ( 'NONE', #2052, #2963, #1225 ) ;
#2307 = CARTESIAN_POINT ( 'NONE',  ( -20.62554490085236480, 30.86830935673225795, 14.44999999999997264 ) ) ;
#2308 = FACE_OUTER_BOUND ( 'NONE', #663, .T. ) ;
#2309 = ORIENTED_EDGE ( 'NONE', *, *, #1758, .F. ) ;
#2310 = CARTESIAN_POINT ( 'NONE',  ( 19.18751894213272990, -33.66602064729974586, 13.45002456809160840 ) ) ;
#2311 = AXIS2_PLACEMENT_3D ( 'NONE', #2046, #763, #3707 ) ;
#2312 = B_SPLINE_CURVE_WITH_KNOTS ( 'NONE', 3,
 ( #2899, #577, #3108, #603 ),
 .UNSPECIFIED., .F., .F.,
 ( 4, 4 ),
 ( 4.553420981031778897E-05, 7.341664619481375292E-05 ),
 .UNSPECIFIED. ) ;
#2313 = AXIS2_PLACEMENT_3D ( 'NONE', #965, #3889, #1028 ) ;
#2314 = CARTESIAN_POINT ( 'NONE',  ( 17.91383588034562990, -32.65971500261510130, 14.94999999999999751 ) ) ;
#2315 = VECTOR ( 'NONE', #859, 1000.000000000000000 ) ;
#2316 = LINE ( 'NONE', #3542, #343 ) ;
#2317 = VERTEX_POINT ( 'NONE', #4429 ) ;
#2318 = EDGE_LOOP ( 'NONE', ( #1617, #549, #3930, #5308 ) ) ;
#2319 = DIRECTION ( 'NONE',  ( 0.000000000000000000, 0.000000000000000000, -1.000000000000000000 ) ) ;
#2320 = VECTOR ( 'NONE', #148, 1000.000000000000000 ) ;
#2321 = CIRCLE ( 'NONE', #495, 40.75000000000000000 ) ;
#2322 = CYLINDRICAL_SURFACE ( 'NONE', #2416, 1.649999999999998579 ) ;
#2323 = DIRECTION ( 'NONE',  ( -0.3826834323650870617, 0.9238795325112878487, 0.000000000000000000 ) ) ;
#2324 = ADVANCED_FACE ( 'NONE', ( #720 ), #3661, .F. ) ;
#2325 = DIRECTION ( 'NONE',  ( 1.000000000000000000, 3.004629197474325162E-15, 0.000000000000000000 ) ) ;
#2326 = ORIENTED_EDGE ( 'NONE', *, *, #5010, .F. ) ;
#2327 = VECTOR ( 'NONE', #2396, 1000.000000000000114 ) ;
#2328 = FACE_OUTER_BOUND ( 'NONE', #5006, .T. ) ;
#2329 = ORIENTED_EDGE ( 'NONE', *, *, #1599, .F. ) ;
#2330 = ORIENTED_EDGE ( 'NONE', *, *, #2992, .T. ) ;
#2331 = CARTESIAN_POINT ( 'NONE',  ( -33.66602064729941901, 19.18751894213330900, 13.45002456809159774 ) ) ;
#2332 = ORIENTED_EDGE ( 'NONE', *, *, #1027, .T. ) ;
#2333 = EDGE_CURVE ( 'NONE', #275, #3840, #2500, .T. ) ;
#2334 = CARTESIAN_POINT ( 'NONE',  ( 2.003227093208111320, -37.46969110453496654, 14.67705938545993583 ) ) ;
#2335 = CARTESIAN_POINT ( 'NONE',  ( -1.154700538379236807, 36.00000000000000000, 8.949999999999999289 ) ) ;
#2336 = CARTESIAN_POINT ( 'NONE',  ( -1.104444816093240535E-14, -4.574760217184613184E-15, 9.000000000000003553 ) ) ;
#2337 = EDGE_CURVE ( 'NONE', #4975, #3765, #5277, .T. ) ;
#2338 = ADVANCED_FACE ( 'NONE', ( #4576 ), #2909, .F. ) ;
#2339 = CARTESIAN_POINT ( 'NONE',  ( 40.00000000000001421, 1.154700538379246577, 12.18333680410954400 ) ) ;
#2340 = DIRECTION ( 'NONE',  ( 0.5555702330196036209, 0.8314696123025442365, 0.000000000000000000 ) ) ;
#2341 = ORIENTED_EDGE ( 'NONE', *, *, #53, .T. ) ;
#2342 = VECTOR ( 'NONE', #3583, 1000.000000000000000 ) ;
#2343 = VERTEX_POINT ( 'NONE', #1709 ) ;
#2344 = CARTESIAN_POINT ( 'NONE',  ( -2.309401076758498039, 38.00000000000000000, 14.94999999999999751 ) ) ;
#2345 = AXIS2_PLACEMENT_3D ( 'NONE', #579, #192, #3485 ) ;
#2346 = DIRECTION ( 'NONE',  ( 0.3826834323650774583, -0.9238795325112919565, 0.000000000000000000 ) ) ;
#2347 = FACE_OUTER_BOUND ( 'NONE', #2353, .T. ) ;
#2348 = DIRECTION ( 'NONE',  ( 0.000000000000000000, 0.000000000000000000, 1.000000000000000000 ) ) ;
#2349 = DIRECTION ( 'NONE',  ( 0.000000000000000000, 0.000000000000000000, -1.000000000000000000 ) ) ;
#2350 = ORIENTED_EDGE ( 'NONE', *, *, #2984, .T. ) ;
#2351 = CIRCLE ( 'NONE', #4854, 37.25000000000000711 ) ;
#2352 = CARTESIAN_POINT ( 'NONE',  ( 18.33900346702077400, 32.39612749753588616, 14.44999999999998330 ) ) ;
#2353 = EDGE_LOOP ( 'NONE', ( #273, #3958, #4557, #522 ) ) ;
#2354 = CARTESIAN_POINT ( 'NONE',  ( -15.59434986887744934, -37.64809094983495186, 8.417937742454435934 ) ) ;
#2355 = CYLINDRICAL_SURFACE ( 'NONE', #163, 1.250000000000000444 ) ;
#2356 = FACE_OUTER_BOUND ( 'NONE', #4927, .T. ) ;
#2357 = CARTESIAN_POINT ( 'NONE',  ( 13.44788569043191906, -31.35804468343788542, 9.830278407752963687 ) ) ;
#2358 = VECTOR ( 'NONE', #3820, 999.9999999999998863 ) ;
#2359 = EDGE_LOOP ( 'NONE', ( #5284, #424, #4197, #209 ) ) ;
#2360 = EDGE_CURVE ( 'NONE', #2061, #52, #3216, .T. ) ;
#2361 = CARTESIAN_POINT ( 'NONE',  ( -31.72284756839234632, -13.30742245788376010, 9.549132443796469971 ) ) ;
#2362 = ORIENTED_EDGE ( 'NONE', *, *, #3826, .T. ) ;
#2363 = ORIENTED_EDGE ( 'NONE', *, *, #2594, .T. ) ;
#2364 = AXIS2_PLACEMENT_3D ( 'NONE', #1614, #2057, #5252 ) ;
#2365 = DIRECTION ( 'NONE',  ( 1.000000000000000000, 0.000000000000000000, 0.000000000000000000 ) ) ;
#2366 = ORIENTED_EDGE ( 'NONE', *, *, #2525, .T. ) ;
#2367 = CARTESIAN_POINT ( 'NONE',  ( -36.39999999999999147, 0.000000000000000000, 7.549999999999999822 ) ) ;
#2368 = VERTEX_POINT ( 'NONE', #1735 ) ;
#2369 = CARTESIAN_POINT ( 'NONE',  ( 18.39917702450415149, 32.77755000132608387, 14.61187450479805960 ) ) ;
#2370 = CARTESIAN_POINT ( 'NONE',  ( -29.07138688430925555, -23.31482942814373516, 14.93437500000000107 ) ) ;
#2371 = EDGE_CURVE ( 'NONE', #2302, #2966, #246, .T. ) ;
#2372 = DIRECTION ( 'NONE',  ( 0.5555702330195985139, -0.8314696123025476782, 0.000000000000000000 ) ) ;
#2373 = DIRECTION ( 'NONE',  ( -0.000000000000000000, -0.000000000000000000, 1.000000000000000000 ) ) ;
#2374 = ORIENTED_EDGE ( 'NONE', *, *, #2100, .F. ) ;
#2375 = CARTESIAN_POINT ( 'NONE',  ( 37.64809094983497317, 15.59434986887731434, 8.285875625553023482 ) ) ;
#2376 = ORIENTED_EDGE ( 'NONE', *, *, #598, .T. ) ;
#2377 = DIRECTION ( 'NONE',  ( -0.8314696123025459018, -0.5555702330196014005, -0.000000000000000000 ) ) ;
#2378 = DIRECTION ( 'NONE',  ( 0.000000000000000000, 0.000000000000000000, 1.000000000000000000 ) ) ;
#2379 = EDGE_CURVE ( 'NONE', #2387, #2155, #4948, .T. ) ;
#2380 = DIRECTION ( 'NONE',  ( 0.5000000000000024425, -0.8660254037844373753, 0.000000000000000000 ) ) ;
#2381 = VERTEX_POINT ( 'NONE', #4526 ) ;
#2382 = B_SPLINE_CURVE_WITH_KNOTS ( 'NONE', 3,
 ( #2867, #1607, #2436, #2357, #4452, #3256, #3987, #353, #4893, #767 ),
 .UNSPECIFIED., .F., .F.,
 ( 4, 2, 2, 2, 4 ),
 ( 0.000000000000000000, 0.0004767083179968117750, 0.0009534166359936235499, 0.001430124953990435325, 0.001906833271987247100 ),
 .UNSPECIFIED. ) ;
#2383 = ADVANCED_FACE ( 'NONE', ( #24, #4208 ), #4189, .T. ) ;
#2384 = CARTESIAN_POINT ( 'NONE',  ( -37.35949671541791162, 16.27406404294818643, 9.974031775792742138 ) ) ;
#2385 = DIRECTION ( 'NONE',  ( -1.000000000000000000, 0.000000000000000000, 0.000000000000000000 ) ) ;
#2386 = DIRECTION ( 'NONE',  ( -1.000000000000000000, 0.000000000000000000, 0.000000000000000000 ) ) ;
#2387 = VERTEX_POINT ( 'NONE', #394 ) ;
#2388 = VERTEX_POINT ( 'NONE', #445 ) ;
#2389 = VERTEX_POINT ( 'NONE', #3405 ) ;
#2390 = CARTESIAN_POINT ( 'NONE',  ( 0.000000000000000000, 0.000000000000000000, 8.949999999999999289 ) ) ;
#2391 = VERTEX_POINT ( 'NONE', #421 ) ;
#2392 = ADVANCED_FACE ( 'NONE', ( #868 ), #2104, .T. ) ;
#2393 = CARTESIAN_POINT ( 'NONE',  ( -13.00053977279968542, 33.99920536741782939, 7.549999999999999822 ) ) ;
#2394 = ORIENTED_EDGE ( 'NONE', *, *, #21, .F. ) ;
#2395 = DIRECTION ( 'NONE',  ( -0.000000000000000000, -0.000000000000000000, -1.000000000000000000 ) ) ;
#2396 = DIRECTION ( 'NONE',  ( 0.5879378012096829753, 0.3928474791935459010, -0.7071067811865474617 ) ) ;
#2397 = ADVANCED_FACE ( 'NONE', ( #819, #73 ), #3763, .T. ) ;
#2398 = DIRECTION ( 'NONE',  ( -3.004629197474325951E-15, 1.000000000000000000, 0.000000000000000000 ) ) ;
#2399 = DIRECTION ( 'NONE',  ( 1.000000000000000000, 3.004629197474345673E-15, 0.000000000000000000 ) ) ;
#2400 = CARTESIAN_POINT ( 'NONE',  ( -29.54204840701682144, 23.24144735566069997, 14.61187450479806316 ) ) ;
#2401 = DIRECTION ( 'NONE',  ( -0.5000000000000028866, 0.8660254037844370423, 0.000000000000000000 ) ) ;
#2402 = VECTOR ( 'NONE', #4709, 1000.000000000000227 ) ;
#2403 = LINE ( 'NONE', #4293, #3905 ) ;
#2404 = ORIENTED_EDGE ( 'NONE', *, *, #5209, .F. ) ;
#2405 = CARTESIAN_POINT ( 'NONE',  ( 33.94168943740300648, -13.15095629016330570, 7.549999999999998934 ) ) ;
#2406 = ADVANCED_FACE ( 'NONE', ( #3809, #5040, #2479 ), #1315, .T. ) ;
#2407 = DIRECTION ( 'NONE',  ( 0.000000000000000000, 0.000000000000000000, -1.000000000000000000 ) ) ;
#2408 = VECTOR ( 'NONE', #100, 1000.000000000000000 ) ;
#2409 = AXIS2_PLACEMENT_3D ( 'NONE', #1910, #2812, #1940 ) ;
#2410 = DIRECTION ( 'NONE',  ( -0.000000000000000000, -0.000000000000000000, -1.000000000000000000 ) ) ;
#2411 = CARTESIAN_POINT ( 'NONE',  ( 33.14815744218654459, 13.62784186248955365, 8.109841286211132427 ) ) ;
#2412 = EDGE_LOOP ( 'NONE', ( #357, #2799, #833, #3586 ) ) ;
#2413 = ORIENTED_EDGE ( 'NONE', *, *, #4216, .T. ) ;
#2414 = AXIS2_PLACEMENT_3D ( 'NONE', #865, #2527, #3377 ) ;
#2415 = VERTEX_POINT ( 'NONE', #5017 ) ;
#2416 = AXIS2_PLACEMENT_3D ( 'NONE', #4836, #4013, #1500 ) ;
#2417 = CARTESIAN_POINT ( 'NONE',  ( -29.21830935673204266, -20.62554490085268810, 10.00000000000000533 ) ) ;
#2418 = VERTEX_POINT ( 'NONE', #2507 ) ;
#2419 = CIRCLE ( 'NONE', #2853, 1.649999999999998579 ) ;
#2420 = DIRECTION ( 'NONE',  ( 1.000000000000000000, 0.000000000000000000, 0.000000000000000000 ) ) ;
#2421 = ORIENTED_EDGE ( 'NONE', *, *, #2041, .F. ) ;
#2422 = EDGE_CURVE ( 'NONE', #3546, #4696, #4166, .T. ) ;
#2423 = CARTESIAN_POINT ( 'NONE',  ( -38.00000000000000000, -2.309401076758497151, 14.94999999999999751 ) ) ;
#2424 = EDGE_LOOP ( 'NONE', ( #1564, #4839, #2186, #1546 ) ) ;
#2425 = PLANE ( 'NONE',  #3002 ) ;
#2426 = DIRECTION ( 'NONE',  ( -3.784851220313034736E-15, -1.000000000000000000, 0.000000000000000000 ) ) ;
#2427 = ADVANCED_FACE ( 'NONE', ( #2939 ), #463, .F. ) ;
#2428 = DIRECTION ( 'NONE',  ( -0.4999999999999977796, -0.8660254037844399289, 0.000000000000000000 ) ) ;
#2429 = CARTESIAN_POINT ( 'NONE',  ( 34.08280010835898111, -19.46600207473650102, 12.94999999999999929 ) ) ;
#2430 = CARTESIAN_POINT ( 'NONE',  ( -17.93626037356126446, 32.66523182915502588, 14.93437499999998330 ) ) ;
#2431 = ORIENTED_EDGE ( 'NONE', *, *, #4711, .F. ) ;
#2432 = DIRECTION ( 'NONE',  ( 0.5555702330196014005, -0.8314696123025459018, 0.000000000000000000 ) ) ;
#2433 = VECTOR ( 'NONE', #4021, 999.9999999999998863 ) ;
#2434 = LINE ( 'NONE', #3276, #4224 ) ;
#2435 = EDGE_CURVE ( 'NONE', #1739, #3000, #2176, .T. ) ;
#2436 = CARTESIAN_POINT ( 'NONE',  ( 13.63698041433483965, -31.13485544182797327, 9.959865198479798565 ) ) ;
#2437 = AXIS2_PLACEMENT_3D ( 'NONE', #3457, #3105, #5102 ) ;
#2438 = EDGE_LOOP ( 'NONE', ( #3555, #1268, #1434, #1409 ) ) ;
#2439 = EDGE_CURVE ( 'NONE', #1446, #2722, #5181, .T. ) ;
#2440 = EDGE_LOOP ( 'NONE', ( #2491, #1301, #4175, #3768, #998 ) ) ;
#2441 = VERTEX_POINT ( 'NONE', #3830 ) ;
#2442 = CYLINDRICAL_SURFACE ( 'NONE', #3896, 2.749999999999999112 ) ;
#2443 = VECTOR ( 'NONE', #4475, 1000.000000000000000 ) ;
#2444 = ORIENTED_EDGE ( 'NONE', *, *, #2665, .T. ) ;
#2445 = ORIENTED_EDGE ( 'NONE', *, *, #3404, .F. ) ;
#2446 = AXIS2_PLACEMENT_3D ( 'NONE', #2925, #855, #2518 ) ;
#2447 = CARTESIAN_POINT ( 'NONE',  ( -13.59017371457077772, -32.80958169672302205, 8.437164676610880321 ) ) ;
#2448 = CARTESIAN_POINT ( 'NONE',  ( -1.154700538379236807, 36.00000000000000000, 14.94999999999999751 ) ) ;
#2449 = B_SPLINE_CURVE_WITH_KNOTS ( 'NONE', 3,
 ( #890, #3038, #867, #2530 ),
 .UNSPECIFIED., .F., .F.,
 ( 4, 4 ),
 ( 2.832197111968854250E-07, 0.002124322505366506991 ),
 .UNSPECIFIED. ) ;
#2450 = ADVANCED_FACE ( 'NONE', ( #994 ), #1399, .F. ) ;
#2451 = PLANE ( 'NONE',  #3714 ) ;
#2452 = CARTESIAN_POINT ( 'NONE',  ( 0.000000000000000000, 0.000000000000000000, 16.54499999999999815 ) ) ;
#2453 = CARTESIAN_POINT ( 'NONE',  ( -13.48342113416464372, -35.16498409904096434, 8.549999999999998934 ) ) ;
#2454 = CARTESIAN_POINT ( 'NONE',  ( 13.38359129099624845, 31.48197939651917210, 9.741392557565522026 ) ) ;
#2455 = CARTESIAN_POINT ( 'NONE',  ( 14.78898678107663400, -37.97190817316094069, 7.550000000000000711 ) ) ;
#2456 = LINE ( 'NONE', #4308, #3127 ) ;
#2457 = ORIENTED_EDGE ( 'NONE', *, *, #3092, .T. ) ;
#2458 = CARTESIAN_POINT ( 'NONE',  ( -30.86830935673176057, 20.62554490085312509, 14.44999999999998330 ) ) ;
#2459 = ADVANCED_FACE ( 'NONE', ( #2695 ), #4738, .F. ) ;
#2460 = CARTESIAN_POINT ( 'NONE',  ( 32.28958966126950969, 13.37478596115981055, 8.999999999999994671 ) ) ;
#2461 = DIRECTION ( 'NONE',  ( -0.3826834323650871172, 0.9238795325112878487, -1.099064721078640965E-15 ) ) ;
#2462 = ORIENTED_EDGE ( 'NONE', *, *, #5047, .T. ) ;
#2463 = ORIENTED_EDGE ( 'NONE', *, *, #944, .T. ) ;
#2464 = VERTEX_POINT ( 'NONE', #2199 ) ;
#2465 = CARTESIAN_POINT ( 'NONE',  ( -32.39612749753595011, -18.33900346702067097, 12.94999999999999751 ) ) ;
#2466 = DIRECTION ( 'NONE',  ( 4.205390244792254507E-15, 1.000000000000000000, 0.000000000000000000 ) ) ;
#2467 = B_SPLINE_CURVE_WITH_KNOTS ( 'NONE', 3,
 ( #3735, #4084, #1632, #4305 ),
 .UNSPECIFIED., .F., .F.,
 ( 4, 4 ),
 ( 3.007258356828280394E-07, 0.003020631786532407530 ),
 .UNSPECIFIED. ) ;
#2468 = ORIENTED_EDGE ( 'NONE', *, *, #3302, .F. ) ;
#2469 = ORIENTED_EDGE ( 'NONE', *, *, #3011, .T. ) ;
#2470 = DIRECTION ( 'NONE',  ( -0.000000000000000000, -0.000000000000000000, 1.000000000000000000 ) ) ;
#2471 = CARTESIAN_POINT ( 'NONE',  ( 17.91383588034562990, -32.65971500261510130, 14.94999999999999751 ) ) ;
#2472 = VERTEX_POINT ( 'NONE', #1373 ) ;
#2473 = CARTESIAN_POINT ( 'NONE',  ( 1.154700538379241248, -36.00000000000000000, 8.949999999999999289 ) ) ;
#2474 = CARTESIAN_POINT ( 'NONE',  ( 30.19358533891997354, -23.48210560380261924, 13.95002554812841211 ) ) ;
#2475 = CARTESIAN_POINT ( 'NONE',  ( -1.012499518470389113E-14, 2.444390069387461748E-14, 43.95000000000002416 ) ) ;
#2476 = DIRECTION ( 'NONE',  ( 0.000000000000000000, 0.000000000000000000, -1.000000000000000000 ) ) ;
#2477 = CARTESIAN_POINT ( 'NONE',  ( 40.00000000000001421, 1.154700538379246577, 12.18333680410954400 ) ) ;
#2478 = DIRECTION ( 'NONE',  ( 0.000000000000000000, 0.000000000000000000, 1.000000000000000000 ) ) ;
#2479 = FACE_OUTER_BOUND ( 'NONE', #2318, .T. ) ;
#2480 = DIRECTION ( 'NONE',  ( -1.000000000000000000, 0.000000000000000000, 0.000000000000000000 ) ) ;
#2481 = CIRCLE ( 'NONE', #153, 1.250000000000001110 ) ;
#2482 = EDGE_LOOP ( 'NONE', ( #3487, #3253, #396, #3507 ) ) ;
#2483 = ORIENTED_EDGE ( 'NONE', *, *, #1086, .F. ) ;
#2484 = VERTEX_POINT ( 'NONE', #3540 ) ;
#2485 = CARTESIAN_POINT ( 'NONE',  ( 20.62554490085280179, 30.86830935673197729, 10.00000000000000533 ) ) ;
#2486 = CARTESIAN_POINT ( 'NONE',  ( 29.54204840701697066, -23.24144735566046904, 14.61187450479809691 ) ) ;
#2487 = CIRCLE ( 'NONE', #909, 2.750000000000002665 ) ;
#2488 = AXIS2_PLACEMENT_3D ( 'NONE', #1108, #730, #2372 ) ;
#2489 = ORIENTED_EDGE ( 'NONE', *, *, #3267, .T. ) ;
#2490 = CIRCLE ( 'NONE', #2666, 2.749999999999999112 ) ;
#2491 = ORIENTED_EDGE ( 'NONE', *, *, #2020, .F. ) ;
#2492 = ORIENTED_EDGE ( 'NONE', *, *, #1630, .F. ) ;
#2493 = DIRECTION ( 'NONE',  ( -0.000000000000000000, -0.000000000000000000, -1.000000000000000000 ) ) ;
#2494 = AXIS2_PLACEMENT_3D ( 'NONE', #4831, #5296, #2861 ) ;
#2495 = AXIS2_PLACEMENT_3D ( 'NONE', #1932, #3591, #1513 ) ;
#2496 = ORIENTED_EDGE ( 'NONE', *, *, #1269, .F. ) ;
#2497 = EDGE_CURVE ( 'NONE', #401, #474, #2664, .T. ) ;
#2498 = CYLINDRICAL_SURFACE ( 'NONE', #339, 29.50000000000000000 ) ;
#2499 = LINE ( 'NONE', #860, #1192 ) ;
#2500 = B_SPLINE_CURVE_WITH_KNOTS ( 'NONE', 3,
 ( #1559, #3228, #5302, #3741 ),
 .UNSPECIFIED., .F., .F.,
 ( 4, 4 ),
 ( 1.084442044199466552E-05, 0.0008737173096877671671 ),
 .UNSPECIFIED. ) ;
#2501 = EDGE_CURVE ( 'NONE', #3172, #2464, #1849, .T. ) ;
#2502 = EDGE_CURVE ( 'NONE', #1802, #2299, #985, .T. ) ;
#2503 = CARTESIAN_POINT ( 'NONE',  ( 37.35949671541803241, -16.27406404294792353, 9.974031775792745691 ) ) ;
#2504 = LINE ( 'NONE', #4206, #3719 ) ;
#2505 = CARTESIAN_POINT ( 'NONE',  ( 30.86830935673190623, -20.62554490085290837, 14.94999999999999751 ) ) ;
#2506 = DIRECTION ( 'NONE',  ( 0.5879378012096820871, 0.3928474791935491206, 0.7071067811865464625 ) ) ;
#2507 = CARTESIAN_POINT ( 'NONE',  ( -1.249999999999996003, -38.00000000000000000, 8.949999999999999289 ) ) ;
#2508 = VERTEX_POINT ( 'NONE', #1344 ) ;
#2509 = EDGE_LOOP ( 'NONE', ( #2663, #2815 ) ) ;
#2510 = AXIS2_PLACEMENT_3D ( 'NONE', #3335, #451, #3769 ) ;
#2511 = ORIENTED_EDGE ( 'NONE', *, *, #3302, .T. ) ;
#2512 = CARTESIAN_POINT ( 'NONE',  ( 1.154700538379249020, -40.00000000000001421, 8.949999999999999289 ) ) ;
#2513 = ORIENTED_EDGE ( 'NONE', *, *, #1691, .T. ) ;
#2514 = AXIS2_PLACEMENT_3D ( 'NONE', #1963, #3597, #1143 ) ;
#2515 = CARTESIAN_POINT ( 'NONE',  ( 20.62554490085257797, -30.86830935673211584, -16.95000000000000639 ) ) ;
#2516 = ORIENTED_EDGE ( 'NONE', *, *, #2789, .T. ) ;
#2517 = ORIENTED_EDGE ( 'NONE', *, *, #2501, .F. ) ;
#2518 = DIRECTION ( 'NONE',  ( -1.000000000000000000, 0.000000000000000000, 0.000000000000000000 ) ) ;
#2519 = AXIS2_PLACEMENT_3D ( 'NONE', #1803, #2380, #2647 ) ;
#2520 = CARTESIAN_POINT ( 'NONE',  ( 15.59434986887718821, -37.64809094983504423, 9.132062257545568329 ) ) ;
#2521 = EDGE_LOOP ( 'NONE', ( #4174, #3861 ) ) ;
#2522 = VECTOR ( 'NONE', #3234, 1000.000000000000000 ) ;
#2523 = CARTESIAN_POINT ( 'NONE',  ( -23.20359469931957364, -29.77676431430570858, 14.44999999999998508 ) ) ;
#2524 = CARTESIAN_POINT ( 'NONE',  ( -1.154700538379233477, -40.00000000000002132, 14.94999999999999751 ) ) ;
#2525 = EDGE_CURVE ( 'NONE', #4528, #3186, #3946, .T. ) ;
#2526 = CARTESIAN_POINT ( 'NONE',  ( -14.78898678107637288, 37.97190817316104017, 7.549999999999998934 ) ) ;
#2527 = DIRECTION ( 'NONE',  ( 0.3826834323650774028, -0.9238795325112918455, 0.000000000000000000 ) ) ;
#2528 = CARTESIAN_POINT ( 'NONE',  ( 19.46600207473615285, -34.08280010835917295, 12.94999999999999751 ) ) ;
#2529 = ADVANCED_FACE ( 'NONE', ( #4281 ), #3441, .F. ) ;
#2530 = CARTESIAN_POINT ( 'NONE',  ( -24.03908494239995619, 31.02716382675156126, 12.94999999999999574 ) ) ;
#2531 = ADVANCED_FACE ( 'NONE', ( #4338 ), #1878, .T. ) ;
#2532 = CARTESIAN_POINT ( 'NONE',  ( 31.13485544182792353, 13.63698041433494978, 9.959865198479798565 ) ) ;
#2533 = ORIENTED_EDGE ( 'NONE', *, *, #5286, .T. ) ;
#2534 = ORIENTED_EDGE ( 'NONE', *, *, #2130, .T. ) ;
#2535 = ORIENTED_EDGE ( 'NONE', *, *, #3759, .T. ) ;
#2536 = DIRECTION ( 'NONE',  ( 0.000000000000000000, 0.000000000000000000, -1.000000000000000000 ) ) ;
#2537 = ORIENTED_EDGE ( 'NONE', *, *, #5299, .F. ) ;
#2538 = ORIENTED_EDGE ( 'NONE', *, *, #408, .F. ) ;
#2539 = ORIENTED_EDGE ( 'NONE', *, *, #2809, .T. ) ;
#2540 = CARTESIAN_POINT ( 'NONE',  ( -20.62554490085236480, 30.86830935673225795, 12.94999999999999751 ) ) ;
#2541 = EDGE_CURVE ( 'NONE', #4876, #2697, #3012, .T. ) ;
#2542 = ORIENTED_EDGE ( 'NONE', *, *, #3704, .T. ) ;
#2543 = EDGE_CURVE ( 'NONE', #3691, #808, #912, .T. ) ;
#2544 = CARTESIAN_POINT ( 'NONE',  ( 38.00000000000000000, 2.309401076758500260, 14.94999999999999751 ) ) ;
#2545 = DIRECTION ( 'NONE',  ( 0.000000000000000000, 0.000000000000000000, 1.000000000000000000 ) ) ;
#2546 = VERTEX_POINT ( 'NONE', #2233 ) ;
#2547 = DIRECTION ( 'NONE',  ( -1.000000000000000000, 0.000000000000000000, 0.000000000000000000 ) ) ;
#2548 = EDGE_CURVE ( 'NONE', #1203, #2236, #1619, .T. ) ;
#2549 = CARTESIAN_POINT ( 'NONE',  ( 32.39612749753595011, 18.33900346702067097, 12.94999999999999751 ) ) ;
#2550 = CARTESIAN_POINT ( 'NONE',  ( -24.03908494240037896, -31.02716382675123796, 12.94999999999999751 ) ) ;
#2551 = CARTESIAN_POINT ( 'NONE',  ( 0.000000000000000000, 0.000000000000000000, 12.94999999999999751 ) ) ;
#2552 = CARTESIAN_POINT ( 'NONE',  ( 0.000000000000000000, 38.00000000000000000, 7.549999999999999822 ) ) ;
#2553 = FACE_OUTER_BOUND ( 'NONE', #5055, .T. ) ;
#2554 = EDGE_LOOP ( 'NONE', ( #4663, #3811, #2212, #4971 ) ) ;
#2555 = B_SPLINE_CURVE_WITH_KNOTS ( 'NONE', 3,
 ( #3220, #2754, #764, #2430 ),
 .UNSPECIFIED., .F., .F.,
 ( 4, 4 ),
 ( 3.565719183650790273E-07, 2.823900830287050847E-05 ),
 .UNSPECIFIED. ) ;
#2556 = ORIENTED_EDGE ( 'NONE', *, *, #2497, .T. ) ;
#2557 = ADVANCED_FACE ( 'NONE', ( #5147 ), #539, .T. ) ;
#2558 = EDGE_LOOP ( 'NONE', ( #373, #3042 ) ) ;
#2559 = CARTESIAN_POINT ( 'NONE',  ( 29.77676431430559134, -23.20359469931965180, 14.45000000000003304 ) ) ;
#2560 = PLANE ( 'NONE',  #3303 ) ;
#2561 = ADVANCED_FACE ( 'NONE', ( #1793 ), #995, .F. ) ;
#2562 = CARTESIAN_POINT ( 'NONE',  ( -37.20403934988942751, -1.849852981152803943, 14.94999999999999751 ) ) ;
#2563 = AXIS2_PLACEMENT_3D ( 'NONE', #1067, #3501, #3099 ) ;
#2564 = ORIENTED_EDGE ( 'NONE', *, *, #3573, .F. ) ;
#2565 = DIRECTION ( 'NONE',  ( 0.000000000000000000, 0.000000000000000000, 1.000000000000000000 ) ) ;
#2566 = ORIENTED_EDGE ( 'NONE', *, *, #1618, .F. ) ;
#2567 = VECTOR ( 'NONE', #5228, 1000.000000000000000 ) ;
#2568 = ORIENTED_EDGE ( 'NONE', *, *, #944, .F. ) ;
#2569 = AXIS2_PLACEMENT_3D ( 'NONE', #3780, #2117, #4109 ) ;
#2570 = CARTESIAN_POINT ( 'NONE',  ( -31.35986690477549743, 13.44664133756147706, 9.829095684402709310 ) ) ;
#2571 = LINE ( 'NONE', #532, #2163 ) ;
#2572 = AXIS2_PLACEMENT_3D ( 'NONE', #1768, #3926, #1800 ) ;
#2573 = AXIS2_PLACEMENT_3D ( 'NONE', #3676, #3321, #5315 ) ;
#2574 = EDGE_CURVE ( 'NONE', #1593, #708, #5121, .T. ) ;
#2575 = DIRECTION ( 'NONE',  ( 0.9238795325112848511, -0.3826834323650941116, -0.000000000000000000 ) ) ;
#2576 = CARTESIAN_POINT ( 'NONE',  ( 22.91208633468457023, -29.34049121592822118, 12.94999999999999751 ) ) ;
#2577 = DIRECTION ( 'NONE',  ( -0.5555702330196020666, -0.8314696123025453467, 0.000000000000000000 ) ) ;
#2578 = VECTOR ( 'NONE', #4735, 1000.000000000000000 ) ;
#2579 = AXIS2_PLACEMENT_3D ( 'NONE', #3154, #2373, #1902 ) ;
#2580 = EDGE_CURVE ( 'NONE', #3257, #2415, #2782, .T. ) ;
#2581 = AXIS2_PLACEMENT_3D ( 'NONE', #2014, #3242, #383 ) ;
#2582 = CARTESIAN_POINT ( 'NONE',  ( 40.00000000000001421, 1.154700538379246577, 14.94999999999999751 ) ) ;
#2583 = AXIS2_PLACEMENT_3D ( 'NONE', #3239, #3118, #1926 ) ;
#2584 = DIRECTION ( 'NONE',  ( -0.9238795325112878487, -0.3826834323650871172, 0.000000000000000000 ) ) ;
#2585 = CARTESIAN_POINT ( 'NONE',  ( 1.154700538379238361, 40.00000000000002132, 12.18333680410953512 ) ) ;
#2586 = B_SPLINE_CURVE_WITH_KNOTS ( 'NONE', 3,
 ( #2205, #2643, #1354, #3107 ),
 .UNSPECIFIED., .F., .F.,
 ( 4, 4 ),
 ( 3.553645688563881886E-07, 0.0008632282538146629275 ),
 .UNSPECIFIED. ) ;
#2587 = CARTESIAN_POINT ( 'NONE',  ( -33.62921498341085424, -13.92967693808917495, 8.550000000000000711 ) ) ;
#2588 = CARTESIAN_POINT ( 'NONE',  ( 1.849852981152814380, 37.20403934988943462, 14.94999999999999751 ) ) ;
#2589 = VERTEX_POINT ( 'NONE', #1085 ) ;
#2590 = EDGE_LOOP ( 'NONE', ( #3293, #4699, #2626, #1414 ) ) ;
#2591 = CARTESIAN_POINT ( 'NONE',  ( 32.27732727893567244, -24.87441745505764246, 14.45000000000002593 ) ) ;
#2592 = EDGE_CURVE ( 'NONE', #3017, #4751, #3979, .T. ) ;
#2593 = DIRECTION ( 'NONE',  ( 0.000000000000000000, 0.000000000000000000, -1.000000000000000000 ) ) ;
#2594 = EDGE_CURVE ( 'NONE', #4823, #3865, #1493, .T. ) ;
#2595 = VECTOR ( 'NONE', #277, 1000.000000000000000 ) ;
#2596 = CARTESIAN_POINT ( 'NONE',  ( -33.84766825397993983, -13.28095413891003496, 7.590250860230646879 ) ) ;
#2597 = EDGE_CURVE ( 'NONE', #3670, #4512, #1909, .T. ) ;
#2598 = ORIENTED_EDGE ( 'NONE', *, *, #3145, .F. ) ;
#2599 = ORIENTED_EDGE ( 'NONE', *, *, #3962, .F. ) ;
#2600 = CARTESIAN_POINT ( 'NONE',  ( 2.309401076758505589, 38.00000000000000711, 8.949999999999999289 ) ) ;
#2601 = CARTESIAN_POINT ( 'NONE',  ( -8.360104955868492666E-15, 2.018307876732041464E-14, 2.401017562930178434E-29 ) ) ;
#2602 = AXIS2_PLACEMENT_3D ( 'NONE', #1230, #3205, #2466 ) ;
#2603 = EDGE_LOOP ( 'NONE', ( #3136, #4951, #880, #5297 ) ) ;
#2604 = LINE ( 'NONE', #116, #4385 ) ;
#2605 = DIRECTION ( 'NONE',  ( 0.8314696123025484553, 0.5555702330195976257, 0.000000000000000000 ) ) ;
#2606 = AXIS2_PLACEMENT_3D ( 'NONE', #501, #3075, #1383 ) ;
#2607 = CARTESIAN_POINT ( 'NONE',  ( 18.33900346702055728, -32.39612749753600696, 12.94999999999999751 ) ) ;
#2608 = EDGE_CURVE ( 'NONE', #1586, #4219, #3249, .T. ) ;
#2609 = CARTESIAN_POINT ( 'NONE',  ( -23.31831402705221379, -29.04855815588409129, 14.94999999999999751 ) ) ;
#2610 = CIRCLE ( 'NONE', #945, 1.250000000000007994 ) ;
#2611 = DIRECTION ( 'NONE',  ( -0.3928474791935523402, -0.5879378012096770911, 0.7071067811865489050 ) ) ;
#2612 = CARTESIAN_POINT ( 'NONE',  ( -13.76278872289626776, -31.03569416021525385, 10.00000000000000711 ) ) ;
#2613 = CARTESIAN_POINT ( 'NONE',  ( 37.68993286153784794, 15.49404732920284999, 8.026957866220447713 ) ) ;
#2614 = AXIS2_PLACEMENT_3D ( 'NONE', #1169, #2432, #5347 ) ;
#2615 = CARTESIAN_POINT ( 'NONE',  ( -17.91383588034590346, -32.65971500261495208, 14.94999999999999751 ) ) ;
#2616 = DIRECTION ( 'NONE',  ( -0.000000000000000000, -0.000000000000000000, 1.000000000000000000 ) ) ;
#2617 = LINE ( 'NONE', #594, #2219 ) ;
#2618 = DIRECTION ( 'NONE',  ( 1.000000000000000000, 0.000000000000000000, 0.000000000000000000 ) ) ;
#2619 = ORIENTED_EDGE ( 'NONE', *, *, #3267, .F. ) ;
#2620 = ORIENTED_EDGE ( 'NONE', *, *, #3304, .T. ) ;
#2621 = CARTESIAN_POINT ( 'NONE',  ( -32.77755000132589913, 18.39917702450449255, 14.61187450479806138 ) ) ;
#2622 = EDGE_CURVE ( 'NONE', #2589, #3026, #4006, .T. ) ;
#2623 = CARTESIAN_POINT ( 'NONE',  ( 30.86830935673204479, 20.62554490085268810, 12.94999999999999751 ) ) ;
#2624 = DIRECTION ( 'NONE',  ( -1.000000000000000000, 0.000000000000000000, 0.000000000000000000 ) ) ;
#2625 = CARTESIAN_POINT ( 'NONE',  ( 0.000000000000000000, 0.000000000000000000, 12.94999999999999751 ) ) ;
#2626 = ORIENTED_EDGE ( 'NONE', *, *, #4488, .T. ) ;
#2627 = VERTEX_POINT ( 'NONE', #4886 ) ;
#2628 = CARTESIAN_POINT ( 'NONE',  ( 32.65971500261503024, 17.91383588034575425, 14.94999999999999751 ) ) ;
#2629 = DIRECTION ( 'NONE',  ( -0.000000000000000000, -0.000000000000000000, 1.000000000000000000 ) ) ;
#2630 = ORIENTED_EDGE ( 'NONE', *, *, #1368, .T. ) ;
#2631 = DIRECTION ( 'NONE',  ( 4.205390244792263185E-15, 1.000000000000000000, 0.000000000000000000 ) ) ;
#2632 = CARTESIAN_POINT ( 'NONE',  ( -15.71094706236298855, 37.59961644612405962, 9.503753988191146362 ) ) ;
#2633 = EDGE_CURVE ( 'NONE', #2508, #3128, #4469, .T. ) ;
#2634 = DIRECTION ( 'NONE',  ( -0.000000000000000000, -0.000000000000000000, 1.000000000000000000 ) ) ;
#2635 = CARTESIAN_POINT ( 'NONE',  ( 32.83240059591342686, -18.63051183165567082, 14.45000000000002771 ) ) ;
#2636 = DIRECTION ( 'NONE',  ( 1.009293658750142596E-14, 1.000000000000000000, 0.000000000000000000 ) ) ;
#2637 = CARTESIAN_POINT ( 'NONE',  ( -29.34049121592813947, -22.91208633468467326, 12.94999999999999751 ) ) ;
#2638 = CARTESIAN_POINT ( 'NONE',  ( -29.04855815588417656, -23.31831402705211431, 14.94999999999999751 ) ) ;
#2639 = DIRECTION ( 'NONE',  ( -0.000000000000000000, -0.000000000000000000, 1.000000000000000000 ) ) ;
#2640 = ORIENTED_EDGE ( 'NONE', *, *, #2175, .T. ) ;
#2641 = ORIENTED_EDGE ( 'NONE', *, *, #1530, .T. ) ;
#2642 = DIRECTION ( 'NONE',  ( 1.000000000000000000, 0.000000000000000000, 0.000000000000000000 ) ) ;
#2643 = CARTESIAN_POINT ( 'NONE',  ( -23.24144735565999298, 29.54204840701738277, 14.61187450479805605 ) ) ;
#2644 = CYLINDRICAL_SURFACE ( 'NONE', #573, 1.649999999999998579 ) ;
#2645 = DIRECTION ( 'NONE',  ( -1.000000000000000000, 0.000000000000000000, 0.000000000000000000 ) ) ;
#2646 = ORIENTED_EDGE ( 'NONE', *, *, #2887, .T. ) ;
#2647 = DIRECTION ( 'NONE',  ( 0.8660254037844372643, 0.5000000000000023315, 0.000000000000000000 ) ) ;
#2648 = VERTEX_POINT ( 'NONE', #4861 ) ;
#2649 = B_SPLINE_CURVE_WITH_KNOTS ( 'NONE', 3,
 ( #4887, #2783, #2400, #316 ),
 .UNSPECIFIED., .F., .F.,
 ( 4, 4 ),
 ( 1.084442044199085387E-05, 0.0008737173096877698776 ),
 .UNSPECIFIED. ) ;
#2650 = CARTESIAN_POINT ( 'NONE',  ( 14.66577412700093674, -38.01943672985949974, 7.550000000000000711 ) ) ;
#2651 = DIRECTION ( 'NONE',  ( 0.000000000000000000, -0.000000000000000000, -1.000000000000000000 ) ) ;
#2652 = VERTEX_POINT ( 'NONE', #5211 ) ;
#2653 = CARTESIAN_POINT ( 'NONE',  ( -31.02716382675130546, -24.03908494240027949, 12.94999999999999751 ) ) ;
#2654 = CARTESIAN_POINT ( 'NONE',  ( -14.67047033636563214, 38.03077438220024220, 7.549999999999999822 ) ) ;
#2655 = VECTOR ( 'NONE', #5148, 1000.000000000000114 ) ;
#2656 = CARTESIAN_POINT ( 'NONE',  ( -20.62554490085238257, 29.21830935673225582, 12.94999999999999751 ) ) ;
#2657 = VECTOR ( 'NONE', #127, 1000.000000000000227 ) ;
#2658 = EDGE_CURVE ( 'NONE', #1417, #3920, #664, .T. ) ;
#2659 = AXIS2_PLACEMENT_3D ( 'NONE', #1310, #515, #5058 ) ;
#2660 = EDGE_CURVE ( 'NONE', #1586, #429, #5283, .T. ) ;
#2661 = DIRECTION ( 'NONE',  ( -1.000000000000000000, 0.000000000000000000, 0.000000000000000000 ) ) ;
#2662 = CARTESIAN_POINT ( 'NONE',  ( -13.30749686554251454, -31.72320655747594387, 9.548770549615483105 ) ) ;
#2663 = ORIENTED_EDGE ( 'NONE', *, *, #2166, .F. ) ;
#2664 = CIRCLE ( 'NONE', #752, 3.250000000000020428 ) ;
#2665 = EDGE_CURVE ( 'NONE', #4432, #1892, #4792, .T. ) ;
#2666 = AXIS2_PLACEMENT_3D ( 'NONE', #4441, #4786, #340 ) ;
#2667 = AXIS2_PLACEMENT_3D ( 'NONE', #4896, #2766, #1149 ) ;
#2668 = AXIS2_PLACEMENT_3D ( 'NONE', #4303, #2191, #3399 ) ;
#2669 = CARTESIAN_POINT ( 'NONE',  ( 22.91208633468476918, 29.34049121592807197, 12.94999999999999751 ) ) ;
#2670 = CARTESIAN_POINT ( 'NONE',  ( 13.53766620952910849, 33.50953387877001433, 7.809292535134534141 ) ) ;
#2671 = VERTEX_POINT ( 'NONE', #1516 ) ;
#2672 = VERTEX_POINT ( 'NONE', #1401 ) ;
#2673 = DIRECTION ( 'NONE',  ( 1.000000000000000000, 0.000000000000000000, 0.000000000000000000 ) ) ;
#2674 = FACE_OUTER_BOUND ( 'NONE', #5243, .T. ) ;
#2675 = CARTESIAN_POINT ( 'NONE',  ( 32.39612749753595011, 18.33900346702067097, 14.44999999999998685 ) ) ;
#2676 = FACE_OUTER_BOUND ( 'NONE', #1433, .T. ) ;
#2677 = DIRECTION ( 'NONE',  ( -0.5000000000000027756, 0.8660254037844370423, 0.000000000000000000 ) ) ;
#2678 = VERTEX_POINT ( 'NONE', #1060 ) ;
#2679 = DIRECTION ( 'NONE',  ( 0.000000000000000000, 0.000000000000000000, 1.000000000000000000 ) ) ;
#2680 = ORIENTED_EDGE ( 'NONE', *, *, #4251, .F. ) ;
#2681 = ORIENTED_EDGE ( 'NONE', *, *, #4926, .T. ) ;
#2682 = CARTESIAN_POINT ( 'NONE',  ( -23.31600222553059609, 29.06377632706328029, 14.93957834445147626 ) ) ;
#2683 = CARTESIAN_POINT ( 'NONE',  ( 18.33900346702077400, 32.39612749753588616, 12.94999999999999751 ) ) ;
#2684 = EDGE_LOOP ( 'NONE', ( #797, #4221, #2534, #402, #5003 ) ) ;
#2685 = CARTESIAN_POINT ( 'NONE',  ( 37.46334134852969555, 16.03416813901312210, 9.891368192363460210 ) ) ;
#2686 = DIRECTION ( 'NONE',  ( 0.000000000000000000, 0.000000000000000000, 1.000000000000000000 ) ) ;
#2687 = ORIENTED_EDGE ( 'NONE', *, *, #2153, .T. ) ;
#2688 = CARTESIAN_POINT ( 'NONE',  ( -29.34049121592813947, -22.91208633468467326, 12.94999999999999751 ) ) ;
#2689 = VECTOR ( 'NONE', #2204, 1000.000000000000227 ) ;
#2690 = FACE_OUTER_BOUND ( 'NONE', #326, .T. ) ;
#2691 = CARTESIAN_POINT ( 'NONE',  ( -13.30617926224495662, -32.07502374124845090, 9.224504124157643759 ) ) ;
#2692 = AXIS2_PLACEMENT_3D ( 'NONE', #1734, #914, #3425 ) ;
#2693 = ORIENTED_EDGE ( 'NONE', *, *, #3913, .T. ) ;
#2694 = EDGE_CURVE ( 'NONE', #4225, #2343, #3948, .T. ) ;
#2695 = FACE_OUTER_BOUND ( 'NONE', #2424, .T. ) ;
#2696 = CARTESIAN_POINT ( 'NONE',  ( -17.92326866086951753, -32.67391261404567615, 14.94999999999999751 ) ) ;
#2697 = VERTEX_POINT ( 'NONE', #1822 ) ;
#2698 = VERTEX_POINT ( 'NONE', #4710 ) ;
#2699 = EDGE_CURVE ( 'NONE', #2418, #2055, #1375, .T. ) ;
#2700 = CARTESIAN_POINT ( 'NONE',  ( 1.154700538379241248, -36.00000000000000000, 14.94999999999999751 ) ) ;
#2701 = EDGE_CURVE ( 'NONE', #4419, #5327, #651, .T. ) ;
#2702 = DIRECTION ( 'NONE',  ( 0.000000000000000000, 0.000000000000000000, 1.000000000000000000 ) ) ;
#2703 = CARTESIAN_POINT ( 'NONE',  ( 0.000000000000000000, 0.000000000000000000, 12.94999999999999751 ) ) ;
#2704 = LINE ( 'NONE', #4290, #3009 ) ;
#2705 = EDGE_LOOP ( 'NONE', ( #86, #2955, #3912, #2929, #2820, #1972 ) ) ;
#2706 = ORIENTED_EDGE ( 'NONE', *, *, #4031, .T. ) ;
#2707 = ORIENTED_EDGE ( 'NONE', *, *, #4525, .T. ) ;
#2708 = LINE ( 'NONE', #4724, #4407 ) ;
#2709 = ORIENTED_EDGE ( 'NONE', *, *, #4212, .T. ) ;
#2710 = LINE ( 'NONE', #3556, #3528 ) ;
#2711 = CARTESIAN_POINT ( 'NONE',  ( -13.47493578079101084, 33.62876758745476025, 7.722236169159776509 ) ) ;
#2712 = ORIENTED_EDGE ( 'NONE', *, *, #1005, .F. ) ;
#2713 = CARTESIAN_POINT ( 'NONE',  ( 20.62554490085257086, -32.51830935673211798, 10.00000000000000533 ) ) ;
#2714 = CARTESIAN_POINT ( 'NONE',  ( -29.07138688430925555, -23.31482942814373516, 14.93437500000000107 ) ) ;
#2715 = EDGE_CURVE ( 'NONE', #3418, #4876, #2316, .T. ) ;
#2716 = CARTESIAN_POINT ( 'NONE',  ( -30.86830935673176057, 20.62554490085312509, 14.94999999999999751 ) ) ;
#2717 = PLANE ( 'NONE',  #5173 ) ;
#2718 = EDGE_CURVE ( 'NONE', #4362, #111, #967, .T. ) ;
#2719 = PLANE ( 'NONE',  #4986 ) ;
#2720 = CARTESIAN_POINT ( 'NONE',  ( -35.33296356054364651, -20.30133458739343055, 14.44999999999998685 ) ) ;
#2721 = CARTESIAN_POINT ( 'NONE',  ( -22.91208633468436418, 29.34049121592837750, 14.44999999999997264 ) ) ;
#2722 = VERTEX_POINT ( 'NONE', #3917 ) ;
#2723 = CARTESIAN_POINT ( 'NONE',  ( -20.62554490085280179, -30.86830935673197729, 14.94999999999999751 ) ) ;
#2724 = CARTESIAN_POINT ( 'NONE',  ( 1.538022480964935434, 39.33606691978560121, 12.83593247474962240 ) ) ;
#2725 = EDGE_CURVE ( 'NONE', #4368, #4018, #1007, .T. ) ;
#2726 = CARTESIAN_POINT ( 'NONE',  ( -29.34049121592813947, -22.91208633468467326, 12.94999999999999751 ) ) ;
#2727 = PLANE ( 'NONE',  #2572 ) ;
#2728 = VERTEX_POINT ( 'NONE', #3014 ) ;
#2729 = EDGE_CURVE ( 'NONE', #5208, #3429, #4914, .T. ) ;
#2730 = CARTESIAN_POINT ( 'NONE',  ( 1.154700538379241248, -36.00000000000000000, 8.949999999999999289 ) ) ;
#2731 = ORIENTED_EDGE ( 'NONE', *, *, #5309, .T. ) ;
#2732 = ADVANCED_FACE ( 'NONE', ( #1941 ), #295, .F. ) ;
#2733 = EDGE_CURVE ( 'NONE', #1586, #4357, #4679, .T. ) ;
#2734 = ORIENTED_EDGE ( 'NONE', *, *, #1456, .T. ) ;
#2735 = CARTESIAN_POINT ( 'NONE',  ( 23.31831402705221024, 29.04855815588409840, 14.94999999999999751 ) ) ;
#2736 = CARTESIAN_POINT ( 'NONE',  ( 4.653657836759941941E-15, -38.00000000000000000, 7.549999999999999822 ) ) ;
#2737 = EDGE_LOOP ( 'NONE', ( #5029, #4314, #27, #726 ) ) ;
#2738 = DIRECTION ( 'NONE',  ( 1.051347561198065757E-14, 1.000000000000000000, 0.000000000000000000 ) ) ;
#2739 = CYLINDRICAL_SURFACE ( 'NONE', #4478, 1.649999999999998579 ) ;
#2740 = ADVANCED_FACE ( 'NONE', ( #5241 ), #3197, .F. ) ;
#2741 = AXIS2_PLACEMENT_3D ( 'NONE', #1471, #3139, #3660 ) ;
#2742 = CARTESIAN_POINT ( 'NONE',  ( 23.31831402705200063, -29.04855815588426537, 14.94999999999999751 ) ) ;
#2743 = DIRECTION ( 'NONE',  ( 0.9238795325112892920, 0.3826834323650838976, 0.000000000000000000 ) ) ;
#2744 = EDGE_LOOP ( 'NONE', ( #1102, #5028 ) ) ;
#2745 = ORIENTED_EDGE ( 'NONE', *, *, #3561, .F. ) ;
#2746 = CARTESIAN_POINT ( 'NONE',  ( -20.62554490085236480, 30.86830935673225795, -16.95000000000000639 ) ) ;
#2747 = VECTOR ( 'NONE', #4756, 999.9999999999998863 ) ;
#2748 = AXIS2_PLACEMENT_3D ( 'NONE', #4705, #2634, #1288 ) ;
#2749 = EDGE_CURVE ( 'NONE', #3920, #1857, #3536, .T. ) ;
#2750 = CARTESIAN_POINT ( 'NONE',  ( 32.65971500261490945, -17.91383588034598873, 14.94999999999999751 ) ) ;
#2751 = VECTOR ( 'NONE', #4312, 1000.000000000000000 ) ;
#2752 = CARTESIAN_POINT ( 'NONE',  ( 0.9238795325112805212, 0.3826834323650727399, 8.549999999999998934 ) ) ;
#2753 = AXIS2_PLACEMENT_3D ( 'NONE', #4734, #3590, #1022 ) ;
#2754 = CARTESIAN_POINT ( 'NONE',  ( -17.92130503430512078, 32.66156382974376271, 14.94478702375016610 ) ) ;
#2755 = ORIENTED_EDGE ( 'NONE', *, *, #2809, .F. ) ;
#2756 = DIRECTION ( 'NONE',  ( 0.5879378012096876382, -0.3928474791935564481, 0.7071067811865376918 ) ) ;
#2757 = ORIENTED_EDGE ( 'NONE', *, *, #591, .F. ) ;
#2758 = CARTESIAN_POINT ( 'NONE',  ( -13.37478596115947305, 32.28958966126965890, 8.999999999999994671 ) ) ;
#2759 = CIRCLE ( 'NONE', #3975, 3.250000000000002665 ) ;
#2760 = AXIS2_PLACEMENT_3D ( 'NONE', #5293, #1136, #2340 ) ;
#2761 = DIRECTION ( 'NONE',  ( 0.000000000000000000, 0.000000000000000000, 1.000000000000000000 ) ) ;
#2762 = CARTESIAN_POINT ( 'NONE',  ( -40.00000000000000000, 1.154700538379244801, 12.18333680410955644 ) ) ;
#2763 = CARTESIAN_POINT ( 'NONE',  ( 33.94167268997051679, 13.15100008829832845, 7.549999999999999822 ) ) ;
#2764 = VERTEX_POINT ( 'NONE', #5271 ) ;
#2765 = CIRCLE ( 'NONE', #1704, 33.94999999999999574 ) ;
#2766 = DIRECTION ( 'NONE',  ( -3.004629197474345673E-15, 1.000000000000000000, 0.000000000000000000 ) ) ;
#2767 = VERTEX_POINT ( 'NONE', #1911 ) ;
#2768 = ADVANCED_FACE ( 'NONE', ( #4085 ), #1702, .F. ) ;
#2769 = ORIENTED_EDGE ( 'NONE', *, *, #3851, .T. ) ;
#2770 = LINE ( 'NONE', #2683, #1116 ) ;
#2771 = ORIENTED_EDGE ( 'NONE', *, *, #3633, .F. ) ;
#2772 = EDGE_CURVE ( 'NONE', #619, #2387, #1185, .T. ) ;
#2773 = DIRECTION ( 'NONE',  ( 0.5555702330195975147, -0.8314696123025483443, 0.000000000000000000 ) ) ;
#2774 = ORIENTED_EDGE ( 'NONE', *, *, #879, .T. ) ;
#2775 = DIRECTION ( 'NONE',  ( 0.000000000000000000, 0.000000000000000000, 1.000000000000000000 ) ) ;
#2776 = PLANE ( 'NONE',  #834 ) ;
#2777 = CARTESIAN_POINT ( 'NONE',  ( -29.34049121592783038, 22.91208633468507472, 12.94999999999999751 ) ) ;
#2778 = EDGE_CURVE ( 'NONE', #5274, #2671, #2848, .T. ) ;
#2779 = ORIENTED_EDGE ( 'NONE', *, *, #2502, .T. ) ;
#2780 = DIRECTION ( 'NONE',  ( -0.4999999999999977796, -0.8660254037844398178, 0.000000000000000000 ) ) ;
#2781 = AXIS2_PLACEMENT_3D ( 'NONE', #2242, #3866, #4695 ) ;
#2782 = LINE ( 'NONE', #1994, #69 ) ;
#2783 = CARTESIAN_POINT ( 'NONE',  ( -29.30692352854589444, 23.27853290582642387, 14.77333839633718604 ) ) ;
#2784 = CARTESIAN_POINT ( 'NONE',  ( 37.64809094983488791, -15.59434986887758434, 8.417937742454434158 ) ) ;
#2785 = B_SPLINE_CURVE_WITH_KNOTS ( 'NONE', 3,
 ( #270, #239, #2384, #1916, #1117, #1888, #323, #4370 ),
 .UNSPECIFIED., .F., .F.,
 ( 4, 2, 2, 4 ),
 ( 0.000000000000000000, 0.0003905638316344299619, 0.0007811276632688599238, 0.001562255326537715944 ),
 .UNSPECIFIED. ) ;
#2786 = CIRCLE ( 'NONE', #3471, 40.75000000000002132 ) ;
#2787 = DIRECTION ( 'NONE',  ( -0.8660254037844372643, -0.5000000000000023315, 0.000000000000000000 ) ) ;
#2788 = EDGE_LOOP ( 'NONE', ( #2137, #1723, #184, #4104, #2298 ) ) ;
#2789 = EDGE_CURVE ( 'NONE', #4350, #4688, #5011, .T. ) ;
#2790 = LINE ( 'NONE', #3199, #486 ) ;
#2791 = DIRECTION ( 'NONE',  ( 0.9238795325112878487, 0.3826834323650870617, 0.000000000000000000 ) ) ;
#2792 = CARTESIAN_POINT ( 'NONE',  ( -17.92130503430561106, -32.66156382974349981, 14.94478702375016255 ) ) ;
#2793 =( GEOMETRIC_REPRESENTATION_CONTEXT ( 3 ) GLOBAL_UNCERTAINTY_ASSIGNED_CONTEXT ( ( #3237 ) ) GLOBAL_UNIT_ASSIGNED_CONTEXT ( ( #4344, #2238, #3456 ) ) REPRESENTATION_CONTEXT ( 'NONE', 'WORKASPACE' ) );
#2794 = ORIENTED_EDGE ( 'NONE', *, *, #2439, .T. ) ;
#2795 = VERTEX_POINT ( 'NONE', #4496 ) ;
#2796 = EDGE_LOOP ( 'NONE', ( #5032, #1844, #2033, #4242, #48, #1508 ) ) ;
#2797 = EDGE_CURVE ( 'NONE', #1121, #4210, #613, .T. ) ;
#2798 = LINE ( 'NONE', #1178, #5095 ) ;
#2799 = ORIENTED_EDGE ( 'NONE', *, *, #3504, .T. ) ;
#2800 = CARTESIAN_POINT ( 'NONE',  ( -29.34049121592813947, -22.91208633468467326, 14.44999999999998685 ) ) ;
#2801 = EDGE_LOOP ( 'NONE', ( #2178, #5019, #5135, #2849 ) ) ;
#2802 = DIRECTION ( 'NONE',  ( -1.000000000000000000, 0.000000000000000000, 0.000000000000000000 ) ) ;
#2803 = CARTESIAN_POINT ( 'NONE',  ( 1.154700538379249020, -40.00000000000001421, 14.94999999999999751 ) ) ;
#2804 = DIRECTION ( 'NONE',  ( -0.8314696123025459018, -0.5555702330196014005, 0.000000000000000000 ) ) ;
#2805 = CARTESIAN_POINT ( 'NONE',  ( -32.39612749753568721, 18.33900346702111150, 12.94999999999999751 ) ) ;
#2806 = LINE ( 'NONE', #1598, #4638 ) ;
#2807 = ORIENTED_EDGE ( 'NONE', *, *, #1160, .F. ) ;
#2808 = EDGE_CURVE ( 'NONE', #739, #898, #1591, .T. ) ;
#2809 = EDGE_CURVE ( 'NONE', #3506, #5325, #2555, .T. ) ;
#2810 = CARTESIAN_POINT ( 'NONE',  ( -22.91208633468436418, 29.34049121592837750, 12.94999999999999751 ) ) ;
#2811 = ORIENTED_EDGE ( 'NONE', *, *, #400, .T. ) ;
#2812 = DIRECTION ( 'NONE',  ( 0.000000000000000000, 0.000000000000000000, -1.000000000000000000 ) ) ;
#2813 = CARTESIAN_POINT ( 'NONE',  ( 1.154700538379249020, -40.00000000000001421, 12.18333680410954400 ) ) ;
#2814 = DIRECTION ( 'NONE',  ( 1.000000000000000000, 0.000000000000000000, 0.000000000000000000 ) ) ;
#2815 = ORIENTED_EDGE ( 'NONE', *, *, #3913, .F. ) ;
#2816 = DIRECTION ( 'NONE',  ( 0.8314696123025459018, 0.5555702330196014005, 0.000000000000000000 ) ) ;
#2817 = CARTESIAN_POINT ( 'NONE',  ( -29.34049121592783038, 22.91208633468507472, 14.44999999999998330 ) ) ;
#2818 = CARTESIAN_POINT ( 'NONE',  ( 23.20359469931957364, 29.77676431430570858, 14.44999999999998508 ) ) ;
#2819 = EDGE_CURVE ( 'NONE', #4508, #1529, #3272, .T. ) ;
#2820 = ORIENTED_EDGE ( 'NONE', *, *, #3669, .F. ) ;
#2821 = DIRECTION ( 'NONE',  ( -0.8660254037844384856, 0.5000000000000001110, 0.000000000000000000 ) ) ;
#2822 = ORIENTED_EDGE ( 'NONE', *, *, #2216, .F. ) ;
#2823 = EDGE_LOOP ( 'NONE', ( #2918, #854 ) ) ;
#2824 = CARTESIAN_POINT ( 'NONE',  ( -37.64809094983477422, 15.59434986887784191, 7.250000000000000000 ) ) ;
#2825 = EDGE_LOOP ( 'NONE', ( #628, #2516, #1300 ) ) ;
#2826 = EDGE_CURVE ( 'NONE', #1498, #1857, #1088, .T. ) ;
#2827 = FACE_OUTER_BOUND ( 'NONE', #34, .T. ) ;
#2828 = VERTEX_POINT ( 'NONE', #4863 ) ;
#2829 = LINE ( 'NONE', #4462, #677 ) ;
#2830 = VERTEX_POINT ( 'NONE', #4447 ) ;
#2831 = CARTESIAN_POINT ( 'NONE',  ( 20.62554490085257086, -32.51830935673211798, 12.94999999999999751 ) ) ;
#2832 = DIRECTION ( 'NONE',  ( 0.000000000000000000, 0.000000000000000000, 1.000000000000000000 ) ) ;
#2833 = CARTESIAN_POINT ( 'NONE',  ( -2.309401076758501148, -38.00000000000000711, 14.94999999999999751 ) ) ;
#2834 = EDGE_CURVE ( 'NONE', #250, #3670, #2295, .T. ) ;
#2835 = AXIS2_PLACEMENT_3D ( 'NONE', #2703, #2296, #3954 ) ;
#2836 = ADVANCED_FACE ( 'NONE', ( #737 ), #95, .F. ) ;
#2837 = CARTESIAN_POINT ( 'NONE',  ( 30.86830935673190979, -18.97554490085290979, 10.00000000000000533 ) ) ;
#2838 = CARTESIAN_POINT ( 'NONE',  ( 37.64809094983488791, -15.59434986887757901, 8.549999999999997158 ) ) ;
#2839 = DIRECTION ( 'NONE',  ( 0.000000000000000000, 0.000000000000000000, -1.000000000000000000 ) ) ;
#2840 = AXIS2_PLACEMENT_3D ( 'NONE', #1784, #3497, #2661 ) ;
#2841 = DIRECTION ( 'NONE',  ( -0.5879378012096857509, 0.3928474791935551713, 0.7071067811865400232 ) ) ;
#2842 = VERTEX_POINT ( 'NONE', #2550 ) ;
#2843 = LINE ( 'NONE', #4947, #4731 ) ;
#2844 = CARTESIAN_POINT ( 'NONE',  ( 39.25000000000000000, 2.479909768273391089E-15, 8.949999999999999289 ) ) ;
#2845 = ORIENTED_EDGE ( 'NONE', *, *, #4280, .F. ) ;
#2846 = VERTEX_POINT ( 'NONE', #2477 ) ;
#2847 = EDGE_CURVE ( 'NONE', #3468, #3553, #4623, .T. ) ;
#2848 = CIRCLE ( 'NONE', #2494, 1.650000000000002132 ) ;
#2849 = ORIENTED_EDGE ( 'NONE', *, *, #475, .F. ) ;
#2850 = AXIS2_PLACEMENT_3D ( 'NONE', #930, #4226, #2190 ) ;
#2851 = DIRECTION ( 'NONE',  ( -0.5555702330196006233, 0.8314696123025464569, 0.000000000000000000 ) ) ;
#2852 = VERTEX_POINT ( 'NONE', #3301 ) ;
#2853 = AXIS2_PLACEMENT_3D ( 'NONE', #405, #4562, #1672 ) ;
#2854 = CIRCLE ( 'NONE', #1009, 2.750000000000002665 ) ;
#2855 = ORIENTED_EDGE ( 'NONE', *, *, #498, .F. ) ;
#2856 = DIRECTION ( 'NONE',  ( 0.3928474791935503418, 0.5879378012096746486, -0.7071067811865520136 ) ) ;
#2857 = CARTESIAN_POINT ( 'NONE',  ( -30.86830935673176057, 20.62554490085312509, 14.44999999999998330 ) ) ;
#2858 = CARTESIAN_POINT ( 'NONE',  ( 0.000000000000000000, 0.000000000000000000, 7.549999999999999822 ) ) ;
#2859 = DIRECTION ( 'NONE',  ( 0.6532814824381885099, 0.2705980500730972294, 0.7071067811865476838 ) ) ;
#2860 = CARTESIAN_POINT ( 'NONE',  ( -15.59434986887691643, 37.64809094983513660, 8.285875625553028812 ) ) ;
#2861 = DIRECTION ( 'NONE',  ( -1.000000000000000000, 0.000000000000000000, 0.000000000000000000 ) ) ;
#2862 = DIRECTION ( 'NONE',  ( 0.000000000000000000, 0.000000000000000000, -1.000000000000000000 ) ) ;
#2863 = ORIENTED_EDGE ( 'NONE', *, *, #3737, .T. ) ;
#2864 = DIRECTION ( 'NONE',  ( 0.000000000000000000, 0.000000000000000000, 1.000000000000000000 ) ) ;
#2865 = VECTOR ( 'NONE', #1615, 1000.000000000000000 ) ;
#2866 = CARTESIAN_POINT ( 'NONE',  ( -39.99999999999999289, -1.154700538379256569, 12.18333680410956532 ) ) ;
#2867 = CARTESIAN_POINT ( 'NONE',  ( 13.91034485257834952, -30.96941727062920435, 10.00000000000000533 ) ) ;
#2868 = VECTOR ( 'NONE', #3951, 999.9999999999998863 ) ;
#2869 = ORIENTED_EDGE ( 'NONE', *, *, #1533, .T. ) ;
#2870 = EDGE_LOOP ( 'NONE', ( #3605, #5227, #3929, #2251, #1711 ) ) ;
#2871 = ORIENTED_EDGE ( 'NONE', *, *, #4249, .F. ) ;
#2872 = ADVANCED_FACE ( 'NONE', ( #4944 ), #4163, .F. ) ;
#2873 = PLANE ( 'NONE',  #1365 ) ;
#2874 = AXIS2_PLACEMENT_3D ( 'NONE', #2810, #4541, #3297 ) ;
#2875 = VERTEX_POINT ( 'NONE', #3761 ) ;
#2876 = ORIENTED_EDGE ( 'NONE', *, *, #4650, .F. ) ;
#2877 = AXIS2_PLACEMENT_3D ( 'NONE', #4613, #505, #1302 ) ;
#2878 = CYLINDRICAL_SURFACE ( 'NONE', #1733, 1.649999999999998579 ) ;
#2879 = PLANE ( 'NONE',  #3538 ) ;
#2880 = CARTESIAN_POINT ( 'NONE',  ( -30.86830935673204479, -20.62554490085268810, 14.44999999999998685 ) ) ;
#2881 = CARTESIAN_POINT ( 'NONE',  ( 31.02716382675114559, -24.03908494240049265, 12.94999999999999751 ) ) ;
#2882 = CYLINDRICAL_SURFACE ( 'NONE', #103, 0.9999999999999991118 ) ;
#2883 = CYLINDRICAL_SURFACE ( 'NONE', #3467, 1.250000000000001110 ) ;
#2884 = DIRECTION ( 'NONE',  ( 1.051347561198065757E-14, 1.000000000000000000, 0.000000000000000000 ) ) ;
#2885 = CARTESIAN_POINT ( 'NONE',  ( 14.66577412700120853, 38.01943672985940026, 7.550000000000000711 ) ) ;
#2886 = PLANE ( 'NONE',  #1031 ) ;
#2887 = EDGE_CURVE ( 'NONE', #1121, #1276, #1221, .T. ) ;
#2888 = DIRECTION ( 'NONE',  ( -0.000000000000000000, -0.000000000000000000, -1.000000000000000000 ) ) ;
#2889 = CARTESIAN_POINT ( 'NONE',  ( -18.16775793607163081, 32.72183418654870479, 14.77333839633717361 ) ) ;
#2890 = DIRECTION ( 'NONE',  ( 0.9238795325112848511, -0.3826834323650941116, 0.000000000000000000 ) ) ;
#2891 = ORIENTED_EDGE ( 'NONE', *, *, #4894, .T. ) ;
#2892 = ORIENTED_EDGE ( 'NONE', *, *, #5064, .F. ) ;
#2893 = ORIENTED_EDGE ( 'NONE', *, *, #1236, .T. ) ;
#2894 = CARTESIAN_POINT ( 'NONE',  ( 0.000000000000000000, 0.000000000000000000, 7.549999999999999822 ) ) ;
#2895 = EDGE_CURVE ( 'NONE', #2484, #3334, #1886, .T. ) ;
#2896 = ORIENTED_EDGE ( 'NONE', *, *, #733, .T. ) ;
#2897 = EDGE_CURVE ( 'NONE', #465, #4751, #39, .T. ) ;
#2898 = EDGE_CURVE ( 'NONE', #2129, #3537, #4544, .T. ) ;
#2899 = CARTESIAN_POINT ( 'NONE',  ( -32.66523182915457113, 17.93626037356206737, 14.93437499999999041 ) ) ;
#2900 = ORIENTED_EDGE ( 'NONE', *, *, #4913, .T. ) ;
#2901 = EDGE_LOOP ( 'NONE', ( #1949, #4169 ) ) ;
#2902 = CYLINDRICAL_SURFACE ( 'NONE', #2581, 1.000000000000000666 ) ;
#2903 = VERTEX_POINT ( 'NONE', #2147 ) ;
#2904 = CARTESIAN_POINT ( 'NONE',  ( -36.00000000000000711, 1.154700538379254127, 14.94999999999999751 ) ) ;
#2905 = DIRECTION ( 'NONE',  ( -0.000000000000000000, -0.000000000000000000, 1.000000000000000000 ) ) ;
#2906 = PLANE ( 'NONE',  #754 ) ;
#2907 = CARTESIAN_POINT ( 'NONE',  ( 1.012499518470424769E-14, 2.444390069387446918E-14, 43.95000000000002416 ) ) ;
#2908 = DIRECTION ( 'NONE',  ( -0.000000000000000000, -0.000000000000000000, 1.000000000000000000 ) ) ;
#2909 = CYLINDRICAL_SURFACE ( 'NONE', #1181, 1.250000000000000444 ) ;
#2910 = CYLINDRICAL_SURFACE ( 'NONE', #4625, 1.649999999999998579 ) ;
#2911 = VECTOR ( 'NONE', #632, 1000.000000000000000 ) ;
#2912 = ORIENTED_EDGE ( 'NONE', *, *, #803, .T. ) ;
#2913 = VERTEX_POINT ( 'NONE', #5038 ) ;
#2914 = ORIENTED_EDGE ( 'NONE', *, *, #1058, .T. ) ;
#2915 = DIRECTION ( 'NONE',  ( 0.000000000000000000, 0.000000000000000000, 1.000000000000000000 ) ) ;
#2916 = VECTOR ( 'NONE', #1808, 999.9999999999998863 ) ;
#2917 = CIRCLE ( 'NONE', #658, 2.749999999999999112 ) ;
#2918 = ORIENTED_EDGE ( 'NONE', *, *, #1787, .F. ) ;
#2919 = AXIS2_PLACEMENT_3D ( 'NONE', #845, #2151, #1661 ) ;
#2920 = EDGE_CURVE ( 'NONE', #4764, #4368, #2504, .T. ) ;
#2921 = CIRCLE ( 'NONE', #3192, 1.649999999999998579 ) ;
#2922 = ORIENTED_EDGE ( 'NONE', *, *, #1841, .F. ) ;
#2923 = DIRECTION ( 'NONE',  ( 0.000000000000000000, 0.000000000000000000, 1.000000000000000000 ) ) ;
#2924 = ORIENTED_EDGE ( 'NONE', *, *, #215, .F. ) ;
#2925 = CARTESIAN_POINT ( 'NONE',  ( 38.00000000000000000, 2.326828918379970970E-15, 8.949999999999999289 ) ) ;
#2926 = CARTESIAN_POINT ( 'NONE',  ( -36.00000000000000000, -1.154700538379243469, 14.94999999999999751 ) ) ;
#2927 = AXIS2_PLACEMENT_3D ( 'NONE', #4060, #3625, #1142 ) ;
#2928 = AXIS2_PLACEMENT_3D ( 'NONE', #3757, #3346, #2931 ) ;
#2929 = ORIENTED_EDGE ( 'NONE', *, *, #2164, .F. ) ;
#2930 = CARTESIAN_POINT ( 'NONE',  ( -19.46600207473638378, -34.08280010835905216, 12.94999999999999574 ) ) ;
#2931 = DIRECTION ( 'NONE',  ( 1.000000000000000000, 0.000000000000000000, 0.000000000000000000 ) ) ;
#2932 = CARTESIAN_POINT ( 'NONE',  ( 38.01943672985935052, -14.66577412700133110, 7.550000000000000711 ) ) ;
#2933 = EDGE_CURVE ( 'NONE', #5109, #1596, #102, .T. ) ;
#2934 = EDGE_CURVE ( 'NONE', #3991, #289, #2947, .T. ) ;
#2935 = CARTESIAN_POINT ( 'NONE',  ( 37.49900624025747931, -15.94978186151248245, 9.799567530044084762 ) ) ;
#2936 = CARTESIAN_POINT ( 'NONE',  ( 32.66523182915468482, -17.93626037356188618, 14.93437499999998330 ) ) ;
#2937 = B_SPLINE_CURVE_WITH_KNOTS ( 'NONE', 3,
 ( #4194, #469, #82, #1714 ),
 .UNSPECIFIED., .F., .F.,
 ( 4, 4 ),
 ( 0.005348149080182269637, 0.006502849618561510822 ),
 .UNSPECIFIED. ) ;
#2938 = FACE_BOUND ( 'NONE', #503, .T. ) ;
#2939 = FACE_OUTER_BOUND ( 'NONE', #3455, .T. ) ;
#2940 = VERTEX_POINT ( 'NONE', #2885 ) ;
#2941 = ORIENTED_EDGE ( 'NONE', *, *, #1134, .T. ) ;
#2942 = EDGE_CURVE ( 'NONE', #2484, #2966, #439, .T. ) ;
#2943 = CIRCLE ( 'NONE', #1721, 31.00000000000000000 ) ;
#2944 = EDGE_LOOP ( 'NONE', ( #2421, #3534 ) ) ;
#2945 = CARTESIAN_POINT ( 'NONE',  ( -38.00000000000000000, 2.309401076758503368, 14.94999999999999751 ) ) ;
#2946 = EDGE_CURVE ( 'NONE', #2672, #1498, #815, .T. ) ;
#2947 = B_SPLINE_CURVE_WITH_KNOTS ( 'NONE', 3,
 ( #2936, #1679, #3807, #1263 ),
 .UNSPECIFIED., .F., .F.,
 ( 4, 4 ),
 ( 4.553420981030273211E-05, 7.341664619482651940E-05 ),
 .UNSPECIFIED. ) ;
#2948 = ORIENTED_EDGE ( 'NONE', *, *, #1201, .T. ) ;
#2949 = ADVANCED_FACE ( 'NONE', ( #3350 ), #4988, .F. ) ;
#2950 = VERTEX_POINT ( 'NONE', #5014 ) ;
#2951 = LINE ( 'NONE', #4611, #1819 ) ;
#2952 = ORIENTED_EDGE ( 'NONE', *, *, #1841, .T. ) ;
#2953 = AXIS2_PLACEMENT_3D ( 'NONE', #2551, #2149, #96 ) ;
#2954 = CARTESIAN_POINT ( 'NONE',  ( 13.54699350572398409, -32.70533545089963923, 8.549999999999995381 ) ) ;
#2955 = ORIENTED_EDGE ( 'NONE', *, *, #1730, .F. ) ;
#2956 = CARTESIAN_POINT ( 'NONE',  ( 40.00000000000001421, 1.154700538379246577, 8.949999999999999289 ) ) ;
#2957 = PLANE ( 'NONE',  #3447 ) ;
#2958 = FACE_OUTER_BOUND ( 'NONE', #4093, .T. ) ;
#2959 = ADVANCED_FACE ( 'NONE', ( #2961, #4596 ), #5092, .T. ) ;
#2960 = CARTESIAN_POINT ( 'NONE',  ( 29.34049121592813947, 22.91208633468467326, 14.44999999999998685 ) ) ;
#2961 = FACE_BOUND ( 'NONE', #204, .T. ) ;
#2962 = CARTESIAN_POINT ( 'NONE',  ( 31.47959914212861676, 13.38453190992001218, 9.743217121509603729 ) ) ;
#2963 = DIRECTION ( 'NONE',  ( 0.000000000000000000, 0.000000000000000000, 1.000000000000000000 ) ) ;
#2964 = ORIENTED_EDGE ( 'NONE', *, *, #2608, .F. ) ;
#2965 = FACE_BOUND ( 'NONE', #3074, .T. ) ;
#2966 = VERTEX_POINT ( 'NONE', #4652 ) ;
#2967 = ORIENTED_EDGE ( 'NONE', *, *, #1755, .T. ) ;
#2968 = DIRECTION ( 'NONE',  ( 0.8660254037844384856, -0.5000000000000002220, 0.000000000000000000 ) ) ;
#2969 = EDGE_LOOP ( 'NONE', ( #3463, #2496, #2680, #1895 ) ) ;
#2970 = CARTESIAN_POINT ( 'NONE',  ( 30.96941727062905869, -13.91034485257867104, 10.00000000000000533 ) ) ;
#2971 = VERTEX_POINT ( 'NONE', #964 ) ;
#2972 = ORIENTED_EDGE ( 'NONE', *, *, #4501, .T. ) ;
#2973 = CARTESIAN_POINT ( 'NONE',  ( -31.48197939651903354, 13.38359129099657885, 9.741392557565523802 ) ) ;
#2974 = CARTESIAN_POINT ( 'NONE',  ( -32.66523182915482693, -17.93626037356161973, 14.93437499999998685 ) ) ;
#2975 = EDGE_CURVE ( 'NONE', #3982, #1490, #1872, .T. ) ;
#2976 = ORIENTED_EDGE ( 'NONE', *, *, #1211, .T. ) ;
#2977 = DIRECTION ( 'NONE',  ( -0.000000000000000000, -0.000000000000000000, -1.000000000000000000 ) ) ;
#2978 = DIRECTION ( 'NONE',  ( -3.784851220313034736E-15, -1.000000000000000000, 0.000000000000000000 ) ) ;
#2979 = DIRECTION ( 'NONE',  ( 3.004629197474321218E-15, -1.000000000000000000, 0.000000000000000000 ) ) ;
#2980 = DIRECTION ( 'NONE',  ( 0.8314696123025463459, 0.5555702330196005123, 0.000000000000000000 ) ) ;
#2981 = CARTESIAN_POINT ( 'NONE',  ( 14.90965242695593140, -37.92465451142128785, 7.575968224207258572 ) ) ;
#2982 = EDGE_CURVE ( 'NONE', #2913, #1764, #911, .T. ) ;
#2983 = EDGE_CURVE ( 'NONE', #1204, #2828, #174, .T. ) ;
#2984 = EDGE_CURVE ( 'NONE', #4240, #1670, #5079, .T. ) ;
#2985 = CARTESIAN_POINT ( 'NONE',  ( -1.849852981152807274, -37.20403934988943462, 14.94999999999999751 ) ) ;
#2986 = CARTESIAN_POINT ( 'NONE',  ( 15.15271369167020410, 37.82845173523322302, 7.658631807636547606 ) ) ;
#2987 = CIRCLE ( 'NONE', #986, 1.649999999999998579 ) ;
#2988 = ORIENTED_EDGE ( 'NONE', *, *, #4926, .F. ) ;
#2989 = VERTEX_POINT ( 'NONE', #1370 ) ;
#2990 = SURFACE_STYLE_FILL_AREA ( #1320 ) ;
#2991 = CARTESIAN_POINT ( 'NONE',  ( -15.59434986887692709, 37.64809094983516502, 7.250000000000000000 ) ) ;
#2992 = EDGE_CURVE ( 'NONE', #1417, #2061, #590, .T. ) ;
#2993 = CARTESIAN_POINT ( 'NONE',  ( -32.80960914720477462, -13.59018508493248056, 8.437134964423592010 ) ) ;
#2994 = EDGE_LOOP ( 'NONE', ( #3749, #2037, #5069, #1693 ) ) ;
#2995 = DIRECTION ( 'NONE',  ( 0.000000000000000000, 0.000000000000000000, 1.000000000000000000 ) ) ;
#2996 = AXIS2_PLACEMENT_3D ( 'NONE', #3904, #2279, #1364 ) ;
#2997 = ORIENTED_EDGE ( 'NONE', *, *, #637, .F. ) ;
#2998 = CARTESIAN_POINT ( 'NONE',  ( -31.72320655747580531, 13.30749686554285205, 9.548770549615481329 ) ) ;
#2999 = CARTESIAN_POINT ( 'NONE',  ( 13.28095413890991772, -33.84766825397997536, 7.590250860230645991 ) ) ;
#3000 = VERTEX_POINT ( 'NONE', #5141 ) ;
#3001 = VECTOR ( 'NONE', #1549, 1000.000000000000000 ) ;
#3002 = AXIS2_PLACEMENT_3D ( 'NONE', #368, #1158, #4078 ) ;
#3003 = CARTESIAN_POINT ( 'NONE',  ( 23.20359469931957364, 29.77676431430570858, 14.44999999999998508 ) ) ;
#3004 = CARTESIAN_POINT ( 'NONE',  ( -13.54699350572375671, 32.70533545089973870, 8.549999999999995381 ) ) ;
#3005 = DIRECTION ( 'NONE',  ( 1.000000000000000000, 0.000000000000000000, 0.000000000000000000 ) ) ;
#3006 = VECTOR ( 'NONE', #2348, 1000.000000000000000 ) ;
#3007 = CIRCLE ( 'NONE', #2579, 40.75000000000000711 ) ;
#3008 = DIRECTION ( 'NONE',  ( -1.000000000000000000, 0.000000000000000000, 0.000000000000000000 ) ) ;
#3009 = VECTOR ( 'NONE', #951, 1000.000000000000000 ) ;
#3010 = FACE_OUTER_BOUND ( 'NONE', #989, .T. ) ;
#3011 = EDGE_CURVE ( 'NONE', #1123, #3717, #3341, .T. ) ;
#3012 = LINE ( 'NONE', #3857, #4910 ) ;
#3013 = CARTESIAN_POINT ( 'NONE',  ( -32.70533545089944027, 13.54699350572455963, 8.549999999999974065 ) ) ;
#3014 = CARTESIAN_POINT ( 'NONE',  ( -1.154700538379236807, 36.00000000000000000, 14.94999999999999751 ) ) ;
#3015 = APPLICATION_CONTEXT ( 'automotive_design' ) ;
#3016 = VERTEX_POINT ( 'NONE', #1458 ) ;
#3017 = VERTEX_POINT ( 'NONE', #516 ) ;
#3018 = CARTESIAN_POINT ( 'NONE',  ( 1.154700538379238139, 40.00000000000002132, 8.949999999999999289 ) ) ;
#3019 = PLANE ( 'NONE',  #488 ) ;
#3020 = CARTESIAN_POINT ( 'NONE',  ( 38.00000000000000000, 2.326828918379970970E-15, 7.549999999999999822 ) ) ;
#3021 = FACE_OUTER_BOUND ( 'NONE', #3964, .T. ) ;
#3022 = EDGE_CURVE ( 'NONE', #3796, #3261, #4287, .T. ) ;
#3023 = AXIS2_PLACEMENT_3D ( 'NONE', #4296, #3608, #609 ) ;
#3024 = ORIENTED_EDGE ( 'NONE', *, *, #1766, .T. ) ;
#3025 = ORIENTED_EDGE ( 'NONE', *, *, #481, .T. ) ;
#3026 = VERTEX_POINT ( 'NONE', #3853 ) ;
#3027 = CARTESIAN_POINT ( 'NONE',  ( 32.66340280504303450, 17.92877986138602608, 14.93957866720647587 ) ) ;
#3028 = DIRECTION ( 'NONE',  ( 0.8314696123025423491, -0.5555702330196065075, 0.000000000000000000 ) ) ;
#3029 = VECTOR ( 'NONE', #104, 1000.000000000000114 ) ;
#3030 = ORIENTED_EDGE ( 'NONE', *, *, #2733, .F. ) ;
#3031 = CARTESIAN_POINT ( 'NONE',  ( -18.63051183165557845, -32.83240059591353344, 14.44999999999998330 ) ) ;
#3032 = CYLINDRICAL_SURFACE ( 'NONE', #3371, 2.749999999999999112 ) ;
#3033 = AXIS2_PLACEMENT_3D ( 'NONE', #85, #2923, #1717 ) ;
#3034 = CYLINDRICAL_SURFACE ( 'NONE', #608, 1.000000000000000000 ) ;
#3035 = VECTOR ( 'NONE', #3114, 1000.000000000000114 ) ;
#3036 = PLANE ( 'NONE',  #3792 ) ;
#3037 = CARTESIAN_POINT ( 'NONE',  ( 18.33900346702077400, 32.39612749753588616, 14.44999999999998330 ) ) ;
#3038 = CARTESIAN_POINT ( 'NONE',  ( -23.48210560380212186, 30.19358533892040697, 13.95002554812837481 ) ) ;
#3039 = DIRECTION ( 'NONE',  ( 0.000000000000000000, 0.000000000000000000, -1.000000000000000000 ) ) ;
#3040 = CARTESIAN_POINT ( 'NONE',  ( -13.33141540401758895, 32.18488387401004047, 9.113332727455265569 ) ) ;
#3041 = DIRECTION ( 'NONE',  ( -0.000000000000000000, 0.000000000000000000, 1.000000000000000000 ) ) ;
#3042 = ORIENTED_EDGE ( 'NONE', *, *, #1817, .F. ) ;
#3043 = ORIENTED_EDGE ( 'NONE', *, *, #413, .T. ) ;
#3044 = B_SPLINE_CURVE_WITH_KNOTS ( 'NONE', 3,
 ( #3078, #2682, #1923, #3871 ),
 .UNSPECIFIED., .F., .F.,
 ( 4, 4 ),
 ( 0.0008952149612380488723, 0.0009230662444359559069 ),
 .UNSPECIFIED. ) ;
#3045 = LINE ( 'NONE', #4691, #5289 ) ;
#3046 = CARTESIAN_POINT ( 'NONE',  ( -38.00000000000000000, 2.326828918379972154E-15, 14.94999999999999751 ) ) ;
#3047 = CARTESIAN_POINT ( 'NONE',  ( -30.86830935673204479, -20.62554490085268810, 14.94999999999999751 ) ) ;
#3048 = DIRECTION ( 'NONE',  ( -0.000000000000000000, -0.000000000000000000, -1.000000000000000000 ) ) ;
#3049 = VERTEX_POINT ( 'NONE', #1757 ) ;
#3050 = EDGE_CURVE ( 'NONE', #2852, #4749, #4051, .T. ) ;
#3051 = ORIENTED_EDGE ( 'NONE', *, *, #4160, .T. ) ;
#3052 = DIRECTION ( 'NONE',  ( -0.4999999999999975020, -0.8660254037844400399, 0.000000000000000000 ) ) ;
#3053 = CARTESIAN_POINT ( 'NONE',  ( -36.74999999999999289, 2.479909768273391483E-15, 8.949999999999999289 ) ) ;
#3054 = EDGE_CURVE ( 'NONE', #4190, #821, #3091, .T. ) ;
#3055 = EDGE_LOOP ( 'NONE', ( #5125, #747, #958, #686 ) ) ;
#3056 = ADVANCED_FACE ( 'NONE', ( #3010 ), #4257, .F. ) ;
#3057 = B_SPLINE_CURVE_WITH_KNOTS ( 'NONE', 3,
 ( #2954, #56, #4673, #1773, #5031, #856, #3439, #2999, #4248, #3774 ),
 .UNSPECIFIED., .F., .F.,
 ( 4, 2, 2, 2, 4 ),
 ( 9.965227682168975268E-18, 0.0004721167087690077493, 0.0009442334175380055240, 0.001416350126307004817, 0.001888466835076004326 ),
 .UNSPECIFIED. ) ;
#3058 = CARTESIAN_POINT ( 'NONE',  ( -1.538022480964930550, -39.33606691978560121, 12.83593247474962418 ) ) ;
#3059 = LINE ( 'NONE', #931, #344 ) ;
#3060 = EDGE_LOOP ( 'NONE', ( #222, #3663, #2855 ) ) ;
#3061 = DIRECTION ( 'NONE',  ( -0.000000000000000000, -0.000000000000000000, 1.000000000000000000 ) ) ;
#3062 = CARTESIAN_POINT ( 'NONE',  ( -32.39612749753595011, -18.33900346702067097, 12.94999999999999751 ) ) ;
#3063 = DIRECTION ( 'NONE',  ( -1.000000000000000000, 0.000000000000000000, -0.000000000000000000 ) ) ;
#3064 = ORIENTED_EDGE ( 'NONE', *, *, #3504, .F. ) ;
#3065 = B_SPLINE_CURVE_WITH_KNOTS ( 'NONE', 3,
 ( #1485, #3524, #4026, #3151 ),
 .UNSPECIFIED., .F., .F.,
 ( 4, 4 ),
 ( 3.561519275574954584E-07, 2.820743512546825227E-05 ),
 .UNSPECIFIED. ) ;
#3066 = DIRECTION ( 'NONE',  ( 0.000000000000000000, 0.000000000000000000, -1.000000000000000000 ) ) ;
#3067 = CARTESIAN_POINT ( 'NONE',  ( 15.59434986887744756, 37.64809094983494475, 8.549999999999997158 ) ) ;
#3068 = LINE ( 'NONE', #183, #3029 ) ;
#3069 = VERTEX_POINT ( 'NONE', #3449 ) ;
#3070 = VERTEX_POINT ( 'NONE', #3037 ) ;
#3071 = LINE ( 'NONE', #2293, #517 ) ;
#3072 = DIRECTION ( 'NONE',  ( 0.000000000000000000, 0.000000000000000000, 1.000000000000000000 ) ) ;
#3073 = CARTESIAN_POINT ( 'NONE',  ( 22.27554490085280037, 30.86830935673197729, 10.00000000000000533 ) ) ;
#3074 = EDGE_LOOP ( 'NONE', ( #1568, #397 ) ) ;
#3075 = DIRECTION ( 'NONE',  ( -0.000000000000000000, -0.000000000000000000, 1.000000000000000000 ) ) ;
#3076 = VERTEX_POINT ( 'NONE', #2635 ) ;
#3077 = EDGE_LOOP ( 'NONE', ( #3956, #1402, #4071, #1718, #697, #3162, #4199, #193, #2374, #3788, #4146, #428, #3977, #4145, #955, #2568, #492, #4062, #3518, #3320, #3764, #4022, #2755, #4757, #4610, #1554, #2122, #4552, #597, #2273, #3388, #4998, #2681, #1209, #2015, #1626, #847, #2876, #4658, #3030, #4777, #398, #2332, #1047, #3204, #755, #3690, #4315 ) ) ;
#3078 = CARTESIAN_POINT ( 'NONE',  ( -23.31482942814343673, 29.07138688430949713, 14.93437499999999574 ) ) ;
#3079 = CARTESIAN_POINT ( 'NONE',  ( 38.00000000000000711, -2.309401076758503812, 8.949999999999999289 ) ) ;
#3080 = ORIENTED_EDGE ( 'NONE', *, *, #3525, .T. ) ;
#3081 = EDGE_CURVE ( 'NONE', #3261, #2830, #251, .T. ) ;
#3082 = DIRECTION ( 'NONE',  ( -0.9238795325112878487, -0.3826834323650871172, -0.000000000000000000 ) ) ;
#3083 = DIRECTION ( 'NONE',  ( -0.9238795325112878487, -0.3826834323650870617, 0.000000000000000000 ) ) ;
#3084 = VECTOR ( 'NONE', #5247, 1000.000000000000114 ) ;
#3085 = ORIENTED_EDGE ( 'NONE', *, *, #5063, .T. ) ;
#3086 = CARTESIAN_POINT ( 'NONE',  ( 18.90902273613853524, 33.24922162052790497, 13.95002554812837836 ) ) ;
#3087 = CARTESIAN_POINT ( 'NONE',  ( -37.26540751746991020, -16.51822940138860929, 10.00000000000000533 ) ) ;
#3088 = AXIS2_PLACEMENT_3D ( 'NONE', #4040, #325, #3635 ) ;
#3089 = AXIS2_PLACEMENT_3D ( 'NONE', #1678, #1220, #5013 ) ;
#3090 = DIRECTION ( 'NONE',  ( -0.5555702330196108374, -0.8314696123025395735, 0.000000000000000000 ) ) ;
#3091 = LINE ( 'NONE', #1338, #2578 ) ;
#3092 = EDGE_CURVE ( 'NONE', #821, #3927, #1001, .T. ) ;
#3093 = AXIS2_PLACEMENT_3D ( 'NONE', #4136, #67, #417 ) ;
#3094 = AXIS2_PLACEMENT_3D ( 'NONE', #1052, #3615, #3153 ) ;
#3095 = ADVANCED_FACE ( 'NONE', ( #4871 ), #5190, .F. ) ;
#3096 = ORIENTED_EDGE ( 'NONE', *, *, #5036, .T. ) ;
#3097 = CONICAL_SURFACE ( 'NONE', #761, 2.750000000000002665, 0.7853981633974561616 ) ;
#3098 = CONICAL_SURFACE ( 'NONE', #2928, 2.750000000000002665, 0.7853981633974410625 ) ;
#3099 = DIRECTION ( 'NONE',  ( 1.000000000000000000, 0.000000000000000000, 0.000000000000000000 ) ) ;
#3100 = DIRECTION ( 'NONE',  ( -0.9238795325112822976, 0.3826834323651005509, 0.000000000000000000 ) ) ;
#3101 = CARTESIAN_POINT ( 'NONE',  ( -27.61830935673202703, -20.62554490085268810, 14.94999999999999751 ) ) ;
#3102 = ORIENTED_EDGE ( 'NONE', *, *, #466, .T. ) ;
#3103 = VERTEX_POINT ( 'NONE', #1174 ) ;
#3104 = DIRECTION ( 'NONE',  ( -0.000000000000000000, -0.000000000000000000, 1.000000000000000000 ) ) ;
#3105 = DIRECTION ( 'NONE',  ( 0.000000000000000000, 0.000000000000000000, -1.000000000000000000 ) ) ;
#3106 = CARTESIAN_POINT ( 'NONE',  ( -18.33900346702033346, 32.39612749753614196, 12.94999999999999751 ) ) ;
#3107 = CARTESIAN_POINT ( 'NONE',  ( -23.31482942814343673, 29.07138688430949713, 14.93437499999999574 ) ) ;
#3108 = CARTESIAN_POINT ( 'NONE',  ( -32.66156382974332217, 17.92130503430592370, 14.94478702375017320 ) ) ;
#3109 = ORIENTED_EDGE ( 'NONE', *, *, #19, .F. ) ;
#3110 = CYLINDRICAL_SURFACE ( 'NONE', #3901, 1.250000000000000444 ) ;
#3111 = ORIENTED_EDGE ( 'NONE', *, *, #2898, .T. ) ;
#3112 = ORIENTED_EDGE ( 'NONE', *, *, #2337, .T. ) ;
#3113 = EDGE_CURVE ( 'NONE', #922, #52, #4778, .T. ) ;
#3114 = DIRECTION ( 'NONE',  ( -0.8314696123025385743, 0.5555702330196122807, 0.000000000000000000 ) ) ;
#3115 = CARTESIAN_POINT ( 'NONE',  ( 13.92967693808905949, -33.62921498341090398, 8.550000000000000711 ) ) ;
#3116 = ORIENTED_EDGE ( 'NONE', *, *, #4033, .T. ) ;
#3117 = FACE_OUTER_BOUND ( 'NONE', #4173, .T. ) ;
#3118 = DIRECTION ( 'NONE',  ( -0.5555702330196066185, -0.8314696123025424601, 0.000000000000000000 ) ) ;
#3119 = EDGE_LOOP ( 'NONE', ( #2087, #1975 ) ) ;
#3120 = ADVANCED_FACE ( 'NONE', ( #2328 ), #4805, .F. ) ;
#3121 = AXIS2_PLACEMENT_3D ( 'NONE', #2540, #5084, #5005 ) ;
#3122 = DIRECTION ( 'NONE',  ( 0.000000000000000000, 0.000000000000000000, -1.000000000000000000 ) ) ;
#3123 = CIRCLE ( 'NONE', #3389, 39.25000000000000711 ) ;
#3124 = PLANE ( 'NONE',  #409 ) ;
#3125 = CARTESIAN_POINT ( 'NONE',  ( 0.000000000000000000, -40.75000000000000000, 7.549999999999999822 ) ) ;
#3126 = ORIENTED_EDGE ( 'NONE', *, *, #1188, .F. ) ;
#3127 = VECTOR ( 'NONE', #2197, 1000.000000000000114 ) ;
#3128 = VERTEX_POINT ( 'NONE', #2730 ) ;
#3129 = EDGE_CURVE ( 'NONE', #4284, #3639, #3919, .T. ) ;
#3130 = CARTESIAN_POINT ( 'NONE',  ( 30.61038436569187837, 23.76060180979685299, 13.45002456809160307 ) ) ;
#3131 = ADVANCED_FACE ( 'NONE', ( #3638 ), #3989, .F. ) ;
#3132 = EDGE_CURVE ( 'NONE', #802, #1130, #915, .T. ) ;
#3133 = LINE ( 'NONE', #4768, #1431 ) ;
#3134 = CARTESIAN_POINT ( 'NONE',  ( 40.75000000000000711, 0.000000000000000000, 11.44999999999999751 ) ) ;
#3135 = VERTEX_POINT ( 'NONE', #4042 ) ;
#3136 = ORIENTED_EDGE ( 'NONE', *, *, #5210, .F. ) ;
#3137 = CARTESIAN_POINT ( 'NONE',  ( -20.62554490085236480, 30.86830935673225795, 14.94999999999999751 ) ) ;
#3138 = CYLINDRICAL_SURFACE ( 'NONE', #1182, 1.649999999999998579 ) ;
#3139 = DIRECTION ( 'NONE',  ( 0.000000000000000000, 0.000000000000000000, 1.000000000000000000 ) ) ;
#3140 = DIRECTION ( 'NONE',  ( 0.000000000000000000, 0.000000000000000000, 1.000000000000000000 ) ) ;
#3141 = ORIENTED_EDGE ( 'NONE', *, *, #5309, .F. ) ;
#3142 = ORIENTED_EDGE ( 'NONE', *, *, #1128, .T. ) ;
#3143 = DIRECTION ( 'NONE',  ( 0.8314696123025453467, -0.5555702330196020666, 0.000000000000000000 ) ) ;
#3144 = CARTESIAN_POINT ( 'NONE',  ( 30.86830935673190623, -20.62554490085290837, 14.45000000000002593 ) ) ;
#3145 = EDGE_CURVE ( 'NONE', #3506, #2391, #5266, .T. ) ;
#3146 = VERTEX_POINT ( 'NONE', #4124 ) ;
#3147 = DIRECTION ( 'NONE',  ( 0.3826834323650908920, 0.9238795325112862944, 0.000000000000000000 ) ) ;
#3148 = FACE_OUTER_BOUND ( 'NONE', #1650, .T. ) ;
#3149 = CARTESIAN_POINT ( 'NONE',  ( 1.250000000000000444, 38.00000000000000000, 14.94999999999999751 ) ) ;
#3150 = DIRECTION ( 'NONE',  ( -0.000000000000000000, 0.000000000000000000, 1.000000000000000000 ) ) ;
#3151 = CARTESIAN_POINT ( 'NONE',  ( 23.31482942814381687, 29.07138688430920226, 14.93437499999999218 ) ) ;
#3152 = EDGE_CURVE ( 'NONE', #4152, #2767, #1752, .T. ) ;
#3153 = DIRECTION ( 'NONE',  ( 1.000000000000000000, 0.000000000000000000, 0.000000000000000000 ) ) ;
#3154 = CARTESIAN_POINT ( 'NONE',  ( 0.000000000000000000, 0.000000000000000000, 11.44999999999999751 ) ) ;
#3155 = ORIENTED_EDGE ( 'NONE', *, *, #4620, .F. ) ;
#3156 = EDGE_LOOP ( 'NONE', ( #245, #5280, #472, #4044 ) ) ;
#3157 = CARTESIAN_POINT ( 'NONE',  ( 29.04855815588403090, -23.31831402705229905, 14.94999999999999751 ) ) ;
#3158 = CARTESIAN_POINT ( 'NONE',  ( -39.99999999999999289, -1.154700538379256569, 14.94999999999999751 ) ) ;
#3159 = EDGE_CURVE ( 'NONE', #2903, #542, #4389, .T. ) ;
#3160 = DIRECTION ( 'NONE',  ( 0.4999999999999978351, 0.8660254037844399289, 0.000000000000000000 ) ) ;
#3161 = CARTESIAN_POINT ( 'NONE',  ( 23.31600222553077728, -29.06377632706313463, 14.93957834445147448 ) ) ;
#3162 = ORIENTED_EDGE ( 'NONE', *, *, #2834, .T. ) ;
#3163 = CARTESIAN_POINT ( 'NONE',  ( 32.80958169672297942, -13.59017371457088075, 8.437164676610883873 ) ) ;
#3164 = CARTESIAN_POINT ( 'NONE',  ( -15.57035343282732320, -37.65805502769437396, 8.288353038719483479 ) ) ;
#3165 = ADVANCED_FACE ( 'NONE', ( #2958 ), #883, .F. ) ;
#3166 = CARTESIAN_POINT ( 'NONE',  ( 32.39612749753595011, 18.33900346702067097, 12.94999999999999751 ) ) ;
#3167 = DIRECTION ( 'NONE',  ( 0.000000000000000000, 0.000000000000000000, 1.000000000000000000 ) ) ;
#3168 = FACE_OUTER_BOUND ( 'NONE', #4351, .T. ) ;
#3169 = ORIENTED_EDGE ( 'NONE', *, *, #4516, .F. ) ;
#3170 = DIRECTION ( 'NONE',  ( 1.000000000000000000, 0.000000000000000000, 0.000000000000000000 ) ) ;
#3171 = ORIENTED_EDGE ( 'NONE', *, *, #2699, .T. ) ;
#3172 = VERTEX_POINT ( 'NONE', #1333 ) ;
#3173 = DIRECTION ( 'NONE',  ( -1.000000000000000000, 0.000000000000000000, 0.000000000000000000 ) ) ;
#3174 = EDGE_LOOP ( 'NONE', ( #1176, #4490 ) ) ;
#3175 = EDGE_CURVE ( 'NONE', #5083, #2123, #2759, .T. ) ;
#3176 = CARTESIAN_POINT ( 'NONE',  ( -32.70533545089944027, 13.54699350572455963, 8.549999999999974065 ) ) ;
#3177 = DIRECTION ( 'NONE',  ( 1.000000000000000000, 1.067522139062644952E-15, 0.000000000000000000 ) ) ;
#3178 = LINE ( 'NONE', #2803, #1478 ) ;
#3179 = LINE ( 'NONE', #2688, #2144 ) ;
#3180 = AXIS2_PLACEMENT_3D ( 'NONE', #3020, #2593, #545 ) ;
#3181 = LINE ( 'NONE', #1421, #4382 ) ;
#3182 = B_SPLINE_CURVE_WITH_KNOTS ( 'NONE', 3,
 ( #3523, #3086, #3587, #4330 ),
 .UNSPECIFIED., .F., .F.,
 ( 4, 4 ),
 ( 2.832197111956603506E-07, 0.002124322505366521303 ),
 .UNSPECIFIED. ) ;
#3183 = DIRECTION ( 'NONE',  ( -0.000000000000000000, -0.000000000000000000, -1.000000000000000000 ) ) ;
#3184 = EDGE_LOOP ( 'NONE', ( #3665, #380, #2220, #3281 ) ) ;
#3185 = FACE_OUTER_BOUND ( 'NONE', #1293, .T. ) ;
#3186 = VERTEX_POINT ( 'NONE', #2141 ) ;
#3187 = AXIS2_PLACEMENT_3D ( 'NONE', #4266, #1355, #2297 ) ;
#3188 = CARTESIAN_POINT ( 'NONE',  ( 2.309401076758502924, -38.00000000000000000, 8.949999999999999289 ) ) ;
#3189 = VECTOR ( 'NONE', #2616, 1000.000000000000000 ) ;
#3190 = ADVANCED_FACE ( 'NONE', ( #1701, #1811 ), #5116, .T. ) ;
#3191 = DIRECTION ( 'NONE',  ( -0.3826834323650908920, -0.9238795325112862944, 0.000000000000000000 ) ) ;
#3192 = AXIS2_PLACEMENT_3D ( 'NONE', #3972, #1901, #4386 ) ;
#3193 = CARTESIAN_POINT ( 'NONE',  ( 36.00000000000000000, 1.154700538379239028, 14.94999999999999751 ) ) ;
#3194 = ORIENTED_EDGE ( 'NONE', *, *, #600, .T. ) ;
#3195 = CARTESIAN_POINT ( 'NONE',  ( 33.15075415196081821, -13.62780678438568849, 8.107453499034187772 ) ) ;
#3196 = DIRECTION ( 'NONE',  ( 0.9238795325112878487, 0.3826834323650871172, 4.930380657631322689E-32 ) ) ;
#3197 = CONICAL_SURFACE ( 'NONE', #2927, 2.749999999999999112, 0.7853981633974573828 ) ;
#3198 = AXIS2_PLACEMENT_3D ( 'NONE', #4054, #4856, #2426 ) ;
#3199 = CARTESIAN_POINT ( 'NONE',  ( -2.309401076758498039, 38.00000000000000000, 14.94999999999999751 ) ) ;
#3200 = LINE ( 'NONE', #1970, #1519 ) ;
#3201 = CARTESIAN_POINT ( 'NONE',  ( 23.76060180979695602, 30.61038436569180732, 13.45002456809160130 ) ) ;
#3202 = VERTEX_POINT ( 'NONE', #1366 ) ;
#3203 = CARTESIAN_POINT ( 'NONE',  ( -31.03567385083631081, -13.76283393885875128, 10.00000000000000533 ) ) ;
#3204 = ORIENTED_EDGE ( 'NONE', *, *, #5030, .F. ) ;
#3205 = DIRECTION ( 'NONE',  ( 0.000000000000000000, -0.000000000000000000, -1.000000000000000000 ) ) ;
#3206 = EDGE_CURVE ( 'NONE', #5274, #5332, #5009, .T. ) ;
#3207 = VERTEX_POINT ( 'NONE', #4648 ) ;
#3208 = FACE_OUTER_BOUND ( 'NONE', #4956, .T. ) ;
#3209 = ORIENTED_EDGE ( 'NONE', *, *, #234, .T. ) ;
#3210 = CARTESIAN_POINT ( 'NONE',  ( -32.39612749753595011, -18.33900346702067097, 12.94999999999999751 ) ) ;
#3211 = FACE_OUTER_BOUND ( 'NONE', #4845, .T. ) ;
#3212 = CARTESIAN_POINT ( 'NONE',  ( 31.84458024032961632, -13.29392015160903817, 9.441970312076016114 ) ) ;
#3213 = VECTOR ( 'NONE', #3235, 1000.000000000000000 ) ;
#3214 = VERTEX_POINT ( 'NONE', #3422 ) ;
#3215 = ADVANCED_FACE ( 'NONE', ( #1728 ), #479, .F. ) ;
#3216 = B_SPLINE_CURVE_WITH_KNOTS ( 'NONE', 3,
 ( #3783, #1266, #2532, #2051, #2962, #3715, #4601, #3355, #5351, #2460 ),
 .UNSPECIFIED., .F., .F.,
 ( 4, 2, 2, 2, 4 ),
 ( 0.000000000000000000, 0.0004767083179968083055, 0.0009534166359936166110, 0.001430124953990424917, 0.001906833271987233222 ),
 .UNSPECIFIED. ) ;
#3217 = VECTOR ( 'NONE', #4313, 1000.000000000000227 ) ;
#3218 = DIRECTION ( 'NONE',  ( 0.9238795325112822976, -0.3826834323651005509, 4.930380657631323236E-32 ) ) ;
#3219 = CARTESIAN_POINT ( 'NONE',  ( -15.59434986887744756, -37.64809094983494475, 9.000000000000007105 ) ) ;
#3220 = CARTESIAN_POINT ( 'NONE',  ( -17.91383588034539898, 32.65971500261522920, 14.94999999999999751 ) ) ;
#3221 = AXIS2_PLACEMENT_3D ( 'NONE', #4864, #4036, #1965 ) ;
#3222 = FACE_OUTER_BOUND ( 'NONE', #647, .T. ) ;
#3223 = ORIENTED_EDGE ( 'NONE', *, *, #312, .F. ) ;
#3224 = DIRECTION ( 'NONE',  ( 1.000000000000000000, 0.000000000000000000, 0.000000000000000000 ) ) ;
#3225 = ADVANCED_FACE ( 'NONE', ( #3825 ), #3097, .F. ) ;
#3226 = LINE ( 'NONE', #718, #4992 ) ;
#3227 = DIRECTION ( 'NONE',  ( 0.5879378012096824202, 0.3928474791935424593, 0.7071067811865499042 ) ) ;
#3228 = CARTESIAN_POINT ( 'NONE',  ( -23.27853290582611123, -29.30692352854613958, 14.77333839633718959 ) ) ;
#3229 = CIRCLE ( 'NONE', #2364, 31.00000000000000000 ) ;
#3230 = VERTEX_POINT ( 'NONE', #933 ) ;
#3231 = DIRECTION ( 'NONE',  ( 0.000000000000000000, 0.000000000000000000, 1.000000000000000000 ) ) ;
#3232 = ORIENTED_EDGE ( 'NONE', *, *, #4790, .T. ) ;
#3233 = ORIENTED_EDGE ( 'NONE', *, *, #3454, .T. ) ;
#3234 = DIRECTION ( 'NONE',  ( -0.000000000000000000, -0.000000000000000000, -1.000000000000000000 ) ) ;
#3235 = DIRECTION ( 'NONE',  ( 0.000000000000000000, 0.000000000000000000, 1.000000000000000000 ) ) ;
#3236 = VERTEX_POINT ( 'NONE', #2609 ) ;
#3237 = UNCERTAINTY_MEASURE_WITH_UNIT (LENGTH_MEASURE( 1.000000000000000082E-05 ), #4344, 'distance_accuracy_value', 'NONE');
#3238 = EDGE_CURVE ( 'NONE', #4512, #1764, #536, .T. ) ;
#3239 = CARTESIAN_POINT ( 'NONE',  ( 29.34049121592799025, -22.91208633468487221, 12.94999999999999751 ) ) ;
#3240 = ORIENTED_EDGE ( 'NONE', *, *, #3400, .T. ) ;
#3241 = DIRECTION ( 'NONE',  ( 0.9238795325112822976, -0.3826834323651005509, 0.000000000000000000 ) ) ;
#3242 = DIRECTION ( 'NONE',  ( 0.9238795325112878487, 0.3826834323650870617, 0.000000000000000000 ) ) ;
#3243 = ADVANCED_FACE ( 'NONE', ( #1781 ), #4358, .F. ) ;
#3244 = ADVANCED_FACE ( 'NONE', ( #1078 ), #5139, .F. ) ;
#3245 = B_SPLINE_CURVE_WITH_KNOTS ( 'NONE', 3,
 ( #835, #4105, #458, #4937 ),
 .UNSPECIFIED., .F., .F.,
 ( 4, 4 ),
 ( 2.831913210263454883E-07, 0.002124322476976354783 ),
 .UNSPECIFIED. ) ;
#3246 = ORIENTED_EDGE ( 'NONE', *, *, #2983, .T. ) ;
#3247 = DIRECTION ( 'NONE',  ( -0.000000000000000000, -0.000000000000000000, 1.000000000000000000 ) ) ;
#3248 = CARTESIAN_POINT ( 'NONE',  ( 0.000000000000000000, 0.000000000000000000, 7.550000000000000711 ) ) ;
#3249 = LINE ( 'NONE', #5268, #4384 ) ;
#3250 = CARTESIAN_POINT ( 'NONE',  ( -16.39280092405730471, -37.30758660361257739, 10.00000000000000533 ) ) ;
#3251 = CARTESIAN_POINT ( 'NONE',  ( 29.54204840701713053, 23.24144735566029496, 14.61187450479806671 ) ) ;
#3252 = B_SPLINE_CURVE_WITH_KNOTS ( 'NONE', 3,
 ( #4495, #2526, #3300, #4543, #4943, #1193, #2860, #4162 ),
 .UNSPECIFIED., .F., .F.,
 ( 4, 2, 2, 4 ),
 ( 0.000000000000000000, 0.0003905638316344297450, 0.0007811276632688594901, 0.001562255326537718980 ),
 .UNSPECIFIED. ) ;
#3253 = ORIENTED_EDGE ( 'NONE', *, *, #3304, .F. ) ;
#3254 = DIRECTION ( 'NONE',  ( 0.000000000000000000, 0.000000000000000000, 1.000000000000000000 ) ) ;
#3255 = CARTESIAN_POINT ( 'NONE',  ( -39.25000000000000711, 2.326828918379972154E-15, 14.94999999999999751 ) ) ;
#3256 = CARTESIAN_POINT ( 'NONE',  ( 13.30742245788364819, -31.72284756839239250, 9.549132443796464642 ) ) ;
#3257 = VERTEX_POINT ( 'NONE', #643 ) ;
#3258 = ORIENTED_EDGE ( 'NONE', *, *, #1005, .T. ) ;
#3259 = ORIENTED_EDGE ( 'NONE', *, *, #838, .F. ) ;
#3260 = CARTESIAN_POINT ( 'NONE',  ( -23.20359469931957364, -29.77676431430570858, 14.44999999999998508 ) ) ;
#3261 = VERTEX_POINT ( 'NONE', #255 ) ;
#3262 = ORIENTED_EDGE ( 'NONE', *, *, #4444, .F. ) ;
#3263 = CARTESIAN_POINT ( 'NONE',  ( -17.91383588034539898, 32.65971500261522920, 14.94999999999999751 ) ) ;
#3264 = EDGE_LOOP ( 'NONE', ( #3311, #695, #2693, #4891 ) ) ;
#3265 = CARTESIAN_POINT ( 'NONE',  ( -14.66577412700120675, -38.01943672985940736, 7.550000000000000711 ) ) ;
#3266 = DIRECTION ( 'NONE',  ( -0.5879378012096827533, 0.3928474791935548383, 0.7071067811865425767 ) ) ;
#3267 = EDGE_CURVE ( 'NONE', #3358, #474, #5272, .T. ) ;
#3268 = DIRECTION ( 'NONE',  ( 0.000000000000000000, 0.000000000000000000, 1.000000000000000000 ) ) ;
#3269 = CARTESIAN_POINT ( 'NONE',  ( 15.59434986887744756, 37.64809094983494475, 9.000000000000007105 ) ) ;
#3270 = EDGE_CURVE ( 'NONE', #5083, #4322, #3065, .T. ) ;
#3271 = VECTOR ( 'NONE', #3140, 1000.000000000000000 ) ;
#3272 = B_SPLINE_CURVE_WITH_KNOTS ( 'NONE', 3,
 ( #2813, #1551, #372, #4395 ),
 .UNSPECIFIED., .F., .F.,
 ( 4, 4 ),
 ( 0.004193448541803028451, 0.006502849618561510822 ),
 .UNSPECIFIED. ) ;
#3273 = VECTOR ( 'NONE', #202, 1000.000000000000000 ) ;
#3274 = EDGE_LOOP ( 'NONE', ( #4812, #2469, #2811 ) ) ;
#3275 = ORIENTED_EDGE ( 'NONE', *, *, #5030, .T. ) ;
#3276 = CARTESIAN_POINT ( 'NONE',  ( -20.30133458739305752, 35.33296356054386678, 14.44999999999997264 ) ) ;
#3277 = AXIS2_PLACEMENT_3D ( 'NONE', #3450, #4708, #5097 ) ;
#3278 = AXIS2_PLACEMENT_3D ( 'NONE', #2904, #4253, #3398 ) ;
#3279 = CARTESIAN_POINT ( 'NONE',  ( -20.62554490085280179, -30.86830935673197729, 12.94999999999999751 ) ) ;
#3280 = DIRECTION ( 'NONE',  ( 0.000000000000000000, 0.000000000000000000, 1.000000000000000000 ) ) ;
#3281 = ORIENTED_EDGE ( 'NONE', *, *, #3490, .T. ) ;
#3282 = ORIENTED_EDGE ( 'NONE', *, *, #2045, .F. ) ;
#3283 = EDGE_LOOP ( 'NONE', ( #4958, #3085, #3753, #5251 ) ) ;
#3284 = VECTOR ( 'NONE', #2080, 1000.000000000000000 ) ;
#3285 = DIRECTION ( 'NONE',  ( 1.000000000000000000, 0.000000000000000000, 0.000000000000000000 ) ) ;
#3286 = B_SPLINE_CURVE_WITH_KNOTS ( 'NONE', 3,
 ( #1528, #3201, #4838, #2818 ),
 .UNSPECIFIED., .F., .F.,
 ( 4, 4 ),
 ( 2.831913210172207200E-07, 0.002124322476976346543 ),
 .UNSPECIFIED. ) ;
#3287 = ORIENTED_EDGE ( 'NONE', *, *, #4662, .T. ) ;
#3288 = VECTOR ( 'NONE', #1213, 1000.000000000000114 ) ;
#3289 = VECTOR ( 'NONE', #308, 1000.000000000000000 ) ;
#3290 = VERTEX_POINT ( 'NONE', #5203 ) ;
#3291 = DIRECTION ( 'NONE',  ( 0.000000000000000000, 0.000000000000000000, -1.000000000000000000 ) ) ;
#3292 = LINE ( 'NONE', #3342, #1191 ) ;
#3293 = ORIENTED_EDGE ( 'NONE', *, *, #4516, .T. ) ;
#3294 = ADVANCED_FACE ( 'NONE', ( #3907 ), #2739, .F. ) ;
#3295 = DIRECTION ( 'NONE',  ( 0.000000000000000000, 0.000000000000000000, 1.000000000000000000 ) ) ;
#3296 = CARTESIAN_POINT ( 'NONE',  ( -39.25000000000000711, 2.326828918379972154E-15, 7.549999999999999822 ) ) ;
#3297 = DIRECTION ( 'NONE',  ( 0.5555702330195917416, -0.8314696123025521191, 0.000000000000000000 ) ) ;
#3298 = DIRECTION ( 'NONE',  ( 1.000000000000000000, 0.000000000000000000, 0.000000000000000000 ) ) ;
#3299 = VECTOR ( 'NONE', #4045, 1000.000000000000000 ) ;
#3300 = CARTESIAN_POINT ( 'NONE',  ( -14.90965242695567028, 37.92465451142140154, 7.575968224207263013 ) ) ;
#3301 = CARTESIAN_POINT ( 'NONE',  ( -13.37478596115992246, -32.28958966126948127, 8.999999999999987566 ) ) ;
#3302 = EDGE_CURVE ( 'NONE', #1475, #3070, #201, .T. ) ;
#3303 = AXIS2_PLACEMENT_3D ( 'NONE', #4214, #497, #3814 ) ;
#3304 = EDGE_CURVE ( 'NONE', #4117, #1197, #1840, .T. ) ;
#3305 = PLANE ( 'NONE',  #4218 ) ;
#3306 = EDGE_CURVE ( 'NONE', #3261, #4284, #4785, .T. ) ;
#3307 = DIRECTION ( 'NONE',  ( -0.000000000000000000, -0.000000000000000000, -1.000000000000000000 ) ) ;
#3308 = CARTESIAN_POINT ( 'NONE',  ( -20.62554490085280179, -30.86830935673197729, 14.44999999999998330 ) ) ;
#3309 = AXIS2_PLACEMENT_3D ( 'NONE', #1824, #3041, #5123 ) ;
#3310 = EDGE_LOOP ( 'NONE', ( #1040, #5303, #2707 ) ) ;
#3311 = ORIENTED_EDGE ( 'NONE', *, *, #2778, .T. ) ;
#3312 = ORIENTED_EDGE ( 'NONE', *, *, #4086, .T. ) ;
#3313 = DIRECTION ( 'NONE',  ( -1.000000000000000000, 0.000000000000000000, 0.000000000000000000 ) ) ;
#3314 = VERTEX_POINT ( 'NONE', #1954 ) ;
#3315 = ORIENTED_EDGE ( 'NONE', *, *, #3567, .F. ) ;
#3316 = CIRCLE ( 'NONE', #1656, 37.25000000000000711 ) ;
#3317 = EDGE_CURVE ( 'NONE', #4749, #4284, #2765, .T. ) ;
#3318 = ORIENTED_EDGE ( 'NONE', *, *, #223, .T. ) ;
#3319 = CARTESIAN_POINT ( 'NONE',  ( 0.000000000000000000, 0.000000000000000000, 8.949999999999999289 ) ) ;
#3320 = ORIENTED_EDGE ( 'NONE', *, *, #3092, .F. ) ;
#3321 = DIRECTION ( 'NONE',  ( -0.000000000000000000, -0.000000000000000000, 1.000000000000000000 ) ) ;
#3322 = CARTESIAN_POINT ( 'NONE',  ( -1.154700538379256347, -36.00000000000000711, 8.949999999999999289 ) ) ;
#3323 = ADVANCED_FACE ( 'NONE', ( #3969 ), #311, .T. ) ;
#3324 = DIRECTION ( 'NONE',  ( -0.000000000000000000, -0.000000000000000000, -1.000000000000000000 ) ) ;
#3325 = LINE ( 'NONE', #1705, #1783 ) ;
#3326 = CARTESIAN_POINT ( 'NONE',  ( 15.49404732920272210, -37.68993286153790478, 8.026957866220447713 ) ) ;
#3327 = DIRECTION ( 'NONE',  ( -0.9238795325112864054, 0.3826834323650910030, 0.000000000000000000 ) ) ;
#3328 = PLANE ( 'NONE',  #3976 ) ;
#3329 = EDGE_CURVE ( 'NONE', #3016, #1692, #744, .T. ) ;
#3330 = CARTESIAN_POINT ( 'NONE',  ( 15.59434986887718999, -37.64809094983505133, 10.00000000000000533 ) ) ;
#3331 = CARTESIAN_POINT ( 'NONE',  ( 0.3849001794597446957, 40.00000000000002132, 12.20554977285552134 ) ) ;
#3332 = ORIENTED_EDGE ( 'NONE', *, *, #2934, .F. ) ;
#3333 = ORIENTED_EDGE ( 'NONE', *, *, #285, .F. ) ;
#3334 = VERTEX_POINT ( 'NONE', #1511 ) ;
#3335 = CARTESIAN_POINT ( 'NONE',  ( 30.86830935673204479, 20.62554490085268810, 12.94999999999999751 ) ) ;
#3336 = EDGE_LOOP ( 'NONE', ( #4954, #2106 ) ) ;
#3337 = ORIENTED_EDGE ( 'NONE', *, *, #4645, .F. ) ;
#3338 = EDGE_CURVE ( 'NONE', #111, #2244, #3179, .T. ) ;
#3339 = DIRECTION ( 'NONE',  ( 0.5555702330195917416, -0.8314696123025521191, -0.000000000000000000 ) ) ;
#3340 = EDGE_LOOP ( 'NONE', ( #696, #1145, #4741, #1973 ) ) ;
#3341 = B_SPLINE_CURVE_WITH_KNOTS ( 'NONE', 3,
 ( #3884, #618, #3530, #2172 ),
 .UNSPECIFIED., .F., .F.,
 ( 4, 4 ),
 ( 3.553645422211600236E-07, 0.0008632282528006289101 ),
 .UNSPECIFIED. ) ;
#3342 = CARTESIAN_POINT ( 'NONE',  ( 32.67391261404559089, -17.92326866086966675, 14.94999999999999751 ) ) ;
#3343 = EDGE_CURVE ( 'NONE', #1123, #521, #4818, .T. ) ;
#3344 = VERTEX_POINT ( 'NONE', #3613 ) ;
#3345 = DIRECTION ( 'NONE',  ( 1.000000000000000000, 0.000000000000000000, -0.000000000000000000 ) ) ;
#3346 = DIRECTION ( 'NONE',  ( 0.000000000000000000, 0.000000000000000000, 1.000000000000000000 ) ) ;
#3347 = DIRECTION ( 'NONE',  ( -0.000000000000000000, -0.000000000000000000, 1.000000000000000000 ) ) ;
#3348 = ADVANCED_FACE ( 'NONE', ( #1021 ), #5260, .F. ) ;
#3349 = CARTESIAN_POINT ( 'NONE',  ( -30.86830935673204479, -20.62554490085268810, 12.94999999999999751 ) ) ;
#3350 = FACE_OUTER_BOUND ( 'NONE', #2482, .T. ) ;
#3351 = DIRECTION ( 'NONE',  ( 1.000000000000000000, 0.000000000000000000, 0.000000000000000000 ) ) ;
#3352 = AXIS2_PLACEMENT_3D ( 'NONE', #2623, #525, #3433 ) ;
#3353 = DIRECTION ( 'NONE',  ( -0.8660254037844401509, 0.4999999999999973910, 0.000000000000000000 ) ) ;
#3354 = EDGE_CURVE ( 'NONE', #1489, #3746, #4438, .T. ) ;
#3355 = CARTESIAN_POINT ( 'NONE',  ( 32.07390441200789866, 13.30587011689972954, 9.225657132935333848 ) ) ;
#3356 = PLANE ( 'NONE',  #3863 ) ;
#3357 = EDGE_LOOP ( 'NONE', ( #229, #794, #2598, #2539, #4379 ) ) ;
#3358 = VERTEX_POINT ( 'NONE', #2714 ) ;
#3359 = ORIENTED_EDGE ( 'NONE', *, *, #1044, .T. ) ;
#3360 = CARTESIAN_POINT ( 'NONE',  ( -18.63051183165513436, 32.83240059591378923, 14.44999999999997264 ) ) ;
#3361 = CYLINDRICAL_SURFACE ( 'NONE', #4080, 2.750000000000002665 ) ;
#3362 = AXIS2_PLACEMENT_3D ( 'NONE', #2262, #4232, #231 ) ;
#3363 = CIRCLE ( 'NONE', #997, 1.250000000000007994 ) ;
#3364 = EDGE_LOOP ( 'NONE', ( #4292, #4155, #798, #4687 ) ) ;
#3365 = CIRCLE ( 'NONE', #3624, 2.749999999999999112 ) ;
#3366 = ORIENTED_EDGE ( 'NONE', *, *, #5171, .T. ) ;
#3367 = ORIENTED_EDGE ( 'NONE', *, *, #4220, .T. ) ;
#3368 = CARTESIAN_POINT ( 'NONE',  ( -18.33900346702033346, 32.39612749753614196, 12.94999999999999751 ) ) ;
#3369 = EDGE_CURVE ( 'NONE', #4902, #2697, #3698, .T. ) ;
#3370 = VECTOR ( 'NONE', #390, 1000.000000000000000 ) ;
#3371 = AXIS2_PLACEMENT_3D ( 'NONE', #1416, #2686, #2978 ) ;
#3372 = CARTESIAN_POINT ( 'NONE',  ( 2.444390069387472477E-14, 1.012499518470363711E-14, 43.95000000000002416 ) ) ;
#3373 = CARTESIAN_POINT ( 'NONE',  ( 4.653657836759941941E-15, -38.00000000000000000, 8.949999999999999289 ) ) ;
#3374 = CARTESIAN_POINT ( 'NONE',  ( -20.62554490085280179, -30.86830935673197729, 12.94999999999999751 ) ) ;
#3375 = CARTESIAN_POINT ( 'NONE',  ( 29.34049121592813947, 22.91208633468467326, 14.44999999999998685 ) ) ;
#3376 = CARTESIAN_POINT ( 'NONE',  ( 0.000000000000000000, 0.000000000000000000, 7.550000000000000711 ) ) ;
#3377 = DIRECTION ( 'NONE',  ( 0.9238795325112922896, 0.3826834323650765701, 0.000000000000000000 ) ) ;
#3378 = EDGE_CURVE ( 'NONE', #5070, #2698, #33, .T. ) ;
#3379 = CARTESIAN_POINT ( 'NONE',  ( 29.34049121592799025, -22.91208633468487221, 12.94999999999999751 ) ) ;
#3380 = DIRECTION ( 'NONE',  ( -0.9238795325112878487, -0.3826834323650871172, 0.000000000000000000 ) ) ;
#3381 = EDGE_LOOP ( 'NONE', ( #217, #1148, #2511 ) ) ;
#3382 = LINE ( 'NONE', #1795, #4574 ) ;
#3383 = ORIENTED_EDGE ( 'NONE', *, *, #3944, .T. ) ;
#3384 = CIRCLE ( 'NONE', #10, 1.649999999999998579 ) ;
#3385 = EDGE_CURVE ( 'NONE', #4979, #1490, #5335, .T. ) ;
#3386 = ORIENTED_EDGE ( 'NONE', *, *, #2132, .F. ) ;
#3387 = LINE ( 'NONE', #2512, #514 ) ;
#3388 = ORIENTED_EDGE ( 'NONE', *, *, #89, .F. ) ;
#3389 = AXIS2_PLACEMENT_3D ( 'NONE', #4609, #2565, #1410 ) ;
#3390 = ORIENTED_EDGE ( 'NONE', *, *, #3791, .T. ) ;
#3391 = EDGE_LOOP ( 'NONE', ( #1942, #4455, #319, #2687 ) ) ;
#3392 = CARTESIAN_POINT ( 'NONE',  ( -31.84458024032951684, 13.29392015160925311, 9.441970312076014338 ) ) ;
#3393 = AXIS2_PLACEMENT_3D ( 'NONE', #3943, #1874, #711 ) ;
#3394 = CYLINDRICAL_SURFACE ( 'NONE', #1208, 0.9999999999999991118 ) ;
#3395 = EDGE_CURVE ( 'NONE', #1738, #3, #419, .T. ) ;
#3396 = B_SPLINE_CURVE_WITH_KNOTS ( 'NONE', 3,
 ( #1885, #2354, #3164, #1827, #188, #3480, #1000, #5126 ),
 .UNSPECIFIED., .F., .F.,
 ( 4, 2, 2, 4 ),
 ( 0.000000000000000000, 0.0003905635421267848913, 0.0007811270842535697825, 0.001562254168507134361 ),
 .UNSPECIFIED. ) ;
#3397 = VECTOR ( 'NONE', #4606, 1000.000000000000114 ) ;
#3398 = DIRECTION ( 'NONE',  ( -3.004629197474325162E-15, 1.000000000000000000, 0.000000000000000000 ) ) ;
#3399 = DIRECTION ( 'NONE',  ( 1.000000000000000000, 0.000000000000000000, 0.000000000000000000 ) ) ;
#3400 = EDGE_CURVE ( 'NONE', #3290, #2698, #2092, .T. ) ;
#3401 = LINE ( 'NONE', #559, #1875 ) ;
#3402 = DIRECTION ( 'NONE',  ( 0.000000000000000000, 0.000000000000000000, 1.000000000000000000 ) ) ;
#3403 = CARTESIAN_POINT ( 'NONE',  ( -29.07138688430895002, 23.31482942814413306, 14.93437499999999218 ) ) ;
#3404 = EDGE_CURVE ( 'NONE', #3418, #5151, #4981, .T. ) ;
#3405 = CARTESIAN_POINT ( 'NONE',  ( 37.64809094983499449, 15.59434986887732144, 8.550000000000000711 ) ) ;
#3406 = CARTESIAN_POINT ( 'NONE',  ( -20.62554490085236480, 30.86830935673225795, 10.00000000000000533 ) ) ;
#3407 = FACE_OUTER_BOUND ( 'NONE', #1859, .T. ) ;
#3408 = EDGE_LOOP ( 'NONE', ( #561, #1150, #3491, #2807 ) ) ;
#3409 = ORIENTED_EDGE ( 'NONE', *, *, #1455, .F. ) ;
#3410 = FILL_AREA_STYLE_COLOUR ( '', #4421 ) ;
#3411 = DIRECTION ( 'NONE',  ( 1.000000000000000000, 3.004629197474325951E-15, 0.000000000000000000 ) ) ;
#3412 = CARTESIAN_POINT ( 'NONE',  ( -32.65971500261478155, 17.91383588034620544, 14.94999999999999751 ) ) ;
#3413 = ORIENTED_EDGE ( 'NONE', *, *, #4185, .T. ) ;
#3414 = DIRECTION ( 'NONE',  ( -0.000000000000000000, -0.000000000000000000, 1.000000000000000000 ) ) ;
#3415 = ORIENTED_EDGE ( 'NONE', *, *, #413, .F. ) ;
#3416 = FACE_OUTER_BOUND ( 'NONE', #3453, .T. ) ;
#3417 = DIRECTION ( 'NONE',  ( 0.9238795325112865164, -0.3826834323650902259, 0.000000000000000000 ) ) ;
#3418 = VERTEX_POINT ( 'NONE', #4935 ) ;
#3419 = EDGE_CURVE ( 'NONE', #1892, #5327, #2419, .T. ) ;
#3420 = CARTESIAN_POINT ( 'NONE',  ( -1.922827893369220442, -38.66956439447387339, 13.48500815085152738 ) ) ;
#3421 = CARTESIAN_POINT ( 'NONE',  ( -38.01943672985945710, -14.66577412700106997, 7.550000000000000711 ) ) ;
#3422 = CARTESIAN_POINT ( 'NONE',  ( 32.70533545089953265, -13.54699350572433225, 8.549999999999974065 ) ) ;
#3423 = DIRECTION ( 'NONE',  ( 1.000000000000000000, 3.004629197474345673E-15, -0.000000000000000000 ) ) ;
#3424 = CARTESIAN_POINT ( 'NONE',  ( -13.33140116610013060, -32.18484950063533745, 9.113369932927760431 ) ) ;
#3425 = DIRECTION ( 'NONE',  ( 0.3826834323650838421, -0.9238795325112891810, 0.000000000000000000 ) ) ;
#3426 = DIRECTION ( 'NONE',  ( -0.8314696123025395735, 0.5555702330196108374, 0.000000000000000000 ) ) ;
#3427 = LINE ( 'NONE', #519, #2655 ) ;
#3428 = DIRECTION ( 'NONE',  ( 0.8314696123025463459, 0.5555702330196005123, -0.000000000000000000 ) ) ;
#3429 = VERTEX_POINT ( 'NONE', #2471 ) ;
#3430 = ORIENTED_EDGE ( 'NONE', *, *, #5093, .T. ) ;
#3431 = DIRECTION ( 'NONE',  ( 0.000000000000000000, 0.000000000000000000, -1.000000000000000000 ) ) ;
#3432 = LINE ( 'NONE', #5000, #3812 ) ;
#3433 = DIRECTION ( 'NONE',  ( 1.000000000000000000, 0.000000000000000000, 0.000000000000000000 ) ) ;
#3434 = CARTESIAN_POINT ( 'NONE',  ( -1.154700538379236807, 36.00000000000000000, 14.94999999999999751 ) ) ;
#3435 = PLANE ( 'NONE',  #4082 ) ;
#3436 = ORIENTED_EDGE ( 'NONE', *, *, #3669, .T. ) ;
#3437 = CIRCLE ( 'NONE', #5349, 2.749999999999999112 ) ;
#3438 = ORIENTED_EDGE ( 'NONE', *, *, #4616, .T. ) ;
#3439 = CARTESIAN_POINT ( 'NONE',  ( 13.47493578079124177, -33.62876758745467498, 7.722236169159776509 ) ) ;
#3440 = ORIENTED_EDGE ( 'NONE', *, *, #3600, .T. ) ;
#3441 = CONICAL_SURFACE ( 'NONE', #3362, 2.749999999999999112, 0.7853981633974561616 ) ;
#3442 = CARTESIAN_POINT ( 'NONE',  ( 32.72183418654850584, 18.16775793607197542, 14.77333839633718604 ) ) ;
#3443 = CYLINDRICAL_SURFACE ( 'NONE', #2223, 1.000000000000000222 ) ;
#3444 = DIRECTION ( 'NONE',  ( -0.000000000000000000, -0.000000000000000000, 1.000000000000000000 ) ) ;
#3445 = DIRECTION ( 'NONE',  ( 0.000000000000000000, 0.000000000000000000, 1.000000000000000000 ) ) ;
#3446 = VECTOR ( 'NONE', #3664, 1000.000000000000114 ) ;
#3447 = AXIS2_PLACEMENT_3D ( 'NONE', #4591, #1674, #4203 ) ;
#3448 = LINE ( 'NONE', #1394, #1969 ) ;
#3449 = CARTESIAN_POINT ( 'NONE',  ( 36.00000000000000711, -1.154700538379260344, 14.94999999999999751 ) ) ;
#3450 = CARTESIAN_POINT ( 'NONE',  ( 37.26540751746991020, 16.51822940138860929, 9.000000000000005329 ) ) ;
#3451 = ADVANCED_FACE ( 'NONE', ( #1156 ), #2879, .F. ) ;
#3452 = CARTESIAN_POINT ( 'NONE',  ( -32.66156382974357086, -17.92130503430547606, 14.94478702375016788 ) ) ;
#3453 = EDGE_LOOP ( 'NONE', ( #3797, #5185, #1491, #2237 ) ) ;
#3454 = EDGE_CURVE ( 'NONE', #4350, #1411, #3730, .T. ) ;
#3455 = EDGE_LOOP ( 'NONE', ( #1173, #391, #2513, #2896 ) ) ;
#3456 =( NAMED_UNIT ( * ) SI_UNIT ( $, .STERADIAN. ) SOLID_ANGLE_UNIT ( ) );
#3457 = CARTESIAN_POINT ( 'NONE',  ( -37.64809094983499449, -15.59434986887732144, 10.00000000000000533 ) ) ;
#3458 = EDGE_CURVE ( 'NONE', #3991, #1426, #3292, .T. ) ;
#3459 = DIRECTION ( 'NONE',  ( -0.000000000000000000, -0.000000000000000000, 1.000000000000000000 ) ) ;
#3460 = LINE ( 'NONE', #1036, #3271 ) ;
#3461 = CIRCLE ( 'NONE', #689, 1.649999999999998579 ) ;
#3462 = ORIENTED_EDGE ( 'NONE', *, *, #3894, .T. ) ;
#3463 = ORIENTED_EDGE ( 'NONE', *, *, #1368, .F. ) ;
#3464 = ORIENTED_EDGE ( 'NONE', *, *, #2371, .T. ) ;
#3465 = DIRECTION ( 'NONE',  ( 0.5555702330196020666, 0.8314696123025453467, 0.000000000000000000 ) ) ;
#3466 = CARTESIAN_POINT ( 'NONE',  ( 29.34049121592799025, -22.91208633468487221, 12.94999999999999751 ) ) ;
#3467 = AXIS2_PLACEMENT_3D ( 'NONE', #812, #3324, #4964 ) ;
#3468 = VERTEX_POINT ( 'NONE', #3754 ) ;
#3469 = CARTESIAN_POINT ( 'NONE',  ( 36.75000000000000000, 2.326828918379970970E-15, 8.949999999999999289 ) ) ;
#3470 = FACE_OUTER_BOUND ( 'NONE', #4048, .T. ) ;
#3471 = AXIS2_PLACEMENT_3D ( 'NONE', #5120, #4763, #4825 ) ;
#3472 = AXIS2_PLACEMENT_3D ( 'NONE', #1583, #2049, #4011 ) ;
#3473 = CARTESIAN_POINT ( 'NONE',  ( -37.72445558133492938, 15.40897301310304890, 7.935354638882230915 ) ) ;
#3474 = DIRECTION ( 'NONE',  ( -1.000000000000000000, 0.000000000000000000, 0.000000000000000000 ) ) ;
#3475 = DIRECTION ( 'NONE',  ( 0.8660254037844370423, 0.5000000000000027756, 0.000000000000000000 ) ) ;
#3476 = DIRECTION ( 'NONE',  ( 0.8660254037844374864, 0.5000000000000018874, 0.000000000000000000 ) ) ;
#3477 = ORIENTED_EDGE ( 'NONE', *, *, #3329, .F. ) ;
#3478 = ORIENTED_EDGE ( 'NONE', *, *, #3755, .F. ) ;
#3479 = CARTESIAN_POINT ( 'NONE',  ( -1.154700538379256347, -36.00000000000000711, 8.949999999999999289 ) ) ;
#3480 = CARTESIAN_POINT ( 'NONE',  ( -15.15271369167020410, -37.82845173523322302, 7.658631807636546718 ) ) ;
#3481 = ADVANCED_FACE ( 'NONE', ( #337, #807 ), #1649, .F. ) ;
#3482 = B_SPLINE_CURVE_WITH_KNOTS ( 'NONE', 3,
 ( #2217, #3058, #3420, #534 ),
 .UNSPECIFIED., .F., .F.,
 ( 4, 4 ),
 ( 3.032767737756681916E-07, 0.003020634337470509776 ),
 .UNSPECIFIED. ) ;
#3483 = LINE ( 'NONE', #164, #1774 ) ;
#3484 = CARTESIAN_POINT ( 'NONE',  ( 39.33606691978560121, -1.538022480964933214, 12.83593247474962418 ) ) ;
#3485 = DIRECTION ( 'NONE',  ( 1.009293658750142596E-14, 1.000000000000000000, 0.000000000000000000 ) ) ;
#3486 = ORIENTED_EDGE ( 'NONE', *, *, #4072, .F. ) ;
#3487 = ORIENTED_EDGE ( 'NONE', *, *, #1873, .F. ) ;
#3488 = CARTESIAN_POINT ( 'NONE',  ( 0.000000000000000000, 0.000000000000000000, 14.94999999999999751 ) ) ;
#3489 = CARTESIAN_POINT ( 'NONE',  ( 13.37478596115969864, -32.28958966126956653, 8.999999999999994671 ) ) ;
#3490 = EDGE_CURVE ( 'NONE', #1846, #3840, #756, .T. ) ;
#3491 = ORIENTED_EDGE ( 'NONE', *, *, #804, .F. ) ;
#3492 = PRODUCT_DEFINITION_CONTEXT ( 'detailed design', #1305, 'design' ) ;
#3493 = EDGE_CURVE ( 'NONE', #3617, #2828, #2157, .T. ) ;
#3494 = LINE ( 'NONE', #198, #4301 ) ;
#3495 = CARTESIAN_POINT ( 'NONE',  ( -15.77942904944688784, 37.57100766681832482, 9.614645361117773348 ) ) ;
#3496 = DIRECTION ( 'NONE',  ( 0.5555702330196036209, 0.8314696123025442365, 0.000000000000000000 ) ) ;
#3497 = DIRECTION ( 'NONE',  ( 0.000000000000000000, 0.000000000000000000, 1.000000000000000000 ) ) ;
#3498 = CARTESIAN_POINT ( 'NONE',  ( -37.46334134852969555, -16.03416813901312210, 9.891368192363460210 ) ) ;
#3499 = ORIENTED_EDGE ( 'NONE', *, *, #2379, .F. ) ;
#3500 = ADVANCED_FACE ( 'NONE', ( #1595 ), #2902, .F. ) ;
#3501 = DIRECTION ( 'NONE',  ( 0.000000000000000000, 0.000000000000000000, 1.000000000000000000 ) ) ;
#3502 = DIRECTION ( 'NONE',  ( -1.000000000000000000, 0.000000000000000000, 0.000000000000000000 ) ) ;
#3503 = CARTESIAN_POINT ( 'NONE',  ( 14.91220002187470861, 37.92437939013767334, 7.550000000000000711 ) ) ;
#3504 = EDGE_CURVE ( 'NONE', #1183, #2244, #2829, .T. ) ;
#3505 = FACE_OUTER_BOUND ( 'NONE', #3060, .T. ) ;
#3506 = VERTEX_POINT ( 'NONE', #3263 ) ;
#3507 = ORIENTED_EDGE ( 'NONE', *, *, #2594, .F. ) ;
#3508 = DIRECTION ( 'NONE',  ( -0.9238795325112896251, -0.3826834323650830649, 0.000000000000000000 ) ) ;
#3509 = EDGE_CURVE ( 'NONE', #2648, #2155, #4904, .T. ) ;
#3510 = DIRECTION ( 'NONE',  ( -1.051347561198063548E-14, -1.000000000000000000, 0.000000000000000000 ) ) ;
#3511 = EDGE_LOOP ( 'NONE', ( #2924, #3607, #4930, #2489, #4720 ) ) ;
#3512 = LINE ( 'NONE', #1382, #1093 ) ;
#3513 = CARTESIAN_POINT ( 'NONE',  ( -1.154700538379243913, 40.00000000000001421, 8.949999999999999289 ) ) ;
#3514 = ORIENTED_EDGE ( 'NONE', *, *, #990, .F. ) ;
#3515 = ORIENTED_EDGE ( 'NONE', *, *, #4976, .T. ) ;
#3516 = CARTESIAN_POINT ( 'NONE',  ( 2.309401076758505589, 38.00000000000000711, 14.94999999999999751 ) ) ;
#3517 = DIRECTION ( 'NONE',  ( -1.000000000000000000, 0.000000000000000000, 0.000000000000000000 ) ) ;
#3518 = ORIENTED_EDGE ( 'NONE', *, *, #1599, .T. ) ;
#3519 = VECTOR ( 'NONE', #2168, 999.9999999999998863 ) ;
#3520 = CARTESIAN_POINT ( 'NONE',  ( -13.53825346023706899, 33.50812172209216300, 7.810380945738489622 ) ) ;
#3521 = CIRCLE ( 'NONE', #1179, 1.650000000000002132 ) ;
#3522 = CARTESIAN_POINT ( 'NONE',  ( -13.15095629016318846, -33.94168943740304201, 7.549999999999998934 ) ) ;
#3523 = CARTESIAN_POINT ( 'NONE',  ( 18.63051183165557845, 32.83240059591353344, 14.44999999999998330 ) ) ;
#3524 = CARTESIAN_POINT ( 'NONE',  ( 23.31716372596444842, 29.05616675375508962, 14.94478669219462574 ) ) ;
#3525 = EDGE_CURVE ( 'NONE', #1123, #1038, #2096, .T. ) ;
#3526 = AXIS2_PLACEMENT_3D ( 'NONE', #1502, #1585, #4922 ) ;
#3527 = EDGE_CURVE ( 'NONE', #1838, #4089, #4536, .T. ) ;
#3528 = VECTOR ( 'NONE', #641, 1000.000000000000227 ) ;
#3529 = CARTESIAN_POINT ( 'NONE',  ( -38.01943672985924394, 14.66577412700159933, 7.550000000000000711 ) ) ;
#3530 = CARTESIAN_POINT ( 'NONE',  ( -18.16775793607209621, -32.72183418654844189, 14.77333839633717893 ) ) ;
#3531 = ORIENTED_EDGE ( 'NONE', *, *, #801, .T. ) ;
#3532 = VECTOR ( 'NONE', #3708, 1000.000000000000114 ) ;
#3533 = VECTOR ( 'NONE', #2575, 1000.000000000000227 ) ;
#3534 = ORIENTED_EDGE ( 'NONE', *, *, #959, .F. ) ;
#3535 = CARTESIAN_POINT ( 'NONE',  ( 18.63051183165535463, -32.83240059591364002, 14.44999999999999574 ) ) ;
#3536 = B_SPLINE_CURVE_WITH_KNOTS ( 'NONE', 3,
 ( #1518, #347, #1602, #2023, #3981, #4888, #3655, #3269 ),
 .UNSPECIFIED., .F., .F.,
 ( 4, 2, 2, 4 ),
 ( 0.000000000000000000, 0.0003905638316344259503, 0.0007811276632688519007, 0.001562255326537713125 ),
 .UNSPECIFIED. ) ;
#3537 = VERTEX_POINT ( 'NONE', #4587 ) ;
#3538 = AXIS2_PLACEMENT_3D ( 'NONE', #2448, #2066, #1986 ) ;
#3539 = AXIS2_PLACEMENT_3D ( 'NONE', #91, #3266, #2115 ) ;
#3540 = CARTESIAN_POINT ( 'NONE',  ( -1.250000000000000444, 38.00000000000000000, 8.949999999999999289 ) ) ;
#3541 = CARTESIAN_POINT ( 'NONE',  ( 0.000000000000000000, -40.75000000000000000, 7.549999999999999822 ) ) ;
#3542 = CARTESIAN_POINT ( 'NONE',  ( -36.00000000000000000, -1.154700538379243469, 14.94999999999999751 ) ) ;
#3543 = CARTESIAN_POINT ( 'NONE',  ( -20.62554490085280179, -30.86830935673197729, 10.00000000000000533 ) ) ;
#3544 = ADVANCED_FACE ( 'NONE', ( #114 ), #3822, .F. ) ;
#3545 = EDGE_LOOP ( 'NONE', ( #4936, #464, #296, #1537 ) ) ;
#3546 = VERTEX_POINT ( 'NONE', #3053 ) ;
#3547 = DIRECTION ( 'NONE',  ( 1.000000000000000000, 0.000000000000000000, 0.000000000000000000 ) ) ;
#3548 = CARTESIAN_POINT ( 'NONE',  ( -23.31482942814343673, 29.07138688430949713, 14.93437499999999574 ) ) ;
#3549 = DIRECTION ( 'NONE',  ( 0.5555702330196049532, 0.8314696123025434593, 0.000000000000000000 ) ) ;
#3550 = CARTESIAN_POINT ( 'NONE',  ( 36.00000000000000000, 1.154700538379239028, 14.94999999999999751 ) ) ;
#3551 = ADVANCED_FACE ( 'NONE', ( #506 ), #1720, .F. ) ;
#3552 = ORIENTED_EDGE ( 'NONE', *, *, #600, .F. ) ;
#3553 = VERTEX_POINT ( 'NONE', #1805 ) ;
#3554 = FACE_OUTER_BOUND ( 'NONE', #2590, .T. ) ;
#3555 = ORIENTED_EDGE ( 'NONE', *, *, #1336, .F. ) ;
#3556 = CARTESIAN_POINT ( 'NONE',  ( 32.39612749753582222, -18.33900346702088768, 12.94999999999999751 ) ) ;
#3557 = CARTESIAN_POINT ( 'NONE',  ( -33.63027447859548147, 13.47383618608723488, 7.721244427767665286 ) ) ;
#3558 = LINE ( 'NONE', #1020, #1648 ) ;
#3559 = DIRECTION ( 'NONE',  ( 0.8314696123025442365, -0.5555702330196036209, 0.000000000000000000 ) ) ;
#3560 = PRODUCT_CONTEXT ( 'NONE', #3015, 'mechanical' ) ;
#3561 = EDGE_CURVE ( 'NONE', #1276, #2989, #2571, .T. ) ;
#3562 = VECTOR ( 'NONE', #4317, 1000.000000000000114 ) ;
#3563 = EDGE_CURVE ( 'NONE', #1489, #1130, #3057, .T. ) ;
#3564 = CARTESIAN_POINT ( 'NONE',  ( 2.309401076758505589, 38.00000000000000711, 8.949999999999999289 ) ) ;
#3565 = CARTESIAN_POINT ( 'NONE',  ( 37.73500388115510873, 2.156405496209196304, 14.40367832122294978 ) ) ;
#3566 = ORIENTED_EDGE ( 'NONE', *, *, #1864, .F. ) ;
#3567 = EDGE_CURVE ( 'NONE', #2842, #1038, #3995, .T. ) ;
#3568 = ORIENTED_EDGE ( 'NONE', *, *, #1255, .T. ) ;
#3569 = LINE ( 'NONE', #1164, #330 ) ;
#3570 = DIRECTION ( 'NONE',  ( 0.000000000000000000, 0.000000000000000000, 1.000000000000000000 ) ) ;
#3571 = CIRCLE ( 'NONE', #704, 40.75000000000000000 ) ;
#3572 = ORIENTED_EDGE ( 'NONE', *, *, #2439, .F. ) ;
#3573 = EDGE_CURVE ( 'NONE', #2387, #5235, #878, .T. ) ;
#3574 = FACE_OUTER_BOUND ( 'NONE', #3636, .T. ) ;
#3575 = CARTESIAN_POINT ( 'NONE',  ( 4.653657836759941941E-15, -38.00000000000000000, 14.94999999999999751 ) ) ;
#3576 = DIRECTION ( 'NONE',  ( -0.000000000000000000, -0.000000000000000000, -1.000000000000000000 ) ) ;
#3577 = CARTESIAN_POINT ( 'NONE',  ( 33.50812172209202089, 13.53825346023742426, 7.810380945738492287 ) ) ;
#3578 = VERTEX_POINT ( 'NONE', #956 ) ;
#3579 = DIRECTION ( 'NONE',  ( 1.000000000000000000, 0.000000000000000000, 0.000000000000000000 ) ) ;
#3580 = B_SPLINE_CURVE_WITH_KNOTS ( 'NONE', 3,
 ( #3722, #1642, #4581, #3360 ),
 .UNSPECIFIED., .F., .F.,
 ( 4, 4 ),
 ( 2.831913210172207200E-07, 0.002124322476976325726 ),
 .UNSPECIFIED. ) ;
#3581 = EDGE_LOOP ( 'NONE', ( #4558, #4043, #4476, #4533 ) ) ;
#3582 = ORIENTED_EDGE ( 'NONE', *, *, #4568, .T. ) ;
#3583 = DIRECTION ( 'NONE',  ( -1.000000000000000000, -3.004629197474325162E-15, 0.000000000000000000 ) ) ;
#3584 = ORIENTED_EDGE ( 'NONE', *, *, #4072, .T. ) ;
#3585 = CARTESIAN_POINT ( 'NONE',  ( -33.26937860279036130, 13.61449992134893883, 8.002821673848515616 ) ) ;
#3586 = ORIENTED_EDGE ( 'NONE', *, *, #2718, .F. ) ;
#3587 = CARTESIAN_POINT ( 'NONE',  ( 19.18751894213295728, 33.66602064729962507, 13.45002456809159597 ) ) ;
#3588 = CARTESIAN_POINT ( 'NONE',  ( -30.61038436569155863, 23.76060180979727221, 13.45002456809159952 ) ) ;
#3589 = EDGE_CURVE ( 'NONE', #3786, #4219, #1748, .T. ) ;
#3590 = DIRECTION ( 'NONE',  ( -0.000000000000000000, -0.000000000000000000, 1.000000000000000000 ) ) ;
#3591 = DIRECTION ( 'NONE',  ( 0.000000000000000000, 0.000000000000000000, -1.000000000000000000 ) ) ;
#3592 = ORIENTED_EDGE ( 'NONE', *, *, #2701, .T. ) ;
#3593 = ORIENTED_EDGE ( 'NONE', *, *, #4033, .F. ) ;
#3594 = DIRECTION ( 'NONE',  ( -0.8660254037844399289, 0.4999999999999978351, 0.000000000000000000 ) ) ;
#3595 = CARTESIAN_POINT ( 'NONE',  ( 30.86830935673189913, -22.27554490085290695, 12.94999999999999751 ) ) ;
#3596 = DIRECTION ( 'NONE',  ( -3.784851220313034736E-15, -1.000000000000000000, 0.000000000000000000 ) ) ;
#3597 = DIRECTION ( 'NONE',  ( 0.000000000000000000, 0.000000000000000000, -1.000000000000000000 ) ) ;
#3598 = VERTEX_POINT ( 'NONE', #1303 ) ;
#3599 = ORIENTED_EDGE ( 'NONE', *, *, #2826, .T. ) ;
#3600 = EDGE_CURVE ( 'NONE', #3076, #3991, #4532, .T. ) ;
#3601 = CARTESIAN_POINT ( 'NONE',  ( 33.63027447859559516, -13.47383618608699507, 7.721244427767662621 ) ) ;
#3602 = CARTESIAN_POINT ( 'NONE',  ( 20.62554490085258507, -29.21830935673211371, -16.95000000000000639 ) ) ;
#3603 = FACE_OUTER_BOUND ( 'NONE', #3156, .T. ) ;
#3604 = CARTESIAN_POINT ( 'NONE',  ( 33.84766825397993983, 13.28095413891003496, 7.590250860230646879 ) ) ;
#3605 = ORIENTED_EDGE ( 'NONE', *, *, #3338, .T. ) ;
#3606 = CARTESIAN_POINT ( 'NONE',  ( -31.84137174998372899, -13.29400375543454338, 9.444899586855141749 ) ) ;
#3607 = ORIENTED_EDGE ( 'NONE', *, *, #4703, .F. ) ;
#3608 = DIRECTION ( 'NONE',  ( 0.000000000000000000, 0.000000000000000000, -1.000000000000000000 ) ) ;
#3609 = ORIENTED_EDGE ( 'NONE', *, *, #2749, .T. ) ;
#3610 = DIRECTION ( 'NONE',  ( 0.000000000000000000, 0.000000000000000000, -1.000000000000000000 ) ) ;
#3611 = EDGE_LOOP ( 'NONE', ( #895, #5273, #4996, #4531 ) ) ;
#3612 = AXIS2_PLACEMENT_3D ( 'NONE', #213, #3459, #5103 ) ;
#3613 = CARTESIAN_POINT ( 'NONE',  ( -18.33900346702077400, -32.39612749753588616, 12.94999999999999751 ) ) ;
#3614 = AXIS2_PLACEMENT_3D ( 'NONE', #3406, #1821, #490 ) ;
#3615 = DIRECTION ( 'NONE',  ( 0.000000000000000000, 0.000000000000000000, 1.000000000000000000 ) ) ;
#3616 = CARTESIAN_POINT ( 'NONE',  ( 32.18484950063529482, -13.33140116610024073, 9.113369932927760431 ) ) ;
#3617 = VERTEX_POINT ( 'NONE', #2974 ) ;
#3618 = LINE ( 'NONE', #3914, #5201 ) ;
#3619 = AXIS2_PLACEMENT_3D ( 'NONE', #333, #3610, #674 ) ;
#3620 = AXIS2_PLACEMENT_3D ( 'NONE', #589, #2611, #4256 ) ;
#3621 = LINE ( 'NONE', #1139, #750 ) ;
#3622 = AXIS2_PLACEMENT_3D ( 'NONE', #1202, #4869, #375 ) ;
#3623 = DIRECTION ( 'NONE',  ( 0.000000000000000000, 0.000000000000000000, 1.000000000000000000 ) ) ;
#3624 = AXIS2_PLACEMENT_3D ( 'NONE', #2857, #4180, #4158 ) ;
#3625 = DIRECTION ( 'NONE',  ( 0.000000000000000000, 0.000000000000000000, 1.000000000000000000 ) ) ;
#3626 = CARTESIAN_POINT ( 'NONE',  ( 4.574760217184729147E-15, -1.104444816093235644E-14, 9.000000000000003553 ) ) ;
#3627 = CARTESIAN_POINT ( 'NONE',  ( -18.33900346702077400, -32.39612749753588616, 12.94999999999999751 ) ) ;
#3628 = ORIENTED_EDGE ( 'NONE', *, *, #3779, .F. ) ;
#3629 = CARTESIAN_POINT ( 'NONE',  ( 32.51830935673203982, 20.62554490085268810, 10.00000000000000533 ) ) ;
#3630 = VECTOR ( 'NONE', #2221, 1000.000000000000000 ) ;
#3631 = AXIS2_PLACEMENT_3D ( 'NONE', #4159, #4963, #1283 ) ;
#3632 = FACE_OUTER_BOUND ( 'NONE', #1506, .T. ) ;
#3633 = EDGE_CURVE ( 'NONE', #4354, #3598, #1113, .T. ) ;
#3634 = DIRECTION ( 'NONE',  ( 1.000000000000000000, 0.000000000000000000, 0.000000000000000000 ) ) ;
#3635 = DIRECTION ( 'NONE',  ( -1.000000000000000000, 0.000000000000000000, 0.000000000000000000 ) ) ;
#3636 = EDGE_LOOP ( 'NONE', ( #2107, #820, #3793, #1637, #3891, #1324, #1096, #1991, #2640, #3413, #1205, #218, #2463, #5320, #4406, #2709, #1168, #2869, #1833, #3729, #3833, #2556, #4579, #1298, #4191, #3209, #4881, #4742, #4666, #4872, #303, #4898, #1797, #3728, #4437, #969 ) ) ;
#3637 = ADVANCED_FACE ( 'NONE', ( #88 ), #3394, .T. ) ;
#3638 = FACE_OUTER_BOUND ( 'NONE', #1006, .T. ) ;
#3639 = VERTEX_POINT ( 'NONE', #1327 ) ;
#3640 = ADVANCED_FACE ( 'NONE', ( #4642 ), #928, .F. ) ;
#3641 = EDGE_LOOP ( 'NONE', ( #621, #1646, #2274, #2517, #5113, #361 ) ) ;
#3642 = DIRECTION ( 'NONE',  ( 1.000000000000000000, 0.000000000000000000, 0.000000000000000000 ) ) ;
#3643 = CARTESIAN_POINT ( 'NONE',  ( 29.77676431430559134, -23.20359469931965180, 14.45000000000003304 ) ) ;
#3644 = ORIENTED_EDGE ( 'NONE', *, *, #1285, .F. ) ;
#3645 = DIRECTION ( 'NONE',  ( -0.000000000000000000, 0.000000000000000000, 1.000000000000000000 ) ) ;
#3646 = ORIENTED_EDGE ( 'NONE', *, *, #558, .T. ) ;
#3647 = DIRECTION ( 'NONE',  ( -3.004629197474326346E-15, 1.000000000000000000, 0.000000000000000000 ) ) ;
#3648 = DIRECTION ( 'NONE',  ( -0.3928474791935537835, 0.5879378012096847517, -0.7071067811865415775 ) ) ;
#3649 = DIRECTION ( 'NONE',  ( 0.000000000000000000, 0.000000000000000000, -1.000000000000000000 ) ) ;
#3650 = FACE_OUTER_BOUND ( 'NONE', #54, .T. ) ;
#3651 = FACE_OUTER_BOUND ( 'NONE', #3184, .T. ) ;
#3652 = CIRCLE ( 'NONE', #4236, 36.39999999999999147 ) ;
#3653 = AXIS2_PLACEMENT_3D ( 'NONE', #1499, #1091, #5186 ) ;
#3654 = FACE_BOUND ( 'NONE', #1, .T. ) ;
#3655 = CARTESIAN_POINT ( 'NONE',  ( 15.59434986887744579, 37.64809094983493054, 9.264124374446979004 ) ) ;
#3656 = AXIS2_PLACEMENT_3D ( 'NONE', #1928, #4758, #3177 ) ;
#3657 = DIRECTION ( 'NONE',  ( 0.5555702330196020666, 0.8314696123025453467, 0.000000000000000000 ) ) ;
#3658 = EDGE_LOOP ( 'NONE', ( #2964, #1019, #4245 ) ) ;
#3659 = CARTESIAN_POINT ( 'NONE',  ( -1.154700538379233699, -40.00000000000002132, 12.18333680410953512 ) ) ;
#3660 = DIRECTION ( 'NONE',  ( -3.491481338843133355E-15, -1.000000000000000000, 0.000000000000000000 ) ) ;
#3661 = CYLINDRICAL_SURFACE ( 'NONE', #3088, 1.649999999999998579 ) ;
#3662 = CONICAL_SURFACE ( 'NONE', #1290, 2.749999999999999112, 0.7853981633974596033 ) ;
#3663 = ORIENTED_EDGE ( 'NONE', *, *, #3493, .T. ) ;
#3664 = DIRECTION ( 'NONE',  ( -0.6532814824381885099, -0.2705980500730972294, 0.7071067811865476838 ) ) ;
#3665 = ORIENTED_EDGE ( 'NONE', *, *, #1058, .F. ) ;
#3666 = ORIENTED_EDGE ( 'NONE', *, *, #4187, .T. ) ;
#3667 = LINE ( 'NONE', #2058, #775 ) ;
#3668 = ORIENTED_EDGE ( 'NONE', *, *, #3129, .F. ) ;
#3669 = EDGE_CURVE ( 'NONE', #1826, #4538, #1536, .T. ) ;
#3670 = VERTEX_POINT ( 'NONE', #306 ) ;
#3671 = LINE ( 'NONE', #5311, #4503 ) ;
#3672 = CARTESIAN_POINT ( 'NONE',  ( -32.72183418654849874, -18.16775793607197542, 14.77333839633718426 ) ) ;
#3673 = ADVANCED_FACE ( 'NONE', ( #2276 ), #5163, .F. ) ;
#3674 = ORIENTED_EDGE ( 'NONE', *, *, #591, .T. ) ;
#3675 = EDGE_CURVE ( 'NONE', #2285, #3070, #2770, .T. ) ;
#3676 = CARTESIAN_POINT ( 'NONE',  ( 0.000000000000000000, 0.000000000000000000, 7.550000000000000711 ) ) ;
#3677 = CARTESIAN_POINT ( 'NONE',  ( 31.35986690477559335, -13.44664133756125679, 9.829095684402711086 ) ) ;
#3678 = CARTESIAN_POINT ( 'NONE',  ( -15.59434986887692709, 37.64809094983516502, 8.550000000000000711 ) ) ;
#3679 = CARTESIAN_POINT ( 'NONE',  ( 29.77676431430577964, 23.20359469931947771, 14.44999999999998685 ) ) ;
#3680 = CARTESIAN_POINT ( 'NONE',  ( 37.60675304336374580, -15.69486117435453565, 9.523042133779554774 ) ) ;
#3681 = DIRECTION ( 'NONE',  ( -0.8660254037844370423, -0.5000000000000028866, 0.000000000000000000 ) ) ;
#3682 = CARTESIAN_POINT ( 'NONE',  ( 1.538022480964940764, -39.33606691978559411, 12.83593247474962773 ) ) ;
#3683 = CARTESIAN_POINT ( 'NONE',  ( 29.34049121592799025, -22.91208633468487221, 14.45000000000002593 ) ) ;
#3684 = EDGE_LOOP ( 'NONE', ( #4100, #5081, #4002, #2268 ) ) ;
#3685 = DIRECTION ( 'NONE',  ( 1.000000000000000000, 0.000000000000000000, 0.000000000000000000 ) ) ;
#3686 = CARTESIAN_POINT ( 'NONE',  ( -20.62554490085280179, -30.86830935673197729, 12.94999999999999751 ) ) ;
#3687 = DIRECTION ( 'NONE',  ( 3.004629197474325162E-15, -1.000000000000000000, 0.000000000000000000 ) ) ;
#3688 = DIRECTION ( 'NONE',  ( 0.000000000000000000, 0.000000000000000000, -1.000000000000000000 ) ) ;
#3689 = ORIENTED_EDGE ( 'NONE', *, *, #1455, .T. ) ;
#3690 = ORIENTED_EDGE ( 'NONE', *, *, #1608, .T. ) ;
#3691 = VERTEX_POINT ( 'NONE', #4810 ) ;
#3692 = B_SPLINE_CURVE_WITH_KNOTS ( 'NONE', 3,
 ( #1066, #2724, #4090, #1605 ),
 .UNSPECIFIED., .F., .F.,
 ( 4, 4 ),
 ( 3.032767737756681916E-07, 0.003020634337470509776 ),
 .UNSPECIFIED. ) ;
#3693 = CARTESIAN_POINT ( 'NONE',  ( 39.25000000000000000, 2.479909768273390694E-15, 14.94999999999999751 ) ) ;
#3694 = EDGE_CURVE ( 'NONE', #2389, #4932, #2708, .T. ) ;
#3695 = ORIENTED_EDGE ( 'NONE', *, *, #3694, .F. ) ;
#3696 = CARTESIAN_POINT ( 'NONE',  ( -23.20359469931917218, 29.77676431430603543, 14.44999999999997264 ) ) ;
#3697 = ORIENTED_EDGE ( 'NONE', *, *, #3675, .F. ) ;
#3698 = LINE ( 'NONE', #2423, #493 ) ;
#3699 = EDGE_CURVE ( 'NONE', #2055, #2971, #2000, .T. ) ;
#3700 = FACE_OUTER_BOUND ( 'NONE', #1621, .T. ) ;
#3701 = CARTESIAN_POINT ( 'NONE',  ( 30.61038436569170784, -23.76060180979705194, 13.45002456809161551 ) ) ;
#3702 = ADVANCED_FACE ( 'NONE', ( #3554 ), #1449, .F. ) ;
#3703 = DIRECTION ( 'NONE',  ( 0.000000000000000000, 0.000000000000000000, -1.000000000000000000 ) ) ;
#3704 = EDGE_CURVE ( 'NONE', #1450, #551, #2943, .T. ) ;
#3705 = EDGE_CURVE ( 'NONE', #1596, #1489, #4377, .T. ) ;
#3706 = AXIS2_PLACEMENT_3D ( 'NONE', #4394, #346, #294 ) ;
#3707 = DIRECTION ( 'NONE',  ( -0.3826834323650908920, -0.9238795325112862944, 0.000000000000000000 ) ) ;
#3708 = DIRECTION ( 'NONE',  ( 0.3826834323650908920, 0.9238795325112862944, -0.000000000000000000 ) ) ;
#3709 = CIRCLE ( 'NONE', #4813, 33.94999999999999574 ) ;
#3710 = CIRCLE ( 'NONE', #2569, 2.749999999999999112 ) ;
#3711 = CARTESIAN_POINT ( 'NONE',  ( 33.99920536741760202, -13.00053977280026807, 7.549999999999999822 ) ) ;
#3712 = CARTESIAN_POINT ( 'NONE',  ( -36.00000000000000711, 1.154700538379254127, 14.94999999999999751 ) ) ;
#3713 = AXIS2_PLACEMENT_3D ( 'NONE', #489, #4114, #1636 ) ;
#3714 = AXIS2_PLACEMENT_3D ( 'NONE', #3756, #386, #2043 ) ;
#3715 = CARTESIAN_POINT ( 'NONE',  ( 31.72284756839234632, 13.30742245788376010, 9.549132443796469971 ) ) ;
#3716 = EDGE_CURVE ( 'NONE', #3230, #682, #3384, .T. ) ;
#3717 = VERTEX_POINT ( 'NONE', #1950 ) ;
#3718 = ORIENTED_EDGE ( 'NONE', *, *, #89, .T. ) ;
#3719 = VECTOR ( 'NONE', #1707, 1000.000000000000000 ) ;
#3720 = ORIENTED_EDGE ( 'NONE', *, *, #4414, .F. ) ;
#3721 = VECTOR ( 'NONE', #4990, 1000.000000000000000 ) ;
#3722 = CARTESIAN_POINT ( 'NONE',  ( -19.46600207473591837, 34.08280010835930796, 12.94999999999999751 ) ) ;
#3723 = CARTESIAN_POINT ( 'NONE',  ( -13.91034485257813458, 30.96941727062930383, 10.00000000000000533 ) ) ;
#3724 = VERTEX_POINT ( 'NONE', #3931 ) ;
#3725 = ADVANCED_FACE ( 'NONE', ( #5253 ), #4320, .T. ) ;
#3726 = VECTOR ( 'NONE', #1453, 1000.000000000000227 ) ;
#3727 = CIRCLE ( 'NONE', #1616, 1.650000000000002132 ) ;
#3728 = ORIENTED_EDGE ( 'NONE', *, *, #23, .T. ) ;
#3729 = ORIENTED_EDGE ( 'NONE', *, *, #4249, .T. ) ;
#3730 = LINE ( 'NONE', #4515, #2327 ) ;
#3731 = ORIENTED_EDGE ( 'NONE', *, *, #2920, .F. ) ;
#3732 = CARTESIAN_POINT ( 'NONE',  ( -23.48210560380253042, -30.19358533892008012, 13.95002554812838724 ) ) ;
#3733 = PLANE ( 'NONE',  #3539 ) ;
#3734 = EDGE_CURVE ( 'NONE', #3290, #2441, #4945, .T. ) ;
#3735 = CARTESIAN_POINT ( 'NONE',  ( 38.00000000000000000, 2.309401076758500704, 14.12988923928204343 ) ) ;
#3736 = CARTESIAN_POINT ( 'NONE',  ( 15.13471851772311538, -37.83539943878733425, 7.676229236918612031 ) ) ;
#3737 = EDGE_CURVE ( 'NONE', #1426, #2155, #2084, .T. ) ;
#3738 = CARTESIAN_POINT ( 'NONE',  ( 0.9238795325112754142, -0.3826834323650863956, 9.000000000000005329 ) ) ;
#3739 = CIRCLE ( 'NONE', #4659, 29.50000000000000000 ) ;
#3740 = CARTESIAN_POINT ( 'NONE',  ( 29.77676431430577964, 23.20359469931947771, 14.44999999999998685 ) ) ;
#3741 = CARTESIAN_POINT ( 'NONE',  ( -23.20359469931957364, -29.77676431430570858, 14.44999999999998508 ) ) ;
#3742 = FACE_OUTER_BOUND ( 'NONE', #5044, .T. ) ;
#3743 = AXIS2_PLACEMENT_3D ( 'NONE', #2352, #2756, #3657 ) ;
#3744 = ORIENTED_EDGE ( 'NONE', *, *, #2379, .T. ) ;
#3745 = EDGE_CURVE ( 'NONE', #3049, #1467, #4781, .T. ) ;
#3746 = VERTEX_POINT ( 'NONE', #3489 ) ;
#3747 = PLANE ( 'NONE',  #1810 ) ;
#3748 = CIRCLE ( 'NONE', #2446, 1.250000000000001110 ) ;
#3749 = ORIENTED_EDGE ( 'NONE', *, *, #3716, .T. ) ;
#3750 = B_SPLINE_CURVE_WITH_KNOTS ( 'NONE', 3,
 ( #1239, #459, #4938, #5008 ),
 .UNSPECIFIED., .F., .F.,
 ( 4, 4 ),
 ( 3.098899320634350872E-07, 0.001232105111770757846 ),
 .UNSPECIFIED. ) ;
#3751 = ORIENTED_EDGE ( 'NONE', *, *, #4711, .T. ) ;
#3752 = CARTESIAN_POINT ( 'NONE',  ( 0.000000000000000000, 0.000000000000000000, 14.94999999999999751 ) ) ;
#3753 = ORIENTED_EDGE ( 'NONE', *, *, #3206, .T. ) ;
#3754 = CARTESIAN_POINT ( 'NONE',  ( 33.99920536741769439, 13.00053977280003892, 7.549999999999999822 ) ) ;
#3755 = EDGE_CURVE ( 'NONE', #4535, #4070, #3836, .T. ) ;
#3756 = CARTESIAN_POINT ( 'NONE',  ( 30.86830935673190623, -20.62554490085290837, 12.94999999999999751 ) ) ;
#3757 = CARTESIAN_POINT ( 'NONE',  ( 30.86830935673190623, -20.62554490085290837, 14.45000000000002593 ) ) ;
#3758 = CARTESIAN_POINT ( 'NONE',  ( -23.32782114083568459, 29.06270609941855909, 14.94999999999999751 ) ) ;
#3759 = EDGE_CURVE ( 'NONE', #4154, #304, #3461, .T. ) ;
#3760 = FACE_BOUND ( 'NONE', #3941, .T. ) ;
#3761 = CARTESIAN_POINT ( 'NONE',  ( -1.154700538379233477, -40.00000000000002132, 8.949999999999999289 ) ) ;
#3762 = DIRECTION ( 'NONE',  ( -1.000000000000000000, 0.000000000000000000, -0.000000000000000000 ) ) ;
#3763 = PLANE ( 'NONE',  #2919 ) ;
#3764 = ORIENTED_EDGE ( 'NONE', *, *, #5193, .T. ) ;
#3765 = VERTEX_POINT ( 'NONE', #3079 ) ;
#3766 = EDGE_CURVE ( 'NONE', #3899, #2472, #592, .T. ) ;
#3767 = EDGE_CURVE ( 'NONE', #2795, #4018, #1894, .T. ) ;
#3768 = ORIENTED_EDGE ( 'NONE', *, *, #1086, .T. ) ;
#3769 = DIRECTION ( 'NONE',  ( 1.000000000000000000, 0.000000000000000000, 0.000000000000000000 ) ) ;
#3770 = ORIENTED_EDGE ( 'NONE', *, *, #1065, .F. ) ;
#3771 = ORIENTED_EDGE ( 'NONE', *, *, #4444, .T. ) ;
#3772 = EDGE_LOOP ( 'NONE', ( #5305, #3949, #4712, #3921 ) ) ;
#3773 = LINE ( 'NONE', #1695, #2012 ) ;
#3774 = CARTESIAN_POINT ( 'NONE',  ( 13.00053977279991990, -33.99920536741772992, 7.549999999999999822 ) ) ;
#3775 = ORIENTED_EDGE ( 'NONE', *, *, #3589, .F. ) ;
#3776 = EDGE_CURVE ( 'NONE', #2464, #2627, #3667, .T. ) ;
#3777 = LINE ( 'NONE', #2956, #5074 ) ;
#3778 = DIRECTION ( 'NONE',  ( -0.8660254037844373753, -0.5000000000000022204, 0.000000000000000000 ) ) ;
#3779 = EDGE_CURVE ( 'NONE', #1739, #5004, #4150, .T. ) ;
#3780 = CARTESIAN_POINT ( 'NONE',  ( -20.62554490085236480, 30.86830935673225795, 14.44999999999997264 ) ) ;
#3781 = CARTESIAN_POINT ( 'NONE',  ( 37.64809094983488791, -15.59434986887757901, 7.250000000000000000 ) ) ;
#3782 = CARTESIAN_POINT ( 'NONE',  ( 30.86830935673204479, 20.62554490085268810, 14.44999999999998685 ) ) ;
#3783 = CARTESIAN_POINT ( 'NONE',  ( 30.96941727062916172, 13.91034485257846320, 10.00000000000000533 ) ) ;
#3784 = DIRECTION ( 'NONE',  ( 1.051347561198065757E-14, 1.000000000000000000, 0.000000000000000000 ) ) ;
#3785 = CIRCLE ( 'NONE', #1089, 37.25000000000000711 ) ;
#3786 = VERTEX_POINT ( 'NONE', #800 ) ;
#3787 = VERTEX_POINT ( 'NONE', #2034 ) ;
#3788 = ORIENTED_EDGE ( 'NONE', *, *, #3928, .F. ) ;
#3789 = DIRECTION ( 'NONE',  ( -0.6532814824381871777, 0.2705980500731007821, 0.7071067811865476838 ) ) ;
#3790 = VECTOR ( 'NONE', #2346, 999.9999999999998863 ) ;
#3791 = EDGE_CURVE ( 'NONE', #2236, #2154, #1590, .T. ) ;
#3792 = AXIS2_PLACEMENT_3D ( 'NONE', #2960, #2258, #2980 ) ;
#3793 = ORIENTED_EDGE ( 'NONE', *, *, #4563, .T. ) ;
#3794 = EDGE_CURVE ( 'NONE', #5001, #581, #3652, .T. ) ;
#3795 = AXIS2_PLACEMENT_3D ( 'NONE', #1474, #1070, #2821 ) ;
#3796 = VERTEX_POINT ( 'NONE', #725 ) ;
#3797 = ORIENTED_EDGE ( 'NONE', *, *, #1655, .T. ) ;
#3798 = DIRECTION ( 'NONE',  ( 1.047444401652940007E-14, 1.000000000000000000, 0.000000000000000000 ) ) ;
#3799 = CARTESIAN_POINT ( 'NONE',  ( 16.27206808117971804, -37.36110359693556404, 10.00000000000000711 ) ) ;
#3800 = AXIS2_PLACEMENT_3D ( 'NONE', #729, #3559, #3496 ) ;
#3801 = VECTOR ( 'NONE', #795, 1000.000000000000000 ) ;
#3802 = ORIENTED_EDGE ( 'NONE', *, *, #2435, .F. ) ;
#3803 = CARTESIAN_POINT ( 'NONE',  ( 32.66523182915482693, 17.93626037356161973, 14.93437499999998863 ) ) ;
#3804 = FACE_OUTER_BOUND ( 'NONE', #4343, .T. ) ;
#3805 = ADVANCED_FACE ( 'NONE', ( #4955 ), #1206, .F. ) ;
#3806 = CARTESIAN_POINT ( 'NONE',  ( 23.31482942814362858, -29.07138688430934437, 14.93437499999999751 ) ) ;
#3807 = CARTESIAN_POINT ( 'NONE',  ( 32.66156382974340744, -17.92130503430573896, 14.94478702375018209 ) ) ;
#3808 = B_SPLINE_CURVE_WITH_KNOTS ( 'NONE', 3,
 ( #4079, #3616, #1544, #3212, #4466, #760, #3677, #5316, #4519, #13 ),
 .UNSPECIFIED., .F., .F.,
 ( 4, 2, 2, 2, 4 ),
 ( 3.217432742277823145E-17, 0.0004742268218938680232, 0.0009484536437877038456, 0.001422680465681539505, 0.001896907287575382538 ),
 .UNSPECIFIED. ) ;
#3809 = FACE_BOUND ( 'NONE', #5250, .T. ) ;
#3810 = DIRECTION ( 'NONE',  ( -0.9238795325112878487, -0.3826834323650871172, -4.930380657631322689E-32 ) ) ;
#3811 = ORIENTED_EDGE ( 'NONE', *, *, #342, .T. ) ;
#3812 = VECTOR ( 'NONE', #3411, 1000.000000000000000 ) ;
#3813 = ORIENTED_EDGE ( 'NONE', *, *, #1380, .F. ) ;
#3814 = DIRECTION ( 'NONE',  ( -0.8660254037844399289, 0.4999999999999977240, 0.000000000000000000 ) ) ;
#3815 = CYLINDRICAL_SURFACE ( 'NONE', #653, 1.000000000000000222 ) ;
#3816 = VECTOR ( 'NONE', #4107, 1000.000000000000227 ) ;
#3817 = FACE_OUTER_BOUND ( 'NONE', #470, .T. ) ;
#3818 = EDGE_LOOP ( 'NONE', ( #129, #247, #1998, #4498, #3141 ) ) ;
#3819 = ORIENTED_EDGE ( 'NONE', *, *, #1027, .F. ) ;
#3820 = DIRECTION ( 'NONE',  ( 0.3826834323650774583, -0.9238795325112919565, 0.000000000000000000 ) ) ;
#3821 = VECTOR ( 'NONE', #1371, 999.9999999999998863 ) ;
#3822 = PLANE ( 'NONE',  #4643 ) ;
#3823 = CARTESIAN_POINT ( 'NONE',  ( 0.000000000000000000, 0.000000000000000000, 10.00000000000000533 ) ) ;
#3824 = CARTESIAN_POINT ( 'NONE',  ( 0.000000000000000000, 0.000000000000000000, 10.00000000000000533 ) ) ;
#3825 = FACE_OUTER_BOUND ( 'NONE', #4425, .T. ) ;
#3826 = EDGE_CURVE ( 'NONE', #4602, #748, #1907, .T. ) ;
#3827 = CARTESIAN_POINT ( 'NONE',  ( -18.97554490085280321, -30.86830935673197729, 12.94999999999999751 ) ) ;
#3828 = CARTESIAN_POINT ( 'NONE',  ( -37.64809094983499449, -15.59434986887731789, 9.132062257545568329 ) ) ;
#3829 = CARTESIAN_POINT ( 'NONE',  ( 37.83539943878729872, 15.13471851772325039, 7.676229236918613807 ) ) ;
#3830 = CARTESIAN_POINT ( 'NONE',  ( -34.08280010835884610, 19.46600207473673905, 12.94999999999999396 ) ) ;
#3831 = CARTESIAN_POINT ( 'NONE',  ( 13.00053977280016326, 33.99920536741764465, 7.549999999999999822 ) ) ;
#3832 = VERTEX_POINT ( 'NONE', #4899 ) ;
#3833 = ORIENTED_EDGE ( 'NONE', *, *, #2193, .T. ) ;
#3834 = CARTESIAN_POINT ( 'NONE',  ( 1.849852981152809051, -37.20403934988942041, 14.94999999999999751 ) ) ;
#3835 = CARTESIAN_POINT ( 'NONE',  ( 32.66523182915468482, -17.93626037356188618, 14.93437499999998330 ) ) ;
#3836 = B_SPLINE_CURVE_WITH_KNOTS ( 'NONE', 3,
 ( #5133, #1479, #2300, #1863 ),
 .UNSPECIFIED., .F., .F.,
 ( 4, 4 ),
 ( 3.007258356828280394E-07, 0.003020631786532407530 ),
 .UNSPECIFIED. ) ;
#3837 = ORIENTED_EDGE ( 'NONE', *, *, #4645, .T. ) ;
#3838 = DIRECTION ( 'NONE',  ( 0.000000000000000000, 0.000000000000000000, 1.000000000000000000 ) ) ;
#3839 = CARTESIAN_POINT ( 'NONE',  ( 13.91034485257856268, 30.96941727062911198, 10.00000000000000533 ) ) ;
#3840 = VERTEX_POINT ( 'NONE', #3260 ) ;
#3841 = CARTESIAN_POINT ( 'NONE',  ( 23.24144735566019193, -29.54204840701721579, 14.61187450479806849 ) ) ;
#3842 = ORIENTED_EDGE ( 'NONE', *, *, #2101, .F. ) ;
#3843 = ADVANCED_FACE ( 'NONE', ( #1152, #399 ), #2873, .F. ) ;
#3844 = DIRECTION ( 'NONE',  ( 0.9238795325112878487, 0.3826834323650871172, 0.000000000000000000 ) ) ;
#3845 = ORIENTED_EDGE ( 'NONE', *, *, #1690, .T. ) ;
#3846 = CARTESIAN_POINT ( 'NONE',  ( 1.250000000000005107, -38.00000000000000000, 14.94999999999999751 ) ) ;
#3847 = DIRECTION ( 'NONE',  ( 0.2705980500730985061, 0.6532814824381880658, 0.7071067811865476838 ) ) ;
#3848 = CARTESIAN_POINT ( 'NONE',  ( -38.00000000000000000, 2.326828918379972154E-15, 8.949999999999999289 ) ) ;
#3849 = DIRECTION ( 'NONE',  ( 0.8660254037844384856, -0.5000000000000002220, 0.000000000000000000 ) ) ;
#3850 = ADVANCED_FACE ( 'NONE', ( #1566 ), #1978, .F. ) ;
#3851 = EDGE_CURVE ( 'NONE', #2903, #2317, #2798, .T. ) ;
#3852 = FACE_OUTER_BOUND ( 'NONE', #893, .T. ) ;
#3853 = CARTESIAN_POINT ( 'NONE',  ( -39.99999999999999289, -1.154700538379256569, 8.949999999999999289 ) ) ;
#3854 = EDGE_CURVE ( 'NONE', #4895, #2698, #1125, .T. ) ;
#3855 = PLANE ( 'NONE',  #2692 ) ;
#3856 = DIRECTION ( 'NONE',  ( 1.000000000000000000, 0.000000000000000000, 0.000000000000000000 ) ) ;
#3857 = CARTESIAN_POINT ( 'NONE',  ( -36.00000000000000000, -1.154700538379243469, 8.949999999999999289 ) ) ;
#3858 = CARTESIAN_POINT ( 'NONE',  ( -13.30742245788342970, 31.72284756839249198, 9.549132443796469971 ) ) ;
#3859 = CIRCLE ( 'NONE', #3612, 36.39999999999999147 ) ;
#3860 = ORIENTED_EDGE ( 'NONE', *, *, #803, .F. ) ;
#3861 = ORIENTED_EDGE ( 'NONE', *, *, #4280, .T. ) ;
#3862 = CARTESIAN_POINT ( 'NONE',  ( -32.83240059591332738, 18.63051183165592661, 14.44999999999997975 ) ) ;
#3863 = AXIS2_PLACEMENT_3D ( 'NONE', #1710, #2461, #3380 ) ;
#3864 = DIRECTION ( 'NONE',  ( 1.000000000000000000, 0.000000000000000000, 0.000000000000000000 ) ) ;
#3865 = VERTEX_POINT ( 'NONE', #3723 ) ;
#3866 = DIRECTION ( 'NONE',  ( 0.000000000000000000, 0.000000000000000000, -1.000000000000000000 ) ) ;
#3867 = B_SPLINE_CURVE_WITH_KNOTS ( 'NONE', 3,
 ( #4450, #691, #5187, #212, #3952, #656, #4427, #1524 ),
 .UNSPECIFIED., .F., .F.,
 ( 4, 2, 2, 4 ),
 ( 0.000000000000000000, 0.0003905638316344299077, 0.0007811276632688598153, 0.001562255326537717462 ),
 .UNSPECIFIED. ) ;
#3868 = EDGE_LOOP ( 'NONE', ( #187, #2976, #666 ) ) ;
#3869 = VERTEX_POINT ( 'NONE', #5 ) ;
#3870 = CIRCLE ( 'NONE', #2748, 36.39999999999999147 ) ;
#3871 = CARTESIAN_POINT ( 'NONE',  ( -23.31831402705183365, 29.04855815588439683, 14.94999999999999751 ) ) ;
#3872 = DIRECTION ( 'NONE',  ( 0.000000000000000000, 0.000000000000000000, 1.000000000000000000 ) ) ;
#3873 = EDGE_CURVE ( 'NONE', #1411, #4688, #4530, .T. ) ;
#3874 = ORIENTED_EDGE ( 'NONE', *, *, #5269, .F. ) ;
#3875 = VECTOR ( 'NONE', #233, 1000.000000000000114 ) ;
#3876 = VECTOR ( 'NONE', #2702, 1000.000000000000000 ) ;
#3877 = DIRECTION ( 'NONE',  ( -0.000000000000000000, -0.000000000000000000, -1.000000000000000000 ) ) ;
#3878 = CARTESIAN_POINT ( 'NONE',  ( -16.51353319202326730, 37.25406986512947327, 10.00000000000000533 ) ) ;
#3879 = ORIENTED_EDGE ( 'NONE', *, *, #3694, .T. ) ;
#3880 = DIRECTION ( 'NONE',  ( -1.000000000000000000, -3.004629197474321218E-15, 0.000000000000000000 ) ) ;
#3881 = AXIS2_PLACEMENT_3D ( 'NONE', #4657, #943, #2618 ) ;
#3882 = CONICAL_SURFACE ( 'NONE', #1445, 2.749999999999999112, 0.7853981633974573828 ) ;
#3883 = CARTESIAN_POINT ( 'NONE',  ( 20.62554490085258507, -29.21830935673211371, 10.00000000000000533 ) ) ;
#3884 = CARTESIAN_POINT ( 'NONE',  ( -18.63051183165557845, -32.83240059591353344, 14.44999999999998330 ) ) ;
#3885 = ORIENTED_EDGE ( 'NONE', *, *, #1989, .T. ) ;
#3886 = EDGE_CURVE ( 'NONE', #2648, #5220, #2224, .T. ) ;
#3887 = LINE ( 'NONE', #5094, #3821 ) ;
#3888 = B_SPLINE_CURVE_WITH_KNOTS ( 'NONE', 3,
 ( #4817, #2369, #2253, #4850 ),
 .UNSPECIFIED., .F., .F.,
 ( 4, 4 ),
 ( 3.553645422249252439E-07, 0.0008632282528006318375 ),
 .UNSPECIFIED. ) ;
#3889 = DIRECTION ( 'NONE',  ( 0.000000000000000000, 0.000000000000000000, 1.000000000000000000 ) ) ;
#3890 = CARTESIAN_POINT ( 'NONE',  ( 2.003227093208117537, 37.46969110453497365, 14.67705938545993050 ) ) ;
#3891 = ORIENTED_EDGE ( 'NONE', *, *, #3175, .T. ) ;
#3892 = ORIENTED_EDGE ( 'NONE', *, *, #2040, .T. ) ;
#3893 = LINE ( 'NONE', #2700, #3816 ) ;
#3894 = EDGE_CURVE ( 'NONE', #5191, #3017, #5282, .T. ) ;
#3895 = CARTESIAN_POINT ( 'NONE',  ( 38.66956439447387339, -1.922827893369223329, 13.48500815085152738 ) ) ;
#3896 = AXIS2_PLACEMENT_3D ( 'NONE', #4095, #2915, #923 ) ;
#3897 = ADVANCED_FACE ( 'NONE', ( #4456 ), #3747, .F. ) ;
#3898 = ORIENTED_EDGE ( 'NONE', *, *, #385, .T. ) ;
#3899 = VERTEX_POINT ( 'NONE', #2417 ) ;
#3900 = DIRECTION ( 'NONE',  ( 1.000000000000000000, 0.000000000000000000, 0.000000000000000000 ) ) ;
#3901 = AXIS2_PLACEMENT_3D ( 'NONE', #216, #3048, #2645 ) ;
#3902 = VERTEX_POINT ( 'NONE', #358 ) ;
#3903 = CARTESIAN_POINT ( 'NONE',  ( 37.59961644612386777, 15.71094706236337402, 9.503753988191144586 ) ) ;
#3904 = CARTESIAN_POINT ( 'NONE',  ( 0.000000000000000000, 0.000000000000000000, 14.94999999999999751 ) ) ;
#3905 = VECTOR ( 'NONE', #2888, 1000.000000000000000 ) ;
#3906 = ADVANCED_FACE ( 'NONE', ( #2007 ), #2442, .F. ) ;
#3907 = FACE_OUTER_BOUND ( 'NONE', #2188, .T. ) ;
#3908 = EDGE_CURVE ( 'NONE', #708, #2875, #3387, .T. ) ;
#3909 = CIRCLE ( 'NONE', #787, 36.39999999999999147 ) ;
#3910 = PLANE ( 'NONE',  #480 ) ;
#3911 = CARTESIAN_POINT ( 'NONE',  ( -37.59961644612386777, -15.71094706236337402, 9.503753988191144586 ) ) ;
#3912 = ORIENTED_EDGE ( 'NONE', *, *, #614, .F. ) ;
#3913 = EDGE_CURVE ( 'NONE', #1947, #5332, #1556, .T. ) ;
#3914 = CARTESIAN_POINT ( 'NONE',  ( -2.309401076758501148, -38.00000000000000711, 14.94999999999999751 ) ) ;
#3915 = DIRECTION ( 'NONE',  ( -0.8660254037844384856, -0.5000000000000003331, 0.000000000000000000 ) ) ;
#3916 = CARTESIAN_POINT ( 'NONE',  ( 15.57035343282731432, 37.65805502769435265, 8.288353038719485255 ) ) ;
#3917 = CARTESIAN_POINT ( 'NONE',  ( 18.97554490085280321, 30.86830935673197729, 12.94999999999999751 ) ) ;
#3918 = CARTESIAN_POINT ( 'NONE',  ( 0.000000000000000000, 0.000000000000000000, 14.94999999999999751 ) ) ;
#3919 = B_SPLINE_CURVE_WITH_KNOTS ( 'NONE', 3,
 ( #4840, #3203, #4402, #4431, #4374, #2361, #3606, #662, #746, #1531 ),
 .UNSPECIFIED., .F., .F.,
 ( 4, 2, 2, 2, 4 ),
 ( 0.000000000000000000, 0.0004767083179968083055, 0.0009534166359936166110, 0.001430124953990424917, 0.001906833271987233222 ),
 .UNSPECIFIED. ) ;
#3920 = VERTEX_POINT ( 'NONE', #897 ) ;
#3921 = ORIENTED_EDGE ( 'NONE', *, *, #2772, .T. ) ;
#3922 = FACE_OUTER_BOUND ( 'NONE', #2042, .T. ) ;
#3923 = LINE ( 'NONE', #630, #2868 ) ;
#3924 = DIRECTION ( 'NONE',  ( 0.000000000000000000, 0.000000000000000000, 1.000000000000000000 ) ) ;
#3925 = DIRECTION ( 'NONE',  ( 0.000000000000000000, 0.000000000000000000, -1.000000000000000000 ) ) ;
#3926 = DIRECTION ( 'NONE',  ( -0.4999999999999973910, -0.8660254037844401509, 0.000000000000000000 ) ) ;
#3927 = VERTEX_POINT ( 'NONE', #4661 ) ;
#3928 = EDGE_CURVE ( 'NONE', #3290, #5070, #977, .T. ) ;
#3929 = ORIENTED_EDGE ( 'NONE', *, *, #899, .T. ) ;
#3930 = ORIENTED_EDGE ( 'NONE', *, *, #2984, .F. ) ;
#3931 = CARTESIAN_POINT ( 'NONE',  ( 1.250000000000005107, -38.00000000000000000, 8.949999999999999289 ) ) ;
#3932 = VERTEX_POINT ( 'NONE', #3018 ) ;
#3933 = CARTESIAN_POINT ( 'NONE',  ( 37.64809094983488791, -15.59434986887757901, 9.000000000000007105 ) ) ;
#3934 = LINE ( 'NONE', #4618, #580 ) ;
#3935 = ORIENTED_EDGE ( 'NONE', *, *, #4692, .T. ) ;
#3936 = DIRECTION ( 'NONE',  ( 1.000000000000000000, 0.000000000000000000, 0.000000000000000000 ) ) ;
#3937 = CARTESIAN_POINT ( 'NONE',  ( -31.02716382675097861, 24.03908494240070937, 12.94999999999999751 ) ) ;
#3938 = EDGE_CURVE ( 'NONE', #3902, #2508, #3432, .T. ) ;
#3939 = DIRECTION ( 'NONE',  ( -0.4999999999999974465, -0.8660254037844400399, 0.000000000000000000 ) ) ;
#3940 = CARTESIAN_POINT ( 'NONE',  ( -37.36110359693550009, -16.27206808117984949, 10.00000000000000711 ) ) ;
#3941 = EDGE_LOOP ( 'NONE', ( #105, #610 ) ) ;
#3942 = B_SPLINE_CURVE_WITH_KNOTS ( 'NONE', 3,
 ( #1265, #2889, #4113, #4921 ),
 .UNSPECIFIED., .F., .F.,
 ( 4, 4 ),
 ( 1.638984974443064108E-05, 0.0008792627380028711749 ),
 .UNSPECIFIED. ) ;
#3943 = CARTESIAN_POINT ( 'NONE',  ( -40.00000000000000000, 1.154700538379244579, 14.94999999999999751 ) ) ;
#3944 = EDGE_CURVE ( 'NONE', #739, #1490, #4607, .T. ) ;
#3945 = CARTESIAN_POINT ( 'NONE',  ( -17.92326866086902371, 32.67391261404596037, 14.94999999999999751 ) ) ;
#3946 = LINE ( 'NONE', #2587, #2657 ) ;
#3947 = CARTESIAN_POINT ( 'NONE',  ( 34.08280010835910190, 19.46600207473627719, 12.94999999999999751 ) ) ;
#3948 = LINE ( 'NONE', #2721, #3875 ) ;
#3949 = ORIENTED_EDGE ( 'NONE', *, *, #1927, .T. ) ;
#3950 = ORIENTED_EDGE ( 'NONE', *, *, #4244, .T. ) ;
#3951 = DIRECTION ( 'NONE',  ( 0.3928474791935537835, -0.5879378012096847517, -0.7071067811865415775 ) ) ;
#3952 = CARTESIAN_POINT ( 'NONE',  ( -37.79400051296438079, -15.23760268752112879, 7.750432469955920389 ) ) ;
#3953 = B_SPLINE_CURVE_WITH_KNOTS ( 'NONE', 3,
 ( #4651, #5091, #1369, #1814, #3473, #1135, #4761, #3529 ),
 .UNSPECIFIED., .F., .F.,
 ( 4, 2, 2, 4 ),
 ( 0.000000000000000000, 0.0003905635421267834276, 0.0007811270842535668552, 0.001562254168507135011 ),
 .UNSPECIFIED. ) ;
#3954 = DIRECTION ( 'NONE',  ( 1.000000000000000000, 0.000000000000000000, 0.000000000000000000 ) ) ;
#3955 = LINE ( 'NONE', #3434, #4721 ) ;
#3956 = ORIENTED_EDGE ( 'NONE', *, *, #980, .T. ) ;
#3957 = ADVANCED_FACE ( 'NONE', ( #1321 ), #3361, .F. ) ;
#3958 = ORIENTED_EDGE ( 'NONE', *, *, #5212, .T. ) ;
#3959 = LINE ( 'NONE', #3516, #286 ) ;
#3960 = DIRECTION ( 'NONE',  ( 0.000000000000000000, 0.000000000000000000, -1.000000000000000000 ) ) ;
#3961 = VECTOR ( 'NONE', #1084, 1000.000000000000000 ) ;
#3962 = EDGE_CURVE ( 'NONE', #3214, #2989, #1668, .T. ) ;
#3963 = B_SPLINE_CURVE_WITH_KNOTS ( 'NONE', 3,
 ( #4200, #1719, #902, #3392, #2998, #2973, #2570, #1326, #4809, #248 ),
 .UNSPECIFIED., .F., .F.,
 ( 4, 2, 2, 2, 4 ),
 ( 2.964296775167216948E-17, 0.0004742268218938691074, 0.0009484536437877085077, 0.001422680465681548179, 0.001896907287575387525 ),
 .UNSPECIFIED. ) ;
#3964 = EDGE_LOOP ( 'NONE', ( #851, #2794, #4517, #494 ) ) ;
#3965 = EDGE_CURVE ( 'NONE', #3214, #1121, #4632, .T. ) ;
#3966 = AXIS2_PLACEMENT_3D ( 'NONE', #173, #2250, #5034 ) ;
#3967 = CARTESIAN_POINT ( 'NONE',  ( -32.80958169672289415, 13.59017371457112588, 8.437164676610880321 ) ) ;
#3968 = ORIENTED_EDGE ( 'NONE', *, *, #973, .F. ) ;
#3969 = FACE_OUTER_BOUND ( 'NONE', #5021, .T. ) ;
#3970 = CIRCLE ( 'NONE', #4468, 3.250000000000020428 ) ;
#3971 = AXIS2_PLACEMENT_3D ( 'NONE', #5007, #145, #2631 ) ;
#3972 = CARTESIAN_POINT ( 'NONE',  ( -30.86830935673176057, 20.62554490085312509, 12.94999999999999751 ) ) ;
#3973 = CARTESIAN_POINT ( 'NONE',  ( 38.00000000000000000, 2.309401076758500704, 14.12988923928204343 ) ) ;
#3974 = EDGE_CURVE ( 'NONE', #4979, #377, #4671, .T. ) ;
#3975 = AXIS2_PLACEMENT_3D ( 'NONE', #62, #1392, #1309 ) ;
#3976 = AXIS2_PLACEMENT_3D ( 'NONE', #844, #2506, #2102 ) ;
#3977 = ORIENTED_EDGE ( 'NONE', *, *, #3329, .T. ) ;
#3978 = AXIS2_PLACEMENT_3D ( 'NONE', #2800, #5199, #5287 ) ;
#3979 = LINE ( 'NONE', #1057, #4055 ) ;
#3980 = CARTESIAN_POINT ( 'NONE',  ( -29.50000000000000000, 3.612708057484691604E-15, 12.94999999999999751 ) ) ;
#3981 = CARTESIAN_POINT ( 'NONE',  ( 15.94978186151235811, 37.49900624025755747, 9.799567530044084762 ) ) ;
#3982 = VERTEX_POINT ( 'NONE', #4973 ) ;
#3983 = SURFACE_STYLE_USAGE ( .BOTH. , #2203 ) ;
#3984 = FACE_BOUND ( 'NONE', #3336, .T. ) ;
#3985 = CARTESIAN_POINT ( 'NONE',  ( -20.62554490085236480, 30.86830935673225795, 10.00000000000000533 ) ) ;
#3986 = DIRECTION ( 'NONE',  ( -0.3928474791935555044, -0.5879378012096706518, 0.7071067811865524577 ) ) ;
#3987 = CARTESIAN_POINT ( 'NONE',  ( 13.29400375543442792, -31.84137174998377517, 9.444899586855139972 ) ) ;
#3988 = ORIENTED_EDGE ( 'NONE', *, *, #2597, .T. ) ;
#3989 = CYLINDRICAL_SURFACE ( 'NONE', #1342, 1.250000000000000444 ) ;
#3990 = ORIENTED_EDGE ( 'NONE', *, *, #3458, .F. ) ;
#3991 = VERTEX_POINT ( 'NONE', #3835 ) ;
#3992 = EDGE_CURVE ( 'NONE', #1115, #2913, #1765, .T. ) ;
#3993 = CARTESIAN_POINT ( 'NONE',  ( -37.25000000000000711, 0.000000000000000000, 14.94999999999999751 ) ) ;
#3994 = VERTEX_POINT ( 'NONE', #5072 ) ;
#3995 = CIRCLE ( 'NONE', #93, 39.25000000000000711 ) ;
#3996 = LINE ( 'NONE', #281, #3289 ) ;
#3997 = CIRCLE ( 'NONE', #2169, 3.250000000000037748 ) ;
#3998 = CARTESIAN_POINT ( 'NONE',  ( 0.000000000000000000, 0.000000000000000000, 10.00000000000000533 ) ) ;
#3999 = AXIS2_PLACEMENT_3D ( 'NONE', #1898, #5230, #983 ) ;
#4000 = CARTESIAN_POINT ( 'NONE',  ( 40.00000000000002132, 0.3849001794597519677, 12.19999999999999041 ) ) ;
#4001 = CARTESIAN_POINT ( 'NONE',  ( -22.27554490085280037, -30.86830935673197729, -16.95000000000000639 ) ) ;
#4002 = ORIENTED_EDGE ( 'NONE', *, *, #852, .F. ) ;
#4003 = ADVANCED_FACE ( 'NONE', ( #948 ), #935, .T. ) ;
#4004 = CARTESIAN_POINT ( 'NONE',  ( 19.46600207473615285, -34.08280010835917295, 12.94999999999999751 ) ) ;
#4005 = CIRCLE ( 'NONE', #2091, 1.250000000000007994 ) ;
#4006 = LINE ( 'NONE', #3158, #1429 ) ;
#4007 = CARTESIAN_POINT ( 'NONE',  ( -18.33900346702077400, -32.39612749753588616, 14.44999999999998330 ) ) ;
#4008 = CARTESIAN_POINT ( 'NONE',  ( 18.39917702450392056, -32.77755000132620467, 14.61187450479806849 ) ) ;
#4009 = DIRECTION ( 'NONE',  ( 1.000000000000000000, 0.000000000000000000, 0.000000000000000000 ) ) ;
#4010 = ORIENTED_EDGE ( 'NONE', *, *, #2119, .F. ) ;
#4011 = DIRECTION ( 'NONE',  ( -4.205390244792254507E-15, -1.000000000000000000, 0.000000000000000000 ) ) ;
#4012 = CARTESIAN_POINT ( 'NONE',  ( 29.06377632706303871, 23.31600222553088386, 14.93957834445147981 ) ) ;
#4013 = DIRECTION ( 'NONE',  ( -0.000000000000000000, -0.000000000000000000, 1.000000000000000000 ) ) ;
#4014 = CARTESIAN_POINT ( 'NONE',  ( -2.003227093208106879, 37.46969110453496654, 14.67705938545993583 ) ) ;
#4015 = FACE_OUTER_BOUND ( 'NONE', #4631, .T. ) ;
#4016 = ORIENTED_EDGE ( 'NONE', *, *, #3886, .F. ) ;
#4017 = ORIENTED_EDGE ( 'NONE', *, *, #3791, .F. ) ;
#4018 = VERTEX_POINT ( 'NONE', #1249 ) ;
#4019 = B_SPLINE_CURVE_WITH_KNOTS ( 'NONE', 3,
 ( #2093, #4491, #3732, #2523 ),
 .UNSPECIFIED., .F., .F.,
 ( 4, 4 ),
 ( 2.831913210146309697E-07, 0.002124322476976346109 ),
 .UNSPECIFIED. ) ;
#4020 = CARTESIAN_POINT ( 'NONE',  ( 0.000000000000000000, 0.000000000000000000, 14.94999999999999751 ) ) ;
#4021 = DIRECTION ( 'NONE',  ( -0.3826834323650838976, 0.9238795325112892920, -4.930380657631323236E-32 ) ) ;
#4022 = ORIENTED_EDGE ( 'NONE', *, *, #1526, .F. ) ;
#4023 = DIRECTION ( 'NONE',  ( -0.000000000000000000, -0.000000000000000000, 1.000000000000000000 ) ) ;
#4024 = ORIENTED_EDGE ( 'NONE', *, *, #2729, .F. ) ;
#4025 = DIRECTION ( 'NONE',  ( -1.000000000000000000, 0.000000000000000000, 0.000000000000000000 ) ) ;
#4026 = CARTESIAN_POINT ( 'NONE',  ( 23.31600222553097268, 29.06377632706298186, 14.93957834445146915 ) ) ;
#4027 = CARTESIAN_POINT ( 'NONE',  ( -2.309401076758501148, -38.00000000000000711, 14.94999999999999751 ) ) ;
#4028 = CARTESIAN_POINT ( 'NONE',  ( -1.154700538379243913, 40.00000000000001421, 8.949999999999999289 ) ) ;
#4029 = ORIENTED_EDGE ( 'NONE', *, *, #2543, .T. ) ;
#4030 = ORIENTED_EDGE ( 'NONE', *, *, #3317, .F. ) ;
#4031 = EDGE_CURVE ( 'NONE', #4210, #3869, #4264, .T. ) ;
#4032 = EDGE_CURVE ( 'NONE', #3146, #1838, #2937, .T. ) ;
#4033 = EDGE_CURVE ( 'NONE', #2155, #5220, #4556, .T. ) ;
#4034 = DIRECTION ( 'NONE',  ( -0.5000000000000022204, 0.8660254037844372643, 0.000000000000000000 ) ) ;
#4035 = CARTESIAN_POINT ( 'NONE',  ( 37.82845173523316618, -15.15271369167032667, 7.658631807636540501 ) ) ;
#4036 = DIRECTION ( 'NONE',  ( 0.000000000000000000, 0.000000000000000000, 1.000000000000000000 ) ) ;
#4037 = ORIENTED_EDGE ( 'NONE', *, *, #5047, .F. ) ;
#4038 = FACE_OUTER_BOUND ( 'NONE', #530, .T. ) ;
#4039 = CARTESIAN_POINT ( 'NONE',  ( -29.06270609941801197, 23.32782114083636671, 14.94999999999999751 ) ) ;
#4040 = CARTESIAN_POINT ( 'NONE',  ( -20.62554490085280179, -30.86830935673197729, -16.95000000000000639 ) ) ;
#4041 = EDGE_LOOP ( 'NONE', ( #3366, #5143, #2537, #2533, #5259, #4179, #2350, #2210, #1893, #2083, #4771, #3438, #1514, #4213, #28, #1325, #979, #5078, #3514, #2 ) ) ;
#4042 = CARTESIAN_POINT ( 'NONE',  ( -29.04855815588384971, 23.31831402705252287, 14.94999999999999751 ) ) ;
#4043 = ORIENTED_EDGE ( 'NONE', *, *, #2847, .F. ) ;
#4044 = ORIENTED_EDGE ( 'NONE', *, *, #1243, .F. ) ;
#4045 = DIRECTION ( 'NONE',  ( -0.000000000000000000, -0.000000000000000000, 1.000000000000000000 ) ) ;
#4046 = ORIENTED_EDGE ( 'NONE', *, *, #2303, .T. ) ;
#4047 = CARTESIAN_POINT ( 'NONE',  ( -1.249999999999996003, -38.00000000000000000, 7.549999999999999822 ) ) ;
#4048 = EDGE_LOOP ( 'NONE', ( #771, #4401, #280, #5178 ) ) ;
#4049 = PLANE ( 'NONE',  #4578 ) ;
#4050 = CARTESIAN_POINT ( 'NONE',  ( -30.86830935673176057, 20.62554490085312509, 14.94999999999999751 ) ) ;
#4051 = B_SPLINE_CURVE_WITH_KNOTS ( 'NONE', 3,
 ( #177, #3424, #2691, #1422, #2662, #2196, #228, #5059, #2612, #937 ),
 .UNSPECIFIED., .F., .F.,
 ( 4, 2, 2, 2, 4 ),
 ( 2.964296775167216948E-17, 0.0004742268218938656922, 0.0009484536437877016772, 0.001422680465681537771, 0.001896907287575381020 ),
 .UNSPECIFIED. ) ;
#4052 = VECTOR ( 'NONE', #2377, 999.9999999999998863 ) ;
#4053 = LINE ( 'NONE', #5263, #158 ) ;
#4054 = CARTESIAN_POINT ( 'NONE',  ( 20.62554490085257797, -30.86830935673211584, 12.94999999999999751 ) ) ;
#4055 = VECTOR ( 'NONE', #3218, 1000.000000000000114 ) ;
#4056 = AXIS2_PLACEMENT_3D ( 'NONE', #18, #3402, #1732 ) ;
#4057 = ADVANCED_FACE ( 'NONE', ( #4171 ), #2560, .F. ) ;
#4058 = DIRECTION ( 'NONE',  ( -0.000000000000000000, -0.000000000000000000, -1.000000000000000000 ) ) ;
#4059 = AXIS2_PLACEMENT_3D ( 'NONE', #2880, #4518, #2070 ) ;
#4060 = CARTESIAN_POINT ( 'NONE',  ( -30.86830935673176057, 20.62554490085312509, 14.44999999999998330 ) ) ;
#4061 = CARTESIAN_POINT ( 'NONE',  ( -20.62554490085234704, 32.51830935673226008, 10.00000000000000533 ) ) ;
#4062 = ORIENTED_EDGE ( 'NONE', *, *, #71, .F. ) ;
#4063 = VECTOR ( 'NONE', #2856, 1000.000000000000000 ) ;
#4064 = CARTESIAN_POINT ( 'NONE',  ( -32.39612749753568721, 18.33900346702111150, 12.94999999999999751 ) ) ;
#4065 = PLANE ( 'NONE',  #64 ) ;
#4066 = CARTESIAN_POINT ( 'NONE',  ( -17.93626037356174407, -32.66523182915476298, 14.93437499999998330 ) ) ;
#4067 = ORIENTED_EDGE ( 'NONE', *, *, #1582, .F. ) ;
#4068 = DIRECTION ( 'NONE',  ( -1.000000000000000000, 0.000000000000000000, 0.000000000000000000 ) ) ;
#4069 = EDGE_CURVE ( 'NONE', #4514, #1197, #1740, .T. ) ;
#4070 = VERTEX_POINT ( 'NONE', #4369 ) ;
#4071 = ORIENTED_EDGE ( 'NONE', *, *, #2725, .T. ) ;
#4072 = EDGE_CURVE ( 'NONE', #3257, #1054, #3396, .T. ) ;
#4073 = CARTESIAN_POINT ( 'NONE',  ( -32.39612749753568721, 18.33900346702111150, 12.94999999999999751 ) ) ;
#4074 = PRODUCT_DEFINITION_SHAPE ( 'NONE', 'NONE',  #4364 ) ;
#4075 = ORIENTED_EDGE ( 'NONE', *, *, #1873, .T. ) ;
#4076 = ORIENTED_EDGE ( 'NONE', *, *, #3490, .F. ) ;
#4077 = CARTESIAN_POINT ( 'NONE',  ( -24.87441745505753232, -32.27732727893576481, 14.44999999999998330 ) ) ;
#4078 = DIRECTION ( 'NONE',  ( 3.004629197474326346E-15, -1.000000000000000000, 0.000000000000000000 ) ) ;
#4079 = CARTESIAN_POINT ( 'NONE',  ( 32.28958966126944574, -13.37478596116003615, 8.999999999999987566 ) ) ;
#4080 = AXIS2_PLACEMENT_3D ( 'NONE', #131, #5022, #4239 ) ;
#4081 = ADVANCED_FACE ( 'NONE', ( #3984, #3574 ), #1405, .T. ) ;
#4082 = AXIS2_PLACEMENT_3D ( 'NONE', #5080, #1357, #4667 ) ;
#4083 = DIRECTION ( 'NONE',  ( -0.8314696123025463459, -0.5555702330196005123, -0.000000000000000000 ) ) ;
#4084 = CARTESIAN_POINT ( 'NONE',  ( 38.66956439447387339, 1.922827893369223107, 13.48500815085153093 ) ) ;
#4085 = FACE_OUTER_BOUND ( 'NONE', #1228, .T. ) ;
#4086 = EDGE_CURVE ( 'NONE', #3617, #2368, #3923, .T. ) ;
#4087 = VECTOR ( 'NONE', #2859, 1000.000000000000114 ) ;
#4088 = FACE_OUTER_BOUND ( 'NONE', #3274, .T. ) ;
#4089 = VERTEX_POINT ( 'NONE', #1798 ) ;
#4090 = CARTESIAN_POINT ( 'NONE',  ( 1.922827893369225105, 38.66956439447387339, 13.48500815085152738 ) ) ;
#4091 = CYLINDRICAL_SURFACE ( 'NONE', #3622, 0.9999999999999996669 ) ;
#4092 = ORIENTED_EDGE ( 'NONE', *, *, #5107, .F. ) ;
#4093 = EDGE_LOOP ( 'NONE', ( #4725, #2201, #267, #2492, #3770 ) ) ;
#4094 = EDGE_LOOP ( 'NONE', ( #4669, #3359, #454, #926, #1423 ) ) ;
#4095 = CARTESIAN_POINT ( 'NONE',  ( 30.86830935673190623, -20.62554490085290837, 12.94999999999999751 ) ) ;
#4096 = ORIENTED_EDGE ( 'NONE', *, *, #1285, .T. ) ;
#4097 = EDGE_CURVE ( 'NONE', #3202, #2391, #4345, .T. ) ;
#4098 = EDGE_CURVE ( 'NONE', #2728, #4538, #3071, .T. ) ;
#4099 = ADVANCED_FACE ( 'NONE', ( #2674 ), #970, .F. ) ;
#4100 = ORIENTED_EDGE ( 'NONE', *, *, #320, .T. ) ;
#4101 = CARTESIAN_POINT ( 'NONE',  ( -13.54699350572421856, -32.70533545089957528, 8.549999999999974065 ) ) ;
#4102 = CARTESIAN_POINT ( 'NONE',  ( 32.67391261404576142, 17.92326866086938253, 14.94999999999999751 ) ) ;
#4103 = DIRECTION ( 'NONE',  ( -0.8660254037844384856, -0.5000000000000003331, 0.000000000000000000 ) ) ;
#4104 = ORIENTED_EDGE ( 'NONE', *, *, #2100, .T. ) ;
#4105 = CARTESIAN_POINT ( 'NONE',  ( 33.66602064729967481, 19.18751894213284714, 13.45002456809160662 ) ) ;
#4106 = DIRECTION ( 'NONE',  ( -1.000000000000000000, 0.000000000000000000, 0.000000000000000000 ) ) ;
#4107 = DIRECTION ( 'NONE',  ( 0.5000000000000028866, -0.8660254037844369313, 0.000000000000000000 ) ) ;
#4108 = EDGE_CURVE ( 'NONE', #3236, #1913, #4942, .T. ) ;
#4109 = DIRECTION ( 'NONE',  ( 1.000000000000000000, 0.000000000000000000, 0.000000000000000000 ) ) ;
#4110 = CARTESIAN_POINT ( 'NONE',  ( -1.150137969125174318E-14, 4.764027454118970847E-15, 8.549999999999997158 ) ) ;
#4111 = ORIENTED_EDGE ( 'NONE', *, *, #4032, .T. ) ;
#4112 = EDGE_CURVE ( 'NONE', #429, #3786, #269, .T. ) ;
#4113 = CARTESIAN_POINT ( 'NONE',  ( -18.39917702450369674, 32.77755000132635388, 14.61187450479805250 ) ) ;
#4114 = DIRECTION ( 'NONE',  ( 0.000000000000000000, 0.000000000000000000, -1.000000000000000000 ) ) ;
#4115 = FACE_OUTER_BOUND ( 'NONE', #2359, .T. ) ;
#4116 = ORIENTED_EDGE ( 'NONE', *, *, #2725, .F. ) ;
#4117 = VERTEX_POINT ( 'NONE', #2758 ) ;
#4118 = ORIENTED_EDGE ( 'NONE', *, *, #637, .T. ) ;
#4119 = CARTESIAN_POINT ( 'NONE',  ( 1.154700538379238139, 40.00000000000002132, 14.94999999999999751 ) ) ;
#4120 = ORIENTED_EDGE ( 'NONE', *, *, #126, .T. ) ;
#4121 = ADVANCED_FACE ( 'NONE', ( #599 ), #1853, .F. ) ;
#4122 = ORIENTED_EDGE ( 'NONE', *, *, #457, .T. ) ;
#4123 = LINE ( 'NONE', #381, #437 ) ;
#4124 = CARTESIAN_POINT ( 'NONE',  ( 40.00000000000002132, 4.899008328788628555E-15, 12.19999999999998863 ) ) ;
#4125 = DIRECTION ( 'NONE',  ( -0.000000000000000000, -0.000000000000000000, 1.000000000000000000 ) ) ;
#4126 = DIRECTION ( 'NONE',  ( 1.000000000000000000, 0.000000000000000000, 0.000000000000000000 ) ) ;
#4127 = B_SPLINE_CURVE_WITH_KNOTS ( 'NONE', 3,
 ( #4066, #1971, #2792, #2003 ),
 .UNSPECIFIED., .F., .F.,
 ( 4, 4 ),
 ( 4.553420981030649971E-05, 7.341664619479590424E-05 ),
 .UNSPECIFIED. ) ;
#4128 = EDGE_CURVE ( 'NONE', #2391, #2652, #3997, .T. ) ;
#4129 = ORIENTED_EDGE ( 'NONE', *, *, #862, .F. ) ;
#4130 = FACE_OUTER_BOUND ( 'NONE', #3611, .T. ) ;
#4131 = CARTESIAN_POINT ( 'NONE',  ( 29.77676431430559134, -23.20359469931965180, 14.45000000000003304 ) ) ;
#4132 = CLOSED_SHELL ( 'NONE', ( #4003, #1388, #2324, #322, #2872, #3805, #4874, #5232, #2124, #2103, #2338, #3702, #4258, #1166, #1754, #1847, #1075, #1573, #5331, #1809, #4081, #3323, #4702, #769, #4057, #2732, #4262, #3850, #3095, #4901, #3451, #4309, #4884, #3165, #2189, #3056, #3120, #1831, #2836, #673, #3244, #863, #3897, #5239, #2397, #3215, #3243, #1012, #4493, #3544, #2231, #2450, #3348, #681, #1960, #873, #221, #887, #4099, #5027, #5131, #1631, #3190, #118, #1992, #1062, #1746, #2768, #4683, #4799, #957, #115, #120, #2740, #2531, #4355, #2529, #2019, #1687, #444, #4733, #1589, #2561, #2036, #4773, #1830, #734, #1281, #3225, #766, #2383, #2959, #1634, #620, #298, #1043, #524, #1349, #57, #3131, #4188, #4630, #1050, #3481, #2256, #4440, #1101, #3843, #4634, #1574, #3640, #1792, #2406, #4807, #2392, #4153, #351, #698, #4342, #266, #2557, #51, #817, #1353, #5023, #3551, #3294, #3957, #355, #1860, #4234, #4842, #2198, #3673, #2427, #3906, #4487, #1905, #3500, #5039, #4911, #1640, #4121, #98, #2263, #2459, #106, #3637, #5317, #500, #2949, #1015, #1801, #3725 ) ) ;
#4133 = VECTOR ( 'NONE', #1501, 999.9999999999998863 ) ;
#4134 = EDGE_CURVE ( 'NONE', #2966, #2302, #4412, .T. ) ;
#4135 = CARTESIAN_POINT ( 'NONE',  ( 13.63614153255032058, 31.13549593190752063, 9.959616674867154629 ) ) ;
#4136 = CARTESIAN_POINT ( 'NONE',  ( 0.000000000000000000, 38.00000000000000000, 8.949999999999999289 ) ) ;
#4137 = AXIS2_PLACEMENT_3D ( 'NONE', #243, #5128, #5189 ) ;
#4138 = DIRECTION ( 'NONE',  ( -1.000000000000000000, 0.000000000000000000, -0.000000000000000000 ) ) ;
#4139 = CIRCLE ( 'NONE', #2409, 33.94999999999999574 ) ;
#4140 = CARTESIAN_POINT ( 'NONE',  ( 31.00000000000000000, 4.127059713126579699E-15, 12.94999999999999929 ) ) ;
#4141 = AXIS2_PLACEMENT_3D ( 'NONE', #155, #3066, #624 ) ;
#4142 = VECTOR ( 'NONE', #476, 1000.000000000000000 ) ;
#4143 = DIRECTION ( 'NONE',  ( 0.000000000000000000, 0.000000000000000000, -1.000000000000000000 ) ) ;
#4144 = CARTESIAN_POINT ( 'NONE',  ( 20.62554490085257797, -30.86830935673211584, 14.44999999999998508 ) ) ;
#4145 = ORIENTED_EDGE ( 'NONE', *, *, #558, .F. ) ;
#4146 = ORIENTED_EDGE ( 'NONE', *, *, #3734, .T. ) ;
#4147 = VECTOR ( 'NONE', #3849, 1000.000000000000114 ) ;
#4148 = ORIENTED_EDGE ( 'NONE', *, *, #2041, .T. ) ;
#4149 = DIRECTION ( 'NONE',  ( 0.000000000000000000, 0.000000000000000000, 1.000000000000000000 ) ) ;
#4150 = LINE ( 'NONE', #29, #3299 ) ;
#4151 = B_SPLINE_CURVE_WITH_KNOTS ( 'NONE', 3,
 ( #3831, #128, #1761, #996, #2670, #5067, #1346, #966, #1794, #2264 ),
 .UNSPECIFIED., .F., .F.,
 ( 4, 2, 2, 2, 4 ),
 ( 0.000000000000000000, 0.0004748138856680182902, 0.0009496277713360365804, 0.001424441657004053190, 0.001899255542672070125 ),
 .UNSPECIFIED. ) ;
#4152 = VERTEX_POINT ( 'NONE', #1064 ) ;
#4153 = ADVANCED_FACE ( 'NONE', ( #1435, #690, #161 ), #4744, .T. ) ;
#4154 = VERTEX_POINT ( 'NONE', #1033 ) ;
#4155 = ORIENTED_EDGE ( 'NONE', *, *, #1977, .F. ) ;
#4156 = CARTESIAN_POINT ( 'NONE',  ( -18.90902273613853524, -33.24922162052790497, 13.95002554812837836 ) ) ;
#4157 = ORIENTED_EDGE ( 'NONE', *, *, #1980, .F. ) ;
#4158 = DIRECTION ( 'NONE',  ( 1.000000000000000000, 0.000000000000000000, 0.000000000000000000 ) ) ;
#4159 = CARTESIAN_POINT ( 'NONE',  ( 14.02461723431113860, -6.891578865835724876, 8.549999999999998934 ) ) ;
#4160 = EDGE_CURVE ( 'NONE', #619, #1426, #3045, .T. ) ;
#4161 = VECTOR ( 'NONE', #4844, 1000.000000000000000 ) ;
#4162 = CARTESIAN_POINT ( 'NONE',  ( -15.59434986887692709, 37.64809094983516502, 8.550000000000000711 ) ) ;
#4163 = CYLINDRICAL_SURFACE ( 'NONE', #4056, 1.650000000000002132 ) ;
#4164 = CIRCLE ( 'NONE', #2606, 37.25000000000000711 ) ;
#4165 = CARTESIAN_POINT ( 'NONE',  ( -39.33606691978557990, -1.538022480964944538, 12.83593247474964194 ) ) ;
#4166 = LINE ( 'NONE', #1681, #2138 ) ;
#4167 = CIRCLE ( 'NONE', #3033, 39.25000000000000711 ) ;
#4168 = VERTEX_POINT ( 'NONE', #2239 ) ;
#4169 = ORIENTED_EDGE ( 'NONE', *, *, #4291, .F. ) ;
#4170 = ORIENTED_EDGE ( 'NONE', *, *, #4566, .F. ) ;
#4171 = FACE_OUTER_BOUND ( 'NONE', #1175, .T. ) ;
#4172 = VECTOR ( 'NONE', #55, 1000.000000000000000 ) ;
#4173 = EDGE_LOOP ( 'NONE', ( #1351, #291, #4037 ) ) ;
#4174 = ORIENTED_EDGE ( 'NONE', *, *, #3159, .T. ) ;
#4175 = ORIENTED_EDGE ( 'NONE', *, *, #2633, .T. ) ;
#4176 = DIRECTION ( 'NONE',  ( 0.000000000000000000, 0.000000000000000000, -1.000000000000000000 ) ) ;
#4177 = CARTESIAN_POINT ( 'NONE',  ( 40.00000000000002132, -1.154700538379235697, 14.94999999999999751 ) ) ;
#4178 = EDGE_CURVE ( 'NONE', #2508, #5208, #3893, .T. ) ;
#4179 = ORIENTED_EDGE ( 'NONE', *, *, #1741, .T. ) ;
#4180 = DIRECTION ( 'NONE',  ( 0.000000000000000000, 0.000000000000000000, 1.000000000000000000 ) ) ;
#4181 = CARTESIAN_POINT ( 'NONE',  ( 18.33900346702055728, -32.39612749753600696, 12.94999999999999751 ) ) ;
#4182 = LINE ( 'NONE', #1943, #939 ) ;
#4183 = FACE_OUTER_BOUND ( 'NONE', #3391, .T. ) ;
#4184 = CARTESIAN_POINT ( 'NONE',  ( 14.66577412700093674, -38.01943672985949974, 7.550000000000000711 ) ) ;
#4185 = EDGE_CURVE ( 'NONE', #3994, #3506, #1466, .T. ) ;
#4186 = PLANE ( 'NONE',  #5105 ) ;
#4187 = EDGE_CURVE ( 'NONE', #4357, #1384, #4472, .T. ) ;
#4188 = ADVANCED_FACE ( 'NONE', ( #4835 ), #2883, .F. ) ;
#4189 = PLANE ( 'NONE',  #3713 ) ;
#4190 = VERTEX_POINT ( 'NONE', #436 ) ;
#4191 = ORIENTED_EDGE ( 'NONE', *, *, #4408, .T. ) ;
#4192 = EDGE_LOOP ( 'NONE', ( #2988, #638, #3697, #4067 ) ) ;
#4193 = DIRECTION ( 'NONE',  ( -1.000000000000000000, 0.000000000000000000, 0.000000000000000000 ) ) ;
#4194 = CARTESIAN_POINT ( 'NONE',  ( 40.00000000000002132, 4.899008328788628555E-15, 12.19999999999998863 ) ) ;
#4195 = ORIENTED_EDGE ( 'NONE', *, *, #2175, .F. ) ;
#4196 = B_SPLINE_CURVE_WITH_KNOTS ( 'NONE', 3,
 ( #172, #1389, #1282, #3003 ),
 .UNSPECIFIED., .F., .F.,
 ( 4, 4 ),
 ( 1.084442044199085387E-05, 0.0008737173096877580598 ),
 .UNSPECIFIED. ) ;
#4197 = ORIENTED_EDGE ( 'NONE', *, *, #4743, .T. ) ;
#4198 = CARTESIAN_POINT ( 'NONE',  ( 23.27853290582591939, -29.30692352854628524, 14.77333839633719137 ) ) ;
#4199 = ORIENTED_EDGE ( 'NONE', *, *, #1759, .T. ) ;
#4200 = CARTESIAN_POINT ( 'NONE',  ( -32.28958966126934627, 13.37478596116026175, 8.999999999999987566 ) ) ;
#4201 = CARTESIAN_POINT ( 'NONE',  ( 29.34049121592813947, 22.91208633468467326, 12.94999999999999751 ) ) ;
#4202 = CARTESIAN_POINT ( 'NONE',  ( 37.26540751746980362, -16.51822940138887219, 10.00000000000000533 ) ) ;
#4203 = DIRECTION ( 'NONE',  ( 0.3826834323650908920, 0.9238795325112862944, 0.000000000000000000 ) ) ;
#4204 = CARTESIAN_POINT ( 'NONE',  ( 32.51830935673203982, 20.62554490085268810, -16.95000000000000639 ) ) ;
#4205 = CARTESIAN_POINT ( 'NONE',  ( 37.73500388115511583, -2.156405496209202077, 14.40367832122294800 ) ) ;
#4206 = CARTESIAN_POINT ( 'NONE',  ( 40.75000000000000000, 0.000000000000000000, 16.54499999999999815 ) ) ;
#4207 = AXIS2_PLACEMENT_3D ( 'NONE', #1146, #3167, #2385 ) ;
#4208 = FACE_OUTER_BOUND ( 'NONE', #2056, .T. ) ;
#4209 = VECTOR ( 'NONE', #94, 1000.000000000000000 ) ;
#4210 = VERTEX_POINT ( 'NONE', #2932 ) ;
#4211 = ORIENTED_EDGE ( 'NONE', *, *, #3458, .T. ) ;
#4212 = EDGE_CURVE ( 'NONE', #3, #1115, #1912, .T. ) ;
#4213 = ORIENTED_EDGE ( 'NONE', *, *, #3050, .T. ) ;
#4214 = CARTESIAN_POINT ( 'NONE',  ( 38.00000000000000000, 2.309401076758500260, 14.94999999999999751 ) ) ;
#4215 = VECTOR ( 'NONE', #1890, 1000.000000000000000 ) ;
#4216 = EDGE_CURVE ( 'NONE', #377, #3982, #4182, .T. ) ;
#4217 = VECTOR ( 'NONE', #3428, 1000.000000000000114 ) ;
#4218 = AXIS2_PLACEMENT_3D ( 'NONE', #818, #2407, #3762 ) ;
#4219 = VERTEX_POINT ( 'NONE', #3375 ) ;
#4220 = EDGE_CURVE ( 'NONE', #52, #4932, #5245, .T. ) ;
#4221 = ORIENTED_EDGE ( 'NONE', *, *, #312, .T. ) ;
#4222 = DIRECTION ( 'NONE',  ( -0.3826834323650909475, -0.9238795325112864054, 0.000000000000000000 ) ) ;
#4223 = VECTOR ( 'NONE', #4103, 1000.000000000000114 ) ;
#4224 = VECTOR ( 'NONE', #1200, 1000.000000000000000 ) ;
#4225 = VERTEX_POINT ( 'NONE', #3696 ) ;
#4226 = DIRECTION ( 'NONE',  ( 0.000000000000000000, 0.000000000000000000, 1.000000000000000000 ) ) ;
#4227 = DIRECTION ( 'NONE',  ( -0.5555702330195975147, 0.8314696123025483443, 0.000000000000000000 ) ) ;
#4228 = DIRECTION ( 'NONE',  ( -0.9238795325112865164, 0.3826834323650902259, 0.000000000000000000 ) ) ;
#4229 =( NAMED_UNIT ( * ) SI_UNIT ( $, .STERADIAN. ) SOLID_ANGLE_UNIT ( ) );
#4230 = CYLINDRICAL_SURFACE ( 'NONE', #2659, 2.749999999999999112 ) ;
#4231 = CARTESIAN_POINT ( 'NONE',  ( 37.26540751746991020, 16.51822940138860929, 10.00000000000000533 ) ) ;
#4232 = DIRECTION ( 'NONE',  ( 0.000000000000000000, 0.000000000000000000, 1.000000000000000000 ) ) ;
#4233 = CARTESIAN_POINT ( 'NONE',  ( 36.39999999999999147, 4.457714348896365073E-15, 7.549999999999999822 ) ) ;
#4234 = ADVANCED_FACE ( 'NONE', ( #4957 ), #4931, .F. ) ;
#4235 = ORIENTED_EDGE ( 'NONE', *, *, #1314, .T. ) ;
#4236 = AXIS2_PLACEMENT_3D ( 'NONE', #2894, #5328, #3285 ) ;
#4237 = ORIENTED_EDGE ( 'NONE', *, *, #4974, .T. ) ;
#4238 = DIRECTION ( 'NONE',  ( -0.5555702330196036209, -0.8314696123025442365, 0.000000000000000000 ) ) ;
#4239 = DIRECTION ( 'NONE',  ( -1.000000000000000000, 0.000000000000000000, 0.000000000000000000 ) ) ;
#4240 = VERTEX_POINT ( 'NONE', #2970 ) ;
#4241 = VECTOR ( 'NONE', #4397, 1000.000000000000000 ) ;
#4242 = ORIENTED_EDGE ( 'NONE', *, *, #2541, .F. ) ;
#4243 = CARTESIAN_POINT ( 'NONE',  ( 37.20403934988942041, -1.849852981152815934, 14.94999999999999751 ) ) ;
#4244 = EDGE_CURVE ( 'NONE', #4770, #377, #3123, .T. ) ;
#4245 = ORIENTED_EDGE ( 'NONE', *, *, #4853, .T. ) ;
#4246 = FACE_OUTER_BOUND ( 'NONE', #1026, .T. ) ;
#4247 = VECTOR ( 'NONE', #5035, 1000.000000000000114 ) ;
#4248 = CARTESIAN_POINT ( 'NONE',  ( 13.15100008829820588, -33.94167268997056652, 7.549999999999998934 ) ) ;
#4249 = EDGE_CURVE ( 'NONE', #5151, #2381, #4164, .T. ) ;
#4250 = VERTEX_POINT ( 'NONE', #3839 ) ;
#4251 = EDGE_CURVE ( 'NONE', #3186, #171, #526, .T. ) ;
#4252 = VECTOR ( 'NONE', #2292, 1000.000000000000000 ) ;
#4253 = DIRECTION ( 'NONE',  ( 1.000000000000000000, 3.004629197474325162E-15, -0.000000000000000000 ) ) ;
#4254 = CARTESIAN_POINT ( 'NONE',  ( -33.99920536741750965, 13.00053977280051321, 7.549999999999999822 ) ) ;
#4255 = DIRECTION ( 'NONE',  ( -0.000000000000000000, -0.000000000000000000, 1.000000000000000000 ) ) ;
#4256 = DIRECTION ( 'NONE',  ( 0.8314696123025434593, -0.5555702330196049532, 0.000000000000000000 ) ) ;
#4257 = PLANE ( 'NONE',  #1436 ) ;
#4258 = ADVANCED_FACE ( 'NONE', ( #1323 ), #3110, .F. ) ;
#4259 = CARTESIAN_POINT ( 'NONE',  ( 36.00000000000000000, 1.154700538379239028, 8.949999999999999289 ) ) ;
#4260 = CARTESIAN_POINT ( 'NONE',  ( -13.76283393885841910, 31.03567385083644226, 10.00000000000000533 ) ) ;
#4261 = ORIENTED_EDGE ( 'NONE', *, *, #19, .T. ) ;
#4262 = ADVANCED_FACE ( 'NONE', ( #3817 ), #3435, .F. ) ;
#4263 = VERTEX_POINT ( 'NONE', #3513 ) ;
#4264 = LINE ( 'NONE', #544, #2689 ) ;
#4265 = CARTESIAN_POINT ( 'NONE',  ( 30.86830935673190623, -20.62554490085290837, 12.94999999999999751 ) ) ;
#4266 = CARTESIAN_POINT ( 'NONE',  ( 30.86830935673204479, 20.62554490085268810, 12.94999999999999751 ) ) ;
#4267 = ORIENTED_EDGE ( 'NONE', *, *, #1600, .F. ) ;
#4268 = DIRECTION ( 'NONE',  ( -0.000000000000000000, -0.000000000000000000, 1.000000000000000000 ) ) ;
#4269 = EDGE_LOOP ( 'NONE', ( #1011, #4237, #1090, #701 ) ) ;
#4270 = ORIENTED_EDGE ( 'NONE', *, *, #3369, .F. ) ;
#4271 = CARTESIAN_POINT ( 'NONE',  ( 32.77755000132599150, -18.39917702450425807, 14.61187450479808803 ) ) ;
#4272 = ADVANCED_BREP_SHAPE_REPRESENTATION ( 'gearbox_top', ( #5223, #528 ), #25 ) ;
#4273 = ORIENTED_EDGE ( 'NONE', *, *, #2422, .F. ) ;
#4274 = EDGE_CURVE ( 'NONE', #1214, #2343, #5158, .T. ) ;
#4275 = DIRECTION ( 'NONE',  ( 1.047444401652940007E-14, 1.000000000000000000, 0.000000000000000000 ) ) ;
#4276 = PLANE ( 'NONE',  #1525 ) ;
#4277 = CARTESIAN_POINT ( 'NONE',  ( -17.93626037356126446, 32.66523182915502588, 14.93437499999998330 ) ) ;
#4278 = CARTESIAN_POINT ( 'NONE',  ( 20.62554490085257797, -30.86830935673211584, 10.00000000000000533 ) ) ;
#4279 = CARTESIAN_POINT ( 'NONE',  ( 0.000000000000000000, 0.000000000000000000, 10.00000000000000533 ) ) ;
#4280 = EDGE_CURVE ( 'NONE', #542, #2903, #3739, .T. ) ;
#4281 = FACE_OUTER_BOUND ( 'NONE', #3511, .T. ) ;
#4282 = LINE ( 'NONE', #1961, #478 ) ;
#4283 = DIRECTION ( 'NONE',  ( 1.000000000000000000, 0.000000000000000000, 0.000000000000000000 ) ) ;
#4284 = VERTEX_POINT ( 'NONE', #2208 ) ;
#4285 = ORIENTED_EDGE ( 'NONE', *, *, #460, .F. ) ;
#4286 = DIRECTION ( 'NONE',  ( 0.000000000000000000, 0.000000000000000000, 1.000000000000000000 ) ) ;
#4287 = B_SPLINE_CURVE_WITH_KNOTS ( 'NONE', 3,
 ( #538, #3828, #2284, #3911, #123, #3498, #3940, #4706 ),
 .UNSPECIFIED., .F., .F.,
 ( 4, 2, 2, 4 ),
 ( 0.000000000000000000, 0.0003905635421267881981, 0.0007811270842535745530, 0.001562254168507137614 ),
 .UNSPECIFIED. ) ;
#4288 = AXIS2_PLACEMENT_3D ( 'NONE', #2817, #3986, #4837 ) ;
#4289 = CYLINDRICAL_SURFACE ( 'NONE', #5062, 1.250000000000007994 ) ;
#4290 = CARTESIAN_POINT ( 'NONE',  ( 36.75000000000000000, 2.326828918379970970E-15, 14.94999999999999751 ) ) ;
#4291 = EDGE_CURVE ( 'NONE', #2090, #2546, #278, .T. ) ;
#4292 = ORIENTED_EDGE ( 'NONE', *, *, #2983, .F. ) ;
#4293 = CARTESIAN_POINT ( 'NONE',  ( -1.154700538379233477, -40.00000000000002132, 14.94999999999999751 ) ) ;
#4294 = EDGE_LOOP ( 'NONE', ( #4900, #869, #3024, #543 ) ) ;
#4295 = CIRCLE ( 'NONE', #4546, 1.649999999999998579 ) ;
#4296 = CARTESIAN_POINT ( 'NONE',  ( 0.000000000000000000, 0.000000000000000000, 14.94999999999999751 ) ) ;
#4297 = PRODUCT_RELATED_PRODUCT_CATEGORY ( 'part', '', ( #4353 ) ) ;
#4298 = ORIENTED_EDGE ( 'NONE', *, *, #1223, .T. ) ;
#4299 = VECTOR ( 'NONE', #1244, 1000.000000000000000 ) ;
#4300 = EDGE_CURVE ( 'NONE', #4895, #4152, #1813, .T. ) ;
#4301 = VECTOR ( 'NONE', #5137, 1000.000000000000000 ) ;
#4302 = CARTESIAN_POINT ( 'NONE',  ( 37.64809094983488791, -15.59434986887757901, 8.549999999999997158 ) ) ;
#4303 = CARTESIAN_POINT ( 'NONE',  ( -20.62554490085280179, -30.86830935673197729, 14.44999999999998330 ) ) ;
#4304 = AXIS2_PLACEMENT_3D ( 'NONE', #3125, #203, #3063 ) ;
#4305 = CARTESIAN_POINT ( 'NONE',  ( 40.00000000000001421, 1.154700538379246577, 12.18333680410954400 ) ) ;
#4306 = CARTESIAN_POINT ( 'NONE',  ( 22.91208633468457023, -29.34049121592822118, 12.94999999999999751 ) ) ;
#4307 = ORIENTED_EDGE ( 'NONE', *, *, #557, .F. ) ;
#4308 = CARTESIAN_POINT ( 'NONE',  ( 1.150137969125174318E-14, -4.764027454118970847E-15, 8.549999999999997158 ) ) ;
#4309 = ADVANCED_FACE ( 'NONE', ( #5129 ), #569, .F. ) ;
#4310 = DIRECTION ( 'NONE',  ( -1.000000000000000000, 0.000000000000000000, 0.000000000000000000 ) ) ;
#4311 = CARTESIAN_POINT ( 'NONE',  ( -32.65971500261502314, -17.91383588034576135, 14.94999999999999751 ) ) ;
#4312 = DIRECTION ( 'NONE',  ( -0.000000000000000000, -0.000000000000000000, -1.000000000000000000 ) ) ;
#4313 = DIRECTION ( 'NONE',  ( -0.9238795325112878487, -0.3826834323650871172, 4.930380657631322689E-32 ) ) ;
#4314 = ORIENTED_EDGE ( 'NONE', *, *, #2633, .F. ) ;
#4315 = ORIENTED_EDGE ( 'NONE', *, *, #709, .T. ) ;
#4316 = CARTESIAN_POINT ( 'NONE',  ( 31.02716382675114559, -24.03908494240049265, 12.94999999999999751 ) ) ;
#4317 = DIRECTION ( 'NONE',  ( -0.8314696123025463459, -0.5555702330196005123, -0.000000000000000000 ) ) ;
#4318 = DIRECTION ( 'NONE',  ( -0.000000000000000000, -0.000000000000000000, -1.000000000000000000 ) ) ;
#4319 = DIRECTION ( 'NONE',  ( -4.205390244792254507E-15, -1.000000000000000000, 0.000000000000000000 ) ) ;
#4320 = CONICAL_SURFACE ( 'NONE', #3023, 37.25000000000000711, 0.7853981633974488341 ) ;
#4321 = EDGE_LOOP ( 'NONE', ( #1362, #1611, #3333, #2431 ) ) ;
#4322 = VERTEX_POINT ( 'NONE', #76 ) ;
#4323 = DIRECTION ( 'NONE',  ( -0.000000000000000000, -0.000000000000000000, -1.000000000000000000 ) ) ;
#4324 = EDGE_CURVE ( 'NONE', #3765, #3832, #3382, .T. ) ;
#4325 = AXIS2_PLACEMENT_3D ( 'NONE', #3918, #4545, #2814 ) ;
#4326 = ORIENTED_EDGE ( 'NONE', *, *, #97, .T. ) ;
#4327 = CARTESIAN_POINT ( 'NONE',  ( 37.36110359693550009, 16.27206808117984949, 10.00000000000000711 ) ) ;
#4328 = CARTESIAN_POINT ( 'NONE',  ( -16.27206808117945513, 37.36110359693567773, 10.00000000000000711 ) ) ;
#4329 = AXIS2_PLACEMENT_3D ( 'NONE', #5061, #2230, #1341 ) ;
#4330 = CARTESIAN_POINT ( 'NONE',  ( 19.46600207473638378, 34.08280010835905216, 12.94999999999999574 ) ) ;
#4331 = DIRECTION ( 'NONE',  ( 0.5555702330196020666, 0.8314696123025453467, 0.000000000000000000 ) ) ;
#4332 = EDGE_CURVE ( 'NONE', #4250, #3920, #3068, .T. ) ;
#4333 = VECTOR ( 'NONE', #3241, 1000.000000000000114 ) ;
#4334 = FACE_OUTER_BOUND ( 'NONE', #1252, .T. ) ;
#4335 = CARTESIAN_POINT ( 'NONE',  ( -33.24922162052794761, -18.90902273613842510, 13.95002554812838902 ) ) ;
#4336 = ORIENTED_EDGE ( 'NONE', *, *, #512, .F. ) ;
#4337 = DIRECTION ( 'NONE',  ( 0.000000000000000000, 0.000000000000000000, 1.000000000000000000 ) ) ;
#4338 = FACE_OUTER_BOUND ( 'NONE', #507, .T. ) ;
#4339 = EDGE_CURVE ( 'NONE', #2722, #3537, #1120, .T. ) ;
#4340 = CARTESIAN_POINT ( 'NONE',  ( 17.92877986138591240, -32.66340280504309135, 14.93957866720647942 ) ) ;
#4341 = VERTEX_POINT ( 'NONE', #1294 ) ;
#4342 = ADVANCED_FACE ( 'NONE', ( #2965, #4603, #3407 ), #5042, .T. ) ;
#4343 = EDGE_LOOP ( 'NONE', ( #4612, #2048, #4116, #3731, #83, #2025, #3879, #3568, #354, #3609, #11, #3898, #4481, #1534, #112, #4075, #5050, #5215, #4589, #1358 ) ) ;
#4344 =( LENGTH_UNIT ( ) NAMED_UNIT ( * ) SI_UNIT ( .MILLI., .METRE. ) );
#4345 = LINE ( 'NONE', #572, #1560 ) ;
#4346 = CARTESIAN_POINT ( 'NONE',  ( 32.39612749753582222, -18.33900346702088768, 14.45000000000002593 ) ) ;
#4347 = DIRECTION ( 'NONE',  ( -0.8314696123025434593, 0.5555702330196049532, 0.000000000000000000 ) ) ;
#4348 = DIRECTION ( 'NONE',  ( -0.5000000000000027756, 0.8660254037844370423, 0.000000000000000000 ) ) ;
#4349 = CARTESIAN_POINT ( 'NONE',  ( 0.000000000000000000, 0.000000000000000000, 12.94999999999999751 ) ) ;
#4350 = VERTEX_POINT ( 'NONE', #652 ) ;
#4351 = EDGE_LOOP ( 'NONE', ( #331, #5306, #1644, #4789 ) ) ;
#4352 = DIRECTION ( 'NONE',  ( -0.9238795325112822976, 0.3826834323651005509, -0.000000000000000000 ) ) ;
#4353 = PRODUCT ( 'gearbox_top', 'gearbox_top', '', ( #3560 ) ) ;
#4354 = VERTEX_POINT ( 'NONE', #1552 ) ;
#4355 = ADVANCED_FACE ( 'NONE', ( #3505 ), #4424, .T. ) ;
#4356 = CARTESIAN_POINT ( 'NONE',  ( -13.54699350572375671, 32.70533545089973870, 8.549999999999995381 ) ) ;
#4357 = VERTEX_POINT ( 'NONE', #5242 ) ;
#4358 = PLANE ( 'NONE',  #3800 ) ;
#4359 = DIRECTION ( 'NONE',  ( 0.000000000000000000, 0.000000000000000000, -1.000000000000000000 ) ) ;
#4360 = LINE ( 'NONE', #2777, #2232 ) ;
#4361 = ORIENTED_EDGE ( 'NONE', *, *, #2897, .T. ) ;
#4362 = VERTEX_POINT ( 'NONE', #4740 ) ;
#4363 = ORIENTED_EDGE ( 'NONE', *, *, #5212, .F. ) ;
#4364 = PRODUCT_DEFINITION ( 'UNKNOWN', '', #1481, #3492 ) ;
#4365 = EDGE_CURVE ( 'NONE', #2546, #2090, #2088, .T. ) ;
#4366 = CARTESIAN_POINT ( 'NONE',  ( -15.69486117435440420, -37.60675304336381686, 9.523042133779560103 ) ) ;
#4367 = ORIENTED_EDGE ( 'NONE', *, *, #2179, .T. ) ;
#4368 = VERTEX_POINT ( 'NONE', #3134 ) ;
#4369 = CARTESIAN_POINT ( 'NONE',  ( -1.154700538379243913, 40.00000000000001421, 12.18333680410954400 ) ) ;
#4370 = CARTESIAN_POINT ( 'NONE',  ( -37.64809094983477422, 15.59434986887784191, 9.000000000000007105 ) ) ;
#4371 = FACE_OUTER_BOUND ( 'NONE', #3310, .T. ) ;
#4372 = CARTESIAN_POINT ( 'NONE',  ( -20.62554490085280179, -30.86830935673197729, 14.44999999999998330 ) ) ;
#4373 = ORIENTED_EDGE ( 'NONE', *, *, #3175, .F. ) ;
#4374 = CARTESIAN_POINT ( 'NONE',  ( -31.47959914212861676, -13.38453190992001218, 9.743217121509603729 ) ) ;
#4375 = ORIENTED_EDGE ( 'NONE', *, *, #5010, .T. ) ;
#4376 = EDGE_LOOP ( 'NONE', ( #4640, #3531, #1697, #426 ) ) ;
#4377 = LINE ( 'NONE', #3115, #2433 ) ;
#4378 = AXIS2_PLACEMENT_3D ( 'NONE', #1558, #3227, #5188 ) ;
#4379 = ORIENTED_EDGE ( 'NONE', *, *, #290, .T. ) ;
#4380 = CIRCLE ( 'NONE', #5066, 1.250000000000000444 ) ;
#4381 = CARTESIAN_POINT ( 'NONE',  ( 30.96941727062916172, 13.91034485257846320, 10.00000000000000533 ) ) ;
#4382 = VECTOR ( 'NONE', #2398, 1000.000000000000000 ) ;
#4383 = CARTESIAN_POINT ( 'NONE',  ( 0.000000000000000000, 0.000000000000000000, 16.54499999999999815 ) ) ;
#4384 = VECTOR ( 'NONE', #4083, 1000.000000000000114 ) ;
#4385 = VECTOR ( 'NONE', #2977, 1000.000000000000000 ) ;
#4386 = DIRECTION ( 'NONE',  ( 1.051347561198065757E-14, 1.000000000000000000, 0.000000000000000000 ) ) ;
#4387 = DIRECTION ( 'NONE',  ( 0.000000000000000000, 0.000000000000000000, -1.000000000000000000 ) ) ;
#4388 = ORIENTED_EDGE ( 'NONE', *, *, #4974, .F. ) ;
#4389 = CIRCLE ( 'NONE', #5343, 29.50000000000000000 ) ;
#4390 = ORIENTED_EDGE ( 'NONE', *, *, #3699, .F. ) ;
#4391 = DIRECTION ( 'NONE',  ( 1.051347561198065757E-14, 1.000000000000000000, 0.000000000000000000 ) ) ;
#4392 = VECTOR ( 'NONE', #676, 999.9999999999998863 ) ;
#4393 = LINE ( 'NONE', #3945, #1172 ) ;
#4394 = CARTESIAN_POINT ( 'NONE',  ( 0.000000000000000000, 0.000000000000000000, 7.550000000000000711 ) ) ;
#4395 = CARTESIAN_POINT ( 'NONE',  ( -1.154700538379233699, -40.00000000000002132, 12.18333680410953512 ) ) ;
#4396 = EDGE_LOOP ( 'NONE', ( #47, #670, #2941, #2620 ) ) ;
#4397 = DIRECTION ( 'NONE',  ( 0.000000000000000000, 0.000000000000000000, 1.000000000000000000 ) ) ;
#4398 = CARTESIAN_POINT ( 'NONE',  ( 30.86830935673190623, -20.62554490085290837, -16.95000000000000639 ) ) ;
#4399 = CARTESIAN_POINT ( 'NONE',  ( -1.849852981152805720, 37.20403934988942041, 14.94999999999999751 ) ) ;
#4400 = CARTESIAN_POINT ( 'NONE',  ( 33.99920536741769439, 13.00053977280003892, 7.549999999999999822 ) ) ;
#4401 = ORIENTED_EDGE ( 'NONE', *, *, #3385, .T. ) ;
#4402 = CARTESIAN_POINT ( 'NONE',  ( -31.13485544182792353, -13.63698041433494978, 9.959865198479798565 ) ) ;
#4403 = ORIENTED_EDGE ( 'NONE', *, *, #3767, .T. ) ;
#4404 = ORIENTED_EDGE ( 'NONE', *, *, #899, .F. ) ;
#4405 = CARTESIAN_POINT ( 'NONE',  ( -38.00000000000000000, 2.326828918379972154E-15, 14.94999999999999751 ) ) ;
#4406 = ORIENTED_EDGE ( 'NONE', *, *, #3395, .T. ) ;
#4407 = VECTOR ( 'NONE', #583, 1000.000000000000000 ) ;
#4408 = EDGE_CURVE ( 'NONE', #1913, #1592, #596, .T. ) ;
#4409 = CARTESIAN_POINT ( 'NONE',  ( -13.28095413890968146, 33.84766825398006063, 7.590250860230650432 ) ) ;
#4410 = ORIENTED_EDGE ( 'NONE', *, *, #2267, .T. ) ;
#4411 = CARTESIAN_POINT ( 'NONE',  ( 0.000000000000000000, 0.000000000000000000, 8.949999999999999289 ) ) ;
#4412 = CIRCLE ( 'NONE', #780, 1.250000000000000444 ) ;
#4413 = CARTESIAN_POINT ( 'NONE',  ( 17.92326866086951753, 32.67391261404567615, 14.94999999999999751 ) ) ;
#4414 = EDGE_CURVE ( 'NONE', #3639, #3796, #4832, .T. ) ;
#4415 = EDGE_CURVE ( 'NONE', #474, #3236, #1284, .T. ) ;
#4416 = AXIS2_PLACEMENT_3D ( 'NONE', #1580, #2908, #3351 ) ;
#4417 = CARTESIAN_POINT ( 'NONE',  ( 0.000000000000000000, 0.000000000000000000, 7.549999999999999822 ) ) ;
#4418 = DIRECTION ( 'NONE',  ( 1.000000000000000000, 0.000000000000000000, 0.000000000000000000 ) ) ;
#4419 = VERTEX_POINT ( 'NONE', #738 ) ;
#4420 = ORIENTED_EDGE ( 'NONE', *, *, #2942, .T. ) ;
#4421 = COLOUR_RGB ( '',0.2980392156862745057, 0.2980392156862745057, 0.2980392156862745057 ) ;
#4422 = CARTESIAN_POINT ( 'NONE',  ( -16.51353319202378245, -37.25406986512923879, 10.00000000000000533 ) ) ;
#4423 = CARTESIAN_POINT ( 'NONE',  ( 37.72445558133504306, -15.40897301310278600, 7.935354638882229139 ) ) ;
#4424 = PLANE ( 'NONE',  #694 ) ;
#4425 = EDGE_LOOP ( 'NONE', ( #4970, #3275, #1832, #4267, #136, #3666 ) ) ;
#4426 = EDGE_LOOP ( 'NONE', ( #1081, #3367, #3695, #4122 ) ) ;
#4427 = CARTESIAN_POINT ( 'NONE',  ( -37.64809094983497317, -15.59434986887731434, 8.285875625553023482 ) ) ;
#4428 = CARTESIAN_POINT ( 'NONE',  ( -36.00000000000000711, 1.154700538379254127, 8.949999999999999289 ) ) ;
#4429 = CARTESIAN_POINT ( 'NONE',  ( 29.50000000000000000, 0.000000000000000000, 14.94999999999999751 ) ) ;
#4430 = ORIENTED_EDGE ( 'NONE', *, *, #4324, .T. ) ;
#4431 = CARTESIAN_POINT ( 'NONE',  ( -31.35804468343783569, -13.44788569043203275, 9.830278407752963687 ) ) ;
#4432 = VERTEX_POINT ( 'NONE', #4061 ) ;
#4433 = ORIENTED_EDGE ( 'NONE', *, *, #1398, .F. ) ;
#4434 = DIRECTION ( 'NONE',  ( -0.000000000000000000, -0.000000000000000000, 1.000000000000000000 ) ) ;
#4435 = ORIENTED_EDGE ( 'NONE', *, *, #274, .T. ) ;
#4436 = FACE_OUTER_BOUND ( 'NONE', #5130, .T. ) ;
#4437 = ORIENTED_EDGE ( 'NONE', *, *, #1864, .T. ) ;
#4438 = LINE ( 'NONE', #615, #2072 ) ;
#4439 = APPLICATION_PROTOCOL_DEFINITION ( 'draft international standard', 'automotive_design', 1998, #1305 ) ;
#4440 = ADVANCED_FACE ( 'NONE', ( #1579, #1167 ), #2886, .F. ) ;
#4441 = CARTESIAN_POINT ( 'NONE',  ( -30.86830935673204479, -20.62554490085268810, 14.44999999999998685 ) ) ;
#4442 = DIRECTION ( 'NONE',  ( -0.5555702330196036209, -0.8314696123025442365, 0.000000000000000000 ) ) ;
#4443 = ORIENTED_EDGE ( 'NONE', *, *, #614, .T. ) ;
#4444 = EDGE_CURVE ( 'NONE', #1861, #4508, #789, .T. ) ;
#4445 = DIRECTION ( 'NONE',  ( 0.000000000000000000, 0.000000000000000000, 1.000000000000000000 ) ) ;
#4446 = PLANE ( 'NONE',  #1331 ) ;
#4447 = CARTESIAN_POINT ( 'NONE',  ( -16.51353319202378245, -37.25406986512923879, 10.00000000000000533 ) ) ;
#4448 = EDGE_CURVE ( 'NONE', #1645, #289, #1726, .T. ) ;
#4449 = ORIENTED_EDGE ( 'NONE', *, *, #3928, .T. ) ;
#4450 = CARTESIAN_POINT ( 'NONE',  ( -38.01943672985945710, -14.66577412700106997, 7.550000000000000711 ) ) ;
#4451 = PLANE ( 'NONE',  #2741 ) ;
#4452 = CARTESIAN_POINT ( 'NONE',  ( 13.38453190991990205, -31.47959914212868071, 9.743217121509600176 ) ) ;
#4453 = ORIENTED_EDGE ( 'NONE', *, *, #290, .F. ) ;
#4454 = EDGE_LOOP ( 'NONE', ( #3486, #703, #1226, #947 ) ) ;
#4455 = ORIENTED_EDGE ( 'NONE', *, *, #4678, .T. ) ;
#4456 = FACE_OUTER_BOUND ( 'NONE', #1933, .T. ) ;
#4457 = ORIENTED_EDGE ( 'NONE', *, *, #4274, .F. ) ;
#4458 = EDGE_CURVE ( 'NONE', #3135, #5110, #1753, .T. ) ;
#4459 = LINE ( 'NONE', #2367, #2747 ) ;
#4460 = ORIENTED_EDGE ( 'NONE', *, *, #4918, .T. ) ;
#4461 = CIRCLE ( 'NONE', #4207, 1.649999999999998579 ) ;
#4462 = CARTESIAN_POINT ( 'NONE',  ( -29.34049121592814302, -22.91208633468467326, 14.44999999999998685 ) ) ;
#4463 = EDGE_CURVE ( 'NONE', #3553, #2389, #5045, .T. ) ;
#4464 = VECTOR ( 'NONE', #3810, 1000.000000000000227 ) ;
#4465 = CYLINDRICAL_SURFACE ( 'NONE', #1002, 1.000000000000000000 ) ;
#4466 = CARTESIAN_POINT ( 'NONE',  ( 31.72320655747588702, -13.30749686554262823, 9.548770549615483105 ) ) ;
#4467 = CARTESIAN_POINT ( 'NONE',  ( -38.00000000000000000, 2.309401076758503368, 8.949999999999999289 ) ) ;
#4468 = AXIS2_PLACEMENT_3D ( 'NONE', #3047, #5076, #4694 ) ;
#4469 = LINE ( 'NONE', #293, #3001 ) ;
#4470 = AXIS2_PLACEMENT_3D ( 'NONE', #5068, #2639, #4283 ) ;
#4471 = FACE_OUTER_BOUND ( 'NONE', #345, .T. ) ;
#4472 = B_SPLINE_CURVE_WITH_KNOTS ( 'NONE', 3,
 ( #884, #4012, #1676, #63 ),
 .UNSPECIFIED., .F., .F.,
 ( 4, 4 ),
 ( 0.0008952149612380348861, 0.0009230662444359203451 ),
 .UNSPECIFIED. ) ;
#4473 = VECTOR ( 'NONE', #1079, 1000.000000000000000 ) ;
#4474 = CARTESIAN_POINT ( 'NONE',  ( 23.31482942814362858, -29.07138688430934437, 14.93437499999999751 ) ) ;
#4475 = DIRECTION ( 'NONE',  ( 0.000000000000000000, 0.000000000000000000, 1.000000000000000000 ) ) ;
#4476 = ORIENTED_EDGE ( 'NONE', *, *, #2267, .F. ) ;
#4477 = EDGE_CURVE ( 'NONE', #3598, #849, #2786, .T. ) ;
#4478 = AXIS2_PLACEMENT_3D ( 'NONE', #4852, #2775, #2305 ) ;
#4479 = VECTOR ( 'NONE', #2399, 1000.000000000000000 ) ;
#4480 = CARTESIAN_POINT ( 'NONE',  ( -29.34049121592813947, -22.91208633468467326, 14.44999999999998685 ) ) ;
#4481 = ORIENTED_EDGE ( 'NONE', *, *, #1727, .T. ) ;
#4482 = VERTEX_POINT ( 'NONE', #1024 ) ;
#4483 = ORIENTED_EDGE ( 'NONE', *, *, #1218, .F. ) ;
#4484 = CARTESIAN_POINT ( 'NONE',  ( -30.86830935673204479, -20.62554490085268810, -16.95000000000000639 ) ) ;
#4485 = ORIENTED_EDGE ( 'NONE', *, *, #2715, .F. ) ;
#4486 = ORIENTED_EDGE ( 'NONE', *, *, #5002, .F. ) ;
#4487 = ADVANCED_FACE ( 'NONE', ( #3185 ), #5236, .F. ) ;
#4488 = EDGE_CURVE ( 'NONE', #4696, #1745, #2610, .T. ) ;
#4489 = DIRECTION ( 'NONE',  ( 0.3928474791935606669, 0.5879378012096804218, -0.7071067811865413555 ) ) ;
#4490 = ORIENTED_EDGE ( 'NONE', *, *, #2246, .F. ) ;
#4491 = CARTESIAN_POINT ( 'NONE',  ( -23.76060180979695602, -30.61038436569180732, 13.45002456809160130 ) ) ;
#4492 = CARTESIAN_POINT ( 'NONE',  ( -13.54699350572421856, -32.70533545089957528, 8.549999999999974065 ) ) ;
#4493 = ADVANCED_FACE ( 'NONE', ( #1545 ), #2018, .F. ) ;
#4494 = VECTOR ( 'NONE', #3196, 1000.000000000000227 ) ;
#4495 = CARTESIAN_POINT ( 'NONE',  ( -14.66577412700067207, 38.01943672985960632, 7.550000000000000711 ) ) ;
#4496 = CARTESIAN_POINT ( 'NONE',  ( -40.00000000000000000, -4.211318670175246444E-19, 12.20000000000000995 ) ) ;
#4497 = VECTOR ( 'NONE', #1083, 1000.000000000000000 ) ;
#4498 = ORIENTED_EDGE ( 'NONE', *, *, #1419, .F. ) ;
#4499 = CARTESIAN_POINT ( 'NONE',  ( 33.84791542055771174, -13.28049744610193272, 7.590185671946581891 ) ) ;
#4500 = LINE ( 'NONE', #3712, #3801 ) ;
#4501 = EDGE_CURVE ( 'NONE', #4322, #5004, #1990, .T. ) ;
#4502 = CARTESIAN_POINT ( 'NONE',  ( 38.00000000000000711, -2.309401076758503812, 14.94999999999999751 ) ) ;
#4503 = VECTOR ( 'NONE', #4934, 1000.000000000000000 ) ;
#4504 = DIRECTION ( 'NONE',  ( 1.000000000000000000, 0.000000000000000000, 0.000000000000000000 ) ) ;
#4505 = ORIENTED_EDGE ( 'NONE', *, *, #3737, .F. ) ;
#4506 = EDGE_CURVE ( 'NONE', #1802, #3787, #1161, .T. ) ;
#4507 = ORIENTED_EDGE ( 'NONE', *, *, #2371, .F. ) ;
#4508 = VERTEX_POINT ( 'NONE', #837 ) ;
#4509 = EDGE_CURVE ( 'NONE', #3186, #3639, #4909, .T. ) ;
#4510 = CARTESIAN_POINT ( 'NONE',  ( -37.64809094983477422, 15.59434986887784191, 8.549999999999997158 ) ) ;
#4511 = DIRECTION ( 'NONE',  ( 0.000000000000000000, 0.000000000000000000, 1.000000000000000000 ) ) ;
#4512 = VERTEX_POINT ( 'NONE', #4467 ) ;
#4513 = B_SPLINE_CURVE_WITH_KNOTS ( 'NONE', 3,
 ( #736, #4793, #5240, #1087, #1517, #2454, #1262, #4135, #4520, #2077 ),
 .UNSPECIFIED., .F., .F.,
 ( 4, 2, 2, 2, 4 ),
 ( 2.964296775167216948E-17, 0.0004742268218938656922, 0.0009484536437877016772, 0.001422680465681537771, 0.001896907287575381020 ),
 .UNSPECIFIED. ) ;
#4514 = VERTEX_POINT ( 'NONE', #3678 ) ;
#4515 = CARTESIAN_POINT ( 'NONE',  ( 17.92326866086927240, -32.67391261404581115, 14.94999999999999751 ) ) ;
#4516 = EDGE_CURVE ( 'NONE', #2950, #3546, #4005, .T. ) ;
#4517 = ORIENTED_EDGE ( 'NONE', *, *, #4339, .T. ) ;
#4518 = DIRECTION ( 'NONE',  ( 0.000000000000000000, 0.000000000000000000, 1.000000000000000000 ) ) ;
#4519 = CARTESIAN_POINT ( 'NONE',  ( 31.03569416021519700, -13.76278872289637434, 10.00000000000000533 ) ) ;
#4520 = CARTESIAN_POINT ( 'NONE',  ( 13.76278872289626776, 31.03569416021525385, 10.00000000000000711 ) ) ;
#4521 = CARTESIAN_POINT ( 'NONE',  ( 38.03077438220007878, 14.67047033636602826, 7.549999999999999822 ) ) ;
#4522 = CARTESIAN_POINT ( 'NONE',  ( 2.309401076758503368, -38.00000000000000000, 14.12988923928204343 ) ) ;
#4523 = PLANE ( 'NONE',  #2261 ) ;
#4524 = FACE_OUTER_BOUND ( 'NONE', #309, .T. ) ;
#4525 = EDGE_CURVE ( 'NONE', #1378, #2343, #2095, .T. ) ;
#4526 = CARTESIAN_POINT ( 'NONE',  ( -32.65971500261502314, -17.91383588034576135, 14.94999999999999751 ) ) ;
#4527 = CARTESIAN_POINT ( 'NONE',  ( 24.03908494240016935, -31.02716382675139073, 12.94999999999999929 ) ) ;
#4528 = VERTEX_POINT ( 'NONE', #61 ) ;
#4529 = ORIENTED_EDGE ( 'NONE', *, *, #598, .F. ) ;
#4530 = LINE ( 'NONE', #4875, #4161 ) ;
#4531 = ORIENTED_EDGE ( 'NONE', *, *, #5269, .T. ) ;
#4532 = B_SPLINE_CURVE_WITH_KNOTS ( 'NONE', 3,
 ( #1386, #4271, #553, #2214 ),
 .UNSPECIFIED., .F., .F.,
 ( 4, 4 ),
 ( 3.553645422296641815E-07, 0.0008632282528005651590 ),
 .UNSPECIFIED. ) ;
#4533 = ORIENTED_EDGE ( 'NONE', *, *, #457, .F. ) ;
#4534 = CARTESIAN_POINT ( 'NONE',  ( -29.21830935673204266, -20.62554490085268810, -16.95000000000000639 ) ) ;
#4535 = VERTEX_POINT ( 'NONE', #1308 ) ;
#4536 = LINE ( 'NONE', #4177, #1629 ) ;
#4537 = EDGE_CURVE ( 'NONE', #542, #1908, #1332, .T. ) ;
#4538 = VERTEX_POINT ( 'NONE', #2335 ) ;
#4539 = DIRECTION ( 'NONE',  ( -0.9238795325112824086, 0.3826834323651006065, 0.000000000000000000 ) ) ;
#4540 = DIRECTION ( 'NONE',  ( 0.3826834323650838976, -0.9238795325112892920, 4.930380657631323236E-32 ) ) ;
#4541 = DIRECTION ( 'NONE',  ( -0.8314696123025522301, -0.5555702330195918526, 0.000000000000000000 ) ) ;
#4542 = VECTOR ( 'NONE', #182, 999.9999999999998863 ) ;
#4543 = CARTESIAN_POINT ( 'NONE',  ( -15.13471851772285426, 37.83539943878744083, 7.676229236918613807 ) ) ;
#4544 = LINE ( 'NONE', #1289, #1538 ) ;
#4545 = DIRECTION ( 'NONE',  ( -0.000000000000000000, -0.000000000000000000, 1.000000000000000000 ) ) ;
#4546 = AXIS2_PLACEMENT_3D ( 'NONE', #461, #3268, #2884 ) ;
#4547 = FACE_BOUND ( 'NONE', #1541, .T. ) ;
#4548 = AXIS2_PLACEMENT_3D ( 'NONE', #518, #1760, #3426 ) ;
#4549 = AXIS2_PLACEMENT_3D ( 'NONE', #2167, #1724, #1306 ) ;
#4550 = CARTESIAN_POINT ( 'NONE',  ( 8.360104955868650438E-15, 2.018307876732034838E-14, 2.401017562930178434E-29 ) ) ;
#4551 = ORIENTED_EDGE ( 'NONE', *, *, #512, .T. ) ;
#4552 = ORIENTED_EDGE ( 'NONE', *, *, #1432, .T. ) ;
#4553 = VECTOR ( 'NONE', #1843, 1000.000000000000000 ) ;
#4554 = ORIENTED_EDGE ( 'NONE', *, *, #1432, .F. ) ;
#4555 = AXIS2_PLACEMENT_3D ( 'NONE', #2524, #3778, #60 ) ;
#4556 = LINE ( 'NONE', #2591, #185 ) ;
#4557 = ORIENTED_EDGE ( 'NONE', *, *, #735, .T. ) ;
#4558 = ORIENTED_EDGE ( 'NONE', *, *, #4463, .F. ) ;
#4559 = DIRECTION ( 'NONE',  ( -1.000000000000000000, -3.004629197474326346E-15, 0.000000000000000000 ) ) ;
#4560 = ORIENTED_EDGE ( 'NONE', *, *, #4620, .T. ) ;
#4561 = LINE ( 'NONE', #2600, #4172 ) ;
#4562 = DIRECTION ( 'NONE',  ( 0.000000000000000000, 0.000000000000000000, 1.000000000000000000 ) ) ;
#4563 = EDGE_CURVE ( 'NONE', #349, #1384, #1473, .T. ) ;
#4564 = DIRECTION ( 'NONE',  ( 1.000000000000000000, 0.000000000000000000, 0.000000000000000000 ) ) ;
#4565 = FACE_OUTER_BOUND ( 'NONE', #2004, .T. ) ;
#4566 = EDGE_CURVE ( 'NONE', #1446, #2129, #1919, .T. ) ;
#4567 = LINE ( 'NONE', #2607, #520 ) ;
#4568 = EDGE_CURVE ( 'NONE', #3334, #2302, #2252, .T. ) ;
#4569 = AXIS2_PLACEMENT_3D ( 'NONE', #3144, #1507, #3900 ) ;
#4570 = CARTESIAN_POINT ( 'NONE',  ( 37.64809094983485949, -15.59434986887757013, 9.264124374446982557 ) ) ;
#4571 = DIRECTION ( 'NONE',  ( 1.000000000000000000, 3.004629197474345673E-15, 0.000000000000000000 ) ) ;
#4572 = CARTESIAN_POINT ( 'NONE',  ( 37.92465451142123811, 14.90965242695606818, 7.575968224207259460 ) ) ;
#4573 = DIRECTION ( 'NONE',  ( -0.5555702330196020666, -0.8314696123025453467, -0.000000000000000000 ) ) ;
#4574 = VECTOR ( 'NONE', #491, 1000.000000000000000 ) ;
#4575 = DIRECTION ( 'NONE',  ( 0.8314696123025395735, -0.5555702330196107264, -0.000000000000000000 ) ) ;
#4576 = FACE_OUTER_BOUND ( 'NONE', #5336, .T. ) ;
#4577 = DIRECTION ( 'NONE',  ( 0.000000000000000000, 0.000000000000000000, 1.000000000000000000 ) ) ;
#4578 = AXIS2_PLACEMENT_3D ( 'NONE', #1985, #3647, #4559 ) ;
#4579 = ORIENTED_EDGE ( 'NONE', *, *, #4415, .T. ) ;
#4580 = EDGE_LOOP ( 'NONE', ( #5086, #4551, #3233, #307, #4586, #1356 ) ) ;
#4581 = CARTESIAN_POINT ( 'NONE',  ( -18.90902273613808404, 33.24922162052816077, 13.95002554812837303 ) ) ;
#4582 = CARTESIAN_POINT ( 'NONE',  ( -32.72183418654825715, 18.16775793607242662, 14.77333839633718604 ) ) ;
#4583 = AXIS2_PLACEMENT_3D ( 'NONE', #740, #3254, #1393 ) ;
#4584 = ORIENTED_EDGE ( 'NONE', *, *, #2701, .F. ) ;
#4585 = EDGE_LOOP ( 'NONE', ( #4605, #3720, #3668, #1953 ) ) ;
#4586 = ORIENTED_EDGE ( 'NONE', *, *, #3944, .F. ) ;
#4587 = CARTESIAN_POINT ( 'NONE',  ( 22.27554490085280037, 30.86830935673197729, 12.94999999999999751 ) ) ;
#4588 = EDGE_CURVE ( 'NONE', #1054, #802, #3558, .T. ) ;
#4589 = ORIENTED_EDGE ( 'NONE', *, *, #3894, .F. ) ;
#4590 = CARTESIAN_POINT ( 'NONE',  ( -30.19358533892015473, -23.48210560380243450, 13.95002554812838724 ) ) ;
#4591 = CARTESIAN_POINT ( 'NONE',  ( -2.018307876732037678E-14, 8.360104955868579441E-15, 2.401017562930178434E-29 ) ) ;
#4592 = CARTESIAN_POINT ( 'NONE',  ( -39.99999999999999289, -0.7698003589195044905, 12.19444328848255488 ) ) ;
#4593 = DIRECTION ( 'NONE',  ( 0.000000000000000000, 0.000000000000000000, 1.000000000000000000 ) ) ;
#4594 = EDGE_CURVE ( 'NONE', #3598, #1670, #4784, .T. ) ;
#4595 = DIRECTION ( 'NONE',  ( 0.8660254037844370423, 0.5000000000000027756, 0.000000000000000000 ) ) ;
#4596 = FACE_OUTER_BOUND ( 'NONE', #976, .T. ) ;
#4597 = CARTESIAN_POINT ( 'NONE',  ( -29.04855815588384971, 23.31831402705252287, 14.94999999999999751 ) ) ;
#4598 = FACE_OUTER_BOUND ( 'NONE', #2133, .T. ) ;
#4599 = CARTESIAN_POINT ( 'NONE',  ( 2.309401076758502924, -38.00000000000000000, 8.949999999999999289 ) ) ;
#4600 = EDGE_CURVE ( 'NONE', #2085, #2767, #4946, .T. ) ;
#4601 = CARTESIAN_POINT ( 'NONE',  ( 31.84137174998372899, 13.29400375543454338, 9.444899586855141749 ) ) ;
#4602 = VERTEX_POINT ( 'NONE', #2713 ) ;
#4603 = FACE_BOUND ( 'NONE', #1683, .T. ) ;
#4604 = ORIENTED_EDGE ( 'NONE', *, *, #3567, .T. ) ;
#4605 = ORIENTED_EDGE ( 'NONE', *, *, #3022, .F. ) ;
#4606 = DIRECTION ( 'NONE',  ( -0.3826834323650908920, -0.9238795325112862944, 0.000000000000000000 ) ) ;
#4607 = LINE ( 'NONE', #5046, #5012 ) ;
#4608 = ORIENTED_EDGE ( 'NONE', *, *, #1608, .F. ) ;
#4609 = CARTESIAN_POINT ( 'NONE',  ( 0.000000000000000000, 0.000000000000000000, 12.94999999999999751 ) ) ;
#4610 = ORIENTED_EDGE ( 'NONE', *, *, #256, .T. ) ;
#4611 = CARTESIAN_POINT ( 'NONE',  ( -22.91208633468436418, 29.34049121592837750, 12.94999999999999751 ) ) ;
#4612 = ORIENTED_EDGE ( 'NONE', *, *, #665, .T. ) ;
#4613 = CARTESIAN_POINT ( 'NONE',  ( -0.9238795325112754142, 0.3826834323650863956, 9.000000000000005329 ) ) ;
#4614 = CARTESIAN_POINT ( 'NONE',  ( 15.71094706236325322, -37.59961644612393172, 9.503753988191151691 ) ) ;
#4615 = ORIENTED_EDGE ( 'NONE', *, *, #5179, .T. ) ;
#4616 = EDGE_CURVE ( 'NONE', #802, #1771, #4726, .T. ) ;
#4617 = LINE ( 'NONE', #4202, #3533 ) ;
#4618 = CARTESIAN_POINT ( 'NONE',  ( -4.764027454119091543E-15, -1.150137969125169270E-14, 8.549999999999997158 ) ) ;
#4619 = CARTESIAN_POINT ( 'NONE',  ( 18.33900346702077400, 32.39612749753588616, 12.94999999999999751 ) ) ;
#4620 = EDGE_CURVE ( 'NONE', #5326, #1826, #4123, .T. ) ;
#4621 = CIRCLE ( 'NONE', #5329, 1.650000000000002132 ) ;
#4622 = DIRECTION ( 'NONE',  ( -3.004629197474345673E-15, 1.000000000000000000, 0.000000000000000000 ) ) ;
#4623 = LINE ( 'NONE', #4521, #839 ) ;
#4624 = FACE_OUTER_BOUND ( 'NONE', #2603, .T. ) ;
#4625 = AXIS2_PLACEMENT_3D ( 'NONE', #5324, #4577, #3784 ) ;
#4626 = DIRECTION ( 'NONE',  ( 1.000000000000000000, 0.000000000000000000, 0.000000000000000000 ) ) ;
#4627 = CIRCLE ( 'NONE', #3187, 1.649999999999998579 ) ;
#4628 = LINE ( 'NONE', #2696, #2402 ) ;
#4629 = ORIENTED_EDGE ( 'NONE', *, *, #2301, .F. ) ;
#4630 = ADVANCED_FACE ( 'NONE', ( #4933, #310 ), #1233, .F. ) ;
#4631 = EDGE_LOOP ( 'NONE', ( #167, #2457, #3837, #2731 ) ) ;
#4632 = LINE ( 'NONE', #2156, #4748 ) ;
#4633 = AXIS2_PLACEMENT_3D ( 'NONE', #4655, #2288, #3502 ) ;
#4634 = ADVANCED_FACE ( 'NONE', ( #1210 ), #4049, .F. ) ;
#4635 = VECTOR ( 'NONE', #3147, 1000.000000000000114 ) ;
#4636 = DIRECTION ( 'NONE',  ( 1.000000000000000000, 0.000000000000000000, 0.000000000000000000 ) ) ;
#4637 = VECTOR ( 'NONE', #483, 999.9999999999998863 ) ;
#4638 = VECTOR ( 'NONE', #3183, 1000.000000000000000 ) ;
#4639 = ORIENTED_EDGE ( 'NONE', *, *, #4866, .F. ) ;
#4640 = ORIENTED_EDGE ( 'NONE', *, *, #1391, .F. ) ;
#4641 = CARTESIAN_POINT ( 'NONE',  ( 30.86830935673204479, 20.62554490085268810, 10.00000000000000533 ) ) ;
#4642 = FACE_OUTER_BOUND ( 'NONE', #4426, .T. ) ;
#4643 = AXIS2_PLACEMENT_3D ( 'NONE', #3368, #1279, #2162 ) ;
#4644 = VERTEX_POINT ( 'NONE', #4243 ) ;
#4645 = EDGE_CURVE ( 'NONE', #3927, #1214, #2951, .T. ) ;
#4646 = LINE ( 'NONE', #3846, #1260 ) ;
#4647 = CARTESIAN_POINT ( 'NONE',  ( 15.59434986887744756, 37.64809094983494475, 9.000000000000007105 ) ) ;
#4648 = CARTESIAN_POINT ( 'NONE',  ( 13.37478596115992246, 32.28958966126948127, 8.999999999999987566 ) ) ;
#4649 = DIRECTION ( 'NONE',  ( 1.000000000000000000, 0.000000000000000000, 0.000000000000000000 ) ) ;
#4650 = EDGE_CURVE ( 'NONE', #1384, #5083, #2351, .T. ) ;
#4651 = CARTESIAN_POINT ( 'NONE',  ( -37.64809094983477422, 15.59434986887784191, 8.549999999999997158 ) ) ;
#4652 = CARTESIAN_POINT ( 'NONE',  ( -1.250000000000000444, 38.00000000000000000, 7.549999999999999822 ) ) ;
#4653 = FACE_OUTER_BOUND ( 'NONE', #4094, .T. ) ;
#4654 = AXIS2_PLACEMENT_3D ( 'NONE', #4405, #4323, #699 ) ;
#4655 = CARTESIAN_POINT ( 'NONE',  ( 38.00000000000000000, 2.326828918379970970E-15, 8.949999999999999289 ) ) ;
#4656 = CARTESIAN_POINT ( 'NONE',  ( -32.66523182915482693, -17.93626037356161973, 14.93437499999998685 ) ) ;
#4657 = CARTESIAN_POINT ( 'NONE',  ( 0.000000000000000000, 0.000000000000000000, 14.94999999999999751 ) ) ;
#4658 = ORIENTED_EDGE ( 'NONE', *, *, #4187, .F. ) ;
#4659 = AXIS2_PLACEMENT_3D ( 'NONE', #2625, #4268, #548 ) ;
#4660 = ORIENTED_EDGE ( 'NONE', *, *, #23, .F. ) ;
#4661 = CARTESIAN_POINT ( 'NONE',  ( -24.03908494239995619, 31.02716382675156126, 12.94999999999999574 ) ) ;
#4662 = EDGE_CURVE ( 'NONE', #3899, #4154, #2160, .T. ) ;
#4663 = ORIENTED_EDGE ( 'NONE', *, *, #2975, .T. ) ;
#4664 = LINE ( 'NONE', #165, #4215 ) ;
#4665 = AXIS2_PLACEMENT_3D ( 'NONE', #4411, #4848, #2802 ) ;
#4666 = ORIENTED_EDGE ( 'NONE', *, *, #4178, .T. ) ;
#4667 = DIRECTION ( 'NONE',  ( 0.8660254037844400399, -0.4999999999999975575, 0.000000000000000000 ) ) ;
#4668 = EDGE_CURVE ( 'NONE', #4979, #739, #2209, .T. ) ;
#4669 = ORIENTED_EDGE ( 'NONE', *, *, #3854, .T. ) ;
#4670 = ORIENTED_EDGE ( 'NONE', *, *, #1989, .F. ) ;
#4671 = B_SPLINE_CURVE_WITH_KNOTS ( 'NONE', 3,
 ( #1272, #523, #2181, #49 ),
 .UNSPECIFIED., .F., .F.,
 ( 4, 4 ),
 ( 2.832197111898031178E-07, 0.002124322505366516966 ),
 .UNSPECIFIED. ) ;
#4672 = VECTOR ( 'NONE', #4238, 1000.000000000000114 ) ;
#4673 = CARTESIAN_POINT ( 'NONE',  ( 13.61538684017895484, -32.91893661499433676, 8.326500625874784234 ) ) ;
#4674 = EDGE_LOOP ( 'NONE', ( #3259, #2922, #4670, #143 ) ) ;
#4675 = AXIS2_PLACEMENT_3D ( 'NONE', #4020, #1177, #3642 ) ;
#4676 = CARTESIAN_POINT ( 'NONE',  ( -37.20403934988943462, 1.849852981152809051, 14.94999999999999751 ) ) ;
#4677 = DIRECTION ( 'NONE',  ( -0.8660254037844400399, 0.4999999999999975575, 0.000000000000000000 ) ) ;
#4678 = EDGE_CURVE ( 'NONE', #1204, #4362, #4167, .T. ) ;
#4679 = B_SPLINE_CURVE_WITH_KNOTS ( 'NONE', 3,
 ( #1997, #3251, #790, #4917 ),
 .UNSPECIFIED., .F., .F.,
 ( 4, 4 ),
 ( 3.553645688601981958E-07, 0.0008632282538146494833 ),
 .UNSPECIFIED. ) ;
#4680 = FACE_OUTER_BOUND ( 'NONE', #1251, .T. ) ;
#4681 = DIRECTION ( 'NONE',  ( 0.5000000000000003331, -0.8660254037844384856, 0.000000000000000000 ) ) ;
#4682 = DIRECTION ( 'NONE',  ( 0.5555702330195927408, -0.8314696123025515639, 0.000000000000000000 ) ) ;
#4683 = ADVANCED_FACE ( 'NONE', ( #529 ), #138, .T. ) ;
#4684 = CARTESIAN_POINT ( 'NONE',  ( -8.360104955868790856E-15, -2.018307876732029158E-14, 2.401017562930178434E-29 ) ) ;
#4685 = CARTESIAN_POINT ( 'NONE',  ( -13.37478596115947305, 32.28958966126965890, 8.999999999999994671 ) ) ;
#4686 = DIRECTION ( 'NONE',  ( 0.000000000000000000, 0.000000000000000000, 1.000000000000000000 ) ) ;
#4687 = ORIENTED_EDGE ( 'NONE', *, *, #498, .T. ) ;
#4688 = VERTEX_POINT ( 'NONE', #1520 ) ;
#4689 = B_SPLINE_CURVE_WITH_KNOTS ( 'NONE', 3,
 ( #4254, #535, #1778, #3557, #753, #3585, #253, #1897, #3967, #3176 ),
 .UNSPECIFIED., .F., .F.,
 ( 4, 2, 2, 2, 4 ),
 ( 0.000000000000000000, 0.0004748138856680193744, 0.0009496277713360387488, 0.001424441657004059912, 0.001899255542672080967 ),
 .UNSPECIFIED. ) ;
#4690 = FACE_OUTER_BOUND ( 'NONE', #3264, .T. ) ;
#4691 = CARTESIAN_POINT ( 'NONE',  ( 32.39612749753582222, -18.33900346702088768, 12.94999999999999751 ) ) ;
#4692 = EDGE_CURVE ( 'NONE', #4089, #3765, #975, .T. ) ;
#4693 = CYLINDRICAL_SURFACE ( 'NONE', #5254, 1.000000000000000222 ) ;
#4694 = DIRECTION ( 'NONE',  ( 1.000000000000000000, 0.000000000000000000, 0.000000000000000000 ) ) ;
#4695 = DIRECTION ( 'NONE',  ( 1.000000000000000000, 0.000000000000000000, 0.000000000000000000 ) ) ;
#4696 = VERTEX_POINT ( 'NONE', #716 ) ;
#4697 = ORIENTED_EDGE ( 'NONE', *, *, #1533, .F. ) ;
#4698 = DIRECTION ( 'NONE',  ( -0.000000000000000000, -0.000000000000000000, 1.000000000000000000 ) ) ;
#4699 = ORIENTED_EDGE ( 'NONE', *, *, #2422, .T. ) ;
#4700 = CARTESIAN_POINT ( 'NONE',  ( -22.91208633468436418, 29.34049121592837750, 12.94999999999999751 ) ) ;
#4701 = CARTESIAN_POINT ( 'NONE',  ( -17.37554490085279824, -30.86830935673197729, 14.94999999999999751 ) ) ;
#4702 = ADVANCED_FACE ( 'NONE', ( #3222 ), #318, .F. ) ;
#4703 = EDGE_CURVE ( 'NONE', #2244, #178, #191, .T. ) ;
#4704 = DIRECTION ( 'NONE',  ( 0.3826834323650909475, 0.9238795325112864054, 0.000000000000000000 ) ) ;
#4705 = CARTESIAN_POINT ( 'NONE',  ( 0.000000000000000000, 0.000000000000000000, 7.549999999999999822 ) ) ;
#4706 = CARTESIAN_POINT ( 'NONE',  ( -37.25406986512929564, -16.51353319202365455, 10.00000000000000533 ) ) ;
#4707 = VERTEX_POINT ( 'NONE', #1144 ) ;
#4708 = DIRECTION ( 'NONE',  ( -0.9238795325112878487, -0.3826834323650870617, 0.000000000000000000 ) ) ;
#4709 = DIRECTION ( 'NONE',  ( -0.5879378012096722061, 0.3928474791935485655, -0.7071067811865547892 ) ) ;
#4710 = CARTESIAN_POINT ( 'NONE',  ( -32.39612749753568721, 18.33900346702111150, 14.44999999999998330 ) ) ;
#4711 = EDGE_CURVE ( 'NONE', #1038, #3344, #2211, .T. ) ;
#4712 = ORIENTED_EDGE ( 'NONE', *, *, #1243, .T. ) ;
#4713 = ORIENTED_EDGE ( 'NONE', *, *, #1218, .T. ) ;
#4714 = DIRECTION ( 'NONE',  ( -0.000000000000000000, -0.000000000000000000, -1.000000000000000000 ) ) ;
#4715 = AXIS2_PLACEMENT_3D ( 'NONE', #4144, #3280, #4504 ) ;
#4716 = CARTESIAN_POINT ( 'NONE',  ( 17.93626037356174763, 32.66523182915476298, 14.93437499999998508 ) ) ;
#4717 = CARTESIAN_POINT ( 'NONE',  ( 20.62554490085280179, 30.86830935673197729, -16.95000000000000639 ) ) ;
#4718 = EDGE_CURVE ( 'NONE', #1529, #2875, #2403, .T. ) ;
#4719 = CARTESIAN_POINT ( 'NONE',  ( -33.26885815498414445, -13.61452987677133386, 8.003291054772050828 ) ) ;
#4720 = ORIENTED_EDGE ( 'NONE', *, *, #2497, .F. ) ;
#4721 = VECTOR ( 'NONE', #4348, 1000.000000000000000 ) ;
#4722 = ORIENTED_EDGE ( 'NONE', *, *, #2501, .T. ) ;
#4723 = AXIS2_PLACEMENT_3D ( 'NONE', #1240, #2476, #17 ) ;
#4724 = CARTESIAN_POINT ( 'NONE',  ( 37.64809094983499449, 15.59434986887732144, 7.250000000000000000 ) ) ;
#4725 = ORIENTED_EDGE ( 'NONE', *, *, #4918, .F. ) ;
#4726 = B_SPLINE_CURVE_WITH_KNOTS ( 'NONE', 3,
 ( #225, #3522, #5169, #1484, #1077, #5333, #778, #2013, #2447, #4101 ),
 .UNSPECIFIED., .F., .F.,
 ( 4, 2, 2, 2, 4 ),
 ( 0.000000000000000000, 0.0004748138856680213802, 0.0009496277713360427603, 0.001424441657004067068, 0.001899255542672091809 ),
 .UNSPECIFIED. ) ;
#4727 = LINE ( 'NONE', #2654, #2916 ) ;
#4728 = DIRECTION ( 'NONE',  ( -0.000000000000000000, -0.000000000000000000, -1.000000000000000000 ) ) ;
#4729 = DIRECTION ( 'NONE',  ( 0.000000000000000000, 0.000000000000000000, 1.000000000000000000 ) ) ;
#4730 = AXIS2_PLACEMENT_3D ( 'NONE', #3319, #3649, #1572 ) ;
#4731 = VECTOR ( 'NONE', #1660, 1000.000000000000114 ) ;
#4732 = EDGE_CURVE ( 'NONE', #1054, #5109, #700, .T. ) ;
#4733 = ADVANCED_FACE ( 'NONE', ( #4088 ), #4523, .T. ) ;
#4734 = CARTESIAN_POINT ( 'NONE',  ( 0.000000000000000000, 0.000000000000000000, 14.94999999999999751 ) ) ;
#4735 = DIRECTION ( 'NONE',  ( -0.5555702330195927408, 0.8314696123025515639, 0.000000000000000000 ) ) ;
#4736 = LINE ( 'NONE', #4859, #4497 ) ;
#4737 = CARTESIAN_POINT ( 'NONE',  ( 29.06377632706291791, -23.31600222553104373, 14.93957834445147448 ) ) ;
#4738 = CYLINDRICAL_SURFACE ( 'NONE', #3277, 1.000000000000000666 ) ;
#4739 = CARTESIAN_POINT ( 'NONE',  ( 2.156405496209204742, 37.73500388115511583, 14.40367832122294622 ) ) ;
#4740 = CARTESIAN_POINT ( 'NONE',  ( -31.02716382675130546, -24.03908494240027949, 12.94999999999999751 ) ) ;
#4741 = ORIENTED_EDGE ( 'NONE', *, *, #435, .T. ) ;
#4742 = ORIENTED_EDGE ( 'NONE', *, *, #3938, .T. ) ;
#4743 = EDGE_CURVE ( 'NONE', #2472, #304, #843, .T. ) ;
#4744 = PLANE ( 'NONE',  #2437 ) ;
#4745 = LINE ( 'NONE', #3166, #4820 ) ;
#4746 = CARTESIAN_POINT ( 'NONE',  ( 32.28958966126950969, 13.37478596115981055, 8.999999999999994671 ) ) ;
#4747 = CARTESIAN_POINT ( 'NONE',  ( 4.653657836759941941E-15, -38.00000000000000000, 7.549999999999999822 ) ) ;
#4748 = VECTOR ( 'NONE', #1297, 1000.000000000000227 ) ;
#4749 = VERTEX_POINT ( 'NONE', #442 ) ;
#4750 = ORIENTED_EDGE ( 'NONE', *, *, #792, .T. ) ;
#4751 = VERTEX_POINT ( 'NONE', #40 ) ;
#4752 = CARTESIAN_POINT ( 'NONE',  ( -37.20403934988942751, -1.849852981152803943, 14.94999999999999751 ) ) ;
#4753 = CARTESIAN_POINT ( 'NONE',  ( -32.83240059591332738, 18.63051183165592661, 14.44999999999997975 ) ) ;
#4754 = AXIS2_PLACEMENT_3D ( 'NONE', #2505, #2862, #791 ) ;
#4755 = ORIENTED_EDGE ( 'NONE', *, *, #449, .F. ) ;
#4756 = DIRECTION ( 'NONE',  ( -0.7071067811865472397, 0.000000000000000000, -0.7071067811865479058 ) ) ;
#4757 = ORIENTED_EDGE ( 'NONE', *, *, #4185, .F. ) ;
#4758 = DIRECTION ( 'NONE',  ( 0.000000000000000000, 0.000000000000000000, -1.000000000000000000 ) ) ;
#4759 = CARTESIAN_POINT ( 'NONE',  ( -30.19358533891983498, 23.48210560380285017, 13.95002554812838191 ) ) ;
#4760 = MECHANICAL_DESIGN_GEOMETRIC_PRESENTATION_REPRESENTATION (  '', ( #109 ), #2793 ) ;
#4761 = CARTESIAN_POINT ( 'NONE',  ( -37.92437939013752413, 14.91220002187509586, 7.549999999999996270 ) ) ;
#4762 = CARTESIAN_POINT ( 'NONE',  ( -22.91208633468476918, -29.34049121592807197, 12.94999999999999751 ) ) ;
#4763 = DIRECTION ( 'NONE',  ( 0.000000000000000000, 0.000000000000000000, 1.000000000000000000 ) ) ;
#4764 = VERTEX_POINT ( 'NONE', #418 ) ;
#4765 = ORIENTED_EDGE ( 'NONE', *, *, #2580, .F. ) ;
#4766 = CARTESIAN_POINT ( 'NONE',  ( 29.05616675375502567, -23.31716372596451947, 14.94478669219462752 ) ) ;
#4767 = CARTESIAN_POINT ( 'NONE',  ( -20.62554490085234704, 32.51830935673226008, -16.95000000000000639 ) ) ;
#4768 = CARTESIAN_POINT ( 'NONE',  ( -1.154700538379233477, -40.00000000000002132, 8.949999999999999289 ) ) ;
#4769 = B_SPLINE_CURVE_WITH_KNOTS ( 'NONE', 3,
 ( #2314, #1112, #4340, #1996 ),
 .UNSPECIFIED., .F., .F.,
 ( 4, 4 ),
 ( 3.565719183528149961E-07, 2.823900830286200426E-05 ),
 .UNSPECIFIED. ) ;
#4770 = VERTEX_POINT ( 'NONE', #2528 ) ;
#4771 = ORIENTED_EDGE ( 'NONE', *, *, #3132, .F. ) ;
#4772 = DIRECTION ( 'NONE',  ( -1.000000000000000000, 0.000000000000000000, 0.000000000000000000 ) ) ;
#4773 = ADVANCED_FACE ( 'NONE', ( #1603 ), #4186, .T. ) ;
#4774 = CARTESIAN_POINT ( 'NONE',  ( 37.25406986512929564, 16.51353319202365455, 10.00000000000000533 ) ) ;
#4775 = CARTESIAN_POINT ( 'NONE',  ( -28.11830935673204479, -20.62554490085268810, 14.44999999999998685 ) ) ;
#4776 = CARTESIAN_POINT ( 'NONE',  ( 39.25000000000000000, 2.479909768273391089E-15, 7.549999999999999822 ) ) ;
#4777 = ORIENTED_EDGE ( 'NONE', *, *, #2660, .T. ) ;
#4778 = LINE ( 'NONE', #1097, #3446 ) ;
#4779 = EDGE_LOOP ( 'NONE', ( #2329, #1459, #4457, #3337 ) ) ;
#4780 = ORIENTED_EDGE ( 'NONE', *, *, #4594, .F. ) ;
#4781 = LINE ( 'NONE', #1834, #2254 ) ;
#4782 = ORIENTED_EDGE ( 'NONE', *, *, #3851, .F. ) ;
#4783 = CARTESIAN_POINT ( 'NONE',  ( -13.59018508493214306, 32.80960914720493804, 8.437134964423597339 ) ) ;
#4784 = LINE ( 'NONE', #1868, #1567 ) ;
#4785 = LINE ( 'NONE', #3087, #78 ) ;
#4786 = DIRECTION ( 'NONE',  ( 0.000000000000000000, 0.000000000000000000, 1.000000000000000000 ) ) ;
#4787 = CYLINDRICAL_SURFACE ( 'NONE', #916, 1.000000000000000000 ) ;
#4788 = ORIENTED_EDGE ( 'NONE', *, *, #1380, .T. ) ;
#4789 = ORIENTED_EDGE ( 'NONE', *, *, #4031, .F. ) ;
#4790 = EDGE_CURVE ( 'NONE', #1771, #3257, #2456, .T. ) ;
#4791 = CARTESIAN_POINT ( 'NONE',  ( -18.33900346702077400, -32.39612749753588616, 12.94999999999999751 ) ) ;
#4792 = LINE ( 'NONE', #4767, #5073 ) ;
#4793 = CARTESIAN_POINT ( 'NONE',  ( 13.33140116610013060, 32.18484950063533745, 9.113369932927760431 ) ) ;
#4794 = CARTESIAN_POINT ( 'NONE',  ( 23.31716372596424947, -29.05616675375524594, 14.94478669219462397 ) ) ;
#4795 = DIRECTION ( 'NONE',  ( 0.8314696123025459018, 0.5555702330196014005, 0.000000000000000000 ) ) ;
#4796 = ORIENTED_EDGE ( 'NONE', *, *, #1345, .F. ) ;
#4797 = DIRECTION ( 'NONE',  ( 0.000000000000000000, 0.000000000000000000, -1.000000000000000000 ) ) ;
#4798 = CARTESIAN_POINT ( 'NONE',  ( 29.04855815588417300, 23.31831402705212142, 14.94999999999999751 ) ) ;
#4799 = ADVANCED_FACE ( 'NONE', ( #4598 ), #1708, .T. ) ;
#4800 = CARTESIAN_POINT ( 'NONE',  ( -33.99920536741769439, -13.00053977280003892, 7.549999999999999822 ) ) ;
#4801 = CARTESIAN_POINT ( 'NONE',  ( 32.70533545089958949, 13.54699350572409777, 8.549999999999995381 ) ) ;
#4802 = CIRCLE ( 'NONE', #1688, 37.25000000000000711 ) ;
#4803 = ORIENTED_EDGE ( 'NONE', *, *, #2040, .F. ) ;
#4804 = EDGE_CURVE ( 'NONE', #3000, #2678, #2170, .T. ) ;
#4805 = PLANE ( 'NONE',  #3795 ) ;
#4806 = ORIENTED_EDGE ( 'NONE', *, *, #142, .F. ) ;
#4807 = ADVANCED_FACE ( 'NONE', ( #4624 ), #3855, .F. ) ;
#4808 = ORIENTED_EDGE ( 'NONE', *, *, #4568, .F. ) ;
#4809 = CARTESIAN_POINT ( 'NONE',  ( -31.03569416021510818, 13.76278872289659105, 10.00000000000000533 ) ) ;
#4810 = CARTESIAN_POINT ( 'NONE',  ( -30.86830935673174636, 22.27554490085312366, 10.00000000000000533 ) ) ;
#4811 = VECTOR ( 'NONE', #692, 1000.000000000000000 ) ;
#4812 = ORIENTED_EDGE ( 'NONE', *, *, #3343, .F. ) ;
#4813 = AXIS2_PLACEMENT_3D ( 'NONE', #3824, #117, #1330 ) ;
#4814 = CARTESIAN_POINT ( 'NONE',  ( 1.849852981152809051, -37.20403934988942041, 14.94999999999999751 ) ) ;
#4815 = AXIS2_PLACEMENT_3D ( 'NONE', #3376, #5318, #1601 ) ;
#4816 = VERTEX_POINT ( 'NONE', #2585 ) ;
#4817 = CARTESIAN_POINT ( 'NONE',  ( 18.63051183165557845, 32.83240059591353344, 14.44999999999998330 ) ) ;
#4818 = LINE ( 'NONE', #705, #5085 ) ;
#4819 = VECTOR ( 'NONE', #4686, 1000.000000000000000 ) ;
#4820 = VECTOR ( 'NONE', #2816, 999.9999999999998863 ) ;
#4821 = CARTESIAN_POINT ( 'NONE',  ( -23.31831402705221379, -29.04855815588409129, 14.94999999999999751 ) ) ;
#4822 = CARTESIAN_POINT ( 'NONE',  ( 18.33900346702055728, -32.39612749753600696, 12.94999999999999751 ) ) ;
#4823 = VERTEX_POINT ( 'NONE', #125 ) ;
#4824 = AXIS2_PLACEMENT_3D ( 'NONE', #3193, #2401, #3681 ) ;
#4825 = DIRECTION ( 'NONE',  ( -3.491481338843133750E-15, -1.000000000000000000, 0.000000000000000000 ) ) ;
#4826 = AXIS2_PLACEMENT_3D ( 'NONE', #2044, #1259, #5339 ) ;
#4827 = ORIENTED_EDGE ( 'NONE', *, *, #3050, .F. ) ;
#4828 = FACE_OUTER_BOUND ( 'NONE', #3340, .T. ) ;
#4829 = EDGE_CURVE ( 'NONE', #3724, #2418, #1287, .T. ) ;
#4830 = FACE_OUTER_BOUND ( 'NONE', #946, .T. ) ;
#4831 = CARTESIAN_POINT ( 'NONE',  ( 30.86830935673204479, 20.62554490085268810, 10.00000000000000533 ) ) ;
#4832 = LINE ( 'NONE', #3626, #3217 ) ;
#4833 = ORIENTED_EDGE ( 'NONE', *, *, #3908, .F. ) ;
#4834 = CARTESIAN_POINT ( 'NONE',  ( 0.000000000000000000, 0.000000000000000000, 7.549999999999999822 ) ) ;
#4835 = FACE_OUTER_BOUND ( 'NONE', #527, .T. ) ;
#4836 = CARTESIAN_POINT ( 'NONE',  ( 20.62554490085280179, 30.86830935673197729, -16.95000000000000639 ) ) ;
#4837 = DIRECTION ( 'NONE',  ( 0.8314696123025385743, -0.5555702330196122807, 0.000000000000000000 ) ) ;
#4838 = CARTESIAN_POINT ( 'NONE',  ( 23.48210560380253042, 30.19358533892008012, 13.95002554812838369 ) ) ;
#4839 = ORIENTED_EDGE ( 'NONE', *, *, #4220, .F. ) ;
#4840 = CARTESIAN_POINT ( 'NONE',  ( -30.96941727062916172, -13.91034485257846320, 10.00000000000000533 ) ) ;
#4841 = ORIENTED_EDGE ( 'NONE', *, *, #3132, .T. ) ;
#4842 = ADVANCED_FACE ( 'NONE', ( #4653 ), #938, .F. ) ;
#4843 = ORIENTED_EDGE ( 'NONE', *, *, #3081, .F. ) ;
#4844 = DIRECTION ( 'NONE',  ( 0.5555702330195985139, -0.8314696123025476782, -0.000000000000000000 ) ) ;
#4845 = EDGE_LOOP ( 'NONE', ( #2228, #3240, #5161, #5051 ) ) ;
#4846 = PLANE ( 'NONE',  #2583 ) ;
#4847 = ORIENTED_EDGE ( 'NONE', *, *, #3675, .T. ) ;
#4848 = DIRECTION ( 'NONE',  ( 0.000000000000000000, 0.000000000000000000, -1.000000000000000000 ) ) ;
#4849 = DIRECTION ( 'NONE',  ( 1.000000000000000000, 8.540177112501104397E-15, 0.000000000000000000 ) ) ;
#4850 = CARTESIAN_POINT ( 'NONE',  ( 17.93626037356174763, 32.66523182915476298, 14.93437499999998508 ) ) ;
#4851 = AXIS2_PLACEMENT_3D ( 'NONE', #3543, #2349, #4009 ) ;
#4852 = CARTESIAN_POINT ( 'NONE',  ( -20.62554490085236480, 30.86830935673225795, -16.95000000000000639 ) ) ;
#4853 = EDGE_CURVE ( 'NONE', #4357, #4219, #3887, .T. ) ;
#4854 = AXIS2_PLACEMENT_3D ( 'NONE', #3752, #3414, #5082 ) ;
#4855 = PLANE ( 'NONE',  #2488 ) ;
#4856 = DIRECTION ( 'NONE',  ( 0.000000000000000000, 0.000000000000000000, 1.000000000000000000 ) ) ;
#4857 = EDGE_CURVE ( 'NONE', #3902, #1770, #4736, .T. ) ;
#4858 = ORIENTED_EDGE ( 'NONE', *, *, #644, .F. ) ;
#4859 = CARTESIAN_POINT ( 'NONE',  ( -1.154700538379256347, -36.00000000000000711, 14.94999999999999751 ) ) ;
#4860 = CIRCLE ( 'NONE', #4675, 37.25000000000000711 ) ;
#4861 = CARTESIAN_POINT ( 'NONE',  ( 29.07138688430914186, -23.31482942814388437, 14.93437499999999396 ) ) ;
#4862 = DIRECTION ( 'NONE',  ( -0.9238795325112918455, -0.3826834323650774028, 0.000000000000000000 ) ) ;
#4863 = CARTESIAN_POINT ( 'NONE',  ( -32.83240059591358317, -18.63051183165547187, 14.44999999999998863 ) ) ;
#4864 = CARTESIAN_POINT ( 'NONE',  ( -30.86830935673204479, -20.62554490085268810, 14.44999999999998685 ) ) ;
#4865 = EDGE_LOOP ( 'NONE', ( #1664, #5192 ) ) ;
#4866 = EDGE_CURVE ( 'NONE', #2299, #3902, #3618, .T. ) ;
#4867 = CARTESIAN_POINT ( 'NONE',  ( -38.00000000000000000, -2.309401076758497595, 14.12988923928204343 ) ) ;
#4868 = DIRECTION ( 'NONE',  ( -1.000000000000000000, 0.000000000000000000, 0.000000000000000000 ) ) ;
#4869 = DIRECTION ( 'NONE',  ( -0.9238795325112850731, 0.3826834323650941672, 0.000000000000000000 ) ) ;
#4870 = ORIENTED_EDGE ( 'NONE', *, *, #2887, .F. ) ;
#4871 = FACE_OUTER_BOUND ( 'NONE', #999, .T. ) ;
#4872 = ORIENTED_EDGE ( 'NONE', *, *, #2729, .T. ) ;
#4873 = EDGE_LOOP ( 'NONE', ( #2646, #1663, #2599, #717 ) ) ;
#4874 = ADVANCED_FACE ( 'NONE', ( #205 ), #292, .F. ) ;
#4875 = CARTESIAN_POINT ( 'NONE',  ( 20.30133458739330621, -35.33296356054371756, 14.44999999999998508 ) ) ;
#4876 = VERTEX_POINT ( 'NONE', #2287 ) ;
#4877 = CARTESIAN_POINT ( 'NONE',  ( 20.62554490085280179, 30.86830935673197729, 12.94999999999999751 ) ) ;
#4878 = VERTEX_POINT ( 'NONE', #5144 ) ;
#4879 = DIRECTION ( 'NONE',  ( 1.000000000000000000, 0.000000000000000000, 0.000000000000000000 ) ) ;
#4880 = CARTESIAN_POINT ( 'NONE',  ( -32.83240059591358317, -18.63051183165547187, 14.44999999999998863 ) ) ;
#4881 = ORIENTED_EDGE ( 'NONE', *, *, #4866, .T. ) ;
#4882 = DIRECTION ( 'NONE',  ( 1.000000000000000000, 0.000000000000000000, 0.000000000000000000 ) ) ;
#4883 = DIRECTION ( 'NONE',  ( -0.000000000000000000, -0.000000000000000000, 1.000000000000000000 ) ) ;
#4884 = ADVANCED_FACE ( 'NONE', ( #4828 ), #1845, .F. ) ;
#4885 = DIRECTION ( 'NONE',  ( -0.5879378012096742046, 0.3928474791935516186, -0.7071067811865514585 ) ) ;
#4886 = CARTESIAN_POINT ( 'NONE',  ( 40.00000000000001421, 1.154700538379246577, 8.949999999999999289 ) ) ;
#4887 = CARTESIAN_POINT ( 'NONE',  ( -29.07138688430895002, 23.31482942814413306, 14.93437499999999218 ) ) ;
#4888 = CARTESIAN_POINT ( 'NONE',  ( 15.69486117435440420, 37.60675304336381686, 9.523042133779560103 ) ) ;
#4889 = ORIENTED_EDGE ( 'NONE', *, *, #1419, .T. ) ;
#4890 = CARTESIAN_POINT ( 'NONE',  ( -32.51830935673203982, -20.62554490085268810, -16.95000000000000639 ) ) ;
#4891 = ORIENTED_EDGE ( 'NONE', *, *, #3206, .F. ) ;
#4892 = LINE ( 'NONE', #1635, #1104 ) ;
#4893 = CARTESIAN_POINT ( 'NONE',  ( 13.33141540401780922, -32.18488387400994810, 9.113332727455263793 ) ) ;
#4894 = EDGE_CURVE ( 'NONE', #4770, #4688, #1677, .T. ) ;
#4895 = VERTEX_POINT ( 'NONE', #5180 ) ;
#4896 = CARTESIAN_POINT ( 'NONE',  ( -1.154700538379243913, 40.00000000000001421, 14.94999999999999751 ) ) ;
#4897 = ORIENTED_EDGE ( 'NONE', *, *, #234, .F. ) ;
#4898 = ORIENTED_EDGE ( 'NONE', *, *, #2045, .T. ) ;
#4899 = CARTESIAN_POINT ( 'NONE',  ( 36.00000000000000711, -1.154700538379258568, 8.949999999999999289 ) ) ;
#4900 = ORIENTED_EDGE ( 'NONE', *, *, #4894, .F. ) ;
#4901 = ADVANCED_FACE ( 'NONE', ( #1055 ), #1906, .F. ) ;
#4902 = VERTEX_POINT ( 'NONE', #1515 ) ;
#4903 = CIRCLE ( 'NONE', #2563, 39.25000000000000711 ) ;
#4904 = LINE ( 'NONE', #1184, #4063 ) ;
#4905 = ORIENTED_EDGE ( 'NONE', *, *, #5313, .T. ) ;
#4906 = AXIS2_PLACEMENT_3D ( 'NONE', #4877, #3645, #2420 ) ;
#4907 = FACE_BOUND ( 'NONE', #2558, .T. ) ;
#4908 = CYLINDRICAL_SURFACE ( 'NONE', #3631, 0.9999999999999998890 ) ;
#4909 = LINE ( 'NONE', #2475, #4087 ) ;
#4910 = VECTOR ( 'NONE', #3915, 1000.000000000000114 ) ;
#4911 = ADVANCED_FACE ( 'NONE', ( #1675 ), #2882, .T. ) ;
#4912 = CIRCLE ( 'NONE', #4916, 1.650000000000002132 ) ;
#4913 = EDGE_CURVE ( 'NONE', #1641, #4770, #4567, .T. ) ;
#4914 = CIRCLE ( 'NONE', #3881, 37.25000000000000711 ) ;
#4915 = CARTESIAN_POINT ( 'NONE',  ( 32.83240059591342686, -18.63051183165567082, 14.45000000000002771 ) ) ;
#4916 = AXIS2_PLACEMENT_3D ( 'NONE', #3985, #5153, #3510 ) ;
#4917 = CARTESIAN_POINT ( 'NONE',  ( 29.07138688430925200, 23.31482942814374582, 14.93437499999999396 ) ) ;
#4918 = EDGE_CURVE ( 'NONE', #2589, #2795, #279, .T. ) ;
#4919 = ORIENTED_EDGE ( 'NONE', *, *, #1229, .T. ) ;
#4920 = VECTOR ( 'NONE', #4960, 1000.000000000000114 ) ;
#4921 = CARTESIAN_POINT ( 'NONE',  ( -18.63051183165513436, 32.83240059591378923, 14.44999999999997264 ) ) ;
#4922 = DIRECTION ( 'NONE',  ( 1.047444401652940007E-14, 1.000000000000000000, 0.000000000000000000 ) ) ;
#4923 = PLANE ( 'NONE',  #1694 ) ;
#4924 = ORIENTED_EDGE ( 'NONE', *, *, #2303, .F. ) ;
#4925 = ORIENTED_EDGE ( 'NONE', *, *, #4408, .F. ) ;
#4926 = EDGE_CURVE ( 'NONE', #1069, #2678, #3182, .T. ) ;
#4927 = EDGE_LOOP ( 'NONE', ( #1684, #3646, #1685 ) ) ;
#4928 = CARTESIAN_POINT ( 'NONE',  ( 2.309401076758502924, -38.00000000000000000, 14.94999999999999751 ) ) ;
#4929 = DIRECTION ( 'NONE',  ( -0.5000000000000022204, 0.8660254037844373753, 0.000000000000000000 ) ) ;
#4930 = ORIENTED_EDGE ( 'NONE', *, *, #274, .F. ) ;
#4931 = CYLINDRICAL_SURFACE ( 'NONE', #2257, 1.650000000000002132 ) ;
#4932 = VERTEX_POINT ( 'NONE', #2116 ) ;
#4933 = FACE_OUTER_BOUND ( 'NONE', #3641, .T. ) ;
#4934 = DIRECTION ( 'NONE',  ( -0.000000000000000000, -0.000000000000000000, -1.000000000000000000 ) ) ;
#4935 = CARTESIAN_POINT ( 'NONE',  ( -36.00000000000000000, -1.154700538379243469, 14.94999999999999751 ) ) ;
#4936 = ORIENTED_EDGE ( 'NONE', *, *, #1345, .T. ) ;
#4937 = CARTESIAN_POINT ( 'NONE',  ( 32.83240059591358317, 18.63051183165547187, 14.44999999999998863 ) ) ;
#4938 = CARTESIAN_POINT ( 'NONE',  ( -37.46969110453497365, 2.003227093208115761, 14.67705938545993227 ) ) ;
#4939 = AXIS2_PLACEMENT_3D ( 'NONE', #4119, #2086, #4929 ) ;
#4940 = CARTESIAN_POINT ( 'NONE',  ( 23.32782114083604696, 29.06270609941826422, 14.94999999999999751 ) ) ;
#4941 = EDGE_CURVE ( 'NONE', #3334, #2484, #1215, .T. ) ;
#4942 = CIRCLE ( 'NONE', #1367, 3.250000000000002665 ) ;
#4943 = CARTESIAN_POINT ( 'NONE',  ( -15.23760268752073088, 37.79400051296453000, 7.750432469955918613 ) ) ;
#4944 = FACE_OUTER_BOUND ( 'NONE', #327, .T. ) ;
#4945 = B_SPLINE_CURVE_WITH_KNOTS ( 'NONE', 3,
 ( #4753, #5225, #2331, #196 ),
 .UNSPECIFIED., .F., .F.,
 ( 4, 4 ),
 ( 2.832197111956603506E-07, 0.002124322505366517400 ),
 .UNSPECIFIED. ) ;
#4946 = CIRCLE ( 'NONE', #861, 2.749999999999999112 ) ;
#4947 = CARTESIAN_POINT ( 'NONE',  ( 18.33900346702077400, 32.39612749753588616, 12.94999999999999751 ) ) ;
#4948 = LINE ( 'NONE', #3379, #4299 ) ;
#4949 = AXIS2_PLACEMENT_3D ( 'NONE', #629, #3104, #2673 ) ;
#4950 = DIRECTION ( 'NONE',  ( 0.000000000000000000, 0.000000000000000000, 1.000000000000000000 ) ) ;
#4951 = ORIENTED_EDGE ( 'NONE', *, *, #3705, .T. ) ;
#4952 = ORIENTED_EDGE ( 'NONE', *, *, #5063, .F. ) ;
#4953 = EDGE_CURVE ( 'NONE', #1069, #1475, #3888, .T. ) ;
#4954 = ORIENTED_EDGE ( 'NONE', *, *, #5256, .F. ) ;
#4955 = FACE_OUTER_BOUND ( 'NONE', #1883, .T. ) ;
#4956 = EDGE_LOOP ( 'NONE', ( #5119, #3390, #4326, #3386 ) ) ;
#4957 = FACE_OUTER_BOUND ( 'NONE', #4376, .T. ) ;
#4958 = ORIENTED_EDGE ( 'NONE', *, *, #1442, .F. ) ;
#4959 = ORIENTED_EDGE ( 'NONE', *, *, #2130, .F. ) ;
#4960 = DIRECTION ( 'NONE',  ( -0.5555702330196036209, -0.8314696123025442365, -0.000000000000000000 ) ) ;
#4961 = EDGE_LOOP ( 'NONE', ( #853, #1074 ) ) ;
#4962 = CARTESIAN_POINT ( 'NONE',  ( -40.00000000000000000, -4.211318670175246444E-19, 12.20000000000000995 ) ) ;
#4963 = DIRECTION ( 'NONE',  ( 0.9238795325112824086, -0.3826834323651006065, 0.000000000000000000 ) ) ;
#4964 = DIRECTION ( 'NONE',  ( -1.000000000000000000, 0.000000000000000000, 0.000000000000000000 ) ) ;
#4965 = CARTESIAN_POINT ( 'NONE',  ( 37.30758660361254897, -16.39280092405744327, 10.00000000000000711 ) ) ;
#4966 = CARTESIAN_POINT ( 'NONE',  ( 15.59434986887718644, -37.64809094983503712, 8.285875625553025259 ) ) ;
#4967 = CARTESIAN_POINT ( 'NONE',  ( -38.00000000000000000, -2.309401076758497595, 14.12988923928204343 ) ) ;
#4968 = DIRECTION ( 'NONE',  ( 0.000000000000000000, 0.000000000000000000, -1.000000000000000000 ) ) ;
#4969 = CARTESIAN_POINT ( 'NONE',  ( -0.3849001794597494697, 40.00000000000001421, 12.20554977285552312 ) ) ;
#4970 = ORIENTED_EDGE ( 'NONE', *, *, #4563, .F. ) ;
#4971 = ORIENTED_EDGE ( 'NONE', *, *, #1665, .F. ) ;
#4972 = B_SPLINE_CURVE_WITH_KNOTS ( 'NONE', 3,
 ( #4716, #602, #924, #1855 ),
 .UNSPECIFIED., .F., .F.,
 ( 4, 4 ),
 ( 4.553420981030649971E-05, 7.341664619480952453E-05 ),
 .UNSPECIFIED. ) ;
#4973 = CARTESIAN_POINT ( 'NONE',  ( 22.91208633468457023, -29.34049121592822118, 12.94999999999999751 ) ) ;
#4974 = EDGE_CURVE ( 'NONE', #4508, #708, #3178, .T. ) ;
#4975 = VERTEX_POINT ( 'NONE', #779 ) ;
#4976 = EDGE_CURVE ( 'NONE', #765, #5001, #362, .T. ) ;
#4977 = EDGE_CURVE ( 'NONE', #46, #1256, #336, .T. ) ;
#4978 = ORIENTED_EDGE ( 'NONE', *, *, #1655, .F. ) ;
#4979 = VERTEX_POINT ( 'NONE', #1647 ) ;
#4980 = CARTESIAN_POINT ( 'NONE',  ( 35.33296356054364651, 20.30133458739343055, 14.44999999999998685 ) ) ;
#4981 = LINE ( 'NONE', #2926, #4223 ) ;
#4982 = ORIENTED_EDGE ( 'NONE', *, *, #1406, .T. ) ;
#4983 = CARTESIAN_POINT ( 'NONE',  ( 20.62554490085280179, 30.86830935673197729, 12.94999999999999751 ) ) ;
#4984 = DIRECTION ( 'NONE',  ( 1.000000000000000000, 0.000000000000000000, 0.000000000000000000 ) ) ;
#4985 = DIRECTION ( 'NONE',  ( 1.000000000000000000, 0.000000000000000000, 0.000000000000000000 ) ) ;
#4986 = AXIS2_PLACEMENT_3D ( 'NONE', #1056, #1958, #623 ) ;
#4987 = DIRECTION ( 'NONE',  ( -1.000000000000000000, 0.000000000000000000, 0.000000000000000000 ) ) ;
#4988 = CYLINDRICAL_SURFACE ( 'NONE', #2414, 0.9999999999999985567 ) ;
#4989 = CONICAL_SURFACE ( 'NONE', #4723, 36.39999999999999147, 0.7853981633974479459 ) ;
#4990 = DIRECTION ( 'NONE',  ( -0.000000000000000000, -0.000000000000000000, 1.000000000000000000 ) ) ;
#4991 = VECTOR ( 'NONE', #917, 1000.000000000000114 ) ;
#4992 = VECTOR ( 'NONE', #1854, 1000.000000000000114 ) ;
#4993 = DIRECTION ( 'NONE',  ( -0.000000000000000000, -0.000000000000000000, -1.000000000000000000 ) ) ;
#4994 = DIRECTION ( 'NONE',  ( -1.000000000000000000, 0.000000000000000000, -0.000000000000000000 ) ) ;
#4995 = ORIENTED_EDGE ( 'NONE', *, *, #259, .T. ) ;
#4996 = ORIENTED_EDGE ( 'NONE', *, *, #1582, .T. ) ;
#4997 = AXIS2_PLACEMENT_3D ( 'NONE', #2227, #1023, #1395 ) ;
#4998 = ORIENTED_EDGE ( 'NONE', *, *, #4953, .F. ) ;
#4999 = CONICAL_SURFACE ( 'NONE', #2668, 2.749999999999999112, 0.7853981633974369547 ) ;
#5000 = CARTESIAN_POINT ( 'NONE',  ( -1.154700538379256347, -36.00000000000000711, 14.94999999999999751 ) ) ;
#5001 = VERTEX_POINT ( 'NONE', #404 ) ;
#5002 = EDGE_CURVE ( 'NONE', #4210, #4764, #3571, .T. ) ;
#5003 = ORIENTED_EDGE ( 'NONE', *, *, #1486, .F. ) ;
#5004 = VERTEX_POINT ( 'NONE', #1155 ) ;
#5005 = DIRECTION ( 'NONE',  ( 1.009293658750141334E-14, 1.000000000000000000, 0.000000000000000000 ) ) ;
#5006 = EDGE_LOOP ( 'NONE', ( #2035, #3988, #5330, #1137, #1304 ) ) ;
#5007 = CARTESIAN_POINT ( 'NONE',  ( 30.86830935673190623, -20.62554490085290837, 10.00000000000000533 ) ) ;
#5008 = CARTESIAN_POINT ( 'NONE',  ( -37.20403934988943462, 1.849852981152809051, 14.94999999999999751 ) ) ;
#5009 = LINE ( 'NONE', #4204, #2320 ) ;
#5010 = EDGE_CURVE ( 'NONE', #4816, #3932, #3671, .T. ) ;
#5011 = B_SPLINE_CURVE_WITH_KNOTS ( 'NONE', 3,
 ( #1114, #264, #4008, #715 ),
 .UNSPECIFIED., .F., .F.,
 ( 4, 4 ),
 ( 1.638984974443064108E-05, 0.0008792627380028434194 ),
 .UNSPECIFIED. ) ;
#5012 = VECTOR ( 'NONE', #2109, 1000.000000000000114 ) ;
#5013 = DIRECTION ( 'NONE',  ( 0.4999999999999977796, 0.8660254037844399289, 0.000000000000000000 ) ) ;
#5014 = CARTESIAN_POINT ( 'NONE',  ( -39.25000000000000711, 2.326828918379972154E-15, 8.949999999999999289 ) ) ;
#5015 = AXIS2_PLACEMENT_3D ( 'NONE', #872, #2536, #1352 ) ;
#5016 = CARTESIAN_POINT ( 'NONE',  ( 37.46969110453496654, 2.003227093208109100, 14.67705938545993583 ) ) ;
#5017 = CARTESIAN_POINT ( 'NONE',  ( -15.59434986887744756, -37.64809094983494475, 9.000000000000007105 ) ) ;
#5018 = AXIS2_PLACEMENT_3D ( 'NONE', #152, #1789, #2636 ) ;
#5019 = ORIENTED_EDGE ( 'NONE', *, *, #4332, .F. ) ;
#5020 = ORIENTED_EDGE ( 'NONE', *, *, #1133, .T. ) ;
#5021 = EDGE_LOOP ( 'NONE', ( #547, #3258, #2630, #1151, #2215, #2089, #26, #4765, #3584, #5184, #2291, #1072, #1275, #927, #4118, #4870, #1154, #929, #160, #2566 ) ) ;
#5022 = DIRECTION ( 'NONE',  ( 0.000000000000000000, 0.000000000000000000, 1.000000000000000000 ) ) ;
#5023 = ADVANCED_FACE ( 'NONE', ( #2038 ), #2878, .F. ) ;
#5024 = AXIS2_PLACEMENT_3D ( 'NONE', #2027, #392, #3685 ) ;
#5025 = LINE ( 'NONE', #1557, #1976 ) ;
#5026 = ORIENTED_EDGE ( 'NONE', *, *, #4032, .F. ) ;
#5027 = ADVANCED_FACE ( 'NONE', ( #1360, #3416 ), #1772, .T. ) ;
#5028 = ORIENTED_EDGE ( 'NONE', *, *, #2165, .F. ) ;
#5029 = ORIENTED_EDGE ( 'NONE', *, *, #5226, .T. ) ;
#5030 = EDGE_CURVE ( 'NONE', #349, #46, #584, .T. ) ;
#5031 = CARTESIAN_POINT ( 'NONE',  ( 13.61452987677121840, -33.26885815498420129, 8.003291054772050828 ) ) ;
#5032 = ORIENTED_EDGE ( 'NONE', *, *, #435, .F. ) ;
#5033 = CYLINDRICAL_SURFACE ( 'NONE', #4549, 29.50000000000000000 ) ;
#5034 = DIRECTION ( 'NONE',  ( 1.000000000000000000, 0.000000000000000000, 0.000000000000000000 ) ) ;
#5035 = DIRECTION ( 'NONE',  ( 0.5879378012096947437, 0.3928474791935456789, -0.7071067811865376918 ) ) ;
#5036 = EDGE_CURVE ( 'NONE', #971, #1826, #4561, .T. ) ;
#5037 = FACE_OUTER_BOUND ( 'NONE', #3658, .T. ) ;
#5038 = CARTESIAN_POINT ( 'NONE',  ( -36.00000000000000711, 1.154700538379259456, 14.94999999999999751 ) ) ;
#5039 = ADVANCED_FACE ( 'NONE', ( #4246 ), #140, .F. ) ;
#5040 = FACE_BOUND ( 'NONE', #1460, .T. ) ;
#5041 = DIRECTION ( 'NONE',  ( 1.000000000000000000, 0.000000000000000000, 0.000000000000000000 ) ) ;
#5042 = PLANE ( 'NONE',  #363 ) ;
#5043 = ORIENTED_EDGE ( 'NONE', *, *, #1935, .F. ) ;
#5044 = EDGE_LOOP ( 'NONE', ( #1562, #2202 ) ) ;
#5045 = B_SPLINE_CURVE_WITH_KNOTS ( 'NONE', 3,
 ( #1312, #2173, #4572, #3829, #124, #2613, #2375, #1424 ),
 .UNSPECIFIED., .F., .F.,
 ( 4, 2, 2, 4 ),
 ( 0.000000000000000000, 0.0003905638316344299077, 0.0007811276632688598153, 0.001562255326537717462 ),
 .UNSPECIFIED. ) ;
#5046 = CARTESIAN_POINT ( 'NONE',  ( 23.32782114083586578, -29.06270609941840988, 14.94999999999999751 ) ) ;
#5047 = EDGE_CURVE ( 'NONE', #1256, #2388, #2213, .T. ) ;
#5048 = DIRECTION ( 'NONE',  ( -0.000000000000000000, -0.000000000000000000, -1.000000000000000000 ) ) ;
#5049 = CARTESIAN_POINT ( 'NONE',  ( -32.70533545089958949, -13.54699350572409777, 8.549999999999995381 ) ) ;
#5050 = ORIENTED_EDGE ( 'NONE', *, *, #1199, .T. ) ;
#5051 = ORIENTED_EDGE ( 'NONE', *, *, #1468, .F. ) ;
#5052 = DIRECTION ( 'NONE',  ( 0.000000000000000000, 0.000000000000000000, 1.000000000000000000 ) ) ;
#5053 = CARTESIAN_POINT ( 'NONE',  ( 15.59434986887718999, -37.64809094983505133, 9.000000000000003553 ) ) ;
#5054 = EDGE_CURVE ( 'NONE', #4514, #1984, #1278, .T. ) ;
#5055 = EDGE_LOOP ( 'NONE', ( #328, #2366, #447, #1082 ) ) ;
#5056 = DIRECTION ( 'NONE',  ( 0.2705980500730904570, -0.6532814824381913965, 0.7071067811865476838 ) ) ;
#5057 = CARTESIAN_POINT ( 'NONE',  ( -0.3826834323650823988, 0.9238795325112765244, 8.549999999999998934 ) ) ;
#5058 = DIRECTION ( 'NONE',  ( 1.000000000000000000, 0.000000000000000000, 0.000000000000000000 ) ) ;
#5059 = CARTESIAN_POINT ( 'NONE',  ( -13.63614153255032058, -31.13549593190752063, 9.959616674867154629 ) ) ;
#5060 = EDGE_CURVE ( 'NONE', #2236, #1203, #3748, .T. ) ;
#5061 = CARTESIAN_POINT ( 'NONE',  ( 4.653657836759941941E-15, -38.00000000000000000, 8.949999999999999289 ) ) ;
#5062 = AXIS2_PLACEMENT_3D ( 'NONE', #3046, #4318, #5075 ) ;
#5063 = EDGE_CURVE ( 'NONE', #2671, #5274, #1376, .T. ) ;
#5064 = EDGE_CURVE ( 'NONE', #682, #2005, #3773, .T. ) ;
#5065 = CARTESIAN_POINT ( 'NONE',  ( 18.97554490085280321, 30.86830935673197729, -16.95000000000000639 ) ) ;
#5066 = AXIS2_PLACEMENT_3D ( 'NONE', #4747, #133, #1856 ) ;
#5067 = CARTESIAN_POINT ( 'NONE',  ( 13.61449992134859066, 33.26937860279048920, 8.002821673848517392 ) ) ;
#5068 = CARTESIAN_POINT ( 'NONE',  ( 0.000000000000000000, 0.000000000000000000, 11.44999999999999751 ) ) ;
#5069 = ORIENTED_EDGE ( 'NONE', *, *, #1817, .T. ) ;
#5070 = VERTEX_POINT ( 'NONE', #877 ) ;
#5071 = CARTESIAN_POINT ( 'NONE',  ( 15.59434986887718999, -37.64809094983505133, 7.250000000000000000 ) ) ;
#5072 = CARTESIAN_POINT ( 'NONE',  ( -1.849852981152805720, 37.20403934988942041, 14.94999999999999751 ) ) ;
#5073 = VECTOR ( 'NONE', #4445, 1000.000000000000000 ) ;
#5074 = VECTOR ( 'NONE', #59, 1000.000000000000000 ) ;
#5075 = DIRECTION ( 'NONE',  ( -1.000000000000000000, 0.000000000000000000, 0.000000000000000000 ) ) ;
#5076 = DIRECTION ( 'NONE',  ( 0.000000000000000000, 0.000000000000000000, -1.000000000000000000 ) ) ;
#5077 = EDGE_CURVE ( 'NONE', #4751, #3049, #3963, .T. ) ;
#5078 = ORIENTED_EDGE ( 'NONE', *, *, #4251, .T. ) ;
#5079 = CIRCLE ( 'NONE', #4997, 33.94999999999999574 ) ;
#5080 = CARTESIAN_POINT ( 'NONE',  ( 38.00000000000000711, -2.309401076758503812, 14.94999999999999751 ) ) ;
#5081 = ORIENTED_EDGE ( 'NONE', *, *, #481, .F. ) ;
#5082 = DIRECTION ( 'NONE',  ( 1.000000000000000000, 0.000000000000000000, 0.000000000000000000 ) ) ;
#5083 = VERTEX_POINT ( 'NONE', #2735 ) ;
#5084 = DIRECTION ( 'NONE',  ( 0.000000000000000000, 0.000000000000000000, 1.000000000000000000 ) ) ;
#5085 = VECTOR ( 'NONE', #4331, 1000.000000000000000 ) ;
#5086 = ORIENTED_EDGE ( 'NONE', *, *, #2063, .F. ) ;
#5087 = CARTESIAN_POINT ( 'NONE',  ( 13.00053977279991990, -33.99920536741772992, 7.549999999999999822 ) ) ;
#5088 = DIRECTION ( 'NONE',  ( 0.3826834323650870617, -0.9238795325112878487, 0.000000000000000000 ) ) ;
#5089 = CARTESIAN_POINT ( 'NONE',  ( -29.34049121592783038, 22.91208633468507472, 12.94999999999999751 ) ) ;
#5090 = B_SPLINE_CURVE_WITH_KNOTS ( 'NONE', 3,
 ( #1807, #4590, #981, #2653 ),
 .UNSPECIFIED., .F., .F.,
 ( 4, 4 ),
 ( 2.832197111898031178E-07, 0.002124322505366518701 ),
 .UNSPECIFIED. ) ;
#5091 = CARTESIAN_POINT ( 'NONE',  ( -37.64809094983479554, 15.59434986887784547, 8.417937742454435934 ) ) ;
#5092 = PLANE ( 'NONE',  #4304 ) ;
#5093 = EDGE_CURVE ( 'NONE', #1378, #2652, #3044, .T. ) ;
#5094 = CARTESIAN_POINT ( 'NONE',  ( 29.06270609941832106, 23.32782114083597236, 14.94999999999999751 ) ) ;
#5095 = VECTOR ( 'NONE', #4434, 1000.000000000000000 ) ;
#5096 = CARTESIAN_POINT ( 'NONE',  ( 15.59434986887718999, -37.64809094983505133, 8.550000000000000711 ) ) ;
#5097 = DIRECTION ( 'NONE',  ( 0.3826834323650896152, -0.9238795325112868495, 0.000000000000000000 ) ) ;
#5098 = CARTESIAN_POINT ( 'NONE',  ( -13.29400375543421475, 31.84137174998387465, 9.444899586855145301 ) ) ;
#5099 = ORIENTED_EDGE ( 'NONE', *, *, #4458, .T. ) ;
#5100 = AXIS2_PLACEMENT_3D ( 'NONE', #1379, #5216, #3547 ) ;
#5101 = ORIENTED_EDGE ( 'NONE', *, *, #4244, .F. ) ;
#5102 = DIRECTION ( 'NONE',  ( 1.000000000000000000, -0.000000000000000000, 0.000000000000000000 ) ) ;
#5103 = DIRECTION ( 'NONE',  ( 1.000000000000000000, 0.000000000000000000, 0.000000000000000000 ) ) ;
#5104 = DIRECTION ( 'NONE',  ( 1.000000000000000000, 0.000000000000000000, 0.000000000000000000 ) ) ;
#5105 = AXIS2_PLACEMENT_3D ( 'NONE', #3683, #793, #816 ) ;
#5106 = B_SPLINE_CURVE_WITH_KNOTS ( 'NONE', 3,
 ( #3711, #2405, #4499, #3601, #321, #5244, #3195, #1555, #3163, #1522 ),
 .UNSPECIFIED., .F., .F.,
 ( 4, 2, 2, 2, 4 ),
 ( 0.000000000000000000, 0.0004748138856680188323, 0.0009496277713360376646, 0.001424441657004059478, 0.001899255542672081618 ),
 .UNSPECIFIED. ) ;
#5107 = EDGE_CURVE ( 'NONE', #1063, #5326, #3959, .T. ) ;
#5108 = ORIENTED_EDGE ( 'NONE', *, *, #4448, .F. ) ;
#5109 = VERTEX_POINT ( 'NONE', #2650 ) ;
#5110 = VERTEX_POINT ( 'NONE', #5194 ) ;
#5111 = AXIS2_PLACEMENT_3D ( 'NONE', #2485, #3431, #4193 ) ;
#5112 = CARTESIAN_POINT ( 'NONE',  ( -19.46600207473638378, -34.08280010835905216, 12.94999999999999574 ) ) ;
#5113 = ORIENTED_EDGE ( 'NONE', *, *, #320, .F. ) ;
#5114 = CARTESIAN_POINT ( 'NONE',  ( -29.77676431430577964, -23.20359469931947771, 14.44999999999998685 ) ) ;
#5115 = CARTESIAN_POINT ( 'NONE',  ( -32.39612749753595011, -18.33900346702067097, 12.94999999999999751 ) ) ;
#5116 = PLANE ( 'NONE',  #1624 ) ;
#5117 = LINE ( 'NONE', #2549, #4209 ) ;
#5118 = CARTESIAN_POINT ( 'NONE',  ( -33.66602064729967481, -19.18751894213284714, 13.45002456809160662 ) ) ;
#5119 = ORIENTED_EDGE ( 'NONE', *, *, #2548, .T. ) ;
#5120 = CARTESIAN_POINT ( 'NONE',  ( 0.000000000000000000, 0.000000000000000000, 10.00000000000000533 ) ) ;
#5121 = LINE ( 'NONE', #3188, #5341 ) ;
#5122 = LINE ( 'NONE', #1850, #4464 ) ;
#5123 = DIRECTION ( 'NONE',  ( 1.000000000000000000, 0.000000000000000000, 0.000000000000000000 ) ) ;
#5124 = ORIENTED_EDGE ( 'NONE', *, *, #1563, .F. ) ;
#5125 = ORIENTED_EDGE ( 'NONE', *, *, #2933, .F. ) ;
#5126 = CARTESIAN_POINT ( 'NONE',  ( -14.66577412700120675, -38.01943672985940736, 7.550000000000000711 ) ) ;
#5127 = CARTESIAN_POINT ( 'NONE',  ( -30.86830935673204479, -20.62554490085268810, 10.00000000000000533 ) ) ;
#5128 = DIRECTION ( 'NONE',  ( -0.000000000000000000, -0.000000000000000000, -1.000000000000000000 ) ) ;
#5129 = FACE_OUTER_BOUND ( 'NONE', #1273, .T. ) ;
#5130 = EDGE_LOOP ( 'NONE', ( #3064, #3142, #4435 ) ) ;
#5131 = ADVANCED_FACE ( 'NONE', ( #1477 ), #607, .F. ) ;
#5132 = ORIENTED_EDGE ( 'NONE', *, *, #3159, .F. ) ;
#5133 = CARTESIAN_POINT ( 'NONE',  ( -2.309401076758498483, 38.00000000000000000, 14.12988923928204343 ) ) ;
#5134 = EDGE_CURVE ( 'NONE', #2123, #1063, #3316, .T. ) ;
#5135 = ORIENTED_EDGE ( 'NONE', *, *, #616, .F. ) ;
#5136 = EDGE_CURVE ( 'NONE', #2767, #1692, #5162, .T. ) ;
#5137 = DIRECTION ( 'NONE',  ( -0.000000000000000000, -0.000000000000000000, 1.000000000000000000 ) ) ;
#5138 = CARTESIAN_POINT ( 'NONE',  ( -22.91208633468476918, -29.34049121592807197, 14.44999999999998330 ) ) ;
#5139 = PLANE ( 'NONE',  #1443 ) ;
#5140 = CARTESIAN_POINT ( 'NONE',  ( -23.31600222553097623, -29.06377632706297831, 14.93957834445147448 ) ) ;
#5141 = CARTESIAN_POINT ( 'NONE',  ( 24.03908494240037896, 31.02716382675123796, 12.94999999999999751 ) ) ;
#5142 = B_SPLINE_CURVE_WITH_KNOTS ( 'NONE', 3,
 ( #1313, #5016, #3565, #3973 ),
 .UNSPECIFIED., .F., .F.,
 ( 4, 4 ),
 ( 3.008699649614864167E-07, 0.001232096091803666247 ),
 .UNSPECIFIED. ) ;
#5143 = ORIENTED_EDGE ( 'NONE', *, *, #412, .T. ) ;
#5144 = CARTESIAN_POINT ( 'NONE',  ( 38.00000000000000000, 2.309401076758500704, 14.12988923928204343 ) ) ;
#5145 = EDGE_LOOP ( 'NONE', ( #2845, #605, #1671, #4782 ) ) ;
#5146 = DIRECTION ( 'NONE',  ( -0.3928474791935578914, 0.5879378012096836414, -0.7071067811865402453 ) ) ;
#5147 = FACE_OUTER_BOUND ( 'NONE', #2248, .T. ) ;
#5148 = DIRECTION ( 'NONE',  ( 0.7071067811865539010, 0.000000000000000000, 0.7071067811865411334 ) ) ;
#5149 = AXIS2_PLACEMENT_3D ( 'NONE', #1917, #271, #4868 ) ;
#5150 = EDGE_LOOP ( 'NONE', ( #4608, #1187, #3025, #4722, #654 ) ) ;
#5151 = VERTEX_POINT ( 'NONE', #4752 ) ;
#5152 = DIRECTION ( 'NONE',  ( 0.000000000000000000, 0.000000000000000000, -1.000000000000000000 ) ) ;
#5153 = DIRECTION ( 'NONE',  ( 0.000000000000000000, 0.000000000000000000, -1.000000000000000000 ) ) ;
#5154 = VECTOR ( 'NONE', #3623, 1000.000000000000000 ) ;
#5155 = DIRECTION ( 'NONE',  ( 0.9238795325112850731, -0.3826834323650941672, 0.000000000000000000 ) ) ;
#5156 = DIRECTION ( 'NONE',  ( 1.051347561198065757E-14, 1.000000000000000000, 0.000000000000000000 ) ) ;
#5157 = ORIENTED_EDGE ( 'NONE', *, *, #4566, .T. ) ;
#5158 = LINE ( 'NONE', #952, #14 ) ;
#5159 = ORIENTED_EDGE ( 'NONE', *, *, #4415, .F. ) ;
#5160 = AXIS2_PLACEMENT_3D ( 'NONE', #3279, #1147, #2386 ) ;
#5161 = ORIENTED_EDGE ( 'NONE', *, *, #3854, .F. ) ;
#5162 = LINE ( 'NONE', #1448, #3035 ) ;
#5163 = CYLINDRICAL_SURFACE ( 'NONE', #5285, 2.749999999999999112 ) ;
#5164 = ORIENTED_EDGE ( 'NONE', *, *, #990, .T. ) ;
#5165 = AXIS2_PLACEMENT_3D ( 'NONE', #984, #3880, #2979 ) ;
#5166 = VECTOR ( 'NONE', #5056, 1000.000000000000114 ) ;
#5167 = CARTESIAN_POINT ( 'NONE',  ( 32.39612749753595011, 18.33900346702067097, 14.44999999999998685 ) ) ;
#5168 = DIRECTION ( 'NONE',  ( 0.000000000000000000, 0.000000000000000000, 1.000000000000000000 ) ) ;
#5169 = CARTESIAN_POINT ( 'NONE',  ( -13.28049744610182259, -33.84791542055775437, 7.590185671946581003 ) ) ;
#5170 = DIRECTION ( 'NONE',  ( 0.9238795325112878487, 0.3826834323650871172, 0.000000000000000000 ) ) ;
#5171 = EDGE_CURVE ( 'NONE', #551, #1450, #3229, .T. ) ;
#5172 = AXIS2_PLACEMENT_3D ( 'NONE', #3210, #1132, #2804 ) ;
#5173 = AXIS2_PLACEMENT_3D ( 'NONE', #4762, #1053, #4442 ) ;
#5174 = DIRECTION ( 'NONE',  ( 0.000000000000000000, 0.000000000000000000, 1.000000000000000000 ) ) ;
#5175 = CARTESIAN_POINT ( 'NONE',  ( -34.08280010835910190, -19.46600207473627719, 12.94999999999999751 ) ) ;
#5176 = EDGE_CURVE ( 'NONE', #7, #349, #4860, .T. ) ;
#5177 = VERTEX_POINT ( 'NONE', #5281 ) ;
#5178 = ORIENTED_EDGE ( 'NONE', *, *, #4216, .F. ) ;
#5179 = EDGE_CURVE ( 'NONE', #1861, #1593, #1565, .T. ) ;
#5180 = CARTESIAN_POINT ( 'NONE',  ( -32.39612749753568721, 18.33900346702111150, 12.94999999999999751 ) ) ;
#5181 = LINE ( 'NONE', #5065, #3189 ) ;
#5182 = CARTESIAN_POINT ( 'NONE',  ( 20.62554490085280179, 30.86830935673197729, 14.44999999999998330 ) ) ;
#5183 = DIRECTION ( 'NONE',  ( -0.000000000000000000, -0.000000000000000000, -1.000000000000000000 ) ) ;
#5184 = ORIENTED_EDGE ( 'NONE', *, *, #4732, .T. ) ;
#5185 = ORIENTED_EDGE ( 'NONE', *, *, #258, .T. ) ;
#5186 = DIRECTION ( 'NONE',  ( -0.8314696123025385743, 0.5555702330196122807, 0.000000000000000000 ) ) ;
#5187 = CARTESIAN_POINT ( 'NONE',  ( -37.92465451142123811, -14.90965242695606818, 7.575968224207259460 ) ) ;
#5188 = DIRECTION ( 'NONE',  ( -0.5555702330195917416, 0.8314696123025521191, 0.000000000000000000 ) ) ;
#5189 = DIRECTION ( 'NONE',  ( -1.000000000000000000, 0.000000000000000000, 0.000000000000000000 ) ) ;
#5190 = PLANE ( 'NONE',  #2667 ) ;
#5191 = VERTEX_POINT ( 'NONE', #4510 ) ;
#5192 = ORIENTED_EDGE ( 'NONE', *, *, #4339, .F. ) ;
#5193 = EDGE_CURVE ( 'NONE', #821, #4707, #3580, .T. ) ;
#5194 = CARTESIAN_POINT ( 'NONE',  ( -29.07138688430895002, 23.31482942814413306, 14.93437499999999218 ) ) ;
#5195 = CARTESIAN_POINT ( 'NONE',  ( 0.000000000000000000, 0.000000000000000000, 12.94999999999999929 ) ) ;
#5196 = AXIS2_PLACEMENT_3D ( 'NONE', #2097, #3347, #4985 ) ;
#5197 = VERTEX_POINT ( 'NONE', #2465 ) ;
#5198 = CARTESIAN_POINT ( 'NONE',  ( 37.64809094983499449, 15.59434986887731789, 9.132062257545568329 ) ) ;
#5199 = DIRECTION ( 'NONE',  ( -0.3928474791935476218, 0.5879378012096767581, 0.7071067811865517916 ) ) ;
#5200 = EDGE_CURVE ( 'NONE', #4168, #2842, #896, .T. ) ;
#5201 = VECTOR ( 'NONE', #1547, 1000.000000000000227 ) ;
#5202 = DIRECTION ( 'NONE',  ( 0.000000000000000000, 0.000000000000000000, 1.000000000000000000 ) ) ;
#5203 = CARTESIAN_POINT ( 'NONE',  ( -32.83240059591332738, 18.63051183165592661, 14.44999999999997975 ) ) ;
#5204 = AXIS2_PLACEMENT_3D ( 'NONE', #4641, #4176, #455 ) ;
#5205 = LINE ( 'NONE', #1955, #4473 ) ;
#5206 = PLANE ( 'NONE',  #2760 ) ;
#5207 = EDGE_LOOP ( 'NONE', ( #3478, #4788, #4443, #571 ) ) ;
#5208 = VERTEX_POINT ( 'NONE', #3834 ) ;
#5209 = EDGE_CURVE ( 'NONE', #2129, #1446, #1041, .T. ) ;
#5210 = EDGE_CURVE ( 'NONE', #1596, #4354, #1667, .T. ) ;
#5211 = CARTESIAN_POINT ( 'NONE',  ( -23.31831402705183365, 29.04855815588439683, 14.94999999999999751 ) ) ;
#5212 = EDGE_CURVE ( 'NONE', #2940, #2764, #81, .T. ) ;
#5213 = DIRECTION ( 'NONE',  ( 1.000000000000000000, 0.000000000000000000, 0.000000000000000000 ) ) ;
#5214 = CARTESIAN_POINT ( 'NONE',  ( 37.65805502769431001, -15.57035343282743867, 8.288353038719481702 ) ) ;
#5215 = ORIENTED_EDGE ( 'NONE', *, *, #1336, .T. ) ;
#5216 = DIRECTION ( 'NONE',  ( 0.000000000000000000, -0.000000000000000000, 1.000000000000000000 ) ) ;
#5217 = CARTESIAN_POINT ( 'NONE',  ( -37.46969110453496654, -2.003227093208108212, 14.67705938545993405 ) ) ;
#5218 = LINE ( 'NONE', #3255, #1779 ) ;
#5219 = CARTESIAN_POINT ( 'NONE',  ( 33.62876758745462524, 13.47493578079135901, 7.722236169159778285 ) ) ;
#5220 = VERTEX_POINT ( 'NONE', #2559 ) ;
#5221 = CARTESIAN_POINT ( 'NONE',  ( 0.000000000000000000, 38.00000000000000000, 14.94999999999999751 ) ) ;
#5222 = EDGE_LOOP ( 'NONE', ( #4129, #77, #3194, #4148 ) ) ;
#5223 = MANIFOLD_SOLID_BREP ( 'Cut-Revolve1', #4132 ) ;
#5224 = ORIENTED_EDGE ( 'NONE', *, *, #3378, .T. ) ;
#5225 = CARTESIAN_POINT ( 'NONE',  ( -33.24922162052770602, 18.90902273613888696, 13.95002554812838014 ) ) ;
#5226 = EDGE_CURVE ( 'NONE', #1770, #3128, #496, .T. ) ;
#5227 = ORIENTED_EDGE ( 'NONE', *, *, #4703, .T. ) ;
#5228 = DIRECTION ( 'NONE',  ( 0.000000000000000000, 0.000000000000000000, 1.000000000000000000 ) ) ;
#5229 = ORIENTED_EDGE ( 'NONE', *, *, #1406, .F. ) ;
#5230 = DIRECTION ( 'NONE',  ( 0.000000000000000000, 0.000000000000000000, -1.000000000000000000 ) ) ;
#5231 = CARTESIAN_POINT ( 'NONE',  ( -29.77676431430546344, 23.20359469931988272, 14.44999999999998153 ) ) ;
#5232 = ADVANCED_FACE ( 'NONE', ( #4690 ), #1404, .F. ) ;
#5233 = CARTESIAN_POINT ( 'NONE',  ( 40.00000000000002132, 4.899008328788628555E-15, 12.19999999999998863 ) ) ;
#5234 = FACE_OUTER_BOUND ( 'NONE', #3055, .T. ) ;
#5235 = VERTEX_POINT ( 'NONE', #4316 ) ;
#5236 = CYLINDRICAL_SURFACE ( 'NONE', #604, 1.649999999999998579 ) ;
#5237 = EDGE_LOOP ( 'NONE', ( #8, #1957, #4919, #1921, #5026 ) ) ;
#5238 = CARTESIAN_POINT ( 'NONE',  ( 30.19358533892015473, 23.48210560380243450, 13.95002554812838724 ) ) ;
#5239 = ADVANCED_FACE ( 'NONE', ( #3922 ), #5298, .F. ) ;
#5240 = CARTESIAN_POINT ( 'NONE',  ( 13.30617926224495662, 32.07502374124845090, 9.224504124157643759 ) ) ;
#5241 = FACE_OUTER_BOUND ( 'NONE', #2788, .T. ) ;
#5242 = CARTESIAN_POINT ( 'NONE',  ( 29.07138688430925200, 23.31482942814374582, 14.93437499999999396 ) ) ;
#5243 = EDGE_LOOP ( 'NONE', ( #3477, #4978, #244, #1934 ) ) ;
#5244 = CARTESIAN_POINT ( 'NONE',  ( 33.26937860279046788, -13.61449992134870257, 8.002821673848515616 ) ) ;
#5245 = LINE ( 'NONE', #1286, #4494 ) ;
#5246 = LINE ( 'NONE', #3106, #841 ) ;
#5247 = DIRECTION ( 'NONE',  ( -0.3928474791935606669, -0.5879378012096804218, -0.7071067811865413555 ) ) ;
#5248 = CARTESIAN_POINT ( 'NONE',  ( -1.849852981152807274, -37.20403934988943462, 14.94999999999999751 ) ) ;
#5249 = ORIENTED_EDGE ( 'NONE', *, *, #5256, .T. ) ;
#5250 = EDGE_LOOP ( 'NONE', ( #1071, #1296 ) ) ;
#5251 = ORIENTED_EDGE ( 'NONE', *, *, #2166, .T. ) ;
#5252 = DIRECTION ( 'NONE',  ( 1.000000000000000000, 0.000000000000000000, 0.000000000000000000 ) ) ;
#5253 = FACE_OUTER_BOUND ( 'NONE', #5278, .T. ) ;
#5254 = AXIS2_PLACEMENT_3D ( 'NONE', #2240, #5155, #1439 ) ;
#5255 = VERTEX_POINT ( 'NONE', #688 ) ;
#5256 = EDGE_CURVE ( 'NONE', #2317, #1908, #949, .T. ) ;
#5257 = AXIS2_PLACEMENT_3D ( 'NONE', #1076, #5168, #2738 ) ;
#5258 = CARTESIAN_POINT ( 'NONE',  ( -28.11830935673176413, 20.62554490085312509, 14.44999999999998330 ) ) ;
#5259 = ORIENTED_EDGE ( 'NONE', *, *, #3962, .T. ) ;
#5260 = PLANE ( 'NONE',  #5172 ) ;
#5261 = VECTOR ( 'NONE', #3475, 1000.000000000000000 ) ;
#5262 = CIRCLE ( 'NONE', #2850, 2.750000000000002665 ) ;
#5263 = CARTESIAN_POINT ( 'NONE',  ( -18.97554490085280321, -30.86830935673197729, -16.95000000000000639 ) ) ;
#5264 = PLANE ( 'NONE',  #166 ) ;
#5265 = EDGE_CURVE ( 'NONE', #1014, #901, #441, .T. ) ;
#5266 = CIRCLE ( 'NONE', #487, 3.250000000000037748 ) ;
#5267 = ORIENTED_EDGE ( 'NONE', *, *, #2847, .T. ) ;
#5268 = CARTESIAN_POINT ( 'NONE',  ( 29.34049121592814302, 22.91208633468467326, 14.44999999999998685 ) ) ;
#5269 = EDGE_CURVE ( 'NONE', #2285, #1739, #1131, .T. ) ;
#5270 = CARTESIAN_POINT ( 'NONE',  ( -2.309401076758498039, 38.00000000000000000, 8.949999999999999289 ) ) ;
#5271 = CARTESIAN_POINT ( 'NONE',  ( 13.00053977280016326, 33.99920536741764465, 7.549999999999999822 ) ) ;
#5272 = B_SPLINE_CURVE_WITH_KNOTS ( 'NONE', 3,
 ( #2370, #1899, #1107, #1869 ),
 .UNSPECIFIED., .F., .F.,
 ( 4, 4 ),
 ( 0.0008952149612380310914, 0.0009230662444359160083 ),
 .UNSPECIFIED. ) ;
#5273 = ORIENTED_EDGE ( 'NONE', *, *, #4804, .T. ) ;
#5274 = VERTEX_POINT ( 'NONE', #3629 ) ;
#5275 = DIRECTION ( 'NONE',  ( -4.205390244792263185E-15, -1.000000000000000000, 0.000000000000000000 ) ) ;
#5276 = CARTESIAN_POINT ( 'NONE',  ( 0.3826834323650823988, -0.9238795325112765244, 8.549999999999998934 ) ) ;
#5277 = LINE ( 'NONE', #4502, #2408 ) ;
#5278 = EDGE_LOOP ( 'NONE', ( #3968, #4111, #1247, #2912, #4660, #3332, #1441, #1532, #1925, #2280, #4016, #871, #3282, #582, #2032, #1476, #5101, #2891, #570, #4336, #4024, #376, #3771, #315, #2948, #2779, #4897, #4924, #130, #3080, #3315, #2914, #384, #5314, #5159, #2619, #993, #4298, #1816, #3246, #1234, #4285, #2871, #4096, #3689, #4460, #4403, #1061 ) ) ;
#5279 = ORIENTED_EDGE ( 'NONE', *, *, #3385, .F. ) ;
#5280 = ORIENTED_EDGE ( 'NONE', *, *, #813, .T. ) ;
#5281 = CARTESIAN_POINT ( 'NONE',  ( -30.86830935673177834, 18.97554490085312651, 12.94999999999999751 ) ) ;
#5282 = LINE ( 'NONE', #2824, #3213 ) ;
#5283 = B_SPLINE_CURVE_WITH_KNOTS ( 'NONE', 3,
 ( #3679, #5238, #3130, #1938 ),
 .UNSPECIFIED., .F., .F.,
 ( 4, 4 ),
 ( 2.832197111898031178E-07, 0.002124322505366518701 ),
 .UNSPECIFIED. ) ;
#5284 = ORIENTED_EDGE ( 'NONE', *, *, #4662, .F. ) ;
#5285 = AXIS2_PLACEMENT_3D ( 'NONE', #1042, #1013, #3173 ) ;
#5286 = EDGE_CURVE ( 'NONE', #3869, #3214, #5106, .T. ) ;
#5287 = DIRECTION ( 'NONE',  ( -0.8314696123025463459, -0.5555702330196005123, -0.000000000000000000 ) ) ;
#5288 = EDGE_LOOP ( 'NONE', ( #1588, #1715 ) ) ;
#5289 = VECTOR ( 'NONE', #4286, 1000.000000000000000 ) ;
#5290 = DIRECTION ( 'NONE',  ( 0.000000000000000000, 0.000000000000000000, -1.000000000000000000 ) ) ;
#5291 = AXIS2_PLACEMENT_3D ( 'NONE', #1818, #888, #4682 ) ;
#5292 = CARTESIAN_POINT ( 'NONE',  ( -39.99999999999999289, -1.154700538379256569, 8.949999999999999289 ) ) ;
#5293 = CARTESIAN_POINT ( 'NONE',  ( -22.91208633468476918, -29.34049121592807197, 14.44999999999998330 ) ) ;
#5294 = PRESENTATION_LAYER_ASSIGNMENT (  '', '', ( #109 ) ) ;
#5295 = CARTESIAN_POINT ( 'NONE',  ( -31.00000000000000000, 0.000000000000000000, 12.94999999999999929 ) ) ;
#5296 = DIRECTION ( 'NONE',  ( 0.000000000000000000, 0.000000000000000000, -1.000000000000000000 ) ) ;
#5297 = ORIENTED_EDGE ( 'NONE', *, *, #1758, .T. ) ;
#5298 = PLANE ( 'NONE',  #2614 ) ;
#5299 = EDGE_CURVE ( 'NONE', #3869, #3103, #3909, .T. ) ;
#5300 = CARTESIAN_POINT ( 'NONE',  ( 17.93626037356174763, 32.66523182915476298, 14.93437499999998508 ) ) ;
#5301 = DIRECTION ( 'NONE',  ( 0.4999999999999973910, 0.8660254037844401509, 0.000000000000000000 ) ) ;
#5302 = CARTESIAN_POINT ( 'NONE',  ( -23.24144735566038733, -29.54204840701706658, 14.61187450479806671 ) ) ;
#5303 = ORIENTED_EDGE ( 'NONE', *, *, #71, .T. ) ;
#5304 = CARTESIAN_POINT ( 'NONE',  ( -20.62554490085236480, 30.86830935673225795, 14.94999999999999751 ) ) ;
#5305 = ORIENTED_EDGE ( 'NONE', *, *, #3573, .T. ) ;
#5306 = ORIENTED_EDGE ( 'NONE', *, *, #3965, .F. ) ;
#5307 = DIRECTION ( 'NONE',  ( 0.8660254037844399289, -0.4999999999999977240, 0.000000000000000000 ) ) ;
#5308 = ORIENTED_EDGE ( 'NONE', *, *, #1198, .T. ) ;
#5309 = EDGE_CURVE ( 'NONE', #1214, #4190, #1571, .T. ) ;
#5310 = ORIENTED_EDGE ( 'NONE', *, *, #5077, .T. ) ;
#5311 = CARTESIAN_POINT ( 'NONE',  ( 1.154700538379238139, 40.00000000000002132, 14.94999999999999751 ) ) ;
#5312 = DIRECTION ( 'NONE',  ( 0.8314696123025463459, 0.5555702330196005123, 0.000000000000000000 ) ) ;
#5313 = EDGE_CURVE ( 'NONE', #2672, #3207, #121, .T. ) ;
#5314 = ORIENTED_EDGE ( 'NONE', *, *, #848, .F. ) ;
#5315 = DIRECTION ( 'NONE',  ( 1.000000000000000000, 0.000000000000000000, 0.000000000000000000 ) ) ;
#5316 = CARTESIAN_POINT ( 'NONE',  ( 31.13549593190747444, -13.63614153255043782, 9.959616674867156405 ) ) ;
#5317 = ADVANCED_FACE ( 'NONE', ( #2079 ), #3034, .F. ) ;
#5318 = DIRECTION ( 'NONE',  ( -0.000000000000000000, -0.000000000000000000, 1.000000000000000000 ) ) ;
#5319 = CARTESIAN_POINT ( 'NONE',  ( 30.86830935673190623, -20.62554490085290837, 12.94999999999999751 ) ) ;
#5320 = ORIENTED_EDGE ( 'NONE', *, *, #954, .T. ) ;
#5321 = CARTESIAN_POINT ( 'NONE',  ( 20.62554490085280179, 30.86830935673197729, 12.94999999999999751 ) ) ;
#5322 = CARTESIAN_POINT ( 'NONE',  ( 13.54699350572398409, -32.70533545089963923, 8.549999999999995381 ) ) ;
#5323 = CARTESIAN_POINT ( 'NONE',  ( 32.80960914720477462, 13.59018508493248056, 8.437134964423592010 ) ) ;
#5324 = CARTESIAN_POINT ( 'NONE',  ( -30.86830935673176057, 20.62554490085312509, -16.95000000000000639 ) ) ;
#5325 = VERTEX_POINT ( 'NONE', #4277 ) ;
#5326 = VERTEX_POINT ( 'NONE', #1782 ) ;
#5327 = VERTEX_POINT ( 'NONE', #2656 ) ;
#5328 = DIRECTION ( 'NONE',  ( -0.000000000000000000, -0.000000000000000000, 1.000000000000000000 ) ) ;
#5329 = AXIS2_PLACEMENT_3D ( 'NONE', #5127, #3925, #1381 ) ;
#5330 = ORIENTED_EDGE ( 'NONE', *, *, #3238, .T. ) ;
#5331 = ADVANCED_FACE ( 'NONE', ( #1659 ), #3662, .F. ) ;
#5332 = VERTEX_POINT ( 'NONE', #908 ) ;
#5333 = CARTESIAN_POINT ( 'NONE',  ( -13.61449992134859244, -33.26937860279050341, 8.002821673848515616 ) ) ;
#5334 = AXIS2_PLACEMENT_3D ( 'NONE', #2752, #1577, #4862 ) ;
#5335 = LINE ( 'NONE', #2039, #3288 ) ;
#5336 = EDGE_LOOP ( 'NONE', ( #1248, #3582, #3464, #805 ) ) ;
#5337 = CIRCLE ( 'NONE', #2840, 1.649999999999998579 ) ;
#5338 = CARTESIAN_POINT ( 'NONE',  ( -40.00000000000000000, 0.3849001794597485815, 12.20000000000000817 ) ) ;
#5339 = DIRECTION ( 'NONE',  ( -4.205390244792263185E-15, -1.000000000000000000, 0.000000000000000000 ) ) ;
#5340 = CARTESIAN_POINT ( 'NONE',  ( -38.00000000000000000, 2.326828918379972154E-15, 7.549999999999999822 ) ) ;
#5341 = VECTOR ( 'NONE', #2428, 1000.000000000000114 ) ;
#5342 = AXIS2_PLACEMENT_3D ( 'NONE', #4983, #3295, #3345 ) ;
#5343 = AXIS2_PLACEMENT_3D ( 'NONE', #175, #4255, #2255 ) ;
#5344 = CARTESIAN_POINT ( 'NONE',  ( 1.154700538379249020, -40.00000000000001421, 8.949999999999999289 ) ) ;
#5345 = AXIS2_PLACEMENT_3D ( 'NONE', #2858, #477, #1653 ) ;
#5346 = CARTESIAN_POINT ( 'NONE',  ( -39.33606691978558700, 1.538022480964939875, 12.83593247474964016 ) ) ;
#5347 = DIRECTION ( 'NONE',  ( 0.8314696123025459018, 0.5555702330196014005, 0.000000000000000000 ) ) ;
#5348 = AXIS2_PLACEMENT_3D ( 'NONE', #4383, #284, #1929 ) ;
#5349 = AXIS2_PLACEMENT_3D ( 'NONE', #4372, #1472, #3864 ) ;
#5350 = DIRECTION ( 'NONE',  ( 1.000000000000000000, 0.000000000000000000, 0.000000000000000000 ) ) ;
#5351 = CARTESIAN_POINT ( 'NONE',  ( 32.18488387400991257, 13.33141540401792469, 9.113332727455263793 ) ) ;
ENDSEC;
END-ISO-10303-21;
