ISO-10303-21;
HEADER;
FILE_DESCRIPTION (( 'STEP AP214' ),
    '1' );
FILE_NAME ('1x_hal_magnet_holder.STEP',
    '2025-10-20T17:51:33',
    ( '' ),
    ( '' ),
    'SwSTEP 2.0',
    'SolidWorks 2024',
    '' );
FILE_SCHEMA (( 'AUTOMOTIVE_DESIGN' ));
ENDSEC;

DATA;
#1 =( NAMED_UNIT ( * ) PLANE_ANGLE_UNIT ( ) SI_UNIT ( $, .RADIAN. ) );
#2 = PRODUCT_DEFINITION ( 'UNKNOWN', '', #1262, #994 ) ;
#3 = CIRCLE ( 'NONE', #992, 4.250000000000000000 ) ;
#4 = VECTOR ( 'NONE', #851, 999.9999999999998863 ) ;
#5 = CARTESIAN_POINT ( 'NONE',  ( 3.009438278150946555, -1.737499999999990496, 0.000000000000000000 ) ) ;
#6 = FACE_OUTER_BOUND ( 'NONE', #315, .T. ) ;
#7 = VERTEX_POINT ( 'NONE', #313 ) ;
#8 =( LENGTH_UNIT ( ) NAMED_UNIT ( * ) SI_UNIT ( .MILLI., .METRE. ) );
#9 = CIRCLE ( 'NONE', #449, 3.000000000000000000 ) ;
#10 = DIRECTION ( 'NONE',  ( -1.000000000000000000, -3.134325421825718999E-15, 0.000000000000000000 ) ) ;
#11 = CYLINDRICAL_SURFACE ( 'NONE', #1305, 0.5000000000000004441 ) ;
#12 = CIRCLE ( 'NONE', #270, 0.5000000000000004441 ) ;
#13 = SURFACE_SIDE_STYLE ('',( #124 ) ) ;
#14 = EDGE_LOOP ( 'NONE', ( #170, #1365, #1060, #917 ) ) ;
#15 = EDGE_CURVE ( 'NONE', #439, #711, #1248, .T. ) ;
#16 = STYLED_ITEM ( 'NONE', ( #125 ), #866 ) ;
#17 = CARTESIAN_POINT ( 'NONE',  ( 1.506292185433942166, -3.474999999999984546, 0.000000000000000000 ) ) ;
#18 = FACE_OUTER_BOUND ( 'NONE', #526, .T. ) ;
#19 = VECTOR ( 'NONE', #1342, 1000.000000000000000 ) ;
#20 =( NAMED_UNIT ( * ) SI_UNIT ( $, .STERADIAN. ) SOLID_ANGLE_UNIT ( ) );
#21 = CONICAL_SURFACE ( 'NONE', #1031, 3.999999999999996447, 0.7853981633974482790 ) ;
#22 = VERTEX_POINT ( 'NONE', #185 ) ;
#23 = SURFACE_STYLE_USAGE ( .BOTH. , #746 ) ;
#24 =( GEOMETRIC_REPRESENTATION_CONTEXT ( 3 ) GLOBAL_UNCERTAINTY_ASSIGNED_CONTEXT ( ( #569 ) ) GLOBAL_UNIT_ASSIGNED_CONTEXT ( ( #413, #1247, #834 ) ) REPRESENTATION_CONTEXT ( 'NONE', 'WORKASPACE' ) );
#25 = SURFACE_STYLE_USAGE ( .BOTH. , #13 ) ;
#26 = EDGE_LOOP ( 'NONE', ( #258, #990, #1066, #389 ) ) ;
#27 = AXIS2_PLACEMENT_3D ( 'NONE', #749, #831, #1161 ) ;
#28 =( NAMED_UNIT ( * ) SI_UNIT ( $, .STERADIAN. ) SOLID_ANGLE_UNIT ( ) );
#29 = STYLED_ITEM ( 'NONE', ( #130 ), #55 ) ;
#30 = EDGE_CURVE ( 'NONE', #1297, #798, #1268, .T. ) ;
#31 =( NAMED_UNIT ( * ) PLANE_ANGLE_UNIT ( ) SI_UNIT ( $, .RADIAN. ) );
#32 = ORIENTED_EDGE ( 'NONE', *, *, #381, .T. ) ;
#33 = DIRECTION ( 'NONE',  ( -0.000000000000000000, -0.000000000000000000, -1.000000000000000000 ) ) ;
#34 = FILL_AREA_STYLE ('',( #982 ) ) ;
#35 = CARTESIAN_POINT ( 'NONE',  ( -2.506292185433966591, 3.474999999999993872, 5.250000000000000000 ) ) ;
#36 = AXIS2_PLACEMENT_3D ( 'NONE', #193, #697, #491 ) ;
#37 = EDGE_CURVE ( 'NONE', #1168, #784, #977, .T. ) ;
#38 = EDGE_LOOP ( 'NONE', ( #251, #1285, #1011, #978 ) ) ;
#39 =( NAMED_UNIT ( * ) SI_UNIT ( $, .STERADIAN. ) SOLID_ANGLE_UNIT ( ) );
#40 =( LENGTH_UNIT ( ) NAMED_UNIT ( * ) SI_UNIT ( .MILLI., .METRE. ) );
#41 = AXIS2_PLACEMENT_3D ( 'NONE', #1232, #699, #395 ) ;
#42 = DIRECTION ( 'NONE',  ( -0.000000000000000000, -0.000000000000000000, -1.000000000000000000 ) ) ;
#43 = AXIS2_PLACEMENT_3D ( 'NONE', #1163, #531, #948 ) ;
#44 = ORIENTED_EDGE ( 'NONE', *, *, #15, .F. ) ;
#45 = DIRECTION ( 'NONE',  ( -0.000000000000000000, 0.000000000000000000, 1.000000000000000000 ) ) ;
#46 = CARTESIAN_POINT ( 'NONE',  ( -3.009438278150910584, -1.737500000000024469, 5.250000000000000000 ) ) ;
#47 = CONICAL_SURFACE ( 'NONE', #27, 3.250000000000001332, 0.7853981633974466137 ) ;
#48 =( NAMED_UNIT ( * ) SI_UNIT ( $, .STERADIAN. ) SOLID_ANGLE_UNIT ( ) );
#49 = COLOUR_RGB ( '',0.2980392156862745057, 0.2980392156862745057, 0.2980392156862745057 ) ;
#50 = AXIS2_PLACEMENT_3D ( 'NONE', #298, #871, #1068 ) ;
#51 = ORIENTED_EDGE ( 'NONE', *, *, #908, .F. ) ;
#52 = DIRECTION ( 'NONE',  ( -1.000000000000000000, 0.000000000000000000, 0.000000000000000000 ) ) ;
#53 = FILL_AREA_STYLE ('',( #883 ) ) ;
#54 = CARTESIAN_POINT ( 'NONE',  ( 2.006292185433942166, -3.475000000000007638, 0.000000000000000000 ) ) ;
#55 = ADVANCED_FACE ( 'NONE', ( #1158 ), #717, .T. ) ;
#56 = PRESENTATION_STYLE_ASSIGNMENT (( #1002 ) ) ;
#57 = FACE_OUTER_BOUND ( 'NONE', #358, .T. ) ;
#58 = ORIENTED_EDGE ( 'NONE', *, *, #174, .F. ) ;
#59 = FILL_AREA_STYLE_COLOUR ( '', #1252 ) ;
#60 = CARTESIAN_POINT ( 'NONE',  ( -3.762584370867879890, 0.4330127018922358406, 5.250000000000000000 ) ) ;
#61 = FACE_OUTER_BOUND ( 'NONE', #368, .T. ) ;
#62 = ORIENTED_EDGE ( 'NONE', *, *, #255, .F. ) ;
#63 = UNCERTAINTY_MEASURE_WITH_UNIT (LENGTH_MEASURE( 1.000000000000000082E-05 ), #1259, 'distance_accuracy_value', 'NONE');
#64 = COLOUR_RGB ( '',0.2980392156862745057, 0.2980392156862745057, 0.2980392156862745057 ) ;
#65 = CARTESIAN_POINT ( 'NONE',  ( -2.006292185433967479, -3.474999999999992983, 5.250000000000000000 ) ) ;
#66 = CARTESIAN_POINT ( 'NONE',  ( 3.643112901937601515E-14, -3.475000000000000089, 5.250000000000000000 ) ) ;
#67 = SURFACE_STYLE_FILL_AREA ( #1226 ) ;
#68 = LINE ( 'NONE', #707, #1212 ) ;
#69 = ADVANCED_FACE ( 'NONE', ( #6, #323 ), #648, .F. ) ;
#70 = ORIENTED_EDGE ( 'NONE', *, *, #234, .F. ) ;
#71 = CARTESIAN_POINT ( 'NONE',  ( -5.250000000000000000, 0.000000000000000000, 5.750000000000000000 ) ) ;
#72 = AXIS2_PLACEMENT_3D ( 'NONE', #263, #809, #929 ) ;
#73 = CARTESIAN_POINT ( 'NONE',  ( 1.506292185433944386, 3.475000000000004530, 0.000000000000000000 ) ) ;
#74 = EDGE_CURVE ( 'NONE', #146, #1203, #557, .T. ) ;
#75 = CARTESIAN_POINT ( 'NONE',  ( -1.506292185433966591, 3.474999999999995648, 0.000000000000000000 ) ) ;
#76 =( GEOMETRIC_REPRESENTATION_CONTEXT ( 3 ) GLOBAL_UNCERTAINTY_ASSIGNED_CONTEXT ( ( #943 ) ) GLOBAL_UNIT_ASSIGNED_CONTEXT ( ( #558, #747, #872 ) ) REPRESENTATION_CONTEXT ( 'NONE', 'WORKASPACE' ) );
#77 = AXIS2_PLACEMENT_3D ( 'NONE', #83, #95, #1260 ) ;
#78 = ORIENTED_EDGE ( 'NONE', *, *, #570, .T. ) ;
#79 = DIRECTION ( 'NONE',  ( -0.000000000000000000, -0.000000000000000000, -1.000000000000000000 ) ) ;
#80 = DIRECTION ( 'NONE',  ( -0.000000000000000000, -0.000000000000000000, -1.000000000000000000 ) ) ;
#81 = DIRECTION ( 'NONE',  ( -0.000000000000000000, -0.000000000000000000, -1.000000000000000000 ) ) ;
#82 = FILL_AREA_STYLE ('',( #408 ) ) ;
#83 = CARTESIAN_POINT ( 'NONE',  ( -2.006292185433966591, 3.474999999999993872, 5.250000000000000000 ) ) ;
#84 = ORIENTED_EDGE ( 'NONE', *, *, #712, .T. ) ;
#85 = EDGE_CURVE ( 'NONE', #1077, #650, #801, .T. ) ;
#86 = LINE ( 'NONE', #920, #19 ) ;
#87 = FILL_AREA_STYLE_COLOUR ( '', #1281 ) ;
#88 = ORIENTED_EDGE ( 'NONE', *, *, #507, .T. ) ;
#89 = MECHANICAL_DESIGN_GEOMETRIC_PRESENTATION_REPRESENTATION (  '', ( #453 ), #430 ) ;
#90 = ORIENTED_EDGE ( 'NONE', *, *, #1221, .T. ) ;
#91 = PRESENTATION_LAYER_ASSIGNMENT (  '', '', ( #119 ) ) ;
#92 = CIRCLE ( 'NONE', #607, 3.250000000000001332 ) ;
#93 = LINE ( 'NONE', #546, #714 ) ;
#94 = DIRECTION ( 'NONE',  ( -0.000000000000000000, -0.000000000000000000, 1.000000000000000000 ) ) ;
#95 = DIRECTION ( 'NONE',  ( -0.000000000000000000, -0.000000000000000000, -1.000000000000000000 ) ) ;
#96 = ADVANCED_FACE ( 'NONE', ( #542 ), #496, .T. ) ;
#97 = UNCERTAINTY_MEASURE_WITH_UNIT (LENGTH_MEASURE( 1.000000000000000082E-05 ), #1321, 'distance_accuracy_value', 'NONE');
#98 = EDGE_CURVE ( 'NONE', #620, #1168, #480, .T. ) ;
#99 = ORIENTED_EDGE ( 'NONE', *, *, #1050, .F. ) ;
#100 = FILL_AREA_STYLE_COLOUR ( '', #406 ) ;
#101 = COLOUR_RGB ( '',0.2980392156862745057, 0.2980392156862745057, 0.2980392156862745057 ) ;
#102 = ORIENTED_EDGE ( 'NONE', *, *, #908, .T. ) ;
#103 =( LENGTH_UNIT ( ) NAMED_UNIT ( * ) SI_UNIT ( .MILLI., .METRE. ) );
#104 = SURFACE_STYLE_FILL_AREA ( #865 ) ;
#105 = FILL_AREA_STYLE_COLOUR ( '', #740 ) ;
#106 = CARTESIAN_POINT ( 'NONE',  ( 5.250000000000000000, 6.429395695523603167E-16, 0.000000000000000000 ) ) ;
#107 = ORIENTED_EDGE ( 'NONE', *, *, #829, .F. ) ;
#108 = CARTESIAN_POINT ( 'NONE',  ( -2.506292185433967035, -3.474999999999992983, 5.250000000000000000 ) ) ;
#109 = DIRECTION ( 'NONE',  ( 1.000000000000000000, 0.000000000000000000, 0.000000000000000000 ) ) ;
#110 = CIRCLE ( 'NONE', #1184, 3.250000000000001332 ) ;
#111 = DIRECTION ( 'NONE',  ( -0.4999999999999950040, -0.8660254037844415942, 0.000000000000000000 ) ) ;
#112 = SURFACE_STYLE_FILL_AREA ( #128 ) ;
#113 = CIRCLE ( 'NONE', #1016, 0.5000000000000004441 ) ;
#114 =( GEOMETRIC_REPRESENTATION_CONTEXT ( 3 ) GLOBAL_UNCERTAINTY_ASSIGNED_CONTEXT ( ( #1097 ) ) GLOBAL_UNIT_ASSIGNED_CONTEXT ( ( #849, #1145, #638 ) ) REPRESENTATION_CONTEXT ( 'NONE', 'WORKASPACE' ) );
#115 = DIRECTION ( 'NONE',  ( 1.000000000000000000, 0.000000000000000000, 0.000000000000000000 ) ) ;
#116 = FACE_OUTER_BOUND ( 'NONE', #733, .T. ) ;
#117 = EDGE_CURVE ( 'NONE', #22, #804, #788, .T. ) ;
#118 = ORIENTED_EDGE ( 'NONE', *, *, #1114, .T. ) ;
#119 = STYLED_ITEM ( 'NONE', ( #359 ), #688 ) ;
#120 =( GEOMETRIC_REPRESENTATION_CONTEXT ( 3 ) GLOBAL_UNCERTAINTY_ASSIGNED_CONTEXT ( ( #1187 ) ) GLOBAL_UNIT_ASSIGNED_CONTEXT ( ( #232, #340, #20 ) ) REPRESENTATION_CONTEXT ( 'NONE', 'WORKASPACE' ) );
#121 = DIRECTION ( 'NONE',  ( 0.4999999999999950595, 0.8660254037844415942, 0.000000000000000000 ) ) ;
#122 = CARTESIAN_POINT ( 'NONE',  ( -2.506292185433966591, 3.474999999999993872, 0.000000000000000000 ) ) ;
#123 = EDGE_CURVE ( 'NONE', #566, #1070, #268, .T. ) ;
#124 = SURFACE_STYLE_FILL_AREA ( #655 ) ;
#125 = PRESENTATION_STYLE_ASSIGNMENT (( #656 ) ) ;
#126 = ORIENTED_EDGE ( 'NONE', *, *, #966, .T. ) ;
#127 = AXIS2_PLACEMENT_3D ( 'NONE', #663, #961, #1283 ) ;
#128 = FILL_AREA_STYLE ('',( #1052 ) ) ;
#129 = AXIS2_PLACEMENT_3D ( 'NONE', #412, #291, #1250 ) ;
#130 = PRESENTATION_STYLE_ASSIGNMENT (( #25 ) ) ;
#131 = FACE_OUTER_BOUND ( 'NONE', #856, .T. ) ;
#132 = ORIENTED_EDGE ( 'NONE', *, *, #735, .F. ) ;
#133 = EDGE_CURVE ( 'NONE', #620, #814, #373, .T. ) ;
#134 = STYLED_ITEM ( 'NONE', ( #915 ), #325 ) ;
#135 = CARTESIAN_POINT ( 'NONE',  ( -3.009438278150934565, 1.737499999999982725, 5.250000000000000000 ) ) ;
#136 =( NAMED_UNIT ( * ) SI_UNIT ( $, .STERADIAN. ) SOLID_ANGLE_UNIT ( ) );
#137 = AXIS2_PLACEMENT_3D ( 'NONE', #1148, #209, #285 ) ;
#138 = DIRECTION ( 'NONE',  ( -1.000000000000000000, 0.000000000000000000, 0.000000000000000000 ) ) ;
#139 = CIRCLE ( 'NONE', #488, 0.5000000000000004441 ) ;
#140 = ORIENTED_EDGE ( 'NONE', *, *, #1225, .T. ) ;
#141 = CARTESIAN_POINT ( 'NONE',  ( 2.256292185433964370, -3.041987298107800441, 0.000000000000000000 ) ) ;
#142 = COLOUR_RGB ( '',0.2980392156862745057, 0.2980392156862745057, 0.2980392156862745057 ) ;
#143 =( GEOMETRIC_REPRESENTATION_CONTEXT ( 3 ) GLOBAL_UNCERTAINTY_ASSIGNED_CONTEXT ( ( #797 ) ) GLOBAL_UNIT_ASSIGNED_CONTEXT ( ( #693, #144, #1208 ) ) REPRESENTATION_CONTEXT ( 'NONE', 'WORKASPACE' ) );
#144 =( NAMED_UNIT ( * ) PLANE_ANGLE_UNIT ( ) SI_UNIT ( $, .RADIAN. ) );
#145 =( NAMED_UNIT ( * ) SI_UNIT ( $, .STERADIAN. ) SOLID_ANGLE_UNIT ( ) );
#146 = VERTEX_POINT ( 'NONE', #60 ) ;
#147 = COLOUR_RGB ( '',0.2980392156862745057, 0.2980392156862745057, 0.2980392156862745057 ) ;
#148 = DIRECTION ( 'NONE',  ( -1.000000000000000000, 0.000000000000000000, 0.000000000000000000 ) ) ;
#149 = UNCERTAINTY_MEASURE_WITH_UNIT (LENGTH_MEASURE( 1.000000000000000082E-05 ), #1339, 'distance_accuracy_value', 'NONE');
#150 = CARTESIAN_POINT ( 'NONE',  ( 0.000000000000000000, 0.000000000000000000, 10.25000000000000000 ) ) ;
#151 = CARTESIAN_POINT ( 'NONE',  ( 4.250000000000000000, 0.000000000000000000, 6.749999999999993783 ) ) ;
#152 = FILL_AREA_STYLE_COLOUR ( '', #776 ) ;
#153 = VERTEX_POINT ( 'NONE', #1302 ) ;
#154 =( NAMED_UNIT ( * ) PLANE_ANGLE_UNIT ( ) SI_UNIT ( $, .RADIAN. ) );
#155 = SURFACE_STYLE_FILL_AREA ( #785 ) ;
#156 =( GEOMETRIC_REPRESENTATION_CONTEXT ( 3 ) GLOBAL_UNCERTAINTY_ASSIGNED_CONTEXT ( ( #149 ) ) GLOBAL_UNIT_ASSIGNED_CONTEXT ( ( #1339, #511, #706 ) ) REPRESENTATION_CONTEXT ( 'NONE', 'WORKASPACE' ) );
#157 = PRESENTATION_STYLE_ASSIGNMENT (( #549 ) ) ;
#158 = CIRCLE ( 'NONE', #404, 3.000000000000000000 ) ;
#159 = VERTEX_POINT ( 'NONE', #766 ) ;
#160 = COLOUR_RGB ( '',0.2980392156862745057, 0.2980392156862745057, 0.2980392156862745057 ) ;
#161 = SURFACE_SIDE_STYLE ('',( #155 ) ) ;
#162 = DIRECTION ( 'NONE',  ( -0.000000000000000000, -0.000000000000000000, -1.000000000000000000 ) ) ;
#163 = SURFACE_SIDE_STYLE ('',( #366 ) ) ;
#164 = DIRECTION ( 'NONE',  ( -0.000000000000000000, -0.000000000000000000, -1.000000000000000000 ) ) ;
#165 = ORIENTED_EDGE ( 'NONE', *, *, #532, .F. ) ;
#166 = CIRCLE ( 'NONE', #391, 5.250000000000000000 ) ;
#167 = LINE ( 'NONE', #267, #882 ) ;
#168 = DIRECTION ( 'NONE',  ( -0.7071067811865463515, 8.659560562354918067E-17, 0.7071067811865487940 ) ) ;
#169 = CARTESIAN_POINT ( 'NONE',  ( 5.250000000000000000, 6.429395695523603167E-16, 5.750000000000000000 ) ) ;
#170 = ORIENTED_EDGE ( 'NONE', *, *, #1155, .F. ) ;
#171 = FILL_AREA_STYLE_COLOUR ( '', #49 ) ;
#172 = STYLED_ITEM ( 'NONE', ( #926 ), #524 ) ;
#173 = FILL_AREA_STYLE ('',( #815 ) ) ;
#174 = EDGE_CURVE ( 'NONE', #566, #1109, #208, .T. ) ;
#175 = CARTESIAN_POINT ( 'NONE',  ( 3.999999999999996447, 5.051668046482830778E-16, 10.25000000000000000 ) ) ;
#176 = CYLINDRICAL_SURFACE ( 'NONE', #838, 5.250000000000000000 ) ;
#177 = PRESENTATION_LAYER_ASSIGNMENT (  '', '', ( #770 ) ) ;
#178 = CARTESIAN_POINT ( 'NONE',  ( -5.250000000000004441, 0.000000000000000000, 5.750000000000000000 ) ) ;
#179 =( NAMED_UNIT ( * ) SI_UNIT ( $, .STERADIAN. ) SOLID_ANGLE_UNIT ( ) );
#180 = PRESENTATION_LAYER_ASSIGNMENT (  '', '', ( #659 ) ) ;
#181 = UNCERTAINTY_MEASURE_WITH_UNIT (LENGTH_MEASURE( 1.000000000000000082E-05 ), #40, 'distance_accuracy_value', 'NONE');
#182 = EDGE_CURVE ( 'NONE', #1203, #528, #388, .T. ) ;
#183 = DIRECTION ( 'NONE',  ( 1.000000000000000000, 0.000000000000000000, 0.000000000000000000 ) ) ;
#184 = LINE ( 'NONE', #1023, #754 ) ;
#185 = CARTESIAN_POINT ( 'NONE',  ( -3.762584370867922523, -0.4330127018922029225, 5.250000000000000000 ) ) ;
#186 = DIRECTION ( 'NONE',  ( -0.000000000000000000, -0.000000000000000000, -1.000000000000000000 ) ) ;
#187 = EDGE_LOOP ( 'NONE', ( #293, #1130, #999, #84, #126, #326, #595, #521, #233, #470, #1160, #1244, #78, #497, #827 ) ) ;
#188 =( NAMED_UNIT ( * ) PLANE_ANGLE_UNIT ( ) SI_UNIT ( $, .RADIAN. ) );
#189 = CYLINDRICAL_SURFACE ( 'NONE', #41, 0.4999999999999995559 ) ;
#190 = ORIENTED_EDGE ( 'NONE', *, *, #1238, .T. ) ;
#191 = SURFACE_STYLE_FILL_AREA ( #725 ) ;
#192 =( GEOMETRIC_REPRESENTATION_CONTEXT ( 3 ) GLOBAL_UNCERTAINTY_ASSIGNED_CONTEXT ( ( #1330 ) ) GLOBAL_UNIT_ASSIGNED_CONTEXT ( ( #1353, #516, #1131 ) ) REPRESENTATION_CONTEXT ( 'NONE', 'WORKASPACE' ) );
#193 = CARTESIAN_POINT ( 'NONE',  ( 0.000000000000000000, 0.000000000000000000, 5.250000000000000000 ) ) ;
#194 = SURFACE_STYLE_USAGE ( .BOTH. , #510 ) ;
#195 = CARTESIAN_POINT ( 'NONE',  ( 0.000000000000000000, 0.000000000000000000, 10.25000000000000000 ) ) ;
#196 = VERTEX_POINT ( 'NONE', #782 ) ;
#197 = PRESENTATION_STYLE_ASSIGNMENT (( #1053 ) ) ;
#198 = ORIENTED_EDGE ( 'NONE', *, *, #1210, .F. ) ;
#199 = MECHANICAL_DESIGN_GEOMETRIC_PRESENTATION_REPRESENTATION (  '', ( #659 ), #24 ) ;
#200 = EDGE_CURVE ( 'NONE', #711, #1297, #354, .T. ) ;
#201 = AXIS2_PLACEMENT_3D ( 'NONE', #610, #698, #921 ) ;
#202 = CARTESIAN_POINT ( 'NONE',  ( 0.000000000000000000, 0.000000000000000000, 9.999999999999998224 ) ) ;
#203 = EDGE_CURVE ( 'NONE', #763, #1326, #845, .T. ) ;
#204 = DIRECTION ( 'NONE',  ( 1.000000000000000000, 0.000000000000000000, 0.000000000000000000 ) ) ;
#205 = ORIENTED_EDGE ( 'NONE', *, *, #913, .T. ) ;
#206 = DIRECTION ( 'NONE',  ( 1.000000000000000000, 0.000000000000000000, 0.000000000000000000 ) ) ;
#207 =( GEOMETRIC_REPRESENTATION_CONTEXT ( 3 ) GLOBAL_UNCERTAINTY_ASSIGNED_CONTEXT ( ( #351 ) ) GLOBAL_UNIT_ASSIGNED_CONTEXT ( ( #1293, #438, #756 ) ) REPRESENTATION_CONTEXT ( 'NONE', 'WORKASPACE' ) );
#208 = CIRCLE ( 'NONE', #318, 0.4999999999999995559 ) ;
#209 = DIRECTION ( 'NONE',  ( -0.000000000000000000, -0.000000000000000000, -1.000000000000000000 ) ) ;
#210 = DIRECTION ( 'NONE',  ( -1.000000000000000000, 0.000000000000000000, 0.000000000000000000 ) ) ;
#211 = STYLED_ITEM ( 'NONE', ( #844 ), #875 ) ;
#212 = COLOUR_RGB ( '',0.2980392156862745057, 0.2980392156862745057, 0.2980392156862745057 ) ;
#213 =( LENGTH_UNIT ( ) NAMED_UNIT ( * ) SI_UNIT ( .MILLI., .METRE. ) );
#214 = DIRECTION ( 'NONE',  ( -0.000000000000000000, 0.000000000000000000, -1.000000000000000000 ) ) ;
#215 = SURFACE_SIDE_STYLE ('',( #651 ) ) ;
#216 = ORIENTED_EDGE ( 'NONE', *, *, #1114, .F. ) ;
#217 = ADVANCED_FACE ( 'NONE', ( #1082 ), #893, .T. ) ;
#218 = FACE_OUTER_BOUND ( 'NONE', #14, .T. ) ;
#219 = VECTOR ( 'NONE', #879, 1000.000000000000114 ) ;
#220 = FACE_OUTER_BOUND ( 'NONE', #331, .T. ) ;
#221 = PRESENTATION_LAYER_ASSIGNMENT (  '', '', ( #537 ) ) ;
#222 = SURFACE_SIDE_STYLE ('',( #329 ) ) ;
#223 = VERTEX_POINT ( 'NONE', #1115 ) ;
#224 = CIRCLE ( 'NONE', #1288, 0.4999999999999997780 ) ;
#225 = FILL_AREA_STYLE_COLOUR ( '', #1073 ) ;
#226 = FACE_OUTER_BOUND ( 'NONE', #1372, .T. ) ;
#227 = SURFACE_STYLE_FILL_AREA ( #1176 ) ;
#228 = CARTESIAN_POINT ( 'NONE',  ( -2.006292185433967479, -3.474999999999992983, 5.250000000000000000 ) ) ;
#229 = EDGE_CURVE ( 'NONE', #814, #835, #92, .T. ) ;
#230 = EDGE_LOOP ( 'NONE', ( #349, #559 ) ) ;
#231 = CARTESIAN_POINT ( 'NONE',  ( 0.000000000000000000, 0.000000000000000000, 6.749999999999993783 ) ) ;
#232 =( LENGTH_UNIT ( ) NAMED_UNIT ( * ) SI_UNIT ( .MILLI., .METRE. ) );
#233 = ORIENTED_EDGE ( 'NONE', *, *, #1346, .T. ) ;
#234 = EDGE_CURVE ( 'NONE', #1144, #7, #1239, .T. ) ;
#235 = EDGE_CURVE ( 'NONE', #528, #153, #12, .T. ) ;
#236 = SURFACE_STYLE_FILL_AREA ( #53 ) ;
#237 =( GEOMETRIC_REPRESENTATION_CONTEXT ( 3 ) GLOBAL_UNCERTAINTY_ASSIGNED_CONTEXT ( ( #63 ) ) GLOBAL_UNIT_ASSIGNED_CONTEXT ( ( #1259, #440, #857 ) ) REPRESENTATION_CONTEXT ( 'NONE', 'WORKASPACE' ) );
#238 = SURFACE_SIDE_STYLE ('',( #247 ) ) ;
#239 = CONICAL_SURFACE ( 'NONE', #43, 5.250000000000004441, 0.7853981633974533860 ) ;
#240 = DIRECTION ( 'NONE',  ( -0.000000000000000000, 0.000000000000000000, 1.000000000000000000 ) ) ;
#241 = STYLED_ITEM ( 'NONE', ( #813 ), #762 ) ;
#242 = AXIS2_PLACEMENT_3D ( 'NONE', #884, #585, #786 ) ;
#243 = ORIENTED_EDGE ( 'NONE', *, *, #203, .F. ) ;
#244 = DIRECTION ( 'NONE',  ( -0.000000000000000000, -0.000000000000000000, -1.000000000000000000 ) ) ;
#245 = UNCERTAINTY_MEASURE_WITH_UNIT (LENGTH_MEASURE( 1.000000000000000082E-05 ), #1116, 'distance_accuracy_value', 'NONE');
#246 = CARTESIAN_POINT ( 'NONE',  ( -1.089178084084437413E-14, 3.475000000000000089, 0.000000000000000000 ) ) ;
#247 = SURFACE_STYLE_FILL_AREA ( #458 ) ;
#248 =( GEOMETRIC_REPRESENTATION_CONTEXT ( 3 ) GLOBAL_UNCERTAINTY_ASSIGNED_CONTEXT ( ( #1078 ) ) GLOBAL_UNIT_ASSIGNED_CONTEXT ( ( #249, #1311, #679 ) ) REPRESENTATION_CONTEXT ( 'NONE', 'WORKASPACE' ) );
#249 =( LENGTH_UNIT ( ) NAMED_UNIT ( * ) SI_UNIT ( .MILLI., .METRE. ) );
#250 = PRESENTATION_STYLE_ASSIGNMENT (( #777 ) ) ;
#251 = ORIENTED_EDGE ( 'NONE', *, *, #563, .F. ) ;
#252 =( NAMED_UNIT ( * ) SI_UNIT ( $, .STERADIAN. ) SOLID_ANGLE_UNIT ( ) );
#253 = PRESENTATION_LAYER_ASSIGNMENT (  '', '', ( #852 ) ) ;
#254 = DIRECTION ( 'NONE',  ( 0.000000000000000000, 0.000000000000000000, 1.000000000000000000 ) ) ;
#255 = EDGE_CURVE ( 'NONE', #1152, #1263, #743, .T. ) ;
#256 = COLOUR_RGB ( '',0.2980392156862745057, 0.2980392156862745057, 0.2980392156862745057 ) ;
#257 = VECTOR ( 'NONE', #1199, 1000.000000000000000 ) ;
#258 = ORIENTED_EDGE ( 'NONE', *, *, #1197, .F. ) ;
#259 = SURFACE_SIDE_STYLE ('',( #1204 ) ) ;
#260 =( NAMED_UNIT ( * ) PLANE_ANGLE_UNIT ( ) SI_UNIT ( $, .RADIAN. ) );
#261 = CARTESIAN_POINT ( 'NONE',  ( -3.999999999999996447, 0.000000000000000000, 10.25000000000000000 ) ) ;
#262 = VECTOR ( 'NONE', #111, 1000.000000000000000 ) ;
#263 = CARTESIAN_POINT ( 'NONE',  ( 0.000000000000000000, 0.000000000000000000, -9.599242404917500693 ) ) ;
#264 = VECTOR ( 'NONE', #647, 1000.000000000000000 ) ;
#265 = ORIENTED_EDGE ( 'NONE', *, *, #631, .F. ) ;
#266 =( NAMED_UNIT ( * ) PLANE_ANGLE_UNIT ( ) SI_UNIT ( $, .RADIAN. ) );
#267 = CARTESIAN_POINT ( 'NONE',  ( 3.009438278150922574, 1.737500000000004041, 0.000000000000000000 ) ) ;
#268 = LINE ( 'NONE', #1009, #868 ) ;
#269 = CARTESIAN_POINT ( 'NONE',  ( 0.000000000000000000, 0.000000000000000000, 5.250000000000000000 ) ) ;
#270 = AXIS2_PLACEMENT_3D ( 'NONE', #502, #399, #817 ) ;
#271 = EDGE_LOOP ( 'NONE', ( #295, #1046, #680, #423 ) ) ;
#272 = DIRECTION ( 'NONE',  ( 1.000000000000000000, 0.000000000000000000, 0.000000000000000000 ) ) ;
#273 = VECTOR ( 'NONE', #1227, 1000.000000000000000 ) ;
#274 = UNCERTAINTY_MEASURE_WITH_UNIT (LENGTH_MEASURE( 1.000000000000000082E-05 ), #1049, 'distance_accuracy_value', 'NONE');
#275 = SURFACE_SIDE_STYLE ('',( #1223 ) ) ;
#276 = DIRECTION ( 'NONE',  ( -0.5000000000000011102, 0.8660254037844380415, 0.000000000000000000 ) ) ;
#277 = SURFACE_SIDE_STYLE ('',( #356 ) ) ;
#278 = ORIENTED_EDGE ( 'NONE', *, *, #1295, .F. ) ;
#279 = CARTESIAN_POINT ( 'NONE',  ( -3.762584370867922523, -0.4330127018922029225, 5.250000000000000000 ) ) ;
#280 = PRESENTATION_LAYER_ASSIGNMENT (  '', '', ( #653 ) ) ;
#281 = EDGE_CURVE ( 'NONE', #1070, #1347, #434, .T. ) ;
#282 = LINE ( 'NONE', #933, #506 ) ;
#283 = DIRECTION ( 'NONE',  ( -1.000000000000000000, 0.000000000000000000, 0.000000000000000000 ) ) ;
#284 =( LENGTH_UNIT ( ) NAMED_UNIT ( * ) SI_UNIT ( .MILLI., .METRE. ) );
#285 = DIRECTION ( 'NONE',  ( -1.000000000000000000, 0.000000000000000000, 0.000000000000000000 ) ) ;
#286 = ORIENTED_EDGE ( 'NONE', *, *, #182, .F. ) ;
#287 = CARTESIAN_POINT ( 'NONE',  ( -2.256292185433946607, -3.041987298107761806, 5.250000000000000000 ) ) ;
#288 = VECTOR ( 'NONE', #1310, 1000.000000000000000 ) ;
#289 = PRESENTATION_LAYER_ASSIGNMENT (  '', '', ( #241 ) ) ;
#290 = CIRCLE ( 'NONE', #1284, 4.250000000000000000 ) ;
#291 = DIRECTION ( 'NONE',  ( -0.000000000000000000, 0.000000000000000000, 1.000000000000000000 ) ) ;
#292 = DIRECTION ( 'NONE',  ( 1.000000000000000000, 0.000000000000000000, 0.000000000000000000 ) ) ;
#293 = ORIENTED_EDGE ( 'NONE', *, *, #182, .T. ) ;
#294 = CIRCLE ( 'NONE', #1064, 5.250000000000000000 ) ;
#295 = ORIENTED_EDGE ( 'NONE', *, *, #1151, .F. ) ;
#296 = PRESENTATION_STYLE_ASSIGNMENT (( #1362 ) ) ;
#297 = DIRECTION ( 'NONE',  ( -0.000000000000000000, 0.000000000000000000, 1.000000000000000000 ) ) ;
#298 = CARTESIAN_POINT ( 'NONE',  ( 0.000000000000000000, 0.000000000000000000, 0.000000000000000000 ) ) ;
#299 = CARTESIAN_POINT ( 'NONE',  ( -4.012584370867902095, 2.883977778811441794E-14, 5.250000000000000000 ) ) ;
#300 = ORIENTED_EDGE ( 'NONE', *, *, #919, .F. ) ;
#301 = CARTESIAN_POINT ( 'NONE',  ( -1.506292185433967701, -3.475000000000016076, 5.250000000000000000 ) ) ;
#302 =( NAMED_UNIT ( * ) SI_UNIT ( $, .STERADIAN. ) SOLID_ANGLE_UNIT ( ) );
#303 = PRESENTATION_STYLE_ASSIGNMENT (( #1344 ) ) ;
#304 = ORIENTED_EDGE ( 'NONE', *, *, #37, .T. ) ;
#305 =( NAMED_UNIT ( * ) SI_UNIT ( $, .STERADIAN. ) SOLID_ANGLE_UNIT ( ) );
#306 = AXIS2_PLACEMENT_3D ( 'NONE', #231, #1051, #1169 ) ;
#307 =( GEOMETRIC_REPRESENTATION_CONTEXT ( 3 ) GLOBAL_UNCERTAINTY_ASSIGNED_CONTEXT ( ( #1136 ) ) GLOBAL_UNIT_ASSIGNED_CONTEXT ( ( #322, #541, #28 ) ) REPRESENTATION_CONTEXT ( 'NONE', 'WORKASPACE' ) );
#308 =( GEOMETRIC_REPRESENTATION_CONTEXT ( 3 ) GLOBAL_UNCERTAINTY_ASSIGNED_CONTEXT ( ( #1142 ) ) GLOBAL_UNIT_ASSIGNED_CONTEXT ( ( #1129, #1370, #1025 ) ) REPRESENTATION_CONTEXT ( 'NONE', 'WORKASPACE' ) );
#309 = CARTESIAN_POINT ( 'NONE',  ( 4.012584370867902095, -6.505213034913026604E-16, 5.250000000000000000 ) ) ;
#310 = FACE_BOUND ( 'NONE', #1359, .T. ) ;
#311 =( GEOMETRIC_REPRESENTATION_CONTEXT ( 3 ) GLOBAL_UNCERTAINTY_ASSIGNED_CONTEXT ( ( #723 ) ) GLOBAL_UNIT_ASSIGNED_CONTEXT ( ( #324, #1094, #1209 ) ) REPRESENTATION_CONTEXT ( 'NONE', 'WORKASPACE' ) );
#312 = APPLICATION_CONTEXT ( 'automotive_design' ) ;
#313 = CARTESIAN_POINT ( 'NONE',  ( 4.250000000000000000, 0.000000000000000000, 9.999999999999996447 ) ) ;
#314 = CARTESIAN_POINT ( 'NONE',  ( 2.006292185433943942, 3.475000000000006306, 5.250000000000000000 ) ) ;
#315 = EDGE_LOOP ( 'NONE', ( #1134, #861 ) ) ;
#316 = PRESENTATION_LAYER_ASSIGNMENT (  '', '', ( #842 ) ) ;
#317 = ADVANCED_FACE ( 'NONE', ( #1140 ), #189, .F. ) ;
#318 = AXIS2_PLACEMENT_3D ( 'NONE', #594, #240, #578 ) ;
#319 = DIRECTION ( 'NONE',  ( -0.000000000000000000, -0.000000000000000000, -1.000000000000000000 ) ) ;
#320 = SHAPE_DEFINITION_REPRESENTATION ( #984, #462 ) ;
#321 = LINE ( 'NONE', #864, #400 ) ;
#322 =( LENGTH_UNIT ( ) NAMED_UNIT ( * ) SI_UNIT ( .MILLI., .METRE. ) );
#323 = FACE_BOUND ( 'NONE', #230, .T. ) ;
#324 =( LENGTH_UNIT ( ) NAMED_UNIT ( * ) SI_UNIT ( .MILLI., .METRE. ) );
#325 = ADVANCED_FACE ( 'NONE', ( #386 ), #604, .T. ) ;
#326 = ORIENTED_EDGE ( 'NONE', *, *, #811, .T. ) ;
#327 = CARTESIAN_POINT ( 'NONE',  ( -4.012584370867902095, 2.883977778811441794E-14, 5.250000000000000000 ) ) ;
#328 = SURFACE_STYLE_USAGE ( .BOTH. , #1175 ) ;
#329 = SURFACE_STYLE_FILL_AREA ( #1164 ) ;
#330 = SURFACE_STYLE_FILL_AREA ( #1278 ) ;
#331 = EDGE_LOOP ( 'NONE', ( #1054, #1173, #62, #107, #1032, #58, #1034, #965, #1019, #673, #456, #165, #819, #405, #1233 ) ) ;
#332 = CIRCLE ( 'NONE', #1058, 0.4999999999999997780 ) ;
#333 = DIRECTION ( 'NONE',  ( -1.000000000000000000, 0.000000000000000000, 0.000000000000000000 ) ) ;
#334 = VERTEX_POINT ( 'NONE', #75 ) ;
#335 = VECTOR ( 'NONE', #244, 1000.000000000000000 ) ;
#336 = AXIS2_PLACEMENT_3D ( 'NONE', #420, #1253, #292 ) ;
#337 = CARTESIAN_POINT ( 'NONE',  ( 0.000000000000000000, 0.000000000000000000, 9.999999999999996447 ) ) ;
#338 = LINE ( 'NONE', #5, #4 ) ;
#339 = VECTOR ( 'NONE', #164, 1000.000000000000000 ) ;
#340 =( NAMED_UNIT ( * ) PLANE_ANGLE_UNIT ( ) SI_UNIT ( $, .RADIAN. ) );
#341 = FILL_AREA_STYLE_COLOUR ( '', #101 ) ;
#342 = ORIENTED_EDGE ( 'NONE', *, *, #361, .F. ) ;
#343 = EDGE_CURVE ( 'NONE', #650, #1203, #444, .T. ) ;
#344 = EDGE_CURVE ( 'NONE', #924, #1185, #959, .T. ) ;
#345 =( NAMED_UNIT ( * ) SI_UNIT ( $, .STERADIAN. ) SOLID_ANGLE_UNIT ( ) );
#346 = DIRECTION ( 'NONE',  ( -0.000000000000000000, -0.000000000000000000, -1.000000000000000000 ) ) ;
#347 = PRESENTATION_LAYER_ASSIGNMENT (  '', '', ( #787 ) ) ;
#348 = CARTESIAN_POINT ( 'NONE',  ( 0.000000000000000000, 0.000000000000000000, 5.250000000000000000 ) ) ;
#349 = ORIENTED_EDGE ( 'NONE', *, *, #1174, .T. ) ;
#350 = DIRECTION ( 'NONE',  ( -0.000000000000000000, -0.000000000000000000, 1.000000000000000000 ) ) ;
#351 = UNCERTAINTY_MEASURE_WITH_UNIT (LENGTH_MEASURE( 1.000000000000000082E-05 ), #1293, 'distance_accuracy_value', 'NONE');
#352 =( LENGTH_UNIT ( ) NAMED_UNIT ( * ) SI_UNIT ( .MILLI., .METRE. ) );
#353 = CARTESIAN_POINT ( 'NONE',  ( -2.506292185433966591, 3.474999999999993872, 5.250000000000000000 ) ) ;
#354 = LINE ( 'NONE', #1100, #1289 ) ;
#355 = PRESENTATION_LAYER_ASSIGNMENT (  '', '', ( #1213 ) ) ;
#356 = SURFACE_STYLE_FILL_AREA ( #1010 ) ;
#357 = AXIS2_PLACEMENT_3D ( 'NONE', #1036, #934, #705 ) ;
#358 = EDGE_LOOP ( 'NONE', ( #627, #102, #822, #1003 ) ) ;
#359 = PRESENTATION_STYLE_ASSIGNMENT (( #1307 ) ) ;
#360 = APPLICATION_CONTEXT ( 'automotive_design' ) ;
#361 = EDGE_CURVE ( 'NONE', #1144, #439, #1180, .T. ) ;
#362 = DIRECTION ( 'NONE',  ( -0.5000000000000069944, 0.8660254037844345998, 0.000000000000000000 ) ) ;
#363 =( GEOMETRIC_REPRESENTATION_CONTEXT ( 3 ) GLOBAL_UNCERTAINTY_ASSIGNED_CONTEXT ( ( #482 ) ) GLOBAL_UNIT_ASSIGNED_CONTEXT ( ( #8, #622, #39 ) ) REPRESENTATION_CONTEXT ( 'NONE', 'WORKASPACE' ) );
#364 =( NAMED_UNIT ( * ) PLANE_ANGLE_UNIT ( ) SI_UNIT ( $, .RADIAN. ) );
#365 = MECHANICAL_DESIGN_GEOMETRIC_PRESENTATION_REPRESENTATION (  '', ( #842 ), #120 ) ;
#366 = SURFACE_STYLE_FILL_AREA ( #34 ) ;
#367 = DIRECTION ( 'NONE',  ( 3.134325421825719394E-15, -1.000000000000000000, 0.000000000000000000 ) ) ;
#368 = EDGE_LOOP ( 'NONE', ( #731, #90, #956, #1349 ) ) ;
#369 = DIRECTION ( 'NONE',  ( -0.000000000000000000, -0.000000000000000000, 1.000000000000000000 ) ) ;
#370 = EDGE_CURVE ( 'NONE', #1109, #1040, #321, .T. ) ;
#371 = SURFACE_STYLE_USAGE ( .BOTH. , #452 ) ;
#372 = LINE ( 'NONE', #691, #288 ) ;
#373 = LINE ( 'NONE', #880, #1220 ) ;
#374 = DIRECTION ( 'NONE',  ( 1.000000000000000000, 0.000000000000000000, 0.000000000000000000 ) ) ;
#375 = CIRCLE ( 'NONE', #129, 0.5000000000000000000 ) ;
#376 = ORIENTED_EDGE ( 'NONE', *, *, #592, .F. ) ;
#377 = PRESENTATION_STYLE_ASSIGNMENT (( #1322 ) ) ;
#378 = DIRECTION ( 'NONE',  ( -1.000000000000000000, 0.000000000000000000, 0.000000000000000000 ) ) ;
#379 = CARTESIAN_POINT ( 'NONE',  ( -1.089178084084437413E-14, 3.475000000000000089, 5.250000000000000000 ) ) ;
#380 = VECTOR ( 'NONE', #346, 1000.000000000000000 ) ;
#381 = EDGE_CURVE ( 'NONE', #146, #1125, #928, .T. ) ;
#382 = COLOUR_RGB ( '',0.2980392156862745057, 0.2980392156862745057, 0.2980392156862745057 ) ;
#383 = EDGE_LOOP ( 'NONE', ( #342, #504, #278, #44 ) ) ;
#384 = FACE_OUTER_BOUND ( 'NONE', #748, .T. ) ;
#385 = CARTESIAN_POINT ( 'NONE',  ( 2.006292185433942166, -3.475000000000007638, 5.250000000000000000 ) ) ;
#386 = FACE_OUTER_BOUND ( 'NONE', #580, .T. ) ;
#387 = COLOUR_RGB ( '',0.2980392156862745057, 0.2980392156862745057, 0.2980392156862745057 ) ;
#388 = CIRCLE ( 'NONE', #1086, 0.5000000000000004441 ) ;
#389 = ORIENTED_EDGE ( 'NONE', *, *, #123, .T. ) ;
#390 = DIRECTION ( 'NONE',  ( -0.000000000000000000, -0.000000000000000000, -1.000000000000000000 ) ) ;
#391 = AXIS2_PLACEMENT_3D ( 'NONE', #461, #1202, #374 ) ;
#392 = ADVANCED_FACE ( 'NONE', ( #1062 ), #1147, .T. ) ;
#393 = SURFACE_STYLE_USAGE ( .BOTH. , #275 ) ;
#394 =( NAMED_UNIT ( * ) SI_UNIT ( $, .STERADIAN. ) SOLID_ANGLE_UNIT ( ) );
#395 = DIRECTION ( 'NONE',  ( -1.000000000000000000, 0.000000000000000000, 0.000000000000000000 ) ) ;
#396 = SURFACE_STYLE_USAGE ( .BOTH. , #1254 ) ;
#397 = VERTEX_POINT ( 'NONE', #17 ) ;
#398 = FILL_AREA_STYLE_COLOUR ( '', #382 ) ;
#399 = DIRECTION ( 'NONE',  ( -0.000000000000000000, 0.000000000000000000, 1.000000000000000000 ) ) ;
#400 = VECTOR ( 'NONE', #10, 1000.000000000000000 ) ;
#401 = ORIENTED_EDGE ( 'NONE', *, *, #631, .T. ) ;
#402 =( LENGTH_UNIT ( ) NAMED_UNIT ( * ) SI_UNIT ( .MILLI., .METRE. ) );
#403 = STYLED_ITEM ( 'NONE', ( #547 ), #428 ) ;
#404 = AXIS2_PLACEMENT_3D ( 'NONE', #980, #576, #378 ) ;
#405 = ORIENTED_EDGE ( 'NONE', *, *, #117, .F. ) ;
#406 = COLOUR_RGB ( '',0.2980392156862745057, 0.2980392156862745057, 0.2980392156862745057 ) ;
#407 =( LENGTH_UNIT ( ) NAMED_UNIT ( * ) SI_UNIT ( .MILLI., .METRE. ) );
#408 = FILL_AREA_STYLE_COLOUR ( '', #465 ) ;
#409 = FACE_OUTER_BOUND ( 'NONE', #1320, .T. ) ;
#410 = EDGE_LOOP ( 'NONE', ( #99, #476, #881, #553 ) ) ;
#411 = CARTESIAN_POINT ( 'NONE',  ( -4.012584370867902095, 2.883977778811441794E-14, 5.250000000000000000 ) ) ;
#412 = CARTESIAN_POINT ( 'NONE',  ( -2.006292185433966591, 3.474999999999993872, 0.000000000000000000 ) ) ;
#413 =( LENGTH_UNIT ( ) NAMED_UNIT ( * ) SI_UNIT ( .MILLI., .METRE. ) );
#414 = VERTEX_POINT ( 'NONE', #1275 ) ;
#415 = CARTESIAN_POINT ( 'NONE',  ( -3.999999999999996447, 0.000000000000000000, 10.25000000000000000 ) ) ;
#416 = ORIENTED_EDGE ( 'NONE', *, *, #1075, .F. ) ;
#417 = SURFACE_STYLE_FILL_AREA ( #721 ) ;
#418 = SURFACE_SIDE_STYLE ('',( #737 ) ) ;
#419 = PRESENTATION_STYLE_ASSIGNMENT (( #396 ) ) ;
#420 = CARTESIAN_POINT ( 'NONE',  ( 2.006292185433943942, 3.475000000000006306, 0.000000000000000000 ) ) ;
#421 = CARTESIAN_POINT ( 'NONE',  ( 3.762584370867902095, 0.4330127018922190762, 5.250000000000000000 ) ) ;
#422 = EDGE_CURVE ( 'NONE', #7, #635, #3, .T. ) ;
#423 = ORIENTED_EDGE ( 'NONE', *, *, #344, .T. ) ;
#424 = COLOUR_RGB ( '',0.2980392156862745057, 0.2980392156862745057, 0.2980392156862745057 ) ;
#425 = MECHANICAL_DESIGN_GEOMETRIC_PRESENTATION_REPRESENTATION (  '', ( #537 ), #972 ) ;
#426 = APPLICATION_PROTOCOL_DEFINITION ( 'draft international standard', 'automotive_design', 1998, #360 ) ;
#427 = LINE ( 'NONE', #963, #264 ) ;
#428 = ADVANCED_FACE ( 'NONE', ( #220, #310 ), #759, .F. ) ;
#429 = SURFACE_STYLE_USAGE ( .BOTH. , #853 ) ;
#430 =( GEOMETRIC_REPRESENTATION_CONTEXT ( 3 ) GLOBAL_UNCERTAINTY_ASSIGNED_CONTEXT ( ( #1087 ) ) GLOBAL_UNIT_ASSIGNED_CONTEXT ( ( #694, #469, #512 ) ) REPRESENTATION_CONTEXT ( 'NONE', 'WORKASPACE' ) );
#431 = ORIENTED_EDGE ( 'NONE', *, *, #174, .T. ) ;
#432 = PRESENTATION_LAYER_ASSIGNMENT (  '', '', ( #1287 ) ) ;
#433 = VECTOR ( 'NONE', #632, 1000.000000000000000 ) ;
#434 = CIRCLE ( 'NONE', #336, 0.4999999999999995559 ) ;
#435 = DIRECTION ( 'NONE',  ( 1.000000000000000000, 0.000000000000000000, 0.000000000000000000 ) ) ;
#436 = FILL_AREA_STYLE ('',( #225 ) ) ;
#437 = LINE ( 'NONE', #556, #903 ) ;
#438 =( NAMED_UNIT ( * ) PLANE_ANGLE_UNIT ( ) SI_UNIT ( $, .RADIAN. ) );
#439 = VERTEX_POINT ( 'NONE', #575 ) ;
#440 =( NAMED_UNIT ( * ) PLANE_ANGLE_UNIT ( ) SI_UNIT ( $, .RADIAN. ) );
#441 = PRESENTATION_STYLE_ASSIGNMENT (( #328 ) ) ;
#442 = VERTEX_POINT ( 'NONE', #466 ) ;
#443 = AXIS2_PLACEMENT_3D ( 'NONE', #633, #522, #1264 ) ;
#444 = LINE ( 'NONE', #1056, #262 ) ;
#445 = CARTESIAN_POINT ( 'NONE',  ( 2.256292185433943942, 3.041987298107787563, 0.000000000000000000 ) ) ;
#446 = ADVANCED_FACE ( 'NONE', ( #682 ), #562, .T. ) ;
#447 = ADVANCED_FACE ( 'NONE', ( #457 ), #21, .T. ) ;
#448 = ORIENTED_EDGE ( 'NONE', *, *, #913, .F. ) ;
#449 = AXIS2_PLACEMENT_3D ( 'NONE', #202, #350, #665 ) ;
#450 = VECTOR ( 'NONE', #602, 1000.000000000000000 ) ;
#451 =( GEOMETRIC_REPRESENTATION_CONTEXT ( 3 ) GLOBAL_UNCERTAINTY_ASSIGNED_CONTEXT ( ( #826 ) ) GLOBAL_UNIT_ASSIGNED_CONTEXT ( ( #910, #154, #179 ) ) REPRESENTATION_CONTEXT ( 'NONE', 'WORKASPACE' ) );
#452 = SURFACE_SIDE_STYLE ('',( #236 ) ) ;
#453 = STYLED_ITEM ( 'NONE', ( #250 ), #940 ) ;
#454 = DIRECTION ( 'NONE',  ( 0.000000000000000000, 0.000000000000000000, -1.000000000000000000 ) ) ;
#455 = DIRECTION ( 'NONE',  ( -0.000000000000000000, -0.000000000000000000, -1.000000000000000000 ) ) ;
#456 = ORIENTED_EDGE ( 'NONE', *, *, #1327, .F. ) ;
#457 = FACE_OUTER_BOUND ( 'NONE', #1335, .T. ) ;
#458 = FILL_AREA_STYLE ('',( #483 ) ) ;
#459 = PRESENTATION_LAYER_ASSIGNMENT (  '', '', ( #923 ) ) ;
#460 = DIRECTION ( 'NONE',  ( -0.000000000000000000, -0.000000000000000000, -1.000000000000000000 ) ) ;
#461 = CARTESIAN_POINT ( 'NONE',  ( 0.000000000000000000, 0.000000000000000000, 5.750000000000000000 ) ) ;
#462 = ADVANCED_BREP_SHAPE_REPRESENTATION ( '1x_hal_magnet_holder', ( #579, #1098 ), #114 ) ;
#463 = ORIENTED_EDGE ( 'NONE', *, *, #361, .T. ) ;
#464 = SURFACE_SIDE_STYLE ('',( #1186 ) ) ;
#465 = COLOUR_RGB ( '',0.2980392156862745057, 0.2980392156862745057, 0.2980392156862745057 ) ;
#466 = CARTESIAN_POINT ( 'NONE',  ( 3.762584370867905204, -0.4330127018922219073, 5.250000000000000000 ) ) ;
#467 = CYLINDRICAL_SURFACE ( 'NONE', #242, 4.250000000000000000 ) ;
#468 = EDGE_CURVE ( 'NONE', #1347, #334, #781, .T. ) ;
#469 =( NAMED_UNIT ( * ) PLANE_ANGLE_UNIT ( ) SI_UNIT ( $, .RADIAN. ) );
#470 = ORIENTED_EDGE ( 'NONE', *, *, #1197, .T. ) ;
#471 = DIRECTION ( 'NONE',  ( 1.000000000000000000, 0.000000000000000000, 0.000000000000000000 ) ) ;
#472 = PRESENTATION_STYLE_ASSIGNMENT (( #371 ) ) ;
#473 = DIRECTION ( 'NONE',  ( 1.000000000000000000, 0.000000000000000000, 0.000000000000000000 ) ) ;
#474 = DIRECTION ( 'NONE',  ( 1.000000000000000000, 0.000000000000000000, 0.000000000000000000 ) ) ;
#475 = DIRECTION ( 'NONE',  ( -1.000000000000000000, 0.000000000000000000, 0.000000000000000000 ) ) ;
#476 = ORIENTED_EDGE ( 'NONE', *, *, #344, .F. ) ;
#477 = CARTESIAN_POINT ( 'NONE',  ( 5.250000000000000000, 0.000000000000000000, 5.250000000000000000 ) ) ;
#478 = ADVANCED_FACE ( 'NONE', ( #583, #793 ), #676, .F. ) ;
#479 = DIRECTION ( 'NONE',  ( -0.000000000000000000, 0.000000000000000000, 1.000000000000000000 ) ) ;
#480 = LINE ( 'NONE', #564, #1149 ) ;
#481 = ORIENTED_EDGE ( 'NONE', *, *, #1221, .F. ) ;
#482 = UNCERTAINTY_MEASURE_WITH_UNIT (LENGTH_MEASURE( 1.000000000000000082E-05 ), #8, 'distance_accuracy_value', 'NONE');
#483 = FILL_AREA_STYLE_COLOUR ( '', #860 ) ;
#484 = AXIS2_PLACEMENT_3D ( 'NONE', #1022, #1363, #1044 ) ;
#485 =( NAMED_UNIT ( * ) PLANE_ANGLE_UNIT ( ) SI_UNIT ( $, .RADIAN. ) );
#486 = EDGE_CURVE ( 'NONE', #1263, #146, #282, .T. ) ;
#487 =( GEOMETRIC_REPRESENTATION_CONTEXT ( 3 ) GLOBAL_UNCERTAINTY_ASSIGNED_CONTEXT ( ( #625 ) ) GLOBAL_UNIT_ASSIGNED_CONTEXT ( ( #402, #939, #305 ) ) REPRESENTATION_CONTEXT ( 'NONE', 'WORKASPACE' ) );
#488 = AXIS2_PLACEMENT_3D ( 'NONE', #1338, #807, #183 ) ;
#489 = ORIENTED_EDGE ( 'NONE', *, *, #919, .T. ) ;
#490 = EDGE_CURVE ( 'NONE', #1084, #784, #1027, .T. ) ;
#491 = DIRECTION ( 'NONE',  ( -1.000000000000000000, 0.000000000000000000, 0.000000000000000000 ) ) ;
#492 = DIRECTION ( 'NONE',  ( 1.000000000000000000, 1.048377813507223330E-14, 0.000000000000000000 ) ) ;
#493 = AXIS2_PLACEMENT_3D ( 'NONE', #1004, #1229, #1103 ) ;
#494 = SURFACE_SIDE_STYLE ('',( #67 ) ) ;
#495 =( NAMED_UNIT ( * ) PLANE_ANGLE_UNIT ( ) SI_UNIT ( $, .RADIAN. ) );
#496 = CONICAL_SURFACE ( 'NONE', #914, 5.250000000000004441, 0.7853981633974533860 ) ;
#497 = ORIENTED_EDGE ( 'NONE', *, *, #85, .T. ) ;
#498 = DIRECTION ( 'NONE',  ( 0.000000000000000000, 0.000000000000000000, 1.000000000000000000 ) ) ;
#499 = DIRECTION ( 'NONE',  ( -0.000000000000000000, -0.000000000000000000, -1.000000000000000000 ) ) ;
#500 = CARTESIAN_POINT ( 'NONE',  ( -2.506292185433967035, -3.474999999999992983, 0.000000000000000000 ) ) ;
#501 = AXIS2_PLACEMENT_3D ( 'NONE', #565, #983, #649 ) ;
#502 = CARTESIAN_POINT ( 'NONE',  ( -4.012584370867902095, 2.883977778811441794E-14, 0.000000000000000000 ) ) ;
#503 =( LENGTH_UNIT ( ) NAMED_UNIT ( * ) SI_UNIT ( .MILLI., .METRE. ) );
#504 = ORIENTED_EDGE ( 'NONE', *, *, #989, .T. ) ;
#505 = CARTESIAN_POINT ( 'NONE',  ( 3.643112901937601515E-14, -3.475000000000000089, 0.000000000000000000 ) ) ;
#506 = VECTOR ( 'NONE', #590, 1000.000000000000000 ) ;
#507 = EDGE_CURVE ( 'NONE', #196, #223, #509, .T. ) ;
#508 = EDGE_LOOP ( 'NONE', ( #463, #971, #573, #70 ) ) ;
#509 = LINE ( 'NONE', #301, #1111 ) ;
#510 = SURFACE_SIDE_STYLE ('',( #417 ) ) ;
#511 =( NAMED_UNIT ( * ) PLANE_ANGLE_UNIT ( ) SI_UNIT ( $, .RADIAN. ) );
#512 =( NAMED_UNIT ( * ) SI_UNIT ( $, .STERADIAN. ) SOLID_ANGLE_UNIT ( ) );
#513 = ORIENTED_EDGE ( 'NONE', *, *, #370, .T. ) ;
#514 = FILL_AREA_STYLE ('',( #1348 ) ) ;
#515 = ORIENTED_EDGE ( 'NONE', *, *, #1327, .T. ) ;
#516 =( NAMED_UNIT ( * ) PLANE_ANGLE_UNIT ( ) SI_UNIT ( $, .RADIAN. ) );
#517 = CYLINDRICAL_SURFACE ( 'NONE', #357, 0.5000000000000002220 ) ;
#518 = SURFACE_STYLE_USAGE ( .BOTH. , #494 ) ;
#519 = DIRECTION ( 'NONE',  ( 1.000000000000000000, 0.000000000000000000, 0.000000000000000000 ) ) ;
#520 = VECTOR ( 'NONE', #1085, 1000.000000000000000 ) ;
#521 = ORIENTED_EDGE ( 'NONE', *, *, #1050, .T. ) ;
#522 = DIRECTION ( 'NONE',  ( -0.000000000000000000, 0.000000000000000000, 1.000000000000000000 ) ) ;
#523 = CARTESIAN_POINT ( 'NONE',  ( 0.000000000000000000, 0.000000000000000000, 5.250000000000000000 ) ) ;
#524 = ADVANCED_FACE ( 'NONE', ( #384 ), #1014, .T. ) ;
#525 = CARTESIAN_POINT ( 'NONE',  ( -2.006292185433966591, 3.474999999999993872, 5.250000000000000000 ) ) ;
#526 = EDGE_LOOP ( 'NONE', ( #720, #376, #1366, #1257 ) ) ;
#527 = SURFACE_SIDE_STYLE ('',( #191 ) ) ;
#528 = VERTEX_POINT ( 'NONE', #597 ) ;
#529 = CARTESIAN_POINT ( 'NONE',  ( 0.000000000000000000, 0.000000000000000000, 9.999999999999996447 ) ) ;
#530 =( NAMED_UNIT ( * ) PLANE_ANGLE_UNIT ( ) SI_UNIT ( $, .RADIAN. ) );
#531 = DIRECTION ( 'NONE',  ( -0.000000000000000000, -0.000000000000000000, -1.000000000000000000 ) ) ;
#532 = EDGE_CURVE ( 'NONE', #159, #196, #1205, .T. ) ;
#533 = FILL_AREA_STYLE_COLOUR ( '', #142 ) ;
#534 = FACE_OUTER_BOUND ( 'NONE', #932, .T. ) ;
#535 = MECHANICAL_DESIGN_GEOMETRIC_PRESENTATION_REPRESENTATION (  '', ( #770 ), #658 ) ;
#536 = AXIS2_PLACEMENT_3D ( 'NONE', #385, #479, #473 ) ;
#537 = STYLED_ITEM ( 'NONE', ( #615 ), #1301 ) ;
#538 = CARTESIAN_POINT ( 'NONE',  ( -4.250000000000000000, 5.204748896376250699E-16, 9.999999999999996447 ) ) ;
#539 = DIRECTION ( 'NONE',  ( 1.000000000000000000, 0.000000000000000000, 0.000000000000000000 ) ) ;
#540 =( GEOMETRIC_REPRESENTATION_CONTEXT ( 3 ) GLOBAL_UNCERTAINTY_ASSIGNED_CONTEXT ( ( #245 ) ) GLOBAL_UNIT_ASSIGNED_CONTEXT ( ( #1116, #485, #48 ) ) REPRESENTATION_CONTEXT ( 'NONE', 'WORKASPACE' ) );
#541 =( NAMED_UNIT ( * ) PLANE_ANGLE_UNIT ( ) SI_UNIT ( $, .RADIAN. ) );
#542 = FACE_OUTER_BOUND ( 'NONE', #383, .T. ) ;
#543 =( LENGTH_UNIT ( ) NAMED_UNIT ( * ) SI_UNIT ( .MILLI., .METRE. ) );
#544 = ORIENTED_EDGE ( 'NONE', *, *, #74, .F. ) ;
#545 = MECHANICAL_DESIGN_GEOMETRIC_PRESENTATION_REPRESENTATION (  '', ( #29 ), #207 ) ;
#546 = CARTESIAN_POINT ( 'NONE',  ( -2.256292185433964814, 3.041987298107772908, 5.250000000000000000 ) ) ;
#547 = PRESENTATION_STYLE_ASSIGNMENT (( #646 ) ) ;
#548 =( LENGTH_UNIT ( ) NAMED_UNIT ( * ) SI_UNIT ( .MILLI., .METRE. ) );
#549 = SURFACE_STYLE_USAGE ( .BOTH. , #222 ) ;
#550 = PLANE ( 'NONE',  #1080 ) ;
#551 = ORIENTED_EDGE ( 'NONE', *, *, #422, .F. ) ;
#552 = SURFACE_SIDE_STYLE ('',( #330 ) ) ;
#553 = ORIENTED_EDGE ( 'NONE', *, *, #592, .T. ) ;
#554 = PRESENTATION_LAYER_ASSIGNMENT (  '', '', ( #619 ) ) ;
#555 = DIRECTION ( 'NONE',  ( -1.000000000000000000, 0.000000000000000000, 0.000000000000000000 ) ) ;
#556 = CARTESIAN_POINT ( 'NONE',  ( 3.009438278150946555, -1.737499999999990496, 5.250000000000000000 ) ) ;
#557 = LINE ( 'NONE', #973, #433 ) ;
#558 =( LENGTH_UNIT ( ) NAMED_UNIT ( * ) SI_UNIT ( .MILLI., .METRE. ) );
#559 = ORIENTED_EDGE ( 'NONE', *, *, #229, .T. ) ;
#560 = MECHANICAL_DESIGN_GEOMETRIC_PRESENTATION_REPRESENTATION (  '', ( #603 ), #451 ) ;
#561 = AXIS2_PLACEMENT_3D ( 'NONE', #906, #662, #886 ) ;
#562 = PLANE ( 'NONE',  #1343 ) ;
#563 = EDGE_CURVE ( 'NONE', #153, #414, #86, .T. ) ;
#564 = CARTESIAN_POINT ( 'NONE',  ( -3.000000000000000000, 0.000000000000000000, 5.250000000000000000 ) ) ;
#565 = CARTESIAN_POINT ( 'NONE',  ( -4.012584370867902095, 2.883977778811441794E-14, 5.250000000000000000 ) ) ;
#566 = VERTEX_POINT ( 'NONE', #1138 ) ;
#567 = LINE ( 'NONE', #1265, #1083 ) ;
#568 = MECHANICAL_DESIGN_GEOMETRIC_PRESENTATION_REPRESENTATION (  '', ( #211 ), #311 ) ;
#569 = UNCERTAINTY_MEASURE_WITH_UNIT (LENGTH_MEASURE( 1.000000000000000082E-05 ), #413, 'distance_accuracy_value', 'NONE');
#570 = EDGE_CURVE ( 'NONE', #334, #1077, #375, .T. ) ;
#571 = FILL_AREA_STYLE ('',( #1299 ) ) ;
#572 = AXIS2_PLACEMENT_3D ( 'NONE', #1245, #1112, #609 ) ;
#573 = ORIENTED_EDGE ( 'NONE', *, *, #611, .T. ) ;
#574 = MECHANICAL_DESIGN_GEOMETRIC_PRESENTATION_REPRESENTATION (  '', ( #1235 ), #859 ) ;
#575 = CARTESIAN_POINT ( 'NONE',  ( -4.250000000000000000, 5.204748896376250699E-16, 6.749999999999993783 ) ) ;
#576 = DIRECTION ( 'NONE',  ( -0.000000000000000000, -0.000000000000000000, 1.000000000000000000 ) ) ;
#577 = COLOUR_RGB ( '',0.2980392156862745057, 0.2980392156862745057, 0.2980392156862745057 ) ;
#578 = DIRECTION ( 'NONE',  ( 1.000000000000000000, 0.000000000000000000, 0.000000000000000000 ) ) ;
#579 = MANIFOLD_SOLID_BREP ( 'Chamfer6', #690 ) ;
#580 = EDGE_LOOP ( 'NONE', ( #1124, #1102, #515, #1273 ) ) ;
#581 = CARTESIAN_POINT ( 'NONE',  ( -2.006292185433967479, -3.474999999999992983, 0.000000000000000000 ) ) ;
#582 = COLOUR_RGB ( '',0.2980392156862745057, 0.2980392156862745057, 0.2980392156862745057 ) ;
#583 = FACE_BOUND ( 'NONE', #187, .T. ) ;
#584 = AXIS2_PLACEMENT_3D ( 'NONE', #1020, #369, #272 ) ;
#585 = DIRECTION ( 'NONE',  ( -0.000000000000000000, -0.000000000000000000, 1.000000000000000000 ) ) ;
#586 = AXIS2_PLACEMENT_3D ( 'NONE', #950, #454, #210 ) ;
#587 = DIRECTION ( 'NONE',  ( -0.000000000000000000, 0.000000000000000000, 1.000000000000000000 ) ) ;
#588 = ORIENTED_EDGE ( 'NONE', *, *, #255, .T. ) ;
#589 = DIRECTION ( 'NONE',  ( 1.000000000000000000, 0.000000000000000000, 0.000000000000000000 ) ) ;
#590 = DIRECTION ( 'NONE',  ( -0.4999999999999950040, -0.8660254037844415942, 0.000000000000000000 ) ) ;
#591 = SURFACE_STYLE_USAGE ( .BOTH. , #238 ) ;
#592 = EDGE_CURVE ( 'NONE', #442, #1211, #1006, .T. ) ;
#593 = EDGE_CURVE ( 'NONE', #1084, #620, #9, .T. ) ;
#594 = CARTESIAN_POINT ( 'NONE',  ( 2.006292185433943942, 3.475000000000006306, 5.250000000000000000 ) ) ;
#595 = ORIENTED_EDGE ( 'NONE', *, *, #1151, .T. ) ;
#596 = FACE_OUTER_BOUND ( 'NONE', #758, .T. ) ;
#597 = CARTESIAN_POINT ( 'NONE',  ( -4.512584370867902095, 2.883977778811441794E-14, 0.000000000000000000 ) ) ;
#598 = DIRECTION ( 'NONE',  ( -0.000000000000000000, -0.000000000000000000, -1.000000000000000000 ) ) ;
#599 = DIRECTION ( 'NONE',  ( 1.000000000000000000, 3.134325421825719394E-15, 0.000000000000000000 ) ) ;
#600 = PRESENTATION_LAYER_ASSIGNMENT (  '', '', ( #684 ) ) ;
#601 = STYLED_ITEM ( 'NONE', ( #964 ), #854 ) ;
#602 = DIRECTION ( 'NONE',  ( -0.7071067811865512365, 0.000000000000000000, -0.7071067811865439090 ) ) ;
#603 = STYLED_ITEM ( 'NONE', ( #991 ), #704 ) ;
#604 = PLANE ( 'NONE',  #484 ) ;
#605 = CARTESIAN_POINT ( 'NONE',  ( -1.506292185433966591, 3.474999999999995648, 5.250000000000000000 ) ) ;
#606 = STYLED_ITEM ( 'NONE', ( #157 ), #96 ) ;
#607 = AXIS2_PLACEMENT_3D ( 'NONE', #195, #598, #1037 ) ;
#608 = ORIENTED_EDGE ( 'NONE', *, *, #1007, .F. ) ;
#609 = DIRECTION ( 'NONE',  ( 1.000000000000000000, 0.000000000000000000, 0.000000000000000000 ) ) ;
#610 = CARTESIAN_POINT ( 'NONE',  ( 0.000000000000000000, 0.000000000000000000, 5.750000000000000000 ) ) ;
#611 = EDGE_CURVE ( 'NONE', #635, #7, #626, .T. ) ;
#612 = ORIENTED_EDGE ( 'NONE', *, *, #30, .F. ) ;
#613 = CYLINDRICAL_SURFACE ( 'NONE', #995, 0.5000000000000004441 ) ;
#614 = COLOUR_RGB ( '',0.2980392156862745057, 0.2980392156862745057, 0.2980392156862745057 ) ;
#615 = PRESENTATION_STYLE_ASSIGNMENT (( #194 ) ) ;
#616 = SURFACE_STYLE_FILL_AREA ( #82 ) ;
#617 =( NAMED_UNIT ( * ) SI_UNIT ( $, .STERADIAN. ) SOLID_ANGLE_UNIT ( ) );
#618 = ORIENTED_EDGE ( 'NONE', *, *, #828, .T. ) ;
#619 = STYLED_ITEM ( 'NONE', ( #1179 ), #1105 ) ;
#620 = VERTEX_POINT ( 'NONE', #1041 ) ;
#621 = EDGE_CURVE ( 'NONE', #159, #1357, #941, .T. ) ;
#622 =( NAMED_UNIT ( * ) PLANE_ANGLE_UNIT ( ) SI_UNIT ( $, .RADIAN. ) );
#623 =( NAMED_UNIT ( * ) PLANE_ANGLE_UNIT ( ) SI_UNIT ( $, .RADIAN. ) );
#624 = PLANE ( 'NONE',  #970 ) ;
#625 = UNCERTAINTY_MEASURE_WITH_UNIT (LENGTH_MEASURE( 1.000000000000000082E-05 ), #402, 'distance_accuracy_value', 'NONE');
#626 = CIRCLE ( 'NONE', #779, 4.250000000000000000 ) ;
#627 = ORIENTED_EDGE ( 'NONE', *, *, #829, .T. ) ;
#628 =( NAMED_UNIT ( * ) SI_UNIT ( $, .STERADIAN. ) SOLID_ANGLE_UNIT ( ) );
#629 = CARTESIAN_POINT ( 'NONE',  ( 0.000000000000000000, 0.000000000000000000, 0.000000000000000000 ) ) ;
#630 = FILL_AREA_STYLE_COLOUR ( '', #577 ) ;
#631 = EDGE_CURVE ( 'NONE', #1263, #650, #93, .T. ) ;
#632 = DIRECTION ( 'NONE',  ( -0.000000000000000000, -0.000000000000000000, -1.000000000000000000 ) ) ;
#633 = CARTESIAN_POINT ( 'NONE',  ( -2.006292185433966591, 3.474999999999993872, 5.250000000000000000 ) ) ;
#634 =( GEOMETRIC_REPRESENTATION_CONTEXT ( 3 ) GLOBAL_UNCERTAINTY_ASSIGNED_CONTEXT ( ( #1005 ) ) GLOBAL_UNIT_ASSIGNED_CONTEXT ( ( #103, #1, #874 ) ) REPRESENTATION_CONTEXT ( 'NONE', 'WORKASPACE' ) );
#635 = VERTEX_POINT ( 'NONE', #538 ) ;
#636 =( GEOMETRIC_REPRESENTATION_CONTEXT ( 3 ) GLOBAL_UNCERTAINTY_ASSIGNED_CONTEXT ( ( #181 ) ) GLOBAL_UNIT_ASSIGNED_CONTEXT ( ( #40, #260, #1000 ) ) REPRESENTATION_CONTEXT ( 'NONE', 'WORKASPACE' ) );
#637 = CARTESIAN_POINT ( 'NONE',  ( 3.762584370867905204, -0.4330127018922219073, 5.250000000000000000 ) ) ;
#638 =( NAMED_UNIT ( * ) SI_UNIT ( $, .STERADIAN. ) SOLID_ANGLE_UNIT ( ) );
#639 = DIRECTION ( 'NONE',  ( 0.000000000000000000, 0.000000000000000000, -1.000000000000000000 ) ) ;
#640 = CARTESIAN_POINT ( 'NONE',  ( -2.006292185433966591, 3.474999999999993872, 0.000000000000000000 ) ) ;
#641 = EDGE_LOOP ( 'NONE', ( #962, #873, #431, #1117 ) ) ;
#642 = MECHANICAL_DESIGN_GEOMETRIC_PRESENTATION_REPRESENTATION (  '', ( #1183 ), #678 ) ;
#643 =( GEOMETRIC_REPRESENTATION_CONTEXT ( 3 ) GLOBAL_UNCERTAINTY_ASSIGNED_CONTEXT ( ( #771 ) ) GLOBAL_UNIT_ASSIGNED_CONTEXT ( ( #548, #752, #136 ) ) REPRESENTATION_CONTEXT ( 'NONE', 'WORKASPACE' ) );
#644 = CIRCLE ( 'NONE', #686, 0.4999999999999997780 ) ;
#645 = PLANE ( 'NONE',  #493 ) ;
#646 = SURFACE_STYLE_USAGE ( .BOTH. , #418 ) ;
#647 = DIRECTION ( 'NONE',  ( -0.000000000000000000, -0.000000000000000000, -1.000000000000000000 ) ) ;
#648 = PLANE ( 'NONE',  #1043 ) ;
#649 = DIRECTION ( 'NONE',  ( -1.000000000000000000, 0.000000000000000000, 0.000000000000000000 ) ) ;
#650 = VERTEX_POINT ( 'NONE', #1274 ) ;
#651 = SURFACE_STYLE_FILL_AREA ( #1172 ) ;
#652 = ORIENTED_EDGE ( 'NONE', *, *, #422, .T. ) ;
#653 = STYLED_ITEM ( 'NONE', ( #806 ), #579 ) ;
#654 = PRESENTATION_STYLE_ASSIGNMENT (( #751 ) ) ;
#655 = FILL_AREA_STYLE ('',( #533 ) ) ;
#656 = SURFACE_STYLE_USAGE ( .BOTH. , #552 ) ;
#657 = EDGE_LOOP ( 'NONE', ( #612, #132 ) ) ;
#658 =( GEOMETRIC_REPRESENTATION_CONTEXT ( 3 ) GLOBAL_UNCERTAINTY_ASSIGNED_CONTEXT ( ( #1230 ) ) GLOBAL_UNIT_ASSIGNED_CONTEXT ( ( #213, #530, #1067 ) ) REPRESENTATION_CONTEXT ( 'NONE', 'WORKASPACE' ) );
#659 = STYLED_ITEM ( 'NONE', ( #419 ), #976 ) ;
#660 = EDGE_CURVE ( 'NONE', #804, #414, #567, .T. ) ;
#661 = MECHANICAL_DESIGN_GEOMETRIC_PRESENTATION_REPRESENTATION (  '', ( #957 ), #540 ) ;
#662 = DIRECTION ( 'NONE',  ( 0.000000000000000000, 0.000000000000000000, 1.000000000000000000 ) ) ;
#663 = CARTESIAN_POINT ( 'NONE',  ( 0.000000000000000000, 0.000000000000000000, 5.250000000000000000 ) ) ;
#664 = ORIENTED_EDGE ( 'NONE', *, *, #15, .T. ) ;
#665 = DIRECTION ( 'NONE',  ( -1.000000000000000000, 0.000000000000000000, 0.000000000000000000 ) ) ;
#666 = ADVANCED_FACE ( 'NONE', ( #218 ), #47, .F. ) ;
#667 = UNCERTAINTY_MEASURE_WITH_UNIT (LENGTH_MEASURE( 1.000000000000000082E-05 ), #284, 'distance_accuracy_value', 'NONE');
#668 = COLOUR_RGB ( '',0.2980392156862745057, 0.2980392156862745057, 0.2980392156862745057 ) ;
#669 = AXIS2_PLACEMENT_3D ( 'NONE', #348, #1277, #969 ) ;
#670 = VECTOR ( 'NONE', #94, 1000.000000000000000 ) ;
#671 = SURFACE_SIDE_STYLE ('',( #1206 ) ) ;
#672 = DIRECTION ( 'NONE',  ( -0.000000000000000000, 0.000000000000000000, 1.000000000000000000 ) ) ;
#673 = ORIENTED_EDGE ( 'NONE', *, *, #1113, .F. ) ;
#674 = COLOUR_RGB ( '',0.2980392156862745057, 0.2980392156862745057, 0.2980392156862745057 ) ;
#675 =( GEOMETRIC_REPRESENTATION_CONTEXT ( 3 ) GLOBAL_UNCERTAINTY_ASSIGNED_CONTEXT ( ( #1298 ) ) GLOBAL_UNIT_ASSIGNED_CONTEXT ( ( #503, #495, #617 ) ) REPRESENTATION_CONTEXT ( 'NONE', 'WORKASPACE' ) );
#676 = PLANE ( 'NONE',  #572 ) ;
#677 = DIRECTION ( 'NONE',  ( 1.000000000000000000, 0.000000000000000000, 0.000000000000000000 ) ) ;
#678 =( GEOMETRIC_REPRESENTATION_CONTEXT ( 3 ) GLOBAL_UNCERTAINTY_ASSIGNED_CONTEXT ( ( #702 ) ) GLOBAL_UNIT_ASSIGNED_CONTEXT ( ( #352, #765, #345 ) ) REPRESENTATION_CONTEXT ( 'NONE', 'WORKASPACE' ) );
#679 =( NAMED_UNIT ( * ) SI_UNIT ( $, .STERADIAN. ) SOLID_ANGLE_UNIT ( ) );
#680 = ORIENTED_EDGE ( 'NONE', *, *, #1113, .T. ) ;
#681 = SURFACE_STYLE_USAGE ( .BOTH. , #259 ) ;
#682 = FACE_OUTER_BOUND ( 'NONE', #38, .T. ) ;
#683 = LINE ( 'NONE', #261, #219 ) ;
#684 = STYLED_ITEM ( 'NONE', ( #441 ), #1055 ) ;
#685 = FILL_AREA_STYLE ('',( #152 ) ) ;
#686 = AXIS2_PLACEMENT_3D ( 'NONE', #794, #1214, #204 ) ;
#687 = ORIENTED_EDGE ( 'NONE', *, *, #966, .F. ) ;
#688 = ADVANCED_FACE ( 'NONE', ( #769 ), #645, .T. ) ;
#689 = EDGE_CURVE ( 'NONE', #22, #153, #1218, .T. ) ;
#690 = CLOSED_SHELL ( 'NONE', ( #96, #666, #447, #217, #854, #317, #940, #762, #876, #524, #69, #866, #392, #976, #875, #750, #688, #1105, #953, #1256, #325, #847, #446, #478, #428, #1301, #1222, #55, #704, #1055 ) ) ;
#691 = CARTESIAN_POINT ( 'NONE',  ( -4.250000000000000000, 5.204748896376250699E-16, -9.599242404917500693 ) ) ;
#692 = COLOUR_RGB ( '',0.2980392156862745057, 0.2980392156862745057, 0.2980392156862745057 ) ;
#693 =( LENGTH_UNIT ( ) NAMED_UNIT ( * ) SI_UNIT ( .MILLI., .METRE. ) );
#694 =( LENGTH_UNIT ( ) NAMED_UNIT ( * ) SI_UNIT ( .MILLI., .METRE. ) );
#695 = ORIENTED_EDGE ( 'NONE', *, *, #85, .F. ) ;
#696 = DIRECTION ( 'NONE',  ( -0.000000000000000000, 0.000000000000000000, 1.000000000000000000 ) ) ;
#697 = DIRECTION ( 'NONE',  ( -0.000000000000000000, -0.000000000000000000, -1.000000000000000000 ) ) ;
#698 = DIRECTION ( 'NONE',  ( -0.000000000000000000, -0.000000000000000000, -1.000000000000000000 ) ) ;
#699 = DIRECTION ( 'NONE',  ( -0.000000000000000000, -0.000000000000000000, -1.000000000000000000 ) ) ;
#700 = ORIENTED_EDGE ( 'NONE', *, *, #234, .T. ) ;
#701 = SURFACE_STYLE_FILL_AREA ( #799 ) ;
#702 = UNCERTAINTY_MEASURE_WITH_UNIT (LENGTH_MEASURE( 1.000000000000000082E-05 ), #352, 'distance_accuracy_value', 'NONE');
#703 = SURFACE_STYLE_FILL_AREA ( #173 ) ;
#704 = ADVANCED_FACE ( 'NONE', ( #596 ), #1106, .F. ) ;
#705 = DIRECTION ( 'NONE',  ( -1.000000000000000000, 0.000000000000000000, 0.000000000000000000 ) ) ;
#706 =( NAMED_UNIT ( * ) SI_UNIT ( $, .STERADIAN. ) SOLID_ANGLE_UNIT ( ) );
#707 = CARTESIAN_POINT ( 'NONE',  ( 5.250000000000004441, 6.429395695523610069E-16, 5.750000000000000000 ) ) ;
#708 = VECTOR ( 'NONE', #1356, 1000.000000000000000 ) ;
#709 =( GEOMETRIC_REPRESENTATION_CONTEXT ( 3 ) GLOBAL_UNCERTAINTY_ASSIGNED_CONTEXT ( ( #97 ) ) GLOBAL_UNIT_ASSIGNED_CONTEXT ( ( #1321, #266, #628 ) ) REPRESENTATION_CONTEXT ( 'NONE', 'WORKASPACE' ) );
#710 = VERTEX_POINT ( 'NONE', #791 ) ;
#711 = VERTEX_POINT ( 'NONE', #71 ) ;
#712 = EDGE_CURVE ( 'NONE', #414, #1357, #224, .T. ) ;
#713 = FACE_OUTER_BOUND ( 'NONE', #1128, .T. ) ;
#714 = VECTOR ( 'NONE', #734, 1000.000000000000000 ) ;
#715 = SURFACE_SIDE_STYLE ('',( #616 ) ) ;
#716 = FILL_AREA_STYLE_COLOUR ( '', #1120 ) ;
#717 = CONICAL_SURFACE ( 'NONE', #586, 3.999999999999996447, 0.7853981633974482790 ) ;
#718 = ORIENTED_EDGE ( 'NONE', *, *, #621, .T. ) ;
#719 = CARTESIAN_POINT ( 'NONE',  ( -3.250000000000001332, 3.980102097228899218E-16, 10.25000000000000000 ) ) ;
#720 = ORIENTED_EDGE ( 'NONE', *, *, #1346, .F. ) ;
#721 = FILL_AREA_STYLE ('',( #398 ) ) ;
#722 = FACE_OUTER_BOUND ( 'NONE', #410, .T. ) ;
#723 = UNCERTAINTY_MEASURE_WITH_UNIT (LENGTH_MEASURE( 1.000000000000000082E-05 ), #324, 'distance_accuracy_value', 'NONE');
#724 = EDGE_LOOP ( 'NONE', ( #1217, #946, #88, #687 ) ) ;
#725 = FILL_AREA_STYLE ('',( #100 ) ) ;
#726 = EDGE_CURVE ( 'NONE', #1326, #763, #1219, .T. ) ;
#727 = MECHANICAL_DESIGN_GEOMETRIC_PRESENTATION_REPRESENTATION (  '', ( #172 ), #192 ) ;
#728 = ORIENTED_EDGE ( 'NONE', *, *, #486, .T. ) ;
#729 = CARTESIAN_POINT ( 'NONE',  ( 3.000000000000000000, 3.673940397442059868E-16, 5.250000000000000000 ) ) ;
#730 = SURFACE_SIDE_STYLE ('',( #936 ) ) ;
#731 = ORIENTED_EDGE ( 'NONE', *, *, #1295, .T. ) ;
#732 = AXIS2_PLACEMENT_3D ( 'NONE', #54, #672, #1323 ) ;
#733 = EDGE_LOOP ( 'NONE', ( #938, #1195, #846, #1313 ) ) ;
#734 = DIRECTION ( 'NONE',  ( -0.000000000000000000, -0.000000000000000000, -1.000000000000000000 ) ) ;
#735 = EDGE_CURVE ( 'NONE', #798, #1297, #294, .T. ) ;
#736 = DIRECTION ( 'NONE',  ( -0.000000000000000000, 0.000000000000000000, 1.000000000000000000 ) ) ;
#737 = SURFACE_STYLE_FILL_AREA ( #967 ) ;
#738 = PRODUCT_RELATED_PRODUCT_CATEGORY ( 'part', '', ( #1188 ) ) ;
#739 = MECHANICAL_DESIGN_GEOMETRIC_PRESENTATION_REPRESENTATION (  '', ( #1287 ), #363 ) ;
#740 = COLOUR_RGB ( '',0.2980392156862745057, 0.2980392156862745057, 0.2980392156862745057 ) ;
#741 = ORIENTED_EDGE ( 'NONE', *, *, #1225, .F. ) ;
#742 = SURFACE_SIDE_STYLE ('',( #1150 ) ) ;
#743 = CIRCLE ( 'NONE', #1021, 0.5000000000000000000 ) ;
#744 = ORIENTED_EDGE ( 'NONE', *, *, #98, .T. ) ;
#745 = SURFACE_SIDE_STYLE ('',( #986 ) ) ;
#746 = SURFACE_SIDE_STYLE ('',( #112 ) ) ;
#747 =( NAMED_UNIT ( * ) PLANE_ANGLE_UNIT ( ) SI_UNIT ( $, .RADIAN. ) );
#748 = EDGE_LOOP ( 'NONE', ( #481, #205, #1095, #944 ) ) ;
#749 = CARTESIAN_POINT ( 'NONE',  ( 0.000000000000000000, 0.000000000000000000, 10.25000000000000000 ) ) ;
#750 = ADVANCED_FACE ( 'NONE', ( #1341 ), #889, .F. ) ;
#751 = SURFACE_STYLE_USAGE ( .BOTH. , #1286 ) ;
#752 =( NAMED_UNIT ( * ) PLANE_ANGLE_UNIT ( ) SI_UNIT ( $, .RADIAN. ) );
#753 = ORIENTED_EDGE ( 'NONE', *, *, #689, .T. ) ;
#754 = VECTOR ( 'NONE', #870, 1000.000000000000114 ) ;
#755 = CARTESIAN_POINT ( 'NONE',  ( 4.012584370867902095, -6.505213034913026604E-16, 5.250000000000000000 ) ) ;
#756 =( NAMED_UNIT ( * ) SI_UNIT ( $, .STERADIAN. ) SOLID_ANGLE_UNIT ( ) );
#757 = SURFACE_STYLE_USAGE ( .BOTH. , #215 ) ;
#758 = EDGE_LOOP ( 'NONE', ( #1340, #1228, #895, #909 ) ) ;
#759 = PLANE ( 'NONE',  #1012 ) ;
#760 = CARTESIAN_POINT ( 'NONE',  ( 0.000000000000000000, 0.000000000000000000, 5.250000000000000000 ) ) ;
#761 = SURFACE_SIDE_STYLE ('',( #767 ) ) ;
#762 = ADVANCED_FACE ( 'NONE', ( #534 ), #613, .F. ) ;
#763 = VERTEX_POINT ( 'NONE', #415 ) ;
#764 = MECHANICAL_DESIGN_GEOMETRIC_PRESENTATION_REPRESENTATION (  '', ( #653 ), #634 ) ;
#765 =( NAMED_UNIT ( * ) PLANE_ANGLE_UNIT ( ) SI_UNIT ( $, .RADIAN. ) );
#766 = CARTESIAN_POINT ( 'NONE',  ( -2.506292185433967035, -3.474999999999992983, 5.250000000000000000 ) ) ;
#767 = SURFACE_STYLE_FILL_AREA ( #1272 ) ;
#768 = ORIENTED_EDGE ( 'NONE', *, *, #712, .F. ) ;
#769 = FACE_OUTER_BOUND ( 'NONE', #26, .T. ) ;
#770 = STYLED_ITEM ( 'NONE', ( #654 ), #392 ) ;
#771 = UNCERTAINTY_MEASURE_WITH_UNIT (LENGTH_MEASURE( 1.000000000000000082E-05 ), #548, 'distance_accuracy_value', 'NONE');
#772 = AXIS2_PLACEMENT_3D ( 'NONE', #760, #858, #1063 ) ;
#773 = VECTOR ( 'NONE', #492, 1000.000000000000000 ) ;
#774 = DIRECTION ( 'NONE',  ( 0.8660254037844345998, 0.5000000000000069944, -0.000000000000000000 ) ) ;
#775 = LINE ( 'NONE', #892, #931 ) ;
#776 = COLOUR_RGB ( '',0.2980392156862745057, 0.2980392156862745057, 0.2980392156862745057 ) ;
#777 = SURFACE_STYLE_USAGE ( .BOTH. , #277 ) ;
#778 = EDGE_LOOP ( 'NONE', ( #830, #265, #728, #790 ) ) ;
#779 = AXIS2_PLACEMENT_3D ( 'NONE', #529, #947, #148 ) ;
#780 = MECHANICAL_DESIGN_GEOMETRIC_PRESENTATION_REPRESENTATION (  '', ( #1198 ), #248 ) ;
#781 = LINE ( 'NONE', #246, #257 ) ;
#782 = CARTESIAN_POINT ( 'NONE',  ( -1.506292185433967701, -3.475000000000016076, 5.250000000000000000 ) ) ;
#783 = CARTESIAN_POINT ( 'NONE',  ( 2.256292185433964370, -3.041987298107800441, 5.250000000000000000 ) ) ;
#784 = VERTEX_POINT ( 'NONE', #820 ) ;
#785 = FILL_AREA_STYLE ('',( #1092 ) ) ;
#786 = DIRECTION ( 'NONE',  ( 1.000000000000000000, 0.000000000000000000, 0.000000000000000000 ) ) ;
#787 = STYLED_ITEM ( 'NONE', ( #377 ), #478 ) ;
#788 = LINE ( 'NONE', #1215, #1107 ) ;
#789 = CARTESIAN_POINT ( 'NONE',  ( -4.512584370867902095, 2.883977778811441794E-14, 5.250000000000000000 ) ) ;
#790 = ORIENTED_EDGE ( 'NONE', *, *, #74, .T. ) ;
#791 = CARTESIAN_POINT ( 'NONE',  ( 1.506292185433942166, -3.474999999999984546, 5.250000000000000000 ) ) ;
#792 =( GEOMETRIC_REPRESENTATION_CONTEXT ( 3 ) GLOBAL_UNCERTAINTY_ASSIGNED_CONTEXT ( ( #1243 ) ) GLOBAL_UNIT_ASSIGNED_CONTEXT ( ( #1081, #364, #1316 ) ) REPRESENTATION_CONTEXT ( 'NONE', 'WORKASPACE' ) );
#793 = FACE_OUTER_BOUND ( 'NONE', #657, .T. ) ;
#794 = CARTESIAN_POINT ( 'NONE',  ( -2.006292185433967479, -3.474999999999992983, 5.250000000000000000 ) ) ;
#795 = MECHANICAL_DESIGN_GEOMETRIC_PRESENTATION_REPRESENTATION (  '', ( #1360 ), #709 ) ;
#796 = PRESENTATION_LAYER_ASSIGNMENT (  '', '', ( #837 ) ) ;
#797 = UNCERTAINTY_MEASURE_WITH_UNIT (LENGTH_MEASURE( 1.000000000000000082E-05 ), #693, 'distance_accuracy_value', 'NONE');
#798 = VERTEX_POINT ( 'NONE', #106 ) ;
#799 = FILL_AREA_STYLE ('',( #1090 ) ) ;
#800 = UNCERTAINTY_MEASURE_WITH_UNIT (LENGTH_MEASURE( 1.000000000000000082E-05 ), #407, 'distance_accuracy_value', 'NONE');
#801 = CIRCLE ( 'NONE', #1171, 0.5000000000000000000 ) ;
#802 = DIRECTION ( 'NONE',  ( -1.000000000000000000, 0.000000000000000000, 0.000000000000000000 ) ) ;
#803 = LINE ( 'NONE', #1193, #273 ) ;
#804 = VERTEX_POINT ( 'NONE', #287 ) ;
#805 =( GEOMETRIC_REPRESENTATION_CONTEXT ( 3 ) GLOBAL_UNCERTAINTY_ASSIGNED_CONTEXT ( ( #1039 ) ) GLOBAL_UNIT_ASSIGNED_CONTEXT ( ( #543, #31, #145 ) ) REPRESENTATION_CONTEXT ( 'NONE', 'WORKASPACE' ) );
#806 = PRESENTATION_STYLE_ASSIGNMENT (( #393 ) ) ;
#807 = DIRECTION ( 'NONE',  ( -0.000000000000000000, 0.000000000000000000, 1.000000000000000000 ) ) ;
#808 = AXIS2_PLACEMENT_3D ( 'NONE', #65, #1035, #1237 ) ;
#809 = DIRECTION ( 'NONE',  ( -0.000000000000000000, -0.000000000000000000, 1.000000000000000000 ) ) ;
#810 = FILL_AREA_STYLE ('',( #716 ) ) ;
#811 = EDGE_CURVE ( 'NONE', #223, #397, #951, .T. ) ;
#812 = VERTEX_POINT ( 'NONE', #1234 ) ;
#813 = PRESENTATION_STYLE_ASSIGNMENT (( #823 ) ) ;
#814 = VERTEX_POINT ( 'NONE', #719 ) ;
#815 = FILL_AREA_STYLE_COLOUR ( '', #256 ) ;
#816 = MECHANICAL_DESIGN_GEOMETRIC_PRESENTATION_REPRESENTATION (  '', ( #134 ), #156 ) ;
#817 = DIRECTION ( 'NONE',  ( 1.000000000000000000, 0.000000000000000000, 0.000000000000000000 ) ) ;
#818 = SURFACE_STYLE_USAGE ( .BOTH. , #730 ) ;
#819 = ORIENTED_EDGE ( 'NONE', *, *, #1238, .F. ) ;
#820 = CARTESIAN_POINT ( 'NONE',  ( 3.000000000000000000, 3.673940397442059868E-16, 5.250000000000000000 ) ) ;
#821 = VERTEX_POINT ( 'NONE', #421 ) ;
#822 = ORIENTED_EDGE ( 'NONE', *, *, #570, .F. ) ;
#823 = SURFACE_STYLE_USAGE ( .BOTH. , #742 ) ;
#824 =( LENGTH_UNIT ( ) NAMED_UNIT ( * ) SI_UNIT ( .MILLI., .METRE. ) );
#825 = CARTESIAN_POINT ( 'NONE',  ( 4.250000000000000000, 0.000000000000000000, -9.599242404917500693 ) ) ;
#826 = UNCERTAINTY_MEASURE_WITH_UNIT (LENGTH_MEASURE( 1.000000000000000082E-05 ), #910, 'distance_accuracy_value', 'NONE');
#827 = ORIENTED_EDGE ( 'NONE', *, *, #343, .T. ) ;
#828 = EDGE_CURVE ( 'NONE', #1125, #22, #113, .T. ) ;
#829 = EDGE_CURVE ( 'NONE', #1040, #1152, #954, .T. ) ;
#830 = ORIENTED_EDGE ( 'NONE', *, *, #343, .F. ) ;
#831 = DIRECTION ( 'NONE',  ( -0.000000000000000000, -0.000000000000000000, 1.000000000000000000 ) ) ;
#832 = DIRECTION ( 'NONE',  ( -0.000000000000000000, 0.000000000000000000, 1.000000000000000000 ) ) ;
#833 = AXIS2_PLACEMENT_3D ( 'NONE', #327, #832, #539 ) ;
#834 =( NAMED_UNIT ( * ) SI_UNIT ( $, .STERADIAN. ) SOLID_ANGLE_UNIT ( ) );
#835 = VERTEX_POINT ( 'NONE', #945 ) ;
#836 = CIRCLE ( 'NONE', #536, 0.5000000000000004441 ) ;
#837 = STYLED_ITEM ( 'NONE', ( #296 ), #1256 ) ;
#838 = AXIS2_PLACEMENT_3D ( 'NONE', #269, #1101, #475 ) ;
#839 = FILL_AREA_STYLE ('',( #848 ) ) ;
#840 = DIRECTION ( 'NONE',  ( 0.000000000000000000, 0.000000000000000000, 1.000000000000000000 ) ) ;
#841 = CARTESIAN_POINT ( 'NONE',  ( 3.000000000000000000, 3.673940397442059868E-16, 9.999999999999998224 ) ) ;
#842 = STYLED_ITEM ( 'NONE', ( #843 ), #69 ) ;
#843 = PRESENTATION_STYLE_ASSIGNMENT (( #429 ) ) ;
#844 = PRESENTATION_STYLE_ASSIGNMENT (( #1182 ) ) ;
#845 = CIRCLE ( 'NONE', #561, 3.999999999999996447 ) ;
#846 = ORIENTED_EDGE ( 'NONE', *, *, #1075, .T. ) ;
#847 = ADVANCED_FACE ( 'NONE', ( #1047 ), #1242, .F. ) ;
#848 = FILL_AREA_STYLE_COLOUR ( '', #582 ) ;
#849 =( LENGTH_UNIT ( ) NAMED_UNIT ( * ) SI_UNIT ( .MILLI., .METRE. ) );
#850 = SURFACE_STYLE_FILL_AREA ( #436 ) ;
#851 = DIRECTION ( 'NONE',  ( 0.4999999999999952260, 0.8660254037844413721, 0.000000000000000000 ) ) ;
#852 = STYLED_ITEM ( 'NONE', ( #1045 ), #953 ) ;
#853 = SURFACE_SIDE_STYLE ('',( #227 ) ) ;
#854 = ADVANCED_FACE ( 'NONE', ( #116 ), #975, .F. ) ;
#855 = PRESENTATION_LAYER_ASSIGNMENT (  '', '', ( #172 ) ) ;
#856 = EDGE_LOOP ( 'NONE', ( #1089, #1279, #513, #1241 ) ) ;
#857 =( NAMED_UNIT ( * ) SI_UNIT ( $, .STERADIAN. ) SOLID_ANGLE_UNIT ( ) );
#858 = DIRECTION ( 'NONE',  ( -0.000000000000000000, -0.000000000000000000, -1.000000000000000000 ) ) ;
#859 =( GEOMETRIC_REPRESENTATION_CONTEXT ( 3 ) GLOBAL_UNCERTAINTY_ASSIGNED_CONTEXT ( ( #667 ) ) GLOBAL_UNIT_ASSIGNED_CONTEXT ( ( #284, #623, #1017 ) ) REPRESENTATION_CONTEXT ( 'NONE', 'WORKASPACE' ) );
#860 = COLOUR_RGB ( '',0.2980392156862745057, 0.2980392156862745057, 0.2980392156862745057 ) ;
#861 = ORIENTED_EDGE ( 'NONE', *, *, #726, .T. ) ;
#862 = CIRCLE ( 'NONE', #772, 3.000000000000000000 ) ;
#863 = CIRCLE ( 'NONE', #996, 0.5000000000000004441 ) ;
#864 = CARTESIAN_POINT ( 'NONE',  ( -1.089178084084437413E-14, 3.475000000000000089, 5.250000000000000000 ) ) ;
#865 = FILL_AREA_STYLE ('',( #630 ) ) ;
#866 = ADVANCED_FACE ( 'NONE', ( #1069 ), #1159, .F. ) ;
#867 = ORIENTED_EDGE ( 'NONE', *, *, #490, .F. ) ;
#868 = VECTOR ( 'NONE', #1334, 1000.000000000000000 ) ;
#869 = PRESENTATION_STYLE_ASSIGNMENT (( #997 ) ) ;
#870 = DIRECTION ( 'NONE',  ( 0.7071067811865474617, 8.659560562354932858E-17, -0.7071067811865474617 ) ) ;
#871 = DIRECTION ( 'NONE',  ( -0.000000000000000000, 0.000000000000000000, 1.000000000000000000 ) ) ;
#872 =( NAMED_UNIT ( * ) SI_UNIT ( $, .STERADIAN. ) SOLID_ANGLE_UNIT ( ) );
#873 = ORIENTED_EDGE ( 'NONE', *, *, #123, .F. ) ;
#874 =( NAMED_UNIT ( * ) SI_UNIT ( $, .STERADIAN. ) SOLID_ANGLE_UNIT ( ) );
#875 = ADVANCED_FACE ( 'NONE', ( #131 ), #550, .T. ) ;
#876 = ADVANCED_FACE ( 'NONE', ( #61 ), #176, .T. ) ;
#877 = MECHANICAL_DESIGN_GEOMETRIC_PRESENTATION_REPRESENTATION (  '', ( #923 ), #636 ) ;
#878 = DIRECTION ( 'NONE',  ( 1.000000000000000000, 0.000000000000000000, -0.000000000000000000 ) ) ;
#879 = DIRECTION ( 'NONE',  ( -0.7071067811865474617, 0.000000000000000000, -0.7071067811865474617 ) ) ;
#880 = CARTESIAN_POINT ( 'NONE',  ( -3.250000000000001332, 3.980102097228899218E-16, 10.25000000000000000 ) ) ;
#881 = ORIENTED_EDGE ( 'NONE', *, *, #1091, .T. ) ;
#882 = VECTOR ( 'NONE', #904, 1000.000000000000114 ) ;
#883 = FILL_AREA_STYLE_COLOUR ( '', #212 ) ;
#884 = CARTESIAN_POINT ( 'NONE',  ( 0.000000000000000000, 0.000000000000000000, -9.599242404917500693 ) ) ;
#885 = VECTOR ( 'NONE', #42, 1000.000000000000000 ) ;
#886 = DIRECTION ( 'NONE',  ( -1.000000000000000000, 0.000000000000000000, 0.000000000000000000 ) ) ;
#887 = SURFACE_STYLE_USAGE ( .BOTH. , #907 ) ;
#888 = EDGE_LOOP ( 'NONE', ( #300, #618, #753, #1255 ) ) ;
#889 = CYLINDRICAL_SURFACE ( 'NONE', #905, 0.4999999999999995559 ) ;
#890 = MECHANICAL_DESIGN_GEOMETRIC_PRESENTATION_REPRESENTATION (  '', ( #119 ), #1336 ) ;
#891 = MECHANICAL_DESIGN_GEOMETRIC_PRESENTATION_REPRESENTATION (  '', ( #852 ), #675 ) ;
#892 = CARTESIAN_POINT ( 'NONE',  ( 3.250000000000001332, 0.000000000000000000, 10.25000000000000000 ) ) ;
#893 = CYLINDRICAL_SURFACE ( 'NONE', #72, 4.250000000000000000 ) ;
#894 = LINE ( 'NONE', #35, #885 ) ;
#895 = ORIENTED_EDGE ( 'NONE', *, *, #1189, .T. ) ;
#896 = MECHANICAL_DESIGN_GEOMETRIC_PRESENTATION_REPRESENTATION (  '', ( #16 ), #805 ) ;
#897 = DIRECTION ( 'NONE',  ( 0.000000000000000000, 0.000000000000000000, -1.000000000000000000 ) ) ;
#898 = CARTESIAN_POINT ( 'NONE',  ( -4.512584370867902095, 2.883977778811441794E-14, 5.250000000000000000 ) ) ;
#899 = FILL_AREA_STYLE_COLOUR ( '', #147 ) ;
#900 = VERTEX_POINT ( 'NONE', #169 ) ;
#901 =( NAMED_UNIT ( * ) PLANE_ANGLE_UNIT ( ) SI_UNIT ( $, .RADIAN. ) );
#902 = VECTOR ( 'NONE', #1156, 1000.000000000000000 ) ;
#903 = VECTOR ( 'NONE', #1270, 999.9999999999998863 ) ;
#904 = DIRECTION ( 'NONE',  ( -0.5000000000000011102, 0.8660254037844380415, 0.000000000000000000 ) ) ;
#905 = AXIS2_PLACEMENT_3D ( 'NONE', #314, #186, #1135 ) ;
#906 = CARTESIAN_POINT ( 'NONE',  ( 0.000000000000000000, 0.000000000000000000, 10.25000000000000000 ) ) ;
#907 = SURFACE_SIDE_STYLE ('',( #1312 ) ) ;
#908 = EDGE_CURVE ( 'NONE', #1152, #1077, #894, .T. ) ;
#909 = ORIENTED_EDGE ( 'NONE', *, *, #229, .F. ) ;
#910 =( LENGTH_UNIT ( ) NAMED_UNIT ( * ) SI_UNIT ( .MILLI., .METRE. ) );
#911 =( NAMED_UNIT ( * ) PLANE_ANGLE_UNIT ( ) SI_UNIT ( $, .RADIAN. ) );
#912 =( LENGTH_UNIT ( ) NAMED_UNIT ( * ) SI_UNIT ( .MILLI., .METRE. ) );
#913 = EDGE_CURVE ( 'NONE', #900, #711, #166, .T. ) ;
#914 = AXIS2_PLACEMENT_3D ( 'NONE', #1065, #1192, #1318 ) ;
#915 = PRESENTATION_STYLE_ASSIGNMENT (( #518 ) ) ;
#916 = PRESENTATION_LAYER_ASSIGNMENT (  '', '', ( #453 ) ) ;
#917 = ORIENTED_EDGE ( 'NONE', *, *, #1189, .F. ) ;
#918 = CARTESIAN_POINT ( 'NONE',  ( 0.000000000000000000, 0.000000000000000000, 0.000000000000000000 ) ) ;
#919 = EDGE_CURVE ( 'NONE', #1125, #528, #1303, .T. ) ;
#920 = CARTESIAN_POINT ( 'NONE',  ( -3.009438278150910584, -1.737500000000024469, 0.000000000000000000 ) ) ;
#921 = DIRECTION ( 'NONE',  ( 1.000000000000000000, 0.000000000000000000, 0.000000000000000000 ) ) ;
#922 = CARTESIAN_POINT ( 'NONE',  ( 3.009438278150946555, -1.737499999999990496, 5.250000000000000000 ) ) ;
#923 = STYLED_ITEM ( 'NONE', ( #472 ), #447 ) ;
#924 = VERTEX_POINT ( 'NONE', #783 ) ;
#925 = DIRECTION ( 'NONE',  ( 1.000000000000000000, 1.048377813507223330E-14, 0.000000000000000000 ) ) ;
#926 = PRESENTATION_STYLE_ASSIGNMENT (( #1121 ) ) ;
#927 = FILL_AREA_STYLE ('',( #1132 ) ) ;
#928 = CIRCLE ( 'NONE', #833, 0.5000000000000004441 ) ;
#929 = DIRECTION ( 'NONE',  ( 1.000000000000000000, 0.000000000000000000, 0.000000000000000000 ) ) ;
#930 = DIRECTION ( 'NONE',  ( -0.4999999999999952260, -0.8660254037844413721, 0.000000000000000000 ) ) ;
#931 = VECTOR ( 'NONE', #1088, 1000.000000000000000 ) ;
#932 = EDGE_LOOP ( 'NONE', ( #32, #489, #286, #544 ) ) ;
#933 = CARTESIAN_POINT ( 'NONE',  ( -3.009438278150934565, 1.737499999999982725, 5.250000000000000000 ) ) ;
#934 = DIRECTION ( 'NONE',  ( -0.000000000000000000, -0.000000000000000000, -1.000000000000000000 ) ) ;
#935 = PRESENTATION_LAYER_ASSIGNMENT (  '', '', ( #603 ) ) ;
#936 = SURFACE_STYLE_FILL_AREA ( #1345 ) ;
#937 = EDGE_CURVE ( 'NONE', #1109, #1347, #803, .T. ) ;
#938 = ORIENTED_EDGE ( 'NONE', *, *, #1155, .T. ) ;
#939 =( NAMED_UNIT ( * ) PLANE_ANGLE_UNIT ( ) SI_UNIT ( $, .RADIAN. ) );
#940 = ADVANCED_FACE ( 'NONE', ( #57 ), #1216, .F. ) ;
#941 = LINE ( 'NONE', #108, #520 ) ;
#942 = LINE ( 'NONE', #1224, #1309 ) ;
#943 = UNCERTAINTY_MEASURE_WITH_UNIT (LENGTH_MEASURE( 1.000000000000000082E-05 ), #558, 'distance_accuracy_value', 'NONE');
#944 = ORIENTED_EDGE ( 'NONE', *, *, #30, .T. ) ;
#945 = CARTESIAN_POINT ( 'NONE',  ( 3.250000000000001332, 0.000000000000000000, 10.25000000000000000 ) ) ;
#946 = ORIENTED_EDGE ( 'NONE', *, *, #532, .T. ) ;
#947 = DIRECTION ( 'NONE',  ( 0.000000000000000000, 0.000000000000000000, -1.000000000000000000 ) ) ;
#948 = DIRECTION ( 'NONE',  ( -1.000000000000000000, 0.000000000000000000, 0.000000000000000000 ) ) ;
#949 = COLOUR_RGB ( '',0.2980392156862745057, 0.2980392156862745057, 0.2980392156862745057 ) ;
#950 = CARTESIAN_POINT ( 'NONE',  ( 0.000000000000000000, 0.000000000000000000, 10.25000000000000000 ) ) ;
#951 = LINE ( 'NONE', #505, #1059 ) ;
#952 = COLOUR_RGB ( '',0.2980392156862745057, 0.2980392156862745057, 0.2980392156862745057 ) ;
#953 = ADVANCED_FACE ( 'NONE', ( #722 ), #624, .T. ) ;
#954 = CIRCLE ( 'NONE', #443, 0.5000000000000000000 ) ;
#955 = CIRCLE ( 'NONE', #201, 5.250000000000000000 ) ;
#956 = ORIENTED_EDGE ( 'NONE', *, *, #735, .T. ) ;
#957 = STYLED_ITEM ( 'NONE', ( #1319 ), #876 ) ;
#958 = SURFACE_STYLE_USAGE ( .BOTH. , #745 ) ;
#959 = LINE ( 'NONE', #1269, #902 ) ;
#960 = FILL_AREA_STYLE_COLOUR ( '', #387 ) ;
#961 = DIRECTION ( 'NONE',  ( -0.000000000000000000, -0.000000000000000000, -1.000000000000000000 ) ) ;
#962 = ORIENTED_EDGE ( 'NONE', *, *, #281, .F. ) ;
#963 = CARTESIAN_POINT ( 'NONE',  ( 1.506292185433942166, -3.474999999999984546, 5.250000000000000000 ) ) ;
#964 = PRESENTATION_STYLE_ASSIGNMENT (( #757 ) ) ;
#965 = ORIENTED_EDGE ( 'NONE', *, *, #1371, .F. ) ;
#966 = EDGE_CURVE ( 'NONE', #1357, #223, #332, .T. ) ;
#967 = FILL_AREA_STYLE ('',( #1367 ) ) ;
#968 = LINE ( 'NONE', #1292, #380 ) ;
#969 = DIRECTION ( 'NONE',  ( -1.000000000000000000, 0.000000000000000000, 0.000000000000000000 ) ) ;
#970 = AXIS2_PLACEMENT_3D ( 'NONE', #922, #1240, #930 ) ;
#971 = ORIENTED_EDGE ( 'NONE', *, *, #1210, .T. ) ;
#972 =( GEOMETRIC_REPRESENTATION_CONTEXT ( 3 ) GLOBAL_UNCERTAINTY_ASSIGNED_CONTEXT ( ( #1315 ) ) GLOBAL_UNIT_ASSIGNED_CONTEXT ( ( #824, #1122, #394 ) ) REPRESENTATION_CONTEXT ( 'NONE', 'WORKASPACE' ) );
#973 = CARTESIAN_POINT ( 'NONE',  ( -3.762584370867879890, 0.4330127018922358406, 5.250000000000000000 ) ) ;
#974 = EDGE_CURVE ( 'NONE', #1040, #334, #1127, .T. ) ;
#975 = CYLINDRICAL_SURFACE ( 'NONE', #127, 3.000000000000000000 ) ;
#976 = ADVANCED_FACE ( 'NONE', ( #409 ), #1364, .F. ) ;
#977 = CIRCLE ( 'NONE', #669, 3.000000000000000000 ) ;
#978 = ORIENTED_EDGE ( 'NONE', *, *, #660, .T. ) ;
#979 = AXIS2_PLACEMENT_3D ( 'NONE', #1110, #498, #52 ) ;
#980 = CARTESIAN_POINT ( 'NONE',  ( 0.000000000000000000, 0.000000000000000000, 9.999999999999998224 ) ) ;
#981 = PRESENTATION_LAYER_ASSIGNMENT (  '', '', ( #211 ) ) ;
#982 = FILL_AREA_STYLE_COLOUR ( '', #692 ) ;
#983 = DIRECTION ( 'NONE',  ( -0.000000000000000000, -0.000000000000000000, -1.000000000000000000 ) ) ;
#984 = PRODUCT_DEFINITION_SHAPE ( 'NONE', 'NONE',  #2 ) ;
#985 = ORIENTED_EDGE ( 'NONE', *, *, #593, .T. ) ;
#986 = SURFACE_STYLE_FILL_AREA ( #839 ) ;
#987 = DIRECTION ( 'NONE',  ( 0.000000000000000000, 0.000000000000000000, 1.000000000000000000 ) ) ;
#988 = DIRECTION ( 'NONE',  ( -0.000000000000000000, -0.000000000000000000, -1.000000000000000000 ) ) ;
#989 = EDGE_CURVE ( 'NONE', #1144, #900, #68, .T. ) ;
#990 = ORIENTED_EDGE ( 'NONE', *, *, #1071, .F. ) ;
#991 = PRESENTATION_STYLE_ASSIGNMENT (( #1118 ) ) ;
#992 = AXIS2_PLACEMENT_3D ( 'NONE', #337, #639, #555 ) ;
#993 = MECHANICAL_DESIGN_GEOMETRIC_PRESENTATION_REPRESENTATION (  '', ( #619 ), #307 ) ;
#994 = PRODUCT_DEFINITION_CONTEXT ( 'detailed design', #360, 'design' ) ;
#995 = AXIS2_PLACEMENT_3D ( 'NONE', #299, #79, #1249 ) ;
#996 = AXIS2_PLACEMENT_3D ( 'NONE', #309, #736, #435 ) ;
#997 = SURFACE_STYLE_USAGE ( .BOTH. , #671 ) ;
#998 = CARTESIAN_POINT ( 'NONE',  ( -3.000000000000000000, 0.000000000000000000, 5.250000000000000000 ) ) ;
#999 = ORIENTED_EDGE ( 'NONE', *, *, #563, .T. ) ;
#1000 =( NAMED_UNIT ( * ) SI_UNIT ( $, .STERADIAN. ) SOLID_ANGLE_UNIT ( ) );
#1001 = CARTESIAN_POINT ( 'NONE',  ( 0.000000000000000000, 0.000000000000000000, 6.749999999999993783 ) ) ;
#1002 = SURFACE_STYLE_USAGE ( .BOTH. , #163 ) ;
#1003 = ORIENTED_EDGE ( 'NONE', *, *, #974, .F. ) ;
#1004 = CARTESIAN_POINT ( 'NONE',  ( 3.009438278150922574, 1.737500000000004041, 5.250000000000000000 ) ) ;
#1005 = UNCERTAINTY_MEASURE_WITH_UNIT (LENGTH_MEASURE( 1.000000000000000082E-05 ), #103, 'distance_accuracy_value', 'NONE');
#1006 = LINE ( 'NONE', #637, #335 ) ;
#1007 = EDGE_CURVE ( 'NONE', #1326, #7, #184, .T. ) ;
#1008 = PRESENTATION_STYLE_ASSIGNMENT (( #591 ) ) ;
#1009 = CARTESIAN_POINT ( 'NONE',  ( 2.256292185433943942, 3.041987298107787563, 5.250000000000000000 ) ) ;
#1010 = FILL_AREA_STYLE ('',( #899 ) ) ;
#1011 = ORIENTED_EDGE ( 'NONE', *, *, #117, .T. ) ;
#1012 = AXIS2_PLACEMENT_3D ( 'NONE', #477, #987, #878 ) ;
#1013 = CIRCLE ( 'NONE', #732, 0.5000000000000004441 ) ;
#1014 = CYLINDRICAL_SURFACE ( 'NONE', #36, 5.250000000000000000 ) ;
#1015 = LINE ( 'NONE', #66, #773 ) ;
#1016 = AXIS2_PLACEMENT_3D ( 'NONE', #411, #1358, #206 ) ;
#1017 =( NAMED_UNIT ( * ) SI_UNIT ( $, .STERADIAN. ) SOLID_ANGLE_UNIT ( ) );
#1018 = SURFACE_STYLE_FILL_AREA ( #810 ) ;
#1019 = ORIENTED_EDGE ( 'NONE', *, *, #1091, .F. ) ;
#1020 = CARTESIAN_POINT ( 'NONE',  ( 0.000000000000000000, 0.000000000000000000, 10.25000000000000000 ) ) ;
#1021 = AXIS2_PLACEMENT_3D ( 'NONE', #525, #297, #1029 ) ;
#1022 = CARTESIAN_POINT ( 'NONE',  ( 3.643112901937601515E-14, -3.475000000000000089, 5.250000000000000000 ) ) ;
#1023 = CARTESIAN_POINT ( 'NONE',  ( 3.999999999999996447, 4.898587196589408884E-16, 10.25000000000000000 ) ) ;
#1024 = ORIENTED_EDGE ( 'NONE', *, *, #1007, .T. ) ;
#1025 =( NAMED_UNIT ( * ) SI_UNIT ( $, .STERADIAN. ) SOLID_ANGLE_UNIT ( ) );
#1026 = EDGE_LOOP ( 'NONE', ( #198, #140, #700, #652 ) ) ;
#1027 = LINE ( 'NONE', #729, #1133 ) ;
#1028 = CARTESIAN_POINT ( 'NONE',  ( -5.250000000000000000, 0.000000000000000000, 0.000000000000000000 ) ) ;
#1029 = DIRECTION ( 'NONE',  ( 1.000000000000000000, 0.000000000000000000, 0.000000000000000000 ) ) ;
#1030 = FILL_AREA_STYLE_COLOUR ( '', #674 ) ;
#1031 = AXIS2_PLACEMENT_3D ( 'NONE', #150, #897, #1178 ) ;
#1032 = ORIENTED_EDGE ( 'NONE', *, *, #370, .F. ) ;
#1033 = UNCERTAINTY_MEASURE_WITH_UNIT (LENGTH_MEASURE( 1.000000000000000082E-05 ), #912, 'distance_accuracy_value', 'NONE');
#1034 = ORIENTED_EDGE ( 'NONE', *, *, #1325, .F. ) ;
#1035 = DIRECTION ( 'NONE',  ( -0.000000000000000000, 0.000000000000000000, 1.000000000000000000 ) ) ;
#1036 = CARTESIAN_POINT ( 'NONE',  ( 2.006292185433942166, -3.475000000000007638, 5.250000000000000000 ) ) ;
#1037 = DIRECTION ( 'NONE',  ( -1.000000000000000000, 0.000000000000000000, 0.000000000000000000 ) ) ;
#1038 = CARTESIAN_POINT ( 'NONE',  ( -2.006292185433967479, -3.474999999999992983, 0.000000000000000000 ) ) ;
#1039 = UNCERTAINTY_MEASURE_WITH_UNIT (LENGTH_MEASURE( 1.000000000000000082E-05 ), #543, 'distance_accuracy_value', 'NONE');
#1040 = VERTEX_POINT ( 'NONE', #1282 ) ;
#1041 = CARTESIAN_POINT ( 'NONE',  ( -3.000000000000000000, 0.000000000000000000, 9.999999999999998224 ) ) ;
#1042 = CYLINDRICAL_SURFACE ( 'NONE', #1079, 3.000000000000000000 ) ;
#1043 = AXIS2_PLACEMENT_3D ( 'NONE', #1074, #214, #138 ) ;
#1044 = DIRECTION ( 'NONE',  ( -1.000000000000000000, -1.048377813507223488E-14, 0.000000000000000000 ) ) ;
#1045 = PRESENTATION_STYLE_ASSIGNMENT (( #818 ) ) ;
#1046 = ORIENTED_EDGE ( 'NONE', *, *, #1072, .F. ) ;
#1047 = FACE_OUTER_BOUND ( 'NONE', #724, .T. ) ;
#1048 = ORIENTED_EDGE ( 'NONE', *, *, #611, .F. ) ;
#1049 =( LENGTH_UNIT ( ) NAMED_UNIT ( * ) SI_UNIT ( .MILLI., .METRE. ) );
#1050 = EDGE_CURVE ( 'NONE', #1185, #1211, #338, .T. ) ;
#1051 = DIRECTION ( 'NONE',  ( 0.000000000000000000, 0.000000000000000000, 1.000000000000000000 ) ) ;
#1052 = FILL_AREA_STYLE_COLOUR ( '', #952 ) ;
#1053 = SURFACE_STYLE_USAGE ( .BOTH. , #527 ) ;
#1054 = ORIENTED_EDGE ( 'NONE', *, *, #381, .F. ) ;
#1055 = ADVANCED_FACE ( 'NONE', ( #226 ), #239, .T. ) ;
#1056 = CARTESIAN_POINT ( 'NONE',  ( -3.009438278150934565, 1.737499999999982725, 0.000000000000000000 ) ) ;
#1057 = DIRECTION ( 'NONE',  ( -0.000000000000000000, 0.000000000000000000, 1.000000000000000000 ) ) ;
#1058 = AXIS2_PLACEMENT_3D ( 'NONE', #1038, #1368, #519 ) ;
#1059 = VECTOR ( 'NONE', #925, 1000.000000000000000 ) ;
#1060 = ORIENTED_EDGE ( 'NONE', *, *, #1174, .F. ) ;
#1061 = FILL_AREA_STYLE ('',( #1258 ) ) ;
#1062 = FACE_OUTER_BOUND ( 'NONE', #778, .T. ) ;
#1063 = DIRECTION ( 'NONE',  ( -1.000000000000000000, 0.000000000000000000, 0.000000000000000000 ) ) ;
#1064 = AXIS2_PLACEMENT_3D ( 'NONE', #918, #45, #471 ) ;
#1065 = CARTESIAN_POINT ( 'NONE',  ( 0.000000000000000000, 0.000000000000000000, 5.750000000000000000 ) ) ;
#1066 = ORIENTED_EDGE ( 'NONE', *, *, #1325, .T. ) ;
#1067 =( NAMED_UNIT ( * ) SI_UNIT ( $, .STERADIAN. ) SOLID_ANGLE_UNIT ( ) );
#1068 = DIRECTION ( 'NONE',  ( 1.000000000000000000, 0.000000000000000000, 0.000000000000000000 ) ) ;
#1069 = FACE_OUTER_BOUND ( 'NONE', #888, .T. ) ;
#1070 = VERTEX_POINT ( 'NONE', #445 ) ;
#1071 = EDGE_CURVE ( 'NONE', #821, #812, #968, .T. ) ;
#1072 = EDGE_CURVE ( 'NONE', #710, #397, #427, .T. ) ;
#1073 = COLOUR_RGB ( '',0.2980392156862745057, 0.2980392156862745057, 0.2980392156862745057 ) ;
#1074 = CARTESIAN_POINT ( 'NONE',  ( 3.000000000000000444, 0.000000000000000000, 10.25000000000000000 ) ) ;
#1075 = EDGE_CURVE ( 'NONE', #784, #1168, #862, .T. ) ;
#1076 = MECHANICAL_DESIGN_GEOMETRIC_PRESENTATION_REPRESENTATION (  '', ( #1166 ), #792 ) ;
#1077 = VERTEX_POINT ( 'NONE', #122 ) ;
#1078 = UNCERTAINTY_MEASURE_WITH_UNIT (LENGTH_MEASURE( 1.000000000000000082E-05 ), #249, 'distance_accuracy_value', 'NONE');
#1079 = AXIS2_PLACEMENT_3D ( 'NONE', #523, #81, #283 ) ;
#1080 = AXIS2_PLACEMENT_3D ( 'NONE', #379, #367, #599 ) ;
#1081 =( LENGTH_UNIT ( ) NAMED_UNIT ( * ) SI_UNIT ( .MILLI., .METRE. ) );
#1082 = FACE_OUTER_BOUND ( 'NONE', #508, .T. ) ;
#1083 = VECTOR ( 'NONE', #319, 1000.000000000000000 ) ;
#1084 = VERTEX_POINT ( 'NONE', #841 ) ;
#1085 = DIRECTION ( 'NONE',  ( -0.000000000000000000, -0.000000000000000000, -1.000000000000000000 ) ) ;
#1086 = AXIS2_PLACEMENT_3D ( 'NONE', #1181, #587, #474 ) ;
#1087 = UNCERTAINTY_MEASURE_WITH_UNIT (LENGTH_MEASURE( 1.000000000000000082E-05 ), #694, 'distance_accuracy_value', 'NONE');
#1088 = DIRECTION ( 'NONE',  ( 0.7071067811865463515, 0.000000000000000000, 0.7071067811865487940 ) ) ;
#1089 = ORIENTED_EDGE ( 'NONE', *, *, #468, .F. ) ;
#1090 = FILL_AREA_STYLE_COLOUR ( '', #668 ) ;
#1091 = EDGE_CURVE ( 'NONE', #924, #442, #437, .T. ) ;
#1092 = FILL_AREA_STYLE_COLOUR ( '', #614 ) ;
#1093 = CARTESIAN_POINT ( 'NONE',  ( 0.000000000000000000, 0.000000000000000000, 10.25000000000000000 ) ) ;
#1094 =( NAMED_UNIT ( * ) PLANE_ANGLE_UNIT ( ) SI_UNIT ( $, .RADIAN. ) );
#1095 = ORIENTED_EDGE ( 'NONE', *, *, #200, .T. ) ;
#1096 = VECTOR ( 'NONE', #162, 1000.000000000000000 ) ;
#1097 = UNCERTAINTY_MEASURE_WITH_UNIT (LENGTH_MEASURE( 1.000000000000000082E-05 ), #849, 'distance_accuracy_value', 'NONE');
#1098 = AXIS2_PLACEMENT_3D ( 'NONE', #629, #840, #109 ) ;
#1099 = CARTESIAN_POINT ( 'NONE',  ( 5.250000000000000000, 6.429395695523603167E-16, 5.250000000000000000 ) ) ;
#1100 = CARTESIAN_POINT ( 'NONE',  ( -5.250000000000000000, 0.000000000000000000, 5.250000000000000000 ) ) ;
#1101 = DIRECTION ( 'NONE',  ( -0.000000000000000000, -0.000000000000000000, -1.000000000000000000 ) ) ;
#1102 = ORIENTED_EDGE ( 'NONE', *, *, #507, .F. ) ;
#1103 = DIRECTION ( 'NONE',  ( 0.5000000000000011102, -0.8660254037844380415, 0.000000000000000000 ) ) ;
#1104 = PRESENTATION_LAYER_ASSIGNMENT (  '', '', ( #29 ) ) ;
#1105 = ADVANCED_FACE ( 'NONE', ( #18 ), #11, .F. ) ;
#1106 = CONICAL_SURFACE ( 'NONE', #584, 3.250000000000001332, 0.7853981633974466137 ) ;
#1107 = VECTOR ( 'NONE', #1324, 1000.000000000000000 ) ;
#1108 = CARTESIAN_POINT ( 'NONE',  ( 3.762584370867905204, -0.4330127018922219073, 0.000000000000000000 ) ) ;
#1109 = VERTEX_POINT ( 'NONE', #1200 ) ;
#1110 = CARTESIAN_POINT ( 'NONE',  ( 0.000000000000000000, 0.000000000000000000, 10.25000000000000000 ) ) ;
#1111 = VECTOR ( 'NONE', #499, 1000.000000000000000 ) ;
#1112 = DIRECTION ( 'NONE',  ( -0.000000000000000000, 0.000000000000000000, 1.000000000000000000 ) ) ;
#1113 = EDGE_CURVE ( 'NONE', #710, #924, #836, .T. ) ;
#1114 = EDGE_CURVE ( 'NONE', #763, #635, #683, .T. ) ;
#1115 = CARTESIAN_POINT ( 'NONE',  ( -1.506292185433967701, -3.475000000000016076, 0.000000000000000000 ) ) ;
#1116 =( LENGTH_UNIT ( ) NAMED_UNIT ( * ) SI_UNIT ( .MILLI., .METRE. ) );
#1117 = ORIENTED_EDGE ( 'NONE', *, *, #937, .T. ) ;
#1118 = SURFACE_STYLE_USAGE ( .BOTH. , #1196 ) ;
#1119 = MECHANICAL_DESIGN_GEOMETRIC_PRESENTATION_REPRESENTATION (  '', ( #403 ), #237 ) ;
#1120 = COLOUR_RGB ( '',0.2980392156862745057, 0.2980392156862745057, 0.2980392156862745057 ) ;
#1121 = SURFACE_STYLE_USAGE ( .BOTH. , #1337 ) ;
#1122 =( NAMED_UNIT ( * ) PLANE_ANGLE_UNIT ( ) SI_UNIT ( $, .RADIAN. ) );
#1123 = DIRECTION ( 'NONE',  ( 0.7071067811865512365, 8.659560562354978464E-17, -0.7071067811865439090 ) ) ;
#1124 = ORIENTED_EDGE ( 'NONE', *, *, #811, .F. ) ;
#1125 = VERTEX_POINT ( 'NONE', #898 ) ;
#1126 =( NAMED_UNIT ( * ) SI_UNIT ( $, .STERADIAN. ) SOLID_ANGLE_UNIT ( ) );
#1127 = LINE ( 'NONE', #605, #708 ) ;
#1128 = EDGE_LOOP ( 'NONE', ( #867, #985, #744, #304 ) ) ;
#1129 =( LENGTH_UNIT ( ) NAMED_UNIT ( * ) SI_UNIT ( .MILLI., .METRE. ) );
#1130 = ORIENTED_EDGE ( 'NONE', *, *, #235, .T. ) ;
#1131 =( NAMED_UNIT ( * ) SI_UNIT ( $, .STERADIAN. ) SOLID_ANGLE_UNIT ( ) );
#1132 = FILL_AREA_STYLE_COLOUR ( '', #160 ) ;
#1133 = VECTOR ( 'NONE', #80, 1000.000000000000000 ) ;
#1134 = ORIENTED_EDGE ( 'NONE', *, *, #203, .T. ) ;
#1135 = DIRECTION ( 'NONE',  ( -1.000000000000000000, 0.000000000000000000, 0.000000000000000000 ) ) ;
#1136 = UNCERTAINTY_MEASURE_WITH_UNIT (LENGTH_MEASURE( 1.000000000000000082E-05 ), #322, 'distance_accuracy_value', 'NONE');
#1137 = ORIENTED_EDGE ( 'NONE', *, *, #37, .F. ) ;
#1138 = CARTESIAN_POINT ( 'NONE',  ( 2.256292185433943942, 3.041987298107787563, 5.250000000000000000 ) ) ;
#1139 = MECHANICAL_DESIGN_GEOMETRIC_PRESENTATION_REPRESENTATION (  '', ( #684 ), #643 ) ;
#1140 = FACE_OUTER_BOUND ( 'NONE', #1177, .T. ) ;
#1141 = MECHANICAL_DESIGN_GEOMETRIC_PRESENTATION_REPRESENTATION (  '', ( #241 ), #308 ) ;
#1142 = UNCERTAINTY_MEASURE_WITH_UNIT (LENGTH_MEASURE( 1.000000000000000082E-05 ), #1129, 'distance_accuracy_value', 'NONE');
#1143 = ORIENTED_EDGE ( 'NONE', *, *, #726, .F. ) ;
#1144 = VERTEX_POINT ( 'NONE', #151 ) ;
#1145 =( NAMED_UNIT ( * ) PLANE_ANGLE_UNIT ( ) SI_UNIT ( $, .RADIAN. ) );
#1146 = PRESENTATION_LAYER_ASSIGNMENT (  '', '', ( #606 ) ) ;
#1147 = PLANE ( 'NONE',  #1236 ) ;
#1148 = CARTESIAN_POINT ( 'NONE',  ( -2.006292185433966591, 3.474999999999993872, 5.250000000000000000 ) ) ;
#1149 = VECTOR ( 'NONE', #988, 1000.000000000000000 ) ;
#1150 = SURFACE_STYLE_FILL_AREA ( #514 ) ;
#1151 = EDGE_CURVE ( 'NONE', #397, #1185, #1013, .T. ) ;
#1152 = VERTEX_POINT ( 'NONE', #353 ) ;
#1153 = MECHANICAL_DESIGN_GEOMETRIC_PRESENTATION_REPRESENTATION (  '', ( #601 ), #76 ) ;
#1154 = PRESENTATION_STYLE_ASSIGNMENT (( #958 ) ) ;
#1155 = EDGE_CURVE ( 'NONE', #620, #1084, #158, .T. ) ;
#1156 = DIRECTION ( 'NONE',  ( -0.000000000000000000, -0.000000000000000000, -1.000000000000000000 ) ) ;
#1157 =( GEOMETRIC_REPRESENTATION_CONTEXT ( 3 ) GLOBAL_UNCERTAINTY_ASSIGNED_CONTEXT ( ( #800 ) ) GLOBAL_UNIT_ASSIGNED_CONTEXT ( ( #407, #911, #1126 ) ) REPRESENTATION_CONTEXT ( 'NONE', 'WORKASPACE' ) );
#1158 = FACE_OUTER_BOUND ( 'NONE', #1290, .T. ) ;
#1159 = CYLINDRICAL_SURFACE ( 'NONE', #501, 0.5000000000000004441 ) ;
#1160 = ORIENTED_EDGE ( 'NONE', *, *, #281, .T. ) ;
#1161 = DIRECTION ( 'NONE',  ( 1.000000000000000000, 0.000000000000000000, 0.000000000000000000 ) ) ;
#1162 = APPLICATION_PROTOCOL_DEFINITION ( 'draft international standard', 'automotive_design', 1998, #312 ) ;
#1163 = CARTESIAN_POINT ( 'NONE',  ( 0.000000000000000000, 0.000000000000000000, 5.750000000000000000 ) ) ;
#1164 = FILL_AREA_STYLE ('',( #960 ) ) ;
#1165 = FILL_AREA_STYLE_COLOUR ( '', #1331 ) ;
#1166 = STYLED_ITEM ( 'NONE', ( #1008 ), #1222 ) ;
#1167 =( GEOMETRIC_REPRESENTATION_CONTEXT ( 3 ) GLOBAL_UNCERTAINTY_ASSIGNED_CONTEXT ( ( #1033 ) ) GLOBAL_UNIT_ASSIGNED_CONTEXT ( ( #912, #188, #302 ) ) REPRESENTATION_CONTEXT ( 'NONE', 'WORKASPACE' ) );
#1168 = VERTEX_POINT ( 'NONE', #998 ) ;
#1169 = DIRECTION ( 'NONE',  ( 1.000000000000000000, 0.000000000000000000, 0.000000000000000000 ) ) ;
#1170 = PRESENTATION_LAYER_ASSIGNMENT (  '', '', ( #1360 ) ) ;
#1171 = AXIS2_PLACEMENT_3D ( 'NONE', #640, #1057, #115 ) ;
#1172 = FILL_AREA_STYLE ('',( #1165 ) ) ;
#1173 = ORIENTED_EDGE ( 'NONE', *, *, #486, .F. ) ;
#1174 = EDGE_CURVE ( 'NONE', #835, #814, #110, .T. ) ;
#1175 = SURFACE_SIDE_STYLE ('',( #104 ) ) ;
#1176 = FILL_AREA_STYLE ('',( #105 ) ) ;
#1177 = EDGE_LOOP ( 'NONE', ( #190, #718, #768, #1369 ) ) ;
#1178 = DIRECTION ( 'NONE',  ( -1.000000000000000000, 0.000000000000000000, 0.000000000000000000 ) ) ;
#1179 = PRESENTATION_STYLE_ASSIGNMENT (( #23 ) ) ;
#1180 = CIRCLE ( 'NONE', #306, 4.250000000000000000 ) ;
#1181 = CARTESIAN_POINT ( 'NONE',  ( -4.012584370867902095, 2.883977778811441794E-14, 0.000000000000000000 ) ) ;
#1182 = SURFACE_STYLE_USAGE ( .BOTH. , #761 ) ;
#1183 = STYLED_ITEM ( 'NONE', ( #869 ), #446 ) ;
#1184 = AXIS2_PLACEMENT_3D ( 'NONE', #1093, #33, #802 ) ;
#1185 = VERTEX_POINT ( 'NONE', #141 ) ;
#1186 = SURFACE_STYLE_FILL_AREA ( #1061 ) ;
#1187 = UNCERTAINTY_MEASURE_WITH_UNIT (LENGTH_MEASURE( 1.000000000000000082E-05 ), #232, 'distance_accuracy_value', 'NONE');
#1188 = PRODUCT ( '1x_hal_magnet_holder', '1x_hal_magnet_holder', '', ( #1266 ) ) ;
#1189 = EDGE_CURVE ( 'NONE', #1084, #835, #775, .T. ) ;
#1190 = PRESENTATION_LAYER_ASSIGNMENT (  '', '', ( #957 ) ) ;
#1191 = FACE_OUTER_BOUND ( 'NONE', #1026, .T. ) ;
#1192 = DIRECTION ( 'NONE',  ( -0.000000000000000000, -0.000000000000000000, -1.000000000000000000 ) ) ;
#1193 = CARTESIAN_POINT ( 'NONE',  ( 1.506292185433944386, 3.475000000000004530, 5.250000000000000000 ) ) ;
#1194 = COLOUR_RGB ( '',0.2980392156862745057, 0.2980392156862745057, 0.2980392156862745057 ) ;
#1195 = ORIENTED_EDGE ( 'NONE', *, *, #490, .T. ) ;
#1196 = SURFACE_SIDE_STYLE ('',( #701 ) ) ;
#1197 = EDGE_CURVE ( 'NONE', #812, #1070, #167, .T. ) ;
#1198 = STYLED_ITEM ( 'NONE', ( #56 ), #217 ) ;
#1199 = DIRECTION ( 'NONE',  ( -1.000000000000000000, -3.134325421825718999E-15, 0.000000000000000000 ) ) ;
#1200 = CARTESIAN_POINT ( 'NONE',  ( 1.506292185433944386, 3.475000000000004530, 5.250000000000000000 ) ) ;
#1201 = PRESENTATION_LAYER_ASSIGNMENT (  '', '', ( #601 ) ) ;
#1202 = DIRECTION ( 'NONE',  ( -0.000000000000000000, -0.000000000000000000, -1.000000000000000000 ) ) ;
#1203 = VERTEX_POINT ( 'NONE', #1300 ) ;
#1204 = SURFACE_STYLE_FILL_AREA ( #1314 ) ;
#1205 = CIRCLE ( 'NONE', #808, 0.4999999999999997780 ) ;
#1206 = SURFACE_STYLE_FILL_AREA ( #571 ) ;
#1207 = LINE ( 'NONE', #1099, #1096 ) ;
#1208 =( NAMED_UNIT ( * ) SI_UNIT ( $, .STERADIAN. ) SOLID_ANGLE_UNIT ( ) );
#1209 =( NAMED_UNIT ( * ) SI_UNIT ( $, .STERADIAN. ) SOLID_ANGLE_UNIT ( ) );
#1210 = EDGE_CURVE ( 'NONE', #439, #635, #372, .T. ) ;
#1211 = VERTEX_POINT ( 'NONE', #1108 ) ;
#1212 = VECTOR ( 'NONE', #1123, 1000.000000000000000 ) ;
#1213 = STYLED_ITEM ( 'NONE', ( #197 ), #847 ) ;
#1214 = DIRECTION ( 'NONE',  ( -0.000000000000000000, 0.000000000000000000, 1.000000000000000000 ) ) ;
#1215 = CARTESIAN_POINT ( 'NONE',  ( -3.009438278150910584, -1.737500000000024469, 5.250000000000000000 ) ) ;
#1216 = CYLINDRICAL_SURFACE ( 'NONE', #77, 0.5000000000000000000 ) ;
#1217 = ORIENTED_EDGE ( 'NONE', *, *, #621, .F. ) ;
#1218 = LINE ( 'NONE', #279, #1267 ) ;
#1219 = CIRCLE ( 'NONE', #979, 3.999999999999996447 ) ;
#1220 = VECTOR ( 'NONE', #168, 1000.000000000000000 ) ;
#1221 = EDGE_CURVE ( 'NONE', #900, #798, #1207, .T. ) ;
#1222 = ADVANCED_FACE ( 'NONE', ( #1191 ), #467, .T. ) ;
#1223 = SURFACE_STYLE_FILL_AREA ( #1332 ) ;
#1224 = CARTESIAN_POINT ( 'NONE',  ( 3.009438278150922574, 1.737500000000004041, 5.250000000000000000 ) ) ;
#1225 = EDGE_CURVE ( 'NONE', #439, #1144, #290, .T. ) ;
#1226 = FILL_AREA_STYLE ('',( #87 ) ) ;
#1227 = DIRECTION ( 'NONE',  ( -0.000000000000000000, -0.000000000000000000, -1.000000000000000000 ) ) ;
#1228 = ORIENTED_EDGE ( 'NONE', *, *, #593, .F. ) ;
#1229 = DIRECTION ( 'NONE',  ( -0.8660254037844380415, -0.5000000000000011102, 0.000000000000000000 ) ) ;
#1230 = UNCERTAINTY_MEASURE_WITH_UNIT (LENGTH_MEASURE( 1.000000000000000082E-05 ), #213, 'distance_accuracy_value', 'NONE');
#1231 = CARTESIAN_POINT ( 'NONE',  ( -2.256292185433964814, 3.041987298107772908, 5.250000000000000000 ) ) ;
#1232 = CARTESIAN_POINT ( 'NONE',  ( -2.006292185433967479, -3.474999999999992983, 5.250000000000000000 ) ) ;
#1233 = ORIENTED_EDGE ( 'NONE', *, *, #828, .F. ) ;
#1234 = CARTESIAN_POINT ( 'NONE',  ( 3.762584370867902095, 0.4330127018922190762, 0.000000000000000000 ) ) ;
#1235 = STYLED_ITEM ( 'NONE', ( #303 ), #317 ) ;
#1236 = AXIS2_PLACEMENT_3D ( 'NONE', #135, #1280, #121 ) ;
#1237 = DIRECTION ( 'NONE',  ( 1.000000000000000000, 0.000000000000000000, 0.000000000000000000 ) ) ;
#1238 = EDGE_CURVE ( 'NONE', #804, #159, #644, .T. ) ;
#1239 = LINE ( 'NONE', #825, #670 ) ;
#1240 = DIRECTION ( 'NONE',  ( -0.8660254037844413721, 0.4999999999999952260, 0.000000000000000000 ) ) ;
#1241 = ORIENTED_EDGE ( 'NONE', *, *, #974, .T. ) ;
#1242 = CYLINDRICAL_SURFACE ( 'NONE', #1261, 0.4999999999999995559 ) ;
#1243 = UNCERTAINTY_MEASURE_WITH_UNIT (LENGTH_MEASURE( 1.000000000000000082E-05 ), #1081, 'distance_accuracy_value', 'NONE');
#1244 = ORIENTED_EDGE ( 'NONE', *, *, #468, .T. ) ;
#1245 = CARTESIAN_POINT ( 'NONE',  ( 0.000000000000000000, 0.000000000000000000, 0.000000000000000000 ) ) ;
#1246 = FACE_OUTER_BOUND ( 'NONE', #271, .T. ) ;
#1247 =( NAMED_UNIT ( * ) PLANE_ANGLE_UNIT ( ) SI_UNIT ( $, .RADIAN. ) );
#1248 = LINE ( 'NONE', #178, #450 ) ;
#1249 = DIRECTION ( 'NONE',  ( -1.000000000000000000, 0.000000000000000000, 0.000000000000000000 ) ) ;
#1250 = DIRECTION ( 'NONE',  ( 1.000000000000000000, 0.000000000000000000, 0.000000000000000000 ) ) ;
#1251 = SURFACE_SIDE_STYLE ('',( #1354 ) ) ;
#1252 = COLOUR_RGB ( '',0.2980392156862745057, 0.2980392156862745057, 0.2980392156862745057 ) ;
#1253 = DIRECTION ( 'NONE',  ( -0.000000000000000000, 0.000000000000000000, 1.000000000000000000 ) ) ;
#1254 = SURFACE_SIDE_STYLE ('',( #1018 ) ) ;
#1255 = ORIENTED_EDGE ( 'NONE', *, *, #235, .F. ) ;
#1256 = ADVANCED_FACE ( 'NONE', ( #1246 ), #517, .F. ) ;
#1257 = ORIENTED_EDGE ( 'NONE', *, *, #1071, .T. ) ;
#1258 = FILL_AREA_STYLE_COLOUR ( '', #1194 ) ;
#1259 =( LENGTH_UNIT ( ) NAMED_UNIT ( * ) SI_UNIT ( .MILLI., .METRE. ) );
#1260 = DIRECTION ( 'NONE',  ( -1.000000000000000000, 0.000000000000000000, 0.000000000000000000 ) ) ;
#1261 = AXIS2_PLACEMENT_3D ( 'NONE', #228, #455, #333 ) ;
#1262 = PRODUCT_DEFINITION_FORMATION_WITH_SPECIFIED_SOURCE ( 'ANY', '', #1188, .NOT_KNOWN. ) ;
#1263 = VERTEX_POINT ( 'NONE', #1231 ) ;
#1264 = DIRECTION ( 'NONE',  ( 1.000000000000000000, 0.000000000000000000, 0.000000000000000000 ) ) ;
#1265 = CARTESIAN_POINT ( 'NONE',  ( -2.256292185433946607, -3.041987298107761806, 5.250000000000000000 ) ) ;
#1266 = PRODUCT_CONTEXT ( 'NONE', #312, 'mechanical' ) ;
#1267 = VECTOR ( 'NONE', #390, 1000.000000000000000 ) ;
#1268 = CIRCLE ( 'NONE', #50, 5.250000000000000000 ) ;
#1269 = CARTESIAN_POINT ( 'NONE',  ( 2.256292185433964370, -3.041987298107800441, 5.250000000000000000 ) ) ;
#1270 = DIRECTION ( 'NONE',  ( 0.4999999999999952260, 0.8660254037844413721, 0.000000000000000000 ) ) ;
#1271 = PRESENTATION_LAYER_ASSIGNMENT (  '', '', ( #1198 ) ) ;
#1272 = FILL_AREA_STYLE ('',( #341 ) ) ;
#1273 = ORIENTED_EDGE ( 'NONE', *, *, #1072, .T. ) ;
#1274 = CARTESIAN_POINT ( 'NONE',  ( -2.256292185433964814, 3.041987298107772908, 0.000000000000000000 ) ) ;
#1275 = CARTESIAN_POINT ( 'NONE',  ( -2.256292185433946607, -3.041987298107761806, 0.000000000000000000 ) ) ;
#1276 = DIRECTION ( 'NONE',  ( -0.000000000000000000, -0.000000000000000000, -1.000000000000000000 ) ) ;
#1277 = DIRECTION ( 'NONE',  ( -0.000000000000000000, -0.000000000000000000, -1.000000000000000000 ) ) ;
#1278 = FILL_AREA_STYLE ('',( #1294 ) ) ;
#1279 = ORIENTED_EDGE ( 'NONE', *, *, #937, .F. ) ;
#1280 = DIRECTION ( 'NONE',  ( 0.8660254037844415942, -0.4999999999999950595, 0.000000000000000000 ) ) ;
#1281 = COLOUR_RGB ( '',0.2980392156862745057, 0.2980392156862745057, 0.2980392156862745057 ) ;
#1282 = CARTESIAN_POINT ( 'NONE',  ( -1.506292185433966591, 3.474999999999995648, 5.250000000000000000 ) ) ;
#1283 = DIRECTION ( 'NONE',  ( -1.000000000000000000, 0.000000000000000000, 0.000000000000000000 ) ) ;
#1284 = AXIS2_PLACEMENT_3D ( 'NONE', #1001, #254, #677 ) ;
#1285 = ORIENTED_EDGE ( 'NONE', *, *, #689, .F. ) ;
#1286 = SURFACE_SIDE_STYLE ('',( #850 ) ) ;
#1287 = STYLED_ITEM ( 'NONE', ( #1154 ), #666 ) ;
#1288 = AXIS2_PLACEMENT_3D ( 'NONE', #581, #696, #589 ) ;
#1289 = VECTOR ( 'NONE', #460, 1000.000000000000000 ) ;
#1290 = EDGE_LOOP ( 'NONE', ( #608, #243, #118, #551 ) ) ;
#1291 = PRESENTATION_LAYER_ASSIGNMENT (  '', '', ( #16 ) ) ;
#1292 = CARTESIAN_POINT ( 'NONE',  ( 3.762584370867902095, 0.4330127018922190762, 5.250000000000000000 ) ) ;
#1293 =( LENGTH_UNIT ( ) NAMED_UNIT ( * ) SI_UNIT ( .MILLI., .METRE. ) );
#1294 = FILL_AREA_STYLE_COLOUR ( '', #1317 ) ;
#1295 = EDGE_CURVE ( 'NONE', #711, #900, #955, .T. ) ;
#1296 = MECHANICAL_DESIGN_GEOMETRIC_PRESENTATION_REPRESENTATION (  '', ( #787 ), #1157 ) ;
#1297 = VERTEX_POINT ( 'NONE', #1028 ) ;
#1298 = UNCERTAINTY_MEASURE_WITH_UNIT (LENGTH_MEASURE( 1.000000000000000082E-05 ), #503, 'distance_accuracy_value', 'NONE');
#1299 = FILL_AREA_STYLE_COLOUR ( '', #424 ) ;
#1300 = CARTESIAN_POINT ( 'NONE',  ( -3.762584370867879890, 0.4330127018922358406, 0.000000000000000000 ) ) ;
#1301 = ADVANCED_FACE ( 'NONE', ( #713 ), #1042, .F. ) ;
#1302 = CARTESIAN_POINT ( 'NONE',  ( -3.762584370867922523, -0.4330127018922029225, 0.000000000000000000 ) ) ;
#1303 = LINE ( 'NONE', #789, #339 ) ;
#1304 = PRESENTATION_LAYER_ASSIGNMENT (  '', '', ( #1183 ) ) ;
#1305 = AXIS2_PLACEMENT_3D ( 'NONE', #755, #1276, #1333 ) ;
#1306 = ORIENTED_EDGE ( 'NONE', *, *, #989, .F. ) ;
#1307 = SURFACE_STYLE_USAGE ( .BOTH. , #464 ) ;
#1308 = MECHANICAL_DESIGN_GEOMETRIC_PRESENTATION_REPRESENTATION (  '', ( #1213 ), #487 ) ;
#1309 = VECTOR ( 'NONE', #276, 1000.000000000000114 ) ;
#1310 = DIRECTION ( 'NONE',  ( -0.000000000000000000, -0.000000000000000000, 1.000000000000000000 ) ) ;
#1311 =( NAMED_UNIT ( * ) PLANE_ANGLE_UNIT ( ) SI_UNIT ( $, .RADIAN. ) );
#1312 = SURFACE_STYLE_FILL_AREA ( #685 ) ;
#1313 = ORIENTED_EDGE ( 'NONE', *, *, #98, .F. ) ;
#1314 = FILL_AREA_STYLE ('',( #171 ) ) ;
#1315 = UNCERTAINTY_MEASURE_WITH_UNIT (LENGTH_MEASURE( 1.000000000000000082E-05 ), #824, 'distance_accuracy_value', 'NONE');
#1316 =( NAMED_UNIT ( * ) SI_UNIT ( $, .STERADIAN. ) SOLID_ANGLE_UNIT ( ) );
#1317 = COLOUR_RGB ( '',0.2980392156862745057, 0.2980392156862745057, 0.2980392156862745057 ) ;
#1318 = DIRECTION ( 'NONE',  ( -1.000000000000000000, 0.000000000000000000, 0.000000000000000000 ) ) ;
#1319 = PRESENTATION_STYLE_ASSIGNMENT (( #887 ) ) ;
#1320 = EDGE_LOOP ( 'NONE', ( #51, #588, #401, #695 ) ) ;
#1321 =( LENGTH_UNIT ( ) NAMED_UNIT ( * ) SI_UNIT ( .MILLI., .METRE. ) );
#1322 = SURFACE_STYLE_USAGE ( .BOTH. , #161 ) ;
#1323 = DIRECTION ( 'NONE',  ( 1.000000000000000000, 0.000000000000000000, 0.000000000000000000 ) ) ;
#1324 = DIRECTION ( 'NONE',  ( 0.5000000000000069944, -0.8660254037844345998, 0.000000000000000000 ) ) ;
#1325 = EDGE_CURVE ( 'NONE', #821, #566, #942, .T. ) ;
#1326 = VERTEX_POINT ( 'NONE', #175 ) ;
#1327 = EDGE_CURVE ( 'NONE', #196, #710, #1015, .T. ) ;
#1328 = PRESENTATION_STYLE_ASSIGNMENT (( #681 ) ) ;
#1329 = PRESENTATION_LAYER_ASSIGNMENT (  '', '', ( #1235 ) ) ;
#1330 = UNCERTAINTY_MEASURE_WITH_UNIT (LENGTH_MEASURE( 1.000000000000000082E-05 ), #1353, 'distance_accuracy_value', 'NONE');
#1331 = COLOUR_RGB ( '',0.2980392156862745057, 0.2980392156862745057, 0.2980392156862745057 ) ;
#1332 = FILL_AREA_STYLE ('',( #59 ) ) ;
#1333 = DIRECTION ( 'NONE',  ( -1.000000000000000000, 0.000000000000000000, 0.000000000000000000 ) ) ;
#1334 = DIRECTION ( 'NONE',  ( -0.000000000000000000, -0.000000000000000000, -1.000000000000000000 ) ) ;
#1335 = EDGE_LOOP ( 'NONE', ( #1143, #1024, #1048, #216 ) ) ;
#1336 =( GEOMETRIC_REPRESENTATION_CONTEXT ( 3 ) GLOBAL_UNCERTAINTY_ASSIGNED_CONTEXT ( ( #274 ) ) GLOBAL_UNIT_ASSIGNED_CONTEXT ( ( #1049, #901, #252 ) ) REPRESENTATION_CONTEXT ( 'NONE', 'WORKASPACE' ) );
#1337 = SURFACE_SIDE_STYLE ('',( #703 ) ) ;
#1338 = CARTESIAN_POINT ( 'NONE',  ( 4.012584370867902095, -6.505213034913026604E-16, 0.000000000000000000 ) ) ;
#1339 =( LENGTH_UNIT ( ) NAMED_UNIT ( * ) SI_UNIT ( .MILLI., .METRE. ) );
#1340 = ORIENTED_EDGE ( 'NONE', *, *, #133, .F. ) ;
#1341 = FACE_OUTER_BOUND ( 'NONE', #641, .T. ) ;
#1342 = DIRECTION ( 'NONE',  ( 0.5000000000000069944, -0.8660254037844345998, 0.000000000000000000 ) ) ;
#1343 = AXIS2_PLACEMENT_3D ( 'NONE', #46, #774, #362 ) ;
#1344 = SURFACE_STYLE_USAGE ( .BOTH. , #715 ) ;
#1345 = FILL_AREA_STYLE ('',( #1030 ) ) ;
#1346 = EDGE_CURVE ( 'NONE', #1211, #812, #139, .T. ) ;
#1347 = VERTEX_POINT ( 'NONE', #73 ) ;
#1348 = FILL_AREA_STYLE_COLOUR ( '', #64 ) ;
#1349 = ORIENTED_EDGE ( 'NONE', *, *, #200, .F. ) ;
#1350 = PRESENTATION_LAYER_ASSIGNMENT (  '', '', ( #134 ) ) ;
#1351 = PRESENTATION_LAYER_ASSIGNMENT (  '', '', ( #403 ) ) ;
#1352 = PRESENTATION_LAYER_ASSIGNMENT (  '', '', ( #1166 ) ) ;
#1353 =( LENGTH_UNIT ( ) NAMED_UNIT ( * ) SI_UNIT ( .MILLI., .METRE. ) );
#1354 = SURFACE_STYLE_FILL_AREA ( #927 ) ;
#1355 = MECHANICAL_DESIGN_GEOMETRIC_PRESENTATION_REPRESENTATION (  '', ( #837 ), #1167 ) ;
#1356 = DIRECTION ( 'NONE',  ( -0.000000000000000000, -0.000000000000000000, -1.000000000000000000 ) ) ;
#1357 = VERTEX_POINT ( 'NONE', #500 ) ;
#1358 = DIRECTION ( 'NONE',  ( -0.000000000000000000, 0.000000000000000000, 1.000000000000000000 ) ) ;
#1359 = EDGE_LOOP ( 'NONE', ( #1137, #416 ) ) ;
#1360 = STYLED_ITEM ( 'NONE', ( #1328 ), #750 ) ;
#1361 = MECHANICAL_DESIGN_GEOMETRIC_PRESENTATION_REPRESENTATION (  '', ( #606 ), #143 ) ;
#1362 = SURFACE_STYLE_USAGE ( .BOTH. , #1251 ) ;
#1363 = DIRECTION ( 'NONE',  ( -1.048377813507223488E-14, 1.000000000000000000, 0.000000000000000000 ) ) ;
#1364 = CYLINDRICAL_SURFACE ( 'NONE', #137, 0.5000000000000000000 ) ;
#1365 = ORIENTED_EDGE ( 'NONE', *, *, #133, .T. ) ;
#1366 = ORIENTED_EDGE ( 'NONE', *, *, #1371, .T. ) ;
#1367 = FILL_AREA_STYLE_COLOUR ( '', #949 ) ;
#1368 = DIRECTION ( 'NONE',  ( -0.000000000000000000, 0.000000000000000000, 1.000000000000000000 ) ) ;
#1369 = ORIENTED_EDGE ( 'NONE', *, *, #660, .F. ) ;
#1370 =( NAMED_UNIT ( * ) PLANE_ANGLE_UNIT ( ) SI_UNIT ( $, .RADIAN. ) );
#1371 = EDGE_CURVE ( 'NONE', #442, #821, #863, .T. ) ;
#1372 = EDGE_LOOP ( 'NONE', ( #1306, #741, #664, #448 ) ) ;
ENDSEC;
END-ISO-10303-21;
