ISO-10303-21;
HEADER;
FILE_DESCRIPTION (( 'STEP AP214' ),
    '1' );
FILE_NAME ('1x_sun_gear.STEP',
    '2025-09-05T22:08:26',
    ( '' ),
    ( '' ),
    'SwSTEP 2.0',
    'SolidWorks 2024',
    '' );
FILE_SCHEMA (( 'AUTOMOTIVE_DESIGN' ));
ENDSEC;

DATA;
#1 = CARTESIAN_POINT ( 'NONE',  ( -1.470471587390116408, -5.489517252965710803, 0.000000000000000000 ) ) ;
#2 = CARTESIAN_POINT ( 'NONE',  ( -6.022131205166914469, -1.761738144654376503, 10.55000000000000071 ) ) ;
#3 = DIRECTION ( 'NONE',  ( 0.000000000000000000, 0.000000000000000000, 1.000000000000000000 ) ) ;
#4 = CARTESIAN_POINT ( 'NONE',  ( 2.702630322659308248, -4.304471385071046541, 10.54999999999999893 ) ) ;
#5 = CARTESIAN_POINT ( 'NONE',  ( 6.456223770568878528, 0.8106471639654770911, 0.000000000000000000 ) ) ;
#6 = CARTESIAN_POINT ( 'NONE',  ( -4.214738781915425392, 2.110819371097329533, 10.55000000000000071 ) ) ;
#7 = CARTESIAN_POINT ( 'NONE',  ( 2.044647574794003830, 5.935250330072830316, 0.000000000000000000 ) ) ;
#8 = CARTESIAN_POINT ( 'NONE',  ( -4.524212244929650240, 1.720125527642663910, 10.20000054708695636 ) ) ;
#9 = CARTESIAN_POINT ( 'NONE',  ( 4.516332414954610464, -1.859659088761142609, 5.000000000000000000 ) ) ;
#10 = CARTESIAN_POINT ( 'NONE',  ( 4.526857606715255500, -1.784560724470880544, 10.20000054708695636 ) ) ;
#11 = CARTESIAN_POINT ( 'NONE',  ( -1.201022455410860168, 4.579681324558809052, 10.20000054708695636 ) ) ;
#12 = CARTESIAN_POINT ( 'NONE',  ( -2.382783059699694839, 4.540092616159148164, 5.000000000000000000 ) ) ;
#13 = CARTESIAN_POINT ( 'NONE',  ( -6.576007866396362367, -0.3169947703697422736, -1.666666666666666297 ) ) ;
#14 = CARTESIAN_POINT ( 'NONE',  ( 0.4157966116997898198, -5.061722314009711177, 10.20000054708695281 ) ) ;
#15 = CARTESIAN_POINT ( 'NONE',  ( -0.5232917574794634374, -5.932184611009955866, 10.55000000000000249 ) ) ;
#16 = CARTESIAN_POINT ( 'NONE',  ( -2.877650839403633309, 4.396956047623205244, 10.54999999999999893 ) ) ;
#17 = CARTESIAN_POINT ( 'NONE',  ( 3.239718612251401897, 4.766787623886891367, -3.333333333333333037 ) ) ;
#18 = ORIENTED_EDGE ( 'NONE', *, *, #3815, .F. ) ;
#19 = CARTESIAN_POINT ( 'NONE',  ( 2.230706950424073298, 5.670018267668923251, 10.54999999999999893 ) ) ;
#20 = CARTESIAN_POINT ( 'NONE',  ( -3.560759241126684405, -3.175770653692912671, 10.20000054708695814 ) ) ;
#21 = CARTESIAN_POINT ( 'NONE',  ( 1.333780923754037451, 6.470939191549262226, 10.20000054708695281 ) ) ;
#22 = CARTESIAN_POINT ( 'NONE',  ( -3.098866292598212446, -4.030722636955609950, 3.333333333333333037 ) ) ;
#23 = CARTESIAN_POINT ( 'NONE',  ( -1.011072747746718736, -6.465895050872358496, 10.20000054708695458 ) ) ;
#24 = CARTESIAN_POINT ( 'NONE',  ( 6.418723825958338125, 1.050356886877064522, 10.20000054708695636 ) ) ;
#25 = CARTESIAN_POINT ( 'NONE',  ( -6.442429696337112155, -1.364982312406604059, 10.20000054708695636 ) ) ;
#26 = CARTESIAN_POINT ( 'NONE',  ( 4.210676266081214258, -1.245673036986236326, 10.54999999999999716 ) ) ;
#27 = CARTESIAN_POINT ( 'NONE',  ( 0.07787028463680549517, -5.682519034184775997, 10.20000054708695458 ) ) ;
#28 = CARTESIAN_POINT ( 'NONE',  ( -5.338271364134660857, -0.3405705290294712140, 10.55000000000000249 ) ) ;
#29 = CARTESIAN_POINT ( 'NONE',  ( 4.051038380329612387, 2.561352270810723031, 10.55000000000000071 ) ) ;
#30 = CARTESIAN_POINT ( 'NONE',  ( 1.091845193935023994, -4.247471950245683914, 10.54999999999999716 ) ) ;
#31 = CARTESIAN_POINT ( 'NONE',  ( -1.152891460315527664E-12, -12.49999999999948130, -6.350000000005555201 ) ) ;
#32 = CARTESIAN_POINT ( 'NONE',  ( 5.752192383621291150, 2.238011436668358556, 10.55000000000000249 ) ) ;
#33 = CARTESIAN_POINT ( 'NONE',  ( -1.426011146523625817, 5.378650072249708813, 0.000000000000000000 ) ) ;
#34 = CARTESIAN_POINT ( 'NONE',  ( -4.926076769383772813, 0.4469631041046009945, 10.20000054708695103 ) ) ;
#35 = CARTESIAN_POINT ( 'NONE',  ( -0.5232917574794634374, -5.932184611009955866, 10.55000000000000249 ) ) ;
#36 = CARTESIAN_POINT ( 'NONE',  ( 5.418728298892918183, 0.3750934181475255591, 10.55000000000000071 ) ) ;
#37 = CARTESIAN_POINT ( 'NONE',  ( -5.173762681679801467, 3.073411379804812604, 5.000000000000023093 ) ) ;
#38 = CARTESIAN_POINT ( 'NONE',  ( 3.485117518757675281, 4.039144021101855664, -1.666666666666666297 ) ) ;
#39 = CARTESIAN_POINT ( 'NONE',  ( -3.147338533434351771, 4.620613122697751152, 10.55000000000000071 ) ) ;
#40 = CARTESIAN_POINT ( 'NONE',  ( -3.067254368480953453, -5.888528640545023229, 0.000000000000000000 ) ) ;
#41 = CARTESIAN_POINT ( 'NONE',  ( 4.778713440504486876, -2.583843833832050851, 10.20000054708695458 ) ) ;
#42 = CARTESIAN_POINT ( 'NONE',  ( 0.3460384234886361710, -5.115696762701375633, 5.000000000000000000 ) ) ;
#43 = CARTESIAN_POINT ( 'NONE',  ( 5.811434037489796367, 0.1058673776738292410, -6.000000000001892708 ) ) ;
#44 = CARTESIAN_POINT ( 'NONE',  ( -2.526070848901889931, 5.996577392882946000, 0.000000000000000000 ) ) ;
#45 = CARTESIAN_POINT ( 'NONE',  ( 0.2981848133400786804, -4.692334973608812909, 10.55000000000000249 ) ) ;
#46 = CARTESIAN_POINT ( 'NONE',  ( -3.840358520603885051, -3.017819880700673085, 0.000000000000000000 ) ) ;
#47 = CARTESIAN_POINT ( 'NONE',  ( 4.061678536503896098, -5.083575693552933039, 5.000000000000000000 ) ) ;
#48 = CARTESIAN_POINT ( 'NONE',  ( 2.729108392372208591, 4.849263011884231922, -4.999999999998778755 ) ) ;
#49 = CARTESIAN_POINT ( 'NONE',  ( -0.4750015549338930665, -5.743902374239027608, -3.333333333333333037 ) ) ;
#50 = CARTESIAN_POINT ( 'NONE',  ( -6.069393838661757634, -1.575008941516722549, 10.55000000000000071 ) ) ;
#51 = DIRECTION ( 'NONE',  ( 3.293975600896113929E-13, -4.427453442170421022E-13, 1.000000000000000000 ) ) ;
#52 = CARTESIAN_POINT ( 'NONE',  ( 3.109776559387369410, -4.577647061028054409, 10.54999999999999893 ) ) ;
#53 = CARTESIAN_POINT ( 'NONE',  ( 5.449465857265455071, 2.431124405394460730, 3.333333333333333037 ) ) ;
#54 = CARTESIAN_POINT ( 'NONE',  ( -4.751350417168525908, 3.056267948993963035, 10.55000000000000426 ) ) ;
#55 = CARTESIAN_POINT ( 'NONE',  ( 0.3192155735820002005, 5.325300927323620037, 3.333333333333333037 ) ) ;
#56 = CARTESIAN_POINT ( 'NONE',  ( -4.548355827563631770, 1.974914040644055735, 10.20000054708695458 ) ) ;
#57 = CARTESIAN_POINT ( 'NONE',  ( 0.000000000000000000, 0.000000000000000000, -10.64999999999721325 ) ) ;
#58 = CARTESIAN_POINT ( 'NONE',  ( 5.678215680000000987, 0.07738645999999999026, 10.20000054708695458 ) ) ;
#59 = CARTESIAN_POINT ( 'NONE',  ( -3.616719152715208718, 5.131621316228581087, 10.20000054708695636 ) ) ;
#60 = CARTESIAN_POINT ( 'NONE',  ( -4.646369188651361171, 3.188622703862751262, -3.333333333333333037 ) ) ;
#61 = CARTESIAN_POINT ( 'NONE',  ( 0.9364285645213430431, -4.688141602532984287, 10.20000054708695636 ) ) ;
#62 = CARTESIAN_POINT ( 'NONE',  ( 5.650398041970680296, 1.918344598197424533, -1.666666666666666297 ) ) ;
#63 = CARTESIAN_POINT ( 'NONE',  ( 3.406612266045534909, 3.228970541235645086, 3.333333333333333037 ) ) ;
#64 = ORIENTED_EDGE ( 'NONE', *, *, #3375, .F. ) ;
#65 = CARTESIAN_POINT ( 'NONE',  ( -0.08973891747630904914, 5.596287119760384954, 10.20000054708695458 ) ) ;
#66 = CARTESIAN_POINT ( 'NONE',  ( -0.4750015549338930665, -5.743902374239027608, 3.333333333333333037 ) ) ;
#67 = CARTESIAN_POINT ( 'NONE',  ( 0.1042335854854989918, -5.542630797394785702, 10.20000054708695458 ) ) ;
#68 = CARTESIAN_POINT ( 'NONE',  ( 4.664445597511878816, 2.849410993963926497, 10.20000054708695281 ) ) ;
#69 = CARTESIAN_POINT ( 'NONE',  ( -6.323450267408492920, -0.7141971981793315827, 10.20000054708695458 ) ) ;
#70 = CARTESIAN_POINT ( 'NONE',  ( -4.516332414954940866, 1.859659088761590029, -5.999999999997727151 ) ) ;
#71 = CARTESIAN_POINT ( 'NONE',  ( 5.700477765519594620, 2.743589830283529984, 10.20000054708695458 ) ) ;
#72 = CARTESIAN_POINT ( 'NONE',  ( 4.960140980963032575, -2.773821869950011454, 5.000000000000024869 ) ) ;
#73 = CARTESIAN_POINT ( 'NONE',  ( -5.938332923842443378, -1.963209905433662028, 10.54999999999999893 ) ) ;
#74 = CARTESIAN_POINT ( 'NONE',  ( 2.367885982508765697, 5.459471962447778104, 10.55000000000000071 ) ) ;
#75 = CARTESIAN_POINT ( 'NONE',  ( 6.147021845340256974, 1.960825888751876134, 3.333333333333333037 ) ) ;
#76 = CARTESIAN_POINT ( 'NONE',  ( 3.067499387428999746, 3.128980360762910085, 10.55000000000000426 ) ) ;
#77 = CARTESIAN_POINT ( 'NONE',  ( -1.499767045398625598, 4.858023890765652553, -1.666666666666666297 ) ) ;
#78 = CARTESIAN_POINT ( 'NONE',  ( -5.107928934465621573, 0.2405591605908727337, 10.20000054708695281 ) ) ;
#79 = CARTESIAN_POINT ( 'NONE',  ( -1.020147391950220195, -6.114328135762265859, 10.55000000000000249 ) ) ;
#80 = CARTESIAN_POINT ( 'NONE',  ( 5.006652416468316602, 2.580266760295633066, 10.55000000000000071 ) ) ;
#81 = CARTESIAN_POINT ( 'NONE',  ( -4.516332414954611352, 1.859659088761147050, 10.20000054708695458 ) ) ;
#82 = CARTESIAN_POINT ( 'NONE',  ( 4.142919934894312206, 4.364618222124520663, 0.000000000000000000 ) ) ;
#83 = CARTESIAN_POINT ( 'NONE',  ( -1.480912986585613877, -6.046034824646977057, -1.666666666666666297 ) ) ;
#84 = CARTESIAN_POINT ( 'NONE',  ( 4.866472944777186171, -0.5311565078413513774, 10.20000054708695636 ) ) ;
#85 = EDGE_CURVE ( 'NONE', #365, #1215, #6566, .T. ) ;
#86 = CARTESIAN_POINT ( 'NONE',  ( -1.922560767552541128, -6.296675729077717776, 3.333333333333333037 ) ) ;
#87 = CARTESIAN_POINT ( 'NONE',  ( 5.248533672559899443, 2.943904212591939906, -6.000000000000451195 ) ) ;
#88 = CARTESIAN_POINT ( 'NONE',  ( -3.945042019279602297, 3.924286919456760447, 0.000000000000000000 ) ) ;
#89 = CARTESIAN_POINT ( 'NONE',  ( 3.150301365693359390, -4.623786999478586957, 10.55000000000000249 ) ) ;
#90 = CARTESIAN_POINT ( 'NONE',  ( 1.518572041796068639, -4.483362720821384428, 5.000000000000000000 ) ) ;
#91 = CARTESIAN_POINT ( 'NONE',  ( -1.950728368723061878, -6.150233710699236411, -1.666666666666666297 ) ) ;
#92 = CARTESIAN_POINT ( 'NONE',  ( -5.059752145698420911, 2.860573665242247099, 10.20000054708695458 ) ) ;
#93 = CARTESIAN_POINT ( 'NONE',  ( -4.446867061209841223E-13, 5.977062146930177861E-13, -6.350000000000022737 ) ) ;
#94 = CARTESIAN_POINT ( 'NONE',  ( 4.209368319818821647, -4.603813653018997698, 10.54999999999999893 ) ) ;
#95 = CARTESIAN_POINT ( 'NONE',  ( -4.018825604028020138, 4.018224371688233099, 0.000000000000000000 ) ) ;
#96 = CARTESIAN_POINT ( 'NONE',  ( -4.321607813581059609, 0.8092147846932272737, 10.55000000000000604 ) ) ;
#97 = CARTESIAN_POINT ( 'NONE',  ( -4.142919934894312206, 4.364618222124517999, 0.000000000000000000 ) ) ;
#98 = CARTESIAN_POINT ( 'NONE',  ( -5.221058192170363377, 3.632212292855029112, 10.20000054708695281 ) ) ;
#99 = CARTESIAN_POINT ( 'NONE',  ( -5.251182211392754873, 3.439893223823211610, -5.000000000000000000 ) ) ;
#100 = CARTESIAN_POINT ( 'NONE',  ( -5.839772727580539780, -2.128219774189584523, 10.55000000000000071 ) ) ;
#101 = CARTESIAN_POINT ( 'NONE',  ( -2.640749540419043306, 4.664693610113531008, 10.20000054708695458 ) ) ;
#102 = CARTESIAN_POINT ( 'NONE',  ( -1.708410305071415003, 5.770183011040057153, 0.000000000000000000 ) ) ;
#103 = CARTESIAN_POINT ( 'NONE',  ( 0.8440856193293808651, -4.736605454403904680, 10.20000054708695458 ) ) ;
#104 = AXIS2_PLACEMENT_3D ( 'NONE', #1968, #6337, #5769 ) ;
#105 = CARTESIAN_POINT ( 'NONE',  ( 5.489297186633658399, 1.471292881111661899, 0.000000000000000000 ) ) ;
#106 = ORIENTED_EDGE ( 'NONE', *, *, #2756, .F. ) ;
#107 = CARTESIAN_POINT ( 'NONE',  ( 2.456110619049115762, 5.153871636474476325, 10.55000000000000249 ) ) ;
#108 = CARTESIAN_POINT ( 'NONE',  ( -2.733074626690579212, -4.456483609444894967, 10.20000054708695636 ) ) ;
#109 = CARTESIAN_POINT ( 'NONE',  ( 2.696709544364431999, 5.584243910462763694, 10.20000054708695103 ) ) ;
#110 = CARTESIAN_POINT ( 'NONE',  ( -1.950728368723061878, -6.150233710699236411, 1.666666666666666297 ) ) ;
#111 = AXIS2_PLACEMENT_3D ( 'NONE', #5382, #5337, #389 ) ;
#112 = CARTESIAN_POINT ( 'NONE',  ( 3.866481269785504438, -5.105110807185496036, 10.20000054708695636 ) ) ;
#113 = CARTESIAN_POINT ( 'NONE',  ( 4.797213463989559834, 2.874471471659968191, 10.20000054708695636 ) ) ;
#114 = CARTESIAN_POINT ( 'NONE',  ( 6.439108085598529208, 1.423702821370589344, 10.20000054708695636 ) ) ;
#115 = CARTESIAN_POINT ( 'NONE',  ( 1.982048622023625528, -4.463975086240834500, 5.000000000000024869 ) ) ;
#116 = CARTESIAN_POINT ( 'NONE',  ( -5.553524503906073662, -2.419867576698637279, 10.55000000000000249 ) ) ;
#117 = CARTESIAN_POINT ( 'NONE',  ( 2.438870040405185069, 5.063990765627501389, 10.55000000000000249 ) ) ;
#118 = CARTESIAN_POINT ( 'NONE',  ( 2.453060301961625278, 5.195804091671501368, 10.55000000000000249 ) ) ;
#119 = CARTESIAN_POINT ( 'NONE',  ( 3.581722154483539367, -5.155487022040142975, -6.000000000003500311 ) ) ;
#120 = CARTESIAN_POINT ( 'NONE',  ( -3.213266569546251894, 5.088083704188176348, -5.000000000000000000 ) ) ;
#121 = CARTESIAN_POINT ( 'NONE',  ( 3.042877327007674992, -4.513704037808054181, 10.54999999999999893 ) ) ;
#122 = CARTESIAN_POINT ( 'NONE',  ( 5.930852435034907444, 0.6982521201700390145, 10.54999999999999893 ) ) ;
#123 = CARTESIAN_POINT ( 'NONE',  ( -5.192377491128975286, 3.921631092083320169, 5.000000000000023093 ) ) ;
#124 = CARTESIAN_POINT ( 'NONE',  ( -3.780539560326411586, 4.764894773651631610, 10.55000000000000249 ) ) ;
#125 = CARTESIAN_POINT ( 'NONE',  ( -3.155199032523682501, -5.365851228646531190, -3.333333333333333037 ) ) ;
#126 = B_SPLINE_SURFACE_WITH_KNOTS ( 'NONE', 1, 3, ( 
 ( #4686, #5265, #7230, #4768, #1708, #2296, #1623, #390, #1009, #3419, #3491, #2254, #5945, #475, #6631, #5224, #5872, #1586, #1054, #2875, #7115, #4649, #7186, #4058, #1665, #4132, #6589, #3531, #7379, #7863, #2504, #4333, #4215, #2333, #6675, #3655, #2965, #7303, #5504, #6837, #3136, #1186, #5467, #1865, #2463, #6189, #32, #4971, #3051, #4812, #643, #6794, #1787, #5546, #1312, #2374, #5587, #7420, #7265, #4853, #1269, #7939, #1747, #1141, #3612, #1904, #6067, #2418, #1827, #4371, #518, #6233, #6108, #3010, #4894, #3782, #5426, #7900, #4932, #7340, #4254, #6714, #558, #4292, #6751, #1229, #3690, #6145, #597, #3091, #7979, #3736, #7619, #6314, #3220, #5786, #1501, #1426, #5710, #1465, #76, #4567, #2551, #2095, #5099, #3897, #5057, #3972, #2020, #2589, #684, #806, #5140, #5631, #231, #2056, #1946, #5018, #4415, #1388, #3181, #7500, #3261, #7033, #848, #6916, #5672, #7582, #195, #3936, #2711, #5180, #769, #7464, #6392, #4531, #1983, #3297, #6876, #118, #3335, #1351, #3820, #4454, #6994, #157, #6274, #728, #3859, #2631, #7540, #4489, #6956, #6355, #5749, #2675, #7106, #4602, #6505, #1045, #888, #6579, #5938, #960, #4757, #267, #4124, #7811, #3445, #1577, #6429, #5374, #3524, #2205, #2131, #4677, #2286, #4049, #927, #5979, #7221, #7141, #5900, #7177, #5826, #1699, #2747, #3374, #2826, #1614, #2786, #5214, #7733, #302, #7653, #6537, #7069, #379, #5863, #1537, #426, #2866, #338, #4010, #6468, #3411, #2908, #5256, #7769, #2169, #4641, #5292, #7692, #4086, #999, #3483, #5328, #1656, #2245, #4714, #7296, #6621, #5496, #4283, #5459, #5083, #3129, #5580, #5417, #509, #7971, #1779, #6059, #3602, #7930, #7368, #1220, #589, #1177, #3085, #5539, #7891, #2366, #3042, #4844, #1737, #6181, #3729, #637, #4923, #4248, #7334, #6707, #1087, #2410, #6743, #3646, #7524, #142, #2616, #7854, #3001, #2454, #6101, #551, #4887, #1818, #1857, #3683, #4327, #6139, #6787, #1263, #3564, #4167, #6016, #2326, #467, #4804, #2953, #7258, #4205, #6665, #1131, #2153, #215, #4516, #910, #1522, #5240, #7092, #4032, #2080, #6937, #7675, #5849, #830, #4587, #324, #1450, #4625, #6490, #1411, #3919, #3396, #4553, #791, #3882, #6339, #948, #3283, #7018, #871, #1562, #5125, #5277, #2697, #179, #1487, #3430, #4475, #5883, #3994, #3959, #2808, #5734, #2004, #2656, #6414, #5163, #7566, #2042, #6979, #5813, #6378, #253, #3321, #7604, #5771, #3358, #2733, #5199, #7641, #2771, #2117, #7054, #6454, #288, #4148, #449, #4109, #3023, #1068, #1638, #533, #7837, #2190, #1722, #7161, #3625, #7279, #7244, #7795, #4662, #6082, #1599, #7876, #7717, #6561, #2310, #7125, #1025, #2980, #1761, #4070, #3506, #1115, #2269, #6525, #984, #3467, #6688, #5921, #4738, #6605, #4828, #2847, #361, #405, #5313, #7202, #2348, #7754, #4231, #4189, #1680, #2229, #4699, #5441, #1157, #3547, #2890, #5959, #5355, #6001, #2935, #5397, #4783, #6646, #3587, #6041, #492, #6287, #6204, #2477, #6249, #4868, #1363, #1803, #4429, #1879, #658, #1839, #741, #6809, #7353, #5478, #5602, #7912, #7436, #4907, #3833, #7478, #4989, #5560, #2390, #4267, #6727, #5648, #1200, #6851, #1242, #3707, #4346, #6768, #3065, #1959, #6890, #571, #701, #6160, #3151, #613, #5517, #1283, #50, #3106, #7952, #2433, #4310, #2, #7393, #1326, #3754, #2523, #1919, #4387, #3196, #3797, #2566, #206, #7630, #2105, #132, #2762, #4578, #4465, #2604, #6927, #3909, #3235, #7554, #5759, #7083, #3387, #1440, #5722, #7044, #2723, #6443, #281, #5227, #3310, #5072, #900, #1513, #7665, #4023, #3947, #2686, #3984, #7513, #1551, #1993, #2144, #7594, #6403, #2032, #6480, #4543, #5113, #5685, #3347, #1400, #5189, #2644, #3870, #4615, #5840, #5154, #6326, #780, #3273, #170, #4504, #6969, #6368, #819, #2069, #7007, #1475, #859, #5798, #242, #1711, #7150, #4135, #4097, #3421, #2257, #1057, #2218, #1750, #7866, #2336, #2180, #5303, #4771, #6548, #2837, #352, #4725, #4177, #5991, #5386, #5948, #7825, #2299, #5874, #478, #7233, #4651, #313, #7117, #1626, #939, #7744, #3494, #4815, #1102, #1013, #3456, #6634, #436, #3577, #6028, #2968, #393, #2798, #5429, #7268, #4689, #3534, #4218, #2878, #5267, #7704, #1588, #5341, #4060, #7782, #6516, #972, #5910, #7189, #1668, #6592, #2922, #3784, #1789, #1948, #7344, #4855, #6754, #1315, #1144, #6839, #6192, #1231, #5020, #521, #4374, #79, #3694, #1829, #6678, #5634, #6235, #2465, #2377, #4934, #2553, #4295, #1189, #35, #687, #3615, #3053, #3012, #5469, #4896, #6147, #7466, #3658, #600, #6070, #4256, #3094, #645, #5549, #2420, #7981, #6717, #7381, #5507, #1272, #1867, #6110, #7902, #4335, #6797, #3739, #560, #3139, #5590, #7941, #7306, #2506, #4974, #7423, #1906, #3183, #2713, #3900, #2677, #4457, #7621, #6358, #5101, #7655, #730, #270, #6879, #7035, #5182, #3300, #5712, #3222, #6277, #6394, #890, #3822, #1503, #2633, #5788, #5828, #7542, #4569, #2022, #4492, #4418, #2750, #5060, #1353, #3377, #3264, #3938, #809, #2059, #5751, #197, #233, #5216, #1429, #6959, #5142, #6316, #5675, #121, #2592, #2098, #850, #3337, #3974, #4533, #7584, #159, #6996, #1467, #6431, #7503, #1985, #6919, #1390, #3861, #771, #7108, #2955, #5418, #1000, #2133, #2207, #2246, #6580, #3413, #1046, #6623, #2788, #7222, #1615, #2910, #5376, #4642, #2827, #3484, #5865, #4715, #4125, #1579, #7142, #7694, #7812, #2287, #339, #5330, #5293, #4604, #5939, #7178, #3447, #7071, #1089, #3566, #304, #6507, #5980, #7734, #4050, #962, #382, #4758, #1657, #3525, #4087, #427, #1700, #1539, #4168, #6018, #5258, #4012, #2171, #4679, #6471, #5902, #6538, #469, #929, #2868, #7771, #6789, #7370, #3131, #4967, #1899, #7932, #4805, #5582, #3731, #6709, #2456, #6226, #7298, #26, #4365, #7259, #1781, #1265, #2412, #6667, #1738, #4207, #6832, #1133, #4890, #6744, #7415, #3003, #3174, #552, #6061, #7336, #2499, #2327, #1306, #1859, #1820, #680, #3603, #3777, #7856, #4284, #3044, #510, #5461, #7893, #3684, #2368, #6140, #4846, #5497, #4250, #1179, #3648, #591, #1222, #639, #6102, #3086, #5540, #7973, #4925 ),
 ( #4329, #6183, #6387, #4485, #6912, #7497, #5053, #1423, #842, #2667, #2051, #2628, #4526, #6989, #2546, #5173, #1460, #6870, #5012, #1347, #6306, #5625, #1979, #153, #1496, #5780, #3854, #114, #3931, #5135, #3329, #2706, #7613, #5706, #7460, #223, #2091, #4450, #189, #3968, #1383, #4561, #7027, #1941, #764, #6423, #5095, #4410, #3816, #6269, #881, #724, #7533, #6947, #71, #3216, #5669, #3257, #2585, #2015, #3893, #6351, #802, #7575, #3293, #5744, #5208, #416, #262, #7727, #956, #4596, #920, #7685, #7133, #2199, #1607, #993, #3476, #5930, #6703, #2406, #2322, #6618, #2362, #897, #5492, #3384, #547, #6013, #4800, #5976, #4882, #2948, #3521, #1509, #1733, #3980, #3598, #1042, #7926, #1173, #1127, #1696, #6438, #5935, #376, #1775, #2863, #2997, #5369, #7808, #462, #2904, #7174, #3642, #6098, #3038, #4840, #2283, #7254, #4754, #5326, #5413, #4201, #7217, #7767, #2242, #4711, #1652, #422, #5455, #4164, #4121, #4244, #6577, #7888, #1084, #3561, #7851, #6661, #6055, #505, #7292, #6906, #109, #5576, #2541, #2494, #1814, #675, #7454, #633, #149, #6302, #759, #585, #3725, #3212, #4962, #1259, #6783, #3168, #2581, #4405, #3811, #4360, #6264, #720, #4279, #1379, #5665, #3081, #6739, #5534, #21, #7330, #6176, #1894, #3252, #7493, #7410, #1853, #5049, #6866, #1975, #4446, #3850, #6826, #1217, #5702, #2623, #3124, #1937, #3679, #1300, #6135, #7967, #2451, #3772, #4919, #6221, #7364, #4323, #5620, #65, #5007, #1342, #3964, #2159, #185, #329, #5775, #3289, #5168, #7680, #7529, #5246, #4592, #7609, #3435, #6942, #2776, #6494, #2086, #219, #5090, #4039, #4632, #877, #797, #3364, #952, #2702, #7571, #7097, #5889, #5817, #4557, #5855, #4481, #2010, #1418, #3889, #1492, #258, #1455, #6346, #6419, #6985, #5740, #5204, #2663, #7061, #4522, #5131, #1567, #1527, #7023, #2046, #3926, #6382, #837, #3325, #6458, #2739, #7645, #2122, #4000, #915, #3402, #293, #1688, #7882, #5926, #6087, #3513, #989, #2896, #5448, #5283, #2986, #2314, #5362, #1163, #4667, #497, #4236, #7802, #5966, #2813, #1765, #2354, #6611, #6529, #1076, #6695, #411, #5319, #4833, #3632, #3553, #2275, #3592, #2195, #7723, #7129, #1603, #7210, #6006, #7167, #4076, #4155, #4703, #3471, #2940, #367, #4790, #2234, #2854, #7284, #7248, #4745, #7760, #1644, #4114, #6569, #1032, #4194, #454, #5403, #7842, #1727, #6651, #1119, #6047, #98, #1332, #6775, #3760, #3716, #3029, #1884, #665, #1845, #1370, #7485, #1966, #1809, #4911, #4396, #6168, #2441, #7958, #4351, #3803, #5609, #4997, #5566, #7444, #1927, #5484, #2572, #6858, #4272, #7918, #6732, #1249, #539, #7358, #3112, #4436, #710, #620, #3072, #6255, #56, #3203, #5654, #5040, #8, #2396, #6896, #3840, #4315, #3158, #4874, #2483, #7322, #1206, #3672, #6127, #7399, #4951, #576, #5525, #2530, #6815, #1288, #6210, #4511, #7638, #7672, #1446, #6451, #6975, #3915, #6294, #2150, #6933, #749, #5237, #5121, #5807, #211, #3955, #5159, #5765, #2114, #2769, #3316, #6374, #2692, #175, #4622, #5693, #1558, #4584, #249, #2730, #5196, #6410, #825, #7561, #7599, #2075, #4549, #7051, #7089, #867, #3279, #907, #3354, #5730, #3243, #138, #7014, #2612, #1483, #1519, #3991, #7520, #3392, #5079, #1407, #5846, #286, #2000, #4471, #787, #3878, #6335, #2652, #2038, #5998, #6521, #1021, #1595, #7241, #5394, #4185, #945, #357, #5880, #320, #2225, #7157, #5438, #979, #5955, #7873, #7121, #6557, #3543, #402, #7750, #3502, #4066, #4695, #2842, #6601, #1634, #3463, #4824, #5351, #2887, #7791, #5917, #2265, #4105, #5309, #2805, #445, #3427, #4734, #7198, #1676, #2307, #4144, #1064, #2931, #1719, #7834, #4780, #7276, #5273, #2344, #6643, #1111, #3584, #6037, #489, #2977, #4029, #6486, #7713, #2186, #4659, #6983, #2537, #4443, #6679, #3087, #1861, #6625, #6791, #4760, #6020, #471, #2957, #5746, #1385, #3856, #6308, #766, #7536, #6949, #6574, #7615, #5782, #5175, #371, #4081, #2165, #4598, #4563, #7029, #7729, #7764, #6424, #2859, #4006, #7135, #4708, #921, #3477, #3407, #5894, #883, #3370, #5822, #263, #2744, #2819, #5324, #5210, #1168, #2359, #501, #2400, #5529, #6051, #3597, #2992, #2945, #4915, #418, #1038, #4277, #544, #3033, #5489, #3636, #5452, #2319, #6657, #4837, #7288, #6737, #7964, #6092, #458, #3676, #7923, #5408, #1850, #5972, #1771, #2901, #4241, #1211, #6132, #4751, #581, #2446, #4160, #3077, #7362, #5367, #7214, #3558, #6615, #1080, #7847, #4795, #754, #1294, #3808, #4356, #2006, #144, #6939, #3721, #3164, #626, #3118, #5002, #1933, #181, #3765, #715, #2658, #1890, #1338, #6299, #6260, #6820, #4477, #2618, #1413, #6173, #5614, #5572, #14, #7449, #4401, #5127, #6216, #3208, #7568, #670, #5659, #3248, #103, #2535, #2577, #61, #6863, #5045, #1376, #7490, #1971, #2044, #4441, #6902, #3845, #5698, #5085, #7526, #3884, #2489, #6342, #4957, #794, #3285, #5736, #6779, #1254, #7404, #4555, #7719, #3996, #5201, #7755, #833, #363, #6981, #7127, #5279, #3398, #5815, #217, #6380, #6492, #986, #3921, #1601, #2735, #5885, #5923, #7642, #4664, #2119, #4589, #4518, #2849, #7606, #1452, #5315, #3360, #4034, #6456, #4627, #5851, #912, #326, #2699, #1524, #7056, #290, #6416, #7020, #1489, #3961, #2810, #950, #3432, #2192, #7094, #2773, #255, #5242, #7677, #1564, #4072, #873, #6527, #7204, #4980, #7985, #1683, #3188, #5640, #1236, #2231, #2311, #2470, #6801, #3509, #1276, #6844, #2892, #7428, #1723, #3144, #5595, #4740, #2936, #3700, #5961, #4939, #4339, #4150, #4785, #6241, #2512, #450, #6606, #3745, #1872, #41, #1911, #4380, #7245, #7163, #1319, #6196, #1069, #7385, #693, #3548, #3790, #4701, #1640, #5398, #650, #4301, #1027, #4111, #6563, #407, #5357, #6760, #6152, #7797, #2271, #7838, #606, #3099, #5554, #2718, #2559, #237, #7589, #2638, #6435, #1954, #5792, #1507, #5107, #776, #84, #7039, #5185, #3905, #3827, #6363, #3978, #5718, #2598, #7625, #895, #813, #7549, #854, #4424, #3381, #6884, #5026, #4496, #3305, #6923, #1357, #1434, #1989, #6283, #201, #736, #2064, #7507, #3227, #4573 ) ),
 .UNSPECIFIED., .F., .T., .F.,
 ( 2, 2 ),
 ( 4, 2, 2, 2, 2, 2, 2, 2, 2, 2, 2, 2, 2, 2, 2, 2, 2, 2, 2, 2, 2, 2, 2, 2, 2, 2, 2, 2, 2, 2, 2, 2, 2, 2, 2, 2, 2, 2, 2, 2, 2, 2, 2, 2, 2, 2, 2, 2, 2, 2, 2, 2, 2, 2, 2, 2, 2, 2, 2, 2, 2, 2, 2, 2, 2, 2, 2, 2, 2, 2, 2, 2, 2, 2, 2, 2, 2, 2, 2, 2, 2, 2, 2, 2, 2, 2, 2, 2, 2, 2, 2, 2, 2, 2, 2, 2, 2, 2, 2, 2, 2, 2, 2, 2, 2, 2, 2, 2, 2, 2, 2, 2, 2, 2, 2, 2, 2, 2, 2, 2, 2, 2, 2, 2, 2, 2, 2, 2, 2, 2, 2, 2, 2, 2, 2, 2, 2, 2, 2, 2, 2, 2, 2, 2, 2, 2, 2, 2, 2, 2, 2, 2, 2, 2, 2, 2, 2, 2, 2, 2, 2, 2, 2, 2, 2, 2, 2, 2, 2, 2, 2, 2, 2, 2, 2, 2, 2, 2, 2, 2, 2, 2, 2, 2, 2, 2, 2, 2, 2, 2, 2, 2, 2, 2, 2, 2, 2, 2, 2, 2, 2, 2, 2, 2, 2, 2, 2, 2, 2, 2, 2, 2, 2, 2, 2, 2, 2, 2, 2, 2, 2, 2, 2, 2, 2, 2, 2, 2, 2, 2, 2, 2, 2, 2, 2, 2, 2, 2, 2, 2, 2, 2, 2, 2, 2, 2, 2, 2, 2, 2, 2, 2, 2, 2, 2, 2, 2, 2, 2, 2, 2, 2, 2, 2, 2, 2, 2, 2, 2, 2, 2, 2, 2, 2, 2, 2, 2, 2, 2, 2, 2, 2, 2, 2, 2, 2, 2, 2, 2, 2, 2, 2, 2, 2, 2, 2, 2, 2, 2, 2, 2, 2, 2, 2, 2, 2, 2, 2, 2, 2, 2, 2, 2, 2, 2, 2, 2, 2, 2, 2, 2, 2, 2, 2, 2, 2, 2, 2, 2, 2, 2, 2, 2, 2, 2, 2, 2, 2, 2, 2, 2, 2, 2, 2, 2, 2, 2, 2, 2, 2, 2, 2, 2, 2, 2, 2, 2, 2, 2, 2, 2, 2, 2, 2, 2, 2, 2, 2, 2, 2, 2, 2, 2, 2, 2, 2, 2, 2, 2, 2, 2, 2, 2, 2, 2, 2, 2, 2, 2, 2, 2, 2, 2, 2, 2, 2, 2, 2, 2, 2, 2, 2, 2, 2, 2, 2, 2, 2, 2, 2, 2, 2, 2, 2, 2, 2, 2, 2, 2, 2, 2, 2, 2, 2, 2, 4 ),
 ( 0.000000000000000000, 1.000000000000000000 ),
 ( 0.001883582712130030257, 0.001959048902339294122, 0.002034515092548558422, 0.002109981282757822721, 0.002185447472967086587, 0.002260913663176350452, 0.002336379853385614751, 0.002487312233804142916, 0.002562778424013406782, 0.002638244614222671081, 0.002713710804431935381, 0.002789176994641199246, 0.002864643184850463112, 0.002940109375059727411, 0.003015575565268991710, 0.003091041755478255576, 0.003241974135896783741, 0.003317440326106048040, 0.003392906516315311906, 0.003468372706524575771, 0.003543838896733840071, 0.003694771277152368236, 0.003770237467361632101, 0.003845703657570896401, 0.003921169847780160700, 0.003996636037989424566, 0.004072102228198688431, 0.004147568418407953164, 0.004223034608617217030, 0.004298500798826480895, 0.004373966989035744761, 0.004449433179245008627, 0.004524899369454273360, 0.004600365559663537225, 0.004675831749872801091, 0.004751297940082065824, 0.004826764130291329689, 0.004902230320500593555, 0.004977696510709857421, 0.005053162700919121286, 0.005204095081337649885, 0.005355027461756178483, 0.005505959842174706215, 0.005656892222593233946, 0.005807824603011762545, 0.005958756983430291143, 0.006109689363848818874, 0.006260621744267346606, 0.006411554124685874337, 0.006562486505104402068, 0.006713418885522930667, 0.006864351265941459265, 0.006939817456150723131, 0.007015283646359986996, 0.007166216026778514728, 0.007317148407197042459, 0.007468080787615570190, 0.007619013168034098789, 0.007769945548452627387, 0.007920877928871155119, 0.008071810309289682850, 0.008222742689708212316, 0.008298208879917477049, 0.008373675070126740047, 0.008449141260336003045, 0.008524607450545267778, 0.008600073640754532511, 0.008675539830963795510, 0.008751006021173058508, 0.008826472211382323241, 0.008901938401591587974, 0.008977404591800852707, 0.009052870782010117440, 0.009128336972219380438, 0.009203803162428643436, 0.009279269352637908169, 0.009354735542847172902, 0.009430201733056437635, 0.009505667923265702368, 0.009581134113474965366, 0.009732066493893493098, 0.009807532684102757831, 0.009882998874312020829, 0.009958465064521283827, 0.01003393125473054856, 0.01010939744493981329, 0.01018486363514907803, 0.01026032982535834276, 0.01033579601556760576, 0.01048672839598613349, 0.01056219458619539822, 0.01063766077640466295, 0.01071312696661392769, 0.01078859315682319069, 0.01086405934703245368, 0.01093952553724171842, 0.01101499172745098315, 0.01109045791766024615, 0.01116592410786950915, 0.01124139029807877388, 0.01131685648828803861, 0.01139232267849730335, 0.01146778886870656808, 0.01154325505891583108, 0.01161872124912509407, 0.01169418743933435881, 0.01176965362954362354, 0.01184511981975288827, 0.01192058600996215301, 0.01199605220017141601, 0.01214698458058994374, 0.01222245077079920847, 0.01229791696100847147, 0.01237338315121773447, 0.01244884934142699920, 0.01259978172184552693, 0.01275071410226405466, 0.01290164648268258239, 0.01297711267289184539, 0.01305257886310111012, 0.01320351124351963959, 0.01335444362393816732, 0.01350537600435669505, 0.01358084219456595979, 0.01365630838477522452, 0.01373177457498448925, 0.01380724076519375225, 0.01395817314561227998, 0.01410910552603080771, 0.01426003790644933544, 0.01433550409665860018, 0.01441097028686786491, 0.01448643647707712964, 0.01456190266728639264, 0.01471283504770492037, 0.01486376742812344984, 0.01493923361833271457, 0.01501469980854197757, 0.01509016599875124057, 0.01516563218896050530, 0.01524109837916977003, 0.01531656456937903303, 0.01539203075958829603, 0.01546749694979756076, 0.01554296314000682550, 0.01561842933021608849, 0.01569389552042535149, 0.01576936171063461622, 0.01584482790084388096, 0.01592029409105314569, 0.01599576028126241042, 0.01607122647147167516, 0.01614669266168093989, 0.01622215885189020462, 0.01629762504209946589, 0.01637309123230873062, 0.01644855742251799535, 0.01652402361272725662, 0.01659948980293652135, 0.01667495599314578608, 0.01682588837356431555, 0.01697682075398284501, 0.01705228694419210975, 0.01712775313440137448, 0.01720321932461063574, 0.01727868551481990048, 0.01735415170502916521, 0.01742961789523842647, 0.01750508408544769121, 0.01758055027565695594, 0.01765601646586622067, 0.01773148265607548540, 0.01780694884628474667, 0.01788241503649401140, 0.01795788122670327613, 0.01803334741691253740, 0.01810881360712180213, 0.01818427979733106686, 0.01825974598754033160, 0.01833521217774959633, 0.01841067836795886106, 0.01848614455816812580, 0.01856161074837739053, 0.01863707693858665526, 0.01878800931900518126, 0.01886347550921444599, 0.01893894169942370725, 0.01901440788963297199, 0.01908987407984223672, 0.01924080646026076619, 0.01939173884067929565, 0.01954267122109782512, 0.01969360360151635111, 0.01984453598193487711, 0.01999546836235340658, 0.02014640074277193604, 0.02022186693298119731, 0.02029733312319046204, 0.02044826550360898804, 0.02059919788402751750, 0.02075013026444604697, 0.02090106264486457643, 0.02105199502528310590, 0.02120292740570163190, 0.02127839359591089663, 0.02135385978612015789, 0.02142932597632942263, 0.02150479216653868736, 0.02158025835674795209, 0.02165572454695721683, 0.02173119073716648156, 0.02180665692737574629, 0.02188212311758501102, 0.02195758930779427576, 0.02203305549800353702, 0.02210852168821280175, 0.02218398787842206649, 0.02225945406863132775, 0.02233492025884059248, 0.02241038644904985722, 0.02248585263925912195, 0.02256131882946838668, 0.02263678501967764795, 0.02271225120988691268, 0.02278771740009617741, 0.02286318359030543867, 0.02301411597072396814, 0.02308958216093323287, 0.02316504835114249761, 0.02324051454135175887, 0.02331598073156102360, 0.02346691311197954960, 0.02354237930218881433, 0.02361784549239807907, 0.02369331168260734380, 0.02376877787281660853, 0.02391971025323513453, 0.02399517644344439926, 0.02407064263365366052, 0.02414610882386292526, 0.02422157501407218999, 0.02429704120428145472, 0.02437250739449071946, 0.02444797358469998419, 0.02452343977490924892, 0.02459890596511851366, 0.02467437215532777839, 0.02474983834553703965, 0.02482530453574630439, 0.02490077072595556912, 0.02497623691616483038, 0.02505170310637409511, 0.02512716929658335985, 0.02527810167700188931, 0.02542903405742041878, 0.02557996643783894825, 0.02573089881825747424, 0.02580636500846673898, 0.02588183119867600024, 0.02595729738888526497, 0.02603276357909452970, 0.02618369595951305917, 0.02633462833993158517, 0.02648556072035011116, 0.02656102691055937590, 0.02663649310076864063, 0.02678742548118717010, 0.02693835786160569956, 0.02708929024202422903, 0.02716475643223349029, 0.02724022262244275502, 0.02731568881265201976, 0.02739115500286128102, 0.02754208738327981049, 0.02769301976369833995, 0.02776848595390760469, 0.02784395214411686942, 0.02791941833432613415, 0.02799488452453539888, 0.02807035071474466015, 0.02814581690495392488, 0.02822128309516318961, 0.02829674928537245088, 0.02837221547558171561, 0.02844768166579098034, 0.02852314785600024508, 0.02859861404620950981, 0.02867408023641877107, 0.02874954642662803581, 0.02882501261683730054, 0.02890047880704656180, 0.02897594499725582654, 0.02905141118746509127, 0.02912687737767435600, 0.02920234356788362073, 0.02927780975809288547, 0.02935327594830215020, 0.02942874213851141493, 0.02950420832872067967, 0.02957967451892994093, 0.02965514070913920566, 0.02973060689934847040, 0.02980607308955773166, 0.02988153927976699639, 0.02995700546997626112, 0.03003247166018552586, 0.03010793785039479059, 0.03018340404060405532, 0.03025887023081332006, 0.03033433642102258479, 0.03040980261123184952, 0.03048526880144111079, 0.03056073499165037552, 0.03063620118185964025, 0.03071166737206890152, 0.03078713356227816625, 0.03086259975248743098, 0.03093806594269669571, 0.03101353213290596045, 0.03108899832311522171, 0.03116446451332448644, 0.03123993070353375118, 0.03131539689374301244, 0.03139086308395228064, 0.03146632927416154191, 0.03154179546437080317, 0.03161726165458007137, 0.03169272784478933958, 0.03176819403499860084, 0.03191912641541713030, 0.03207005879583565977, 0.03214552498604492103, 0.03222099117625418924, 0.03229645736646345744, 0.03237192355667271870, 0.03252285593709124123, 0.03259832212730050249, 0.03267378831750977070, 0.03274925450771903890, 0.03282472069792830016, 0.03297565307834682269, 0.03312658545876535215, 0.03320205164897462036, 0.03327751783918388162, 0.03335298402939314288, 0.03342845021960241109, 0.03357938260002094055, 0.03373031498043946308, 0.03380578117064872434, 0.03388124736085799255, 0.03395671355106726075, 0.03403217974127652201, 0.03410764593148578327, 0.03418311212169504454, 0.03425857831190430580, 0.03433404450211357400, 0.03440951069232284221, 0.03448497688253210347, 0.03456044307274136473, 0.03463590926295063294, 0.03471137545315990114, 0.03478684164336916240, 0.03486230783357842367, 0.03493777402378769187, 0.03501324021399696007, 0.03508870640420622133, 0.03516417259441548260, 0.03523963878462475080, 0.03531510497483401900, 0.03539057116504328027, 0.03546603735525254153, 0.03554150354546180279, 0.03569243592588033226, 0.03576790211608960046, 0.03584336830629886173, 0.03591883449650812299, 0.03599430068671738425, 0.03606976687692664552, 0.03614523306713591372, 0.03622069925734518192, 0.03629616544755444318, 0.03637163163776370445, 0.03644709782797297265, 0.03652256401818224085, 0.03659803020839150212, 0.03667349639860076338, 0.03674896258881003158, 0.03682442877901929978, 0.03689989496922856105, 0.03697536115943782231, 0.03705082734964709051, 0.03712629353985635872, 0.03720175973006561998, 0.03735269211048414251, 0.03742815830069340377, 0.03750362449090267197, 0.03757909068111194018, 0.03765455687132120144, 0.03780548925173972397, 0.03795642163215825343, 0.03810735401257678290, 0.03825828639299531236, 0.03840921877341384183, 0.03848468496362310309, 0.03856015115383236436, 0.03863561734404162562, 0.03871108353425089382, 0.03878654972446016203, 0.03886201591466942329, 0.03901294829508794582, 0.03916388067550647528, 0.03931481305592500475, 0.03939027924613426601, 0.03946574543634353421, 0.03954121162655280242, 0.03961667781676206368, 0.03976761019718059315, 0.03991854257759912261, 0.03999400876780838388, 0.04006947495801765208, 0.04014494114822692028, 0.04022040733843618154, 0.04029587352864544281, 0.04037133971885470407, 0.04044680590906396533, 0.04052227209927323354 ),
 .UNSPECIFIED. ) ;
#127 = CARTESIAN_POINT ( 'NONE',  ( 1.093064383784955629, -4.564698034665722659, 3.333333333333333037 ) ) ;
#128 = CARTESIAN_POINT ( 'NONE',  ( 5.613891960610702725, -0.4383313065869945402, 3.333333333333333037 ) ) ;
#129 = CARTESIAN_POINT ( 'NONE',  ( -0.07477099020677754893, -6.017315606013090346, -5.000000000000000000 ) ) ;
#130 = CARTESIAN_POINT ( 'NONE',  ( 5.678215679999671472, 0.07738646000044288598, -6.000000000001873168 ) ) ;
#131 = CARTESIAN_POINT ( 'NONE',  ( -1.163863866783202639, -5.852560542697736956, -1.666666666666666297 ) ) ;
#132 = CARTESIAN_POINT ( 'NONE',  ( -5.639311229655792346, -2.351157568463428937, 10.54999999999999893 ) ) ;
#133 = CARTESIAN_POINT ( 'NONE',  ( -1.518572041796066863, 4.483362720821385317, 10.20000054708695458 ) ) ;
#134 = CARTESIAN_POINT ( 'NONE',  ( 5.549568240452075862, -0.9540490733085547070, 1.666666666666666297 ) ) ;
#135 = CARTESIAN_POINT ( 'NONE',  ( -2.371666416849585346, -6.059304634297760117, -5.000000000001928235 ) ) ;
#136 = CARTESIAN_POINT ( 'NONE',  ( 5.577000068505304498, -0.9543430512735825433, 1.666666666666666297 ) ) ;
#137 = CARTESIAN_POINT ( 'NONE',  ( -2.711647814721306560, 5.315450139805470542, 3.333333333333333037 ) ) ;
#138 = CARTESIAN_POINT ( 'NONE',  ( -6.413168847486988788, -1.019081244588122992, 10.20000054708695458 ) ) ;
#139 = CARTESIAN_POINT ( 'NONE',  ( -4.516332414954611352, 1.859659088761147050, -5.000000000000000000 ) ) ;
#140 = CARTESIAN_POINT ( 'NONE',  ( -5.655150085341596800, -0.4309976434696641268, 10.54999999999999893 ) ) ;
#141 = CARTESIAN_POINT ( 'NONE',  ( -3.730684141712802493, 5.124958373181493165, 10.20000054708695636 ) ) ;
#142 = CARTESIAN_POINT ( 'NONE',  ( -2.040135146228930996, 4.134000291887290679, 10.55000000000000959 ) ) ;
#143 = CARTESIAN_POINT ( 'NONE',  ( -4.495563247843129773, 4.305525677697852771, -1.666666666666666297 ) ) ;
#144 = CARTESIAN_POINT ( 'NONE',  ( -0.04768193520264778912, -5.960570020777550937, 10.20000054708695458 ) ) ;
#145 = CARTESIAN_POINT ( 'NONE',  ( -0.1956693797518589406, -5.346966256273233853, 10.54999999999999893 ) ) ;
#146 = CARTESIAN_POINT ( 'NONE',  ( 3.604071719379967842, 4.332058221710632040, -1.666666666666666297 ) ) ;
#147 = ORIENTED_EDGE ( 'NONE', *, *, #3715, .T. ) ;
#148 = CARTESIAN_POINT ( 'NONE',  ( 2.073114852221621618, 5.822919340582670245, 10.55000000000000426 ) ) ;
#149 = CARTESIAN_POINT ( 'NONE',  ( 2.445968826067661084, 5.947206132803900758, 10.20000054708695103 ) ) ;
#150 = CARTESIAN_POINT ( 'NONE',  ( 0.1895406219408749537, -4.689918142874670792, 1.666666666666666297 ) ) ;
#151 = CARTESIAN_POINT ( 'NONE',  ( 2.688169312950384526, -4.691456221008770910, 10.20000054708695458 ) ) ;
#152 = CARTESIAN_POINT ( 'NONE',  ( 3.549492153776959480, 3.183760183353111728, 10.20000054708695281 ) ) ;
#153 = CARTESIAN_POINT ( 'NONE',  ( 6.438301928437293320, 1.219843140103753498, 10.20000054708695458 ) ) ;
#154 = CARTESIAN_POINT ( 'NONE',  ( 5.251182211392753985, -3.439893223823212498, 5.000000000000024869 ) ) ;
#155 = CARTESIAN_POINT ( 'NONE',  ( -3.702445153491813912, -2.691362979305333969, 10.55000000000000071 ) ) ;
#156 = CARTESIAN_POINT ( 'NONE',  ( 2.228223200724739783, 5.665918726665888805, 10.55000000000000426 ) ) ;
#157 = CARTESIAN_POINT ( 'NONE',  ( 2.380210213183969081, 5.434427970905844951, 10.54999999999999893 ) ) ;
#158 = CARTESIAN_POINT ( 'NONE',  ( -2.428801638924724227, 5.084976303599238356, -3.333333333333333037 ) ) ;
#159 = CARTESIAN_POINT ( 'NONE',  ( 3.330440484638511389, -4.742808302654584196, 10.55000000000000426 ) ) ;
#160 = CARTESIAN_POINT ( 'NONE',  ( 5.077272957701379319, 2.596013034552638654, 10.54999999999999893 ) ) ;
#161 = CARTESIAN_POINT ( 'NONE',  ( -5.564139155517600521, -0.06115429241966402474, -4.999999999998220979 ) ) ;
#162 = CARTESIAN_POINT ( 'NONE',  ( 4.090348123528644741, 2.593265403588363327, -3.333333333333333037 ) ) ;
#163 = CARTESIAN_POINT ( 'NONE',  ( -4.878009374014262711, 3.511362187029973381, 10.55000000000000249 ) ) ;
#164 = CARTESIAN_POINT ( 'NONE',  ( -1.922560767552541128, -6.296675729077717776, -3.333333333333333037 ) ) ;
#165 = CARTESIAN_POINT ( 'NONE',  ( 5.831915561921000801, 0.5734236394532368220, 10.54999999999999893 ) ) ;
#166 = CARTESIAN_POINT ( 'NONE',  ( 0.1895406219408749537, -4.689918142874670792, 1.666666666666666297 ) ) ;
#167 = CARTESIAN_POINT ( 'NONE',  ( -6.433344965106440050, -0.9757289509385247417, -5.000000000000000000 ) ) ;
#168 = CARTESIAN_POINT ( 'NONE',  ( 5.564139155517260349, 0.06115429242010458899, -6.000000000001842970 ) ) ;
#169 = CARTESIAN_POINT ( 'NONE',  ( -2.814033178045508787, -5.085783199819224443, -5.000000000000000000 ) ) ;
#170 = CARTESIAN_POINT ( 'NONE',  ( -3.270223694902567591, -2.954628821883855228, 10.54999999999999893 ) ) ;
#171 = CARTESIAN_POINT ( 'NONE',  ( -3.581722154483863552, 5.155487022040583511, 10.20000054708695458 ) ) ;
#172 = CARTESIAN_POINT ( 'NONE',  ( -3.123419988198473440, -3.556803324689597812, -6.000000000000582645 ) ) ;
#173 = CARTESIAN_POINT ( 'NONE',  ( 5.748018482795087536, -0.4222848131969865748, 3.333333333333333037 ) ) ;
#174 = CARTESIAN_POINT ( 'NONE',  ( -4.553079637902985866, 4.832420171271765597, 5.000000000000000000 ) ) ;
#175 = CARTESIAN_POINT ( 'NONE',  ( -5.614776278201575543, -0.06681944698748482070, 10.20000054708695103 ) ) ;
#176 = CARTESIAN_POINT ( 'NONE',  ( 3.470362048767136720, 3.219190813529887674, -5.000000000000000000 ) ) ;
#177 = CARTESIAN_POINT ( 'NONE',  ( -5.767686832112042694, -0.5085160548030619454, 10.55000000000000071 ) ) ;
#178 = CARTESIAN_POINT ( 'NONE',  ( -2.794602011940776620, 4.762941364555341117, 10.20000054708695458 ) ) ;
#179 = CARTESIAN_POINT ( 'NONE',  ( -4.435196186338155933, 4.436735183798519166, 10.54999999999999538 ) ) ;
#180 = CARTESIAN_POINT ( 'NONE',  ( -4.557408217254173444, 3.110423004554816906, -3.333333333333333037 ) ) ;
#181 = CARTESIAN_POINT ( 'NONE',  ( 0.1106130241566753852, -5.524111177297944764, 10.20000054708695458 ) ) ;
#182 = CARTESIAN_POINT ( 'NONE',  ( 5.371053174174040379, 1.454363143550995607, 0.000000000000000000 ) ) ;
#183 = ORIENTED_EDGE ( 'NONE', *, *, #975, .T. ) ;
#184 = CARTESIAN_POINT ( 'NONE',  ( 2.412496575018711287, 5.357057320684297075, 10.54999999999999716 ) ) ;
#185 = CARTESIAN_POINT ( 'NONE',  ( -0.1260380425431923690, 5.485376725116532626, 10.20000054708695458 ) ) ;
#186 = CARTESIAN_POINT ( 'NONE',  ( -1.163863866783202639, -5.852560542697736956, 1.666666666666666297 ) ) ;
#187 = CARTESIAN_POINT ( 'NONE',  ( 1.201441201733798092, -4.579899025891737807, 10.20000054708695281 ) ) ;
#188 = CARTESIAN_POINT ( 'NONE',  ( 2.729037234496187736, 4.484051355289621732, 10.20000054708695458 ) ) ;
#189 = CARTESIAN_POINT ( 'NONE',  ( 6.288262503876261178, 2.042808910381793019, 10.20000054708695636 ) ) ;
#190 = CARTESIAN_POINT ( 'NONE',  ( 4.641992031678379149, -0.9265593960872966495, 5.000000000000024869 ) ) ;
#191 = CARTESIAN_POINT ( 'NONE',  ( -4.432447901385417666, -2.497674875463887112, 10.54999999999999893 ) ) ;
#192 = CARTESIAN_POINT ( 'NONE',  ( 1.058705905308064299, 6.118872730485679590, 10.54999999999999716 ) ) ;
#193 = CARTESIAN_POINT ( 'NONE',  ( 1.358241341752177478, -4.176138502406231190, 10.54999999999999893 ) ) ;
#194 = CARTESIAN_POINT ( 'NONE',  ( -1.350213967088334632, -6.500749273344065493, -5.000000000002461142 ) ) ;
#195 = CARTESIAN_POINT ( 'NONE',  ( 2.371428969095964678, 4.755656211296903635, 10.55000000000000249 ) ) ;
#196 = CARTESIAN_POINT ( 'NONE',  ( 0.9171783983772251458, 6.156819319221125575, -3.333333333333333037 ) ) ;
#197 = CARTESIAN_POINT ( 'NONE',  ( 2.730634845803009636, -4.317630255609864243, 10.55000000000000249 ) ) ;
#198 = CARTESIAN_POINT ( 'NONE',  ( 4.204361216750285735, 2.525811973655058384, 10.55000000000000604 ) ) ;
#199 = CARTESIAN_POINT ( 'NONE',  ( 6.162401348110474686, -1.196908415135739645, 0.000000000000000000 ) ) ;
#200 = CARTESIAN_POINT ( 'NONE',  ( -5.286955024260614699, -1.950427640242798466, -1.666666666666666297 ) ) ;
#201 = CARTESIAN_POINT ( 'NONE',  ( 5.553453921842472774, 0.05023882292797544197, 10.20000054708695281 ) ) ;
#202 = CARTESIAN_POINT ( 'NONE',  ( 0.6675567257738422855, -4.646033348510059113, 1.666666666666666297 ) ) ;
#203 = CARTESIAN_POINT ( 'NONE',  ( -3.470362048767141605, -3.219190813529884121, -5.000000000000000000 ) ) ;
#204 = CARTESIAN_POINT ( 'NONE',  ( 6.013043029953127672, 0.2387286294171992174, -6.000000000001912248 ) ) ;
#205 = CARTESIAN_POINT ( 'NONE',  ( -3.123419988198143482, -3.556803324690040569, -5.000000000000000000 ) ) ;
#206 = CARTESIAN_POINT ( 'NONE',  ( -5.789492201872188382, -2.193607095797128093, 10.54999999999999893 ) ) ;
#207 = CARTESIAN_POINT ( 'NONE',  ( 4.773087588978501827, 2.860248105178433420, 5.000000000000023093 ) ) ;
#208 = CARTESIAN_POINT ( 'NONE',  ( -4.446867061209835164E-13, 5.977062146930170793E-13, -6.350000000000020961 ) ) ;
#209 = CARTESIAN_POINT ( 'NONE',  ( 3.247490944899273035, 5.006080960982938421, 3.333333333333333037 ) ) ;
#210 = CARTESIAN_POINT ( 'NONE',  ( -2.907966664692027692, 4.882705828916002133, 5.000000000000000000 ) ) ;
#211 = CARTESIAN_POINT ( 'NONE',  ( -5.372890496662610538, 0.03761367926725574240, 10.20000054708695636 ) ) ;
#212 = CARTESIAN_POINT ( 'NONE',  ( 0.3534438101688358036, 6.267603813795271428, -5.000000000000000000 ) ) ;
#213 = CARTESIAN_POINT ( 'NONE',  ( -5.617167120499349409, -0.4218742958869490245, 10.55000000000000249 ) ) ;
#214 = CARTESIAN_POINT ( 'NONE',  ( -2.361059819885217070, 4.548452449421362509, 10.20000054708695636 ) ) ;
#215 = CARTESIAN_POINT ( 'NONE',  ( -3.181916862557707226, 4.663600661735182840, 10.55000000000000071 ) ) ;
#216 = CARTESIAN_POINT ( 'NONE',  ( -4.771635973406848308, 4.343064134404515109, -3.333333333333333037 ) ) ;
#217 = CARTESIAN_POINT ( 'NONE',  ( 2.623398076113148569, -4.655407861850758167, 10.20000054708695458 ) ) ;
#218 = ORIENTED_EDGE ( 'NONE', *, *, #6066, .F. ) ;
#219 = CARTESIAN_POINT ( 'NONE',  ( -0.4467668723373141026, 5.030756904940528962, 10.20000054708695458 ) ) ;
#220 = CARTESIAN_POINT ( 'NONE',  ( 0.6476541954606986895, -4.841088142863434918, 5.000000000000000000 ) ) ;
#221 = CARTESIAN_POINT ( 'NONE',  ( 1.429413721833834527, -4.518853747932251252, 10.20000054708695636 ) ) ;
#222 = CARTESIAN_POINT ( 'NONE',  ( 4.842605193769109917, 2.890878305153995242, 10.20000054708695281 ) ) ;
#223 = CARTESIAN_POINT ( 'NONE',  ( 6.338906025809528444, 1.917057320748695837, 10.20000054708695458 ) ) ;
#224 = CARTESIAN_POINT ( 'NONE',  ( 1.982048622023625528, -4.463975086240834500, 10.20000054708695458 ) ) ;
#225 = CARTESIAN_POINT ( 'NONE',  ( -3.962745084132506701, -2.587666054830745299, 10.55000000000000071 ) ) ;
#226 = CARTESIAN_POINT ( 'NONE',  ( 2.296015312891259263, 5.578672310358959940, 10.55000000000000071 ) ) ;
#227 = CARTESIAN_POINT ( 'NONE',  ( 4.971131915797715628, 1.936123966611666525, 1.666666666666666297 ) ) ;
#228 = CIRCLE ( 'NONE', #4884, 2.850000000001744027 ) ;
#229 = CARTESIAN_POINT ( 'NONE',  ( -3.067254368480954341, 5.888528640545017900, 0.000000000000000000 ) ) ;
#230 = CARTESIAN_POINT ( 'NONE',  ( -0.07477099020710695210, -6.017315606012648033, -6.000000000002676970 ) ) ;
#231 = CARTESIAN_POINT ( 'NONE',  ( 2.534327853376174389, 3.890910468007556133, 10.55000000000000249 ) ) ;
#232 = CARTESIAN_POINT ( 'NONE',  ( 3.636476399295999862, 5.052096566640852160, -1.666666666666666297 ) ) ;
#233 = CARTESIAN_POINT ( 'NONE',  ( 2.785692194806810296, -4.345253057086210902, 10.54999999999999893 ) ) ;
#234 = CARTESIAN_POINT ( 'NONE',  ( 4.734777336286716931, 2.505178061118112698, 10.54999999999999893 ) ) ;
#235 = CARTESIAN_POINT ( 'NONE',  ( 5.286955024260617364, 1.950427640242798910, -1.666666666666666297 ) ) ;
#236 = CARTESIAN_POINT ( 'NONE',  ( -3.134419601341341455, -4.540937647741743355, -3.333333333333333037 ) ) ;
#237 = CARTESIAN_POINT ( 'NONE',  ( 4.660251214879361115, -0.9314883244425757880, 10.20000054708695281 ) ) ;
#238 = CARTESIAN_POINT ( 'NONE',  ( 3.067254368480953453, -5.888528640545023229, 0.000000000000000000 ) ) ;
#239 = CARTESIAN_POINT ( 'NONE',  ( -2.874891515540369369, -3.948492002339770490, -5.000000000000000000 ) ) ;
#240 = CARTESIAN_POINT ( 'NONE',  ( 5.678215679999671472, 0.07738646000044288598, -6.000000000001873168 ) ) ;
#241 = CARTESIAN_POINT ( 'NONE',  ( -3.406612266045531801, -3.228970541235649083, -3.333333333333333037 ) ) ;
#242 = CARTESIAN_POINT ( 'NONE',  ( -2.798438145013403489, -3.434613913292482223, 10.55000000000000071 ) ) ;
#243 = FACE_OUTER_BOUND ( 'NONE', #2404, .T. ) ;
#244 = CARTESIAN_POINT ( 'NONE',  ( 4.866051733733170792, -3.336032550491350168, 10.54999999999999893 ) ) ;
#245 = CARTESIAN_POINT ( 'NONE',  ( 4.742177691313816723, -2.541133983792140505, -5.000000000000000000 ) ) ;
#246 = CARTESIAN_POINT ( 'NONE',  ( -5.170810158745613450, -1.486046266603242794, 0.000000000000000000 ) ) ;
#247 = CARTESIAN_POINT ( 'NONE',  ( 2.710634745066447859, 4.647372425121908179, 5.000000000000000000 ) ) ;
#248 = CARTESIAN_POINT ( 'NONE',  ( -3.067254368480954341, 5.888528640545017900, 0.000000000000000000 ) ) ;
#249 = CARTESIAN_POINT ( 'NONE',  ( -5.941060053895531823, -0.1975048045127122953, 10.20000054708695281 ) ) ;
#250 = CARTESIAN_POINT ( 'NONE',  ( 5.590721306999639317, -0.4402265200835094872, -3.333333333333333925 ) ) ;
#251 = CARTESIAN_POINT ( 'NONE',  ( -4.882399810543284424, -2.534424651375210225, 10.55000000000000071 ) ) ;
#252 = CARTESIAN_POINT ( 'NONE',  ( -5.005647227578966962, 4.282403454081821437, 10.20000054708695281 ) ) ;
#253 = CARTESIAN_POINT ( 'NONE',  ( -4.869483141171761176, 3.625129398173323469, 10.54999999999999893 ) ) ;
#254 = CARTESIAN_POINT ( 'NONE',  ( 1.470471587390117962, 5.489517252965712579, 0.000000000000000000 ) ) ;
#255 = CARTESIAN_POINT ( 'NONE',  ( 4.612882966838792953, -4.746144286007629276, 10.20000054708695636 ) ) ;
#256 = ORIENTED_EDGE ( 'NONE', *, *, #1070, .T. ) ;
#257 = CARTESIAN_POINT ( 'NONE',  ( 0.2532849468536760851, 5.526022391603432560, 10.55000000000000426 ) ) ;
#258 = CARTESIAN_POINT ( 'NONE',  ( -1.399497726280825249, 4.525336695158773459, 10.20000054708695458 ) ) ;
#259 = CARTESIAN_POINT ( 'NONE',  ( 3.037940078102557173, -5.692243493106275309, 1.666666666666666297 ) ) ;
#260 = CARTESIAN_POINT ( 'NONE',  ( 3.701633156083792286, -5.127694086772503823, 10.20000054708695281 ) ) ;
#261 = CARTESIAN_POINT ( 'NONE',  ( 2.027675477590320519, 6.266838851633234064, 10.20000054708695281 ) ) ;
#262 = CARTESIAN_POINT ( 'NONE',  ( 4.842605193769109917, 2.890878305153995242, 10.20000054708695281 ) ) ;
#263 = CARTESIAN_POINT ( 'NONE',  ( -2.785273122113598898, -5.327447637542814363, 10.20000054708695636 ) ) ;
#264 = CARTESIAN_POINT ( 'NONE',  ( -5.437004566374270098, -2.493348535669181132, 10.54999999999999716 ) ) ;
#265 = CARTESIAN_POINT ( 'NONE',  ( 0.2662909969822720990, 5.606304704914496284, 10.54999999999999716 ) ) ;
#266 = CARTESIAN_POINT ( 'NONE',  ( -4.523082045645343996, 1.395826287384881015, 5.000000000000000000 ) ) ;
#267 = CARTESIAN_POINT ( 'NONE',  ( 1.710053934058384240, 6.028984097313303536, 10.55000000000000071 ) ) ;
#268 = CARTESIAN_POINT ( 'NONE',  ( 4.960140980962702173, -2.773821869949568697, -6.000000000002899903 ) ) ;
#269 = CARTESIAN_POINT ( 'NONE',  ( -0.6211303116444791828, 4.652467623394941576, -3.333333333333333037 ) ) ;
#270 = CARTESIAN_POINT ( 'NONE',  ( 1.091845193935023994, -4.247471950245683914, 10.54999999999999716 ) ) ;
#271 = CARTESIAN_POINT ( 'NONE',  ( 3.104601229072058821, 3.091827185228399166, 10.55000000000000426 ) ) ;
#272 = CARTESIAN_POINT ( 'NONE',  ( 5.790551135911332636, 2.284109871747715292, -3.333333333333333037 ) ) ;
#273 = CARTESIAN_POINT ( 'NONE',  ( -4.370480418664538291, 4.492057300046277568, 10.54999999999999716 ) ) ;
#274 = CARTESIAN_POINT ( 'NONE',  ( -5.449465857265461288, -2.431124405394461174, -3.333333333333333037 ) ) ;
#275 = CARTESIAN_POINT ( 'NONE',  ( 6.081333923454439905, 1.161787023015320663, 10.54999999999999893 ) ) ;
#276 = CARTESIAN_POINT ( 'NONE',  ( 4.557408217254173444, -3.110423004554814241, 3.333333333333333037 ) ) ;
#277 = CARTESIAN_POINT ( 'NONE',  ( 6.576007866396365920, 0.3169947703697444386, -1.666666666666666297 ) ) ;
#278 = CARTESIAN_POINT ( 'NONE',  ( 4.981217100318859892, 0.1144403348294925765, 10.55000000000000071 ) ) ;
#279 = CARTESIAN_POINT ( 'NONE',  ( -3.868678216692781113, -2.981429057092635393, -5.000000000000000000 ) ) ;
#280 = CARTESIAN_POINT ( 'NONE',  ( -3.868678216692781113, -2.981429057092635393, -5.000000000000000000 ) ) ;
#281 = CARTESIAN_POINT ( 'NONE',  ( -5.013501013380823323, -2.583258919301573364, 10.55000000000000249 ) ) ;
#282 = CARTESIAN_POINT ( 'NONE',  ( 5.705468039007898895, 0.08215326004263441562, 5.000000000000023093 ) ) ;
#283 = CARTESIAN_POINT ( 'NONE',  ( 3.815710851444236607, -3.424973976468142833, 0.000000000000000000 ) ) ;
#284 = CARTESIAN_POINT ( 'NONE',  ( 3.966817943941785884, 2.509106068899837449, 1.666666666666666297 ) ) ;
#285 = CARTESIAN_POINT ( 'NONE',  ( -5.170810158745612561, 1.486046266603244348, 0.000000000000000000 ) ) ;
#286 = CARTESIAN_POINT ( 'NONE',  ( -6.407385422963184141, -1.671195468645811033, 10.20000054708695281 ) ) ;
#287 = CARTESIAN_POINT ( 'NONE',  ( 4.357361271578868767, -1.744895596418973627, -1.666666666666666297 ) ) ;
#288 = CARTESIAN_POINT ( 'NONE',  ( -4.799340999595305135, 3.121423941827716764, 10.55000000000000249 ) ) ;
#289 = CARTESIAN_POINT ( 'NONE',  ( -1.093064383784954297, 4.564698034665722659, -3.333333333333333037 ) ) ;
#290 = CARTESIAN_POINT ( 'NONE',  ( 4.061430519457270627, -5.054001108602268033, 10.20000054708695103 ) ) ;
#291 = ORIENTED_EDGE ( 'NONE', *, *, #1435, .T. ) ;
#292 = CARTESIAN_POINT ( 'NONE',  ( -0.1446950958673521859, 4.838001998257634995, 10.55000000000000249 ) ) ;
#293 = CARTESIAN_POINT ( 'NONE',  ( -2.582759773633537481, 4.635003671577933027, 10.20000054708695281 ) ) ;
#294 = CARTESIAN_POINT ( 'NONE',  ( 1.982048622023625528, -4.463975086240834500, 5.000000000000000000 ) ) ;
#295 = CARTESIAN_POINT ( 'NONE',  ( 5.226071451420121861, -3.409110911316286074, 10.20000054708695636 ) ) ;
#296 = CARTESIAN_POINT ( 'NONE',  ( 0.8136257741185204395, 6.431705698302876861, 10.20000054708695281 ) ) ;
#297 = CARTESIAN_POINT ( 'NONE',  ( 6.461538437134771051, 1.526872548237521388, 5.000000000000000000 ) ) ;
#298 = CARTESIAN_POINT ( 'NONE',  ( -2.052171831079657061, -5.833946557891882101, 10.54999999999999893 ) ) ;
#299 = CARTESIAN_POINT ( 'NONE',  ( 0.1614439960399910445, 5.274081274756944104, 10.55000000000000249 ) ) ;
#300 = CARTESIAN_POINT ( 'NONE',  ( -5.489297186633654846, 1.471292881111661677, 0.000000000000000000 ) ) ;
#301 = CARTESIAN_POINT ( 'NONE',  ( -2.799962047425724965, -5.240925328006619033, 10.20000054708695281 ) ) ;
#302 = CARTESIAN_POINT ( 'NONE',  ( 0.5144710331493921318, 5.926041604243808436, 10.54999999999999893 ) ) ;
#303 = CARTESIAN_POINT ( 'NONE',  ( -0.6476541954606959139, 4.841088142863436694, -5.000000000000000000 ) ) ;
#304 = CARTESIAN_POINT ( 'NONE',  ( 4.876529236904789677, -3.430180136206097075, 10.54999999999999893 ) ) ;
#305 = CARTESIAN_POINT ( 'NONE',  ( 4.957293723915559447, 2.560239477188910318, 10.54999999999999893 ) ) ;
#306 = CARTESIAN_POINT ( 'NONE',  ( -5.604626029811752730, -2.827710600053704226, 10.20000054708695458 ) ) ;
#307 = CARTESIAN_POINT ( 'NONE',  ( -4.426302986079483581, 2.678112798608585088, 10.54999999999999893 ) ) ;
#308 = CARTESIAN_POINT ( 'NONE',  ( -2.710634745066446971, -4.647372425121903738, -5.000000000000000000 ) ) ;
#309 = CARTESIAN_POINT ( 'NONE',  ( 4.774313603839129172, 2.510558541209956473, 10.54999999999999893 ) ) ;
#310 = CARTESIAN_POINT ( 'NONE',  ( 3.581722154483869325, -5.155487022040585288, 5.000000000000000000 ) ) ;
#311 = CARTESIAN_POINT ( 'NONE',  ( 5.123227066717328526, -0.2064956504716665142, -5.000000000000000000 ) ) ;
#312 = CARTESIAN_POINT ( 'NONE',  ( -5.286955024260614699, -1.950427640242798466, -1.666666666666666297 ) ) ;
#313 = CARTESIAN_POINT ( 'NONE',  ( -2.382186119428303606, -4.860071466653614003, 10.55000000000000071 ) ) ;
#314 = CARTESIAN_POINT ( 'NONE',  ( 4.882270699514533518, 2.908697158505072711, 5.000000000000023093 ) ) ;
#315 = CARTESIAN_POINT ( 'NONE',  ( 4.291007783504368511, -2.245712686074321063, -3.333333333333333037 ) ) ;
#316 = CARTESIAN_POINT ( 'NONE',  ( -1.426011146523626927, -5.378650072249710590, 0.000000000000000000 ) ) ;
#317 = CARTESIAN_POINT ( 'NONE',  ( 5.286955024260617364, 1.950427640242798910, 1.666666666666666297 ) ) ;
#318 = CARTESIAN_POINT ( 'NONE',  ( 5.170810158745608121, -1.486046266603245014, 0.000000000000000000 ) ) ;
#319 = CARTESIAN_POINT ( 'NONE',  ( -4.957055618582935530, 1.130175575188427262, 1.666666666666666297 ) ) ;
#320 = CARTESIAN_POINT ( 'NONE',  ( -5.843862583187356741, -2.636995034819877848, 10.20000054708695281 ) ) ;
#321 = CARTESIAN_POINT ( 'NONE',  ( 4.018825604028019249, -4.018224371688233099, 0.000000000000000000 ) ) ;
#322 = MANIFOLD_SOLID_BREP ( 'Chamfer1', #2292 ) ;
#323 = CARTESIAN_POINT ( 'NONE',  ( -4.853443139306943266, -2.526676860774048183, 10.55000000000000071 ) ) ;
#324 = CARTESIAN_POINT ( 'NONE',  ( -3.696152756147328411, 4.776550678155239815, 10.55000000000000426 ) ) ;
#325 = CARTESIAN_POINT ( 'NONE',  ( 1.375385888544236046, 6.303890028515530375, -3.333333333333333037 ) ) ;
#326 = CARTESIAN_POINT ( 'NONE',  ( 3.826141353929909172, -5.112414425514825389, 10.20000054708695458 ) ) ;
#327 = ORIENTED_EDGE ( 'NONE', *, *, #7048, .F. ) ;
#328 = CARTESIAN_POINT ( 'NONE',  ( 0.6599677820160795294, 6.010980863118971840, 10.55000000000000071 ) ) ;
#329 = CARTESIAN_POINT ( 'NONE',  ( -0.1421820440063518154, 5.449849597737225437, 10.20000054708695458 ) ) ;
#330 = CARTESIAN_POINT ( 'NONE',  ( 1.941275052549161773, -4.699058253462403911, 3.333333333333333037 ) ) ;
#331 = CARTESIAN_POINT ( 'NONE',  ( 4.930964955859769461, -4.399621748533396826, 10.20000054708695458 ) ) ;
#332 = CARTESIAN_POINT ( 'NONE',  ( 1.402872746607417342, 6.464142128390565567, 10.20000054708695636 ) ) ;
#333 = CARTESIAN_POINT ( 'NONE',  ( 5.549568239385187951, -0.9540490732971211862, -1.666666666666666519 ) ) ;
#334 = CARTESIAN_POINT ( 'NONE',  ( -2.453093111084648115, -5.193966233846556868, 10.55000000000000249 ) ) ;
#335 = CARTESIAN_POINT ( 'NONE',  ( 0.5611105711213831837, 5.956461032524859256, 10.55000000000000249 ) ) ;
#336 = CARTESIAN_POINT ( 'NONE',  ( -4.340798672100181221, 2.647104865981876998, 3.333333333333333037 ) ) ;
#337 = CARTESIAN_POINT ( 'NONE',  ( -2.514282437732066722, -5.869785114084785427, 10.20000054708695458 ) ) ;
#338 = CARTESIAN_POINT ( 'NONE',  ( 0.2733281787421558140, 5.660307927545480844, 10.55000000000000071 ) ) ;
#339 = CARTESIAN_POINT ( 'NONE',  ( 4.803508672799364554, -3.893346580729601047, 10.54999999999999893 ) ) ;
#340 = CARTESIAN_POINT ( 'NONE',  ( -5.678215679722193876, -0.07738645995682801038, -4.999999999999095834 ) ) ;
#341 = CARTESIAN_POINT ( 'NONE',  ( -4.905226413926041751, -0.04923589719670785209, 10.55000000000000071 ) ) ;
#342 = CARTESIAN_POINT ( 'NONE',  ( -2.799776449901752340, -5.326812330412152185, -5.000000000000000000 ) ) ;
#343 = CARTESIAN_POINT ( 'NONE',  ( 5.531686333311937709, 2.435257669868938102, 10.54999999999999893 ) ) ;
#344 = CIRCLE ( 'NONE', #1531, 2.850000000001744027 ) ;
#345 = CARTESIAN_POINT ( 'NONE',  ( 4.332597396339690654, -3.603423537775492846, 1.666666666666666297 ) ) ;
#346 = CARTESIAN_POINT ( 'NONE',  ( 5.678215679709420982, 0.07738645994917364712, -5.000000000000000888 ) ) ;
#347 = CARTESIAN_POINT ( 'NONE',  ( 4.649199174948781987, -0.2335242080376472296, 10.54999999999999716 ) ) ;
#348 = CARTESIAN_POINT ( 'NONE',  ( 0.09050372642096714271, -5.563739157988433881, -6.000000000002530420 ) ) ;
#349 = CARTESIAN_POINT ( 'NONE',  ( 5.059752145698424464, -2.860573665242248431, -5.000000000000000000 ) ) ;
#350 = CARTESIAN_POINT ( 'NONE',  ( -6.518773151765566709, -0.9219336593036326910, -3.333333333333333037 ) ) ;
#351 = AXIS2_PLACEMENT_3D ( 'NONE', #7555, #3, #2478 ) ;
#352 = CARTESIAN_POINT ( 'NONE',  ( -2.395156357788520207, -4.351997768976605840, 10.55000000000000071 ) ) ;
#353 = CARTESIAN_POINT ( 'NONE',  ( 2.371666416849588455, 6.059304634297759229, 10.20000054708695458 ) ) ;
#354 = CARTESIAN_POINT ( 'NONE',  ( 4.350037386589998611, -2.530155521860571355, 10.55000000000000249 ) ) ;
#355 = CARTESIAN_POINT ( 'NONE',  ( 4.771453672849818695, 2.386201666620089146, 3.333333333333333037 ) ) ;
#356 = CARTESIAN_POINT ( 'NONE',  ( -5.976476242010899220, -1.740509143441728357, 1.666666666666666297 ) ) ;
#357 = CARTESIAN_POINT ( 'NONE',  ( -5.948073493174124593, -2.542614717241529210, 10.20000054708695636 ) ) ;
#358 = CARTESIAN_POINT ( 'NONE',  ( 2.799776449901753228, 5.326812330412148633, -4.999999999998590461 ) ) ;
#359 = CARTESIAN_POINT ( 'NONE',  ( 4.830148432751303567, -3.503813660578048328, -3.333333333333333037 ) ) ;
#360 = CARTESIAN_POINT ( 'NONE',  ( -5.055308045869887579, -2.594959497767789447, 10.55000000000000426 ) ) ;
#361 = CARTESIAN_POINT ( 'NONE',  ( -4.234793707618926817, 1.128445043878743448, 10.55000000000000071 ) ) ;
#362 = CARTESIAN_POINT ( 'NONE',  ( 1.426011146523626039, 5.378650072249709702, 0.000000000000000000 ) ) ;
#363 = CARTESIAN_POINT ( 'NONE',  ( 2.418395426600241649, -4.567314660509156354, 10.20000054708694925 ) ) ;
#364 = CARTESIAN_POINT ( 'NONE',  ( 1.993879205639735863, -4.130933447564363981, 10.54999999999999716 ) ) ;
#365 = VERTEX_POINT ( 'NONE', #2351 ) ;
#366 = CARTESIAN_POINT ( 'NONE',  ( 0.2626652214518279682, 5.578955951895146370, 10.55000000000000071 ) ) ;
#367 = CARTESIAN_POINT ( 'NONE',  ( -4.617206515987526849, 4.742421610733820181, 10.20000054708695103 ) ) ;
#368 = CARTESIAN_POINT ( 'NONE',  ( 2.428801638924722894, -5.084976303599237468, 3.333333333333333037 ) ) ;
#369 = CARTESIAN_POINT ( 'NONE',  ( 5.136143869912776161, -3.016532721210387180, 10.20000054708695458 ) ) ;
#370 = CARTESIAN_POINT ( 'NONE',  ( 0.6095844475707801191, 6.368702910583286858, 10.20000054708695458 ) ) ;
#371 = CARTESIAN_POINT ( 'NONE',  ( -2.733074626690579212, -4.456483609444894967, 10.20000054708695636 ) ) ;
#372 = CARTESIAN_POINT ( 'NONE',  ( -1.799586385543516354, -5.990188613065202894, 10.55000000000000426 ) ) ;
#373 = CARTESIAN_POINT ( 'NONE',  ( 0.2246197692193283857, 5.422293873628743377, 10.55000000000000249 ) ) ;
#374 = CARTESIAN_POINT ( 'NONE',  ( -1.481989045973203245, 4.153823201507343299, 10.55000000000000071 ) ) ;
#375 = CARTESIAN_POINT ( 'NONE',  ( 1.518572041795739347, -4.483362720820942116, -6.000000000002522427 ) ) ;
#376 = CARTESIAN_POINT ( 'NONE',  ( 3.115470339946150524, 3.596870112030480904, 10.20000054708695458 ) ) ;
#377 = CARTESIAN_POINT ( 'NONE',  ( -4.603342582428153307, 2.258170310738743414, 5.000000000000000000 ) ) ;
#378 = CARTESIAN_POINT ( 'NONE',  ( -2.049761059679516162, -6.254764373936319899, 10.20000054708695636 ) ) ;
#379 = CARTESIAN_POINT ( 'NONE',  ( 0.3871213561022946448, 5.818819685592115931, 10.54999999999999893 ) ) ;
#380 = B_SPLINE_CURVE_WITH_KNOTS ( 'NONE', 3,
 ( #1185, #557, #4767, #1098, #4214, #1664 ),
 .UNSPECIFIED., .F., .F.,
 ( 4, 1, 1, 4 ),
 ( 0.5000000163481791438, 0.5015501368392835113, 0.5060717905790298454, 0.5126494583076610656 ),
 .UNSPECIFIED. ) ;
#381 = CARTESIAN_POINT ( 'NONE',  ( -5.519724656928508111, -0.03776921323624776727, 10.20000054708695458 ) ) ;
#382 = CARTESIAN_POINT ( 'NONE',  ( 4.813654420807433887, -3.152731348235380704, 10.54999999999999716 ) ) ;
#383 = CARTESIAN_POINT ( 'NONE',  ( -6.013043029953458962, -0.2387286294167565714, 10.20000054708695458 ) ) ;
#384 = CARTESIAN_POINT ( 'NONE',  ( -4.412868192873634854, 2.654047641815134639, 10.55000000000000071 ) ) ;
#385 = CARTESIAN_POINT ( 'NONE',  ( -6.523802056561733842, -0.8856477610914748055, -1.666666666666666297 ) ) ;
#386 = CARTESIAN_POINT ( 'NONE',  ( 5.000061321930000524, 2.578068539086721511, 10.54999999999999893 ) ) ;
#387 = CARTESIAN_POINT ( 'NONE',  ( 2.835030769196477340, -4.788108697936173108, 5.000000000000000000 ) ) ;
#388 = CARTESIAN_POINT ( 'NONE',  ( 5.621187373405009069, -1.478589194937732776, 0.000000000000000000 ) ) ;
#389 = DIRECTION ( 'NONE',  ( 0.000000000000000000, 1.000000000000000000, 4.427471192595918859E-13 ) ) ;
#390 = CARTESIAN_POINT ( 'NONE',  ( 5.831915561921000801, 0.5734236394532368220, 10.54999999999999893 ) ) ;
#391 = CARTESIAN_POINT ( 'NONE',  ( -3.945042019279602297, 3.924286919456760447, 0.000000000000000000 ) ) ;
#392 = CARTESIAN_POINT ( 'NONE',  ( -4.696586865351997986, 4.671742362010258276, 10.20000054708695103 ) ) ;
#393 = CARTESIAN_POINT ( 'NONE',  ( -2.345131355157535236, -5.501570992544785987, 10.54999999999999893 ) ) ;
#394 = CARTESIAN_POINT ( 'NONE',  ( 4.217703588835911788, -2.116644594644765398, 10.55000000000000071 ) ) ;
#395 = CARTESIAN_POINT ( 'NONE',  ( -0.3460384234886378363, 5.115696762701372968, 5.000000000000023093 ) ) ;
#396 = CARTESIAN_POINT ( 'NONE',  ( 4.391381550274936707, -2.613784730403458489, 10.55000000000000071 ) ) ;
#397 = CARTESIAN_POINT ( 'NONE',  ( 5.251182211392753985, -3.439893223823212498, -5.000000000000000000 ) ) ;
#398 = CARTESIAN_POINT ( 'NONE',  ( -6.013043029953458962, -0.2387286294167565714, -4.999999999998151701 ) ) ;
#399 = CARTESIAN_POINT ( 'NONE',  ( 0.07477099020677412111, 6.017315606013082352, 5.000000000000000000 ) ) ;
#400 = CARTESIAN_POINT ( 'NONE',  ( -2.388111786574967255, -5.420962167532460185, 10.55000000000000071 ) ) ;
#401 = CARTESIAN_POINT ( 'NONE',  ( -5.621187373405012622, 1.478589194937731888, 0.000000000000000000 ) ) ;
#402 = CARTESIAN_POINT ( 'NONE',  ( -5.356829154773219415, -2.903292504961398013, 10.20000054708695636 ) ) ;
#403 = CARTESIAN_POINT ( 'NONE',  ( -4.061678536503901427, 5.083575693552930375, -4.999999999996438405 ) ) ;
#404 = CARTESIAN_POINT ( 'NONE',  ( 4.873372729617942767, -3.872709450760531080, -3.333333333333333037 ) ) ;
#405 = CARTESIAN_POINT ( 'NONE',  ( -4.247692938032747278, 1.075110400187463400, 10.55000000000000071 ) ) ;
#406 = CARTESIAN_POINT ( 'NONE',  ( 0.2463348856000775466, 4.836868028925130680, -1.666666666666666297 ) ) ;
#407 = CARTESIAN_POINT ( 'NONE',  ( 4.525551552194412075, -1.571531532621063487, 10.20000054708695636 ) ) ;
#408 = CARTESIAN_POINT ( 'NONE',  ( -6.013043029953458962, -0.2387286294167565714, 10.20000054708695458 ) ) ;
#409 = CARTESIAN_POINT ( 'NONE',  ( 5.371053174174040379, 1.454363143550995607, 0.000000000000000000 ) ) ;
#410 = CARTESIAN_POINT ( 'NONE',  ( -3.134503099500832057, 4.605749595485267633, 10.55000000000000071 ) ) ;
#411 = CARTESIAN_POINT ( 'NONE',  ( -3.693074738278507851, 5.128217270657787097, 10.20000054708695281 ) ) ;
#412 = CARTESIAN_POINT ( 'NONE',  ( 1.552475556725905648, -4.587569381479216446, 3.333333333333333037 ) ) ;
#413 = CARTESIAN_POINT ( 'NONE',  ( 5.145435814028650690, -3.976430141309328370, 10.20000054708695103 ) ) ;
#414 = CARTESIAN_POINT ( 'NONE',  ( 2.765795172477728325, 5.402472203165209486, 10.20000054708695636 ) ) ;
#415 = CARTESIAN_POINT ( 'NONE',  ( -5.705468039008144920, -0.08215326004217331224, -5.999999999998181899 ) ) ;
#416 = CARTESIAN_POINT ( 'NONE',  ( 4.839932155168973793, 2.892939004645720846, 10.20000054708695458 ) ) ;
#417 = CARTESIAN_POINT ( 'NONE',  ( 1.350213967088333078, 6.500749273344065493, 5.000000000000000000 ) ) ;
#418 = CARTESIAN_POINT ( 'NONE',  ( -2.326645905889511035, -6.061339609086265234, 10.20000054708695458 ) ) ;
#419 = CARTESIAN_POINT ( 'NONE',  ( -2.372684792686599931, -4.775281243972766099, 10.55000000000000426 ) ) ;
#420 = CARTESIAN_POINT ( 'NONE',  ( 0.09652932728940760709, 5.156135759532412877, 10.55000000000000249 ) ) ;
#421 = CARTESIAN_POINT ( 'NONE',  ( 2.907966664692025471, -4.882705828915998580, -5.000000000003146816 ) ) ;
#422 = CARTESIAN_POINT ( 'NONE',  ( 2.725933141127998560, 4.789875267086510569, 10.20000054708695458 ) ) ;
#423 = CARTESIAN_POINT ( 'NONE',  ( -4.856940138843541810, 0.5154830861509837048, 5.000000000000000000 ) ) ;
#424 = CARTESIAN_POINT ( 'NONE',  ( -1.983583408451234265, -6.289876356784722233, 10.20000054708695281 ) ) ;
#425 = CARTESIAN_POINT ( 'NONE',  ( 5.277983364740506111, 0.3105529992283059815, 10.55000000000000249 ) ) ;
#426 = CARTESIAN_POINT ( 'NONE',  ( 0.3148454541167647891, 5.733454219936201746, 10.55000000000000249 ) ) ;
#427 = CARTESIAN_POINT ( 'NONE',  ( 4.667613559615160668, -2.990252797602103829, 10.55000000000000426 ) ) ;
#428 = CARTESIAN_POINT ( 'NONE',  ( -6.255643805310284300, -0.5241188672390326708, 10.20000054708695458 ) ) ;
#429 = CARTESIAN_POINT ( 'NONE',  ( -4.832089660691307742, 3.201068291900866392, 10.55000000000000071 ) ) ;
#430 = CARTESIAN_POINT ( 'NONE',  ( -6.304921007630881924, -2.081055046146128351, -5.000000000000000000 ) ) ;
#431 = CARTESIAN_POINT ( 'NONE',  ( 6.084415126347449743, 1.188548966637644533, 10.55000000000000249 ) ) ;
#432 = CARTESIAN_POINT ( 'NONE',  ( 5.851330226675907298, -1.405564791000387892, 0.000000000000000000 ) ) ;
#433 = CARTESIAN_POINT ( 'NONE',  ( -1.976385360537679566E-12, 2.656472065302265639E-12, -11.00000000000002487 ) ) ;
#434 = CARTESIAN_POINT ( 'NONE',  ( -4.557408217254173444, 3.110423004554816906, -3.333333333333333037 ) ) ;
#435 = CARTESIAN_POINT ( 'NONE',  ( -4.902625734008021929, 2.728304986935321974, 10.20000054708695814 ) ) ;
#436 = CARTESIAN_POINT ( 'NONE',  ( -2.418996295340125169, -5.338676074129960369, 10.54999999999999893 ) ) ;
#437 = CARTESIAN_POINT ( 'NONE',  ( 4.731418967959744037, -3.040632167324497370, 10.55000000000000071 ) ) ;
#438 = CARTESIAN_POINT ( 'NONE',  ( 0.07477099020677412111, 6.017315606013082352, 10.20000054708695458 ) ) ;
#439 = CARTESIAN_POINT ( 'NONE',  ( 4.621929756332352923, -2.947229847752921739, 10.55000000000000071 ) ) ;
#440 = CARTESIAN_POINT ( 'NONE',  ( 4.873372729617942767, -3.872709450760531080, -3.333333333333333037 ) ) ;
#441 = CARTESIAN_POINT ( 'NONE',  ( -6.255643805310613814, -0.5241188672385899139, -5.999999999998209432 ) ) ;
#442 = CARTESIAN_POINT ( 'NONE',  ( -0.2420490677627293863, 4.727368662354397344, 0.000000000000000000 ) ) ;
#443 = CARTESIAN_POINT ( 'NONE',  ( -0.3188639004959357703, -5.738370685496331447, 10.55000000000000071 ) ) ;
#444 = CARTESIAN_POINT ( 'NONE',  ( -5.811434037490125881, -0.1058673776733867616, 5.000000000000000000 ) ) ;
#445 = CARTESIAN_POINT ( 'NONE',  ( -4.522135709770856771, -2.844401947976636258, 10.20000054708695458 ) ) ;
#446 = CARTESIAN_POINT ( 'NONE',  ( 1.350213967088333078, 6.500749273344065493, -4.999999999997593036 ) ) ;
#447 = CARTESIAN_POINT ( 'NONE',  ( -1.058259038248090533, -5.016989528068906523, 0.000000000000000000 ) ) ;
#448 = CARTESIAN_POINT ( 'NONE',  ( -5.240965910218815083, -2.930851079666982439, 10.20000054708695814 ) ) ;
#449 = CARTESIAN_POINT ( 'NONE',  ( -4.749857702506309565, 3.051883310693507045, 10.55000000000000071 ) ) ;
#450 = CARTESIAN_POINT ( 'NONE',  ( 4.857865487408271399, -2.687313444392935846, 10.20000054708695636 ) ) ;
#451 = CARTESIAN_POINT ( 'NONE',  ( 0.09050372642129654588, -5.563739157988876194, 10.20000054708695458 ) ) ;
#452 = CARTESIAN_POINT ( 'NONE',  ( 6.633242581027161577, 0.2879441185641443135, 0.000000000000000000 ) ) ;
#453 = CARTESIAN_POINT ( 'NONE',  ( -3.154785500916699181, 4.629877214020916121, 10.55000000000000249 ) ) ;
#454 = CARTESIAN_POINT ( 'NONE',  ( -5.140732379591376855, 3.989827515617990539, 10.20000054708695636 ) ) ;
#455 = CARTESIAN_POINT ( 'NONE',  ( 5.040141342650132472, -0.6683356128300474985, 3.333333333333333037 ) ) ;
#456 = CARTESIAN_POINT ( 'NONE',  ( 5.169183546002631857, -3.900406168705405907, 10.20000054708695814 ) ) ;
#457 = CARTESIAN_POINT ( 'NONE',  ( -1.467092029728761737, 4.511431265347365382, 10.20000054708695636 ) ) ;
#458 = CARTESIAN_POINT ( 'NONE',  ( -1.565371392357577385, -6.437125598569935825, 10.20000054708695103 ) ) ;
#459 = CARTESIAN_POINT ( 'NONE',  ( -2.430541237527976683, -4.187398693495086199, 10.54999999999999893 ) ) ;
#460 = CARTESIAN_POINT ( 'NONE',  ( 2.382783059699367545, -4.540092616158708516, -6.000000000002832401 ) ) ;
#461 = ORIENTED_EDGE ( 'NONE', *, *, #2402, .T. ) ;
#462 = CARTESIAN_POINT ( 'NONE',  ( 2.912083206854714668, 3.911528928000129746, 10.20000054708695636 ) ) ;
#463 = EDGE_CURVE ( 'NONE', #5925, #6528, #3507, .T. ) ;
#464 = CARTESIAN_POINT ( 'NONE',  ( -4.257304147301129937, -2.857526457809150600, 5.000000000000000000 ) ) ;
#465 = CARTESIAN_POINT ( 'NONE',  ( -1.673381827431862590, -6.410279608898041381, 10.20000054708695458 ) ) ;
#466 = CARTESIAN_POINT ( 'NONE',  ( 6.440127668320855925, 1.253768338914406089, 10.20000054708695281 ) ) ;
#467 = CARTESIAN_POINT ( 'NONE',  ( -2.945855761190349753, 4.440277829693322964, 10.54999999999999716 ) ) ;
#468 = CARTESIAN_POINT ( 'NONE',  ( -5.638970954928340440, -0.07288704946734807233, 10.20000054708695636 ) ) ;
#469 = CARTESIAN_POINT ( 'NONE',  ( 4.325413273757702015, -2.473140206973486688, 10.55000000000000604 ) ) ;
#470 = DIRECTION ( 'NONE',  ( -1.000000000000000000, 0.000000000000000000, 0.000000000000000000 ) ) ;
#471 = CARTESIAN_POINT ( 'NONE',  ( -2.926940604292328718, -3.884188497269227103, 10.20000054708695636 ) ) ;
#472 = CARTESIAN_POINT ( 'NONE',  ( -4.175616132422192983, 1.563527117208755479, 10.55000000000000071 ) ) ;
#473 = CARTESIAN_POINT ( 'NONE',  ( -5.435415167955230942, 0.9491906648941093039, -1.666666666666666297 ) ) ;
#474 = CARTESIAN_POINT ( 'NONE',  ( 4.533687937200369333, -1.816938096579818529, 0.000000000000000000 ) ) ;
#475 = CARTESIAN_POINT ( 'NONE',  ( 5.979618658024636879, 0.7992161056440627576, 10.55000000000000071 ) ) ;
#476 = CARTESIAN_POINT ( 'NONE',  ( -6.224562986243681095, 0.04955689355255836481, -3.333333333333333037 ) ) ;
#477 = CARTESIAN_POINT ( 'NONE',  ( -4.869983632069935453, 2.699960822927714332, 10.20000054708695103 ) ) ;
#478 = CARTESIAN_POINT ( 'NONE',  ( -2.370933482216291299, -4.746959169848201654, 10.54999999999999893 ) ) ;
#479 = CARTESIAN_POINT ( 'NONE',  ( 4.322775347733656126, -2.475053169319961111, 10.55000000000000071 ) ) ;
#480 = CARTESIAN_POINT ( 'NONE',  ( -0.05254660229870321275, 5.812160726609316264, 10.20000054708695458 ) ) ;
#481 = CARTESIAN_POINT ( 'NONE',  ( 4.231292998278059159, -2.175592785169435217, 10.55000000000000249 ) ) ;
#482 = CARTESIAN_POINT ( 'NONE',  ( 3.549809307303227079, -5.387909593329603730, -3.333333333333333037 ) ) ;
#483 = CIRCLE ( 'NONE', #2700, 2.500000000000000000 ) ;
#484 = CARTESIAN_POINT ( 'NONE',  ( -2.907966664692357206, 4.882705828916444446, -5.999999999996905586 ) ) ;
#485 = CARTESIAN_POINT ( 'NONE',  ( -0.6933294261304645545, 4.834757971955979450, 0.000000000000000000 ) ) ;
#486 = CONICAL_SURFACE ( 'NONE', #1535, 12.15000000000008384, 0.7853981633974508325 ) ;
#487 = CARTESIAN_POINT ( 'NONE',  ( -0.2828437326605945934, -5.679659362951575474, 10.55000000000000249 ) ) ;
#488 = CARTESIAN_POINT ( 'NONE',  ( -4.773087588978501827, -2.860248105178433864, 5.000000000000000000 ) ) ;
#489 = CARTESIAN_POINT ( 'NONE',  ( -3.600409019157887247, -3.148854981070043468, 10.20000054708695636 ) ) ;
#490 = CARTESIAN_POINT ( 'NONE',  ( -2.997400859224070402, 4.979915817394643618, -5.999999999996845190 ) ) ;
#491 = CARTESIAN_POINT ( 'NONE',  ( 4.954707020477381541, -4.419694229627871174, -5.000000000000000000 ) ) ;
#492 = CARTESIAN_POINT ( 'NONE',  ( -5.099281003597369910, -0.2023433729686510418, 10.54999999999999893 ) ) ;
#493 = CARTESIAN_POINT ( 'NONE',  ( 1.052720001348083079, -4.615017103915213248, 10.20000054708695458 ) ) ;
#494 = CARTESIAN_POINT ( 'NONE',  ( 6.456223770568878528, 0.8106471639654770911, 0.000000000000000000 ) ) ;
#495 = CARTESIAN_POINT ( 'NONE',  ( -4.000414434791024654, 4.709335354577599553, 10.54999999999999893 ) ) ;
#496 = CARTESIAN_POINT ( 'NONE',  ( 1.002549712166489693, 5.675644021868740730, 1.666666666666666297 ) ) ;
#497 = CARTESIAN_POINT ( 'NONE',  ( -2.988404360914868718, 4.968385185187498720, 10.20000054708695636 ) ) ;
#498 = CARTESIAN_POINT ( 'NONE',  ( 4.340798672100181221, -2.647104865981879218, 3.333333333333333037 ) ) ;
#499 = DIRECTION ( 'NONE',  ( -2.329192484456681071E-13, 0.7071067811868597675, -0.7071067811862353780 ) ) ;
#500 = CARTESIAN_POINT ( 'NONE',  ( -1.421960444097607024, 4.520454978782971089, 10.20000054708695281 ) ) ;
#501 = CARTESIAN_POINT ( 'NONE',  ( -2.628224090614942554, -5.710452345841325439, 10.20000054708695281 ) ) ;
#502 = CARTESIAN_POINT ( 'NONE',  ( 3.470362048767136720, 3.219190813529887674, 5.000000000000000000 ) ) ;
#503 = CARTESIAN_POINT ( 'NONE',  ( 1.982048622023625528, -4.463975086240834500, -5.000000000002655653 ) ) ;
#504 = CARTESIAN_POINT ( 'NONE',  ( -3.051911223688900776, -3.681562435297324409, 10.20000054708695281 ) ) ;
#505 = CARTESIAN_POINT ( 'NONE',  ( 2.765795172477728325, 5.402472203165209486, 10.20000054708695636 ) ) ;
#506 = CARTESIAN_POINT ( 'NONE',  ( -3.457288572021225193, -3.727848306711881943, 1.666666666666666297 ) ) ;
#507 = CARTESIAN_POINT ( 'NONE',  ( -0.7880225552293770308, -6.425475659247159577, 10.20000054708695281 ) ) ;
#508 = CARTESIAN_POINT ( 'NONE',  ( 5.540788987491272799, 2.833145226466959432, 10.20000054708695281 ) ) ;
#509 = CARTESIAN_POINT ( 'NONE',  ( -0.3425371881941401409, 4.654630734780987211, 10.55000000000000249 ) ) ;
#510 = CARTESIAN_POINT ( 'NONE',  ( 4.981217100318859892, 0.1144403348294925765, 10.55000000000000071 ) ) ;
#511 = CARTESIAN_POINT ( 'NONE',  ( 0.6476541954606986895, -4.841088142863434918, 10.20000054708695458 ) ) ;
#512 = CARTESIAN_POINT ( 'NONE',  ( -5.789492201872188382, -2.193607095797128093, 10.54999999999999893 ) ) ;
#513 = CARTESIAN_POINT ( 'NONE',  ( -6.448597502081399924, 0.2151884589974753514, -1.666666666666666297 ) ) ;
#514 = CARTESIAN_POINT ( 'NONE',  ( 3.615206725242696262, 2.734196893036376252, 10.54999999999999893 ) ) ;
#515 = CARTESIAN_POINT ( 'NONE',  ( 0.6933294261304657757, -4.834757971955980338, 0.000000000000000000 ) ) ;
#516 = CARTESIAN_POINT ( 'NONE',  ( 6.633242581027161577, 0.2879441185641443135, 0.000000000000000000 ) ) ;
#517 = APPLICATION_PROTOCOL_DEFINITION ( 'draft international standard', 'automotive_design', 1998, #5232 ) ;
#518 = CARTESIAN_POINT ( 'NONE',  ( 4.901297382738092345, 2.540123505915788726, 10.55000000000000426 ) ) ;
#519 = CARTESIAN_POINT ( 'NONE',  ( -4.516332414954611352, 1.859659088761147050, -5.000000000000000000 ) ) ;
#520 = CARTESIAN_POINT ( 'NONE',  ( -4.823934751908604213, 2.647196309207250131, 10.20000054708695814 ) ) ;
#521 = CARTESIAN_POINT ( 'NONE',  ( -1.108912569958247163, -6.123208389151193920, 10.55000000000000249 ) ) ;
#522 = CARTESIAN_POINT ( 'NONE',  ( 4.304973400056749000, -0.8849387263658580194, 10.55000000000000071 ) ) ;
#523 = CARTESIAN_POINT ( 'NONE',  ( -1.518572041796066863, 4.483362720821385317, 10.20000054708695458 ) ) ;
#524 = CARTESIAN_POINT ( 'NONE',  ( 4.217951130742973120, -2.114383799174423206, 10.54999999999999893 ) ) ;
#525 = CARTESIAN_POINT ( 'NONE',  ( 2.210029059896365666, -5.542816575422770953, -1.666666666666666297 ) ) ;
#526 = CARTESIAN_POINT ( 'NONE',  ( -5.992420882725949305, -2.535915251145073324, -4.999999999999175770 ) ) ;
#527 = CARTESIAN_POINT ( 'NONE',  ( 1.375385888544236046, 6.303890028515530375, 3.333333333333333037 ) ) ;
#528 = CARTESIAN_POINT ( 'NONE',  ( -0.3460005777647143788, -5.772835640800727752, 10.55000000000000071 ) ) ;
#529 = CARTESIAN_POINT ( 'NONE',  ( -4.462859396372666154, -2.435689484388370740, 3.333333333333333037 ) ) ;
#530 = CARTESIAN_POINT ( 'NONE',  ( 4.856940138843542698, -0.5154830861509849260, 5.000000000000000000 ) ) ;
#531 = CARTESIAN_POINT ( 'NONE',  ( -0.1704022720372709576, 5.377413347294648815, -4.999999999997589484 ) ) ;
#532 = CARTESIAN_POINT ( 'NONE',  ( 4.061678536503896098, -5.083575693552933039, -5.000000000000000000 ) ) ;
#533 = CARTESIAN_POINT ( 'NONE',  ( -4.601625737540900651, 2.925829236529549515, 10.54999999999999893 ) ) ;
#534 = CARTESIAN_POINT ( 'NONE',  ( 3.042877327007674992, -4.513704037808054181, 10.54999999999999893 ) ) ;
#535 = CARTESIAN_POINT ( 'NONE',  ( -5.007205532966260364, -2.951587071971436771, 10.20000054708695458 ) ) ;
#536 = CARTESIAN_POINT ( 'NONE',  ( 1.470471587390117962, 5.489517252965712579, 0.000000000000000000 ) ) ;
#537 = CARTESIAN_POINT ( 'NONE',  ( -3.327919140626985239, 4.741928697580673813, 10.55000000000000426 ) ) ;
#538 = CARTESIAN_POINT ( 'NONE',  ( -1.755442576329604876, 5.037772316622273650, 1.666666666666666297 ) ) ;
#539 = CARTESIAN_POINT ( 'NONE',  ( -4.620191825306156019, 2.263057399478600296, 10.20000054708696524 ) ) ;
#540 = CARTESIAN_POINT ( 'NONE',  ( 5.613891960610702725, -0.4383313065869945402, 3.333333333333333037 ) ) ;
#541 = CARTESIAN_POINT ( 'NONE',  ( 4.941588722644846499, -0.4273405700811179764, 10.20000054708695458 ) ) ;
#542 = CARTESIAN_POINT ( 'NONE',  ( 0.4766227943595175987, 6.309797939930506416, 10.20000054708695458 ) ) ;
#543 = CARTESIAN_POINT ( 'NONE',  ( -2.835030769196474676, 4.788108697936169555, 5.000000000000000000 ) ) ;
#544 = CARTESIAN_POINT ( 'NONE',  ( -2.177489545274235994, -6.175806390375790045, 10.20000054708695458 ) ) ;
#545 = ORIENTED_EDGE ( 'NONE', *, *, #7048, .T. ) ;
#546 = CARTESIAN_POINT ( 'NONE',  ( -3.336575970390029067, -3.356281012458136370, 10.20000054708695814 ) ) ;
#547 = CARTESIAN_POINT ( 'NONE',  ( 3.977968788715645854, 2.953637252731772911, 10.20000054708695281 ) ) ;
#548 = CARTESIAN_POINT ( 'NONE',  ( -4.972409450710348899, -2.391619784635953927, 3.333333333333333037 ) ) ;
#549 = CARTESIAN_POINT ( 'NONE',  ( 0.4697580622814170326, -5.008686333571596982, 10.20000054708695458 ) ) ;
#550 = CARTESIAN_POINT ( 'NONE',  ( 6.426267780541317087, 1.558724047295350745, 10.20000054708695281 ) ) ;
#551 = CARTESIAN_POINT ( 'NONE',  ( -2.305795273837205617, 4.173779438271512099, 10.55000000000000249 ) ) ;
#552 = CARTESIAN_POINT ( 'NONE',  ( 4.495708875572176133, -0.4645388426006690774, 10.54999999999999893 ) ) ;
#553 = CARTESIAN_POINT ( 'NONE',  ( 0.05254660229870469768, -5.812160726609311823, 10.20000054708695458 ) ) ;
#554 = CARTESIAN_POINT ( 'NONE',  ( -5.168773636869158139, -0.2478547398588864803, 10.54999999999999893 ) ) ;
#555 = CARTESIAN_POINT ( 'NONE',  ( 4.603342582427823793, -2.258170310738304210, -6.000000000002541078 ) ) ;
#556 = CARTESIAN_POINT ( 'NONE',  ( 5.650398041970680296, 1.918344598197424533, 1.666666666666666297 ) ) ;
#557 = CARTESIAN_POINT ( 'NONE',  ( -5.655121071682120082, -0.07334690585049012668, 10.20000054708695458 ) ) ;
#558 = CARTESIAN_POINT ( 'NONE',  ( 4.306115542801887131, 2.509450918138660835, 10.55000000000000249 ) ) ;
#559 = CARTESIAN_POINT ( 'NONE',  ( -3.872358905603290324, 3.735029819091830738, 0.000000000000000000 ) ) ;
#560 = CARTESIAN_POINT ( 'NONE',  ( 0.1227875803176914082, -4.862330847039816106, 10.55000000000000071 ) ) ;
#561 = CARTESIAN_POINT ( 'NONE',  ( 1.350213967088333078, 6.500749273344065493, 5.000000000000023093 ) ) ;
#562 = CARTESIAN_POINT ( 'NONE',  ( 4.863591316241458351, -2.703491047103842249, -5.000000000000000000 ) ) ;
#563 = CARTESIAN_POINT ( 'NONE',  ( -4.603342582428482821, 2.258170310739186171, -5.999999999997508660 ) ) ;
#564 = CARTESIAN_POINT ( 'NONE',  ( 3.565988210183660634, 5.600584521419603945, 0.000000000000000000 ) ) ;
#565 = CARTESIAN_POINT ( 'NONE',  ( 3.278140869043904893, -4.723520358976552203, 10.55000000000000071 ) ) ;
#566 = CARTESIAN_POINT ( 'NONE',  ( -4.972409450710348899, -2.391619784635953927, 3.333333333333333037 ) ) ;
#567 = CARTESIAN_POINT ( 'NONE',  ( -5.248533672560239616, -2.943904212591498037, 5.000000000000000000 ) ) ;
#568 = CARTESIAN_POINT ( 'NONE',  ( 5.248533672559899443, 2.943904212591939906, -6.000000000000463629 ) ) ;
#569 = CARTESIAN_POINT ( 'NONE',  ( 1.552475556725905648, -4.587569381479216446, -3.333333333333333037 ) ) ;
#570 = CARTESIAN_POINT ( 'NONE',  ( -4.839381752445782503, -2.888843879328820030, 10.20000054708695458 ) ) ;
#571 = CARTESIAN_POINT ( 'NONE',  ( -6.084810598896812195, -1.192246555360655824, 10.55000000000000249 ) ) ;
#572 = CARTESIAN_POINT ( 'NONE',  ( -3.470362048767141605, -3.219190813529884121, 10.20000054708695458 ) ) ;
#573 = CARTESIAN_POINT ( 'NONE',  ( 5.621187373405009069, -1.478589194937732776, 0.000000000000000000 ) ) ;
#574 = CARTESIAN_POINT ( 'NONE',  ( -0.2817972253167684848, 4.706683949364422581, 10.55000000000000071 ) ) ;
#575 = CARTESIAN_POINT ( 'NONE',  ( 1.480912986585614544, 6.046034824646977945, 1.666666666666666297 ) ) ;
#576 = CARTESIAN_POINT ( 'NONE',  ( -4.684616539131082114, 0.8705993072562204782, 10.20000054708695281 ) ) ;
#577 = CARTESIAN_POINT ( 'NONE',  ( 5.371053174174044820, -1.454363143550995607, 0.000000000000000000 ) ) ;
#578 = CARTESIAN_POINT ( 'NONE',  ( 5.202320535997452922, -0.1570431422977856539, 10.20000054708695281 ) ) ;
#579 = CARTESIAN_POINT ( 'NONE',  ( -0.4000791013685341957, 5.078188792592175815, 10.20000054708695458 ) ) ;
#580 = CARTESIAN_POINT ( 'NONE',  ( -5.059752145698420911, 2.860573665242247099, 5.000000000000000000 ) ) ;
#581 = CARTESIAN_POINT ( 'NONE',  ( -0.8986317948194031402, -6.449497706716426748, 10.20000054708695458 ) ) ;
#582 = CARTESIAN_POINT ( 'NONE',  ( 3.196713850561539338, 3.638267961793411054, 3.333333333333333037 ) ) ;
#583 = ORIENTED_EDGE ( 'NONE', *, *, #4199, .F. ) ;
#584 = CARTESIAN_POINT ( 'NONE',  ( -2.938386669793082273, -3.863264849078625662, 10.20000054708695281 ) ) ;
#585 = CARTESIAN_POINT ( 'NONE',  ( 2.343385276833689357, 6.046633500303859599, 10.20000054708695458 ) ) ;
#586 = CARTESIAN_POINT ( 'NONE',  ( -5.007205532966260364, -2.951587071971436771, 5.000000000000000000 ) ) ;
#587 = CARTESIAN_POINT ( 'NONE',  ( -0.9735852372355582318, -6.461309268425014629, 10.20000054708695458 ) ) ;
#588 = CARTESIAN_POINT ( 'NONE',  ( 6.360614926638072042, 0.8147493924696207479, 10.20000054708695281 ) ) ;
#589 = CARTESIAN_POINT ( 'NONE',  ( -0.7946228438934594962, 4.367901414530869886, 10.54999999999999716 ) ) ;
#590 = CARTESIAN_POINT ( 'NONE',  ( -6.433076537424248897, -1.156704457920693985, 10.20000054708695458 ) ) ;
#591 = CARTESIAN_POINT ( 'NONE',  ( 5.369861732015708711, 0.3545903313999386186, 10.55000000000000071 ) ) ;
#592 = B_SPLINE_CURVE_WITH_KNOTS ( 'NONE', 3,
 ( #2355, #4875, #4834, #1728, #5485, #7323, #2987, #4195, #4274, #6128, #6211, #1333, #788, #2573, #6859, #4397, #750, #176, #2001, #1408, #1967, #3841, #4437, #6336, #1447, #6897, #5041, #1371, #3804, #827, #4352, #212, #3280, #4472, #6934, #3879, #5080, #7486, #6256, #5655, #6295, #3244, #1885, #2653, #5731, #711, #7521, #3318, #3204, #5122, #6976, #6816, #5694, #99, #1289, #3761, #7563, #3916, #666, #2039, #139, #5767, #6375, #4952, #3159, #2613, #4513, #7400, #5610 ),
 .UNSPECIFIED., .F., .F.,
 ( 4, 1, 1, 1, 1, 1, 1, 1, 1, 1, 1, 1, 1, 1, 1, 1, 1, 1, 1, 1, 1, 1, 1, 1, 1, 1, 1, 1, 1, 1, 1, 1, 1, 1, 1, 1, 1, 1, 1, 1, 1, 1, 1, 1, 1, 1, 1, 1, 1, 1, 1, 1, 1, 1, 1, 1, 1, 1, 1, 1, 1, 1, 1, 1, 1, 1, 4 ),
 ( 0.000000000000000000, 0.001829209877628282591, 0.007161301680929463981, 0.01556589654520060262, 0.02636237474846932910, 0.03867618667232962382, 0.05150981726942321232, 0.06382362927145145137, 0.07462010730937476688, 0.08302470242023242408, 0.08835679397160221826, 0.09018600392307114799, 0.09173614084489531417, 0.09625779446621032798, 0.1033853372678827931, 0.1125414544844171860, 0.1229844228475662216, 0.1338682478989084990, 0.1443112160434764923, 0.1534673334136396894, 0.1605948761585705986, 0.1651165298762229672, 0.1666666667774015231, 0.1684958766406516872, 0.1738279683459688640, 0.1822325632200117729, 0.1930290412831208169, 0.2053428534140709916, 0.2181764840475303724, 0.2304902959338766821, 0.2412867741878288175, 0.2496913689727222885, 0.2550234606833912121, 0.2568526706785618230, 0.2584028074463598501, 0.2629244612723537489, 0.2700520039363036862, 0.2792081213010494389, 0.2896510895152157317, 0.3005349146259933546, 0.3109778827720983685, 0.3201340000710036771, 0.3272615429175032564, 0.3317831965283175033, 0.3333333334307333473, 0.3351625433031238943, 0.3404946349296958941, 0.3488992300111993794, 0.3596957080683561570, 0.3720095199642733941, 0.3848431506340734276, 0.3971569626743441384, 0.4079534408551586111, 0.4163580356073476874, 0.4216901274960778156, 0.4235193373120196281, 0.4250694742881990784, 0.4295911279946669215, 0.4367186704725935509, 0.4458747879329346686, 0.4563177561380815095, 0.4672015812310841842, 0.4776445494101071443, 0.4868006666875343558, 0.4939282094148473301, 0.4984498631545398739, 0.4999999999938050110 ),
 .UNSPECIFIED. ) ;
#593 = CARTESIAN_POINT ( 'NONE',  ( -5.939305872089355454, -0.7238899541139668381, 10.55000000000000071 ) ) ;
#594 = CARTESIAN_POINT ( 'NONE',  ( 2.476863563012273950, 4.037258749151135362, 10.55000000000000071 ) ) ;
#595 = CARTESIAN_POINT ( 'NONE',  ( 6.255643805310286965, 0.5241188672390336700, 5.000000000000000000 ) ) ;
#596 = CARTESIAN_POINT ( 'NONE',  ( 4.749189404962484318, -0.9493014229605961640, 3.333333333333333037 ) ) ;
#597 = CARTESIAN_POINT ( 'NONE',  ( 3.852187529355878937, 2.626918081130663385, 10.55000000000000071 ) ) ;
#598 = CARTESIAN_POINT ( 'NONE',  ( -1.949636613157420983, 5.287246778282475468, -1.666666666666666297 ) ) ;
#599 = CARTESIAN_POINT ( 'NONE',  ( -5.140640187551167806, 0.2099684290502290274, 10.20000054708695458 ) ) ;
#600 = CARTESIAN_POINT ( 'NONE',  ( -0.2634039140295634795, -5.582675374258932344, 10.55000000000000071 ) ) ;
#601 = CARTESIAN_POINT ( 'NONE',  ( 5.772962033650405722, 2.220299405644264645, 10.55000000000000426 ) ) ;
#602 = CARTESIAN_POINT ( 'NONE',  ( -5.678215679999996546, -0.07738645999999953229, 5.000000000000022204 ) ) ;
#603 = CARTESIAN_POINT ( 'NONE',  ( 3.665404046457295451, 4.447792047954559180, -1.666666666666666297 ) ) ;
#604 = CARTESIAN_POINT ( 'NONE',  ( -3.181916862557707226, 4.663600661735182840, 10.55000000000000071 ) ) ;
#605 = CARTESIAN_POINT ( 'NONE',  ( -2.371666416849585346, -6.059304634297760117, -5.000000000000000000 ) ) ;
#606 = CARTESIAN_POINT ( 'NONE',  ( 4.603905175764303692, -1.100151981239003263, 10.20000054708695458 ) ) ;
#607 = CARTESIAN_POINT ( 'NONE',  ( -4.557408217254173444, 3.110423004554816906, 3.333333333333333037 ) ) ;
#608 = CARTESIAN_POINT ( 'NONE',  ( -0.1130290607395890434, -5.182531870192420342, 10.55000000000000071 ) ) ;
#609 = CARTESIAN_POINT ( 'NONE',  ( -3.604071719379966954, -4.332058221710632040, 1.666666666666666297 ) ) ;
#610 = CARTESIAN_POINT ( 'NONE',  ( -4.571775429901919097, -2.836279366628511767, 5.000000000000000000 ) ) ;
#611 = CARTESIAN_POINT ( 'NONE',  ( 6.304921007630554186, 2.081055046146570664, -6.000000000001192824 ) ) ;
#612 = CARTESIAN_POINT ( 'NONE',  ( -1.708410305071415447, -5.770183011040060705, 0.000000000000000000 ) ) ;
#613 = CARTESIAN_POINT ( 'NONE',  ( -6.089933216949273920, -1.412151825226727331, 10.55000000000000782 ) ) ;
#614 = CARTESIAN_POINT ( 'NONE',  ( -4.882270699514863921, -2.908697158504629954, -5.999999999999705125 ) ) ;
#615 = AXIS2_PLACEMENT_3D ( 'NONE', #7822, #5300, #2178 ) ;
#616 = CARTESIAN_POINT ( 'NONE',  ( -2.774563950083861030, -4.959725921755433475, -5.000000000001309175 ) ) ;
#617 = CARTESIAN_POINT ( 'NONE',  ( -5.371053174174045708, 1.454363143550995829, 0.000000000000000000 ) ) ;
#618 = CARTESIAN_POINT ( 'NONE',  ( -4.621276954518629410, 2.946409086456125426, 10.55000000000000249 ) ) ;
#619 = CARTESIAN_POINT ( 'NONE',  ( -2.669425199347730260, 4.671164775103695099, 5.000000000000000000 ) ) ;
#620 = CARTESIAN_POINT ( 'NONE',  ( -4.565386071513361621, 2.065600720727313711, 10.20000054708695636 ) ) ;
#621 = CARTESIAN_POINT ( 'NONE',  ( 4.641438671081426826, -1.383119759770207180, 1.666666666666666297 ) ) ;
#622 = CARTESIAN_POINT ( 'NONE',  ( 5.507273345357457828, 0.03257253288717777695, 10.20000054708695281 ) ) ;
#623 = CARTESIAN_POINT ( 'NONE',  ( -0.1513345359255305611, 5.431232391466012110, 10.20000054708695636 ) ) ;
#624 = VECTOR ( 'NONE', #3236, 1000.000000000000000 ) ;
#625 = LINE ( 'NONE', #3116, #3098 ) ;
#626 = CARTESIAN_POINT ( 'NONE',  ( 0.08318200368696979097, -5.632139484787399120, 10.20000054708695458 ) ) ;
#627 = CARTESIAN_POINT ( 'NONE',  ( -0.7893743222064462106, -6.061384639114526962, 10.54999999999999893 ) ) ;
#628 = CARTESIAN_POINT ( 'NONE',  ( -1.588242382426188648, 4.139886087604548237, 10.54999999999999716 ) ) ;
#629 = CARTESIAN_POINT ( 'NONE',  ( 4.257304147301131714, 2.857526457809149711, -5.000000000000000000 ) ) ;
#630 = CARTESIAN_POINT ( 'NONE',  ( 2.874891515540367593, 3.948492002339777152, 5.000000000000000000 ) ) ;
#631 = CARTESIAN_POINT ( 'NONE',  ( 2.443924607530808313, 5.244527264583265236, 10.54999999999999893 ) ) ;
#632 = CARTESIAN_POINT ( 'NONE',  ( -3.445701693630628171, -3.261978047757707166, 10.20000054708695636 ) ) ;
#633 = CARTESIAN_POINT ( 'NONE',  ( 2.493912359141318369, 5.893900251998330120, 10.20000054708695814 ) ) ;
#634 = CARTESIAN_POINT ( 'NONE',  ( -5.489297186633656622, -1.471292881111661455, 0.000000000000000000 ) ) ;
#635 = CARTESIAN_POINT ( 'NONE',  ( -1.085686301334424675, -6.472522878131602653, 10.20000054708695458 ) ) ;
#636 = CARTESIAN_POINT ( 'NONE',  ( 5.815144163445993719, 2.660510214963404785, 10.20000054708695458 ) ) ;
#637 = CARTESIAN_POINT ( 'NONE',  ( -1.428880205047074137, 4.162604919883926335, 10.55000000000000071 ) ) ;
#638 = CARTESIAN_POINT ( 'NONE',  ( -5.603588259565457363, -2.801308741512400058, 10.20000054708695103 ) ) ;
#639 = CARTESIAN_POINT ( 'NONE',  ( 5.441495203074726561, 0.3820041282256060322, 10.54999999999999893 ) ) ;
#640 = CARTESIAN_POINT ( 'NONE',  ( -1.908458813630812712, -6.359292723372315770, 5.000000000000024869 ) ) ;
#641 = CARTESIAN_POINT ( 'NONE',  ( -6.057873037511463998, -1.030375924323996273, 10.55000000000000249 ) ) ;
#642 = CARTESIAN_POINT ( 'NONE',  ( 3.901083615613893052, 2.608744323188433967, 10.54999999999999893 ) ) ;
#643 = CARTESIAN_POINT ( 'NONE',  ( 5.637680239248519243, 2.352588318672264034, 10.55000000000000426 ) ) ;
#644 = CARTESIAN_POINT ( 'NONE',  ( -1.058259038248090533, 5.016989528068904747, 0.000000000000000000 ) ) ;
#645 = CARTESIAN_POINT ( 'NONE',  ( -0.2184687348145434582, -5.404504260068287103, 10.55000000000000249 ) ) ;
#646 = CARTESIAN_POINT ( 'NONE',  ( 5.617911649995843248, 0.4221517240340550980, 10.55000000000000071 ) ) ;
#647 = CARTESIAN_POINT ( 'NONE',  ( -5.380059953839799292, 0.02379233995219855180, -5.999999999998254729 ) ) ;
#648 = CARTESIAN_POINT ( 'NONE',  ( 2.799776449901753228, 5.326812330412148633, -5.000000000000000000 ) ) ;
#649 = CARTESIAN_POINT ( 'NONE',  ( -1.375385888544237156, -6.303890028515529487, -3.333333333333333037 ) ) ;
#650 = CARTESIAN_POINT ( 'NONE',  ( 4.542735777799432384, -1.941989221311836378, 10.20000054708695814 ) ) ;
#651 = CARTESIAN_POINT ( 'NONE',  ( 5.380059953839476883, -0.02379233995175442443, 10.20000054708695458 ) ) ;
#652 = CARTESIAN_POINT ( 'NONE',  ( -4.742177691313817611, 2.541133983792142725, 5.000000000000000000 ) ) ;
#653 = CARTESIAN_POINT ( 'NONE',  ( 3.201033738915810112, -4.683057421969229139, 10.54999999999999538 ) ) ;
#654 = CARTESIAN_POINT ( 'NONE',  ( -4.533687937200373774, -1.816938096579815864, 0.000000000000000000 ) ) ;
#655 = CARTESIAN_POINT ( 'NONE',  ( -1.350213967088334632, -6.500749273344065493, 5.000000000000000000 ) ) ;
#656 = CARTESIAN_POINT ( 'NONE',  ( 4.882270699514204004, 2.908697158505515468, -6.000000000000357048 ) ) ;
#657 = CARTESIAN_POINT ( 'NONE',  ( -0.3192155735820010887, -5.325300927323620925, -3.333333333333333037 ) ) ;
#658 = CARTESIAN_POINT ( 'NONE',  ( -5.465797093207541479, -0.3898545235139713738, 10.54999999999999893 ) ) ;
#659 = CARTESIAN_POINT ( 'NONE',  ( 0.3534438101688358036, 6.267603813795271428, 10.20000054708695458 ) ) ;
#660 = DIRECTION ( 'NONE',  ( -3.293975600896118473E-13, 4.427453442170422537E-13, -1.000000000000000000 ) ) ;
#661 = CARTESIAN_POINT ( 'NONE',  ( 3.242220920004755591, -4.708386226812902642, 10.55000000000000249 ) ) ;
#662 = CARTESIAN_POINT ( 'NONE',  ( 6.523802056561735618, 0.8856477610914721410, 1.666666666666666297 ) ) ;
#663 = CARTESIAN_POINT ( 'NONE',  ( -4.174468160085722523, 1.784112848116197192, 10.55000000000000071 ) ) ;
#664 = CARTESIAN_POINT ( 'NONE',  ( 0.9205061888753184318, 5.440346434162764311, 1.666666666666666297 ) ) ;
#665 = CARTESIAN_POINT ( 'NONE',  ( -5.197109973430375618, 3.205939272495900383, 10.20000054708695458 ) ) ;
#666 = CARTESIAN_POINT ( 'NONE',  ( -4.742177691313817611, 2.541133983792142725, -5.000000000000000000 ) ) ;
#667 = CARTESIAN_POINT ( 'NONE',  ( 4.798692566290570838, -0.6399159050379142899, 10.20000054708695458 ) ) ;
#668 = CARTESIAN_POINT ( 'NONE',  ( -3.459870069601548526, 5.124993594455498069, 10.20000054708695281 ) ) ;
#669 = CARTESIAN_POINT ( 'NONE',  ( -6.414361532096308771, -1.483351403618801578, -3.333333333333333037 ) ) ;
#670 = CARTESIAN_POINT ( 'NONE',  ( 0.7101616553345254657, -4.817859738910597933, 10.20000054708695636 ) ) ;
#671 = CARTESIAN_POINT ( 'NONE',  ( 4.571775429901920873, 2.836279366628511767, 5.000000000000000000 ) ) ;
#672 = CARTESIAN_POINT ( 'NONE',  ( 5.007205532966265693, 2.951587071971437659, -5.000000000000000000 ) ) ;
#673 = EDGE_LOOP ( 'NONE', ( #7607, #545 ) ) ;
#674 = CARTESIAN_POINT ( 'NONE',  ( -4.070471035127231296, -2.920800785281516987, 10.20000054708695636 ) ) ;
#675 = CARTESIAN_POINT ( 'NONE',  ( 2.561548194317432969, 5.809036263638001962, 10.20000054708695814 ) ) ;
#676 = CARTESIAN_POINT ( 'NONE',  ( -4.142919934894312206, -4.364618222124522440, 0.000000000000000000 ) ) ;
#677 = CARTESIAN_POINT ( 'NONE',  ( 0.05632587645832533990, -5.794283288226824702, 10.20000054708695458 ) ) ;
#678 = CARTESIAN_POINT ( 'NONE',  ( 4.018983131552827714, 2.938402707312397499, 10.20000054708695458 ) ) ;
#679 = CARTESIAN_POINT ( 'NONE',  ( -6.392464591274373831, -1.738379717848785644, 10.20000054708695636 ) ) ;
#680 = CARTESIAN_POINT ( 'NONE',  ( 4.745534032180821704, -0.1147912388180332699, 10.54999999999999893 ) ) ;
#681 = CARTESIAN_POINT ( 'NONE',  ( -5.007205532966260364, -2.951587071971436771, 5.000000000000024869 ) ) ;
#682 = CARTESIAN_POINT ( 'NONE',  ( -5.995113419531326926, -1.839169689742639058, 10.55000000000000249 ) ) ;
#683 = CARTESIAN_POINT ( 'NONE',  ( 2.429412652570805076, 5.305095658941120007, 10.55000000000000426 ) ) ;
#684 = CARTESIAN_POINT ( 'NONE',  ( 2.677367692413381128, 3.615037375364479999, 10.55000000000000071 ) ) ;
#685 = CARTESIAN_POINT ( 'NONE',  ( -1.122902491428185989, 4.711163676717597504, -1.666666666666666297 ) ) ;
#686 = CARTESIAN_POINT ( 'NONE',  ( -4.846574986477829583, 0.5613200969539069440, 10.20000054708695281 ) ) ;
#687 = CARTESIAN_POINT ( 'NONE',  ( -0.4749749880200886398, -5.897140526380489689, 10.54999999999999893 ) ) ;
#688 = CARTESIAN_POINT ( 'NONE',  ( 5.037412679362749834, 2.590978255111311412, 10.55000000000000071 ) ) ;
#689 = CARTESIAN_POINT ( 'NONE',  ( -3.581722154483863552, 5.155487022040583511, 5.000000000000023093 ) ) ;
#690 = CARTESIAN_POINT ( 'NONE',  ( 2.874891515540367593, 3.948492002339777152, -5.000000000000000000 ) ) ;
#691 = CARTESIAN_POINT ( 'NONE',  ( -4.027261529738082935, 4.693771129254382224, 10.55000000000000249 ) ) ;
#692 = CARTESIAN_POINT ( 'NONE',  ( 1.052720001348083079, -4.615017103915213248, -5.000000000000000000 ) ) ;
#693 = CARTESIAN_POINT ( 'NONE',  ( 4.598851143670526831, -2.196043531998381315, 10.20000054708695281 ) ) ;
#694 = CARTESIAN_POINT ( 'NONE',  ( 0.2006596549303105437, -4.838978085894281911, 3.333333333333333037 ) ) ;
#695 = CARTESIAN_POINT ( 'NONE',  ( 4.641992031678379149, -0.9265593960872966495, 10.20000054708695458 ) ) ;
#696 = CARTESIAN_POINT ( 'NONE',  ( -1.426011146523625817, 5.378650072249708813, 0.000000000000000000 ) ) ;
#697 = CARTESIAN_POINT ( 'NONE',  ( -0.2289678937433706485, -5.434946774526518531, 10.55000000000000426 ) ) ;
#698 = CARTESIAN_POINT ( 'NONE',  ( 5.621187373405009069, -1.478589194937732776, 0.000000000000000000 ) ) ;
#699 = CARTESIAN_POINT ( 'NONE',  ( 4.553079637902986754, -4.832420171271764708, 5.000000000000000000 ) ) ;
#700 = CARTESIAN_POINT ( 'NONE',  ( -3.134419601341341455, -4.540937647741743355, -3.333333333333333037 ) ) ;
#701 = CARTESIAN_POINT ( 'NONE',  ( -6.089272027897844275, -1.247234551403302083, 10.54999999999999893 ) ) ;
#702 = CARTESIAN_POINT ( 'NONE',  ( -4.954707020477385981, 4.419694229627866733, 10.20000054708695458 ) ) ;
#703 = B_SPLINE_CURVE_WITH_KNOTS ( 'NONE', 3,
 ( #2247, #7143, #5903, #340 ),
 .UNSPECIFIED., .F., .F.,
 ( 4, 4 ),
 ( 0.000000000000000000, 1.000000000000000000 ),
 .UNSPECIFIED. ) ;
#704 = CARTESIAN_POINT ( 'NONE',  ( -6.162401348110472021, 1.196908415135740533, 0.000000000000000000 ) ) ;
#705 = CARTESIAN_POINT ( 'NONE',  ( 4.126400629377461549, -4.649135468694683304, 10.55000000000000071 ) ) ;
#706 = CARTESIAN_POINT ( 'NONE',  ( -4.882270699514863921, -2.908697158504629954, -5.999999999999717559 ) ) ;
#707 = CARTESIAN_POINT ( 'NONE',  ( 5.621187373405009069, -1.478589194937732776, 0.000000000000000000 ) ) ;
#708 = CARTESIAN_POINT ( 'NONE',  ( -4.232843007666802215, 1.128584306784512048, 10.54999999999999893 ) ) ;
#709 = CARTESIAN_POINT ( 'NONE',  ( -4.251225118266887648, 3.517354962005789343, 1.666666666666666297 ) ) ;
#710 = CARTESIAN_POINT ( 'NONE',  ( -4.575650814579571346, 2.110438146402440651, 10.20000054708695636 ) ) ;
#711 = CARTESIAN_POINT ( 'NONE',  ( -2.907966664692027692, 4.882705828916002133, -5.000000000000000000 ) ) ;
#712 = CARTESIAN_POINT ( 'NONE',  ( -6.009429490589710987, -0.8719380813337205272, 10.55000000000000071 ) ) ;
#713 = CARTESIAN_POINT ( 'NONE',  ( -3.913798232189269921, 5.095062645962800119, 10.20000054708695281 ) ) ;
#714 = CARTESIAN_POINT ( 'NONE',  ( -1.895684354081241807, 5.181802947478528765, -1.666666666666666297 ) ) ;
#715 = CARTESIAN_POINT ( 'NONE',  ( 0.1349761872680647901, -5.465083979788621704, 10.20000054708695458 ) ) ;
#716 = CARTESIAN_POINT ( 'NONE',  ( 4.668414645444203259, 2.013852510967589104, 1.666666666666666297 ) ) ;
#717 = CARTESIAN_POINT ( 'NONE',  ( 4.771453672849818695, 2.386201666620089146, -3.333333333333333037 ) ) ;
#718 = EDGE_LOOP ( 'NONE', ( #1298, #6493, #7165, #6824 ) ) ;
#719 = CARTESIAN_POINT ( 'NONE',  ( 2.456123406012608257, 5.133963901788338724, 10.55000000000000071 ) ) ;
#720 = CARTESIAN_POINT ( 'NONE',  ( 1.707727134253019363, 6.400151153060152254, 10.20000054708695281 ) ) ;
#721 = CARTESIAN_POINT ( 'NONE',  ( -0.2463348856000776577, -4.836868028925129792, 1.666666666666666297 ) ) ;
#722 = CARTESIAN_POINT ( 'NONE',  ( 3.826141353929909172, -5.112414425514825389, 10.20000054708695458 ) ) ;
#723 = CARTESIAN_POINT ( 'NONE',  ( 3.129355487401709102, 3.579377737061145925, 10.20000054708695103 ) ) ;
#724 = CARTESIAN_POINT ( 'NONE',  ( 5.815144163445993719, 2.660510214963404785, 10.20000054708695458 ) ) ;
#725 = CARTESIAN_POINT ( 'NONE',  ( 5.173762681679799691, -3.073411379804814825, 10.20000054708695458 ) ) ;
#726 = CARTESIAN_POINT ( 'NONE',  ( -3.651755846293274654, -2.715964265614877693, 10.55000000000000071 ) ) ;
#727 = CARTESIAN_POINT ( 'NONE',  ( 2.453060301961625278, 5.195804091671501368, 10.55000000000000249 ) ) ;
#728 = CARTESIAN_POINT ( 'NONE',  ( 2.340970882780408768, 5.508637212624346802, 10.54999999999999716 ) ) ;
#729 = CARTESIAN_POINT ( 'NONE',  ( -2.526070848901889931, 5.996577392882946000, 0.000000000000000000 ) ) ;
#730 = CARTESIAN_POINT ( 'NONE',  ( 1.005341152795811377, -4.277202197467870448, 10.55000000000000604 ) ) ;
#731 = CARTESIAN_POINT ( 'NONE',  ( 5.669514390402436099, 0.4359589928068865472, 10.55000000000000071 ) ) ;
#732 = CARTESIAN_POINT ( 'NONE',  ( -5.251182211392754873, 3.439893223823211610, 10.20000054708695458 ) ) ;
#733 = CARTESIAN_POINT ( 'NONE',  ( 5.416526759925426759, 1.969588487282300848, -1.666666666666666297 ) ) ;
#734 = CARTESIAN_POINT ( 'NONE',  ( -3.864037619957283454, 4.747000711545767082, 10.55000000000000426 ) ) ;
#735 = CARTESIAN_POINT ( 'NONE',  ( -3.410657430924925126, -5.477055024130527805, -1.666666666666666297 ) ) ;
#736 = CARTESIAN_POINT ( 'NONE',  ( 5.583135061079881112, 0.05929723833286051210, 10.20000054708695636 ) ) ;
#737 = CARTESIAN_POINT ( 'NONE',  ( 0.07787028463680549517, -5.682519034184775997, 5.000000000000000000 ) ) ;
#738 = CARTESIAN_POINT ( 'NONE',  ( 3.300064367903614571, -4.731994455799650723, 10.55000000000000071 ) ) ;
#739 = LINE ( 'NONE', #1438, #5544 ) ;
#740 = CARTESIAN_POINT ( 'NONE',  ( -3.247490944899272591, -5.006080960982941974, -3.333333333333333037 ) ) ;
#741 = CARTESIAN_POINT ( 'NONE',  ( -5.545855572976834402, -0.4102039085629465287, 10.54999999999999716 ) ) ;
#742 = CARTESIAN_POINT ( 'NONE',  ( 1.908458813630810491, 6.359292723372316658, 10.20000054708695458 ) ) ;
#743 = DIRECTION ( 'NONE',  ( 3.293975600896116958E-13, -4.427453442170423041E-13, 1.000000000000000000 ) ) ;
#744 = CARTESIAN_POINT ( 'NONE',  ( 4.459996433504718638, -4.413746289781963483, 10.55000000000000071 ) ) ;
#745 = CARTESIAN_POINT ( 'NONE',  ( -5.248533672560569130, -2.943904212591055281, -5.999999999999611866 ) ) ;
#746 = CARTESIAN_POINT ( 'NONE',  ( 5.613891960610702725, -0.4383313065869945402, 3.333333333333333037 ) ) ;
#747 = CARTESIAN_POINT ( 'NONE',  ( -4.836161288130781166, 3.214395594682069923, 10.54999999999999893 ) ) ;
#748 = CARTESIAN_POINT ( 'NONE',  ( -2.044647574794002498, 5.935250330072831204, 0.000000000000000000 ) ) ;
#749 = CARTESIAN_POINT ( 'NONE',  ( -5.261473937794520772, 0.1117820291124625998, 10.20000054708695458 ) ) ;
#750 = CARTESIAN_POINT ( 'NONE',  ( 3.868678216692782001, 2.981429057092634505, -5.000000000000000000 ) ) ;
#751 = CARTESIAN_POINT ( 'NONE',  ( -5.545134328504605747, -0.4095738217787823210, 10.55000000000000426 ) ) ;
#752 = CARTESIAN_POINT ( 'NONE',  ( -2.402517809930614590, 4.561516092199783934, 10.20000054708695458 ) ) ;
#753 = CARTESIAN_POINT ( 'NONE',  ( -4.452238096076975182, 2.939099262225372211, -3.333333333333333037 ) ) ;
#754 = CARTESIAN_POINT ( 'NONE',  ( -0.2603527901845433812, -6.173842697168041127, 10.20000054708695281 ) ) ;
#755 = CARTESIAN_POINT ( 'NONE',  ( -0.2634039140295634795, -5.582675374258932344, 10.55000000000000071 ) ) ;
#756 = CARTESIAN_POINT ( 'NONE',  ( 2.673921665751363808, 5.679605890652218214, -5.000000000000000000 ) ) ;
#757 = EDGE_LOOP ( 'NONE', ( #2194, #3924, #5005, #5816 ) ) ;
#758 = CARTESIAN_POINT ( 'NONE',  ( 2.380653052460851349, 5.433492456585200081, 10.55000000000000071 ) ) ;
#759 = CARTESIAN_POINT ( 'NONE',  ( 2.369868652893687866, 6.022640257920022222, 10.20000054708695458 ) ) ;
#760 = CARTESIAN_POINT ( 'NONE',  ( -1.708410305071415447, -5.770183011040060705, 0.000000000000000000 ) ) ;
#761 = CARTESIAN_POINT ( 'NONE',  ( 1.007127619608889413, -4.654996290196925735, 10.20000054708695458 ) ) ;
#762 = CARTESIAN_POINT ( 'NONE',  ( 4.751474140088420839, 2.862430145094459810, 10.20000054708695458 ) ) ;
#763 = CARTESIAN_POINT ( 'NONE',  ( -0.3534438101691611545, -6.267603813794824674, -6.000000000002684075 ) ) ;
#764 = CARTESIAN_POINT ( 'NONE',  ( 6.080727484351753809, 2.389601153955395851, 10.20000054708695281 ) ) ;
#765 = CARTESIAN_POINT ( 'NONE',  ( 4.603342582428153307, -2.258170310738746966, 10.20000054708695458 ) ) ;
#766 = CARTESIAN_POINT ( 'NONE',  ( -2.835689621109627634, -4.078586917458088656, 10.20000054708695281 ) ) ;
#767 = CARTESIAN_POINT ( 'NONE',  ( -2.978592604696847168, -3.219484398725451779, 10.54999999999999893 ) ) ;
#768 = CARTESIAN_POINT ( 'NONE',  ( 2.371428969095964678, 4.755656211296903635, 10.55000000000000249 ) ) ;
#769 = CARTESIAN_POINT ( 'NONE',  ( 2.391598922358147750, 4.911731365082142808, 10.54999999999999716 ) ) ;
#770 = CARTESIAN_POINT ( 'NONE',  ( -2.044647574794002498, 5.935250330072831204, 0.000000000000000000 ) ) ;
#771 = CARTESIAN_POINT ( 'NONE',  ( 3.768764186410620720, -4.767008395039079360, 10.54999999999999893 ) ) ;
#772 = CARTESIAN_POINT ( 'NONE',  ( 5.563904209661592937, 0.4132451040499383610, 10.54999999999999893 ) ) ;
#773 = DIRECTION ( 'NONE',  ( 3.293975600896116958E-13, -4.427453442170423041E-13, 1.000000000000000000 ) ) ;
#774 = CARTESIAN_POINT ( 'NONE',  ( 6.147021845340256974, 1.960825888751876134, -3.333333333333333037 ) ) ;
#775 = CARTESIAN_POINT ( 'NONE',  ( 1.518572041796068639, -4.483362720821384428, -5.000000000000000000 ) ) ;
#776 = CARTESIAN_POINT ( 'NONE',  ( 4.820502840248813037, -0.6031543634655017749, 10.20000054708695281 ) ) ;
#777 = CARTESIAN_POINT ( 'NONE',  ( -0.3192155735820010887, -5.325300927323620925, 3.333333333333333037 ) ) ;
#778 = CARTESIAN_POINT ( 'NONE',  ( 0.3460384234886361710, -5.115696762701375633, -5.000000000000000000 ) ) ;
#779 = CARTESIAN_POINT ( 'NONE',  ( -1.922560767552541128, -6.296675729077717776, -3.333333333333333037 ) ) ;
#780 = CARTESIAN_POINT ( 'NONE',  ( -3.407231188310040793, -2.856876837182755757, 10.55000000000000249 ) ) ;
#781 = CARTESIAN_POINT ( 'NONE',  ( -1.861096214506317742E-12, 2.501511194826304546E-12, -10.65000000000003233 ) ) ;
#782 = CARTESIAN_POINT ( 'NONE',  ( -4.446867061209841223E-13, 5.977062146930177861E-13, -6.350000000000022737 ) ) ;
#783 = CARTESIAN_POINT ( 'NONE',  ( -2.710634745066446971, -4.647372425121903738, -5.000000000001191935 ) ) ;
#784 = CARTESIAN_POINT ( 'NONE',  ( -3.840358520603883274, 3.017819880700676638, 0.000000000000000000 ) ) ;
#785 = CARTESIAN_POINT ( 'NONE',  ( 5.549568239385187951, -0.9540490732971211862, -1.666666666666666519 ) ) ;
#786 = CARTESIAN_POINT ( 'NONE',  ( -4.771635973406848308, 4.343064134404515109, 3.333333333333333037 ) ) ;
#787 = CARTESIAN_POINT ( 'NONE',  ( -6.365173372624149728, -1.837951873440522244, 10.20000054708695458 ) ) ;
#788 = CARTESIAN_POINT ( 'NONE',  ( 4.882270699514533518, 2.908697158505072711, -5.000000000000000000 ) ) ;
#789 = CARTESIAN_POINT ( 'NONE',  ( -5.484119953678672665, -2.466218912680583575, 10.55000000000000071 ) ) ;
#790 = CARTESIAN_POINT ( 'NONE',  ( -3.499179452329792994, 5.128432304315590606, 10.20000054708695814 ) ) ;
#791 = CARTESIAN_POINT ( 'NONE',  ( -4.027261529738082935, 4.693771129254382224, 10.55000000000000249 ) ) ;
#792 = CARTESIAN_POINT ( 'NONE',  ( 4.818935317488428183, -3.166745961861055392, 10.55000000000000249 ) ) ;
#793 = CARTESIAN_POINT ( 'NONE',  ( -2.997400859223740444, 4.979915817394201305, -5.000000000000000000 ) ) ;
#794 = CARTESIAN_POINT ( 'NONE',  ( 1.815865090818713501, -4.476222857635949737, 10.20000054708695281 ) ) ;
#795 = CARTESIAN_POINT ( 'NONE',  ( 3.406612266045534909, 3.228970541235645086, -3.333333333333333037 ) ) ;
#796 = VERTEX_POINT ( 'NONE', #3875 ) ;
#797 = CARTESIAN_POINT ( 'NONE',  ( -0.5988959512687772602, 4.898097538857775213, 10.20000054708695281 ) ) ;
#798 = CARTESIAN_POINT ( 'NONE',  ( -0.3534438101688317513, -6.267603813795266987, 5.000000000000000000 ) ) ;
#799 = CARTESIAN_POINT ( 'NONE',  ( 1.686775952617222352, -4.481657945622488981, 10.20000054708695103 ) ) ;
#800 = CARTESIAN_POINT ( 'NONE',  ( 5.169386930259898705, 2.940588912404782818, 10.20000054708695103 ) ) ;
#801 = CARTESIAN_POINT ( 'NONE',  ( -3.123419988198473440, -3.556803324689597812, -6.000000000000571099 ) ) ;
#802 = CARTESIAN_POINT ( 'NONE',  ( 5.290092075450809617, 2.920660836861807663, 10.20000054708695281 ) ) ;
#803 = CARTESIAN_POINT ( 'NONE',  ( 5.251182211392753985, -3.439893223823212498, 10.20000054708695458 ) ) ;
#804 = CARTESIAN_POINT ( 'NONE',  ( -4.516745264442289631, -2.494401281452187202, 10.55000000000000249 ) ) ;
#805 = CARTESIAN_POINT ( 'NONE',  ( 1.836678846467899140, 5.971793129848487425, 10.55000000000000249 ) ) ;
#806 = CARTESIAN_POINT ( 'NONE',  ( 2.625683375158149868, 3.704639217884013291, 10.55000000000000071 ) ) ;
#807 = CARTESIAN_POINT ( 'NONE',  ( 4.061678536503566583, -5.083575693552490726, -6.000000000003625544 ) ) ;
#808 = CARTESIAN_POINT ( 'NONE',  ( 1.530097869399086319, 5.607385669498455627, 0.000000000000000000 ) ) ;
#809 = CARTESIAN_POINT ( 'NONE',  ( 2.617973373246324620, -4.268132448718699123, 10.54999999999999716 ) ) ;
#810 = CARTESIAN_POINT ( 'NONE',  ( 2.379236532038279339, 4.441393634212258412, 10.55000000000000071 ) ) ;
#811 = CARTESIAN_POINT ( 'NONE',  ( 6.448597502081397259, -0.2151884589974761564, -1.666666666666666297 ) ) ;
#812 = CARTESIAN_POINT ( 'NONE',  ( -4.462859396372666154, -2.435689484388370740, -3.333333333333333037 ) ) ;
#813 = CARTESIAN_POINT ( 'NONE',  ( 5.140171001096609515, -0.2105298373761414210, 10.20000054708695991 ) ) ;
#814 = CARTESIAN_POINT ( 'NONE',  ( -1.040909578972592398, 4.264473758931584868, 10.55000000000000604 ) ) ;
#815 = CARTESIAN_POINT ( 'NONE',  ( -2.460968612481762463, -6.106389989388078199, 3.333333333333333037 ) ) ;
#816 = CARTESIAN_POINT ( 'NONE',  ( -2.799776449901752340, -5.326812330412152185, -5.000000000000000000 ) ) ;
#817 = CARTESIAN_POINT ( 'NONE',  ( 4.856940138843542698, -0.5154830861509849260, -5.000000000001855405 ) ) ;
#818 = CARTESIAN_POINT ( 'NONE',  ( -3.689804543892920119, -2.901137757781257154, -1.666666666666666297 ) ) ;
#819 = CARTESIAN_POINT ( 'NONE',  ( -3.037805731053762504, -3.158535513117946891, 10.54999999999999716 ) ) ;
#820 = FACE_OUTER_BOUND ( 'NONE', #7721, .T. ) ;
#821 = ADVANCED_FACE ( 'NONE', ( #1285 ), #5233, .T. ) ;
#822 = CARTESIAN_POINT ( 'NONE',  ( 5.371053174174040379, 1.454363143550995607, 0.000000000000000000 ) ) ;
#823 = CARTESIAN_POINT ( 'NONE',  ( 4.523082045645346660, -1.395826287384887454, -5.000000000000000000 ) ) ;
#824 = CARTESIAN_POINT ( 'NONE',  ( -4.452238096076975182, 2.939099262225372211, 3.333333333333333037 ) ) ;
#825 = CARTESIAN_POINT ( 'NONE',  ( -6.112970046774380606, -0.3631319133732884286, 10.20000054708695458 ) ) ;
#826 = CARTESIAN_POINT ( 'NONE',  ( -5.173762681680130981, 3.073411379805255361, -5.999999999996972200 ) ) ;
#827 = CARTESIAN_POINT ( 'NONE',  ( 1.350213967088333078, 6.500749273344065493, -5.000000000000000000 ) ) ;
#828 = CARTESIAN_POINT ( 'NONE',  ( -5.999376687974240951, -0.8467115756420339201, 10.55000000000000249 ) ) ;
#829 = CARTESIAN_POINT ( 'NONE',  ( -1.739286748072970124, 4.478390557937840910, 10.20000054708695458 ) ) ;
#830 = CARTESIAN_POINT ( 'NONE',  ( -3.610821062286850403, 4.781537107690858157, 10.55000000000000426 ) ) ;
#831 = CARTESIAN_POINT ( 'NONE',  ( 4.812775259950692330, -3.152020001695717610, 10.55000000000000071 ) ) ;
#832 = CARTESIAN_POINT ( 'NONE',  ( -4.553079637902985866, 4.832420171271765597, -5.000000000000000000 ) ) ;
#833 = CARTESIAN_POINT ( 'NONE',  ( 2.347703774666616283, -4.544311893435546423, 10.20000054708695814 ) ) ;
#834 = EDGE_CURVE ( 'NONE', #7492, #3641, #7959, .T. ) ;
#835 = ORIENTED_EDGE ( 'NONE', *, *, #3815, .T. ) ;
#836 = CARTESIAN_POINT ( 'NONE',  ( 0.3153054786444029478, 5.734121007452619878, 10.55000000000000249 ) ) ;
#837 = CARTESIAN_POINT ( 'NONE',  ( -2.166718975052223328, 4.503354057536830268, 10.20000054708695458 ) ) ;
#838 = CARTESIAN_POINT ( 'NONE',  ( 0.3460384234886361710, -5.115696762701375633, 5.000000000000000000 ) ) ;
#839 = CARTESIAN_POINT ( 'NONE',  ( 2.814835497071519033, -4.779472459702453158, 10.20000054708695103 ) ) ;
#840 = CARTESIAN_POINT ( 'NONE',  ( 4.101724197514413639, 2.911104890644645948, 10.20000054708695458 ) ) ;
#841 = CARTESIAN_POINT ( 'NONE',  ( -2.729108392372539438, -4.849263011883790497, -6.000000000001273648 ) ) ;
#842 = CARTESIAN_POINT ( 'NONE',  ( 6.118877379679804385, 0.3702466829933485637, 10.20000054708695458 ) ) ;
#843 = CARTESIAN_POINT ( 'NONE',  ( 5.564139155517589863, 0.06115429241966183899, 10.20000054708695458 ) ) ;
#844 = CARTESIAN_POINT ( 'NONE',  ( -2.703505241136940018, -3.572800853352525063, 10.55000000000000249 ) ) ;
#845 = CARTESIAN_POINT ( 'NONE',  ( 2.191199276397524542, 5.707083624343036732, 10.54999999999999716 ) ) ;
#846 = CARTESIAN_POINT ( 'NONE',  ( -2.669425199347730260, 4.671164775103695099, 5.000000000000000000 ) ) ;
#847 = CARTESIAN_POINT ( 'NONE',  ( -0.8000434083657416151, -6.457546346331382026, -6.000000000002632561 ) ) ;
#848 = CARTESIAN_POINT ( 'NONE',  ( 2.369826208949397550, 4.598228631044441350, 10.54999999999999893 ) ) ;
#849 = CARTESIAN_POINT ( 'NONE',  ( 1.908458813630810491, 6.359292723372316658, -5.000000000000000000 ) ) ;
#850 = CARTESIAN_POINT ( 'NONE',  ( 3.150756175446268070, -4.624142919103187310, 10.55000000000000249 ) ) ;
#851 = CARTESIAN_POINT ( 'NONE',  ( 2.405855816525748203, 4.968633497009870226, 10.55000000000000249 ) ) ;
#852 = CARTESIAN_POINT ( 'NONE',  ( 4.972409450710348011, 2.391619784635953927, -3.333333333333333037 ) ) ;
#853 = CARTESIAN_POINT ( 'NONE',  ( -3.815710851444237939, -3.424973976468152603, 0.000000000000000000 ) ) ;
#854 = CARTESIAN_POINT ( 'NONE',  ( 5.234414410872338941, -0.1316202026600187536, 10.20000054708695991 ) ) ;
#855 = CARTESIAN_POINT ( 'NONE',  ( -0.8088334192012722745, -5.273188507352591259, 1.666666666666666297 ) ) ;
#856 = CARTESIAN_POINT ( 'NONE',  ( 2.669425199347730260, -4.671164775103693323, -5.000000000000000000 ) ) ;
#857 = CARTESIAN_POINT ( 'NONE',  ( -5.485244519539224761, 1.469766839973421835, 0.000000000000000000 ) ) ;
#858 = CARTESIAN_POINT ( 'NONE',  ( -3.718589996354463967, -2.864148441214862117, -3.333333333333333037 ) ) ;
#859 = CARTESIAN_POINT ( 'NONE',  ( -2.903071805579689801, -3.303108264211777279, 10.54999999999999716 ) ) ;
#860 = CARTESIAN_POINT ( 'NONE',  ( 6.255643805310286965, 0.5241188672390336700, 10.20000054708695458 ) ) ;
#861 = CARTESIAN_POINT ( 'NONE',  ( 4.832549812309814286, -3.804226069094389207, 10.55000000000000249 ) ) ;
#862 = CARTESIAN_POINT ( 'NONE',  ( 4.603342582428153307, -2.258170310738746966, -5.000000000000000000 ) ) ;
#863 = CARTESIAN_POINT ( 'NONE',  ( 0.2420490677627291365, -4.727368662354397344, 0.000000000000000000 ) ) ;
#864 = CARTESIAN_POINT ( 'NONE',  ( 3.518536185582711528, 3.328043921247044512, 1.666666666666666297 ) ) ;
#865 = DIRECTION ( 'NONE',  ( 0.000000000000000000, 1.000000000000000000, 4.425066550997778812E-13 ) ) ;
#866 = CARTESIAN_POINT ( 'NONE',  ( -2.526070848901889931, 5.996577392882946000, 0.000000000000000000 ) ) ;
#867 = CARTESIAN_POINT ( 'NONE',  ( -6.323450267408492920, -0.7141971981793315827, 10.20000054708695458 ) ) ;
#868 = CARTESIAN_POINT ( 'NONE',  ( 4.646369188651362059, -3.188622703862752150, -3.333333333333333037 ) ) ;
#869 = CARTESIAN_POINT ( 'NONE',  ( -6.073522953298831517, -1.574767810785450806, 10.54999999999999716 ) ) ;
#870 = CARTESIAN_POINT ( 'NONE',  ( -4.538143400266389627, 1.906215394564910293, 10.20000054708695636 ) ) ;
#871 = CARTESIAN_POINT ( 'NONE',  ( -4.254734263789686111, 4.575655213627580764, 10.55000000000000426 ) ) ;
#872 = CARTESIAN_POINT ( 'NONE',  ( 0.1220607304236049767, 5.082794351157217783, -3.333333333333333037 ) ) ;
#873 = CARTESIAN_POINT ( 'NONE',  ( 4.908170462868869599, -4.431584858526481874, 10.20000054708695281 ) ) ;
#874 = SURFACE_STYLE_USAGE ( .BOTH. , #6418 ) ;
#875 = CARTESIAN_POINT ( 'NONE',  ( 0.4237211923420355353, 5.864658807938225138, 10.55000000000000071 ) ) ;
#876 = CARTESIAN_POINT ( 'NONE',  ( -2.768954958871852501, -4.277241798512635640, 10.20000054708695458 ) ) ;
#877 = CARTESIAN_POINT ( 'NONE',  ( -0.5636065091597376453, 4.926117345154889193, 10.20000054708695991 ) ) ;
#878 = CARTESIAN_POINT ( 'NONE',  ( 1.895684354081244027, -5.181802947478531429, 1.666666666666666297 ) ) ;
#879 = CARTESIAN_POINT ( 'NONE',  ( 3.574570014068100932, -5.131835500189642296, 10.20000054708695281 ) ) ;
#880 = CARTESIAN_POINT ( 'NONE',  ( 2.725933141127998560, 4.789875267086510569, 10.20000054708695458 ) ) ;
#881 = CARTESIAN_POINT ( 'NONE',  ( 5.868569017603768145, 2.615749203009944068, 10.20000054708695458 ) ) ;
#882 = CARTESIAN_POINT ( 'NONE',  ( 5.007205532966265693, 2.951587071971437659, 5.000000000000000000 ) ) ;
#883 = CARTESIAN_POINT ( 'NONE',  ( -2.803982732723910853, -5.039795260938007004, 10.20000054708695636 ) ) ;
#884 = CARTESIAN_POINT ( 'NONE',  ( -5.363066493929214751, -2.529357653102715986, 10.55000000000000249 ) ) ;
#885 = CARTESIAN_POINT ( 'NONE',  ( 5.286955024260617364, 1.950427640242798910, 1.666666666666666297 ) ) ;
#886 = CARTESIAN_POINT ( 'NONE',  ( -3.549809307303230632, 5.387909593329601954, 3.333333333333333037 ) ) ;
#887 = CARTESIAN_POINT ( 'NONE',  ( -4.742177691314148014, 2.541133983792585482, -5.999999999997350564 ) ) ;
#888 = CARTESIAN_POINT ( 'NONE',  ( 1.933911739200320445, 5.917694160381443247, 10.55000000000000604 ) ) ;
#889 = CARTESIAN_POINT ( 'NONE',  ( 2.494907568016747401, 6.092602184811370059, -1.666666666666666297 ) ) ;
#890 = CARTESIAN_POINT ( 'NONE',  ( 1.538656654977722305, -4.145162934613140671, 10.55000000000000071 ) ) ;
#891 = CARTESIAN_POINT ( 'NONE',  ( 2.418658035134007012, 5.009270661172631200, 10.55000000000000071 ) ) ;
#892 = CARTESIAN_POINT ( 'NONE',  ( 4.571775429901920873, 2.836279366628511767, -5.000000000000000000 ) ) ;
#893 = CARTESIAN_POINT ( 'NONE',  ( -4.882270699514534407, -2.908697158505072711, -5.000000000000000000 ) ) ;
#894 = AXIS2_PLACEMENT_3D ( 'NONE', #4636, #3439, #5893 ) ;
#895 = CARTESIAN_POINT ( 'NONE',  ( 5.110032797810354133, -0.2386732256837408028, 10.20000054708695636 ) ) ;
#896 = CARTESIAN_POINT ( 'NONE',  ( 2.210029059896365666, -5.542816575422770953, 1.666666666666666297 ) ) ;
#897 = CARTESIAN_POINT ( 'NONE',  ( 4.143700695682394297, 2.898990484401423373, 10.20000054708695636 ) ) ;
#898 = CARTESIAN_POINT ( 'NONE',  ( 5.811434037489796367, 0.1058673776738292410, -6.000000000001905143 ) ) ;
#899 = CARTESIAN_POINT ( 'NONE',  ( -3.518536185582712861, -3.328043921247038295, -1.666666666666666297 ) ) ;
#900 = CARTESIAN_POINT ( 'NONE',  ( -4.853666278011201207, -2.526715941211133742, 10.55000000000000249 ) ) ;
#901 = CARTESIAN_POINT ( 'NONE',  ( 5.811434037490126769, 0.1058673776733864980, 10.20000054708695458 ) ) ;
#902 = CARTESIAN_POINT ( 'NONE',  ( 4.726178417126385867, -4.065228741818892821, 10.55000000000000071 ) ) ;
#903 = CARTESIAN_POINT ( 'NONE',  ( -6.633242581027160689, -0.2879441185641482548, 0.000000000000000000 ) ) ;
#904 = CARTESIAN_POINT ( 'NONE',  ( 4.971131915797715628, 1.936123966611666525, 1.666666666666666297 ) ) ;
#905 = CARTESIAN_POINT ( 'NONE',  ( -3.293975600896208340E-13, 12.15000000000052616, -5.999999999994646060 ) ) ;
#906 = CARTESIAN_POINT ( 'NONE',  ( -6.440971233593919543, -0.3802702459705247229, 3.333333333333333037 ) ) ;
#907 = CARTESIAN_POINT ( 'NONE',  ( -6.360853616158911983, -0.8154236955877344206, 10.20000054708695458 ) ) ;
#908 = CARTESIAN_POINT ( 'NONE',  ( 5.170810158745608121, -1.486046266603245014, 0.000000000000000000 ) ) ;
#909 = CARTESIAN_POINT ( 'NONE',  ( -4.292434028608476559, -2.511176805698164927, 10.55000000000000071 ) ) ;
#910 = CARTESIAN_POINT ( 'NONE',  ( -3.248495025958313409, 4.711192660670379340, 10.54999999999999716 ) ) ;
#911 = CARTESIAN_POINT ( 'NONE',  ( 0.6193174284949883868, 5.934938074355407878, -3.333333333333333037 ) ) ;
#912 = CARTESIAN_POINT ( 'NONE',  ( 3.743748445612261389, -5.123719777760245009, 10.20000054708695458 ) ) ;
#913 = ORIENTED_EDGE ( 'NONE', *, *, #1070, .F. ) ;
#914 = CARTESIAN_POINT ( 'NONE',  ( 0.5096643908382142429, 5.930097829417250388, 10.55000000000000071 ) ) ;
#915 = CARTESIAN_POINT ( 'NONE',  ( -2.483911565600176452, 4.591077616361845415, 10.20000054708695458 ) ) ;
#916 = CARTESIAN_POINT ( 'NONE',  ( 3.581722154483869325, -5.155487022040585288, 5.000000000000000000 ) ) ;
#917 = CARTESIAN_POINT ( 'NONE',  ( 4.995193763523118058, -4.300286375240010450, 10.20000054708695281 ) ) ;
#918 = CARTESIAN_POINT ( 'NONE',  ( 0.8832383406027559669, 6.446584388462401449, 10.20000054708695636 ) ) ;
#919 = CARTESIAN_POINT ( 'NONE',  ( 0.05254660229837530838, -5.812160726608869510, -6.000000000002615685 ) ) ;
#920 = CARTESIAN_POINT ( 'NONE',  ( 4.751474140088420839, 2.862430145094459810, 10.20000054708695458 ) ) ;
#921 = CARTESIAN_POINT ( 'NONE',  ( -2.738598509457322194, -4.858741812645039460, 10.20000054708695636 ) ) ;
#922 = CARTESIAN_POINT ( 'NONE',  ( -2.424137212693548538, -5.025424616944076384, 10.55000000000000426 ) ) ;
#923 = CARTESIAN_POINT ( 'NONE',  ( 0.5144710331493921318, 5.926041604243808436, 10.54999999999999893 ) ) ;
#924 = CARTESIAN_POINT ( 'NONE',  ( 1.208926120887322542, -4.212114281190861398, 10.55000000000000249 ) ) ;
#925 = PRODUCT_RELATED_PRODUCT_CATEGORY ( 'part', '', ( #6910 ) ) ;
#926 = CARTESIAN_POINT ( 'NONE',  ( -4.516332414954611352, 1.859659088761147050, 5.000000000000000000 ) ) ;
#927 = CARTESIAN_POINT ( 'NONE',  ( 1.141139379956534361, 6.125769992979032352, 10.55000000000000782 ) ) ;
#928 = CARTESIAN_POINT ( 'NONE',  ( 0.6933294261304642214, 4.834757971955977673, 0.000000000000000000 ) ) ;
#929 = CARTESIAN_POINT ( 'NONE',  ( 4.292757939041504045, -2.385778101255113803, 10.54999999999999716 ) ) ;
#930 = CARTESIAN_POINT ( 'NONE',  ( 4.749321117849470753, 2.507075473383624686, 10.54999999999999893 ) ) ;
#931 = CARTESIAN_POINT ( 'NONE',  ( -5.992420882725949305, -2.535915251145073324, 5.000000000000024869 ) ) ;
#932 = CARTESIAN_POINT ( 'NONE',  ( -4.872725286508877041, 3.596877464369503397, 10.55000000000000249 ) ) ;
#933 = CARTESIAN_POINT ( 'NONE',  ( -2.874891515540369369, -3.948492002339770490, -5.000000000000000000 ) ) ;
#934 = CARTESIAN_POINT ( 'NONE',  ( 4.901297382738092345, 2.540123505915788726, 10.55000000000000426 ) ) ;
#935 = CARTESIAN_POINT ( 'NONE',  ( 2.997400859223743996, -4.979915817394206634, 5.000000000000000000 ) ) ;
#936 = CARTESIAN_POINT ( 'NONE',  ( -6.433344965106440050, -0.9757289509385247417, 5.000000000000000000 ) ) ;
#937 = FACE_OUTER_BOUND ( 'NONE', #6701, .T. ) ;
#938 = CARTESIAN_POINT ( 'NONE',  ( -6.456223770568879416, -0.8106471639654754258, 0.000000000000000000 ) ) ;
#939 = CARTESIAN_POINT ( 'NONE',  ( -2.414487668999793168, -4.998397591548686236, 10.54999999999999893 ) ) ;
#940 = CARTESIAN_POINT ( 'NONE',  ( 4.882270699514533518, 2.908697158505072711, 10.20000054708695458 ) ) ;
#941 = CARTESIAN_POINT ( 'NONE',  ( -5.678210433007524927, -0.07740784995846800021, 10.20000054708695636 ) ) ;
#942 = CARTESIAN_POINT ( 'NONE',  ( 5.416526759925426759, 1.969588487282300848, 1.666666666666666297 ) ) ;
#943 = CARTESIAN_POINT ( 'NONE',  ( 0.000000000000000000, 0.000000000000000000, -11.00000000000002487 ) ) ;
#944 = CARTESIAN_POINT ( 'NONE',  ( -6.461538437134769275, -1.526872548237523164, 5.000000000000000000 ) ) ;
#945 = CARTESIAN_POINT ( 'NONE',  ( -5.995816835829214320, -2.492335863539512530, 10.20000054708695458 ) ) ;
#946 = CARTESIAN_POINT ( 'NONE',  ( 4.078254761772208248, -3.036039421225010582, -1.666666666666666297 ) ) ;
#947 = CARTESIAN_POINT ( 'NONE',  ( -3.361300137152524847, -2.888037389227252838, 10.55000000000000071 ) ) ;
#948 = CARTESIAN_POINT ( 'NONE',  ( -4.156193497834851591, 4.633643222362625380, 10.54999999999999893 ) ) ;
#949 = CARTESIAN_POINT ( 'NONE',  ( 1.530097869399086319, 5.607385669498455627, 0.000000000000000000 ) ) ;
#950 = CARTESIAN_POINT ( 'NONE',  ( 4.387797185284279422, -4.905026220840863260, 10.20000054708695636 ) ) ;
#951 = ORIENTED_EDGE ( 'NONE', *, *, #834, .T. ) ;
#952 = CARTESIAN_POINT ( 'NONE',  ( -0.7091659305833839522, 4.818718527104159932, 10.20000054708695458 ) ) ;
#953 = CARTESIAN_POINT ( 'NONE',  ( 2.382783059699697503, -4.540092616159150829, 5.000000000000000000 ) ) ;
#954 = CARTESIAN_POINT ( 'NONE',  ( 4.061430519457270627, -5.054001108602268033, 10.20000054708695103 ) ) ;
#955 = CARTESIAN_POINT ( 'NONE',  ( 1.740582689778328085, 6.389797254308844821, 10.20000054708695281 ) ) ;
#956 = CARTESIAN_POINT ( 'NONE',  ( 4.797213463989559834, 2.874471471659968191, 10.20000054708695636 ) ) ;
#957 = CARTESIAN_POINT ( 'NONE',  ( 2.710634745066447859, 4.647372425121908179, 5.000000000000000000 ) ) ;
#958 = CARTESIAN_POINT ( 'NONE',  ( -2.374136395049748494, -4.520546803631294352, 10.55000000000000249 ) ) ;
#959 = CARTESIAN_POINT ( 'NONE',  ( -5.553708330127482107, 0.9551885549917930041, 1.666666666666666297 ) ) ;
#960 = CARTESIAN_POINT ( 'NONE',  ( 1.786511004085547638, 5.996294663295966387, 10.54999999999999893 ) ) ;
#961 = CARTESIAN_POINT ( 'NONE',  ( -5.911312140744517052, -0.1747957384367787026, 10.20000054708695281 ) ) ;
#962 = CARTESIAN_POINT ( 'NONE',  ( 4.836104956609328376, -3.212381286242136813, 10.55000000000000071 ) ) ;
#963 = DIRECTION ( 'NONE',  ( 3.293975600896113929E-13, -4.427453442170421022E-13, 1.000000000000000000 ) ) ;
#964 = CARTESIAN_POINT ( 'NONE',  ( -4.289711902936704568, 2.378740792772647605, 10.55000000000000959 ) ) ;
#965 = CARTESIAN_POINT ( 'NONE',  ( -5.489297186633656622, -1.471292881111661455, 0.000000000000000000 ) ) ;
#966 = CARTESIAN_POINT ( 'NONE',  ( 6.009372470231216568, 1.798937188153430622, 10.54999999999999893 ) ) ;
#967 = CARTESIAN_POINT ( 'NONE',  ( 4.018825604028019249, -4.018224371688233099, 0.000000000000000000 ) ) ;
#968 = CARTESIAN_POINT ( 'NONE',  ( 5.684602928100047414, -0.9504370040673595366, -1.666666666666666297 ) ) ;
#969 = CARTESIAN_POINT ( 'NONE',  ( 4.867726413662023077, 0.01404903613756949311, 10.55000000000000249 ) ) ;
#970 = CARTESIAN_POINT ( 'NONE',  ( 5.678215679854710984, 0.07738645997458688808, -5.000000000000932587 ) ) ;
#971 = CARTESIAN_POINT ( 'NONE',  ( -3.815710851444237939, -3.424973976468152603, 0.000000000000000000 ) ) ;
#972 = CARTESIAN_POINT ( 'NONE',  ( -1.878976197959933758, -5.949165800117704350, 10.55000000000000426 ) ) ;
#973 = CARTESIAN_POINT ( 'NONE',  ( 4.257304147301131714, 2.857526457809149711, 10.20000054708695458 ) ) ;
#974 = CARTESIAN_POINT ( 'NONE',  ( 3.815710851444236607, -3.424973976468142833, 0.000000000000000000 ) ) ;
#975 = EDGE_CURVE ( 'NONE', #5663, #1215, #483, .T. ) ;
#976 = CARTESIAN_POINT ( 'NONE',  ( 2.774563950083861918, 4.959725921755433475, 5.000000000000000000 ) ) ;
#977 = CARTESIAN_POINT ( 'NONE',  ( -0.2638146967396585718, -5.590272448230018121, 10.55000000000000071 ) ) ;
#978 = CARTESIAN_POINT ( 'NONE',  ( -6.414361532096308771, -1.483351403618801578, 3.333333333333333037 ) ) ;
#979 = CARTESIAN_POINT ( 'NONE',  ( -5.667600221532049787, -2.764407638109396270, 10.20000054708695814 ) ) ;
#980 = CARTESIAN_POINT ( 'NONE',  ( 1.908458813630481199, 6.359292723372758971, -5.999999999997850608 ) ) ;
#981 = CARTESIAN_POINT ( 'NONE',  ( 4.340798672100181221, -2.647104865981879218, -3.333333333333333037 ) ) ;
#982 = CARTESIAN_POINT ( 'NONE',  ( 4.245131480331459706, -4.609462350813320342, 10.55000000000000249 ) ) ;
#983 = CARTESIAN_POINT ( 'NONE',  ( -2.446931069879180409, -5.086377859192368511, 10.55000000000000249 ) ) ;
#984 = CARTESIAN_POINT ( 'NONE',  ( -4.176389625358554625, 1.784704237277077388, 10.54999999999999893 ) ) ;
#985 = CARTESIAN_POINT ( 'NONE',  ( -1.941275052549160218, 4.699058253462400359, -3.333333333333333037 ) ) ;
#986 = CARTESIAN_POINT ( 'NONE',  ( 2.709774012487970118, -4.704454269539819045, 10.20000054708695458 ) ) ;
#987 = ORIENTED_EDGE ( 'NONE', *, *, #7770, .F. ) ;
#988 = CARTESIAN_POINT ( 'NONE',  ( 0.2734276596563971484, 5.660305356722672876, 10.55000000000000071 ) ) ;
#989 = CARTESIAN_POINT ( 'NONE',  ( -2.749668252493142617, 4.730208661836505790, 10.20000054708695281 ) ) ;
#990 = CARTESIAN_POINT ( 'NONE',  ( 2.907966664692025471, -4.882705828915998580, 5.000000000000000000 ) ) ;
#991 = CARTESIAN_POINT ( 'NONE',  ( 4.487390856690769425, -4.841300003967918819, 10.20000054708695458 ) ) ;
#992 = CARTESIAN_POINT ( 'NONE',  ( 0.6769558402903880223, 6.392909033372422556, 10.20000054708695458 ) ) ;
#993 = CARTESIAN_POINT ( 'NONE',  ( 4.603789133465305383, 2.845481767691269592, 10.20000054708695103 ) ) ;
#994 = CARTESIAN_POINT ( 'NONE',  ( -2.243863843062732233, -5.647391114332731554, 10.54999999999999893 ) ) ;
#995 = CARTESIAN_POINT ( 'NONE',  ( 0.3871213561022946448, 5.818819685592115931, 10.54999999999999893 ) ) ;
#996 = CARTESIAN_POINT ( 'NONE',  ( 2.669425199347400746, -4.671164775103251010, -6.000000000002984279 ) ) ;
#997 = CARTESIAN_POINT ( 'NONE',  ( -6.162401348110472021, 1.196908415135740533, 0.000000000000000000 ) ) ;
#998 = CARTESIAN_POINT ( 'NONE',  ( -2.326645905889511035, -6.061339609086265234, 10.20000054708695458 ) ) ;
#999 = CARTESIAN_POINT ( 'NONE',  ( 0.1234753319381791808, 5.202575444592485887, 10.55000000000000249 ) ) ;
#1000 = CARTESIAN_POINT ( 'NONE',  ( 3.951432173771143752, -4.721621391156830327, 10.54999999999999716 ) ) ;
#1001 = CARTESIAN_POINT ( 'NONE',  ( 5.641234053756601696, -0.4360948956154740985, -3.333333333333333037 ) ) ;
#1002 = CARTESIAN_POINT ( 'NONE',  ( -4.786543814685071396, 3.094356560028574510, 10.55000000000000071 ) ) ;
#1003 = CARTESIAN_POINT ( 'NONE',  ( -5.905234494435087633, 0.8574669841946730431, -1.666666666666666297 ) ) ;
#1004 = CARTESIAN_POINT ( 'NONE',  ( 5.049586265068309210, 2.596164312740874447, 10.55000000000000249 ) ) ;
#1005 = CIRCLE ( 'NONE', #4750, 12.50000000000007816 ) ;
#1006 = CARTESIAN_POINT ( 'NONE',  ( 4.954707020477381541, -4.419694229627871174, 5.000000000000000000 ) ) ;
#1007 = CARTESIAN_POINT ( 'NONE',  ( 6.301622807954567307, 1.385736526358676723, -1.666666666666666297 ) ) ;
#1008 = CARTESIAN_POINT ( 'NONE',  ( 5.145676874369751630, 0.2331955338371292097, 10.54999999999999893 ) ) ;
#1009 = CARTESIAN_POINT ( 'NONE',  ( 5.849418486486108293, 0.5938687778687591345, 10.55000000000000249 ) ) ;
#1010 = CARTESIAN_POINT ( 'NONE',  ( -5.684602928100049191, 0.9504370040673590925, -1.666666666666666297 ) ) ;
#1011 = CARTESIAN_POINT ( 'NONE',  ( -5.101598416967302541, 4.091066444686338066, 10.20000054708695636 ) ) ;
#1012 = AXIS2_PLACEMENT_3D ( 'NONE', #3741, #773, #2508 ) ;
#1013 = CARTESIAN_POINT ( 'NONE',  ( -2.453093111084648115, -5.193966233846556868, 10.55000000000000249 ) ) ;
#1014 = CARTESIAN_POINT ( 'NONE',  ( 4.171966758492832383, -1.744001636831976843, 10.55000000000000426 ) ) ;
#1015 = CARTESIAN_POINT ( 'NONE',  ( 2.673921665751363808, 5.679605890652218214, 5.000000000000023093 ) ) ;
#1016 = CARTESIAN_POINT ( 'NONE',  ( 4.361697311507215069, -0.7356094470870440105, 10.55000000000000071 ) ) ;
#1017 = CARTESIAN_POINT ( 'NONE',  ( 2.711647814721307892, -5.315450139805472318, -3.333333333333333037 ) ) ;
#1018 = CARTESIAN_POINT ( 'NONE',  ( -1.518572041796396155, 4.483362720821827629, -5.999999999997540634 ) ) ;
#1019 = CARTESIAN_POINT ( 'NONE',  ( 0.1220607304236049767, 5.082794351157217783, 3.333333333333333037 ) ) ;
#1020 = CARTESIAN_POINT ( 'NONE',  ( -6.576007866396362367, -0.3169947703697422736, 1.666666666666666297 ) ) ;
#1021 = CARTESIAN_POINT ( 'NONE',  ( -6.182517352315069381, -2.242559863127620456, 10.20000054708695281 ) ) ;
#1022 = CARTESIAN_POINT ( 'NONE',  ( -2.669425199348059774, 4.671164775104137412, -5.999999999997090327 ) ) ;
#1023 = CARTESIAN_POINT ( 'NONE',  ( 4.162298500840131865, -3.337064540658603029, -1.666666666666666297 ) ) ;
#1024 = CARTESIAN_POINT ( 'NONE',  ( -5.123360232529842406, -2.593867726572783194, 10.55000000000000249 ) ) ;
#1025 = CARTESIAN_POINT ( 'NONE',  ( -4.242280836835499613, 2.220116510933848097, 10.54999999999999893 ) ) ;
#1026 = CARTESIAN_POINT ( 'NONE',  ( 0.8088334192012713864, 5.273188507352591259, -1.666666666666666297 ) ) ;
#1027 = CARTESIAN_POINT ( 'NONE',  ( 4.526857606715255500, -1.784560724470880544, 10.20000054708695636 ) ) ;
#1028 = CARTESIAN_POINT ( 'NONE',  ( 0.1022544587854442577, -4.885175135070157992, 10.54999999999999893 ) ) ;
#1029 = CARTESIAN_POINT ( 'NONE',  ( 4.954707020477381541, -4.419694229627871174, 10.20000054708695458 ) ) ;
#1030 = DIRECTION ( 'NONE',  ( -0.000000000000000000, -0.000000000000000000, 1.000000000000000000 ) ) ;
#1031 = CARTESIAN_POINT ( 'NONE',  ( -3.438505132883698412, 4.768788947594740257, 10.55000000000000071 ) ) ;
#1032 = CARTESIAN_POINT ( 'NONE',  ( -5.101598416967302541, 4.091066444686338066, 10.20000054708695636 ) ) ;
#1033 = CARTESIAN_POINT ( 'NONE',  ( 4.553079637902986754, -4.832420171271764708, 5.000000000000000000 ) ) ;
#1034 = CARTESIAN_POINT ( 'NONE',  ( 5.034550618108670328, -4.230977002217545468, 10.20000054708695636 ) ) ;
#1035 = CARTESIAN_POINT ( 'NONE',  ( 1.437480894265640519, 6.459690013623639260, 10.20000054708695281 ) ) ;
#1036 = CARTESIAN_POINT ( 'NONE',  ( -5.248533672560569130, -2.943904212591055281, -5.999999999999599432 ) ) ;
#1037 = CARTESIAN_POINT ( 'NONE',  ( 3.470362048767136720, 3.219190813529887674, 5.000000000000000000 ) ) ;
#1038 = CARTESIAN_POINT ( 'NONE',  ( -2.268379640427530042, -6.109298698955501372, 10.20000054708695458 ) ) ;
#1039 = CARTESIAN_POINT ( 'NONE',  ( -2.345131355157535236, -5.501570992544785987, 10.54999999999999893 ) ) ;
#1040 = CARTESIAN_POINT ( 'NONE',  ( 0.3148454541167647891, 5.733454219936201746, 10.55000000000000249 ) ) ;
#1041 = CARTESIAN_POINT ( 'NONE',  ( -0.7946228438934594962, 4.367901414530869886, 10.54999999999999716 ) ) ;
#1042 = CARTESIAN_POINT ( 'NONE',  ( 3.342339944680186470, 3.351076296563536783, 10.20000054708695636 ) ) ;
#1043 = CARTESIAN_POINT ( 'NONE',  ( -6.633242581027158913, 0.2879441185641481993, 0.000000000000000000 ) ) ;
#1044 = CARTESIAN_POINT ( 'NONE',  ( -2.720315904790476580, -4.593201683109384703, 10.20000054708695281 ) ) ;
#1045 = CARTESIAN_POINT ( 'NONE',  ( 1.980362142219244559, 5.887495017755327353, 10.55000000000000249 ) ) ;
#1046 = CARTESIAN_POINT ( 'NONE',  ( 4.209368319818821647, -4.603813653018997698, 10.54999999999999893 ) ) ;
#1047 = FACE_OUTER_BOUND ( 'NONE', #5852, .T. ) ;
#1048 = CARTESIAN_POINT ( 'NONE',  ( -4.293733786656323659, 0.9165514061976192117, 10.55000000000000604 ) ) ;
#1049 = CARTESIAN_POINT ( 'NONE',  ( -4.641992031678378261, 0.9265593960873019785, -5.000000000000000000 ) ) ;
#1050 = CARTESIAN_POINT ( 'NONE',  ( 6.028174117859766312, 0.9245157843923186292, 10.54999999999999893 ) ) ;
#1051 = CARTESIAN_POINT ( 'NONE',  ( 5.905234494435089410, -0.8574669841946730431, -1.666666666666666297 ) ) ;
#1052 = CARTESIAN_POINT ( 'NONE',  ( 4.521380774466269514, -0.4212618335694363059, 10.55000000000000249 ) ) ;
#1053 = SHAPE_DEFINITION_REPRESENTATION ( #5689, #5809 ) ;
#1054 = CARTESIAN_POINT ( 'NONE',  ( 6.057469501784868093, 1.028662289249951955, 10.55000000000000426 ) ) ;
#1055 = CARTESIAN_POINT ( 'NONE',  ( -6.448597502081399924, 0.2151884589974753514, -1.666666666666666297 ) ) ;
#1056 = CARTESIAN_POINT ( 'NONE',  ( -5.225550421098066778, 3.402206253552493731, 10.20000054708695636 ) ) ;
#1057 = CARTESIAN_POINT ( 'NONE',  ( -2.580094979448687376, -3.793211444518372666, 10.55000000000000071 ) ) ;
#1058 = CARTESIAN_POINT ( 'NONE',  ( -2.997400859223740444, 4.979915817394201305, 10.20000054708695458 ) ) ;
#1059 = CARTESIAN_POINT ( 'NONE',  ( 5.192377491128977951, -3.921631092083313064, -5.000000000000000000 ) ) ;
#1060 = CARTESIAN_POINT ( 'NONE',  ( -5.655121071682367884, -0.07334690585003646179, -5.999999999998194333 ) ) ;
#1061 = CARTESIAN_POINT ( 'NONE',  ( 2.371666416849588455, 6.059304634297759229, 5.000000000000000000 ) ) ;
#1062 = CARTESIAN_POINT ( 'NONE',  ( -2.056853978142716421, -5.836787156958176404, 10.55000000000000071 ) ) ;
#1063 = CARTESIAN_POINT ( 'NONE',  ( -4.357361271578866102, 1.744895596418975625, 1.666666666666666297 ) ) ;
#1064 = CARTESIAN_POINT ( 'NONE',  ( -4.114964252841120107, -2.907061721016295230, 10.20000054708695281 ) ) ;
#1065 = CARTESIAN_POINT ( 'NONE',  ( -0.05254660229870321275, 5.812160726609316264, -4.999999999997435829 ) ) ;
#1066 = CARTESIAN_POINT ( 'NONE',  ( 4.495563247843129773, -4.305525677697850107, -1.666666666666666297 ) ) ;
#1067 = CARTESIAN_POINT ( 'NONE',  ( -4.961502297008603790, -2.561853395990070226, 10.55000000000000071 ) ) ;
#1068 = CARTESIAN_POINT ( 'NONE',  ( -4.660696382550839623, 2.983950912821172530, 10.55000000000000426 ) ) ;
#1069 = CARTESIAN_POINT ( 'NONE',  ( 4.622648276911163201, -2.268704946617043916, 10.20000054708695281 ) ) ;
#1070 = EDGE_CURVE ( 'NONE', #2737, #7849, #592, .T. ) ;
#1071 = CARTESIAN_POINT ( 'NONE',  ( 2.669425199347730260, -4.671164775103693323, 10.20000054708695458 ) ) ;
#1072 = B_SPLINE_CURVE_WITH_KNOTS ( 'NONE', 3,
 ( #1994, #4466, #4947, #5114, #6928, #3152, #6288, #2033, #7394, #1880, #1327, #92, #1441, #5723, #3798, #702, #3871, #6327, #171, #2645, #4505, #6970, #3910, #5686, #5034, #6369, #133, #7479, #4347, #6810, #4430, #3755, #6205, #2605, #1960, #659, #5603, #6891, #742, #353, #2763, #2838, #6404, #6550, #3985, #1476, #3388, #5911, #5760, #3457, #2800, #5841, #2070, #2181, #5268, #7631, #5155, #7595, #1514, #6444, #4690, #7008, #1552, #2219, #901, #5799, #5304 ),
 .UNSPECIFIED., .F., .F.,
 ( 4, 1, 1, 1, 1, 1, 1, 1, 1, 1, 1, 1, 1, 1, 1, 1, 1, 1, 1, 1, 1, 1, 1, 1, 1, 1, 1, 1, 1, 1, 1, 1, 1, 1, 1, 1, 1, 1, 1, 1, 1, 1, 1, 1, 1, 1, 1, 1, 1, 1, 1, 1, 1, 1, 1, 1, 1, 1, 1, 1, 1, 1, 1, 1, 4 ),
 ( 0.5126494583076610656, 0.5131993333064277518, 0.5223554505839685946, 0.5327984187631210622, 0.5436822438562587401, 0.5541252120615350885, 0.5632813295219897265, 0.5704088720000047852, 0.5749305257065286945, 0.5764806626827273517, 0.5783098724986919237, 0.5836419643874881658, 0.5920465591397815475, 0.6028430373207298576, 0.6151568493611533350, 0.6279904800311124635, 0.6403042919271825228, 0.6511007699844730823, 0.6595053650660809286, 0.6648374566927189866, 0.6666666665651322932, 0.6682168034675672885, 0.6727384570784377127, 0.6798659999250256103, 0.6890221172240444947, 0.6994650853702790716, 0.7103489104811916421, 0.7207918786954874424, 0.7299479960603468820, 0.7370755387243852486, 0.7415971925504352136, 0.7431473293182524475, 0.7449765393134456515, 0.7503086310241807722, 0.7587132258091784376, 0.7695097040632645768, 0.7818235159497635145, 0.7946571465833821568, 0.8069709587144850982, 0.8177674367777278963, 0.8261720316518750273, 0.8315041233572584289, 0.8333333332205312693, 0.8348834701217291432, 0.8394051238394375503, 0.8465326665844568055, 0.8556887839547335783, 0.8661317520994311625, 0.8770155771509082765, 0.8874585455141870138, 0.8966146627308348993, 0.9037422055325957659, 0.9082638591539669015, 0.9098139960758102607, 0.9116432060273018667, 0.9169752975787378579, 0.9253798926896996679, 0.9361763707277568347, 0.9484901827299379029, 0.9613238133271906349, 0.9736376252512036755, 0.9844341034546062463, 0.9928386983189816384, 0.9981707901223491053, 1.000000000000000000 ),
 .UNSPECIFIED. ) ;
#1073 = CARTESIAN_POINT ( 'NONE',  ( 6.162401348110472910, 1.196908415135738979, 0.000000000000000000 ) ) ;
#1074 = CARTESIAN_POINT ( 'NONE',  ( -4.570170981090878826, 4.323809238605986316, 10.55000000000000071 ) ) ;
#1075 = CARTESIAN_POINT ( 'NONE',  ( 3.410657430924925571, 5.477055024130525140, 1.666666666666666297 ) ) ;
#1076 = CARTESIAN_POINT ( 'NONE',  ( -3.577839807264314942, 5.131762421470096314, 10.20000054708695103 ) ) ;
#1077 = CARTESIAN_POINT ( 'NONE',  ( 4.523082045645346660, -1.395826287384887454, 5.000000000000000000 ) ) ;
#1078 = CARTESIAN_POINT ( 'NONE',  ( 4.614358701534244211, -2.244722021817346036, 10.20000054708695636 ) ) ;
#1079 = CARTESIAN_POINT ( 'NONE',  ( 0.05612696203425200647, 5.971529875348529082, 10.20000054708695458 ) ) ;
#1080 = CARTESIAN_POINT ( 'NONE',  ( -0.4308492520132684578, -6.285730623775078740, 10.20000054708695458 ) ) ;
#1081 = CARTESIAN_POINT ( 'NONE',  ( -2.674027986621343889, -3.620362092350509542, 10.55000000000000604 ) ) ;
#1082 = EDGE_CURVE ( 'NONE', #365, #6344, #7456, .T. ) ;
#1083 = ORIENTED_EDGE ( 'NONE', *, *, #5974, .F. ) ;
#1084 = CARTESIAN_POINT ( 'NONE',  ( 2.802184840245165010, 5.040417428761510443, 10.20000054708695281 ) ) ;
#1085 = CARTESIAN_POINT ( 'NONE',  ( -5.684602928100049191, 0.9504370040673590925, 1.666666666666666297 ) ) ;
#1086 = CARTESIAN_POINT ( 'NONE',  ( -2.082478423765217190, -6.236008238553085725, 10.20000054708695458 ) ) ;
#1087 = CARTESIAN_POINT ( 'NONE',  ( -1.667946539120780169, 4.132139769729535672, 10.55000000000000604 ) ) ;
#1088 = CARTESIAN_POINT ( 'NONE',  ( -5.485579668146328913, -0.02295971142788841290, 10.20000054708695458 ) ) ;
#1089 = CARTESIAN_POINT ( 'NONE',  ( 4.877708749626202156, -3.524549438352774011, 10.54999999999999716 ) ) ;
#1090 = CARTESIAN_POINT ( 'NONE',  ( -6.433344965106440050, -0.9757289509385247417, 10.20000054708695458 ) ) ;
#1091 = B_SPLINE_CURVE_WITH_KNOTS ( 'NONE', 3,
 ( #1830, #2593, #731, #3740, #7467, #3265, #4336, #122, #1391, #4296, #6798, #6278, #1907, #3695, #1232, #6148, #3862, #601, #4975, #3785, #5713, #1273, #5591, #6236, #3095, #5021, #6880, #2507, #4375, #2466, #5061, #3223, #160, #5550, #1316, #4935, #688, #3184, #5635, #4897, #80, #2554, #7345, #1949, #4419, #5676, #305, #4570, #3338, #5217, #7543, #5866, #2023, #930, #234, #2099, #7585, #2789, #7622, #5143, #2634, #198, #1430, #5829, #4493, #2060, #2714, #4534, #7656, #7036, #271, #6359, #4013, #3975, #3939, #5102, #810, #6960, #3901, #3301, #6997, #1468, #6395, #2134, #851, #6432, #3378, #891, #2751, #4605, #7072, #1540, #6472, #3414, #6263, #5619, #1341, #7408, #2540, #6219, #6905, #3288, #719, #2580, #107, #1852, #5048, #3770, #2662, #1974, #631, #3848, #1299, #184, #1417, #758, #5701, #3122, #19, #148, #2622, #5089, #4480, #3888, #6345, #3470, #4521, #4666, #328, #914, #875, #3925, #836, #4037, #988, #5774, #366, #257, #3434, #2853, #2738, #5167, #3363, #5888, #5203, #7644, #7022, #3401, #2812, #4631, #7722, #4591, #7608, #2084, #2121, #7060, #3999, #5853, #292, #5245, #7679, #2157, #574, #6693, #4831, #7282, #1763, #5446, #7841, #6610, #6004, #2313, #2939, #6085, #4270, #7880, #2274, #7916, #2984, #4743, #6125, #7320, #2233, #7208, #1161, #4788, #4113, #7166, #1642, #1204, #6567, #5401, #4193, #2394, #410, #5318, #453, #3512, #7247, #4872, #7759, #1726, #2894, #537, #3630, #5482, #1031, #1686, #5361, #7801, #6649, #1118, #1807, #3590, #6045, #495, #4153, #3670, #1074, #2352, #3027, #4234, #1286, #5564, #1964, #2570, #6292, #2610, #5077, #5607, #2439, #747, #6894, #4349, #5652, #1405, #2481, #3241, #7518, #7356, #7397, #54, #4313, #6773, #1247, #1998, #3713, #2528, #1925, #4469, #6166, #6333, #3758, #618, #4995, #5691, #5523, #6931, #5037, #7442, #3876, #3070, #3110, #6813, #6, #6208, #663, #4394, #6856, #1330, #708, #96, #7483, #4434, #2767, #5194, #7012, #3352, #3913, #1481 ),
 .UNSPECIFIED., .F., .F.,
 ( 4, 2, 2, 2, 2, 2, 2, 2, 2, 2, 2, 2, 2, 2, 2, 2, 2, 2, 2, 2, 2, 2, 2, 2, 2, 2, 2, 2, 2, 2, 2, 2, 2, 2, 2, 2, 2, 2, 2, 2, 2, 2, 1, 2, 2, 1, 2, 2, 1, 2, 2, 2, 2, 2, 2, 1, 2, 2, 2, 2, 2, 2, 2, 2, 2, 2, 2, 2, 2, 2, 2, 2, 2, 2, 2, 2, 2, 2, 2, 2, 2, 2, 2, 2, 2, 2, 2, 2, 2, 2, 2, 2, 2, 2, 2, 2, 2, 2, 2, 2, 2, 2, 2, 2, 2, 2, 2, 2, 2, 2, 2, 2, 2, 2, 2, 2, 2, 2, 2, 2, 2, 2, 2, 2, 2, 2, 2, 2, 2, 2, 2, 2, 2, 2, 2, 2, 2, 2, 2, 2, 2, 4 ),
 ( 0.000000000000000000, 0.001953125000000030358, 0.003906250000000060715, 0.007812500000000164799, 0.01562500000000033307, 0.02343750000000051695, 0.03125000000000070083, 0.03906250000000090206, 0.04687500000000109635, 0.05468750000000129757, 0.05859375000000136696, 0.06250000000000144329, 0.06445312500000149880, 0.06542968750000149880, 0.06640625000000149880, 0.06835937500000149880, 0.06933593750000149880, 0.06982421875000152656, 0.07006835937500151268, 0.07031250000000151268, 0.07128906250000165146, 0.07153320312500169309, 0.07177734375000173472, 0.07226562500000188738, 0.07421875000000253964, 0.07617187500000319189, 0.07714843750000348332, 0.07812500000000378864, 0.08203125000000494049, 0.08593750000000609235, 0.08984375000000725808, 0.09375000000000840994, 0.1015625000000107414, 0.1093750000000130729, 0.1171875000000153905, 0.1250000000000177358, 0.1406250000000224543, 0.1562500000000271727, 0.1640625000000295597, 0.1679687500000307809, 0.1718750000000320022, 0.1738281250000326406, 0.1748046875000329736, 0.1752929687500331402, 0.1757812500000333067, 0.1762695312500335010, 0.1765136718750336120, 0.1767578125000337230, 0.1770019531250338340, 0.1771240234375338618, 0.1772460937500338896, 0.1777343750000338063, 0.1787109375000335842, 0.1791992187500334455, 0.1796875000000333344, 0.1806640625000330569, 0.1811523437500329459, 0.1816406250000328626, 0.1835937500000325295, 0.1855468750000321965, 0.1875000000000318634, 0.1953125000000304756, 0.2031250000000291156, 0.2187500000000263123, 0.2265625000000248968, 0.2304687500000241751, 0.2343750000000234535, 0.2421875000000220657, 0.2441406250000217049, 0.2460937500000213440, 0.2480468750000209832, 0.2500000000000205946, 0.2509765625000204281, 0.2519531250000203171, 0.2529296875000201505, 0.2539062500000199840, 0.2548828125000198175, 0.2558593750000197065, 0.2578125000000194289, 0.2617187500000188738, 0.2656250000000183187, 0.2695312500000177636, 0.2714843750000174860, 0.2734375000000172085, 0.2812500000000160427, 0.2890625000000148770, 0.2968750000000137113, 0.3125000000000114353, 0.3164062500000108247, 0.3203125000000102141, 0.3242187500000096034, 0.3281250000000089928, 0.3359375000000077716, 0.3398437500000071609, 0.3437500000000065503, 0.3457031250000062728, 0.3466796875000061062, 0.3476562500000059397, 0.3481445312500058842, 0.3486328125000058842, 0.3496093750000058287, 0.3505859375000057732, 0.3515625000000057176, 0.3535156250000056066, 0.3554687500000054956, 0.3574218750000053291, 0.3593750000000052180, 0.3613281250000050515, 0.3632812500000049405, 0.3671875000000046074, 0.3750000000000038858, 0.3906250000000024980, 0.3984375000000018319, 0.4023437500000014433, 0.4042968750000012212, 0.4062500000000010547, 0.4101562500000006661, 0.4121093750000004441, 0.4130859375000004441, 0.4140625000000003886, 0.4150390625000003331, 0.4160156250000002776, 0.4165039062500002776, 0.4167480468750002776, 0.4169921875000002776, 0.4174804687500002776, 0.4177246093750002776, 0.4179687500000002776, 0.4199218750000002776, 0.4218750000000002220, 0.4257812500000002220, 0.4296875000000002220, 0.4335937500000002220, 0.4375000000000002220, 0.4453125000000002220, 0.4531250000000001665, 0.4609375000000001110, 0.4687500000000000555, 0.4843750000000000000, 0.4882812500000000000, 0.4921875000000000000, 0.5000000000000000000 ),
 .UNSPECIFIED. ) ;
#1092 = CARTESIAN_POINT ( 'NONE',  ( -4.682046058833727820, 3.001901633228077682, 10.55000000000000249 ) ) ;
#1093 = CARTESIAN_POINT ( 'NONE',  ( -5.851330226675901969, 1.405564791000387670, 0.000000000000000000 ) ) ;
#1094 = CARTESIAN_POINT ( 'NONE',  ( 6.057469501784868093, 1.028662289249951955, 10.55000000000000426 ) ) ;
#1095 = CARTESIAN_POINT ( 'NONE',  ( 5.170810158745608121, -1.486046266603245014, 0.000000000000000000 ) ) ;
#1096 = CARTESIAN_POINT ( 'NONE',  ( 4.078254761772208248, -3.036039421225010582, 1.666666666666666297 ) ) ;
#1097 = CARTESIAN_POINT ( 'NONE',  ( 4.424320916155564554, -0.5975769062451934399, 10.55000000000000071 ) ) ;
#1098 = CARTESIAN_POINT ( 'NONE',  ( -5.387728564703806455, 0.02025352262772481260, 10.20000054708695458 ) ) ;
#1099 = FACE_OUTER_BOUND ( 'NONE', #5317, .T. ) ;
#1100 = CARTESIAN_POINT ( 'NONE',  ( -6.255643805310284300, -0.5241188672390326708, -5.000000000000000000 ) ) ;
#1101 = CARTESIAN_POINT ( 'NONE',  ( -4.581244245009509442, 2.132783484140686969, 10.20000054708695458 ) ) ;
#1102 = CARTESIAN_POINT ( 'NONE',  ( -2.456471665001214610, -5.163851366643736007, 10.54999999999999893 ) ) ;
#1103 = CARTESIAN_POINT ( 'NONE',  ( 4.720344181942270900, -3.032103869390637474, 10.55000000000000249 ) ) ;
#1104 = CARTESIAN_POINT ( 'NONE',  ( -1.052720001348083523, 4.615017103915213248, 10.20000054708695458 ) ) ;
#1105 = CARTESIAN_POINT ( 'NONE',  ( 4.292757939041504045, -2.385778101255113803, 10.54999999999999716 ) ) ;
#1106 = CARTESIAN_POINT ( 'NONE',  ( 4.486534183822808330, -3.934215941351282275, -1.666666666666666297 ) ) ;
#1107 = CARTESIAN_POINT ( 'NONE',  ( -5.192377491129304801, 3.921631092083762482, -5.999999999996578737 ) ) ;
#1108 = CARTESIAN_POINT ( 'NONE',  ( -1.093064383784954297, 4.564698034665722659, 3.333333333333333037 ) ) ;
#1109 = CARTESIAN_POINT ( 'NONE',  ( -0.2452222669028371327, -5.491024247070134479, 10.55000000000000071 ) ) ;
#1110 = CARTESIAN_POINT ( 'NONE',  ( -2.710634745066446971, -4.647372425121903738, 5.000000000000000000 ) ) ;
#1111 = CARTESIAN_POINT ( 'NONE',  ( -3.723497329294536584, -3.074103439789375614, 10.20000054708695458 ) ) ;
#1112 = CARTESIAN_POINT ( 'NONE',  ( -1.982048622023958595, 4.463975086241276813, -5.999999999997408295 ) ) ;
#1113 = CARTESIAN_POINT ( 'NONE',  ( 2.557005768023955294, -5.675329227395412346, -1.666666666666666297 ) ) ;
#1114 = CARTESIAN_POINT ( 'NONE',  ( -4.868457549597333234, -2.903124460883883984, 10.20000054708695458 ) ) ;
#1115 = CARTESIAN_POINT ( 'NONE',  ( -4.202802419151890234, 2.030697025249925236, 10.55000000000000071 ) ) ;
#1116 = CARTESIAN_POINT ( 'NONE',  ( -4.773087588978501827, -2.860248105178433864, 10.20000054708695458 ) ) ;
#1117 = CARTESIAN_POINT ( 'NONE',  ( 3.972996821740307993, 2.573304974326865668, 0.000000000000000000 ) ) ;
#1118 = CARTESIAN_POINT ( 'NONE',  ( -3.666148739447443017, 4.779116282841644470, 10.55000000000000249 ) ) ;
#1119 = CARTESIAN_POINT ( 'NONE',  ( -5.205675990457223179, 3.742388190892500965, 10.20000054708695458 ) ) ;
#1120 = CARTESIAN_POINT ( 'NONE',  ( 5.564139155517589863, 0.06115429241966183899, 5.000000000000000000 ) ) ;
#1121 = CARTESIAN_POINT ( 'NONE',  ( 4.676312697168565791, -0.8907371909153564138, 10.20000054708695636 ) ) ;
#1122 = CARTESIAN_POINT ( 'NONE',  ( -0.2380897079087073431, 5.281633082501482335, 10.20000054708695281 ) ) ;
#1123 = CARTESIAN_POINT ( 'NONE',  ( -2.669425199347730260, 4.671164775103695099, 5.000000000000000000 ) ) ;
#1124 = CARTESIAN_POINT ( 'NONE',  ( -0.9318713266649540916, -6.099380207629082840, 10.55000000000000426 ) ) ;
#1125 = CARTESIAN_POINT ( 'NONE',  ( -3.011157283072181112, 4.487842304399153548, 10.54999999999999893 ) ) ;
#1126 = CARTESIAN_POINT ( 'NONE',  ( -3.138509434429610501, -3.567367258759479576, 10.20000054708695281 ) ) ;
#1127 = CARTESIAN_POINT ( 'NONE',  ( 3.216595893743336543, 3.477098289931173980, 10.20000054708695991 ) ) ;
#1128 = CARTESIAN_POINT ( 'NONE',  ( -4.462859396372666154, -2.435689484388370740, 3.333333333333333037 ) ) ;
#1129 = CARTESIAN_POINT ( 'NONE',  ( -2.747762360399049975, -4.890694189016148385, 10.20000054708695281 ) ) ;
#1130 = CARTESIAN_POINT ( 'NONE',  ( 5.968384844586411830, 2.520093211768953623, 10.20000054708695458 ) ) ;
#1131 = CARTESIAN_POINT ( 'NONE',  ( -3.129705085337732395, 4.599512293929336693, 10.55000000000000071 ) ) ;
#1132 = CARTESIAN_POINT ( 'NONE',  ( -6.003234561327704277, -0.2490531602249172194, 10.20000054708695636 ) ) ;
#1133 = CARTESIAN_POINT ( 'NONE',  ( 4.352091878491823884, -0.7588467514538730363, 10.55000000000000071 ) ) ;
#1134 = CARTESIAN_POINT ( 'NONE',  ( -0.07477099020677754893, -6.017315606013090346, 10.20000054708695458 ) ) ;
#1135 = CARTESIAN_POINT ( 'NONE',  ( -4.499415045465776863, 2.795824652279797373, 10.54999999999999716 ) ) ;
#1136 = CARTESIAN_POINT ( 'NONE',  ( -4.516332414954611352, 1.859659088761147050, -5.000000000000000000 ) ) ;
#1137 = CARTESIAN_POINT ( 'NONE',  ( 3.105327355936974509, 3.093431706159301964, 10.54999999999999893 ) ) ;
#1138 = CARTESIAN_POINT ( 'NONE',  ( 5.485244519758261106, -1.469766839975191752, 0.000000000000000000 ) ) ;
#1139 = CARTESIAN_POINT ( 'NONE',  ( 5.790551135911332636, 2.284109871747715292, 3.333333333333333037 ) ) ;
#1140 = CARTESIAN_POINT ( 'NONE',  ( -5.604626029811752730, -2.827710600053704226, 5.000000000000000000 ) ) ;
#1141 = CARTESIAN_POINT ( 'NONE',  ( 5.158767142606675904, 2.589225820940345368, 10.55000000000000426 ) ) ;
#1142 = CARTESIAN_POINT ( 'NONE',  ( -5.489297186633654846, 1.471292881111661677, 0.000000000000000000 ) ) ;
#1143 = CARTESIAN_POINT ( 'NONE',  ( -4.950067915058505186, 4.373422406003224516, 10.20000054708696524 ) ) ;
#1144 = CARTESIAN_POINT ( 'NONE',  ( -1.315355039181760333, -6.121251378577619029, 10.54999999999999893 ) ) ;
#1145 = CARTESIAN_POINT ( 'NONE',  ( 4.279657064847463666, -2.359582306240579630, 10.54999999999999716 ) ) ;
#1146 = CARTESIAN_POINT ( 'NONE',  ( 2.710634745066447859, 4.647372425121908179, 5.000000000000023093 ) ) ;
#1147 = CARTESIAN_POINT ( 'NONE',  ( 2.729108392372208591, 4.849263011884231922, -5.000000000000000000 ) ) ;
#1148 = CARTESIAN_POINT ( 'NONE',  ( 4.352091878491823884, -0.7588467514538730363, 10.55000000000000071 ) ) ;
#1149 = CARTESIAN_POINT ( 'NONE',  ( 0.6933294261304657757, -4.834757971955980338, 0.000000000000000000 ) ) ;
#1150 = VECTOR ( 'NONE', #743, 1000.000000000000000 ) ;
#1151 = CARTESIAN_POINT ( 'NONE',  ( -5.564139155517891844, -0.06115429241920376791, -5.999999999998220090 ) ) ;
#1152 = CARTESIAN_POINT ( 'NONE',  ( 0.6193174284949883868, 5.934938074355407878, 3.333333333333333037 ) ) ;
#1153 = CARTESIAN_POINT ( 'NONE',  ( -4.257304147301129937, -2.857526457809150600, 5.000000000000000000 ) ) ;
#1154 = CARTESIAN_POINT ( 'NONE',  ( 4.523082045645346660, -1.395826287384887454, 5.000000000000000000 ) ) ;
#1155 = CARTESIAN_POINT ( 'NONE',  ( -2.382783059700024353, 4.540092616159590477, -5.999999999997243094 ) ) ;
#1156 = CARTESIAN_POINT ( 'NONE',  ( 1.122902491428185545, -4.711163676717598392, -1.666666666666666297 ) ) ;
#1157 = CARTESIAN_POINT ( 'NONE',  ( -4.552119583169378814, 0.3719426637591121132, 10.54999999999999716 ) ) ;
#1158 = CARTESIAN_POINT ( 'NONE',  ( 3.211645404180433427, -4.694390216372841707, 10.54999999999999716 ) ) ;
#1159 = CARTESIAN_POINT ( 'NONE',  ( 2.907966664692025471, -4.882705828915998580, 10.20000054708695458 ) ) ;
#1160 = CARTESIAN_POINT ( 'NONE',  ( 3.930152937962594795, 5.185930219046908540, 0.000000000000000000 ) ) ;
#1161 = CARTESIAN_POINT ( 'NONE',  ( -2.945617447647411069, 4.438875461578033033, 10.55000000000000071 ) ) ;
#1162 = CARTESIAN_POINT ( 'NONE',  ( 0.6193174284949883868, 5.934938074355407878, 3.333333333333333037 ) ) ;
#1163 = CARTESIAN_POINT ( 'NONE',  ( -2.883523176405951904, 4.847885405394363190, 10.20000054708695281 ) ) ;
#1164 = CARTESIAN_POINT ( 'NONE',  ( 5.590721306999639317, -0.4402265200835096537, 3.333333333333333037 ) ) ;
#1165 = CARTESIAN_POINT ( 'NONE',  ( 4.653509407559803357, -0.9492670491291755885, 10.20000054708695636 ) ) ;
#1166 = CARTESIAN_POINT ( 'NONE',  ( 0.4110395552136932307, 6.274462126212609014, 10.20000054708695458 ) ) ;
#1167 = CARTESIAN_POINT ( 'NONE',  ( -3.213266569546251894, 5.088083704188176348, 5.000000000000000000 ) ) ;
#1168 = CARTESIAN_POINT ( 'NONE',  ( -2.687138274064332144, -5.604145930936971887, 10.20000054708695458 ) ) ;
#1169 = CARTESIAN_POINT ( 'NONE',  ( -0.5483969451470112055, -5.948606357429497393, 10.54999999999999893 ) ) ;
#1170 = CARTESIAN_POINT ( 'NONE',  ( 4.533687937200369333, 1.816938096579821194, 0.000000000000000000 ) ) ;
#1171 = CARTESIAN_POINT ( 'NONE',  ( 0.6476541954603693974, -4.841088142862992605, -6.000000000002393641 ) ) ;
#1172 = CARTESIAN_POINT ( 'NONE',  ( -3.267439549192918680, -3.424002307876079065, 10.20000054708695458 ) ) ;
#1173 = CARTESIAN_POINT ( 'NONE',  ( 3.247087444592027694, 3.444516606343403620, 10.20000054708695281 ) ) ;
#1174 = CARTESIAN_POINT ( 'NONE',  ( -4.091089480663188560, -4.128796472022229658, 0.000000000000000000 ) ) ;
#1175 = CARTESIAN_POINT ( 'NONE',  ( 0.3645140895188260233, -5.117020726231451988, 10.20000054708695458 ) ) ;
#1176 = CARTESIAN_POINT ( 'NONE',  ( 6.396863497524679865, 1.723971539067256309, 10.20000054708695814 ) ) ;
#1177 = CARTESIAN_POINT ( 'NONE',  ( -0.8188296664681282699, 4.356330182938618734, 10.54999999999999893 ) ) ;
#1178 = CARTESIAN_POINT ( 'NONE',  ( -6.062508022920858330, -2.412733976743248299, 10.20000054708695281 ) ) ;
#1179 = CARTESIAN_POINT ( 'NONE',  ( 5.300610539906855934, 0.3222714142784925406, 10.55000000000000249 ) ) ;
#1180 = CARTESIAN_POINT ( 'NONE',  ( -3.470362048767141605, -3.219190813529884121, 5.000000000000024869 ) ) ;
#1181 = CARTESIAN_POINT ( 'NONE',  ( -5.925355114373676457, -0.7003248696417905261, 10.54999999999999716 ) ) ;
#1182 = CARTESIAN_POINT ( 'NONE',  ( 2.762283642826642627, 3.484965276173817461, 10.55000000000000071 ) ) ;
#1183 = CARTESIAN_POINT ( 'NONE',  ( 5.123227066716999012, -0.2064956504712237850, -6.000000000001803890 ) ) ;
#1184 = EDGE_CURVE ( 'NONE', #4445, #7849, #7445, .T. ) ;
#1185 = CARTESIAN_POINT ( 'NONE',  ( -5.678210433007524927, -0.07740784995846800021, 10.20000054708695636 ) ) ;
#1186 = CARTESIAN_POINT ( 'NONE',  ( 5.895169791849885321, 2.042788772009697329, 10.54999999999999538 ) ) ;
#1187 = CARTESIAN_POINT ( 'NONE',  ( -3.840358520603883274, 3.017819880700676638, 0.000000000000000000 ) ) ;
#1188 = CARTESIAN_POINT ( 'NONE',  ( -5.191392281140892351, 0.1665387083452584405, 10.20000054708695281 ) ) ;
#1189 = CARTESIAN_POINT ( 'NONE',  ( -0.5483969451470112055, -5.948606357429497393, 10.54999999999999893 ) ) ;
#1190 = CARTESIAN_POINT ( 'NONE',  ( 4.309739982180221141, -0.8711698025621910091, 10.54999999999999893 ) ) ;
#1191 = CARTESIAN_POINT ( 'NONE',  ( -2.907966664692027692, 4.882705828916002133, 10.20000054708695458 ) ) ;
#1192 = CARTESIAN_POINT ( 'NONE',  ( 3.695205439896792399, 4.685349591553729987, -1.666666666666666297 ) ) ;
#1193 = CARTESIAN_POINT ( 'NONE',  ( 4.018825604028019249, -4.018224371688233099, 0.000000000000000000 ) ) ;
#1194 = CARTESIAN_POINT ( 'NONE',  ( -6.433344965106769564, -0.9757289509380819847, -5.999999999998350653 ) ) ;
#1195 = CARTESIAN_POINT ( 'NONE',  ( 1.530097869399086319, 5.607385669498455627, 0.000000000000000000 ) ) ;
#1196 = CARTESIAN_POINT ( 'NONE',  ( 3.044495954863446485, -4.515128473759445704, 10.55000000000000071 ) ) ;
#1197 = CARTESIAN_POINT ( 'NONE',  ( -4.312018030364509258, -2.205101750084089041, 1.666666666666666297 ) ) ;
#1198 = CARTESIAN_POINT ( 'NONE',  ( 5.678215680384664843, 0.07738646006728286397, 5.000000000000011546 ) ) ;
#1199 = CARTESIAN_POINT ( 'NONE',  ( 2.428801638924722894, -5.084976303599237468, -3.333333333333333037 ) ) ;
#1200 = CARTESIAN_POINT ( 'NONE',  ( -5.999678256659661812, -0.8474270793132746560, 10.54999999999999893 ) ) ;
#1201 = CARTESIAN_POINT ( 'NONE',  ( 2.617973373246324620, -4.268132448718699123, 10.54999999999999716 ) ) ;
#1202 = CARTESIAN_POINT ( 'NONE',  ( -6.433344965106440050, -0.9757289509385247417, 10.20000054708695458 ) ) ;
#1203 = CARTESIAN_POINT ( 'NONE',  ( -1.426011146523625817, 5.378650072249708813, 0.000000000000000000 ) ) ;
#1204 = CARTESIAN_POINT ( 'NONE',  ( -3.092110033603652663, 4.559897326666079387, 10.55000000000000426 ) ) ;
#1205 = CARTESIAN_POINT ( 'NONE',  ( 1.350213967088333078, 6.500749273344065493, 5.000000000000000000 ) ) ;
#1206 = CARTESIAN_POINT ( 'NONE',  ( -4.612240862252207307, 1.070583860654511277, 10.20000054708695103 ) ) ;
#1207 = CARTESIAN_POINT ( 'NONE',  ( 5.526321542317155888, -0.9537999460175095034, 1.666666666666666297 ) ) ;
#1208 = CARTESIAN_POINT ( 'NONE',  ( 4.928641572772444412, -0.4443028467959682093, 10.20000054708695103 ) ) ;
#1209 = CARTESIAN_POINT ( 'NONE',  ( -0.07148309077033195014, 5.736406014195126524, 10.20000054708695103 ) ) ;
#1210 = CARTESIAN_POINT ( 'NONE',  ( 4.867682092987281273, -3.683010229554095627, 10.55000000000000071 ) ) ;
#1211 = CARTESIAN_POINT ( 'NONE',  ( -1.085686301334424675, -6.472522878131602653, 10.20000054708695458 ) ) ;
#1212 = CARTESIAN_POINT ( 'NONE',  ( -1.549611450163200121, -6.081139238669805103, 10.55000000000000426 ) ) ;
#1213 = CARTESIAN_POINT ( 'NONE',  ( -2.512516222706675073, 4.229097724535383129, 10.55000000000000249 ) ) ;
#1214 = CARTESIAN_POINT ( 'NONE',  ( 3.689804543892921451, 2.901137757781255377, 1.666666666666666297 ) ) ;
#1215 = VERTEX_POINT ( 'NONE', #5160 ) ;
#1216 = CARTESIAN_POINT ( 'NONE',  ( -3.284550462332525900, -3.406796204312542820, 10.20000054708695281 ) ) ;
#1217 = CARTESIAN_POINT ( 'NONE',  ( 0.5096497412685159212, 6.325905535876484187, 10.20000054708695458 ) ) ;
#1218 = CARTESIAN_POINT ( 'NONE',  ( -3.134419601341341455, -4.540937647741743355, 3.333333333333333037 ) ) ;
#1219 = CARTESIAN_POINT ( 'NONE',  ( -1.344925194607803132, -6.470078917730623047, 10.20000054708695281 ) ) ;
#1220 = CARTESIAN_POINT ( 'NONE',  ( -0.7465251363946656671, 4.391903482780891821, 10.55000000000000426 ) ) ;
#1221 = CARTESIAN_POINT ( 'NONE',  ( -6.293969882250029180, -0.6474204617397307793, 10.20000054708695458 ) ) ;
#1222 = CARTESIAN_POINT ( 'NONE',  ( 5.417314309998237931, 0.3734406664252555297, 10.54999999999999716 ) ) ;
#1223 = CARTESIAN_POINT ( 'NONE',  ( -3.868678216692781113, -2.981429057092635393, 5.000000000000024869 ) ) ;
#1224 = CARTESIAN_POINT ( 'NONE',  ( -5.788548453277801542, -0.5280367278900817141, 10.55000000000000249 ) ) ;
#1225 = CARTESIAN_POINT ( 'NONE',  ( 2.534327853376174389, 3.890910468007556133, 10.55000000000000249 ) ) ;
#1226 = CARTESIAN_POINT ( 'NONE',  ( 4.061678536503566583, -5.083575693552490726, -6.000000000003613110 ) ) ;
#1227 = CARTESIAN_POINT ( 'NONE',  ( 6.224562986243682872, -0.04955689355255740031, 3.333333333333333037 ) ) ;
#1228 = DIRECTION ( 'NONE',  ( 1.000000000000000000, 0.000000000000000000, 0.000000000000000000 ) ) ;
#1229 = CARTESIAN_POINT ( 'NONE',  ( 4.051038380329612387, 2.561352270810723031, 10.55000000000000071 ) ) ;
#1230 = CARTESIAN_POINT ( 'NONE',  ( -4.061678536503901427, 5.083575693552930375, -5.000000000000000000 ) ) ;
#1231 = CARTESIAN_POINT ( 'NONE',  ( -1.197489060269089522, -6.126186202381068036, 10.55000000000000249 ) ) ;
#1232 = CARTESIAN_POINT ( 'NONE',  ( 6.029969510083677875, 1.749812080031189154, 10.55000000000000071 ) ) ;
#1233 = CARTESIAN_POINT ( 'NONE',  ( -4.603342582428153307, 2.258170310738743414, 10.20000054708695458 ) ) ;
#1234 = CARTESIAN_POINT ( 'NONE',  ( 3.636476399295999862, 5.052096566640852160, -1.666666666666666297 ) ) ;
#1235 = CARTESIAN_POINT ( 'NONE',  ( -3.565988210183661522, -5.600584521419600392, 0.000000000000000000 ) ) ;
#1236 = CARTESIAN_POINT ( 'NONE',  ( 5.132211793427189583, -4.013861282715381229, 10.20000054708695636 ) ) ;
#1237 = CARTESIAN_POINT ( 'NONE',  ( 6.433344965106111424, 0.9757289509389681648, -6.000000000001712408 ) ) ;
#1238 = CARTESIAN_POINT ( 'NONE',  ( -4.091089480663187672, 4.128796472022226993, 0.000000000000000000 ) ) ;
#1239 = CARTESIAN_POINT ( 'NONE',  ( -3.539730810310473430, -4.232612283599253900, 1.666666666666666297 ) ) ;
#1240 = CARTESIAN_POINT ( 'NONE',  ( -4.257304147301129937, -2.857526457809150600, 5.000000000000000000 ) ) ;
#1241 = CARTESIAN_POINT ( 'NONE',  ( 1.298451264820540185, -5.221076087381557151, 0.000000000000000000 ) ) ;
#1242 = CARTESIAN_POINT ( 'NONE',  ( -6.028357741287722504, -0.9250344475386527154, 10.54999999999999716 ) ) ;
#1243 = ADVANCED_FACE ( 'NONE', ( #4585 ), #4017, .T. ) ;
#1244 = CARTESIAN_POINT ( 'NONE',  ( -6.013043029953788476, -0.2387286294163138423, -5.999999999998149924 ) ) ;
#1245 = CARTESIAN_POINT ( 'NONE',  ( 2.532089545197892200, -4.236247335161555938, 10.54999999999999716 ) ) ;
#1246 = CARTESIAN_POINT ( 'NONE',  ( 6.633242581027162466, -0.2879441185641440915, 0.000000000000000000 ) ) ;
#1247 = CARTESIAN_POINT ( 'NONE',  ( -4.738901346542033544, 3.046001047014892826, 10.55000000000000071 ) ) ;
#1248 = CARTESIAN_POINT ( 'NONE',  ( -1.499767045398625598, 4.858023890765652553, 1.666666666666666297 ) ) ;
#1249 = CARTESIAN_POINT ( 'NONE',  ( -4.635540500640665584, 2.304912012909231311, 10.20000054708695814 ) ) ;
#1250 = CARTESIAN_POINT ( 'NONE',  ( 4.156358563041987253, -2.180812078679541521, 1.666666666666666297 ) ) ;
#1251 = CARTESIAN_POINT ( 'NONE',  ( 5.441389688126561985, 0.0009977561274748252169, 10.20000054708695636 ) ) ;
#1252 = CARTESIAN_POINT ( 'NONE',  ( -0.9473669349375866133, 4.682837168348385148, 10.20000054708695458 ) ) ;
#1253 = CARTESIAN_POINT ( 'NONE',  ( -5.678215679999999210, -0.07738645999999999026, 10.55000000000000071 ) ) ;
#1254 = CARTESIAN_POINT ( 'NONE',  ( 1.970999319873941280, -4.480215241096198397, 10.20000054708695458 ) ) ;
#1255 = CARTESIAN_POINT ( 'NONE',  ( 3.247490944899273035, 5.006080960982938421, -3.333333333333333037 ) ) ;
#1256 = CARTESIAN_POINT ( 'NONE',  ( 4.257304147301131714, 2.857526457809149711, 5.000000000000000000 ) ) ;
#1257 = ORIENTED_EDGE ( 'NONE', *, *, #4290, .F. ) ;
#1258 = CARTESIAN_POINT ( 'NONE',  ( -3.873035555207723135, -2.998099607881483220, 10.20000054708695458 ) ) ;
#1259 = CARTESIAN_POINT ( 'NONE',  ( 2.118833831743147655, 6.215194608271199961, 10.20000054708695814 ) ) ;
#1260 = CARTESIAN_POINT ( 'NONE',  ( -3.485117518757674837, -4.039144021101851223, 1.666666666666666297 ) ) ;
#1261 = CARTESIAN_POINT ( 'NONE',  ( 0.7763021844196485999, -4.776220328010100324, 10.20000054708695281 ) ) ;
#1262 = CARTESIAN_POINT ( 'NONE',  ( 5.912109476074023817, 0.1798185061057542555, 10.20000054708695103 ) ) ;
#1263 = CARTESIAN_POINT ( 'NONE',  ( -2.759387238546465060, 4.331829763396489952, 10.55000000000000249 ) ) ;
#1264 = CARTESIAN_POINT ( 'NONE',  ( -5.698602682105716077, -2.744810140611251725, 10.20000054708695281 ) ) ;
#1265 = CARTESIAN_POINT ( 'NONE',  ( 4.267429336272377860, -1.003695657159046073, 10.54999999999999893 ) ) ;
#1266 = CARTESIAN_POINT ( 'NONE',  ( -2.814033178045508787, -5.085783199819224443, 10.20000054708695458 ) ) ;
#1267 = CARTESIAN_POINT ( 'NONE',  ( -6.089933216949273920, -1.412151825226727331, 10.55000000000000782 ) ) ;
#1268 = CARTESIAN_POINT ( 'NONE',  ( 6.461538437134771051, 1.526872548237521388, 5.000000000000000000 ) ) ;
#1269 = CARTESIAN_POINT ( 'NONE',  ( 5.290779478870734742, 2.557090326444713568, 10.55000000000000071 ) ) ;
#1270 = CARTESIAN_POINT ( 'NONE',  ( -4.142919934894312206, 4.364618222124517999, 0.000000000000000000 ) ) ;
#1271 = CARTESIAN_POINT ( 'NONE',  ( -4.557016951910522806, 1.298793588857265702, 10.20000054708695636 ) ) ;
#1272 = CARTESIAN_POINT ( 'NONE',  ( -0.06463195842295027527, -5.104865769620722915, 10.54999999999999893 ) ) ;
#1273 = CARTESIAN_POINT ( 'NONE',  ( 5.439066121350680127, 2.493539298642301283, 10.54999999999999716 ) ) ;
#1274 = CARTESIAN_POINT ( 'NONE',  ( 5.678215680000000987, 0.07738646000000000413, 10.20000054708695281 ) ) ;
#1275 = CARTESIAN_POINT ( 'NONE',  ( 0.1704022720372699862, -5.377413347294651480, -5.000000000000000000 ) ) ;
#1276 = CARTESIAN_POINT ( 'NONE',  ( 5.217881905327960368, -3.661458593670733119, 10.20000054708695458 ) ) ;
#1277 = CARTESIAN_POINT ( 'NONE',  ( 5.705468039007569381, 0.08215326004307718644, -6.000000000001868727 ) ) ;
#1278 = CARTESIAN_POINT ( 'NONE',  ( -4.350894455684721329, 4.764497176725710048, 1.666666666666666297 ) ) ;
#1279 = CARTESIAN_POINT ( 'NONE',  ( 0.3206807223954900032, -4.673261850620243685, 10.55000000000000071 ) ) ;
#1280 = CARTESIAN_POINT ( 'NONE',  ( -3.123419988198143482, -3.556803324690040569, 5.000000000000000000 ) ) ;
#1281 = CARTESIAN_POINT ( 'NONE',  ( -5.007205532966260364, -2.951587071971436771, 5.000000000000000000 ) ) ;
#1282 = CARTESIAN_POINT ( 'NONE',  ( -3.604071719379966954, -4.332058221710632040, -1.666666666666666297 ) ) ;
#1283 = CARTESIAN_POINT ( 'NONE',  ( -6.078117411388290314, -1.520898288743380622, 10.54999999999999716 ) ) ;
#1284 = DIRECTION ( 'NONE',  ( 0.000000000000000000, 0.000000000000000000, -1.000000000000000000 ) ) ;
#1285 = FACE_OUTER_BOUND ( 'NONE', #7021, .T. ) ;
#1286 = CARTESIAN_POINT ( 'NONE',  ( -4.856437708982572765, 3.710755265680122150, 10.55000000000000249 ) ) ;
#1287 = CARTESIAN_POINT ( 'NONE',  ( 1.298451264820542406, 5.221076087381561592, 0.000000000000000000 ) ) ;
#1288 = CARTESIAN_POINT ( 'NONE',  ( -4.798227214781819683, 0.6405490155655793050, 10.20000054708695636 ) ) ;
#1289 = CARTESIAN_POINT ( 'NONE',  ( -5.173762681679801467, 3.073411379804812604, -5.000000000000000000 ) ) ;
#1290 = CARTESIAN_POINT ( 'NONE',  ( 4.572141635379512792, -2.095908441505191622, 10.20000054708695458 ) ) ;
#1291 = CARTESIAN_POINT ( 'NONE',  ( -4.533323158316872714, 4.808425793065539189, 10.20000054708695814 ) ) ;
#1292 = CIRCLE ( 'NONE', #4384, 12.50000000000007816 ) ;
#1293 = CARTESIAN_POINT ( 'NONE',  ( -5.618119473621308479, 0.4390842288719242759, -3.333333333333333037 ) ) ;
#1294 = CARTESIAN_POINT ( 'NONE',  ( -0.2278741504870159529, -6.147832628202444916, 10.20000054708695458 ) ) ;
#1295 = CARTESIAN_POINT ( 'NONE',  ( -1.108912569958247163, -6.123208389151193920, 10.55000000000000249 ) ) ;
#1296 = CARTESIAN_POINT ( 'NONE',  ( 3.098866292598212890, 4.030722636955604621, -3.333333333333333037 ) ) ;
#1297 = CARTESIAN_POINT ( 'NONE',  ( 4.018825604028020138, 4.018224371688232210, 0.000000000000000000 ) ) ;
#1298 = ORIENTED_EDGE ( 'NONE', *, *, #3117, .T. ) ;
#1299 = CARTESIAN_POINT ( 'NONE',  ( 2.429184131168475425, 5.305741812220301057, 10.55000000000000071 ) ) ;
#1300 = CARTESIAN_POINT ( 'NONE',  ( 0.2231214106639639039, 6.143692841154194006, 10.20000054708695458 ) ) ;
#1301 = CARTESIAN_POINT ( 'NONE',  ( -4.882270699514534407, -2.908697158505072711, 5.000000000000000000 ) ) ;
#1302 = CARTESIAN_POINT ( 'NONE',  ( 0.005165061161121318849, -5.885814603064386752, 10.20000054708695458 ) ) ;
#1303 = CARTESIAN_POINT ( 'NONE',  ( 6.325399317172186286, 0.7158563513960065627, 10.20000054708695991 ) ) ;
#1304 = B_SPLINE_SURFACE_WITH_KNOTS ( 'NONE', 3, 1, ( 
 ( #130, #6440 ),
 ( #7552, #3345 ),
 ( #168, #5838 ),
 ( #2602, #2642 ),
 ( #5111, #6366 ),
 ( #5151, #817 ),
 ( #4463, #3308 ),
 ( #2067, #4541 ),
 ( #2721, #7005 ),
 ( #3945, #6401 ),
 ( #5225, #1511 ),
 ( #5795, #1549 ),
 ( #268, #4455 ),
 ( #4490, #6275 ),
 ( #2748, #3898 ),
 ( #6957, #5058 ),
 ( #3262, #2096 ),
 ( #6917, #5673 ),
 ( #1427, #6356 ),
 ( #807, #3298 ),
 ( #119, #2590 ),
 ( #7501, #2057 ),
 ( #3036, #4084 ),
 ( #5411, #421 ),
 ( #1694, #4162 ),
 ( #996, #1774 ),
 ( #460, #4798 ),
 ( #5934, #503 ),
 ( #375, #4242 ),
 ( #4839, #2862 ),
 ( #1171, #3640 ),
 ( #6095, #2241 ),
 ( #6576, #7701 ),
 ( #348, #4685 ),
 ( #4370, #5630 ),
 ( #7581, #5056 ),
 ( #230, #5017 ),
 ( #6313, #2019 ),
 ( #847, #6955 ),
 ( #3896, #194 ),
 ( #3334, #6232 ),
 ( #1996, #135 ),
 ( #1367, #2648 ),
 ( #4467, #6331 ),
 ( #3155, #3874 ),
 ( #5605, #616 ),
 ( #2526, #4432 ),
 ( #3200, #783 ),
 ( #6771, #5117 ),
 ( #6252, #5075 ),
 ( #172, #6164 ),
 ( #2479, #5035 ),
 ( #7481, #4993 ),
 ( #3837, #4948 ),
 ( #7440, #4391 ),
 ( #6854, #5725 ),
 ( #706, #1962 ),
 ( #6290, #5688 ),
 ( #745, #3239 ),
 ( #2608, #1794 ),
 ( #7311, #526 ),
 ( #1754, #4261 ),
 ( #4860, #5994 ),
 ( #1194, #2927 ),
 ( #441, #5390 ),
 ( #3662, #398 ),
 ( #3017, #4820 ),
 ( #4776, #4224 ),
 ( #4691, #6721 ) ),
 .UNSPECIFIED., .F., .F., .F.,
 ( 4, 1, 1, 1, 1, 1, 1, 1, 1, 1, 1, 1, 1, 1, 1, 1, 1, 1, 1, 1, 1, 1, 1, 1, 1, 1, 1, 1, 1, 1, 1, 1, 1, 1, 1, 1, 1, 1, 1, 1, 1, 1, 1, 1, 1, 1, 1, 1, 1, 1, 1, 1, 1, 1, 1, 1, 1, 1, 1, 1, 1, 1, 1, 1, 1, 1, 4 ),
 ( 2, 2 ),
 ( 0.000000000000000000, 0.001550136839284177448, 0.006071790579032732005, 0.01319933330643396907, 0.02235545058397470086, 0.03279841876312716842, 0.04368224385626462425, 0.05412521206154097264, 0.06328132952199549965, 0.07040887200001055835, 0.07493052570653435662, 0.07648066268273290280, 0.07830987249869736377, 0.08364196438749349483, 0.09204655913978676551, 0.1028430373207350756, 0.1151568493611582200, 0.1279904800311172375, 0.1403042919271870748, 0.1511007699844777452, 0.1595053650660853695, 0.1648374566927234275, 0.1666666665651366230, 0.1682168034675717294, 0.1727384570784420426, 0.1798659999250299402, 0.1890221172240486025, 0.1994650853702830684, 0.2103489104811955279, 0.2207918786954912171, 0.2299479960603503237, 0.2370755387243885792, 0.2415971925504385442, 0.2431473293182557782, 0.2449765393134490932, 0.2503086310241839918, 0.2587132258091816572, 0.2695097040632674634, 0.2818235159497662901, 0.2946571465833847103, 0.3069709587144875407, 0.3177674367777303388, 0.3261720316518774698, 0.3315041233572606494, 0.3333333332205334898, 0.3348834701217312526, 0.3394051238394395487, 0.3465326665844588039, 0.3556887839547353547, 0.3661317520994328278, 0.3770155771509098308, 0.3874585455141883461, 0.3966146627308362316, 0.4037422055325969872, 0.4082638591539680117, 0.4098139960758113709, 0.4116432060273029769, 0.4169752975787387461, 0.4253798926897006671, 0.4361763707277577229, 0.4484901827299385690, 0.4613238133271911900, 0.4736376252512040086, 0.4844341034546064684, 0.4928386983189817494, 0.4981707901223489943, 0.4999999999999999445 ),
 ( 0.000000000000000000, 1.000000000000000000 ),
 .UNSPECIFIED. ) ;
#1305 = CARTESIAN_POINT ( 'NONE',  ( -6.419232251471059136, -1.053332423663681627, 10.20000054708695103 ) ) ;
#1306 = CARTESIAN_POINT ( 'NONE',  ( 4.664603737341794343, -0.2133406725095742529, 10.55000000000000426 ) ) ;
#1307 = CARTESIAN_POINT ( 'NONE',  ( -4.571775429901919097, -2.836279366628511767, 10.20000054708695458 ) ) ;
#1308 = CARTESIAN_POINT ( 'NONE',  ( -5.122168308263156611, -0.2178426278369046121, 10.55000000000000249 ) ) ;
#1309 = CARTESIAN_POINT ( 'NONE',  ( 1.761203591340817498, 6.007713404975511651, 10.55000000000000071 ) ) ;
#1310 = CARTESIAN_POINT ( 'NONE',  ( 2.669425199347400746, -4.671164775103251010, -6.000000000002972733 ) ) ;
#1311 = CARTESIAN_POINT ( 'NONE',  ( 6.304921007630883700, 2.081055046146127907, 5.000000000000000000 ) ) ;
#1312 = CARTESIAN_POINT ( 'NONE',  ( 5.509257501021835424, 2.450302578268820142, 10.55000000000000249 ) ) ;
#1313 = CARTESIAN_POINT ( 'NONE',  ( -3.069363961253910311, 5.415408124717999705, -3.333333333333333037 ) ) ;
#1314 = CARTESIAN_POINT ( 'NONE',  ( -4.775435556920420765, 0.6810502373608036120, 10.20000054708695458 ) ) ;
#1315 = CARTESIAN_POINT ( 'NONE',  ( -1.374190389788335409, -6.115002025547732423, 10.55000000000000249 ) ) ;
#1316 = CARTESIAN_POINT ( 'NONE',  ( 5.050445713567882855, 2.593652866129101842, 10.55000000000000071 ) ) ;
#1317 = CARTESIAN_POINT ( 'NONE',  ( -5.173762681679801467, 3.073411379804812604, 10.20000054708695458 ) ) ;
#1318 = CARTESIAN_POINT ( 'NONE',  ( -1.470471587390116408, -5.489517252965710803, 0.000000000000000000 ) ) ;
#1319 = CARTESIAN_POINT ( 'NONE',  ( 4.669108844836876493, -2.385804866275261560, 10.20000054708695636 ) ) ;
#1320 = CARTESIAN_POINT ( 'NONE',  ( -1.002549712166490803, -5.675644021868743394, 1.666666666666666297 ) ) ;
#1321 = CARTESIAN_POINT ( 'NONE',  ( -5.192377491128975286, 3.921631092083320169, 5.000000000000000000 ) ) ;
#1322 = CARTESIAN_POINT ( 'NONE',  ( -0.04872305968690769651, -5.079295224806359421, 10.55000000000000071 ) ) ;
#1323 = CARTESIAN_POINT ( 'NONE',  ( 5.959138762194273298, -0.3093691773889581942, 3.333333333333333037 ) ) ;
#1324 = CARTESIAN_POINT ( 'NONE',  ( 5.192377491128977951, -3.921631092083313064, 5.000000000000000000 ) ) ;
#1325 = CARTESIAN_POINT ( 'NONE',  ( -3.945042019279604961, -3.924286919456764000, 0.000000000000000000 ) ) ;
#1326 = CARTESIAN_POINT ( 'NONE',  ( -5.974172107457556891, -1.889568562575907107, 10.55000000000000249 ) ) ;
#1327 = CARTESIAN_POINT ( 'NONE',  ( -4.960140980963031687, 2.773821869950010566, 10.20000054708695458 ) ) ;
#1328 = CARTESIAN_POINT ( 'NONE',  ( -5.621187373405012622, 1.478589194937731888, 0.000000000000000000 ) ) ;
#1329 = CARTESIAN_POINT ( 'NONE',  ( 6.440971233593919543, 0.3802702459705246119, 3.333333333333333037 ) ) ;
#1330 = CARTESIAN_POINT ( 'NONE',  ( -4.210728963839073913, 1.235808322364190026, 10.55000000000000426 ) ) ;
#1331 = CARTESIAN_POINT ( 'NONE',  ( -4.162298500840132753, 3.337064540658602141, 1.666666666666666297 ) ) ;
#1332 = CARTESIAN_POINT ( 'NONE',  ( -5.226696160017918480, 3.556987436165582661, 10.20000054708695636 ) ) ;
#1333 = CARTESIAN_POINT ( 'NONE',  ( 5.007205532966265693, 2.951587071971437659, -5.000000000000000000 ) ) ;
#1334 = CARTESIAN_POINT ( 'NONE',  ( -5.929140886896819396, -1.989633901638281577, 10.55000000000000249 ) ) ;
#1335 = CARTESIAN_POINT ( 'NONE',  ( -2.844759074363520490, 4.807278783630890118, 10.20000054708694925 ) ) ;
#1336 = EDGE_CURVE ( 'NONE', #4630, #3641, #3035, .T. ) ;
#1337 = CARTESIAN_POINT ( 'NONE',  ( -3.213266569546251894, 5.088083704188176348, -5.000000000000000000 ) ) ;
#1338 = CARTESIAN_POINT ( 'NONE',  ( 0.1907475296124158115, -5.358015989221700970, 10.20000054708695103 ) ) ;
#1339 = CARTESIAN_POINT ( 'NONE',  ( 4.668414645444203259, 2.013852510967589104, -1.666666666666666297 ) ) ;
#1340 = ORIENTED_EDGE ( 'NONE', *, *, #2851, .T. ) ;
#1341 = CARTESIAN_POINT ( 'NONE',  ( 2.440550120089683084, 5.069242599787788350, 10.54999999999999893 ) ) ;
#1342 = CARTESIAN_POINT ( 'NONE',  ( -0.1015067990420275429, 5.551444320599778770, 10.20000054708695458 ) ) ;
#1343 = UNCERTAINTY_MEASURE_WITH_UNIT (LENGTH_MEASURE( 1.000000000000000082E-05 ), #3551, 'distance_accuracy_value', 'NONE');
#1344 = CARTESIAN_POINT ( 'NONE',  ( -3.930152937962594795, -5.185930219046911205, 0.000000000000000000 ) ) ;
#1345 = CARTESIAN_POINT ( 'NONE',  ( 1.226302132101126707, -4.571874825412876042, 10.20000054708695281 ) ) ;
#1346 = CARTESIAN_POINT ( 'NONE',  ( 4.393786317331925595, 2.851628816923910126, 10.20000054708695281 ) ) ;
#1347 = CARTESIAN_POINT ( 'NONE',  ( 6.412674839095481083, 1.016493981708204819, 10.20000054708695458 ) ) ;
#1348 = CARTESIAN_POINT ( 'NONE',  ( -5.854561891947748897, -2.105265633312940032, 10.54999999999999716 ) ) ;
#1349 = CARTESIAN_POINT ( 'NONE',  ( 1.471750771492489118, 6.098985390848325139, 10.54999999999999893 ) ) ;
#1350 = CARTESIAN_POINT ( 'NONE',  ( 5.170810158745613450, 1.486046266603243904, 0.000000000000000000 ) ) ;
#1351 = CARTESIAN_POINT ( 'NONE',  ( 2.436719173238953928, 5.278297174848250783, 10.54999999999999716 ) ) ;
#1352 = CARTESIAN_POINT ( 'NONE',  ( -1.518572041796066863, 4.483362720821385317, -5.000000000000000000 ) ) ;
#1353 = CARTESIAN_POINT ( 'NONE',  ( 2.386520498382996180, -4.191982085740883157, 10.54999999999999716 ) ) ;
#1354 = CARTESIAN_POINT ( 'NONE',  ( -4.523082045645343996, 1.395826287384881015, 5.000000000000023093 ) ) ;
#1355 = CARTESIAN_POINT ( 'NONE',  ( 4.533687937200369333, 1.816938096579821194, 0.000000000000000000 ) ) ;
#1356 = CARTESIAN_POINT ( 'NONE',  ( -0.2420490677627291365, -4.727368662354399120, 0.000000000000000000 ) ) ;
#1357 = CARTESIAN_POINT ( 'NONE',  ( 5.458367543300224334, 0.009758923779667635218, 10.20000054708695458 ) ) ;
#1358 = CARTESIAN_POINT ( 'NONE',  ( 0.6211303116444789607, -4.652467623394941576, 3.333333333333333037 ) ) ;
#1359 = CARTESIAN_POINT ( 'NONE',  ( 4.882270699514204004, 2.908697158505515468, -6.000000000000345501 ) ) ;
#1360 = CARTESIAN_POINT ( 'NONE',  ( 3.330557829728684194, -4.742427769693325246, 10.54999999999999893 ) ) ;
#1361 = CARTESIAN_POINT ( 'NONE',  ( 5.604626029811762500, 2.827710600053702894, -5.000000000000620837 ) ) ;
#1362 = CARTESIAN_POINT ( 'NONE',  ( 0.07787028463680549517, -5.682519034184775997, -5.000000000000000000 ) ) ;
#1363 = CARTESIAN_POINT ( 'NONE',  ( -5.313532044602697013, -0.3287206042498686531, 10.54999999999999893 ) ) ;
#1364 = CARTESIAN_POINT ( 'NONE',  ( 0.000000000000000000, 0.000000000000000000, 10.55000000000000071 ) ) ;
#1365 = CARTESIAN_POINT ( 'NONE',  ( -6.633242581027158913, 0.2879441185641481993, 0.000000000000000000 ) ) ;
#1366 = CARTESIAN_POINT ( 'NONE',  ( 3.981123361350378254, -4.711386451336649017, 10.55000000000000249 ) ) ;
#1367 = CARTESIAN_POINT ( 'NONE',  ( -2.673921665751693322, -5.679605890651769684, -6.000000000001671552 ) ) ;
#1368 = CARTESIAN_POINT ( 'NONE',  ( 5.512766083254004634, -1.472591206931691099, 0.000000000000000000 ) ) ;
#1369 = CARTESIAN_POINT ( 'NONE',  ( -3.549809307303230632, 5.387909593329601954, 3.333333333333333037 ) ) ;
#1370 = CARTESIAN_POINT ( 'NONE',  ( -5.163119722475634887, 3.086756023920150138, 10.20000054708695281 ) ) ;
#1371 = CARTESIAN_POINT ( 'NONE',  ( 2.371666416849588455, 6.059304634297759229, -5.000000000000000000 ) ) ;
#1372 = CARTESIAN_POINT ( 'NONE',  ( -5.788974761867655694, -0.5285032171037412629, 10.54999999999999893 ) ) ;
#1373 = CARTESIAN_POINT ( 'NONE',  ( -1.694000149998149185, 4.481256282494978649, 10.20000054708696169 ) ) ;
#1374 = CARTESIAN_POINT ( 'NONE',  ( 4.878202052099490871, -3.429597919428080566, 10.55000000000000426 ) ) ;
#1375 = CARTESIAN_POINT ( 'NONE',  ( -3.581722154483863552, 5.155487022040583511, -5.000000000000000000 ) ) ;
#1376 = CARTESIAN_POINT ( 'NONE',  ( 1.078834635680056886, -4.624115697451355089, 10.20000054708695991 ) ) ;
#1377 = CARTESIAN_POINT ( 'NONE',  ( 2.874891515540367593, 3.948492002339777152, -5.000000000000000000 ) ) ;
#1378 = ORIENTED_EDGE ( 'NONE', *, *, #5229, .F. ) ;
#1379 = CARTESIAN_POINT ( 'NONE',  ( 1.607970339755281364, 6.427348993433755098, 10.20000054708695458 ) ) ;
#1380 = CARTESIAN_POINT ( 'NONE',  ( -0.8000434083654122119, -6.457546346331824338, 5.000000000000000000 ) ) ;
#1381 = CARTESIAN_POINT ( 'NONE',  ( 2.864835819843268183, -4.840512010679405286, 10.20000054708695636 ) ) ;
#1382 = CARTESIAN_POINT ( 'NONE',  ( 3.513428264495513709, 3.209819932095712147, 10.20000054708695281 ) ) ;
#1383 = CARTESIAN_POINT ( 'NONE',  ( 6.244205862248287886, 2.133827731153902008, 10.20000054708695281 ) ) ;
#1384 = CARTESIAN_POINT ( 'NONE',  ( 4.742177691313816723, -2.541133983792140505, 10.20000054708695458 ) ) ;
#1385 = CARTESIAN_POINT ( 'NONE',  ( -2.873443208689002049, -3.991147817570155354, 10.20000054708695636 ) ) ;
#1386 = CARTESIAN_POINT ( 'NONE',  ( -3.098594333929849398, -3.099511613558485035, 10.55000000000000604 ) ) ;
#1387 = CARTESIAN_POINT ( 'NONE',  ( 2.391598922358147750, 4.911731365082142808, 10.54999999999999716 ) ) ;
#1388 = CARTESIAN_POINT ( 'NONE',  ( 2.406809074234145029, 4.288023517474630175, 10.54999999999999893 ) ) ;
#1389 = CARTESIAN_POINT ( 'NONE',  ( -4.771635973406848308, 4.343064134404515109, -3.333333333333333037 ) ) ;
#1390 = CARTESIAN_POINT ( 'NONE',  ( 3.674222558563233321, -4.778604842880922909, 10.54999999999999716 ) ) ;
#1391 = CARTESIAN_POINT ( 'NONE',  ( 5.983559784386276448, 0.7993690642341165775, 10.54999999999999893 ) ) ;
#1392 = CARTESIAN_POINT ( 'NONE',  ( -4.863591316241459239, 2.703491047103844469, 10.20000054708695458 ) ) ;
#1393 = CARTESIAN_POINT ( 'NONE',  ( 6.633242581027161577, 0.2879441185641443135, 0.000000000000000000 ) ) ;
#1394 = CARTESIAN_POINT ( 'NONE',  ( -2.673921665751363808, -5.679605890652212885, -5.000000000000000000 ) ) ;
#1395 = FACE_OUTER_BOUND ( 'NONE', #3678, .T. ) ;
#1396 = CARTESIAN_POINT ( 'NONE',  ( 0.4655241408030504902, -4.561149815230468363, 10.55000000000000426 ) ) ;
#1397 = CARTESIAN_POINT ( 'NONE',  ( 0.6476541954606986895, -4.841088142863434918, 5.000000000000000000 ) ) ;
#1398 = CARTESIAN_POINT ( 'NONE',  ( 2.814033178045178385, 5.085783199819666756, -5.999999999998700595 ) ) ;
#1399 = CARTESIAN_POINT ( 'NONE',  ( -2.526070848901886823, -5.996577392882942448, 0.000000000000000000 ) ) ;
#1400 = CARTESIAN_POINT ( 'NONE',  ( -3.727963692128327011, -2.679552258966575007, 10.54999999999999893 ) ) ;
#1401 = PLANE ( 'NONE',  #3997 ) ;
#1402 = CARTESIAN_POINT ( 'NONE',  ( 5.678215679999671472, 0.07738646000044288598, -6.000000000001861622 ) ) ;
#1403 = CARTESIAN_POINT ( 'NONE',  ( 4.068958583553182073, -4.676238865359770180, 10.55000000000000071 ) ) ;
#1404 = CARTESIAN_POINT ( 'NONE',  ( -3.565988210183659302, 5.600584521419607498, 0.000000000000000000 ) ) ;
#1405 = CARTESIAN_POINT ( 'NONE',  ( -4.804483795661846024, 3.133152029360187552, 10.55000000000000426 ) ) ;
#1406 = CARTESIAN_POINT ( 'NONE',  ( -2.997400859223740444, 4.979915817394201305, 5.000000000000000000 ) ) ;
#1407 = CARTESIAN_POINT ( 'NONE',  ( -6.424747118248808064, -1.569832718206001010, 10.20000054708695281 ) ) ;
#1408 = CARTESIAN_POINT ( 'NONE',  ( 2.874891515540367593, 3.948492002339777152, -5.000000000000000000 ) ) ;
#1409 = CARTESIAN_POINT ( 'NONE',  ( -5.924964038855619286, -0.6996980024638745910, 10.55000000000000071 ) ) ;
#1410 = CARTESIAN_POINT ( 'NONE',  ( -4.020314602906575274, 5.066919890630867229, 10.20000054708695281 ) ) ;
#1411 = CARTESIAN_POINT ( 'NONE',  ( -3.864037619957283454, 4.747000711545767082, 10.55000000000000426 ) ) ;
#1412 = CARTESIAN_POINT ( 'NONE',  ( -5.192377491128975286, 3.921631092083320169, -5.000000000000000000 ) ) ;
#1413 = CARTESIAN_POINT ( 'NONE',  ( 0.3160959243417924003, -5.174584474511020993, 10.20000054708695458 ) ) ;
#1414 = AXIS2_PLACEMENT_3D ( 'NONE', #3526, #4680, #2911 ) ;
#1415 = CARTESIAN_POINT ( 'NONE',  ( 3.868678216692782001, 2.981429057092634505, -5.000000000000000000 ) ) ;
#1416 = ORIENTED_EDGE ( 'NONE', *, *, #4784, .F. ) ;
#1417 = CARTESIAN_POINT ( 'NONE',  ( 2.402790359277185761, 5.382607449557275991, 10.55000000000000071 ) ) ;
#1418 = CARTESIAN_POINT ( 'NONE',  ( -1.201022455410860168, 4.579681324558809052, 10.20000054708695636 ) ) ;
#1419 = CARTESIAN_POINT ( 'NONE',  ( 1.093064383784955629, -4.564698034665722659, 3.333333333333333037 ) ) ;
#1420 = CARTESIAN_POINT ( 'NONE',  ( 1.276398887635307178, -4.556745589543288233, 10.20000054708695636 ) ) ;
#1421 = CARTESIAN_POINT ( 'NONE',  ( 2.807258109248820688, 4.153102117125461845, 10.20000054708695281 ) ) ;
#1422 = CARTESIAN_POINT ( 'NONE',  ( -2.874891515540698883, -3.948492002339328177, -6.000000000000826894 ) ) ;
#1423 = CARTESIAN_POINT ( 'NONE',  ( 6.094151169427643566, 0.3413341998956089807, 10.20000054708695281 ) ) ;
#1424 = CARTESIAN_POINT ( 'NONE',  ( -5.095785171680688563, -2.595993313141014447, 10.55000000000000249 ) ) ;
#1425 = CARTESIAN_POINT ( 'NONE',  ( 1.278868532607128516, 6.123819391863133177, 10.55000000000000071 ) ) ;
#1426 = CARTESIAN_POINT ( 'NONE',  ( 3.223157146548336183, 2.991815627442747427, 10.55000000000000071 ) ) ;
#1427 = CARTESIAN_POINT ( 'NONE',  ( 4.553079637902656351, -4.832420171271322396, -6.000000000003677059 ) ) ;
#1428 = CARTESIAN_POINT ( 'NONE',  ( -0.07787028463680581436, 5.682519034184775997, -5.000000000000000000 ) ) ;
#1429 = CARTESIAN_POINT ( 'NONE',  ( 2.866294158826801830, -4.390119067635938954, 10.54999999999999893 ) ) ;
#1430 = CARTESIAN_POINT ( 'NONE',  ( 4.151771511586217933, 2.536577396369755988, 10.55000000000000071 ) ) ;
#1431 = CARTESIAN_POINT ( 'NONE',  ( 5.650398041970680296, 1.918344598197424533, -1.666666666666666297 ) ) ;
#1432 = CARTESIAN_POINT ( 'NONE',  ( -4.756057670977638097, 4.006055085275334271, 10.55000000000000249 ) ) ;
#1433 = CARTESIAN_POINT ( 'NONE',  ( -3.098866292598212446, -4.030722636955609950, -3.333333333333333037 ) ) ;
#1434 = CARTESIAN_POINT ( 'NONE',  ( 5.491341252499582382, 0.02556259557493861453, 10.20000054708695458 ) ) ;
#1435 = EDGE_CURVE ( 'NONE', #7849, #2737, #2822, .T. ) ;
#1436 = CARTESIAN_POINT ( 'NONE',  ( -2.891161923887255014, -5.768179829214143517, 3.333333333333333037 ) ) ;
#1437 = CARTESIAN_POINT ( 'NONE',  ( -2.371666416849585346, -6.059304634297760117, -5.000000000000000000 ) ) ;
#1438 = CARTESIAN_POINT ( 'NONE',  ( -1.974897414676715802E-12, 12.15000000000273950, -10.99999999999464606 ) ) ;
#1439 = CARTESIAN_POINT ( 'NONE',  ( -1.530097869399088539, -5.607385669498458292, 0.000000000000000000 ) ) ;
#1440 = CARTESIAN_POINT ( 'NONE',  ( -5.205498750067947711, -2.580587921085981673, 10.54999999999999893 ) ) ;
#1441 = CARTESIAN_POINT ( 'NONE',  ( -5.173762681679801467, 3.073411379804812604, 10.20000054708695458 ) ) ;
#1442 = CARTESIAN_POINT ( 'NONE',  ( -1.151360651814662229E-12, 12.50000000000258105, -10.64999999999449898 ) ) ;
#1443 = CARTESIAN_POINT ( 'NONE',  ( 3.840358520603884607, 3.017819880700677970, 0.000000000000000000 ) ) ;
#1444 = CARTESIAN_POINT ( 'NONE',  ( 4.215045891529113575, -2.154063696584811893, 0.000000000000000000 ) ) ;
#1445 = CARTESIAN_POINT ( 'NONE',  ( -4.863591316241459239, 2.703491047103844469, 5.000000000000000000 ) ) ;
#1446 = CARTESIAN_POINT ( 'NONE',  ( -5.013734543852693903, 0.3390995014357144899, 10.20000054708695103 ) ) ;
#1447 = CARTESIAN_POINT ( 'NONE',  ( 2.814033178045507899, 5.085783199819224443, -5.000000000000000000 ) ) ;
#1448 = CARTESIAN_POINT ( 'NONE',  ( -5.119290657871172101, -0.2198925992400191376, 10.54999999999999893 ) ) ;
#1449 = CARTESIAN_POINT ( 'NONE',  ( -4.352378405691889718, 4.925340963169297481, 10.20000054708695814 ) ) ;
#1450 = CARTESIAN_POINT ( 'NONE',  ( -3.752513470180721455, 4.769500146367956717, 10.54999999999999716 ) ) ;
#1451 = CARTESIAN_POINT ( 'NONE',  ( -2.711647814721306560, 5.315450139805470542, -3.333333333333333037 ) ) ;
#1452 = CARTESIAN_POINT ( 'NONE',  ( 3.313344000392021815, -5.101010677809094673, 10.20000054708695281 ) ) ;
#1453 = ORIENTED_EDGE ( 'NONE', *, *, #1184, .T. ) ;
#1454 = CARTESIAN_POINT ( 'NONE',  ( -2.844657071636075507, -4.056669427274207429, 10.20000054708695458 ) ) ;
#1455 = CARTESIAN_POINT ( 'NONE',  ( -1.421960444097607024, 4.520454978782971089, 10.20000054708695281 ) ) ;
#1456 = CARTESIAN_POINT ( 'NONE',  ( -1.298451264820543294, -5.221076087381561592, 0.000000000000000000 ) ) ;
#1457 = CARTESIAN_POINT ( 'NONE',  ( 0.8669598107119281805, -4.724030048435268192, 10.20000054708695458 ) ) ;
#1458 = CARTESIAN_POINT ( 'NONE',  ( 4.839932155168973793, 2.892939004645720846, 10.20000054708695458 ) ) ;
#1459 = CARTESIAN_POINT ( 'NONE',  ( -1.350213967088663924, -6.500749273343623180, -6.000000000002459366 ) ) ;
#1460 = CARTESIAN_POINT ( 'NONE',  ( 6.371155844150056424, 0.8479762205529565167, 10.20000054708695814 ) ) ;
#1461 = CARTESIAN_POINT ( 'NONE',  ( 4.516332414954610464, -1.859659088761142609, 10.20000054708695458 ) ) ;
#1462 = CARTESIAN_POINT ( 'NONE',  ( -4.713785168334113429, -2.502453985750480836, 10.54999999999999893 ) ) ;
#1463 = CARTESIAN_POINT ( 'NONE',  ( 1.861395342659009522, 5.958777031496467202, 10.54999999999999716 ) ) ;
#1464 = CARTESIAN_POINT ( 'NONE',  ( -4.057804548095641728, 5.184456327696183031, 3.333333333333333037 ) ) ;
#1465 = CARTESIAN_POINT ( 'NONE',  ( 3.105327355936974509, 3.093431706159301964, 10.54999999999999893 ) ) ;
#1466 = CARTESIAN_POINT ( 'NONE',  ( -0.05254660229870321275, 5.812160726609316264, -5.000000000000000000 ) ) ;
#1467 = CARTESIAN_POINT ( 'NONE',  ( 3.423030048175828455, -4.766088002422140590, 10.55000000000000249 ) ) ;
#1468 = CARTESIAN_POINT ( 'NONE',  ( 2.386602995064231791, 4.886164722149039186, 10.55000000000000426 ) ) ;
#1469 = CARTESIAN_POINT ( 'NONE',  ( 5.905234494435089410, -0.8574669841946730431, -1.666666666666666297 ) ) ;
#1470 = CARTESIAN_POINT ( 'NONE',  ( -4.215045891529108246, -2.154063696584817666, 0.000000000000000000 ) ) ;
#1471 = CARTESIAN_POINT ( 'NONE',  ( 5.941472550088197302, 0.7276947054552870275, 10.55000000000000071 ) ) ;
#1472 = CARTESIAN_POINT ( 'NONE',  ( -0.4150012312270113246, -5.502042796075820696, 3.333333333333333037 ) ) ;
#1473 = CARTESIAN_POINT ( 'NONE',  ( 2.997400859223743996, -4.979915817394206634, -5.000000000000000000 ) ) ;
#1474 = CARTESIAN_POINT ( 'NONE',  ( -3.196713850561541115, -3.638267961793404837, -3.333333333333333037 ) ) ;
#1475 = CARTESIAN_POINT ( 'NONE',  ( -2.959398888050715826, -3.240186553352975452, 10.55000000000000071 ) ) ;
#1476 = CARTESIAN_POINT ( 'NONE',  ( 2.710634745066447859, 4.647372425121908179, 10.20000054708695458 ) ) ;
#1477 = CARTESIAN_POINT ( 'NONE',  ( 5.549568240452075862, -0.9540490733085547070, 1.666666666666666297 ) ) ;
#1478 = CARTESIAN_POINT ( 'NONE',  ( 4.840784028510533687, -3.774035494531363444, 10.55000000000000249 ) ) ;
#1479 = CARTESIAN_POINT ( 'NONE',  ( 5.655121071682121858, 0.07334690585049025158, 5.000000000000000000 ) ) ;
#1480 = CARTESIAN_POINT ( 'NONE',  ( 5.211866146445846226, 2.460587779626869143, 3.333333333333333037 ) ) ;
#1481 = CARTESIAN_POINT ( 'NONE',  ( -4.946913012646355412, -0.08490809649307001772, 10.54999999999999893 ) ) ;
#1482 = CARTESIAN_POINT ( 'NONE',  ( -1.470471587390117518, 5.489517252965712579, 0.000000000000000000 ) ) ;
#1483 = CARTESIAN_POINT ( 'NONE',  ( -6.433076537424248897, -1.156704457920693985, 10.20000054708695458 ) ) ;
#1484 = CARTESIAN_POINT ( 'NONE',  ( 4.065683152054126559, -2.631766283387499517, -1.666666666666666297 ) ) ;
#1485 = CARTESIAN_POINT ( 'NONE',  ( -5.690709026912072588, -0.4494737259752766834, 10.55000000000000249 ) ) ;
#1486 = CARTESIAN_POINT ( 'NONE',  ( -4.800714575318352217, 2.616031693081832810, 10.20000054708695103 ) ) ;
#1487 = CARTESIAN_POINT ( 'NONE',  ( -4.455995659466699621, 4.417448924926506315, 10.54999999999999893 ) ) ;
#1488 = CARTESIAN_POINT ( 'NONE',  ( -4.028894480281568491, 5.206954424155694205, -1.666666666666666297 ) ) ;
#1489 = CARTESIAN_POINT ( 'NONE',  ( 4.210734928422183998, -4.996347169956629308, 10.20000054708695281 ) ) ;
#1490 = ORIENTED_EDGE ( 'NONE', *, *, #2514, .F. ) ;
#1491 = CARTESIAN_POINT ( 'NONE',  ( -2.810239741616188613, -4.144449259850324196, 10.20000054708695636 ) ) ;
#1492 = CARTESIAN_POINT ( 'NONE',  ( -1.332532878041362334, 4.541057557075376394, 10.20000054708695636 ) ) ;
#1493 = CARTESIAN_POINT ( 'NONE',  ( 1.122902491428185545, -4.711163676717598392, 1.666666666666666297 ) ) ;
#1494 = CARTESIAN_POINT ( 'NONE',  ( 2.418395426600241649, -4.567314660509156354, 10.20000054708694925 ) ) ;
#1495 = CARTESIAN_POINT ( 'NONE',  ( 4.352068315324650882, 2.856558294593897873, 10.20000054708695281 ) ) ;
#1496 = CARTESIAN_POINT ( 'NONE',  ( 6.440127668320855925, 1.253768338914406089, 10.20000054708695281 ) ) ;
#1497 = CARTESIAN_POINT ( 'NONE',  ( 5.059752145698424464, -2.860573665242248431, 10.20000054708695458 ) ) ;
#1498 = CARTESIAN_POINT ( 'NONE',  ( -3.551775057102489086, -2.769097022009897824, 10.55000000000000249 ) ) ;
#1499 = CARTESIAN_POINT ( 'NONE',  ( 0.4273049040287050238, 5.857337330294233091, 10.55000000000000249 ) ) ;
#1500 = CARTESIAN_POINT ( 'NONE',  ( -4.491800750379477236, 4.813324326891780913, 3.333333333333333037 ) ) ;
#1501 = CARTESIAN_POINT ( 'NONE',  ( 3.305352420454561457, 2.928286883103139004, 10.55000000000000071 ) ) ;
#1502 = CARTESIAN_POINT ( 'NONE',  ( -0.3460384234886378363, 5.115696762701372968, -5.000000000000000000 ) ) ;
#1503 = CARTESIAN_POINT ( 'NONE',  ( 1.720026300981555734, -4.128646296862601872, 10.55000000000000249 ) ) ;
#1504 = CARTESIAN_POINT ( 'NONE',  ( 5.489297186633658399, 1.471292881111661899, 0.000000000000000000 ) ) ;
#1505 = CARTESIAN_POINT ( 'NONE',  ( -4.779346450886566622, 3.954285400055816524, 10.54999999999999893 ) ) ;
#1506 = CARTESIAN_POINT ( 'NONE',  ( -5.170810158745613450, -1.486046266603242794, 0.000000000000000000 ) ) ;
#1507 = CARTESIAN_POINT ( 'NONE',  ( 4.757416266085324530, -0.7148958866115795452, 10.20000054708695458 ) ) ;
#1508 = CARTESIAN_POINT ( 'NONE',  ( 4.960140980963032575, -2.773821869950011454, 5.000000000000000000 ) ) ;
#1509 = CARTESIAN_POINT ( 'NONE',  ( 3.549492153776959480, 3.183760183353111728, 10.20000054708695281 ) ) ;
#1510 = CARTESIAN_POINT ( 'NONE',  ( 4.061678536503896098, -5.083575693552933039, -5.000000000000000000 ) ) ;
#1511 = CARTESIAN_POINT ( 'NONE',  ( 4.742177691313816723, -2.541133983792140505, -5.000000000002714273 ) ) ;
#1512 = CARTESIAN_POINT ( 'NONE',  ( -5.170810158745613450, -1.486046266603242794, 0.000000000000000000 ) ) ;
#1513 = CARTESIAN_POINT ( 'NONE',  ( -4.798363898781587089, -2.514671835461817384, 10.54999999999999893 ) ) ;
#1514 = CARTESIAN_POINT ( 'NONE',  ( 5.992420882725946640, 2.535915251145075544, 10.20000054708695458 ) ) ;
#1515 = CARTESIAN_POINT ( 'NONE',  ( 4.142919934894312206, -4.364618222124516222, 0.000000000000000000 ) ) ;
#1516 = CARTESIAN_POINT ( 'NONE',  ( 4.257304147301131714, 2.857526457809149711, 5.000000000000000000 ) ) ;
#1517 = CARTESIAN_POINT ( 'NONE',  ( 5.564139155517589863, 0.06115429241966183899, -5.000000000000000000 ) ) ;
#1518 = CARTESIAN_POINT ( 'NONE',  ( -4.856940138843541810, 0.5154830861509837048, 5.000000000000000000 ) ) ;
#1519 = CARTESIAN_POINT ( 'NONE',  ( -6.438714036812674735, -1.226188016126458447, 10.20000054708695458 ) ) ;
#1520 = CARTESIAN_POINT ( 'NONE',  ( 5.499777161736409070, -0.4440181862372239441, -3.333333333333333037 ) ) ;
#1521 = CARTESIAN_POINT ( 'NONE',  ( -4.629749140831403764, -2.491339103745419337, 10.55000000000000249 ) ) ;
#1522 = CARTESIAN_POINT ( 'NONE',  ( -3.274772171596559645, 4.722690234832318090, 10.55000000000000249 ) ) ;
#1523 = CARTESIAN_POINT ( 'NONE',  ( 1.480912986585614544, 6.046034824646977945, -1.666666666666666297 ) ) ;
#1524 = CARTESIAN_POINT ( 'NONE',  ( 3.945771792901173303, -5.087545250391086071, 10.20000054708695281 ) ) ;
#1525 = EDGE_CURVE ( 'NONE', #4590, #2737, #2141, .T. ) ;
#1526 = ORIENTED_EDGE ( 'NONE', *, *, #1917, .T. ) ;
#1527 = CARTESIAN_POINT ( 'NONE',  ( -1.965126673288852377, 4.479489417957978503, 10.20000054708695103 ) ) ;
#1528 = CARTESIAN_POINT ( 'NONE',  ( 4.091089480663190336, -4.128796472022230546, 0.000000000000000000 ) ) ;
#1529 = CARTESIAN_POINT ( 'NONE',  ( 4.701581468569602684, -4.667119878451390314, 10.20000054708695281 ) ) ;
#1530 = CARTESIAN_POINT ( 'NONE',  ( 2.793150739414774542, 5.284807021101988411, 10.20000054708695814 ) ) ;
#1531 = AXIS2_PLACEMENT_3D ( 'NONE', #943, #3953, #865 ) ;
#1532 = CARTESIAN_POINT ( 'NONE',  ( 2.740444013175200588, 4.333596967199334848, 5.000000000000000000 ) ) ;
#1533 = CARTESIAN_POINT ( 'NONE',  ( -2.456471665001214610, -5.163851366643736007, 10.54999999999999893 ) ) ;
#1534 = CARTESIAN_POINT ( 'NONE',  ( 0.08256979942212722134, 5.133279002404807834, 10.55000000000000249 ) ) ;
#1535 = AXIS2_PLACEMENT_3D ( 'NONE', #3312, #5761, #1961 ) ;
#1536 = CARTESIAN_POINT ( 'NONE',  ( -3.840358520603883274, 3.017819880700676638, 0.000000000000000000 ) ) ;
#1537 = CARTESIAN_POINT ( 'NONE',  ( 0.3316969214254224529, 5.755519724668493708, 10.54999999999999893 ) ) ;
#1538 = CARTESIAN_POINT ( 'NONE',  ( 2.891161923887256791, 5.768179829214142629, -3.333333333333333037 ) ) ;
#1539 = CARTESIAN_POINT ( 'NONE',  ( 4.600352177528334252, -2.924612998701892064, 10.55000000000000249 ) ) ;
#1540 = CARTESIAN_POINT ( 'NONE',  ( 2.430978673964320436, 5.043701440588566953, 10.54999999999999893 ) ) ;
#1541 = DIRECTION ( 'NONE',  ( 0.000000000000000000, 1.000000000000000000, 4.425066550997778812E-13 ) ) ;
#1542 = CARTESIAN_POINT ( 'NONE',  ( -4.743615027346481661, 4.031504057296405819, 10.54999999999999893 ) ) ;
#1543 = CARTESIAN_POINT ( 'NONE',  ( -3.665404046457295451, -4.447792047954561845, -1.666666666666666297 ) ) ;
#1544 = CARTESIAN_POINT ( 'NONE',  ( 5.390907316931653703, 2.516710714123493009, 10.54999999999999893 ) ) ;
#1545 = CARTESIAN_POINT ( 'NONE',  ( 1.499767045398626486, -4.858023890765656105, 1.666666666666666297 ) ) ;
#1546 = CARTESIAN_POINT ( 'NONE',  ( 5.577000068505304498, -0.9543430512735825433, -1.666666666666666075 ) ) ;
#1547 = CARTESIAN_POINT ( 'NONE',  ( 5.103245706525010306, 0.2050279025800595956, 10.55000000000000249 ) ) ;
#1548 = PLANE ( 'NONE',  #6312 ) ;
#1549 = CARTESIAN_POINT ( 'NONE',  ( 4.863591316241458351, -2.703491047103842249, -5.000000000002826184 ) ) ;
#1550 = CARTESIAN_POINT ( 'NONE',  ( -5.650398041970682073, -1.918344598197424311, -1.666666666666666297 ) ) ;
#1551 = CARTESIAN_POINT ( 'NONE',  ( -4.516745264442289631, -2.494401281452187202, 10.55000000000000249 ) ) ;
#1552 = CARTESIAN_POINT ( 'NONE',  ( 6.255643805310286965, 0.5241188672390336700, 10.20000054708695458 ) ) ;
#1553 = CARTESIAN_POINT ( 'NONE',  ( 4.694853250447957649, -4.120393947898239873, 10.55000000000000071 ) ) ;
#1554 = CARTESIAN_POINT ( 'NONE',  ( 1.708410305071423441, -5.770183011040068699, 0.000000000000000000 ) ) ;
#1555 = B_SPLINE_SURFACE_WITH_KNOTS ( 'NONE', 3, 1, ( 
 ( #4544, #3422 ),
 ( #2724, #282 ),
 ( #3948, #7706 ),
 ( #4653, #2106 ),
 ( #860, #5228 ),
 ( #7151, #5190 ),
 ( #1628, #3348 ),
 ( #7118, #7666 ),
 ( #2145, #4579 ),
 ( #7045, #5875 ),
 ( #4616, #4024 ),
 ( #7084, #6481 ),
 ( #940, #314 ),
 ( #1590, #207 ),
 ( #4061, #6517 ),
 ( #973, #7745 ),
 ( #4099, #3311 ),
 ( #2687, #5343 ),
 ( #3496, #3659 ),
 ( #7867, #2300 ),
 ( #2880, #3013 ),
 ( #2338, #1146 ),
 ( #1831, #2422 ),
 ( #7234, #4179 ),
 ( #4898, #1670 ),
 ( #4727, #4857 ),
 ( #1713, #1015 ),
 ( #6112, #4817 ),
 ( #7269, #7346 ),
 ( #3536, #561 ),
 ( #1751, #6030 ),
 ( #5388, #3617 ),
 ( #438, #4297 ),
 ( #480, #2970 ),
 ( #5431, #4772 ),
 ( #7784, #5470 ),
 ( #6718, #6071 ),
 ( #5949, #395 ),
 ( #4220, #6636 ),
 ( #1104, #3579 ),
 ( #523, #6594 ),
 ( #7904, #2379 ),
 ( #2259, #7308 ),
 ( #7191, #3055 ),
 ( #1791, #4137 ),
 ( #1191, #4258 ),
 ( #1058, #2924 ),
 ( #7826, #5508 ),
 ( #6279, #689 ),
 ( #5636, #6237 ),
 ( #3266, #3786 ),
 ( #6920, #2635 ),
 ( #2024, #123 ),
 ( #732, #3224 ),
 ( #1317, #37 ),
 ( #3185, #4376 ),
 ( #5714, #6881 ),
 ( #1392, #4420 ),
 ( #7544, #6756 ),
 ( #1233, #2594 ),
 ( #81, #3863 ),
 ( #1869, #1354 ),
 ( #2555, #6318 ),
 ( #3696, #7425 ),
 ( #3823, #5677 ),
 ( #5022, #4337 ),
 ( #5062, #6149 ),
 ( #7468, #7504 ),
 ( #5103, #602 ) ),
 .UNSPECIFIED., .F., .F., .F.,
 ( 4, 1, 1, 1, 1, 1, 1, 1, 1, 1, 1, 1, 1, 1, 1, 1, 1, 1, 1, 1, 1, 1, 1, 1, 1, 1, 1, 1, 1, 1, 1, 1, 1, 1, 1, 1, 1, 1, 1, 1, 1, 1, 1, 1, 1, 1, 1, 1, 1, 1, 1, 1, 1, 1, 1, 1, 1, 1, 1, 1, 1, 1, 1, 1, 1, 1, 4 ),
 ( 2, 2 ),
 ( -1.339124033883365428E-09, 0.001829209877650946319, 0.007161301681018191617, 0.01556589654539346224, 0.02636237474879595324, 0.03867618667280881689, 0.05150981727006141014, 0.06382362927224220772, 0.07462010731029929123, 0.08302470242126108735, 0.08835679397269693980, 0.09018600392418853195, 0.09173614084603190499, 0.09625779446740294343, 0.1033853372691637268, 0.1125414544858115568, 0.1229844228490899888, 0.1338682479005670889, 0.1443112160452644788, 0.1534673334155411129, 0.1605948761605603403, 0.1651165298782687196, 0.1666666667794664825, 0.1684958766427393229, 0.1738279683481225579, 0.1822325632222696057, 0.1930290412855124038, 0.2053428534166151509, 0.2181764840502335434, 0.2304902959367324256, 0.2412867741908183150, 0.2496913689758159249, 0.2550234606865509068, 0.2568526706817441663, 0.2584028074495614002, 0.2629244612756113098, 0.2700520039396495653, 0.2792081213045087829, 0.2896510895188044721, 0.3005349146297169316, 0.3109778827759513420, 0.3201340000749700598, 0.3272615429215579574, 0.3317831965324282151, 0.3333333334348632659, 0.3351625433072765170, 0.3404946349339145750, 0.3488992300155221993, 0.3596957080728127032, 0.3720095199688825405, 0.3848431506388415579, 0.3971569626792648688, 0.4079534408602130680, 0.4163580356125062831, 0.4216901275013024697, 0.4235193373172669862, 0.4250694742934656434, 0.4295911279999894972, 0.4367186704780044448, 0.4458747879384589718, 0.4563177561437352092, 0.4672015812368727206, 0.4776445494160250771, 0.4868006666935657534, 0.4939282094209670460, 0.4984498631607156005, 0.4999999999999999445 ),
 ( 0.000000000000000000, 1.000000000000000000 ),
 .UNSPECIFIED. ) ;
#1556 = CARTESIAN_POINT ( 'NONE',  ( 5.621187373405008181, 1.478589194937732110, 0.000000000000000000 ) ) ;
#1557 = CARTESIAN_POINT ( 'NONE',  ( -6.456223770568879416, -0.8106471639654754258, 0.000000000000000000 ) ) ;
#1558 = CARTESIAN_POINT ( 'NONE',  ( -5.793530207642669794, -0.1022733720389255863, 10.20000054708695636 ) ) ;
#1559 = CARTESIAN_POINT ( 'NONE',  ( -4.863591316241459239, 2.703491047103844469, -4.999999999997227995 ) ) ;
#1560 = CARTESIAN_POINT ( 'NONE',  ( 4.156358563041987253, -2.180812078679541521, -1.666666666666666297 ) ) ;
#1561 = CARTESIAN_POINT ( 'NONE',  ( -2.439932280851896174, -5.067058871119209051, 10.55000000000000249 ) ) ;
#1562 = CARTESIAN_POINT ( 'NONE',  ( -4.302260281384004514, 4.543516294047464932, 10.54999999999999716 ) ) ;
#1563 = CARTESIAN_POINT ( 'NONE',  ( 0.5901598843358477620, 5.049891939613061709, -1.666666666666666297 ) ) ;
#1564 = CARTESIAN_POINT ( 'NONE',  ( 4.785175339436290365, -4.583750569196761049, 10.20000054708695814 ) ) ;
#1565 = ORIENTED_EDGE ( 'NONE', *, *, #1681, .T. ) ;
#1566 = CARTESIAN_POINT ( 'NONE',  ( 3.565988210183660634, 5.600584521419603945, 0.000000000000000000 ) ) ;
#1567 = CARTESIAN_POINT ( 'NONE',  ( -1.874927650151968050, 4.475948080632100812, 10.20000054708695814 ) ) ;
#1568 = CARTESIAN_POINT ( 'NONE',  ( 2.212433887838666458, -4.854468545862981266, 3.333333333333333037 ) ) ;
#1569 = CARTESIAN_POINT ( 'NONE',  ( 4.173889946364909065, -5.012138954449759431, 10.20000054708695458 ) ) ;
#1570 = CARTESIAN_POINT ( 'NONE',  ( 2.177409306263473621, 6.177133025303081837, 10.20000054708695814 ) ) ;
#1571 = CARTESIAN_POINT ( 'NONE',  ( -6.255643805310613814, -0.5241188672385899139, -5.999999999998196998 ) ) ;
#1572 = CARTESIAN_POINT ( 'NONE',  ( 5.678215680384664843, 0.07738646006728286397, 5.000000000000011546 ) ) ;
#1573 = CARTESIAN_POINT ( 'NONE',  ( -1.826267682435962714, -5.977131451940468132, 10.54999999999999716 ) ) ;
#1574 = CARTESIAN_POINT ( 'NONE',  ( -0.1642652416081051836, 4.818366545065098983, 10.55000000000000249 ) ) ;
#1575 = CARTESIAN_POINT ( 'NONE',  ( -5.618119473621308479, 0.4390842288719242759, 3.333333333333333037 ) ) ;
#1576 = CARTESIAN_POINT ( 'NONE',  ( 3.890407281024880870, -4.741372900224233078, 10.55000000000000071 ) ) ;
#1577 = CARTESIAN_POINT ( 'NONE',  ( 1.552655088744240741, 6.080301477977423374, 10.55000000000000071 ) ) ;
#1578 = ADVANCED_FACE ( 'NONE', ( #1099 ), #5988, .T. ) ;
#1579 = CARTESIAN_POINT ( 'NONE',  ( 4.694853250447957649, -4.120393947898239873, 10.55000000000000071 ) ) ;
#1580 = CARTESIAN_POINT ( 'NONE',  ( 5.621187373405009069, -1.478589194937732776, 0.000000000000000000 ) ) ;
#1581 = CARTESIAN_POINT ( 'NONE',  ( -4.351473279218104118, 2.531247804516016053, 10.54999999999999893 ) ) ;
#1582 = CARTESIAN_POINT ( 'NONE',  ( -4.873969894515736812, -1.592015537546811466, 0.000000000000000000 ) ) ;
#1583 = CARTESIAN_POINT ( 'NONE',  ( 5.077478097977015992, 2.596479097079853915, 10.55000000000000071 ) ) ;
#1584 = CARTESIAN_POINT ( 'NONE',  ( 5.251182211392753985, -3.439893223823212498, 5.000000000000000000 ) ) ;
#1585 = CARTESIAN_POINT ( 'NONE',  ( 6.224562986243682872, -0.04955689355255740031, -3.333333333333333037 ) ) ;
#1586 = CARTESIAN_POINT ( 'NONE',  ( 6.050968037448093639, 1.002229183736712104, 10.55000000000000604 ) ) ;
#1587 = CARTESIAN_POINT ( 'NONE',  ( -2.874891515540369369, -3.948492002339770490, -5.000000000000000000 ) ) ;
#1588 = CARTESIAN_POINT ( 'NONE',  ( -2.052171831079657061, -5.833946557891882101, 10.54999999999999893 ) ) ;
#1589 = CARTESIAN_POINT ( 'NONE',  ( 4.792622324972339420, -3.110479335139861856, 10.54999999999999893 ) ) ;
#1590 = CARTESIAN_POINT ( 'NONE',  ( 4.773087588978501827, 2.860248105178433420, 10.20000054708695458 ) ) ;
#1591 = CARTESIAN_POINT ( 'NONE',  ( 4.486060687688553372, -2.775911679063966631, 10.55000000000000249 ) ) ;
#1592 = CARTESIAN_POINT ( 'NONE',  ( 3.134419601341340123, 4.540937647741741578, 3.333333333333333037 ) ) ;
#1593 = CARTESIAN_POINT ( 'NONE',  ( 4.641438671081426826, -1.383119759770207180, -1.666666666666666297 ) ) ;
#1594 = CARTESIAN_POINT ( 'NONE',  ( -6.224562986243681095, 0.04955689355255836481, 3.333333333333333037 ) ) ;
#1595 = CARTESIAN_POINT ( 'NONE',  ( -6.144744289351777411, -2.301084988627863037, 10.20000054708695281 ) ) ;
#1596 = CARTESIAN_POINT ( 'NONE',  ( -5.192377491128975286, 3.921631092083320169, -4.999999999996580513 ) ) ;
#1597 = CARTESIAN_POINT ( 'NONE',  ( 4.142919934894312206, -4.364618222124516222, 0.000000000000000000 ) ) ;
#1598 = CARTESIAN_POINT ( 'NONE',  ( -2.456087454969507533, -5.149151119368853280, 10.55000000000000071 ) ) ;
#1599 = CARTESIAN_POINT ( 'NONE',  ( -4.351473279218104118, 2.531247804516016053, 10.54999999999999893 ) ) ;
#1600 = CARTESIAN_POINT ( 'NONE',  ( 3.565988210183660634, 5.600584521419603945, 0.000000000000000000 ) ) ;
#1601 = CARTESIAN_POINT ( 'NONE',  ( 2.766713964778039880, -4.741958468611006339, 10.20000054708695458 ) ) ;
#1602 = ORIENTED_EDGE ( 'NONE', *, *, #5039, .F. ) ;
#1603 = CARTESIAN_POINT ( 'NONE',  ( -4.224222374254620327, 4.990204014281838241, 10.20000054708695458 ) ) ;
#1604 = CARTESIAN_POINT ( 'NONE',  ( 5.059752145698424464, -2.860573665242248431, 5.000000000000000000 ) ) ;
#1605 = CARTESIAN_POINT ( 'NONE',  ( 4.099252496795944722, -5.040958386179227979, 10.20000054708695458 ) ) ;
#1606 = CARTESIAN_POINT ( 'NONE',  ( 1.022335165332021178, 6.467052064207662099, 10.20000054708695281 ) ) ;
#1607 = CARTESIAN_POINT ( 'NONE',  ( 4.645180990310970870, 2.847814796126460379, 10.20000054708695814 ) ) ;
#1608 = CARTESIAN_POINT ( 'NONE',  ( 5.485244519758261106, -1.469766839975191752, 0.000000000000000000 ) ) ;
#1609 = CARTESIAN_POINT ( 'NONE',  ( -2.409010791459268219, -5.366664397985260848, 10.55000000000000249 ) ) ;
#1610 = CARTESIAN_POINT ( 'NONE',  ( -0.1456739077647568603, 4.837770161557894966, 10.54999999999999893 ) ) ;
#1611 = CARTESIAN_POINT ( 'NONE',  ( -1.428880205047074137, 4.162604919883926335, 10.55000000000000071 ) ) ;
#1612 = CARTESIAN_POINT ( 'NONE',  ( -3.972996821740307993, 2.573304974326867445, 0.000000000000000000 ) ) ;
#1613 = CARTESIAN_POINT ( 'NONE',  ( -2.437511075701102481, -5.956204204735636942, 10.20000054708695458 ) ) ;
#1614 = CARTESIAN_POINT ( 'NONE',  ( 0.6593519819545504701, 6.009418175129476403, 10.54999999999999893 ) ) ;
#1615 = CARTESIAN_POINT ( 'NONE',  ( 4.364516341760862339, -4.496905318060246515, 10.54999999999999893 ) ) ;
#1616 = CARTESIAN_POINT ( 'NONE',  ( -2.850000000000931788, 3.490243377571097444E-16, 10.55000000000000071 ) ) ;
#1617 = CARTESIAN_POINT ( 'NONE',  ( -4.799340999595305135, 3.121423941827716764, 10.55000000000000249 ) ) ;
#1618 = CARTESIAN_POINT ( 'NONE',  ( -5.240560090443564967, 0.9986282910527481960, -1.666666666666666297 ) ) ;
#1619 = CARTESIAN_POINT ( 'NONE',  ( 5.696606586374981518, 2.297332740350034541, 10.55000000000000249 ) ) ;
#1620 = CARTESIAN_POINT ( 'NONE',  ( 5.192377491128977951, -3.921631092083313064, 5.000000000000000000 ) ) ;
#1621 = CARTESIAN_POINT ( 'NONE',  ( 5.959138762194273298, -0.3093691773889581942, -3.333333333333333037 ) ) ;
#1622 = CARTESIAN_POINT ( 'NONE',  ( 4.745534032180821704, -0.1147912388180332699, 10.54999999999999893 ) ) ;
#1623 = CARTESIAN_POINT ( 'NONE',  ( 5.794899599079082364, 0.5342813291423835764, 10.55000000000000249 ) ) ;
#1624 = CARTESIAN_POINT ( 'NONE',  ( -4.957055618582935530, 1.130175575188427262, -1.666666666666666297 ) ) ;
#1625 = CARTESIAN_POINT ( 'NONE',  ( -5.173385109098052048, 3.885126629737820192, 10.20000054708695103 ) ) ;
#1626 = CARTESIAN_POINT ( 'NONE',  ( -2.398869965992002307, -4.943561912934033131, 10.55000000000000249 ) ) ;
#1627 = CARTESIAN_POINT ( 'NONE',  ( 4.405297124123006114, -2.641921228715567338, 10.55000000000000071 ) ) ;
#1628 = CARTESIAN_POINT ( 'NONE',  ( 6.461538437134771051, 1.526872548237521388, 10.20000054708695458 ) ) ;
#1629 = CARTESIAN_POINT ( 'NONE',  ( 4.305671155809239536, -0.8824538195234439275, 10.54999999999999716 ) ) ;
#1630 = CARTESIAN_POINT ( 'NONE',  ( -2.835030769196804634, 4.788108697936611868, -5.999999999996971312 ) ) ;
#1631 = CARTESIAN_POINT ( 'NONE',  ( 2.526070848901886823, 5.996577392882944224, 0.000000000000000000 ) ) ;
#1632 = CARTESIAN_POINT ( 'NONE',  ( -0.2635889516532878285, -5.588612462760432109, 10.55000000000000071 ) ) ;
#1633 = CARTESIAN_POINT ( 'NONE',  ( -6.193482167177077002, 0.6232326543441494282, 1.666666666666666297 ) ) ;
#1634 = CARTESIAN_POINT ( 'NONE',  ( -4.839381752445782503, -2.888843879328820030, 10.20000054708695458 ) ) ;
#1635 = CARTESIAN_POINT ( 'NONE',  ( 2.729108392371879077, 4.849263011884674235, -5.999999999998789413 ) ) ;
#1636 = CARTESIAN_POINT ( 'NONE',  ( 5.173762681679799691, -3.073411379804814825, -5.000000000000000000 ) ) ;
#1637 = CARTESIAN_POINT ( 'NONE',  ( -2.442775353813735784, -5.253202595687268328, 10.54999999999999893 ) ) ;
#1638 = CARTESIAN_POINT ( 'NONE',  ( -4.620652537945812988, 2.945784098474836465, 10.54999999999999716 ) ) ;
#1639 = CARTESIAN_POINT ( 'NONE',  ( -1.755442576329604876, 5.037772316622273650, -1.666666666666666297 ) ) ;
#1640 = CARTESIAN_POINT ( 'NONE',  ( 4.561039423102430490, -2.044974448148256130, 10.20000054708695458 ) ) ;
#1641 = ORIENTED_EDGE ( 'NONE', *, *, #5039, .T. ) ;
#1642 = CARTESIAN_POINT ( 'NONE',  ( -3.072595044916308638, 4.540956495403249527, 10.55000000000000071 ) ) ;
#1643 = CARTESIAN_POINT ( 'NONE',  ( 4.091089480663188560, 4.128796472022226993, 0.000000000000000000 ) ) ;
#1644 = CARTESIAN_POINT ( 'NONE',  ( -5.023232620960287775, 4.251500849256410142, 10.20000054708695636 ) ) ;
#1645 = CARTESIAN_POINT ( 'NONE',  ( 4.117753766068318555, -4.738341904635169577, 0.000000000000000000 ) ) ;
#1646 = CARTESIAN_POINT ( 'NONE',  ( 4.669108844836876493, -2.385804866275261560, 10.20000054708695636 ) ) ;
#1647 = CARTESIAN_POINT ( 'NONE',  ( 1.838010764720611201, 6.354829529741194527, 10.20000054708695458 ) ) ;
#1648 = CARTESIAN_POINT ( 'NONE',  ( 5.613891959547303578, -0.4383313066739737973, -3.333333333333333481 ) ) ;
#1649 = CARTESIAN_POINT ( 'NONE',  ( -2.510873470540432084, -3.948144340180298695, 10.55000000000000071 ) ) ;
#1650 = CARTESIAN_POINT ( 'NONE',  ( -0.6514439365730144704, 4.442947182746326718, 10.55000000000000604 ) ) ;
#1651 = CARTESIAN_POINT ( 'NONE',  ( -0.7465251363946656671, 4.391903482780891821, 10.55000000000000426 ) ) ;
#1652 = CARTESIAN_POINT ( 'NONE',  ( 2.723903774536311051, 4.772220000490585257, 10.20000054708695458 ) ) ;
#1653 = CARTESIAN_POINT ( 'NONE',  ( -4.215045891529110023, 2.154063696584812337, 0.000000000000000000 ) ) ;
#1654 = CARTESIAN_POINT ( 'NONE',  ( -2.355065789841930268, -6.036262566435931731, 10.20000054708695458 ) ) ;
#1655 = CARTESIAN_POINT ( 'NONE',  ( 5.233227907083815467, 0.2860795813415001332, 10.54999999999999893 ) ) ;
#1656 = CARTESIAN_POINT ( 'NONE',  ( 0.05369760249847647937, 5.088276800550211476, 10.54999999999999893 ) ) ;
#1657 = CARTESIAN_POINT ( 'NONE',  ( 4.768514634593769230, -3.068363407667565212, 10.54999999999999893 ) ) ;
#1658 = CARTESIAN_POINT ( 'NONE',  ( 5.613891959547303578, -0.4383313066739737973, -3.333333333333333481 ) ) ;
#1659 = CARTESIAN_POINT ( 'NONE',  ( -4.207360836717375818, 2.057861532630368639, 10.54999999999999893 ) ) ;
#1660 = CARTESIAN_POINT ( 'NONE',  ( -5.499777161736416176, 0.4440181862372226118, -3.333333333333333037 ) ) ;
#1661 = CARTESIAN_POINT ( 'NONE',  ( 5.637680239248519243, 2.352588318672264034, 10.55000000000000426 ) ) ;
#1662 = CARTESIAN_POINT ( 'NONE',  ( 2.428801638924722894, -5.084976303599237468, 3.333333333333333037 ) ) ;
#1663 = CARTESIAN_POINT ( 'NONE',  ( -5.992420882725949305, -2.535915251145073324, 5.000000000000000000 ) ) ;
#1664 = CARTESIAN_POINT ( 'NONE',  ( -5.174474916610983577, 0.1810152819135822655, 10.20000054708695281 ) ) ;
#1665 = CARTESIAN_POINT ( 'NONE',  ( 6.090394449583802050, 1.269104926617232287, 10.55000000000000071 ) ) ;
#1666 = CARTESIAN_POINT ( 'NONE',  ( -4.960140980963031687, 2.773821869950010566, -5.000000000000000000 ) ) ;
#1667 = CARTESIAN_POINT ( 'NONE',  ( -5.072184693638204678, 4.156451546745985048, 10.20000054708695281 ) ) ;
#1668 = CARTESIAN_POINT ( 'NONE',  ( -1.745555064361626219, -6.014519918486985972, 10.54999999999999716 ) ) ;
#1669 = CARTESIAN_POINT ( 'NONE',  ( 4.743316084365753582, -3.050077814229699591, 10.54999999999999893 ) ) ;
#1670 = CARTESIAN_POINT ( 'NONE',  ( 2.814033178045507899, 5.085783199819224443, 5.000000000000023093 ) ) ;
#1671 = CARTESIAN_POINT ( 'NONE',  ( 4.830148432751303567, -3.503813660578048328, -3.333333333333333037 ) ) ;
#1672 = CARTESIAN_POINT ( 'NONE',  ( 2.799776449901423714, 5.326812330412590946, -5.999999999998588684 ) ) ;
#1673 = CARTESIAN_POINT ( 'NONE',  ( 2.044647574794003830, 5.935250330072830316, 0.000000000000000000 ) ) ;
#1674 = CARTESIAN_POINT ( 'NONE',  ( -1.049868329013719404, -6.122811490535667645, 10.55000000000000249 ) ) ;
#1675 = CARTESIAN_POINT ( 'NONE',  ( -5.650398041970682073, -1.918344598197424311, 1.666666666666666297 ) ) ;
#1676 = CARTESIAN_POINT ( 'NONE',  ( -4.340754425969252317, -2.857981720200965192, 10.20000054708695636 ) ) ;
#1677 = CARTESIAN_POINT ( 'NONE',  ( -0.09050372642129615730, 5.563739157988876194, -4.999999999997534417 ) ) ;
#1678 = CARTESIAN_POINT ( 'NONE',  ( 1.499767045398626486, -4.858023890765656105, -1.666666666666666297 ) ) ;
#1679 = CARTESIAN_POINT ( 'NONE',  ( -3.854500576205830864, -2.613524439121298393, 10.55000000000000071 ) ) ;
#1680 = CARTESIAN_POINT ( 'NONE',  ( -4.394567232764269527, 0.6595908264911113372, 10.55000000000000249 ) ) ;
#1681 = EDGE_CURVE ( 'NONE', #7570, #4036, #2950, .T. ) ;
#1682 = CARTESIAN_POINT ( 'NONE',  ( 2.044647574794003830, 5.935250330072830316, 0.000000000000000000 ) ) ;
#1683 = CARTESIAN_POINT ( 'NONE',  ( 5.053040337287874273, -4.195589520334563005, 10.20000054708695458 ) ) ;
#1684 = CARTESIAN_POINT ( 'NONE',  ( -4.946913012646355412, -0.08490809649307001772, 10.54999999999999893 ) ) ;
#1685 = CARTESIAN_POINT ( 'NONE',  ( -2.044647574794002498, 5.935250330072831204, 0.000000000000000000 ) ) ;
#1686 = CARTESIAN_POINT ( 'NONE',  ( -3.494934608246138996, 4.776568163825090529, 10.55000000000000071 ) ) ;
#1687 = CARTESIAN_POINT ( 'NONE',  ( 3.636476399295999862, 5.052096566640852160, 1.666666666666666297 ) ) ;
#1688 = CARTESIAN_POINT ( 'NONE',  ( -2.602211089238492203, 4.644596353576543990, 10.20000054708695458 ) ) ;
#1689 = CARTESIAN_POINT ( 'NONE',  ( 5.655121071682121858, 0.07334690585049025158, 5.000000000000000000 ) ) ;
#1690 = CARTESIAN_POINT ( 'NONE',  ( 4.785175339436290365, -4.583750569196761049, 10.20000054708695814 ) ) ;
#1691 = CARTESIAN_POINT ( 'NONE',  ( -0.2874215559141718446, 5.210909770110531802, 10.20000054708695636 ) ) ;
#1692 = CARTESIAN_POINT ( 'NONE',  ( 5.655121071682122746, 0.07334690585049032097, 5.000000000000024869 ) ) ;
#1693 = CARTESIAN_POINT ( 'NONE',  ( -2.418996295340125169, -5.338676074129960369, 10.54999999999999893 ) ) ;
#1694 = CARTESIAN_POINT ( 'NONE',  ( 2.835030769196147826, -4.788108697935730795, -6.000000000003091749 ) ) ;
#1695 = VERTEX_POINT ( 'NONE', #7080 ) ;
#1696 = CARTESIAN_POINT ( 'NONE',  ( 3.172292250523066848, 3.527634280209887674, 10.20000054708695103 ) ) ;
#1697 = CARTESIAN_POINT ( 'NONE',  ( -5.170810158745612561, 1.486046266603244348, 0.000000000000000000 ) ) ;
#1698 = CARTESIAN_POINT ( 'NONE',  ( -1.848213848742725540, -6.350834909277054408, 10.20000054708695458 ) ) ;
#1699 = CARTESIAN_POINT ( 'NONE',  ( 0.8139532973849420427, 6.069201137773204024, 10.55000000000000249 ) ) ;
#1700 = CARTESIAN_POINT ( 'NONE',  ( 4.621929756332352923, -2.947229847752921739, 10.55000000000000071 ) ) ;
#1701 = CARTESIAN_POINT ( 'NONE',  ( -6.304921007630881924, -2.081055046146128351, 10.20000054708695458 ) ) ;
#1702 = CARTESIAN_POINT ( 'NONE',  ( -4.340337468151582279, 2.506195924124741570, 10.54999999999999716 ) ) ;
#1703 = CARTESIAN_POINT ( 'NONE',  ( -5.371053174174045708, 1.454363143550995829, 0.000000000000000000 ) ) ;
#1704 = CARTESIAN_POINT ( 'NONE',  ( 6.073494470734879691, 1.108401916272449439, 10.55000000000000249 ) ) ;
#1705 = CARTESIAN_POINT ( 'NONE',  ( -4.215045891529108246, -2.154063696584817666, 0.000000000000000000 ) ) ;
#1706 = CARTESIAN_POINT ( 'NONE',  ( 3.840358520603885051, -3.017819880700677082, 0.000000000000000000 ) ) ;
#1707 =( LENGTH_UNIT ( ) NAMED_UNIT ( * ) SI_UNIT ( .MILLI., .METRE. ) );
#1708 = CARTESIAN_POINT ( 'NONE',  ( 5.734121802480862229, 0.4801110524943924540, 10.55000000000000249 ) ) ;
#1709 = CARTESIAN_POINT ( 'NONE',  ( -5.959138762194273298, 0.3093691773889581942, -3.333333333333333037 ) ) ;
#1710 = CARTESIAN_POINT ( 'NONE',  ( -5.187501266022413127, 3.166598274394111900, 10.20000054708695636 ) ) ;
#1711 = CARTESIAN_POINT ( 'NONE',  ( -2.765710286711027255, -3.479926740553302089, 10.54999999999999893 ) ) ;
#1712 = CARTESIAN_POINT ( 'NONE',  ( 4.788083468154798794, -3.102137636879078730, 10.54999999999999893 ) ) ;
#1713 = CARTESIAN_POINT ( 'NONE',  ( 2.673921665751363808, 5.679605890652218214, 10.20000054708695458 ) ) ;
#1714 = CARTESIAN_POINT ( 'NONE',  ( 4.267429336272377860, -1.003695657159046073, 10.54999999999999893 ) ) ;
#1715 = CARTESIAN_POINT ( 'NONE',  ( 4.553079637902986754, -4.832420171271764708, -5.000000000000000000 ) ) ;
#1716 = CARTESIAN_POINT ( 'NONE',  ( -5.173762681680130981, 3.073411379805255361, -5.999999999996959765 ) ) ;
#1717 = CARTESIAN_POINT ( 'NONE',  ( -0.09050372642129615730, 5.563739157988876194, 5.000000000000000000 ) ) ;
#1718 = CARTESIAN_POINT ( 'NONE',  ( -3.098866292598212446, -4.030722636955609950, 3.333333333333333037 ) ) ;
#1719 = CARTESIAN_POINT ( 'NONE',  ( -3.982129891421930967, -2.951944145339154613, 10.20000054708695281 ) ) ;
#1720 = CARTESIAN_POINT ( 'NONE',  ( -1.518572041796396155, 4.483362720821827629, -5.999999999997552180 ) ) ;
#1721 = CARTESIAN_POINT ( 'NONE',  ( 2.044647574793998501, -5.935250330072825875, 0.000000000000000000 ) ) ;
#1722 = CARTESIAN_POINT ( 'NONE',  ( -4.515166000295049997, 2.818586603389198864, 10.54999999999999538 ) ) ;
#1723 = CARTESIAN_POINT ( 'NONE',  ( 5.226071451420121861, -3.409110911316286074, 10.20000054708695636 ) ) ;
#1724 = CARTESIAN_POINT ( 'NONE',  ( 2.835030769196477340, -4.788108697936173108, 10.20000054708695458 ) ) ;
#1725 = CARTESIAN_POINT ( 'NONE',  ( 3.945042019279604073, 3.924286919456762224, 0.000000000000000000 ) ) ;
#1726 = CARTESIAN_POINT ( 'NONE',  ( -3.245769209456474069, 4.709804473977086126, 10.55000000000000249 ) ) ;
#1727 = CARTESIAN_POINT ( 'NONE',  ( -5.182672480134237425, 3.849844795712689116, 10.20000054708695103 ) ) ;
#1728 = CARTESIAN_POINT ( 'NONE',  ( 6.013043029953457186, 0.2387286294167564882, -5.000000000000000000 ) ) ;
#1729 = CARTESIAN_POINT ( 'NONE',  ( 4.636625319320755167, -0.9964159961130536480, 10.20000054708694925 ) ) ;
#1730 = CARTESIAN_POINT ( 'NONE',  ( -1.603320986965861339, 4.490453450679356528, 10.20000054708695814 ) ) ;
#1731 = CARTESIAN_POINT ( 'NONE',  ( -2.968001395260537745, 4.455577496842627383, 10.55000000000000249 ) ) ;
#1732 = ORIENTED_EDGE ( 'NONE', *, *, #6227, .T. ) ;
#1733 = CARTESIAN_POINT ( 'NONE',  ( 3.513428264495513709, 3.209819932095712147, 10.20000054708695281 ) ) ;
#1734 = CARTESIAN_POINT ( 'NONE',  ( -5.170810158745613450, -1.486046266603242794, 0.000000000000000000 ) ) ;
#1735 = CARTESIAN_POINT ( 'NONE',  ( -2.720514888768945205, -4.728692339370398123, 10.20000054708695281 ) ) ;
#1736 = CARTESIAN_POINT ( 'NONE',  ( 6.439108085598529208, 1.423702821370589344, 10.20000054708695636 ) ) ;
#1737 = CARTESIAN_POINT ( 'NONE',  ( -1.323275601217094311, 4.183715785193308001, 10.54999999999999716 ) ) ;
#1738 = CARTESIAN_POINT ( 'NONE',  ( 4.305671155809239536, -0.8824538195234439275, 10.54999999999999716 ) ) ;
#1739 = CARTESIAN_POINT ( 'NONE',  ( -0.8000434083654122119, -6.457546346331824338, 5.000000000000024869 ) ) ;
#1740 = CARTESIAN_POINT ( 'NONE',  ( -4.331132587560500902, 0.8121366270240654162, 10.55000000000000071 ) ) ;
#1741 = CARTESIAN_POINT ( 'NONE',  ( -6.456223770568879416, -0.8106471639654754258, 0.000000000000000000 ) ) ;
#1742 = CARTESIAN_POINT ( 'NONE',  ( 3.434169020609644019, 2.839427304259938278, 10.55000000000000071 ) ) ;
#1743 = CARTESIAN_POINT ( 'NONE',  ( 1.426011146523627149, -5.378650072249710590, 0.000000000000000000 ) ) ;
#1744 = CARTESIAN_POINT ( 'NONE',  ( 6.448597502081397259, -0.2151884589974761564, 1.666666666666666297 ) ) ;
#1745 = CARTESIAN_POINT ( 'NONE',  ( 4.156358563041987253, -2.180812078679541521, 1.666666666666666297 ) ) ;
#1746 = FACE_OUTER_BOUND ( 'NONE', #4112, .T. ) ;
#1747 = CARTESIAN_POINT ( 'NONE',  ( 5.212353516579065094, 2.579099803244158551, 10.54999999999999716 ) ) ;
#1748 = CARTESIAN_POINT ( 'NONE',  ( -5.618119473621308479, 0.4390842288719242759, -3.333333333333333037 ) ) ;
#1749 = CARTESIAN_POINT ( 'NONE',  ( -4.635540500640665584, 2.304912012909231311, 10.20000054708695814 ) ) ;
#1750 = CARTESIAN_POINT ( 'NONE',  ( -2.543952919882261909, -3.870161126132831253, 10.55000000000000249 ) ) ;
#1751 = CARTESIAN_POINT ( 'NONE',  ( 0.8000434083654105466, 6.457546346331824338, 10.20000054708695458 ) ) ;
#1752 = CARTESIAN_POINT ( 'NONE',  ( 4.452447328666795379, -2.722718272981135446, 10.54999999999999893 ) ) ;
#1753 = CARTESIAN_POINT ( 'NONE',  ( 1.058259038248090977, -5.016989528068908299, 0.000000000000000000 ) ) ;
#1754 = CARTESIAN_POINT ( 'NONE',  ( -6.304921007631211438, -2.081055046145685594, -5.999999999998881783 ) ) ;
#1755 = CARTESIAN_POINT ( 'NONE',  ( -1.982048622023628859, 4.463975086240834500, 5.000000000000000000 ) ) ;
#1756 = CARTESIAN_POINT ( 'NONE',  ( -0.2691196963845915446, -5.628215737756049108, 10.55000000000000071 ) ) ;
#1757 = CARTESIAN_POINT ( 'NONE',  ( -2.814033178045508787, -5.085783199819224443, 5.000000000000000000 ) ) ;
#1758 = CARTESIAN_POINT ( 'NONE',  ( -2.729108392372209924, -4.849263011884232810, 5.000000000000000000 ) ) ;
#1759 = CARTESIAN_POINT ( 'NONE',  ( -4.954707020477385981, 4.419694229627866733, -4.999999999996437516 ) ) ;
#1760 = CARTESIAN_POINT ( 'NONE',  ( 1.949636613157420317, -5.287246778282475468, -1.666666666666666297 ) ) ;
#1761 = CARTESIAN_POINT ( 'NONE',  ( -4.223167838073272229, 2.139141655516846541, 10.55000000000000071 ) ) ;
#1762 = CARTESIAN_POINT ( 'NONE',  ( 1.982048622023625528, -4.463975086240834500, 10.20000054708695458 ) ) ;
#1763 = CARTESIAN_POINT ( 'NONE',  ( -0.7464837294863860828, 4.389461381052337074, 10.55000000000000071 ) ) ;
#1764 = CARTESIAN_POINT ( 'NONE',  ( -2.382783059699694839, 4.540092616159148164, 5.000000000000000000 ) ) ;
#1765 = CARTESIAN_POINT ( 'NONE',  ( -3.341471759237102823, 5.106852690187501764, 10.20000054708695458 ) ) ;
#1766 = CARTESIAN_POINT ( 'NONE',  ( 4.339720304343666513, -1.788319183032214488, 3.333333333333333037 ) ) ;
#1767 = CARTESIAN_POINT ( 'NONE',  ( 4.565347179989111659, -1.255060648666039391, 10.20000054708695991 ) ) ;
#1768 = CARTESIAN_POINT ( 'NONE',  ( 0.2231214106639639039, 6.143692841154194006, 10.20000054708695458 ) ) ;
#1769 = CARTESIAN_POINT ( 'NONE',  ( -1.982048622023628859, 4.463975086240834500, 5.000000000000000000 ) ) ;
#1770 = ADVANCED_FACE ( 'NONE', ( #4094, #2215 ), #1548, .F. ) ;
#1771 = CARTESIAN_POINT ( 'NONE',  ( -1.234136903102984517, -6.475904056943280196, 10.20000054708695281 ) ) ;
#1772 = CARTESIAN_POINT ( 'NONE',  ( -2.305795273837205617, 4.173779438271512099, 10.55000000000000249 ) ) ;
#1773 = CARTESIAN_POINT ( 'NONE',  ( 3.518536185582711528, 3.328043921247044512, 1.666666666666666297 ) ) ;
#1774 = CARTESIAN_POINT ( 'NONE',  ( 2.669425199347730260, -4.671164775103693323, -5.000000000002974510 ) ) ;
#1775 = CARTESIAN_POINT ( 'NONE',  ( 3.074820611823248839, 3.649829225893995499, 10.20000054708695281 ) ) ;
#1776 = CARTESIAN_POINT ( 'NONE',  ( -2.729108392372209924, -4.849263011884232810, 5.000000000000000000 ) ) ;
#1777 = CARTESIAN_POINT ( 'NONE',  ( -0.5363972272309061040, -6.338317909808517392, 10.20000054708695458 ) ) ;
#1778 = CARTESIAN_POINT ( 'NONE',  ( 6.438301928437293320, 1.219843140103753498, 10.20000054708695458 ) ) ;
#1779 = CARTESIAN_POINT ( 'NONE',  ( -0.4705586831284177540, 4.557833544939863479, 10.55000000000000249 ) ) ;
#1780 = CARTESIAN_POINT ( 'NONE',  ( -6.234114644771579172, -2.152952735863648215, 10.20000054708695458 ) ) ;
#1781 = CARTESIAN_POINT ( 'NONE',  ( 4.251039535322756358, -1.063767202235250453, 10.55000000000000249 ) ) ;
#1782 = CARTESIAN_POINT ( 'NONE',  ( -5.007205532966260364, -2.951587071971436771, 10.20000054708695458 ) ) ;
#1783 = CARTESIAN_POINT ( 'NONE',  ( -5.806377707978426450, -2.172114956696330701, 10.54999999999999893 ) ) ;
#1784 = CARTESIAN_POINT ( 'NONE',  ( 2.792557641370601473, 3.442742450496568907, 10.54999999999999538 ) ) ;
#1785 = CARTESIAN_POINT ( 'NONE',  ( -3.840358520603885051, -3.017819880700673085, 0.000000000000000000 ) ) ;
#1786 = CARTESIAN_POINT ( 'NONE',  ( 4.641992031678379149, -0.9265593960872966495, 5.000000000000000000 ) ) ;
#1787 = CARTESIAN_POINT ( 'NONE',  ( 5.575297607190693228, 2.403659370656827665, 10.55000000000000249 ) ) ;
#1788 = CARTESIAN_POINT ( 'NONE',  ( -4.215045891529110023, 2.154063696584812337, 0.000000000000000000 ) ) ;
#1789 = CARTESIAN_POINT ( 'NONE',  ( -1.578262615542224356, -6.073372928046850916, 10.54999999999999893 ) ) ;
#1790 = CARTESIAN_POINT ( 'NONE',  ( 4.560417893976197234, -2.877882349899843817, 10.55000000000000071 ) ) ;
#1791 = CARTESIAN_POINT ( 'NONE',  ( -2.835030769196474676, 4.788108697936169555, 10.20000054708695458 ) ) ;
#1792 = CARTESIAN_POINT ( 'NONE',  ( -3.329003215128835791, 4.742297807971154633, 10.54999999999999893 ) ) ;
#1793 = CARTESIAN_POINT ( 'NONE',  ( 2.835030769196477340, -4.788108697936173108, -5.000000000000000000 ) ) ;
#1794 = CARTESIAN_POINT ( 'NONE',  ( -5.604626029811752730, -2.827710600053704226, -4.999999999999432454 ) ) ;
#1795 = CARTESIAN_POINT ( 'NONE',  ( 1.922560767552540240, 6.296675729077716888, 3.333333333333333037 ) ) ;
#1796 = AXIS2_PLACEMENT_3D ( 'NONE', #5425, #7862, #7229 ) ;
#1797 = CARTESIAN_POINT ( 'NONE',  ( -0.2621586745315531153, -5.578519576508297995, 10.55000000000000071 ) ) ;
#1798 = CARTESIAN_POINT ( 'NONE',  ( -5.084612861887573665, -2.429562399373935921, 3.333333333333333037 ) ) ;
#1799 = CARTESIAN_POINT ( 'NONE',  ( 5.655121071682121858, 0.07334690585049023770, 5.000000000000000000 ) ) ;
#1800 = CARTESIAN_POINT ( 'NONE',  ( 3.123419988197818409, 3.556803324690477996, -5.999999999999491962 ) ) ;
#1801 = CARTESIAN_POINT ( 'NONE',  ( 3.565988210183661966, -5.600584521419602169, 0.000000000000000000 ) ) ;
#1802 = CARTESIAN_POINT ( 'NONE',  ( -4.974356026794014340, -2.942506272476243634, 10.20000054708695103 ) ) ;
#1803 = CARTESIAN_POINT ( 'NONE',  ( -5.338271364134660857, -0.3405705290294712140, 10.55000000000000249 ) ) ;
#1804 = CARTESIAN_POINT ( 'NONE',  ( 3.579650788338562872, -4.781680491221290019, 10.54999999999999893 ) ) ;
#1805 = CARTESIAN_POINT ( 'NONE',  ( -4.571775429901919097, -2.836279366628511767, 10.20000054708695458 ) ) ;
#1806 = CARTESIAN_POINT ( 'NONE',  ( -1.298451264820542184, 5.221076087381562481, 0.000000000000000000 ) ) ;
#1807 = CARTESIAN_POINT ( 'NONE',  ( -3.696746781189042874, 4.776463557774406787, 10.55000000000000071 ) ) ;
#1808 = CARTESIAN_POINT ( 'NONE',  ( 2.460968612481760687, 6.106389989388079975, 3.333333333333333037 ) ) ;
#1809 = CARTESIAN_POINT ( 'NONE',  ( -5.108598224881163219, 2.930228441654237237, 10.20000054708695636 ) ) ;
#1810 = CARTESIAN_POINT ( 'NONE',  ( 4.499676651628623958, -1.335727496253135138, 3.333333333333333037 ) ) ;
#1811 = CARTESIAN_POINT ( 'NONE',  ( 4.583369381405731247, -1.177365985777283353, 10.20000054708695281 ) ) ;
#1812 = CARTESIAN_POINT ( 'NONE',  ( -0.08973891747630904914, 5.596287119760384954, 10.20000054708695458 ) ) ;
#1813 = ORIENTED_EDGE ( 'NONE', *, *, #7377, .T. ) ;
#1814 = CARTESIAN_POINT ( 'NONE',  ( 2.582917596616105982, 5.779353650123609576, 10.20000054708695458 ) ) ;
#1815 = CARTESIAN_POINT ( 'NONE',  ( -3.518536185582712861, -3.328043921247038295, 1.666666666666666297 ) ) ;
#1816 = CARTESIAN_POINT ( 'NONE',  ( -0.1649858301285429818, -6.091750179683677935, 10.20000054708695458 ) ) ;
#1817 = CARTESIAN_POINT ( 'NONE',  ( 6.245896064292463024, 0.5547400058665763467, 10.20000054708695458 ) ) ;
#1818 = CARTESIAN_POINT ( 'NONE',  ( -2.384135420232847302, 4.192135220905306880, 10.55000000000000071 ) ) ;
#1819 = CARTESIAN_POINT ( 'NONE',  ( -6.365173372624149728, -1.837951873440522244, 10.20000054708695458 ) ) ;
#1820 = CARTESIAN_POINT ( 'NONE',  ( 4.712401215062825166, -0.1536850815633617751, 10.55000000000000249 ) ) ;
#1821 = CARTESIAN_POINT ( 'NONE',  ( 1.052720001348083079, -4.615017103915213248, 5.000000000000024869 ) ) ;
#1822 = CARTESIAN_POINT ( 'NONE',  ( -5.999678256659661812, -0.8474270793132746560, 10.54999999999999893 ) ) ;
#1823 = CARTESIAN_POINT ( 'NONE',  ( 2.625683375158149868, 3.704639217884013291, 10.55000000000000071 ) ) ;
#1824 = CARTESIAN_POINT ( 'NONE',  ( -5.174474916610983577, 0.1810152819135822655, 10.20000054708695281 ) ) ;
#1825 = CARTESIAN_POINT ( 'NONE',  ( 5.310310022141520037, -0.5112103155022512668, 3.333333333333333037 ) ) ;
#1826 = DIRECTION ( 'NONE',  ( 0.000000000000000000, -1.000000000000000000, -4.427471192595918859E-13 ) ) ;
#1827 = CARTESIAN_POINT ( 'NONE',  ( 4.975702630282929917, 2.567211687170225520, 10.55000000000000249 ) ) ;
#1828 = CARTESIAN_POINT ( 'NONE',  ( -2.019198866007305249, 5.398229052130370853, -1.666666666666666297 ) ) ;
#1829 = CARTESIAN_POINT ( 'NONE',  ( -0.9318713266649540916, -6.099380207629082840, 10.55000000000000426 ) ) ;
#1830 = CARTESIAN_POINT ( 'NONE',  ( 5.617911649995843248, 0.4221517240340550980, 10.55000000000000071 ) ) ;
#1831 = CARTESIAN_POINT ( 'NONE',  ( 2.729108392372208591, 4.849263011884231922, 10.20000054708695458 ) ) ;
#1832 = CARTESIAN_POINT ( 'NONE',  ( 1.093064383784955629, -4.564698034665722659, -3.333333333333333037 ) ) ;
#1833 = CARTESIAN_POINT ( 'NONE',  ( 4.773087588978172313, 2.860248105178876177, -6.000000000000331291 ) ) ;
#1834 = CARTESIAN_POINT ( 'NONE',  ( -2.711647814721306560, 5.315450139805470542, 3.333333333333333037 ) ) ;
#1835 = CARTESIAN_POINT ( 'NONE',  ( -0.1762122553281723347, -5.304691924134847802, 10.55000000000000249 ) ) ;
#1836 = CARTESIAN_POINT ( 'NONE',  ( -4.142919934894312206, -4.364618222124522440, 0.000000000000000000 ) ) ;
#1837 = CARTESIAN_POINT ( 'NONE',  ( -2.874891515540369369, -3.948492002339770490, 5.000000000000000000 ) ) ;
#1838 = CARTESIAN_POINT ( 'NONE',  ( 2.907966664692025471, -4.882705828915998580, -5.000000000000000000 ) ) ;
#1839 = CARTESIAN_POINT ( 'NONE',  ( -5.492162405544197767, -0.3974726165968419656, 10.55000000000000071 ) ) ;
#1840 = CARTESIAN_POINT ( 'NONE',  ( 0.5158794709139554735, -4.526588006282973531, 10.55000000000000426 ) ) ;
#1841 = CARTESIAN_POINT ( 'NONE',  ( 3.799759560933618552, -4.761406807813231445, 10.55000000000000426 ) ) ;
#1842 = CARTESIAN_POINT ( 'NONE',  ( 2.382783059699697503, -4.540092616159150829, 10.20000054708695458 ) ) ;
#1843 = CARTESIAN_POINT ( 'NONE',  ( 2.044647574794003830, 5.935250330072830316, 0.000000000000000000 ) ) ;
#1844 = CARTESIAN_POINT ( 'NONE',  ( 0.07477099020677412111, 6.017315606013082352, 5.000000000000000000 ) ) ;
#1845 = CARTESIAN_POINT ( 'NONE',  ( -5.187501266022413127, 3.166598274394111900, 10.20000054708695636 ) ) ;
#1846 = DIRECTION ( 'NONE',  ( 0.000000000000000000, 0.000000000000000000, 1.000000000000000000 ) ) ;
#1847 = CARTESIAN_POINT ( 'NONE',  ( 5.387762479216902989, -0.02882918901861687699, 10.20000054708695281 ) ) ;
#1848 = CARTESIAN_POINT ( 'NONE',  ( -0.7091659305833839522, 4.818718527104159932, 10.20000054708695458 ) ) ;
#1849 = CARTESIAN_POINT ( 'NONE',  ( -5.655121071682120082, -0.07334690585049012668, 5.000000000000000000 ) ) ;
#1850 = CARTESIAN_POINT ( 'NONE',  ( -1.344925194607803132, -6.470078917730623047, 10.20000054708695281 ) ) ;
#1851 = CARTESIAN_POINT ( 'NONE',  ( -1.827408897729225323, 4.125654788571569753, 10.54999999999999893 ) ) ;
#1852 = CARTESIAN_POINT ( 'NONE',  ( 2.455644348263004595, 5.162464464137916487, 10.55000000000000426 ) ) ;
#1853 = CARTESIAN_POINT ( 'NONE',  ( 0.8832383406027559669, 6.446584388462401449, 10.20000054708695636 ) ) ;
#1854 = CARTESIAN_POINT ( 'NONE',  ( -5.449465857265461288, -2.431124405394461174, 3.333333333333333037 ) ) ;
#1855 = CARTESIAN_POINT ( 'NONE',  ( 0.5849399154104880649, -4.908814570490267926, 10.20000054708695636 ) ) ;
#1856 = CARTESIAN_POINT ( 'NONE',  ( 6.288262503876261178, 2.042808910381793019, 10.20000054708695636 ) ) ;
#1857 = CARTESIAN_POINT ( 'NONE',  ( -2.461592130646919507, 4.213065018089143798, 10.55000000000000249 ) ) ;
#1858 = CARTESIAN_POINT ( 'NONE',  ( -5.870669080640690041, -2.613900711899540763, 10.20000054708695281 ) ) ;
#1859 = CARTESIAN_POINT ( 'NONE',  ( 4.696185157094015850, -0.1734437761466104955, 10.54999999999999716 ) ) ;
#1860 = CARTESIAN_POINT ( 'NONE',  ( -2.673921665751363808, -5.679605890652212885, 5.000000000000024869 ) ) ;
#1861 = CARTESIAN_POINT ( 'NONE',  ( -3.079838111144835189, -3.642893066558263282, 10.20000054708695636 ) ) ;
#1862 = CARTESIAN_POINT ( 'NONE',  ( -6.084810598896812195, -1.192246555360655824, 10.55000000000000249 ) ) ;
#1863 = CARTESIAN_POINT ( 'NONE',  ( 5.248533672560229846, 2.943904212591497149, 5.000000000000000000 ) ) ;
#1864 = CARTESIAN_POINT ( 'NONE',  ( 5.040141342650132472, -0.6683356128300474985, 3.333333333333333037 ) ) ;
#1865 = CARTESIAN_POINT ( 'NONE',  ( 5.820145438959664297, 2.153868423255169695, 10.54999999999999716 ) ) ;
#1866 = CARTESIAN_POINT ( 'NONE',  ( -4.873372729617942767, 3.872709450760531968, -3.333333333333333037 ) ) ;
#1867 = CARTESIAN_POINT ( 'NONE',  ( -0.04782892113434064618, -5.079369928393868250, 10.55000000000000071 ) ) ;
#1868 = CARTESIAN_POINT ( 'NONE',  ( 5.514887433701282760, 0.4032296334475686250, 10.55000000000000071 ) ) ;
#1869 = CARTESIAN_POINT ( 'NONE',  ( -4.523082045645343996, 1.395826287384881015, 10.20000054708695458 ) ) ;
#1870 = CARTESIAN_POINT ( 'NONE',  ( -3.072825332653438046, 4.540753788227158694, 10.54999999999999893 ) ) ;
#1871 = CARTESIAN_POINT ( 'NONE',  ( -3.636476399296000750, -5.052096566640849495, -1.666666666666666297 ) ) ;
#1872 = CARTESIAN_POINT ( 'NONE',  ( 4.792209750296043680, -2.603974222053873522, 10.20000054708695458 ) ) ;
#1873 = CARTESIAN_POINT ( 'NONE',  ( 5.992420882725616238, 2.535915251145518301, -6.000000000000875744 ) ) ;
#1874 = CARTESIAN_POINT ( 'NONE',  ( -4.452238096076975182, 2.939099262225372211, 3.333333333333333037 ) ) ;
#1875 = CARTESIAN_POINT ( 'NONE',  ( -5.171731312442196860, -1.922991464093475100, 1.666666666666666297 ) ) ;
#1876 = CARTESIAN_POINT ( 'NONE',  ( 2.997400859223743996, -4.979915817394206634, 5.000000000000000000 ) ) ;
#1877 = CARTESIAN_POINT ( 'NONE',  ( 0.3460384234886361710, -5.115696762701375633, -5.000000000000000000 ) ) ;
#1878 = CARTESIAN_POINT ( 'NONE',  ( -5.394623828543252841, -2.891578781026398648, 10.20000054708695636 ) ) ;
#1879 = CARTESIAN_POINT ( 'NONE',  ( -5.413964938267421090, -0.3722798933853386782, 10.55000000000000249 ) ) ;
#1880 = CARTESIAN_POINT ( 'NONE',  ( -4.863591316241459239, 2.703491047103844469, 10.20000054708695458 ) ) ;
#1881 = CARTESIAN_POINT ( 'NONE',  ( 2.812838153089742832, -4.359747224867821735, 10.55000000000000249 ) ) ;
#1882 = CARTESIAN_POINT ( 'NONE',  ( 5.976476242010902773, 1.740509143441727025, 1.666666666666666297 ) ) ;
#1883 = CARTESIAN_POINT ( 'NONE',  ( 1.163863866783202416, 5.852560542697734292, 1.666666666666666297 ) ) ;
#1884 = CARTESIAN_POINT ( 'NONE',  ( -5.212414088650334065, 3.284765323266440884, 10.20000054708695458 ) ) ;
#1885 = CARTESIAN_POINT ( 'NONE',  ( -2.382783059699694839, 4.540092616159148164, -5.000000000000000000 ) ) ;
#1886 = CARTESIAN_POINT ( 'NONE',  ( 4.556047770295394983, -2.019320271209998463, 10.20000054708695281 ) ) ;
#1887 = CARTESIAN_POINT ( 'NONE',  ( -3.222732506473614755, 5.076209428798510004, 10.20000054708695281 ) ) ;
#1888 = CARTESIAN_POINT ( 'NONE',  ( -4.742177691313817611, 2.541133983792142725, 5.000000000000000000 ) ) ;
#1889 = CARTESIAN_POINT ( 'NONE',  ( -6.301622807954568195, -1.385736526358674725, -1.666666666666666297 ) ) ;
#1890 = CARTESIAN_POINT ( 'NONE',  ( 0.1669924494865172859, -5.400859359240029356, 10.20000054708695814 ) ) ;
#1891 = CARTESIAN_POINT ( 'NONE',  ( -2.279458270630942529, 4.168340123497124239, 10.54999999999999893 ) ) ;
#1892 = CARTESIAN_POINT ( 'NONE',  ( 4.882270699514533518, 2.908697158505072711, -5.000000000000000000 ) ) ;
#1893 = ORIENTED_EDGE ( 'NONE', *, *, #6462, .F. ) ;
#1894 = CARTESIAN_POINT ( 'NONE',  ( 1.126332844710095760, 6.475753676253858337, 10.20000054708695814 ) ) ;
#1895 = CARTESIAN_POINT ( 'NONE',  ( -3.972996821740307993, -2.573304974326865224, 0.000000000000000000 ) ) ;
#1896 = CARTESIAN_POINT ( 'NONE',  ( -0.6792241875855548061, -6.393705677434714296, 10.20000054708695458 ) ) ;
#1897 = CARTESIAN_POINT ( 'NONE',  ( 6.441747716737701523, 1.321673334224885865, 10.20000054708695636 ) ) ;
#1898 = CARTESIAN_POINT ( 'NONE',  ( -6.440449613786639382, -1.261083471639429021, 10.20000054708695281 ) ) ;
#1899 = CARTESIAN_POINT ( 'NONE',  ( 4.211978412354944190, -2.083676013776742941, 10.54999999999999893 ) ) ;
#1900 = CARTESIAN_POINT ( 'NONE',  ( 0.09050372642129654588, -5.563739157988876194, 10.20000054708695458 ) ) ;
#1901 = CARTESIAN_POINT ( 'NONE',  ( -6.030412628947037668, -1.735573747857929838, 10.54999999999999893 ) ) ;
#1902 = CARTESIAN_POINT ( 'NONE',  ( 6.518773151765568485, 0.9219336593036328020, 3.333333333333333037 ) ) ;
#1903 = CARTESIAN_POINT ( 'NONE',  ( -4.476850594263217964, -2.845806746392813391, 10.20000054708695458 ) ) ;
#1904 = CARTESIAN_POINT ( 'NONE',  ( 5.077478097977015992, 2.596479097079853915, 10.55000000000000071 ) ) ;
#1905 = CARTESIAN_POINT ( 'NONE',  ( -5.192377491128975286, 3.921631092083320169, -5.000000000000000000 ) ) ;
#1906 = CARTESIAN_POINT ( 'NONE',  ( 0.5158794709139554735, -4.526588006282973531, 10.55000000000000426 ) ) ;
#1907 = CARTESIAN_POINT ( 'NONE',  ( 6.091466059126346089, 1.433126344381767447, 10.54999999999999893 ) ) ;
#1908 = CARTESIAN_POINT ( 'NONE',  ( -5.655121071682449596, -0.07334690585004738361, -5.999999999998206768 ) ) ;
#1909 = CARTESIAN_POINT ( 'NONE',  ( -3.610821062286850403, 4.781537107690858157, 10.55000000000000426 ) ) ;
#1910 = CARTESIAN_POINT ( 'NONE',  ( 0.6476541954606986895, -4.841088142863434918, -5.000000000000000000 ) ) ;
#1911 = CARTESIAN_POINT ( 'NONE',  ( 4.751564182018638505, -2.540877858752404794, 10.20000054708695458 ) ) ;
#1912 = CARTESIAN_POINT ( 'NONE',  ( -0.9543576300478090468, -5.553851180038732238, 1.666666666666666297 ) ) ;
#1913 = CARTESIAN_POINT ( 'NONE',  ( -2.835030769196474676, 4.788108697936169555, 5.000000000000000000 ) ) ;
#1914 = CARTESIAN_POINT ( 'NONE',  ( 3.275559793922729668, -4.722471309144481211, 10.55000000000000071 ) ) ;
#1915 = CARTESIAN_POINT ( 'NONE',  ( 5.851330226675907298, -1.405564791000387892, 0.000000000000000000 ) ) ;
#1916 = CARTESIAN_POINT ( 'NONE',  ( -2.673921665751363808, -5.679605890652212885, 5.000000000000000000 ) ) ;
#1917 = EDGE_CURVE ( 'NONE', #6344, #5663, #6478, .T. ) ;
#1918 = CARTESIAN_POINT ( 'NONE',  ( -2.891161923887255014, -5.768179829214143517, -3.333333333333333037 ) ) ;
#1919 = CARTESIAN_POINT ( 'NONE',  ( -5.898755905130139254, -2.035229797706185284, 10.54999999999999893 ) ) ;
#1920 = DIRECTION ( 'NONE',  ( 0.000000000000000000, 1.000000000000000000, 4.427453442170423041E-13 ) ) ;
#1921 = CARTESIAN_POINT ( 'NONE',  ( -5.174474916610983577, 0.1810152819135822655, 10.20000054708695281 ) ) ;
#1922 = CARTESIAN_POINT ( 'NONE',  ( 4.236217322123063234, -4.587483734840406946, 10.55000000000000249 ) ) ;
#1923 = PRESENTATION_LAYER_ASSIGNMENT (  '', '', ( #6828 ) ) ;
#1924 = CARTESIAN_POINT ( 'NONE',  ( -4.215045891529110023, 2.154063696584812337, 0.000000000000000000 ) ) ;
#1925 = CARTESIAN_POINT ( 'NONE',  ( -4.714031158960693801, 3.027185480913499038, 10.55000000000000071 ) ) ;
#1926 = CARTESIAN_POINT ( 'NONE',  ( 0.6933294261304642214, 4.834757971955977673, 0.000000000000000000 ) ) ;
#1927 = CARTESIAN_POINT ( 'NONE',  ( -4.753146854409883382, 2.543375106947269426, 10.20000054708695458 ) ) ;
#1928 = CARTESIAN_POINT ( 'NONE',  ( -5.678215680000328724, -0.07738645999955721944, -5.999999999998163247 ) ) ;
#1929 = CARTESIAN_POINT ( 'NONE',  ( -5.388879183762297131, -0.3625353256609966102, 10.54999999999999716 ) ) ;
#1930 = CARTESIAN_POINT ( 'NONE',  ( -2.297448435757698526, 4.531263051694963906, 10.20000054708695281 ) ) ;
#1931 = CARTESIAN_POINT ( 'NONE',  ( 4.746000227595589038, -4.039308271549004736, 10.55000000000000071 ) ) ;
#1932 = CARTESIAN_POINT ( 'NONE',  ( -2.210029059896360781, 5.542816575422763847, -1.666666666666666297 ) ) ;
#1933 = CARTESIAN_POINT ( 'NONE',  ( 0.1042335854854989918, -5.542630797394785702, 10.20000054708695458 ) ) ;
#1934 = CARTESIAN_POINT ( 'NONE',  ( 3.872358905603288548, 3.735029819091828518, 0.000000000000000000 ) ) ;
#1935 = CARTESIAN_POINT ( 'NONE',  ( 3.485117518757675281, 4.039144021101855664, 1.666666666666666297 ) ) ;
#1936 = ORIENTED_EDGE ( 'NONE', *, *, #2851, .F. ) ;
#1937 = CARTESIAN_POINT ( 'NONE',  ( 0.3148398719427519254, 6.213701654432617794, 10.20000054708695281 ) ) ;
#1938 = CARTESIAN_POINT ( 'NONE',  ( 0.05254660229870469768, -5.812160726609311823, 5.000000000000000000 ) ) ;
#1939 = CARTESIAN_POINT ( 'NONE',  ( 0.1349761872680647901, -5.465083979788621704, 10.20000054708695458 ) ) ;
#1940 = CARTESIAN_POINT ( 'NONE',  ( 3.247087444592027694, 3.444516606343403620, 10.20000054708695281 ) ) ;
#1941 = CARTESIAN_POINT ( 'NONE',  ( 6.101301784337995748, 2.362436217320261100, 10.20000054708695281 ) ) ;
#1942 = CARTESIAN_POINT ( 'NONE',  ( 2.382783059699697503, -4.540092616159150829, 10.20000054708695458 ) ) ;
#1943 = CARTESIAN_POINT ( 'NONE',  ( -5.895416100524784930, -0.6544321450179962918, 10.55000000000000426 ) ) ;
#1944 = CARTESIAN_POINT ( 'NONE',  ( 1.525851511670023530, 6.087049905056365340, 10.55000000000000249 ) ) ;
#1945 = CARTESIAN_POINT ( 'NONE',  ( 2.835030769196147826, -4.788108697935730795, -6.000000000003079315 ) ) ;
#1946 = CARTESIAN_POINT ( 'NONE',  ( 2.476863563012273950, 4.037258749151135362, 10.55000000000000071 ) ) ;
#1947 = CARTESIAN_POINT ( 'NONE',  ( -4.954707020477385981, 4.419694229627866733, -5.000000000000000000 ) ) ;
#1948 = CARTESIAN_POINT ( 'NONE',  ( -1.549611450163200121, -6.081139238669805103, 10.55000000000000426 ) ) ;
#1949 = CARTESIAN_POINT ( 'NONE',  ( 4.973169424321447707, 2.566596288090610134, 10.55000000000000071 ) ) ;
#1950 = DIRECTION ( 'NONE',  ( 3.293975600896116958E-13, -4.427453442170423041E-13, 1.000000000000000000 ) ) ;
#1951 = CARTESIAN_POINT ( 'NONE',  ( 4.771453672849818695, 2.386201666620089146, -3.333333333333333037 ) ) ;
#1952 = CARTESIAN_POINT ( 'NONE',  ( -4.079619808765961864, 4.671381860944120668, 10.54999999999999893 ) ) ;
#1953 = CARTESIAN_POINT ( 'NONE',  ( -0.3192155735820010887, -5.325300927323620925, -3.333333333333333037 ) ) ;
#1954 = CARTESIAN_POINT ( 'NONE',  ( 4.710497855665641609, -0.8115497593069900262, 10.20000054708695458 ) ) ;
#1955 = CARTESIAN_POINT ( 'NONE',  ( -0.6193174284949902741, -5.934938074355414095, 3.333333333333333037 ) ) ;
#1956 = CARTESIAN_POINT ( 'NONE',  ( 3.289573807913737102, -4.728033623087387838, 10.55000000000000249 ) ) ;
#1957 = CARTESIAN_POINT ( 'NONE',  ( 5.992420882725616238, 2.535915251145518301, -6.000000000000888178 ) ) ;
#1958 = CARTESIAN_POINT ( 'NONE',  ( -0.1220607304236060869, -5.082794351157219559, -3.333333333333333037 ) ) ;
#1959 = CARTESIAN_POINT ( 'NONE',  ( -6.073894349417747307, -1.110741550734804850, 10.54999999999999893 ) ) ;
#1960 = CARTESIAN_POINT ( 'NONE',  ( 0.07477099020677412111, 6.017315606013082352, 10.20000054708695458 ) ) ;
#1961 = DIRECTION ( 'NONE',  ( 0.000000000000000000, -1.000000000000000000, -4.427471192595918859E-13 ) ) ;
#1962 = CARTESIAN_POINT ( 'NONE',  ( -4.882270699514534407, -2.908697158505072711, -4.999999999999706901 ) ) ;
#1963 = CARTESIAN_POINT ( 'NONE',  ( 5.604626029811762500, 2.827710600053702894, 5.000000000000000000 ) ) ;
#1964 = CARTESIAN_POINT ( 'NONE',  ( -4.872844099446437482, 3.595826747045669514, 10.54999999999999893 ) ) ;
#1965 = CARTESIAN_POINT ( 'NONE',  ( -3.840358520603883274, 3.017819880700676638, 0.000000000000000000 ) ) ;
#1966 = CARTESIAN_POINT ( 'NONE',  ( -5.112566709186933345, 2.966215116716473421, 10.20000054708695814 ) ) ;
#1967 = CARTESIAN_POINT ( 'NONE',  ( 2.740444013175200588, 4.333596967199334848, -5.000000000000000000 ) ) ;
#1968 = CARTESIAN_POINT ( 'NONE',  ( -3.293975600896207330E-13, 4.427453442170543706E-13, -6.000000000000024869 ) ) ;
#1969 = CARTESIAN_POINT ( 'NONE',  ( -1.874927650151968050, 4.475948080632100812, 10.20000054708695814 ) ) ;
#1970 = CARTESIAN_POINT ( 'NONE',  ( -4.142919934894312206, 4.364618222124517999, 0.000000000000000000 ) ) ;
#1971 = CARTESIAN_POINT ( 'NONE',  ( 1.201441201733798092, -4.579899025891737807, 10.20000054708695281 ) ) ;
#1972 = CARTESIAN_POINT ( 'NONE',  ( 3.457288572021225193, 3.727848306711875281, -1.666666666666666297 ) ) ;
#1973 = ORIENTED_EDGE ( 'NONE', *, *, #5032, .F. ) ;
#1974 = CARTESIAN_POINT ( 'NONE',  ( 2.445675102423686020, 5.235822105791788417, 10.55000000000000249 ) ) ;
#1975 = CARTESIAN_POINT ( 'NONE',  ( 0.7108724082341908446, 6.403767977197319716, 10.20000054708695814 ) ) ;
#1976 = CARTESIAN_POINT ( 'NONE',  ( -3.155199032523682501, -5.365851228646531190, 3.333333333333333037 ) ) ;
#1977 = CARTESIAN_POINT ( 'NONE',  ( 1.532167816698479790, -4.499708461659914782, 10.20000054708695814 ) ) ;
#1978 = CARTESIAN_POINT ( 'NONE',  ( 2.855377237005242375, 4.030542105564119737, 10.20000054708695458 ) ) ;
#1979 = CARTESIAN_POINT ( 'NONE',  ( 6.432576124331647272, 1.152024086159011862, 10.20000054708695458 ) ) ;
#1980 = CARTESIAN_POINT ( 'NONE',  ( 4.960140980963032575, -2.773821869950011454, 10.20000054708695458 ) ) ;
#1981 = CARTESIAN_POINT ( 'NONE',  ( -3.226137047502309230, -2.989293548572983461, 10.55000000000000249 ) ) ;
#1982 = CARTESIAN_POINT ( 'NONE',  ( 2.111129491559003313, 5.784689659224324210, 10.55000000000000249 ) ) ;
#1983 = CARTESIAN_POINT ( 'NONE',  ( 2.438870040405185069, 5.063990765627501389, 10.55000000000000249 ) ) ;
#1984 = CARTESIAN_POINT ( 'NONE',  ( -3.562529458288298034, 5.536492484120600466, -1.666666666666666297 ) ) ;
#1985 = CARTESIAN_POINT ( 'NONE',  ( 3.579650788338562872, -4.781680491221290019, 10.54999999999999893 ) ) ;
#1986 = LINE ( 'NONE', #3096, #6836 ) ;
#1987 = CARTESIAN_POINT ( 'NONE',  ( 6.304921007630883700, 2.081055046146127907, -5.000000000000000000 ) ) ;
#1988 = CARTESIAN_POINT ( 'NONE',  ( -0.9543576300478090468, -5.553851180038732238, -1.666666666666666297 ) ) ;
#1989 = CARTESIAN_POINT ( 'NONE',  ( 5.507273345357457828, 0.03257253288717777695, 10.20000054708695281 ) ) ;
#1990 = CARTESIAN_POINT ( 'NONE',  ( 0.1704022720372699862, -5.377413347294651480, 5.000000000000000000 ) ) ;
#1991 = CARTESIAN_POINT ( 'NONE',  ( -4.571775429901919097, -2.836279366628511767, -5.000000000000000000 ) ) ;
#1992 = CARTESIAN_POINT ( 'NONE',  ( -2.673921665751363808, -5.679605890652212885, -5.000000000000000000 ) ) ;
#1993 = CARTESIAN_POINT ( 'NONE',  ( -4.460536635612044165, -2.496144942775594178, 10.54999999999999893 ) ) ;
#1994 = CARTESIAN_POINT ( 'NONE',  ( -5.174474916610983577, 0.1810152819135822655, 10.20000054708695281 ) ) ;
#1995 = CARTESIAN_POINT ( 'NONE',  ( 4.314384127427717708, -4.534919739672996997, 10.55000000000000249 ) ) ;
#1996 = CARTESIAN_POINT ( 'NONE',  ( -2.371666416849914860, -6.059304634297317804, -6.000000000001938893 ) ) ;
#1997 = CARTESIAN_POINT ( 'NONE',  ( 6.162401348110474686, -1.196908415135739645, 0.000000000000000000 ) ) ;
#1998 = CARTESIAN_POINT ( 'NONE',  ( -4.734366669863654842, 3.042458213690428348, 10.55000000000000249 ) ) ;
#1999 = CARTESIAN_POINT ( 'NONE',  ( -4.028894480281568491, 5.206954424155694205, 1.666666666666666297 ) ) ;
#2000 = CARTESIAN_POINT ( 'NONE',  ( -6.392464591274373831, -1.738379717848785644, 10.20000054708695636 ) ) ;
#2001 = CARTESIAN_POINT ( 'NONE',  ( 3.123419988198147923, 3.556803324690035240, -5.000000000000000000 ) ) ;
#2002 = FACE_BOUND ( 'NONE', #673, .T. ) ;
#2003 = CARTESIAN_POINT ( 'NONE',  ( -2.232742970503098778, 4.516101794462994867, 10.20000054708695458 ) ) ;
#2004 = CARTESIAN_POINT ( 'NONE',  ( -4.756057670977638097, 4.006055085275334271, 10.55000000000000249 ) ) ;
#2005 = CARTESIAN_POINT ( 'NONE',  ( -1.530097869399087207, 5.607385669498456515, 0.000000000000000000 ) ) ;
#2006 = CARTESIAN_POINT ( 'NONE',  ( -0.07612626076506880113, -5.996515891407734777, 10.20000054708695458 ) ) ;
#2007 = CARTESIAN_POINT ( 'NONE',  ( -0.2926584082658547636, -5.699920688638262511, 10.54999999999999893 ) ) ;
#2008 = CARTESIAN_POINT ( 'NONE',  ( 3.718589996354460858, 2.864148441214862562, -3.333333333333333037 ) ) ;
#2009 = ORIENTED_EDGE ( 'NONE', *, *, #5641, .F. ) ;
#2010 = CARTESIAN_POINT ( 'NONE',  ( -1.157853835090889572, 4.594448488662478347, 10.20000054708695814 ) ) ;
#2011 = CARTESIAN_POINT ( 'NONE',  ( 1.052720001348083079, -4.615017103915213248, 5.000000000000000000 ) ) ;
#2012 = CARTESIAN_POINT ( 'NONE',  ( 1.893401865612904578, -4.476685050384444864, 10.20000054708695458 ) ) ;
#2013 = CARTESIAN_POINT ( 'NONE',  ( 3.309963142595197194, 3.381502067491163999, 10.20000054708695636 ) ) ;
#2014 = CARTESIAN_POINT ( 'NONE',  ( 0.09050372642096714271, -5.563739157988433881, -6.000000000002517986 ) ) ;
#2015 = CARTESIAN_POINT ( 'NONE',  ( 5.437409736227650114, 2.876658329235428191, 10.20000054708695458 ) ) ;
#2016 = CARTESIAN_POINT ( 'NONE',  ( 4.516332414954610464, -1.859659088761142609, 5.000000000000024869 ) ) ;
#2017 = CARTESIAN_POINT ( 'NONE',  ( -5.337690316403495672, -2.539938421579468031, 10.55000000000000071 ) ) ;
#2018 = CARTESIAN_POINT ( 'NONE',  ( 1.605773911289387623, 6.065259876824682372, 10.55000000000000071 ) ) ;
#2019 = CARTESIAN_POINT ( 'NONE',  ( -0.3534438101688317513, -6.267603813795266987, -5.000000000002685852 ) ) ;
#2020 = CARTESIAN_POINT ( 'NONE',  ( 2.762283642826642627, 3.484965276173817461, 10.55000000000000071 ) ) ;
#2021 = CARTESIAN_POINT ( 'NONE',  ( 0.9543576300478099350, 5.553851180038733126, -1.666666666666666297 ) ) ;
#2022 = CARTESIAN_POINT ( 'NONE',  ( 2.024434697125661931, -4.133136761402649739, 10.54999999999999893 ) ) ;
#2023 = CARTESIAN_POINT ( 'NONE',  ( 4.775108802693143417, 2.510948052499637484, 10.55000000000000071 ) ) ;
#2024 = CARTESIAN_POINT ( 'NONE',  ( -5.192377491128975286, 3.921631092083320169, 10.20000054708695458 ) ) ;
#2025 = CARTESIAN_POINT ( 'NONE',  ( 5.621187373405008181, 1.478589194937732110, 0.000000000000000000 ) ) ;
#2026 = CARTESIAN_POINT ( 'NONE',  ( -4.870654818763498817, 3.368300532348873944, 10.54999999999999893 ) ) ;
#2027 = CARTESIAN_POINT ( 'NONE',  ( -4.091089480663188560, -4.128796472022229658, 0.000000000000000000 ) ) ;
#2028 = CARTESIAN_POINT ( 'NONE',  ( 5.667929328527469224, 0.4348570122908094748, 10.55000000000000426 ) ) ;
#2029 = CARTESIAN_POINT ( 'NONE',  ( -4.340754425969252317, -2.857981720200965192, 10.20000054708695636 ) ) ;
#2030 = CARTESIAN_POINT ( 'NONE',  ( -6.255643805310284300, -0.5241188672390326708, -5.000000000000000000 ) ) ;
#2031 = CARTESIAN_POINT ( 'NONE',  ( -0.07477099020677754893, -6.017315606013090346, -5.000000000000000000 ) ) ;
#2032 = CARTESIAN_POINT ( 'NONE',  ( -4.180103387499464418, -2.530412054360895890, 10.54999999999999893 ) ) ;
#2033 = CARTESIAN_POINT ( 'NONE',  ( -4.603342582428153307, 2.258170310738743414, 10.20000054708695458 ) ) ;
#2034 = LINE ( 'NONE', #3950, #1150 ) ;
#2035 = CARTESIAN_POINT ( 'NONE',  ( 6.255643805310286965, 0.5241188672390336700, 5.000000000000000000 ) ) ;
#2036 = CARTESIAN_POINT ( 'NONE',  ( 3.972996821740307105, -2.573304974326867889, 0.000000000000000000 ) ) ;
#2037 = CARTESIAN_POINT ( 'NONE',  ( -4.495563247843129773, 4.305525677697852771, 1.666666666666666297 ) ) ;
#2038 = CARTESIAN_POINT ( 'NONE',  ( -6.250020551732737850, -2.122577769221202004, 10.20000054708695458 ) ) ;
#2039 = CARTESIAN_POINT ( 'NONE',  ( -4.603342582428153307, 2.258170310738743414, -5.000000000000000000 ) ) ;
#2040 = CARTESIAN_POINT ( 'NONE',  ( -5.584691393537128512, -0.4168099813182440938, 10.55000000000000249 ) ) ;
#2041 = CARTESIAN_POINT ( 'NONE',  ( -2.866107766162866000, 4.830109726339635756, 10.20000054708695636 ) ) ;
#2042 = CARTESIAN_POINT ( 'NONE',  ( -4.835837639134966004, 3.792266214608079888, 10.54999999999999716 ) ) ;
#2043 = CARTESIAN_POINT ( 'NONE',  ( -4.018825604028020138, 4.018224371688233099, 0.000000000000000000 ) ) ;
#2044 = CARTESIAN_POINT ( 'NONE',  ( 1.226302132101126707, -4.571874825412876042, 10.20000054708695281 ) ) ;
#2045 = ORIENTED_EDGE ( 'NONE', *, *, #2963, .T. ) ;
#2046 = CARTESIAN_POINT ( 'NONE',  ( -2.077498010239668957, 4.490214834002687283, 10.20000054708695103 ) ) ;
#2047 = CARTESIAN_POINT ( 'NONE',  ( -1.530097869399088539, -5.607385669498458292, 0.000000000000000000 ) ) ;
#2048 = CIRCLE ( 'NONE', #351, 2.500000000000000000 ) ;
#2049 = CARTESIAN_POINT ( 'NONE',  ( 3.313344000392021815, -5.101010677809094673, 10.20000054708695281 ) ) ;
#2050 = CARTESIAN_POINT ( 'NONE',  ( 5.290092075450809617, 2.920660836861807663, 10.20000054708695281 ) ) ;
#2051 = CARTESIAN_POINT ( 'NONE',  ( 6.186800832269180539, 0.4602053499517040347, 10.20000054708695458 ) ) ;
#2052 = CARTESIAN_POINT ( 'NONE',  ( 4.856940138843542698, -0.5154830861509849260, 5.000000000000024869 ) ) ;
#2053 = CARTESIAN_POINT ( 'NONE',  ( -2.867111014569372784, -3.346213532844052096, 10.55000000000000071 ) ) ;
#2054 = CARTESIAN_POINT ( 'NONE',  ( 0.9763774728495931976, 6.107648574547329900, 10.54999999999999893 ) ) ;
#2055 = CARTESIAN_POINT ( 'NONE',  ( -4.771635973406848308, 4.343064134404515109, 3.333333333333333037 ) ) ;
#2056 = CARTESIAN_POINT ( 'NONE',  ( 2.494967868610025175, 3.987680734885926004, 10.54999999999999893 ) ) ;
#2057 = CARTESIAN_POINT ( 'NONE',  ( 3.213266569546250118, -5.088083704188173684, -5.000000000003338663 ) ) ;
#2058 = CARTESIAN_POINT ( 'NONE',  ( 2.460968612481760687, 6.106389989388079975, -3.333333333333333037 ) ) ;
#2059 = CARTESIAN_POINT ( 'NONE',  ( 2.646340021331706094, -4.279744673221397733, 10.55000000000000249 ) ) ;
#2060 = CARTESIAN_POINT ( 'NONE',  ( 3.708550188238113776, 2.686068453032923742, 10.55000000000000604 ) ) ;
#2061 = CARTESIAN_POINT ( 'NONE',  ( 6.255643805310286965, 0.5241188672390336700, -5.000000000000000000 ) ) ;
#2062 = CARTESIAN_POINT ( 'NONE',  ( -4.835837639134966004, 3.792266214608079888, 10.54999999999999716 ) ) ;
#2063 = CARTESIAN_POINT ( 'NONE',  ( -4.972409450710348899, -2.391619784635953927, -3.333333333333333037 ) ) ;
#2064 = CARTESIAN_POINT ( 'NONE',  ( 5.596562502471093659, 0.06277407307920077062, 10.20000054708695281 ) ) ;
#2065 = CARTESIAN_POINT ( 'NONE',  ( -1.908458813630812712, -6.359292723372315770, 5.000000000000000000 ) ) ;
#2066 = CARTESIAN_POINT ( 'NONE',  ( -2.710634745066446971, -4.647372425121903738, -5.000000000000000000 ) ) ;
#2067 = CARTESIAN_POINT ( 'NONE',  ( 4.523082045645017146, -1.395826287384444697, -6.000000000002144951 ) ) ;
#2068 = CARTESIAN_POINT ( 'NONE',  ( -6.576007866396362367, -0.3169947703697422736, -1.666666666666666297 ) ) ;
#2069 = CARTESIAN_POINT ( 'NONE',  ( -3.017812709573715946, -3.178639722694630354, 10.55000000000000249 ) ) ;
#2070 = CARTESIAN_POINT ( 'NONE',  ( 4.571775429901920873, 2.836279366628511767, 10.20000054708695458 ) ) ;
#2071 = CARTESIAN_POINT ( 'NONE',  ( -5.485244519539224761, 1.469766839973421835, 0.000000000000000000 ) ) ;
#2072 = CARTESIAN_POINT ( 'NONE',  ( 4.571775429901920873, 2.836279366628511767, 5.000000000000000000 ) ) ;
#2073 = CARTESIAN_POINT ( 'NONE',  ( 5.613891959547303578, -0.4383313066739737973, -3.333333333333333481 ) ) ;
#2074 = CARTESIAN_POINT ( 'NONE',  ( -4.960140980963031687, 2.773821869950010566, 5.000000000000000000 ) ) ;
#2075 = CARTESIAN_POINT ( 'NONE',  ( -6.224047401954551084, -0.5176065051993941069, 10.20000054708695458 ) ) ;
#2076 = CARTESIAN_POINT ( 'NONE',  ( -5.251182211392754873, 3.439893223823211610, -4.999999999996774136 ) ) ;
#2077 = CARTESIAN_POINT ( 'NONE',  ( 4.516332414954610464, -1.859659088761142609, -5.000000000000000000 ) ) ;
#2078 = CARTESIAN_POINT ( 'NONE',  ( -5.264447448765289472, -0.3034289695955249000, 10.54999999999999893 ) ) ;
#2079 = CARTESIAN_POINT ( 'NONE',  ( -5.163119722475634887, 3.086756023920150138, 10.20000054708695281 ) ) ;
#2080 = CARTESIAN_POINT ( 'NONE',  ( -3.439652140943350922, 4.768968104730784141, 10.55000000000000249 ) ) ;
#2081 = CARTESIAN_POINT ( 'NONE',  ( -4.340798672100181221, 2.647104865981876998, -3.333333333333333037 ) ) ;
#2082 = CARTESIAN_POINT ( 'NONE',  ( -0.3856820378463616805, -5.817512475815964201, 10.55000000000000249 ) ) ;
#2083 = FILL_AREA_STYLE_COLOUR ( '', #3989 ) ;
#2084 = CARTESIAN_POINT ( 'NONE',  ( 0.08341926755279001349, 5.133510890847123420, 10.55000000000000249 ) ) ;
#2085 = CARTESIAN_POINT ( 'NONE',  ( -2.795166804565499596, -4.188588210711507109, 10.20000054708695458 ) ) ;
#2086 = CARTESIAN_POINT ( 'NONE',  ( -0.4153652489557380090, 5.062232449554458391, 10.20000054708695458 ) ) ;
#2087 = CARTESIAN_POINT ( 'NONE',  ( -3.695205439896792399, -4.685349591553732651, 1.666666666666666297 ) ) ;
#2088 = CARTESIAN_POINT ( 'NONE',  ( 1.738384585344810329, -4.478281551450306708, 10.20000054708695458 ) ) ;
#2089 = CARTESIAN_POINT ( 'NONE',  ( 3.408935900973924849, 3.292392325281067844, 10.20000054708695281 ) ) ;
#2090 = CARTESIAN_POINT ( 'NONE',  ( 0.07787028463647610588, -5.682519034184333684, -6.000000000002566836 ) ) ;
#2091 = CARTESIAN_POINT ( 'NONE',  ( 6.327164816193534769, 1.948859367886062399, 10.20000054708695636 ) ) ;
#2092 = CARTESIAN_POINT ( 'NONE',  ( -4.016291540606792054, -2.571114814904159829, 10.54999999999999716 ) ) ;
#2093 = CARTESIAN_POINT ( 'NONE',  ( 2.368801595289075745, 4.650840198353185073, 10.55000000000000249 ) ) ;
#2094 = CARTESIAN_POINT ( 'NONE',  ( -4.413977035674932381, 3.706055536428900510, 1.666666666666666297 ) ) ;
#2095 = CARTESIAN_POINT ( 'NONE',  ( 2.906607642196368246, 3.299762082327605928, 10.54999999999999716 ) ) ;
#2096 = CARTESIAN_POINT ( 'NONE',  ( 5.192377491128977951, -3.921631092083313064, -5.000000000003473666 ) ) ;
#2097 = CARTESIAN_POINT ( 'NONE',  ( 0.4750015549338932885, 5.743902374239028497, -3.333333333333333037 ) ) ;
#2098 = CARTESIAN_POINT ( 'NONE',  ( 3.109776559387369410, -4.577647061028054409, 10.54999999999999893 ) ) ;
#2099 = CARTESIAN_POINT ( 'NONE',  ( 4.673660491510900350, 2.498163750106141112, 10.55000000000000604 ) ) ;
#2100 = CARTESIAN_POINT ( 'NONE',  ( 4.668414645444203259, 2.013852510967589104, -1.666666666666666297 ) ) ;
#2101 = CARTESIAN_POINT ( 'NONE',  ( -3.123419988198143482, -3.556803324690040569, -5.000000000000000000 ) ) ;
#2102 = CARTESIAN_POINT ( 'NONE',  ( 4.486534183822808330, -3.934215941351282275, 1.666666666666666297 ) ) ;
#2103 = CARTESIAN_POINT ( 'NONE',  ( 6.255643805310286965, 0.5241188672390336700, -5.000000000001855405 ) ) ;
#2104 = CARTESIAN_POINT ( 'NONE',  ( -4.773087588978501827, -2.860248105178433864, -5.000000000000000000 ) ) ;
#2105 = CARTESIAN_POINT ( 'NONE',  ( -5.699475538844982481, -2.295747553784457828, 10.55000000000000604 ) ) ;
#2106 = CARTESIAN_POINT ( 'NONE',  ( 6.013043029953457186, 0.2387286294167564882, 5.000000000000023093 ) ) ;
#2107 = ADVANCED_FACE ( 'NONE', ( #937 ), #126, .T. ) ;
#2108 = CARTESIAN_POINT ( 'NONE',  ( 4.878315079838295709, -3.493063970160358966, 10.55000000000000249 ) ) ;
#2109 = CARTESIAN_POINT ( 'NONE',  ( 4.557408217254173444, -3.110423004554814241, -3.333333333333333037 ) ) ;
#2110 = CARTESIAN_POINT ( 'NONE',  ( 3.930152937962595683, -5.185930219046910317, 0.000000000000000000 ) ) ;
#2111 = CARTESIAN_POINT ( 'NONE',  ( 4.773087588978501827, 2.860248105178433420, 5.000000000000000000 ) ) ;
#2112 = CARTESIAN_POINT ( 'NONE',  ( 5.678215679709420982, 0.07738645994917364712, -5.000000000000000888 ) ) ;
#2113 = CARTESIAN_POINT ( 'NONE',  ( -4.018825604028020138, 4.018224371688233099, 0.000000000000000000 ) ) ;
#2114 = CARTESIAN_POINT ( 'NONE',  ( -5.485579668146328913, -0.02295971142788841290, 10.20000054708695458 ) ) ;
#2115 = CARTESIAN_POINT ( 'NONE',  ( 4.499676651628623958, -1.335727496253135138, -3.333333333333333037 ) ) ;
#2116 = CARTESIAN_POINT ( 'NONE',  ( -2.480204339852791762, -4.027550282750697264, 10.55000000000000426 ) ) ;
#2117 = CARTESIAN_POINT ( 'NONE',  ( -4.848909420393746394, 3.256259422302426820, 10.55000000000000071 ) ) ;
#2118 = CARTESIAN_POINT ( 'NONE',  ( -1.552475556725907646, 4.587569381479215558, -3.333333333333333037 ) ) ;
#2119 = CARTESIAN_POINT ( 'NONE',  ( 2.864835819843268183, -4.840512010679405286, 10.20000054708695636 ) ) ;
#2120 = ORIENTED_EDGE ( 'NONE', *, *, #7057, .F. ) ;
#2121 = CARTESIAN_POINT ( 'NONE',  ( 0.05475548520192806412, 5.088786068622716208, 10.55000000000000071 ) ) ;
#2122 = CARTESIAN_POINT ( 'NONE',  ( -2.361059819885217070, 4.548452449421362509, 10.20000054708695636 ) ) ;
#2123 = CARTESIAN_POINT ( 'NONE',  ( 0.6933294261304657757, -4.834757971955980338, 0.000000000000000000 ) ) ;
#2124 = CARTESIAN_POINT ( 'NONE',  ( 1.078834635680056886, -4.624115697451355089, 10.20000054708695991 ) ) ;
#2125 = CARTESIAN_POINT ( 'NONE',  ( 1.299206499032195206, 6.473298057109535542, 10.20000054708695458 ) ) ;
#2126 = CARTESIAN_POINT ( 'NONE',  ( 5.678215680000000987, 0.07738646000000001801, 5.000000000000024869 ) ) ;
#2127 = B_SPLINE_CURVE_WITH_KNOTS ( 'NONE', 3,
 ( #4332, #3135, #6273, #4288, #1183, #4929, #2416, #6793, #6874, #555, #3047, #3781, #6187, #5501, #3178, #7418, #6748, #5586, #7374, #1226, #3687, #7977, #2460, #4368, #1945, #1310, #5016, #6835, #6231, #5346, #5843, #4655, #4004, #2014, #2090, #919, #6911, #763, #6350, #1459, #2780, #3256, #2627, #5094, #3930, #6386, #841, #5779, #6946, #1422, #801, #4749, #4080, #2434, #3066, #6573, #614, #3107, #1036, #7684, #5518, #3517, #5970, #4043, #1571, #1244, #6498, #415, #7953 ),
 .UNSPECIFIED., .F., .F.,
 ( 4, 1, 1, 1, 1, 1, 1, 1, 1, 1, 1, 1, 1, 1, 1, 1, 1, 1, 1, 1, 1, 1, 1, 1, 1, 1, 1, 1, 1, 1, 1, 1, 1, 1, 1, 1, 1, 1, 1, 1, 1, 1, 1, 1, 1, 1, 1, 1, 1, 1, 1, 1, 1, 1, 1, 1, 1, 1, 1, 1, 1, 1, 1, 1, 1, 1, 4 ),
 ( 0.000000000000000000, 0.001550136839284185905, 0.006071790579032764965, 0.01319933330643404193, 0.02235545058397482229, 0.03279841876312734883, 0.04368224385626486711, 0.05412521206154127101, 0.06328132952199584660, 0.07040887200001094692, 0.07493052570653477296, 0.07648066268273331914, 0.07830987249869779399, 0.08364196438749395279, 0.09204655913978726511, 0.1028430373207356308, 0.1151568493611588445, 0.1279904800311179591, 0.1403042919271878519, 0.1511007699844785779, 0.1595053650660862576, 0.1648374566927243434, 0.1666666665651375390, 0.1682168034675726453, 0.1727384570784429862, 0.1798659999250309394, 0.1890221172240496295, 0.1994650853702841509, 0.2103489104811966659, 0.2207918786954924106, 0.2299479960603515727, 0.2370755387243898837, 0.2415971925504398488, 0.2431473293182571105, 0.2449765393134504254, 0.2503086310241853796, 0.2587132258091831005, 0.2695097040632689622, 0.2818235159497678444, 0.2946571465833863201, 0.3069709587144892060, 0.3177674367777321152, 0.3261720316518792462, 0.3315041233572624813, 0.3333333332205353217, 0.3348834701217330845, 0.3394051238394414360, 0.3465326665844606913, 0.3556887839547372976, 0.3661317520994348262, 0.3770155771509118847, 0.3874585455141904555, 0.3966146627308383965, 0.4037422055325992076, 0.4082638591539702322, 0.4098139960758135913, 0.4116432060273052529, 0.4169752975787410221, 0.4253798926897029986, 0.4361763707277601099, 0.4484901827299410115, 0.4613238133271936880, 0.4736376252512065621, 0.4844341034546091329, 0.4928386983189844139, 0.4981707901223517143, 0.5000000000000026645 ),
 .UNSPECIFIED. ) ;
#2128 = CARTESIAN_POINT ( 'NONE',  ( -4.544865095602993676, -2.494184585503501417, 10.54999999999999893 ) ) ;
#2129 = CARTESIAN_POINT ( 'NONE',  ( 0.2532233713656455998, 5.525765638925174805, 10.54999999999999893 ) ) ;
#2130 = CARTESIAN_POINT ( 'NONE',  ( -4.957055618582935530, 1.130175575188427262, 1.666666666666666297 ) ) ;
#2131 = CARTESIAN_POINT ( 'NONE',  ( 1.361652637637119412, 6.116508161900148899, 10.55000000000000426 ) ) ;
#2132 = CARTESIAN_POINT ( 'NONE',  ( 3.067254368480955229, 5.888528640545021453, 0.000000000000000000 ) ) ;
#2133 = CARTESIAN_POINT ( 'NONE',  ( 3.981123361350378254, -4.711386451336649017, 10.55000000000000249 ) ) ;
#2134 = CARTESIAN_POINT ( 'NONE',  ( 2.400815888456470315, 4.949808319405019752, 10.55000000000000426 ) ) ;
#2135 = CARTESIAN_POINT ( 'NONE',  ( 5.549568239385187951, -0.9540490732971211862, -1.666666666666666519 ) ) ;
#2136 = CARTESIAN_POINT ( 'NONE',  ( -5.851330226675902857, -1.405564791000387226, 0.000000000000000000 ) ) ;
#2137 = CARTESIAN_POINT ( 'NONE',  ( 6.068739156059081097, 1.081793483685704382, 10.55000000000000071 ) ) ;
#2138 = CARTESIAN_POINT ( 'NONE',  ( 4.830148432751303567, -3.503813660578048328, 3.333333333333333037 ) ) ;
#2139 = CARTESIAN_POINT ( 'NONE',  ( 6.448597502081397259, -0.2151884589974761564, -1.666666666666666297 ) ) ;
#2140 = B_SPLINE_CURVE_WITH_KNOTS ( 'NONE', 3,
 ( #1572, #3440, #6499, #4119, #2279, #5931, #297, #3518, #2858, #2781, #4159, #882, #7728, #3369, #2238, #5323, #2818, #1037, #4707, #5366, #1532, #957, #2200, #5971, #4005, #5821, #4044, #7065, #5287, #417, #5209, #2900, #7171, #7134, #7649, #5250, #4597, #3406, #7686, #7101, #6010, #1769, #12, #1123, #543, #2487, #6655, #1167, #6131, #5488, #2358, #6091, #3596, #4240, #2991, #580, #6699, #7886, #1888, #7922, #4878, #6736, #3076, #2944, #7963, #5407, #2445, #1849, #4955 ),
 .UNSPECIFIED., .F., .F.,
 ( 4, 1, 1, 1, 1, 1, 1, 1, 1, 1, 1, 1, 1, 1, 1, 1, 1, 1, 1, 1, 1, 1, 1, 1, 1, 1, 1, 1, 1, 1, 1, 1, 1, 1, 1, 1, 1, 1, 1, 1, 1, 1, 1, 1, 1, 1, 1, 1, 1, 1, 1, 1, 1, 1, 1, 1, 1, 1, 1, 1, 1, 1, 1, 1, 1, 1, 4 ),
 ( 0.000000000000000000, 0.001829209877650946319, 0.007161301681018191617, 0.01556589654539346224, 0.02636237474879595324, 0.03867618667280881689, 0.05150981727006141014, 0.06382362927224220772, 0.07462010731029929123, 0.08302470242126108735, 0.08835679397269693980, 0.09018600392418853195, 0.09173614084603190499, 0.09625779446740294343, 0.1033853372691637268, 0.1125414544858115568, 0.1229844228490899888, 0.1338682479005670889, 0.1443112160452644788, 0.1534673334155411129, 0.1605948761605603403, 0.1651165298782687196, 0.1666666667794664825, 0.1684958766427393229, 0.1738279683481225579, 0.1822325632222696057, 0.1930290412855124038, 0.2053428534166151509, 0.2181764840502335434, 0.2304902959367324256, 0.2412867741908183150, 0.2496913689758159249, 0.2550234606865509068, 0.2568526706817441663, 0.2584028074495614002, 0.2629244612756113098, 0.2700520039396495653, 0.2792081213045087829, 0.2896510895188044721, 0.3005349146297169316, 0.3109778827759513420, 0.3201340000749700598, 0.3272615429215579574, 0.3317831965324282151, 0.3333333334348632659, 0.3351625433072765170, 0.3404946349339145750, 0.3488992300155221993, 0.3596957080728127032, 0.3720095199688825405, 0.3848431506388415579, 0.3971569626792648688, 0.4079534408602130680, 0.4163580356125062831, 0.4216901275013024697, 0.4235193373172669862, 0.4250694742934656434, 0.4295911279999894972, 0.4367186704780044448, 0.4458747879384589718, 0.4563177561437352092, 0.4672015812368727206, 0.4776445494160250771, 0.4868006666935657534, 0.4939282094209670460, 0.4984498631607156005, 0.5000000000163563607 ),
 .UNSPECIFIED. ) ;
#2141 = LINE ( 'NONE', #4612, #3361 ) ;
#2142 = FACE_OUTER_BOUND ( 'NONE', #718, .T. ) ;
#2143 = CARTESIAN_POINT ( 'NONE',  ( -4.972409450710348899, -2.391619784635953927, -3.333333333333333037 ) ) ;
#2144 = CARTESIAN_POINT ( 'NONE',  ( -4.432447901385417666, -2.497674875463887112, 10.54999999999999893 ) ) ;
#2145 = CARTESIAN_POINT ( 'NONE',  ( 5.992420882725946640, 2.535915251145075544, 10.20000054708695458 ) ) ;
#2146 = CARTESIAN_POINT ( 'NONE',  ( -3.945042019279604961, -3.924286919456764000, 0.000000000000000000 ) ) ;
#2147 = CARTESIAN_POINT ( 'NONE',  ( 3.457288572021225193, 3.727848306711875281, 1.666666666666666297 ) ) ;
#2148 = CARTESIAN_POINT ( 'NONE',  ( 4.533687937200369333, -1.816938096579818529, 0.000000000000000000 ) ) ;
#2149 = CARTESIAN_POINT ( 'NONE',  ( -6.147021845340259638, -1.960825888751873913, 3.333333333333333037 ) ) ;
#2150 = CARTESIAN_POINT ( 'NONE',  ( -5.208612489017558467, 0.1524505292727696415, 10.20000054708695103 ) ) ;
#2151 = CARTESIAN_POINT ( 'NONE',  ( 5.040141342650132472, -0.6683356128300474985, -3.333333333333333037 ) ) ;
#2152 = CARTESIAN_POINT ( 'NONE',  ( -2.410569727931411332, -4.984558272880884822, 10.55000000000000426 ) ) ;
#2153 = CARTESIAN_POINT ( 'NONE',  ( -3.147338533434351771, 4.620613122697751152, 10.55000000000000071 ) ) ;
#2154 = CARTESIAN_POINT ( 'NONE',  ( -2.382783059699694839, 4.540092616159148164, -5.000000000000000000 ) ) ;
#2155 = ADVANCED_FACE ( 'NONE', ( #1395 ), #7660, .T. ) ;
#2156 = EDGE_LOOP ( 'NONE', ( #1565, #7059 ) ) ;
#2157 = CARTESIAN_POINT ( 'NONE',  ( -0.2607806674419652082, 4.725378201167343306, 10.55000000000000426 ) ) ;
#2158 = CARTESIAN_POINT ( 'NONE',  ( 3.930152937962594795, 5.185930219046908540, 0.000000000000000000 ) ) ;
#2159 = CARTESIAN_POINT ( 'NONE',  ( -0.1189620678263039605, 5.502441331788151757, 10.20000054708695636 ) ) ;
#2160 = CARTESIAN_POINT ( 'NONE',  ( 4.142919934894312206, -4.364618222124516222, 0.000000000000000000 ) ) ;
#2161 = CARTESIAN_POINT ( 'NONE',  ( 4.792209750296043680, -2.603974222053873522, 10.20000054708695458 ) ) ;
#2162 = CARTESIAN_POINT ( 'NONE',  ( 2.802184840245165010, 5.040417428761510443, 10.20000054708695281 ) ) ;
#2163 = CIRCLE ( 'NONE', #4118, 12.15000000000008384 ) ;
#2164 = CARTESIAN_POINT ( 'NONE',  ( 5.655121071682122746, 0.07334690585049032097, 10.20000054708695458 ) ) ;
#2165 = CARTESIAN_POINT ( 'NONE',  ( -2.725082836991192803, -4.524771939621789585, 10.20000054708695458 ) ) ;
#2166 = CARTESIAN_POINT ( 'NONE',  ( -1.980377392706105688, -5.886482627117490374, 10.54999999999999893 ) ) ;
#2167 = CARTESIAN_POINT ( 'NONE',  ( -4.499676651628622182, 1.335727496253138691, 3.333333333333333037 ) ) ;
#2168 = CARTESIAN_POINT ( 'NONE',  ( 5.566376549713774047, 0.4139920207986673706, 10.54999999999999893 ) ) ;
#2169 = CARTESIAN_POINT ( 'NONE',  ( 0.2059755532242993903, 5.372060290957732853, 10.54999999999999893 ) ) ;
#2170 = CARTESIAN_POINT ( 'NONE',  ( -5.353724473062111855, 0.04933554827863243647, 10.20000054708695458 ) ) ;
#2171 = CARTESIAN_POINT ( 'NONE',  ( 4.452447328666795379, -2.722718272981135446, 10.54999999999999893 ) ) ;
#2172 = DIRECTION ( 'NONE',  ( 0.000000000000000000, 0.000000000000000000, -1.000000000000000000 ) ) ;
#2173 = CARTESIAN_POINT ( 'NONE',  ( -4.646094646264137040, 0.2367670798185338710, 10.54999999999999716 ) ) ;
#2174 = CARTESIAN_POINT ( 'NONE',  ( -3.097876131912061126, -4.343258223111877925, -3.333333333333333037 ) ) ;
#2175 = CARTESIAN_POINT ( 'NONE',  ( 4.696593047355205996, 2.500806853692482346, 10.54999999999999716 ) ) ;
#2176 = CARTESIAN_POINT ( 'NONE',  ( 1.941275052549161773, -4.699058253462403911, 3.333333333333333037 ) ) ;
#2177 = CARTESIAN_POINT ( 'NONE',  ( 5.485244519223072324, -1.469766839920268575, 0.000000000000000000 ) ) ;
#2178 = DIRECTION ( 'NONE',  ( 0.000000000000000000, 1.000000000000000000, 4.427471192595918859E-13 ) ) ;
#2179 = CARTESIAN_POINT ( 'NONE',  ( -5.416526759925428536, -1.969588487282300404, -1.666666666666666297 ) ) ;
#2180 = CARTESIAN_POINT ( 'NONE',  ( -2.480456962865337012, -4.026859750579544261, 10.55000000000000249 ) ) ;
#2181 = CARTESIAN_POINT ( 'NONE',  ( 4.773087588978501827, 2.860248105178433420, 10.20000054708695458 ) ) ;
#2182 = CARTESIAN_POINT ( 'NONE',  ( 4.813914381185309566, -3.863882363750346549, 10.54999999999999893 ) ) ;
#2183 = CARTESIAN_POINT ( 'NONE',  ( 5.489297186633658399, 1.471292881111661899, 0.000000000000000000 ) ) ;
#2184 = CARTESIAN_POINT ( 'NONE',  ( 4.957055618582937306, -1.130175575188428594, -1.666666666666666297 ) ) ;
#2185 = CARTESIAN_POINT ( 'NONE',  ( -4.749189404962484318, 0.9493014229605959420, 3.333333333333333037 ) ) ;
#2186 = CARTESIAN_POINT ( 'NONE',  ( -3.336575970390029067, -3.356281012458136370, 10.20000054708695814 ) ) ;
#2187 = CARTESIAN_POINT ( 'NONE',  ( 2.799776449901423714, 5.326812330412590946, -5.999999999998601119 ) ) ;
#2188 = CARTESIAN_POINT ( 'NONE',  ( 5.123227066717328526, -0.2064956504716665142, -5.000000000000000000 ) ) ;
#2189 = CARTESIAN_POINT ( 'NONE',  ( -2.391267540252937529, -4.355575726525814595, 10.55000000000000249 ) ) ;
#2190 = CARTESIAN_POINT ( 'NONE',  ( -4.548154654828086230, 2.862862363404316657, 10.55000000000000604 ) ) ;
#2191 = CARTESIAN_POINT ( 'NONE',  ( -1.499767045398625598, 4.858023890765652553, -1.666666666666666297 ) ) ;
#2192 = CARTESIAN_POINT ( 'NONE',  ( 4.487390856690769425, -4.841300003967918819, 10.20000054708695458 ) ) ;
#2193 = CARTESIAN_POINT ( 'NONE',  ( 0.2300764513000909672, -4.753578519834662508, 10.54999999999999716 ) ) ;
#2194 = ORIENTED_EDGE ( 'NONE', *, *, #6713, .F. ) ;
#2195 = CARTESIAN_POINT ( 'NONE',  ( -4.055415583294284865, 5.055883803216606687, 10.20000054708695458 ) ) ;
#2196 = CARTESIAN_POINT ( 'NONE',  ( 4.350894455684723106, -4.764497176725710936, 1.666666666666666297 ) ) ;
#2197 = CARTESIAN_POINT ( 'NONE',  ( 5.179707893164722243, -3.861844047223283560, 10.20000054708695458 ) ) ;
#2198 = CARTESIAN_POINT ( 'NONE',  ( 2.369868652893687866, 6.022640257920022222, 10.20000054708695458 ) ) ;
#2199 = CARTESIAN_POINT ( 'NONE',  ( 4.664445597511878816, 2.849410993963926497, 10.20000054708695281 ) ) ;
#2200 = CARTESIAN_POINT ( 'NONE',  ( 2.729108392372208591, 4.849263011884231922, 5.000000000000000000 ) ) ;
#2201 = CARTESIAN_POINT ( 'NONE',  ( -2.455809090781091442, -5.105998238036961290, 10.55000000000000249 ) ) ;
#2202 = CARTESIAN_POINT ( 'NONE',  ( -0.007359275632628099403, 5.000744445234802882, 10.55000000000000249 ) ) ;
#2203 = CARTESIAN_POINT ( 'NONE',  ( -0.8188296664681282699, 4.356330182938618734, 10.54999999999999893 ) ) ;
#2204 = CARTESIAN_POINT ( 'NONE',  ( -5.310310022141517372, 0.5112103155022519330, 3.333333333333333037 ) ) ;
#2205 = CARTESIAN_POINT ( 'NONE',  ( 1.389332100975536166, 6.112948162837689381, 10.55000000000000071 ) ) ;
#2206 = CARTESIAN_POINT ( 'NONE',  ( -5.316192672823587095, 0.07350463634555229331, 10.20000054708695458 ) ) ;
#2207 = CARTESIAN_POINT ( 'NONE',  ( 4.039873012212676251, -4.688701691146372141, 10.54999999999999893 ) ) ;
#2208 = CARTESIAN_POINT ( 'NONE',  ( 6.013043029953457186, 0.2387286294167564882, -5.000000000000000000 ) ) ;
#2209 = CARTESIAN_POINT ( 'NONE',  ( -4.176389625358554625, 1.784704237277077388, 10.54999999999999893 ) ) ;
#2210 = CARTESIAN_POINT ( 'NONE',  ( -5.564139155517600521, -0.06115429241966402474, -5.000000000000000000 ) ) ;
#2211 = CARTESIAN_POINT ( 'NONE',  ( 5.657696356165548224, 2.334622596077572165, 10.54999999999999893 ) ) ;
#2212 = CARTESIAN_POINT ( 'NONE',  ( 4.771635973406850972, -4.343064134404512444, 3.333333333333333037 ) ) ;
#2213 = CARTESIAN_POINT ( 'NONE',  ( 6.255643805310286965, 0.5241188672390336700, -5.000000000000000000 ) ) ;
#2214 = CARTESIAN_POINT ( 'NONE',  ( 4.712401215062825166, -0.1536850815633617751, 10.55000000000000249 ) ) ;
#2215 = FACE_OUTER_BOUND ( 'NONE', #6457, .T. ) ;
#2216 = CARTESIAN_POINT ( 'NONE',  ( -6.461538437134769275, -1.526872548237523164, -5.000000000000000000 ) ) ;
#2217 = CARTESIAN_POINT ( 'NONE',  ( -5.205675990457223179, 3.742388190892500965, 10.20000054708695458 ) ) ;
#2218 = CARTESIAN_POINT ( 'NONE',  ( -2.555708887324052547, -3.844302981726971158, 10.55000000000000071 ) ) ;
#2219 = CARTESIAN_POINT ( 'NONE',  ( 6.013043029953457186, 0.2387286294167564882, 10.20000054708695458 ) ) ;
#2220 = CARTESIAN_POINT ( 'NONE',  ( 4.191978044916442769, -1.368520426871357554, 10.55000000000000426 ) ) ;
#2221 = CARTESIAN_POINT ( 'NONE',  ( -5.251182211393084387, 3.439893223823654367, -5.999999999996772360 ) ) ;
#2222 = CARTESIAN_POINT ( 'NONE',  ( 2.814033178045507899, 5.085783199819224443, 5.000000000000000000 ) ) ;
#2223 = CARTESIAN_POINT ( 'NONE',  ( -0.2998287424151643288, -5.710509897922690925, 10.55000000000000604 ) ) ;
#2224 = CARTESIAN_POINT ( 'NONE',  ( -4.641438671081428602, 1.383119759770208068, 1.666666666666666297 ) ) ;
#2225 = CARTESIAN_POINT ( 'NONE',  ( -5.788078364508708162, -2.681681442286477868, 10.20000054708695636 ) ) ;
#2226 = CARTESIAN_POINT ( 'NONE',  ( 2.673921665751363808, 5.679605890652218214, -4.999999999998393285 ) ) ;
#2227 = CARTESIAN_POINT ( 'NONE',  ( 4.557408217254173444, -3.110423004554814241, -3.333333333333333037 ) ) ;
#2228 = CARTESIAN_POINT ( 'NONE',  ( -2.450887674859850929, -5.206362458363668289, 10.54999999999999893 ) ) ;
#2229 = CARTESIAN_POINT ( 'NONE',  ( -4.418059883995404391, 0.6100738116834827363, 10.55000000000000249 ) ) ;
#2230 = CARTESIAN_POINT ( 'NONE',  ( -1.052720001348083523, 4.615017103915213248, -5.000000000000000000 ) ) ;
#2231 = CARTESIAN_POINT ( 'NONE',  ( 5.145435814028650690, -3.976430141309328370, 10.20000054708695103 ) ) ;
#2232 = ORIENTED_EDGE ( 'NONE', *, *, #5974, .T. ) ;
#2233 = CARTESIAN_POINT ( 'NONE',  ( -2.806007583635481861, 4.355362549850108955, 10.54999999999999893 ) ) ;
#2234 = CARTESIAN_POINT ( 'NONE',  ( -4.696586865351997986, 4.671742362010258276, 10.20000054708695103 ) ) ;
#2235 = CARTESIAN_POINT ( 'NONE',  ( 4.491800750379475460, -4.813324326891781801, 3.333333333333333037 ) ) ;
#2236 = CARTESIAN_POINT ( 'NONE',  ( 4.870763185665969885, -2.700863293697979728, 10.20000054708695458 ) ) ;
#2237 = CARTESIAN_POINT ( 'NONE',  ( 2.445968826067661084, 5.947206132803900758, 10.20000054708695103 ) ) ;
#2238 = CARTESIAN_POINT ( 'NONE',  ( 4.571775429901920873, 2.836279366628511767, 5.000000000000000000 ) ) ;
#2239 = CARTESIAN_POINT ( 'NONE',  ( -1.662876243223311290, -6.046577951234292314, 10.54999999999999893 ) ) ;
#2240 = CARTESIAN_POINT ( 'NONE',  ( 0.05369760249847647937, 5.088276800550211476, 10.54999999999999893 ) ) ;
#2241 = CARTESIAN_POINT ( 'NONE',  ( 0.3460384234886361710, -5.115696762701375633, -5.000000000002406075 ) ) ;
#2242 = CARTESIAN_POINT ( 'NONE',  ( 2.719924707959961552, 4.715480906233380232, 10.20000054708695281 ) ) ;
#2243 = EDGE_CURVE ( 'NONE', #2579, #5738, #4792, .T. ) ;
#2244 = CARTESIAN_POINT ( 'NONE',  ( -6.461538437134769275, -1.526872548237523164, 5.000000000000000000 ) ) ;
#2245 = CARTESIAN_POINT ( 'NONE',  ( 0.03878489836380599048, 5.066131382003732142, 10.55000000000000071 ) ) ;
#2246 = CARTESIAN_POINT ( 'NONE',  ( 4.068958583553182073, -4.676238865359770180, 10.55000000000000071 ) ) ;
#2247 = CARTESIAN_POINT ( 'NONE',  ( -5.485244519539224761, 1.469766839973421835, 0.000000000000000000 ) ) ;
#2248 = CARTESIAN_POINT ( 'NONE',  ( -4.174244984338180586, 1.729629891637659789, 10.55000000000000426 ) ) ;
#2249 = CARTESIAN_POINT ( 'NONE',  ( -5.621187373405012622, 1.478589194937731888, 0.000000000000000000 ) ) ;
#2250 = CARTESIAN_POINT ( 'NONE',  ( 5.290779478870734742, 2.557090326444713568, 10.55000000000000071 ) ) ;
#2251 = CARTESIAN_POINT ( 'NONE',  ( 2.212433887838666458, -4.854468545862981266, 3.333333333333333037 ) ) ;
#2252 = CARTESIAN_POINT ( 'NONE',  ( -6.304921007630881924, -2.081055046146128351, 5.000000000000000000 ) ) ;
#2253 = ADVANCED_FACE ( 'NONE', ( #2988, #2002 ), #4438, .F. ) ;
#2254 = CARTESIAN_POINT ( 'NONE',  ( 5.927688574074545080, 0.7041683521835553350, 10.55000000000000071 ) ) ;
#2255 = CARTESIAN_POINT ( 'NONE',  ( -4.332597396339690654, 3.603423537775492402, -1.666666666666666297 ) ) ;
#2256 = CARTESIAN_POINT ( 'NONE',  ( -5.115333495317485379, 4.057735838433577769, 10.20000054708695281 ) ) ;
#2257 = CARTESIAN_POINT ( 'NONE',  ( -2.592722652467140509, -3.767975092828548256, 10.54999999999999893 ) ) ;
#2258 = CARTESIAN_POINT ( 'NONE',  ( 4.250422559480790952, -1.063780874200741078, 10.55000000000000249 ) ) ;
#2259 = CARTESIAN_POINT ( 'NONE',  ( -2.382783059699694839, 4.540092616159148164, 10.20000054708695458 ) ) ;
#2260 = CARTESIAN_POINT ( 'NONE',  ( 4.211978412354944190, -2.083676013776742941, 10.54999999999999893 ) ) ;
#2261 = CARTESIAN_POINT ( 'NONE',  ( 1.895684354081244027, -5.181802947478531429, -1.666666666666666297 ) ) ;
#2262 = CARTESIAN_POINT ( 'NONE',  ( 1.350213967088003786, 6.500749273344507806, -5.999999999997591260 ) ) ;
#2263 = CARTESIAN_POINT ( 'NONE',  ( 0.2420490677627294418, 4.727368662354398232, 0.000000000000000000 ) ) ;
#2264 = CARTESIAN_POINT ( 'NONE',  ( -5.499777161736416176, 0.4440181862372226118, 3.333333333333333037 ) ) ;
#2265 = CARTESIAN_POINT ( 'NONE',  ( -4.656499214322027846, -2.848679977514446016, 10.20000054708695636 ) ) ;
#2266 = CARTESIAN_POINT ( 'NONE',  ( -1.052720001348413037, 4.615017103915655561, -5.999999999997647215 ) ) ;
#2267 = CARTESIAN_POINT ( 'NONE',  ( 2.382783059699697503, -4.540092616159150829, -5.000000000000000000 ) ) ;
#2268 = CARTESIAN_POINT ( 'NONE',  ( -5.178558795808513082, -2.585991037629485678, 10.54999999999999893 ) ) ;
#2269 = CARTESIAN_POINT ( 'NONE',  ( -4.190665037581362107, 1.949044356546535850, 10.55000000000000071 ) ) ;
#2270 = CARTESIAN_POINT ( 'NONE',  ( -1.122902491428185989, 4.711163676717597504, -1.666666666666666297 ) ) ;
#2271 = CARTESIAN_POINT ( 'NONE',  ( 4.583369381405731247, -1.177365985777283353, 10.20000054708695281 ) ) ;
#2272 = CARTESIAN_POINT ( 'NONE',  ( 4.960140980963032575, -2.773821869950011454, 10.20000054708695458 ) ) ;
#2273 = CARTESIAN_POINT ( 'NONE',  ( 2.526070848901886823, 5.996577392882944224, 0.000000000000000000 ) ) ;
#2274 = CARTESIAN_POINT ( 'NONE',  ( -2.201471432098645042, 4.153753586635470008, 10.54999999999999893 ) ) ;
#2275 = CARTESIAN_POINT ( 'NONE',  ( -3.949542912333825928, 5.086491130613480571, 10.20000054708695636 ) ) ;
#2276 = CARTESIAN_POINT ( 'NONE',  ( 4.830148432751303567, -3.503813660578048328, 3.333333333333333037 ) ) ;
#2277 = CARTESIAN_POINT ( 'NONE',  ( 4.421520862052214618, -4.884512439102785208, 10.20000054708695458 ) ) ;
#2278 = CARTESIAN_POINT ( 'NONE',  ( 2.731107514847197493, 4.823573322827941823, 10.20000054708695458 ) ) ;
#2279 = CARTESIAN_POINT ( 'NONE',  ( 6.255643805310286965, 0.5241188672390336700, 5.000000000000000000 ) ) ;
#2280 = CARTESIAN_POINT ( 'NONE',  ( -2.618836225192453071, -3.718087227108338055, 10.55000000000000249 ) ) ;
#2281 = CARTESIAN_POINT ( 'NONE',  ( 0.5853241851155194242, 5.970796489142532693, 10.54999999999999893 ) ) ;
#2282 = ORIENTED_EDGE ( 'NONE', *, *, #6713, .T. ) ;
#2283 = CARTESIAN_POINT ( 'NONE',  ( 2.749571552724391132, 4.359467659823722308, 10.20000054708695458 ) ) ;
#2284 = CARTESIAN_POINT ( 'NONE',  ( -6.523802056561733842, -0.8856477610914748055, 1.666666666666666297 ) ) ;
#2285 = CARTESIAN_POINT ( 'NONE',  ( 5.515664791947882506, 0.4034267264630674310, 10.54999999999999893 ) ) ;
#2286 = CARTESIAN_POINT ( 'NONE',  ( 1.278868532607128516, 6.123819391863133177, 10.55000000000000071 ) ) ;
#2287 = CARTESIAN_POINT ( 'NONE',  ( 4.780572694992676119, -3.951564355447242161, 10.55000000000000249 ) ) ;
#2288 = CARTESIAN_POINT ( 'NONE',  ( -5.682530617115134852, -0.07702009724794428580, 10.20000054708695458 ) ) ;
#2289 = CARTESIAN_POINT ( 'NONE',  ( -4.184609472404849484, 1.894398546571972153, 10.55000000000000249 ) ) ;
#2290 = CARTESIAN_POINT ( 'NONE',  ( 6.082674227001654721, 1.485251095303089741, 10.55000000000000071 ) ) ;
#2291 = CARTESIAN_POINT ( 'NONE',  ( 2.526070848901888155, -5.996577392882945112, 0.000000000000000000 ) ) ;
#2292 = CLOSED_SHELL ( 'NONE', ( #2107, #4931, #4392, #7534, #7138, #5531, #6417, #3368, #6469, #2668, #4190, #821, #1243, #4773, #1770, #6214, #6807, #2253, #5726, #1578, #3951, #2764, #2155, #4879, #7818 ) ) ;
#2293 = CARTESIAN_POINT ( 'NONE',  ( 5.641234053756601696, -0.4360948956154740985, -3.333333333333333037 ) ) ;
#2294 = CARTESIAN_POINT ( 'NONE',  ( 4.814263507727242875, -0.03991767630079047502, 10.55000000000000071 ) ) ;
#2295 = DIRECTION ( 'NONE',  ( 0.000000000000000000, 0.000000000000000000, 1.000000000000000000 ) ) ;
#2296 = CARTESIAN_POINT ( 'NONE',  ( 5.775419448934347777, 0.5155810454939744325, 10.55000000000000249 ) ) ;
#2297 = CARTESIAN_POINT ( 'NONE',  ( -5.371053174174045708, 1.454363143550995829, 0.000000000000000000 ) ) ;
#2298 = CARTESIAN_POINT ( 'NONE',  ( -4.719786762868622532, 2.485734982767029422, 10.20000054708695281 ) ) ;
#2299 = CARTESIAN_POINT ( 'NONE',  ( -2.368754420598716326, -4.662024183271333833, 10.54999999999999716 ) ) ;
#2300 = CARTESIAN_POINT ( 'NONE',  ( 2.874891515540367593, 3.948492002339777152, 5.000000000000023093 ) ) ;
#2301 = CARTESIAN_POINT ( 'NONE',  ( 4.177356323712784203, -1.805516403061557806, 10.55000000000000071 ) ) ;
#2302 = CARTESIAN_POINT ( 'NONE',  ( 3.930152937962595683, -5.185930219046910317, 0.000000000000000000 ) ) ;
#2303 = CARTESIAN_POINT ( 'NONE',  ( -4.641992031678707775, 0.9265593960877447355, -5.999999999998085976 ) ) ;
#2304 = CARTESIAN_POINT ( 'NONE',  ( -0.6476541954606959139, 4.841088142863436694, 5.000000000000000000 ) ) ;
#2305 = CARTESIAN_POINT ( 'NONE',  ( -1.286034026252278695, -6.128225870222263616, 10.54999999999999893 ) ) ;
#2306 = CARTESIAN_POINT ( 'NONE',  ( -5.905234494435087633, 0.8574669841946730431, 1.666666666666666297 ) ) ;
#2307 = CARTESIAN_POINT ( 'NONE',  ( -4.249729171312991660, -2.873581588500130124, 10.20000054708695281 ) ) ;
#2308 = CARTESIAN_POINT ( 'NONE',  ( -2.997400859223740444, 4.979915817394201305, -4.999999999996835420 ) ) ;
#2309 = CARTESIAN_POINT ( 'NONE',  ( 3.067254368480953453, -5.888528640545023229, 0.000000000000000000 ) ) ;
#2310 = CARTESIAN_POINT ( 'NONE',  ( -4.264651345379603775, 2.300025223939391239, 10.54999999999999893 ) ) ;
#2311 = CARTESIAN_POINT ( 'NONE',  ( 5.169183546002631857, -3.900406168705405907, 10.20000054708695814 ) ) ;
#2312 = CARTESIAN_POINT ( 'NONE',  ( 3.213266569546250118, -5.088083704188173684, 10.20000054708695458 ) ) ;
#2313 = CARTESIAN_POINT ( 'NONE',  ( -1.827790690243846106, 4.125631865278353239, 10.55000000000000249 ) ) ;
#2314 = CARTESIAN_POINT ( 'NONE',  ( -2.844759074363520490, 4.807278783630890118, 10.20000054708694925 ) ) ;
#2315 = CARTESIAN_POINT ( 'NONE',  ( 5.380059953839476883, -0.02379233995175442443, 5.000000000000000000 ) ) ;
#2316 = CARTESIAN_POINT ( 'NONE',  ( 4.582303727610499422, -4.771005772334497408, 10.20000054708695281 ) ) ;
#2317 = CARTESIAN_POINT ( 'NONE',  ( -0.5125006921697424778, 4.969907143200107846, 10.20000054708695281 ) ) ;
#2318 = CARTESIAN_POINT ( 'NONE',  ( 2.500000000000000000, 3.061616997868383141E-16, -10.64999999999721325 ) ) ;
#2319 = CARTESIAN_POINT ( 'NONE',  ( -1.950130441297511341, -6.306246022883642333, 10.20000054708695636 ) ) ;
#2320 = CARTESIAN_POINT ( 'NONE',  ( -2.462307994197706851, -4.079957535480221331, 10.55000000000000249 ) ) ;
#2321 = CARTESIAN_POINT ( 'NONE',  ( -3.938284777738100040, -2.969348394361833510, 10.20000054708696524 ) ) ;
#2322 = CARTESIAN_POINT ( 'NONE',  ( 4.352068315324650882, 2.856558294593897873, 10.20000054708695281 ) ) ;
#2323 = CARTESIAN_POINT ( 'NONE',  ( -2.740444013175199700, -4.333596967199338401, 5.000000000000000000 ) ) ;
#2324 = CARTESIAN_POINT ( 'NONE',  ( -2.238542883474432088, -6.132172972222141638, 10.20000054708695458 ) ) ;
#2325 = CARTESIAN_POINT ( 'NONE',  ( 6.041260304969994444, 0.2854046126398633310, 10.20000054708695636 ) ) ;
#2326 = CARTESIAN_POINT ( 'NONE',  ( -2.900675796468900725, 4.410982110761500152, 10.55000000000000426 ) ) ;
#2327 = CARTESIAN_POINT ( 'NONE',  ( 4.649199174948781987, -0.2335242080376472296, 10.54999999999999716 ) ) ;
#2328 = CARTESIAN_POINT ( 'NONE',  ( -4.257304147301129937, -2.857526457809150600, 5.000000000000024869 ) ) ;
#2329 = CARTESIAN_POINT ( 'NONE',  ( -4.321454886383455651, 0.8380931022312443357, 10.54999999999999716 ) ) ;
#2330 = CARTESIAN_POINT ( 'NONE',  ( -3.840358520603883274, 3.017819880700676638, 0.000000000000000000 ) ) ;
#2331 = CARTESIAN_POINT ( 'NONE',  ( 3.945042019279603185, -3.924286919456758227, 0.000000000000000000 ) ) ;
#2332 = CARTESIAN_POINT ( 'NONE',  ( 4.215045891529113575, -2.154063696584811893, 0.000000000000000000 ) ) ;
#2333 = CARTESIAN_POINT ( 'NONE',  ( 6.034475403692967532, 1.722009003140819061, 10.54999999999999716 ) ) ;
#2334 = CARTESIAN_POINT ( 'NONE',  ( -4.533687937200371998, 1.816938096579820305, 0.000000000000000000 ) ) ;
#2335 = CARTESIAN_POINT ( 'NONE',  ( -4.599671682084452762, 2.198606514886609187, 10.20000054708695281 ) ) ;
#2336 = CARTESIAN_POINT ( 'NONE',  ( -2.510873470540432084, -3.948144340180298695, 10.55000000000000071 ) ) ;
#2337 = CARTESIAN_POINT ( 'NONE',  ( 4.290338950252083450, -0.9289329663297531958, 10.54999999999999893 ) ) ;
#2338 = CARTESIAN_POINT ( 'NONE',  ( 2.710634745066447859, 4.647372425121908179, 10.20000054708695458 ) ) ;
#2339 = CARTESIAN_POINT ( 'NONE',  ( 4.667613559615160668, -2.990252797602103829, 10.55000000000000426 ) ) ;
#2340 = CARTESIAN_POINT ( 'NONE',  ( 1.949636613157420317, -5.287246778282475468, -1.666666666666666297 ) ) ;
#2341 = CARTESIAN_POINT ( 'NONE',  ( -0.1704022720376003608, 5.377413347295091128, -5.999999999997587707 ) ) ;
#2342 = CARTESIAN_POINT ( 'NONE',  ( -1.552475556725907646, 4.587569381479215558, 3.333333333333333037 ) ) ;
#2343 = CARTESIAN_POINT ( 'NONE',  ( -3.097876131912061126, -4.343258223111877925, 3.333333333333333037 ) ) ;
#2344 = CARTESIAN_POINT ( 'NONE',  ( -3.787067979927360106, -3.039822636734744510, 10.20000054708695458 ) ) ;
#2345 = CARTESIAN_POINT ( 'NONE',  ( -4.553079637903315380, 4.832420171272207909, -5.999999999996397548 ) ) ;
#2346 = EDGE_CURVE ( 'NONE', #7128, #796, #4273, .T. ) ;
#2347 = CARTESIAN_POINT ( 'NONE',  ( 4.350894455684723106, -4.764497176725710936, -1.666666666666666297 ) ) ;
#2348 = CARTESIAN_POINT ( 'NONE',  ( -4.321454886383455651, 0.8380931022312443357, 10.54999999999999716 ) ) ;
#2349 = CARTESIAN_POINT ( 'NONE',  ( 2.892647355852551172, -4.405940581113085841, 10.55000000000000249 ) ) ;
#2350 = CARTESIAN_POINT ( 'NONE',  ( 4.863591316241458351, -2.703491047103842249, 10.20000054708695458 ) ) ;
#2351 = CARTESIAN_POINT ( 'NONE',  ( -2.500000000000000000, 3.061616997868383141E-16, -10.64999999999721325 ) ) ;
#2352 = CARTESIAN_POINT ( 'NONE',  ( -4.747533418227982693, 4.033596370369779471, 10.55000000000000071 ) ) ;
#2353 = CARTESIAN_POINT ( 'NONE',  ( -1.058259038248090533, 5.016989528068904747, 0.000000000000000000 ) ) ;
#2354 = CARTESIAN_POINT ( 'NONE',  ( -3.380995196142151826, 5.114203169128169080, 10.20000054708695636 ) ) ;
#2355 = CARTESIAN_POINT ( 'NONE',  ( 5.678215679854710984, 0.07738645997458688808, -5.000000000000932587 ) ) ;
#2356 = CARTESIAN_POINT ( 'NONE',  ( 4.589878462754461097, -1.151562387923171782, 10.20000054708695458 ) ) ;
#2357 = CARTESIAN_POINT ( 'NONE',  ( -0.1066971083727184660, 5.535487639147708805, 10.20000054708695281 ) ) ;
#2358 = CARTESIAN_POINT ( 'NONE',  ( -4.553079637902985866, 4.832420171271765597, 5.000000000000000000 ) ) ;
#2359 = CARTESIAN_POINT ( 'NONE',  ( -2.648744266329302821, -5.676031870163932957, 10.20000054708695458 ) ) ;
#2360 = CARTESIAN_POINT ( 'NONE',  ( -1.403586141651821828, -6.110931551166961739, 10.54999999999999893 ) ) ;
#2361 = CARTESIAN_POINT ( 'NONE',  ( -2.926940604292328718, -3.884188497269227103, 10.20000054708695636 ) ) ;
#2362 = CARTESIAN_POINT ( 'NONE',  ( 4.227190489639770732, 2.878446085576407576, 10.20000054708695281 ) ) ;
#2363 = CARTESIAN_POINT ( 'NONE',  ( -5.650398041970682073, -1.918344598197424311, 1.666666666666666297 ) ) ;
#2364 = CARTESIAN_POINT ( 'NONE',  ( 0.2856809021082318267, -5.213938663151719943, 10.20000054708695458 ) ) ;
#2365 = CARTESIAN_POINT ( 'NONE',  ( 6.297134153535631107, 0.6508083554625202494, 10.20000054708695636 ) ) ;
#2366 = CARTESIAN_POINT ( 'NONE',  ( -1.091356791484088706, 4.247217356840415903, 10.55000000000000249 ) ) ;
#2367 = CARTESIAN_POINT ( 'NONE',  ( -6.383967971239082217, -1.771930501485750042, 10.20000054708695458 ) ) ;
#2368 = CARTESIAN_POINT ( 'NONE',  ( 5.145676874369751630, 0.2331955338371292097, 10.54999999999999893 ) ) ;
#2369 = CARTESIAN_POINT ( 'NONE',  ( 0.6476541954606986895, -4.841088142863434918, 5.000000000000024869 ) ) ;
#2370 = CARTESIAN_POINT ( 'NONE',  ( -5.726177570307259934, -0.4738448823126144571, 10.55000000000000071 ) ) ;
#2371 = CARTESIAN_POINT ( 'NONE',  ( 2.889605796672586102, 3.319804812874806998, 10.55000000000000426 ) ) ;
#2372 = CARTESIAN_POINT ( 'NONE',  ( -5.371053174174043932, -1.454363143550995829, 0.000000000000000000 ) ) ;
#2373 = LINE ( 'NONE', #5987, #3610 ) ;
#2374 = CARTESIAN_POINT ( 'NONE',  ( 5.463042937410136801, 2.478748549323643413, 10.54999999999999893 ) ) ;
#2375 = CARTESIAN_POINT ( 'NONE',  ( -5.564139155517600521, -0.06115429241966402474, -5.000000000000000000 ) ) ;
#2376 = CARTESIAN_POINT ( 'NONE',  ( -4.684616539131082114, 0.8705993072562204782, 10.20000054708695281 ) ) ;
#2377 = CARTESIAN_POINT ( 'NONE',  ( -0.7067020742433161029, -6.030520818369890179, 10.54999999999999893 ) ) ;
#2378 = CARTESIAN_POINT ( 'NONE',  ( 4.333437096868249405, -0.8063890185662349053, 10.55000000000000071 ) ) ;
#2379 = CARTESIAN_POINT ( 'NONE',  ( -1.982048622023628859, 4.463975086240834500, 5.000000000000023093 ) ) ;
#2380 = CARTESIAN_POINT ( 'NONE',  ( 2.710634745066447859, 4.647372425121908179, -5.000000000000000000 ) ) ;
#2381 = CARTESIAN_POINT ( 'NONE',  ( 4.559541326472987599, -2.877392445148438505, 10.54999999999999893 ) ) ;
#2382 = CARTESIAN_POINT ( 'NONE',  ( 2.019198866007303472, -5.398229052130367300, -1.666666666666666297 ) ) ;
#2383 = CARTESIAN_POINT ( 'NONE',  ( 2.850000000003944489, 3.490243377574786848E-16, -11.00000000000096456 ) ) ;
#2384 = CARTESIAN_POINT ( 'NONE',  ( 1.950728368723061212, 6.150233710699238188, 1.666666666666666297 ) ) ;
#2385 = CARTESIAN_POINT ( 'NONE',  ( -0.2677076230848882687, -5.618452887205911850, 10.55000000000000249 ) ) ;
#2386 = CARTESIAN_POINT ( 'NONE',  ( -4.971131915797715628, -1.936123966611666081, 1.666666666666666297 ) ) ;
#2387 = CARTESIAN_POINT ( 'NONE',  ( 4.954707020477381541, -4.419694229627871174, 5.000000000000000000 ) ) ;
#2388 = CARTESIAN_POINT ( 'NONE',  ( 4.571775429901591359, 2.836279366628954968, -6.000000000000286882 ) ) ;
#2389 = CARTESIAN_POINT ( 'NONE',  ( 2.526070848901888155, -5.996577392882945112, 0.000000000000000000 ) ) ;
#2390 = CARTESIAN_POINT ( 'NONE',  ( -5.925355114373676457, -0.7003248696417905261, 10.54999999999999716 ) ) ;
#2391 = CARTESIAN_POINT ( 'NONE',  ( 3.169040701848840236, -4.649494086067319287, 10.55000000000000426 ) ) ;
#2392 = CARTESIAN_POINT ( 'NONE',  ( -5.604626029811752730, -2.827710600053704226, 10.20000054708695458 ) ) ;
#2393 = CARTESIAN_POINT ( 'NONE',  ( -0.2420490677627293863, 4.727368662354397344, 0.000000000000000000 ) ) ;
#2394 = CARTESIAN_POINT ( 'NONE',  ( -3.128792467218704854, 4.599166680535645924, 10.55000000000000249 ) ) ;
#2395 = CARTESIAN_POINT ( 'NONE',  ( -1.518572041796066863, 4.483362720821385317, 5.000000000000000000 ) ) ;
#2396 = CARTESIAN_POINT ( 'NONE',  ( -4.523870254790393730, 1.626166931909134306, 10.20000054708694925 ) ) ;
#2397 = CARTESIAN_POINT ( 'NONE',  ( 4.452238096076973406, -2.939099262225371767, 3.333333333333333037 ) ) ;
#2398 = CARTESIAN_POINT ( 'NONE',  ( 5.009198058415500476, -0.3450066968929508815, 10.20000054708695458 ) ) ;
#2399 = CARTESIAN_POINT ( 'NONE',  ( -0.8859579947650727538, 4.713916872438320915, 10.20000054708695281 ) ) ;
#2400 = CARTESIAN_POINT ( 'NONE',  ( -2.584869539109867276, -5.776680062307923080, 10.20000054708695636 ) ) ;
#2401 = CARTESIAN_POINT ( 'NONE',  ( -1.315355039181760333, -6.121251378577619029, 10.54999999999999893 ) ) ;
#2402 = EDGE_CURVE ( 'NONE', #796, #7128, #1091, .T. ) ;
#2403 = CARTESIAN_POINT ( 'NONE',  ( -2.199740440640915118, 4.154015569288745269, 10.54999999999999893 ) ) ;
#2404 = EDGE_LOOP ( 'NONE', ( #4556, #3998, #6738, #951, #3887 ) ) ;
#2405 = CARTESIAN_POINT ( 'NONE',  ( -3.723497329294536584, -3.074103439789375614, 10.20000054708695458 ) ) ;
#2406 = CARTESIAN_POINT ( 'NONE',  ( 4.393786317331925595, 2.851628816923910126, 10.20000054708695281 ) ) ;
#2407 = CARTESIAN_POINT ( 'NONE',  ( -3.872358905603288104, -3.735029819091824521, 0.000000000000000000 ) ) ;
#2408 = CARTESIAN_POINT ( 'NONE',  ( -0.3611616220698464774, -6.244498695426072388, 10.20000054708695458 ) ) ;
#2409 = CARTESIAN_POINT ( 'NONE',  ( 5.894361286030397551, 2.592590733345969678, 10.20000054708695281 ) ) ;
#2410 = CARTESIAN_POINT ( 'NONE',  ( -1.721093435483763256, 4.128774232209273087, 10.55000000000000249 ) ) ;
#2411 = CARTESIAN_POINT ( 'NONE',  ( -6.360853616158911983, -0.8154236955877344206, 10.20000054708695458 ) ) ;
#2412 = CARTESIAN_POINT ( 'NONE',  ( 4.276213860513417231, -0.9737731206318567256, 10.55000000000000249 ) ) ;
#2413 = CARTESIAN_POINT ( 'NONE',  ( -1.350213967088334632, -6.500749273344065493, 10.20000054708695458 ) ) ;
#2414 = CARTESIAN_POINT ( 'NONE',  ( -5.655841683879327064, -0.4286514586262683557, 10.55000000000000249 ) ) ;
#2415 = CARTESIAN_POINT ( 'NONE',  ( 4.591707229249836431, 2.494855852632704263, 10.54999999999999893 ) ) ;
#2416 = CARTESIAN_POINT ( 'NONE',  ( 4.641992031678049635, -0.9265593960868537815, -6.000000000001964651 ) ) ;
#2417 = CARTESIAN_POINT ( 'NONE',  ( 5.240560090443564079, -0.9986282910527481960, 1.666666666666666297 ) ) ;
#2418 = CARTESIAN_POINT ( 'NONE',  ( 5.000061321930000524, 2.578068539086721511, 10.54999999999999893 ) ) ;
#2419 = CARTESIAN_POINT ( 'NONE',  ( -4.873969894515737700, 1.592015537546809023, 0.000000000000000000 ) ) ;
#2420 = CARTESIAN_POINT ( 'NONE',  ( -0.1830696859123303044, -5.318779380168011883, 10.55000000000000249 ) ) ;
#2421 = CARTESIAN_POINT ( 'NONE',  ( 4.486170806849001380, -2.776089196688383609, 10.54999999999999893 ) ) ;
#2422 = CARTESIAN_POINT ( 'NONE',  ( 2.729108392372208591, 4.849263011884231922, 5.000000000000023093 ) ) ;
#2423 = CARTESIAN_POINT ( 'NONE',  ( -4.156193497834851591, 4.633643222362625380, 10.54999999999999893 ) ) ;
#2424 = CARTESIAN_POINT ( 'NONE',  ( 1.426011146523627149, -5.378650072249710590, 0.000000000000000000 ) ) ;
#2425 = MECHANICAL_DESIGN_GEOMETRIC_PRESENTATION_REPRESENTATION (  '', ( #6828 ), #3475 ) ;
#2426 = CARTESIAN_POINT ( 'NONE',  ( -3.037940078102560282, 5.692243493106274421, 1.666666666666666297 ) ) ;
#2427 = CIRCLE ( 'NONE', #1012, 12.15000000000008384 ) ;
#2428 = CARTESIAN_POINT ( 'NONE',  ( 3.704244825269915609, -4.777207378878354227, 10.55000000000000249 ) ) ;
#2429 = CARTESIAN_POINT ( 'NONE',  ( -2.729108392372209924, -4.849263011884232810, 5.000000000000000000 ) ) ;
#2430 = CARTESIAN_POINT ( 'NONE',  ( -2.710634745066446971, -4.647372425121903738, 5.000000000000000000 ) ) ;
#2431 = CARTESIAN_POINT ( 'NONE',  ( 6.433344965106111424, 0.9757289509389681648, -6.000000000001724842 ) ) ;
#2432 = CARTESIAN_POINT ( 'NONE',  ( 0.2420490677627291365, -4.727368662354397344, 0.000000000000000000 ) ) ;
#2433 = CARTESIAN_POINT ( 'NONE',  ( -6.045470790082355883, -1.682677679866978693, 10.55000000000000249 ) ) ;
#2434 = CARTESIAN_POINT ( 'NONE',  ( -4.257304147301459452, -2.857526457808707399, -5.999999999999888090 ) ) ;
#2435 = CARTESIAN_POINT ( 'NONE',  ( 0.2524238525700907010, -4.732896971509165773, 10.55000000000000071 ) ) ;
#2436 = CARTESIAN_POINT ( 'NONE',  ( 3.768764186410620720, -4.767008395039079360, 10.54999999999999893 ) ) ;
#2437 = CARTESIAN_POINT ( 'NONE',  ( -6.461538437134769275, -1.526872548237523164, 10.20000054708695458 ) ) ;
#2438 = CARTESIAN_POINT ( 'NONE',  ( 1.530097869399086319, 5.607385669498455627, 0.000000000000000000 ) ) ;
#2439 = CARTESIAN_POINT ( 'NONE',  ( -4.849176045366018428, 3.257200381940800860, 10.54999999999999893 ) ) ;
#2440 = CARTESIAN_POINT ( 'NONE',  ( 1.058259038248090755, 5.016989528068906523, 0.000000000000000000 ) ) ;
#2441 = CARTESIAN_POINT ( 'NONE',  ( -4.893973310855484371, 2.722735580406088207, 10.20000054708695814 ) ) ;
#2442 = CARTESIAN_POINT ( 'NONE',  ( 4.533687937200369333, -1.816938096579818529, 0.000000000000000000 ) ) ;
#2443 = CARTESIAN_POINT ( 'NONE',  ( 5.352524848337579577, -0.05011346490018540184, 10.20000054708695636 ) ) ;
#2444 = CARTESIAN_POINT ( 'NONE',  ( -0.1421820440063518154, 5.449849597737225437, 10.20000054708695458 ) ) ;
#2445 = CARTESIAN_POINT ( 'NONE',  ( -5.564139155517600521, -0.06115429241966402474, 5.000000000000000000 ) ) ;
#2446 = CARTESIAN_POINT ( 'NONE',  ( -0.8615633892331664434, -6.442342023295725362, 10.20000054708695636 ) ) ;
#2447 = CARTESIAN_POINT ( 'NONE',  ( -1.226979957201710825, -6.125897690959483555, 10.54999999999999716 ) ) ;
#2448 = CARTESIAN_POINT ( 'NONE',  ( -1.880577457819692766, 4.125899922434762779, 10.55000000000000249 ) ) ;
#2449 = CARTESIAN_POINT ( 'NONE',  ( 2.740444013175200588, 4.333596967199334848, 5.000000000000000000 ) ) ;
#2450 = ORIENTED_EDGE ( 'NONE', *, *, #6322, .F. ) ;
#2451 = CARTESIAN_POINT ( 'NONE',  ( 0.1085734459441822786, 6.034033078017984053, 10.20000054708695458 ) ) ;
#2452 = CARTESIAN_POINT ( 'NONE',  ( -4.971131915797715628, -1.936123966611666081, 1.666666666666666297 ) ) ;
#2453 = CARTESIAN_POINT ( 'NONE',  ( 0.4334934905870349020, -5.043797667684979835, 10.20000054708695458 ) ) ;
#2454 = CARTESIAN_POINT ( 'NONE',  ( -2.226406287759351788, 4.158451868948740859, 10.55000000000000249 ) ) ;
#2455 = CARTESIAN_POINT ( 'NONE',  ( -6.144744289351777411, -2.301084988627863037, 10.20000054708695281 ) ) ;
#2456 = CARTESIAN_POINT ( 'NONE',  ( 4.175819692118385440, -1.555043996313732579, 10.55000000000000249 ) ) ;
#2457 = CARTESIAN_POINT ( 'NONE',  ( -2.799776449901752340, -5.326812330412152185, 5.000000000000024869 ) ) ;
#2458 = CARTESIAN_POINT ( 'NONE',  ( -5.977361502800675019, -0.7968769954305467973, 10.55000000000000249 ) ) ;
#2459 = CARTESIAN_POINT ( 'NONE',  ( 4.152547261149784674, 2.536372957290034869, 10.55000000000000071 ) ) ;
#2460 = CARTESIAN_POINT ( 'NONE',  ( 2.997400859223414482, -4.979915817393764321, -6.000000000003216982 ) ) ;
#2461 = CARTESIAN_POINT ( 'NONE',  ( 5.604626029811762500, 2.827710600053702894, 5.000000000000000000 ) ) ;
#2462 = CARTESIAN_POINT ( 'NONE',  ( 4.957055618582937306, -1.130175575188428594, 1.666666666666666297 ) ) ;
#2463 = CARTESIAN_POINT ( 'NONE',  ( 5.803878985656760747, 2.175342661106287601, 10.55000000000000071 ) ) ;
#2464 = CARTESIAN_POINT ( 'NONE',  ( -1.708410305071415003, 5.770183011040057153, 0.000000000000000000 ) ) ;
#2465 = CARTESIAN_POINT ( 'NONE',  ( -0.7615707821837847113, -6.051799241854262768, 10.55000000000000249 ) ) ;
#2466 = CARTESIAN_POINT ( 'NONE',  ( 5.156403563806295942, 2.589693964839462126, 10.54999999999999893 ) ) ;
#2467 = CARTESIAN_POINT ( 'NONE',  ( -5.123227066717662481, 0.2064956504721069674, -5.999999999998258282 ) ) ;
#2468 = CARTESIAN_POINT ( 'NONE',  ( -3.439652140943350922, 4.768968104730784141, 10.55000000000000249 ) ) ;
#2469 = CARTESIAN_POINT ( 'NONE',  ( 0.6675567257738422855, -4.646033348510059113, -1.666666666666666297 ) ) ;
#2470 = CARTESIAN_POINT ( 'NONE',  ( 5.179707893164722243, -3.861844047223283560, 10.20000054708695458 ) ) ;
#2471 = CARTESIAN_POINT ( 'NONE',  ( -1.895684354081241807, 5.181802947478528765, 1.666666666666666297 ) ) ;
#2472 = CARTESIAN_POINT ( 'NONE',  ( -0.1440867079948154883, -5.238497988352176726, 10.54999999999999716 ) ) ;
#2473 = CARTESIAN_POINT ( 'NONE',  ( -3.636476399296000750, -5.052096566640849495, 1.666666666666666297 ) ) ;
#2474 = CARTESIAN_POINT ( 'NONE',  ( 2.907966664692025471, -4.882705828915998580, 5.000000000000000000 ) ) ;
#2475 = CARTESIAN_POINT ( 'NONE',  ( -3.013478411332712437, -5.853487255403838851, -1.666666666666666297 ) ) ;
#2476 = CARTESIAN_POINT ( 'NONE',  ( -5.126835209714547759, -2.947167850655279864, 10.20000054708695814 ) ) ;
#2477 = CARTESIAN_POINT ( 'NONE',  ( -5.192560828403578022, -0.2624090569292975017, 10.55000000000000249 ) ) ;
#2478 = DIRECTION ( 'NONE',  ( -1.000000000000000000, 0.000000000000000000, 0.000000000000000000 ) ) ;
#2479 = CARTESIAN_POINT ( 'NONE',  ( -3.470362048767471119, -3.219190813529441364, -6.000000000000319744 ) ) ;
#2480 = CARTESIAN_POINT ( 'NONE',  ( 6.147021845340256974, 1.960825888751876134, 3.333333333333333037 ) ) ;
#2481 = CARTESIAN_POINT ( 'NONE',  ( -4.798908897319869027, 3.121079939613917720, 10.55000000000000249 ) ) ;
#2482 = CARTESIAN_POINT ( 'NONE',  ( 0.9171783983772251458, 6.156819319221125575, 3.333333333333333037 ) ) ;
#2483 = CARTESIAN_POINT ( 'NONE',  ( -4.575974013314397126, 1.206919388894834189, 10.20000054708695636 ) ) ;
#2484 = CARTESIAN_POINT ( 'NONE',  ( 3.872358905603289436, -3.735029819091833847, 0.000000000000000000 ) ) ;
#2485 = CARTESIAN_POINT ( 'NONE',  ( 4.603905175764303692, -1.100151981239003263, 10.20000054708695458 ) ) ;
#2486 = CARTESIAN_POINT ( 'NONE',  ( -0.2501261657859817356, 5.263757866845211630, 10.20000054708695281 ) ) ;
#2487 = CARTESIAN_POINT ( 'NONE',  ( -2.907966664692027692, 4.882705828916002133, 5.000000000000000000 ) ) ;
#2488 = CARTESIAN_POINT ( 'NONE',  ( -5.992420882725949305, -2.535915251145073324, -5.000000000000000000 ) ) ;
#2489 = CARTESIAN_POINT ( 'NONE',  ( 1.583682074828952624, -4.492368384683452120, 10.20000054708695458 ) ) ;
#2490 = CARTESIAN_POINT ( 'NONE',  ( -2.900675796468900725, 4.410982110761500152, 10.55000000000000426 ) ) ;
#2491 = CARTESIAN_POINT ( 'NONE',  ( 3.972996821740307993, 2.573304974326865668, 0.000000000000000000 ) ) ;
#2492 = CARTESIAN_POINT ( 'NONE',  ( 3.539730810310471654, 4.232612283599252123, 1.666666666666666297 ) ) ;
#2493 = EDGE_LOOP ( 'NONE', ( #5575, #5166, #3210, #6096 ) ) ;
#2494 = CARTESIAN_POINT ( 'NONE',  ( 2.623710083610230726, 5.717610546163421681, 10.20000054708695458 ) ) ;
#2495 = CARTESIAN_POINT ( 'NONE',  ( -4.771453672849816918, -2.386201666620088702, 3.333333333333333037 ) ) ;
#2496 = CARTESIAN_POINT ( 'NONE',  ( -0.8986317948194031402, -6.449497706716426748, 10.20000054708695458 ) ) ;
#2497 = CARTESIAN_POINT ( 'NONE',  ( 6.195868918646287860, 2.222416110036179671, 10.20000054708695103 ) ) ;
#2498 = CARTESIAN_POINT ( 'NONE',  ( -6.354836986041410007, -1.870609351540105880, 10.20000054708695281 ) ) ;
#2499 = CARTESIAN_POINT ( 'NONE',  ( 4.604141208964568577, -0.2946994409593295394, 10.55000000000000604 ) ) ;
#2500 = CARTESIAN_POINT ( 'NONE',  ( 0.07787028463680549517, -5.682519034184775997, 5.000000000000024869 ) ) ;
#2501 = CARTESIAN_POINT ( 'NONE',  ( -6.064227568750956365, -1.601991783119141699, 10.55000000000000071 ) ) ;
#2502 = CARTESIAN_POINT ( 'NONE',  ( 2.958400877793702755, 3.240682810762994137, 10.55000000000000959 ) ) ;
#2503 = CARTESIAN_POINT ( 'NONE',  ( 6.523802056561735618, 0.8856477610914721410, 1.666666666666666297 ) ) ;
#2504 = CARTESIAN_POINT ( 'NONE',  ( 6.079332548615187903, 1.512020169542122039, 10.54999999999999893 ) ) ;
#2505 = CARTESIAN_POINT ( 'NONE',  ( -0.6933294261304645545, 4.834757971955979450, 0.000000000000000000 ) ) ;
#2506 = CARTESIAN_POINT ( 'NONE',  ( 0.3207289737004439534, -4.672369764459917363, 10.55000000000000249 ) ) ;
#2507 = CARTESIAN_POINT ( 'NONE',  ( 5.212061045546548144, 2.578776890166532887, 10.55000000000000249 ) ) ;
#2508 = DIRECTION ( 'NONE',  ( 0.000000000000000000, 1.000000000000000000, 4.427471192595918859E-13 ) ) ;
#2509 = CARTESIAN_POINT ( 'NONE',  ( 3.815710851444237939, 3.424973976468145498, 0.000000000000000000 ) ) ;
#2510 = CARTESIAN_POINT ( 'NONE',  ( -3.524544054639100032, 4.779193060479275168, 10.55000000000000426 ) ) ;
#2511 = CARTESIAN_POINT ( 'NONE',  ( -1.058259038248090533, -5.016989528068906523, 0.000000000000000000 ) ) ;
#2512 = CARTESIAN_POINT ( 'NONE',  ( 4.870763185665969885, -2.700863293697979728, 10.20000054708695458 ) ) ;
#2513 = B_SPLINE_SURFACE_WITH_KNOTS ( 'NONE', 3, 1, ( 
 ( #3141, #5551 ),
 ( #1908, #6841 ),
 ( #6193, #161 ),
 ( #647, #7983 ),
 ( #2467, #4936 ),
 ( #5592, #7382 ),
 ( #5830, #7813 ),
 ( #7894, #3173 ),
 ( #70, #4409 ),
 ( #7931, #4889 ),
 ( #887, #7562 ),
 ( #3393, #1559 ),
 ( #6487, #4512 ),
 ( #5808, #2693 ),
 ( #826, #3317 ),
 ( #5766, #2076 ),
 ( #6558, #1596 ),
 ( #7242, #1759 ),
 ( #2345, #3503 ),
 ( #6686, #403 ),
 ( #5956, #5352 ),
 ( #7158, #4696 ),
 ( #490, #2308 ),
 ( #2932, #4145 ),
 ( #6644, #4228 ),
 ( #1022, #7792 ),
 ( #1155, #7122 ),
 ( #1112, #4781 ),
 ( #1720, #5395 ),
 ( #2266, #4735 ),
 ( #7199, #6038 ),
 ( #3585, #4106 ),
 ( #6080, #531 ),
 ( #7835, #1677 ),
 ( #6522, #6602 ),
 ( #4067, #1065 ),
 ( #2978, #7751 ),
 ( #3464, #3544 ),
 ( #7714, #5439 ),
 ( #5999, #446 ),
 ( #980, #7874 ),
 ( #5918, #4186 ),
 ( #5274, #2226 ),
 ( #2187, #358 ),
 ( #4825, #7277 ),
 ( #2843, #5310 ),
 ( #1635, #48 ),
 ( #5515, #3831 ),
 ( #4944, #7391 ),
 ( #6806, #6766 ),
 ( #1800, #7434 ),
 ( #2521, #4987 ),
 ( #3752, #6849 ),
 ( #2563, #6202 ),
 ( #2388, #7315 ),
 ( #4865, #5031 ),
 ( #656, #4307 ),
 ( #6121, #3795 ),
 ( #568, #7476 ),
 ( #6247, #1361 ),
 ( #1957, #6157 ),
 ( #611, #4905 ),
 ( #3063, #7950 ),
 ( #2431, #3104 ),
 ( #5558, #2103 ),
 ( #204, #4501 ),
 ( #898, #4613 ),
 ( #4021, #4576 ),
 ( #240, #7628 ) ),
 .UNSPECIFIED., .F., .F., .F.,
 ( 4, 1, 1, 1, 1, 1, 1, 1, 1, 1, 1, 1, 1, 1, 1, 1, 1, 1, 1, 1, 1, 1, 1, 1, 1, 1, 1, 1, 1, 1, 1, 1, 1, 1, 1, 1, 1, 1, 1, 1, 1, 1, 1, 1, 1, 1, 1, 1, 1, 1, 1, 1, 1, 1, 1, 1, 1, 1, 1, 1, 1, 1, 1, 1, 1, 1, 4 ),
 ( 2, 2 ),
 ( 0.4999999994760738753, 0.5015501368392842885, 0.5060717905790328430, 0.5131993333064341911, 0.5223554505839748119, 0.5327984187631271684, 0.5436822438562647353, 0.5541252120615409726, 0.5632813295219953886, 0.5704088720000104473, 0.5749305257065342456, 0.5764806626827329028, 0.5783098724986974748, 0.5836419643874936058, 0.5920465591397867655, 0.6028430373207349646, 0.6151568493611583310, 0.6279904800311173485, 0.6403042919271871858, 0.6511007699844777452, 0.6595053650660853695, 0.6648374566927233165, 0.6666666665651366230, 0.6682168034675717294, 0.6727384570784419315, 0.6798659999250298291, 0.6890221172240484915, 0.6994650853702829574, 0.7103489104811954169, 0.7207918786954911061, 0.7299479960603503237, 0.7370755387243885792, 0.7415971925504385442, 0.7431473293182557782, 0.7449765393134489821, 0.7503086310241839918, 0.7587132258091815462, 0.7695097040632674634, 0.7818235159497664011, 0.7946571465833847103, 0.8069709587144875407, 0.8177674367777303388, 0.8261720316518773588, 0.8315041233572605384, 0.8333333332205333788, 0.8348834701217311416, 0.8394051238394395487, 0.8465326665844588039, 0.8556887839547353547, 0.8661317520994328278, 0.8770155771509099418, 0.8874585455141883461, 0.8966146627308361206, 0.9037422055325969872, 0.9082638591539680117, 0.9098139960758113709, 0.9116432060273029769, 0.9169752975787388571, 0.9253798926897005561, 0.9361763707277577229, 0.9484901827299384580, 0.9613238133271910790, 0.9736376252512038976, 0.9844341034546064684, 0.9928386983189817494, 0.9981707901223489943, 0.9999999999999998890 ),
 ( 0.000000000000000000, 1.000000000000000000 ),
 .UNSPECIFIED. ) ;
#2514 = EDGE_CURVE ( 'NONE', #6054, #6941, #344, .T. ) ;
#2515 = CARTESIAN_POINT ( 'NONE',  ( -3.930152937962594795, -5.185930219046911205, 0.000000000000000000 ) ) ;
#2516 = CARTESIAN_POINT ( 'NONE',  ( 5.655121071682122746, 0.07334690585049032097, 10.20000054708695458 ) ) ;
#2517 = CARTESIAN_POINT ( 'NONE',  ( -4.142919934894312206, 4.364618222124517999, 0.000000000000000000 ) ) ;
#2518 = CARTESIAN_POINT ( 'NONE',  ( 3.109266605880089518, -4.577641417373277122, 10.55000000000000249 ) ) ;
#2519 = CARTESIAN_POINT ( 'NONE',  ( 5.748018482795087536, -0.4222848131969865748, 3.333333333333333037 ) ) ;
#2520 = CARTESIAN_POINT ( 'NONE',  ( 5.173762681679799691, -3.073411379804814825, 5.000000000000000000 ) ) ;
#2521 = CARTESIAN_POINT ( 'NONE',  ( 3.470362048766807206, 3.219190813530330431, -5.999999999999755751 ) ) ;
#2522 = CARTESIAN_POINT ( 'NONE',  ( -3.155199032523682501, -5.365851228646531190, -3.333333333333333037 ) ) ;
#2523 = CARTESIAN_POINT ( 'NONE',  ( -5.925646072578481416, -1.987435813955140240, 10.55000000000000249 ) ) ;
#2524 = LINE ( 'NONE', #4388, #624 ) ;
#2525 = CYLINDRICAL_SURFACE ( 'NONE', #6554, 2.500000000000000000 ) ;
#2526 = CARTESIAN_POINT ( 'NONE',  ( -2.729108392372539438, -4.849263011883790497, -6.000000000001285194 ) ) ;
#2527 = CARTESIAN_POINT ( 'NONE',  ( -3.945042019279602297, 3.924286919456760447, 0.000000000000000000 ) ) ;
#2528 = CARTESIAN_POINT ( 'NONE',  ( -4.717154937045774155, 3.029545029197940664, 10.55000000000000426 ) ) ;
#2529 = CARTESIAN_POINT ( 'NONE',  ( 0.8000434083654105466, 6.457546346331824338, 5.000000000000000000 ) ) ;
#2530 = CARTESIAN_POINT ( 'NONE',  ( -4.732613800570415030, 0.7637667279296806999, 10.20000054708695458 ) ) ;
#2531 = DIRECTION ( 'NONE',  ( 0.000000000000000000, 0.000000000000000000, -1.000000000000000000 ) ) ;
#2532 = CARTESIAN_POINT ( 'NONE',  ( -5.465883002372565080, -0.3895578744016692241, 10.55000000000000071 ) ) ;
#2533 = CARTESIAN_POINT ( 'NONE',  ( -1.829745734461718065, 4.475736373548533820, 10.20000054708695458 ) ) ;
#2534 = CARTESIAN_POINT ( 'NONE',  ( -4.413977035674932381, 3.706055536428900510, -1.666666666666666297 ) ) ;
#2535 = CARTESIAN_POINT ( 'NONE',  ( 0.8669598107119281805, -4.724030048435268192, 10.20000054708695458 ) ) ;
#2536 = CARTESIAN_POINT ( 'NONE',  ( -1.374190389788335409, -6.115002025547732423, 10.55000000000000249 ) ) ;
#2537 = CARTESIAN_POINT ( 'NONE',  ( -3.233876468635382917, -3.458955635290884345, 10.20000054708695458 ) ) ;
#2538 = CARTESIAN_POINT ( 'NONE',  ( 5.449465857265455071, 2.431124405394460730, -3.333333333333333037 ) ) ;
#2539 = ORIENTED_EDGE ( 'NONE', *, *, #5641, .T. ) ;
#2540 = CARTESIAN_POINT ( 'NONE',  ( 2.443488710094261496, 5.077127354422186656, 10.54999999999999893 ) ) ;
#2541 = CARTESIAN_POINT ( 'NONE',  ( 2.643120118131946583, 5.685577260857368032, 10.20000054708695281 ) ) ;
#2542 = CARTESIAN_POINT ( 'NONE',  ( -1.470471587390116408, -5.489517252965710803, 0.000000000000000000 ) ) ;
#2543 = CARTESIAN_POINT ( 'NONE',  ( -1.637624685177129225, -6.419971932045218210, 10.20000054708695814 ) ) ;
#2544 = CARTESIAN_POINT ( 'NONE',  ( 4.603789133465305383, 2.845481767691269592, 10.20000054708695103 ) ) ;
#2545 = CARTESIAN_POINT ( 'NONE',  ( -6.424747118248808064, -1.569832718206001010, 10.20000054708695281 ) ) ;
#2546 = CARTESIAN_POINT ( 'NONE',  ( 6.325399317172186286, 0.7158563513960065627, 10.20000054708695991 ) ) ;
#2547 = CARTESIAN_POINT ( 'NONE',  ( 2.382783059699697503, -4.540092616159150829, 5.000000000000024869 ) ) ;
#2548 = CARTESIAN_POINT ( 'NONE',  ( -5.925646072578481416, -1.987435813955140240, 10.55000000000000249 ) ) ;
#2549 = CARTESIAN_POINT ( 'NONE',  ( 2.279869554119642761, 5.601114448322349837, 10.55000000000000249 ) ) ;
#2550 = CARTESIAN_POINT ( 'NONE',  ( 5.992420882725946640, 2.535915251145075544, 5.000000000000000000 ) ) ;
#2551 = CARTESIAN_POINT ( 'NONE',  ( 2.958400877793702755, 3.240682810762994137, 10.55000000000000959 ) ) ;
#2552 = CARTESIAN_POINT ( 'NONE',  ( -1.982048622023628859, 4.463975086240834500, -5.000000000000000000 ) ) ;
#2553 = CARTESIAN_POINT ( 'NONE',  ( -0.6263091834901377553, -5.993150740270734467, 10.54999999999999893 ) ) ;
#2554 = CARTESIAN_POINT ( 'NONE',  ( 4.983192962132802606, 2.570682030462095646, 10.54999999999999893 ) ) ;
#2555 = CARTESIAN_POINT ( 'NONE',  ( -4.641992031678378261, 0.9265593960873019785, 10.20000054708695458 ) ) ;
#2556 = CARTESIAN_POINT ( 'NONE',  ( 3.604071719379967842, 4.332058221710632040, -1.666666666666666297 ) ) ;
#2557 = CARTESIAN_POINT ( 'NONE',  ( -3.667810533906975756, 4.778996420827088087, 10.54999999999999716 ) ) ;
#2558 = CARTESIAN_POINT ( 'NONE',  ( -2.494907568016747401, -6.092602184811370059, -1.666666666666666297 ) ) ;
#2559 = CARTESIAN_POINT ( 'NONE',  ( 4.653509407559803357, -0.9492670491291755885, 10.20000054708695636 ) ) ;
#2560 = CARTESIAN_POINT ( 'NONE',  ( -1.480912986585613877, -6.046034824646977057, 1.666666666666666297 ) ) ;
#2561 = CARTESIAN_POINT ( 'NONE',  ( 4.516332414954610464, -1.859659088761142609, 10.20000054708695458 ) ) ;
#2562 = CARTESIAN_POINT ( 'NONE',  ( 1.982048622023625528, -4.463975086240834500, 5.000000000000000000 ) ) ;
#2563 = CARTESIAN_POINT ( 'NONE',  ( 4.257304147300801311, 2.857526457809592468, -6.000000000000174083 ) ) ;
#2564 = CARTESIAN_POINT ( 'NONE',  ( -0.4382436727055017966, -5.618185107111753673, -3.333333333333333037 ) ) ;
#2565 = VECTOR ( 'NONE', #5331, 1000.000000000000114 ) ;
#2566 = CARTESIAN_POINT ( 'NONE',  ( -5.806377707978426450, -2.172114956696330701, 10.54999999999999893 ) ) ;
#2567 = CARTESIAN_POINT ( 'NONE',  ( -1.151360651814716553E-12, 12.50000000000067679, -6.349999999994485833 ) ) ;
#2568 = CARTESIAN_POINT ( 'NONE',  ( 5.678215680384664843, 0.07738646006728286397, 5.000000000000011546 ) ) ;
#2569 = CARTESIAN_POINT ( 'NONE',  ( 5.851330226675907298, -1.405564791000387892, 0.000000000000000000 ) ) ;
#2570 = CARTESIAN_POINT ( 'NONE',  ( -4.877038251237191702, 3.538940751514772831, 10.55000000000000426 ) ) ;
#2571 = CARTESIAN_POINT ( 'NONE',  ( -4.954707020477385981, 4.419694229627866733, 5.000000000000000000 ) ) ;
#2572 = CARTESIAN_POINT ( 'NONE',  ( -4.719786762868622532, 2.485734982767029422, 10.20000054708695281 ) ) ;
#2573 = CARTESIAN_POINT ( 'NONE',  ( 4.773087588978501827, 2.860248105178433420, -5.000000000000000000 ) ) ;
#2574 = CARTESIAN_POINT ( 'NONE',  ( -5.736862137033543085, -2.256462510618062911, 10.55000000000000426 ) ) ;
#2575 = CARTESIAN_POINT ( 'NONE',  ( -2.276028011955648633, 4.525941176538744948, 10.20000054708695458 ) ) ;
#2576 = CARTESIAN_POINT ( 'NONE',  ( -2.019198866007305249, 5.398229052130370853, -1.666666666666666297 ) ) ;
#2577 = CARTESIAN_POINT ( 'NONE',  ( 0.9131334682562625149, -4.699797015378854859, 10.20000054708695458 ) ) ;
#2578 = CARTESIAN_POINT ( 'NONE',  ( 5.286955024260617364, 1.950427640242798910, -1.666666666666666297 ) ) ;
#2579 = VERTEX_POINT ( 'NONE', #905 ) ;
#2580 = CARTESIAN_POINT ( 'NONE',  ( 2.456293118074613258, 5.141496653418004215, 10.54999999999999716 ) ) ;
#2581 = CARTESIAN_POINT ( 'NONE',  ( 1.933741010594066223, 6.313900146339085140, 10.20000054708695458 ) ) ;
#2582 = CARTESIAN_POINT ( 'NONE',  ( -0.9543576300478090468, -5.553851180038732238, 1.666666666666666297 ) ) ;
#2583 = CARTESIAN_POINT ( 'NONE',  ( 1.378137553400652138, -4.530180445243948029, 10.20000054708695281 ) ) ;
#2584 = CARTESIAN_POINT ( 'NONE',  ( 2.912083206854714668, 3.911528928000129746, 10.20000054708695636 ) ) ;
#2585 = CARTESIAN_POINT ( 'NONE',  ( 5.506973097415239771, 2.848605325031193125, 10.20000054708695458 ) ) ;
#2586 = CARTESIAN_POINT ( 'NONE',  ( 5.192377491128977951, -3.921631092083313064, 10.20000054708695458 ) ) ;
#2587 = CARTESIAN_POINT ( 'NONE',  ( -4.180103387499464418, -2.530412054360895890, 10.54999999999999893 ) ) ;
#2588 = CARTESIAN_POINT ( 'NONE',  ( 1.444474405715386878, 6.104169001627725244, 10.55000000000000071 ) ) ;
#2589 = CARTESIAN_POINT ( 'NONE',  ( 2.704694177684101586, 3.571106356402528714, 10.54999999999999716 ) ) ;
#2590 = CARTESIAN_POINT ( 'NONE',  ( 3.581722154483869325, -5.155487022040585288, -5.000000000003489653 ) ) ;
#2591 = CARTESIAN_POINT ( 'NONE',  ( -3.930152937962594795, 5.185930219046904988, 0.000000000000000000 ) ) ;
#2592 = CARTESIAN_POINT ( 'NONE',  ( 3.088257872935069148, -4.555426537434039247, 10.55000000000000249 ) ) ;
#2593 = CARTESIAN_POINT ( 'NONE',  ( 5.643152754858456355, 0.4260225160457020155, 10.55000000000000249 ) ) ;
#2594 = CARTESIAN_POINT ( 'NONE',  ( -4.603342582428153307, 2.258170310738743414, 5.000000000000023093 ) ) ;
#2595 = CARTESIAN_POINT ( 'NONE',  ( 4.971131915797715628, 1.936123966611666525, -1.666666666666666297 ) ) ;
#2596 = CARTESIAN_POINT ( 'NONE',  ( -4.626284106298081511, 4.225376106704591628, 10.54999999999999893 ) ) ;
#2597 = CARTESIAN_POINT ( 'NONE',  ( -0.4750015549338930665, -5.743902374239027608, -3.333333333333333037 ) ) ;
#2598 = CARTESIAN_POINT ( 'NONE',  ( 5.051642221321243298, -0.2981845105988109590, 10.20000054708695458 ) ) ;
#2599 = CARTESIAN_POINT ( 'NONE',  ( -0.07477099020677754893, -6.017315606013090346, 5.000000000000000000 ) ) ;
#2600 = CARTESIAN_POINT ( 'NONE',  ( 2.456750311791647601, -4.195900212354948700, 10.54999999999999893 ) ) ;
#2601 = CARTESIAN_POINT ( 'NONE',  ( 5.577000068505304498, -0.9543430512735825433, 1.666666666666666297 ) ) ;
#2602 = CARTESIAN_POINT ( 'NONE',  ( 5.380059953839147369, -0.02379233995131168136, -6.000000000001819878 ) ) ;
#2603 = CARTESIAN_POINT ( 'NONE',  ( -1.908458813630812712, -6.359292723372315770, -5.000000000000000000 ) ) ;
#2604 = CARTESIAN_POINT ( 'NONE',  ( -5.507850908814340585, -2.451224036349345603, 10.54999999999999893 ) ) ;
#2605 = CARTESIAN_POINT ( 'NONE',  ( -0.05254660229870321275, 5.812160726609316264, 10.20000054708695458 ) ) ;
#2606 = CARTESIAN_POINT ( 'NONE',  ( 5.678215680769328699, 0.07738646013456570993, 5.000000000000000000 ) ) ;
#2607 = CARTESIAN_POINT ( 'NONE',  ( 4.526969756853867821, -4.346952783914990626, 10.55000000000000249 ) ) ;
#2608 = CARTESIAN_POINT ( 'NONE',  ( -5.604626029812082244, -2.827710600053261469, -5.999999999999443112 ) ) ;
#2609 = CARTESIAN_POINT ( 'NONE',  ( -4.117753766068317667, 4.738341904635172241, 0.000000000000000000 ) ) ;
#2610 = CARTESIAN_POINT ( 'NONE',  ( -4.877392764226199162, 3.424047384593669641, 10.55000000000000249 ) ) ;
#2611 = CARTESIAN_POINT ( 'NONE',  ( -4.350894455684721329, 4.764497176725710048, 1.666666666666666297 ) ) ;
#2612 = CARTESIAN_POINT ( 'NONE',  ( -6.429186922501215484, -1.122147374621300653, 10.20000054708695458 ) ) ;
#2613 = CARTESIAN_POINT ( 'NONE',  ( -5.380059953839469777, 0.02379233995175580874, -5.000000000000000000 ) ) ;
#2614 = CARTESIAN_POINT ( 'NONE',  ( -5.964809201342539779, -0.7711800542150393234, 10.55000000000000426 ) ) ;
#2615 = CARTESIAN_POINT ( 'NONE',  ( -3.949542912333825928, 5.086491130613480571, 10.20000054708695636 ) ) ;
#2616 = CARTESIAN_POINT ( 'NONE',  ( -2.119926674870967087, 4.142770885119027469, 10.54999999999999716 ) ) ;
#2617 = CARTESIAN_POINT ( 'NONE',  ( -4.491800750379477236, 4.813324326891780913, -3.333333333333333037 ) ) ;
#2618 = CARTESIAN_POINT ( 'NONE',  ( 0.2856809021082318267, -5.213938663151719943, 10.20000054708695458 ) ) ;
#2619 = CARTESIAN_POINT ( 'NONE',  ( -0.1830696859123303044, -5.318779380168011883, 10.55000000000000249 ) ) ;
#2620 = CARTESIAN_POINT ( 'NONE',  ( 3.689804543892921451, 2.901137757781255377, -1.666666666666666297 ) ) ;
#2621 = EDGE_LOOP ( 'NONE', ( #1893, #3037, #147, #106 ) ) ;
#2622 = CARTESIAN_POINT ( 'NONE',  ( 1.981499339466303855, 5.890684585180824051, 10.55000000000000071 ) ) ;
#2623 = CARTESIAN_POINT ( 'NONE',  ( 0.4110395552136932307, 6.274462126212609014, 10.20000054708695458 ) ) ;
#2624 = CARTESIAN_POINT ( 'NONE',  ( -2.673921665751363808, -5.679605890652212885, 5.000000000000000000 ) ) ;
#2625 = CARTESIAN_POINT ( 'NONE',  ( 3.090911079692325814, -5.023242059653224345, 10.20000054708695458 ) ) ;
#2626 = CARTESIAN_POINT ( 'NONE',  ( 2.999916087987851476, 3.759261542442891457, 10.20000054708695281 ) ) ;
#2627 = CARTESIAN_POINT ( 'NONE',  ( -2.673921665751693322, -5.679605890651769684, -6.000000000001659117 ) ) ;
#2628 = CARTESIAN_POINT ( 'NONE',  ( 6.227221575878144399, 0.5228374032942167959, 10.20000054708695458 ) ) ;
#2629 = CARTESIAN_POINT ( 'NONE',  ( -4.853666278011201207, -2.526715941211133742, 10.55000000000000249 ) ) ;
#2630 = CARTESIAN_POINT ( 'NONE',  ( 2.368868706003752322, 4.677079317306018780, 10.55000000000000426 ) ) ;
#2631 = CARTESIAN_POINT ( 'NONE',  ( 2.296015312891259263, 5.578672310358959940, 10.55000000000000071 ) ) ;
#2632 = CARTESIAN_POINT ( 'NONE',  ( -5.173762681679801467, 3.073411379804812604, -5.000000000000000000 ) ) ;
#2633 = CARTESIAN_POINT ( 'NONE',  ( 1.811099124349136780, -4.126226445090033224, 10.54999999999999716 ) ) ;
#2634 = CARTESIAN_POINT ( 'NONE',  ( 4.306003869528920447, 2.509473707623079086, 10.55000000000000071 ) ) ;
#2635 = CARTESIAN_POINT ( 'NONE',  ( -4.954707020477385981, 4.419694229627866733, 5.000000000000023093 ) ) ;
#2636 = CARTESIAN_POINT ( 'NONE',  ( 4.462859396372667042, 2.435689484388369408, -3.333333333333333037 ) ) ;
#2637 = CARTESIAN_POINT ( 'NONE',  ( -1.426011146523626927, -5.378650072249710590, 0.000000000000000000 ) ) ;
#2638 = CARTESIAN_POINT ( 'NONE',  ( 4.684517896816618787, -0.8708878049728449033, 10.20000054708695636 ) ) ;
#2639 = CARTESIAN_POINT ( 'NONE',  ( -0.7226053712506018689, 4.404350086315550250, 10.54999999999999716 ) ) ;
#2640 = CARTESIAN_POINT ( 'NONE',  ( 1.518572041796068639, -4.483362720821384428, 5.000000000000000000 ) ) ;
#2641 = CARTESIAN_POINT ( 'NONE',  ( -2.729108392372209924, -4.849263011884232810, -5.000000000000000000 ) ) ;
#2642 = CARTESIAN_POINT ( 'NONE',  ( 5.380059953839476883, -0.02379233995175442443, -5.000000000001809219 ) ) ;
#2643 = CARTESIAN_POINT ( 'NONE',  ( -4.018825604028019249, -4.018224371688232210, 0.000000000000000000 ) ) ;
#2644 = CARTESIAN_POINT ( 'NONE',  ( -3.651755846293274654, -2.715964265614877693, 10.55000000000000071 ) ) ;
#2645 = CARTESIAN_POINT ( 'NONE',  ( -3.213266569546251894, 5.088083704188176348, 10.20000054708695458 ) ) ;
#2646 = FACE_OUTER_BOUND ( 'NONE', #5244, .T. ) ;
#2647 = DIRECTION ( 'NONE',  ( 1.000000000000000000, 0.000000000000000000, 0.000000000000000000 ) ) ;
#2648 = CARTESIAN_POINT ( 'NONE',  ( -2.673921665751363808, -5.679605890652212885, -5.000000000001660894 ) ) ;
#2649 = CARTESIAN_POINT ( 'NONE',  ( 6.224562986243682872, -0.04955689355255740031, 3.333333333333333037 ) ) ;
#2650 = CARTESIAN_POINT ( 'NONE',  ( 4.357361271578868767, -1.744895596418973627, -1.666666666666666297 ) ) ;
#2651 = CARTESIAN_POINT ( 'NONE',  ( -4.491800750379477236, 4.813324326891780913, 3.333333333333333037 ) ) ;
#2652 = CARTESIAN_POINT ( 'NONE',  ( -6.294927125264602630, -2.030305354710399968, 10.20000054708695636 ) ) ;
#2653 = CARTESIAN_POINT ( 'NONE',  ( -2.669425199347730260, 4.671164775103695099, -5.000000000000000000 ) ) ;
#2654 = CARTESIAN_POINT ( 'NONE',  ( -5.702937298678246059, -0.4575615257502724798, 10.55000000000000071 ) ) ;
#2655 = CARTESIAN_POINT ( 'NONE',  ( -3.804873815099856671, 5.115677565240818403, 10.20000054708695281 ) ) ;
#2656 = CARTESIAN_POINT ( 'NONE',  ( -4.779346450886566622, 3.954285400055816524, 10.54999999999999893 ) ) ;
#2657 = CARTESIAN_POINT ( 'NONE',  ( -2.907966664692027692, 4.882705828916002133, -5.000000000000000000 ) ) ;
#2658 = CARTESIAN_POINT ( 'NONE',  ( 0.1553430864274042422, -5.423175711851589753, 10.20000054708695458 ) ) ;
#2659 = CARTESIAN_POINT ( 'NONE',  ( -0.3265245723284933566, -5.749658120188238186, 10.55000000000000249 ) ) ;
#2660 = CARTESIAN_POINT ( 'NONE',  ( 4.462859396372667042, 2.435689484388369408, -3.333333333333333037 ) ) ;
#2661 = EDGE_LOOP ( 'NONE', ( #4479, #2282, #2009, #4163 ) ) ;
#2662 = CARTESIAN_POINT ( 'NONE',  ( 2.448378886068088622, 5.221191966484462377, 10.55000000000000071 ) ) ;
#2663 = CARTESIAN_POINT ( 'NONE',  ( -1.625999804713175623, 4.487865107100342144, 10.20000054708695103 ) ) ;
#2664 = CARTESIAN_POINT ( 'NONE',  ( -0.6193174284949902741, -5.934938074355414095, 3.333333333333333037 ) ) ;
#2665 = CARTESIAN_POINT ( 'NONE',  ( 1.919264345410399475, -4.477516924447288105, 10.20000054708695458 ) ) ;
#2666 = CARTESIAN_POINT ( 'NONE',  ( 2.724547562815531787, 4.525898588865834071, 10.20000054708695991 ) ) ;
#2667 = CARTESIAN_POINT ( 'NONE',  ( 6.165211712854097748, 0.4296967150082300346, 10.20000054708695458 ) ) ;
#2668 = ADVANCED_FACE ( 'NONE', ( #5805 ), #5172, .T. ) ;
#2669 = CARTESIAN_POINT ( 'NONE',  ( 3.213266569546250118, -5.088083704188173684, 10.20000054708695458 ) ) ;
#2670 = CARTESIAN_POINT ( 'NONE',  ( -5.618580528225743720, -2.369009506352974359, 10.55000000000000071 ) ) ;
#2671 = CARTESIAN_POINT ( 'NONE',  ( 2.402392112518160427, 5.383560016790243985, 10.55000000000000249 ) ) ;
#2672 = CARTESIAN_POINT ( 'NONE',  ( 1.478383665298333760, -4.153753419801223146, 10.55000000000000426 ) ) ;
#2673 = CARTESIAN_POINT ( 'NONE',  ( 4.972409450710348011, 2.391619784635953927, 3.333333333333333037 ) ) ;
#2674 = CARTESIAN_POINT ( 'NONE',  ( -4.018825604028020138, 4.018224371688233099, 0.000000000000000000 ) ) ;
#2675 = CARTESIAN_POINT ( 'NONE',  ( 2.131890019635309663, 5.765876974427181167, 10.54999999999999893 ) ) ;
#2676 = CARTESIAN_POINT ( 'NONE',  ( 1.922560767552540240, 6.296675729077716888, -3.333333333333333037 ) ) ;
#2677 = CARTESIAN_POINT ( 'NONE',  ( 0.7003070351268022575, -4.416220101929043906, 10.55000000000000249 ) ) ;
#2678 = CARTESIAN_POINT ( 'NONE',  ( 6.193482167177077891, -0.6232326543441484290, -1.666666666666666297 ) ) ;
#2679 = CARTESIAN_POINT ( 'NONE',  ( -5.084612861887573665, -2.429562399373935921, -3.333333333333333037 ) ) ;
#2680 = CARTESIAN_POINT ( 'NONE',  ( 5.617911649995843248, 0.4221517240340550425, 10.55000000000000071 ) ) ;
#2681 = CARTESIAN_POINT ( 'NONE',  ( -1.091356791484088706, 4.247217356840415903, 10.55000000000000249 ) ) ;
#2682 = CARTESIAN_POINT ( 'NONE',  ( -3.155199032523682501, -5.365851228646531190, 3.333333333333333037 ) ) ;
#2683 = CARTESIAN_POINT ( 'NONE',  ( 0.1704022720372699862, -5.377413347294651480, -5.000000000000000000 ) ) ;
#2684 = DIRECTION ( 'NONE',  ( -0.7071067811865550112, 8.659560562355025303E-17, 0.7071067811865400232 ) ) ;
#2685 = CARTESIAN_POINT ( 'NONE',  ( -5.489297186633656622, -1.471292881111661455, 0.000000000000000000 ) ) ;
#2686 = CARTESIAN_POINT ( 'NONE',  ( -4.629287382930289851, -2.496185695765134493, 10.54999999999999893 ) ) ;
#2687 = CARTESIAN_POINT ( 'NONE',  ( 3.470362048767136720, 3.219190813529887674, 10.20000054708695458 ) ) ;
#2688 = FACE_OUTER_BOUND ( 'NONE', #7925, .T. ) ;
#2689 = CARTESIAN_POINT ( 'NONE',  ( 4.117753766068318555, 4.738341904635169577, 0.000000000000000000 ) ) ;
#2690 = CARTESIAN_POINT ( 'NONE',  ( 4.873969894515741252, -1.592015537546809467, 0.000000000000000000 ) ) ;
#2691 = CARTESIAN_POINT ( 'NONE',  ( -3.815710851444237495, 3.424973976468144610, 0.000000000000000000 ) ) ;
#2692 = CARTESIAN_POINT ( 'NONE',  ( -5.583951223971382660, -0.05955604171013321319, 10.20000054708695458 ) ) ;
#2693 = CARTESIAN_POINT ( 'NONE',  ( -5.059752145698420911, 2.860573665242247099, -4.999999999997093880 ) ) ;
#2694 = CARTESIAN_POINT ( 'NONE',  ( 4.117753766068318555, -4.738341904635169577, 0.000000000000000000 ) ) ;
#2695 = CARTESIAN_POINT ( 'NONE',  ( -5.531579685295600513, -0.4067319288835896662, 10.55000000000000071 ) ) ;
#2696 = CARTESIAN_POINT ( 'NONE',  ( -2.988404360914868718, 4.968385185187498720, 10.20000054708695636 ) ) ;
#2697 = CARTESIAN_POINT ( 'NONE',  ( -4.392438564555146030, 4.474039362959467248, 10.55000000000000249 ) ) ;
#2698 = CARTESIAN_POINT ( 'NONE',  ( -4.960140980963031687, 2.773821869950010566, -5.000000000000000000 ) ) ;
#2699 = CARTESIAN_POINT ( 'NONE',  ( 3.866481269785504438, -5.105110807185496036, 10.20000054708695636 ) ) ;
#2700 = AXIS2_PLACEMENT_3D ( 'NONE', #4791, #1846, #7249 ) ;
#2701 = ORIENTED_EDGE ( 'NONE', *, *, #1336, .T. ) ;
#2702 = CARTESIAN_POINT ( 'NONE',  ( -0.7859811557200349075, 4.769931676382588748, 10.20000054708695458 ) ) ;
#2703 = CARTESIAN_POINT ( 'NONE',  ( -1.350213967088334632, -6.500749273344065493, 5.000000000000000000 ) ) ;
#2704 = CARTESIAN_POINT ( 'NONE',  ( 2.347703774666616283, -4.544311893435546423, 10.20000054708695814 ) ) ;
#2705 = CARTESIAN_POINT ( 'NONE',  ( 3.342339944680186470, 3.351076296563536783, 10.20000054708695636 ) ) ;
#2706 = CARTESIAN_POINT ( 'NONE',  ( 6.410884268984295531, 1.658416271187910684, 10.20000054708695991 ) ) ;
#2707 = CARTESIAN_POINT ( 'NONE',  ( 2.835030769196477340, -4.788108697936173108, 10.20000054708695458 ) ) ;
#2708 = CARTESIAN_POINT ( 'NONE',  ( -3.857119516976546869, -2.624902796173667952, 10.55000000000000071 ) ) ;
#2709 = CARTESIAN_POINT ( 'NONE',  ( 1.684229163835585075, 6.038828799373308520, 10.55000000000000249 ) ) ;
#2710 = CARTESIAN_POINT ( 'NONE',  ( -3.581722154483863552, 5.155487022040583511, 5.000000000000000000 ) ) ;
#2711 = CARTESIAN_POINT ( 'NONE',  ( 2.378591429529578249, 4.833897904223787734, 10.55000000000000249 ) ) ;
#2712 = CARTESIAN_POINT ( 'NONE',  ( 2.044647574794003830, 5.935250330072830316, 0.000000000000000000 ) ) ;
#2713 = CARTESIAN_POINT ( 'NONE',  ( 0.6201572752615912565, -4.461662229137370872, 10.55000000000000249 ) ) ;
#2714 = CARTESIAN_POINT ( 'NONE',  ( 3.613734345490722255, 2.733063232159378408, 10.54999999999999893 ) ) ;
#2715 = CARTESIAN_POINT ( 'NONE',  ( 3.123419988198147923, 3.556803324690035240, -5.000000000000000000 ) ) ;
#2716 = CARTESIAN_POINT ( 'NONE',  ( -4.810214621836490068, 3.874428374948808873, 10.55000000000000071 ) ) ;
#2717 = CARTESIAN_POINT ( 'NONE',  ( -3.972996821740307993, -2.573304974326865224, 0.000000000000000000 ) ) ;
#2718 = CARTESIAN_POINT ( 'NONE',  ( 4.636625319320755167, -0.9964159961130536480, 10.20000054708694925 ) ) ;
#2719 = CARTESIAN_POINT ( 'NONE',  ( 2.365357561638860684, -4.984955822707352269, 3.333333333333333037 ) ) ;
#2720 = CARTESIAN_POINT ( 'NONE',  ( 5.192377491128977951, -3.921631092083313064, -5.000000000000000000 ) ) ;
#2721 = CARTESIAN_POINT ( 'NONE',  ( 4.516332414954280949, -1.859659088760699852, -6.000000000002348344 ) ) ;
#2722 = CARTESIAN_POINT ( 'NONE',  ( -4.257304147301129937, -2.857526457809150600, -5.000000000000000000 ) ) ;
#2723 = CARTESIAN_POINT ( 'NONE',  ( -5.095785171680688563, -2.595993313141014447, 10.55000000000000249 ) ) ;
#2724 = CARTESIAN_POINT ( 'NONE',  ( 5.705468039007898895, 0.08215326004263441562, 10.20000054708695458 ) ) ;
#2725 = CARTESIAN_POINT ( 'NONE',  ( 4.251225118266888536, -3.517354962005786234, -1.666666666666666297 ) ) ;
#2726 = B_SPLINE_CURVE_WITH_KNOTS ( 'NONE', 1,
 ( #4976, #1274 ),
 .UNSPECIFIED., .F., .F.,
 ( 2, 2 ),
 ( 0.000000000000000000, 1.000000000000000000 ),
 .UNSPECIFIED. ) ;
#2727 = CARTESIAN_POINT ( 'NONE',  ( -0.6933294261304658868, -4.834757971955978562, 0.000000000000000000 ) ) ;
#2728 = CARTESIAN_POINT ( 'NONE',  ( 4.462859396372667042, 2.435689484388369408, 3.333333333333333037 ) ) ;
#2729 = CARTESIAN_POINT ( 'NONE',  ( -5.173762681679801467, 3.073411379804812604, 5.000000000000000000 ) ) ;
#2730 = CARTESIAN_POINT ( 'NONE',  ( -6.003234561327704277, -0.2490531602249172194, 10.20000054708695636 ) ) ;
#2731 = CARTESIAN_POINT ( 'NONE',  ( 4.749189404962484318, -0.9493014229605961640, -3.333333333333333037 ) ) ;
#2732 = CARTESIAN_POINT ( 'NONE',  ( -3.406725483797822918, -2.857181909351329985, 10.55000000000000071 ) ) ;
#2733 = CARTESIAN_POINT ( 'NONE',  ( -4.876138284121437572, 3.425139324161968979, 10.55000000000000249 ) ) ;
#2734 = CARTESIAN_POINT ( 'NONE',  ( -0.05254660229870321275, 5.812160726609316264, -5.000000000000000000 ) ) ;
#2735 = CARTESIAN_POINT ( 'NONE',  ( 2.799850500500990158, -4.767026749366346294, 10.20000054708695458 ) ) ;
#2736 = CARTESIAN_POINT ( 'NONE',  ( 0.06214076923234399669, -4.932076952280890936, 10.54999999999999893 ) ) ;
#2737 = VERTEX_POINT ( 'NONE', #6539 ) ;
#2738 = CARTESIAN_POINT ( 'NONE',  ( 0.2328901315314813869, 5.448600264239400026, 10.55000000000000071 ) ) ;
#2739 = CARTESIAN_POINT ( 'NONE',  ( -2.276028011955648633, 4.525941176538744948, 10.20000054708695458 ) ) ;
#2740 = CARTESIAN_POINT ( 'NONE',  ( 4.061678536503896098, -5.083575693552933039, 5.000000000000000000 ) ) ;
#2741 = CARTESIAN_POINT ( 'NONE',  ( 2.645297754639932997, -4.667108841118969842, 10.20000054708695458 ) ) ;
#2742 = CARTESIAN_POINT ( 'NONE',  ( 1.707727134253019363, 6.400151153060152254, 10.20000054708695281 ) ) ;
#2743 = CARTESIAN_POINT ( 'NONE',  ( 5.678215679854710984, 0.07738645997458688808, -5.000000000000932587 ) ) ;
#2744 = CARTESIAN_POINT ( 'NONE',  ( -2.775048031398719584, -5.369025767275354077, 10.20000054708695458 ) ) ;
#2745 = CARTESIAN_POINT ( 'NONE',  ( -4.880961662735974649, -2.534008593607489424, 10.55000000000000249 ) ) ;
#2746 = CARTESIAN_POINT ( 'NONE',  ( -4.641992031678378261, 0.9265593960873019785, 5.000000000000000000 ) ) ;
#2747 = CARTESIAN_POINT ( 'NONE',  ( 0.7876150907114247701, 6.060763108176717040, 10.55000000000000249 ) ) ;
#2748 = CARTESIAN_POINT ( 'NONE',  ( 5.173762681679470177, -3.073411379804371624, -6.000000000003102407 ) ) ;
#2749 = CARTESIAN_POINT ( 'NONE',  ( 0.4382436727055020187, 5.618185107111754562, -3.333333333333333037 ) ) ;
#2750 = CARTESIAN_POINT ( 'NONE',  ( 2.207544360789564397, -4.154570065474953111, 10.55000000000000426 ) ) ;
#2751 = CARTESIAN_POINT ( 'NONE',  ( 2.421761531745233675, 5.018353527186777185, 10.54999999999999893 ) ) ;
#2752 = CARTESIAN_POINT ( 'NONE',  ( 6.456223770568878528, 0.8106471639654770911, 0.000000000000000000 ) ) ;
#2753 = CARTESIAN_POINT ( 'NONE',  ( -4.455995659466699621, 4.417448924926506315, 10.54999999999999893 ) ) ;
#2754 = CARTESIAN_POINT ( 'NONE',  ( -5.248533672560239616, -2.943904212591498037, -5.000000000000000000 ) ) ;
#2755 = CARTESIAN_POINT ( 'NONE',  ( 5.866807539410195282, 2.088242961322888558, 10.55000000000000604 ) ) ;
#2756 = EDGE_CURVE ( 'NONE', #4753, #6012, #6042, .T. ) ;
#2757 = CARTESIAN_POINT ( 'NONE',  ( 4.028894480281568491, -5.206954424155692429, 1.666666666666666297 ) ) ;
#2758 = CARTESIAN_POINT ( 'NONE',  ( 5.976476242010902773, 1.740509143441727025, -1.666666666666666297 ) ) ;
#2759 = CARTESIAN_POINT ( 'NONE',  ( -2.814033178045508787, -5.085783199819224443, -5.000000000000000000 ) ) ;
#2760 = CARTESIAN_POINT ( 'NONE',  ( -2.500000000000000000, 3.061616997868383141E-16, 10.19999999999907558 ) ) ;
#2761 = CARTESIAN_POINT ( 'NONE',  ( -4.873969894515736812, -1.592015537546811466, 0.000000000000000000 ) ) ;
#2762 = CARTESIAN_POINT ( 'NONE',  ( -5.618580528225743720, -2.369009506352974359, 10.55000000000000071 ) ) ;
#2763 = CARTESIAN_POINT ( 'NONE',  ( 2.673921665751363808, 5.679605890652218214, 10.20000054708695458 ) ) ;
#2764 = ADVANCED_FACE ( 'NONE', ( #1047 ), #5797, .F. ) ;
#2765 = CARTESIAN_POINT ( 'NONE',  ( -3.972996821740307993, -2.573304974326865224, 0.000000000000000000 ) ) ;
#2766 = CARTESIAN_POINT ( 'NONE',  ( 3.470362048767136720, 3.219190813529887674, 5.000000000000000000 ) ) ;
#2767 = CARTESIAN_POINT ( 'NONE',  ( -4.581992462297253432, 0.3266518249158509857, 10.55000000000000071 ) ) ;
#2768 = CARTESIAN_POINT ( 'NONE',  ( -6.304921007630881924, -2.081055046146128351, 5.000000000000000000 ) ) ;
#2769 = CARTESIAN_POINT ( 'NONE',  ( -5.519724656928508111, -0.03776921323624776727, 10.20000054708695458 ) ) ;
#2770 = CARTESIAN_POINT ( 'NONE',  ( 3.840358520603885051, -3.017819880700677082, 0.000000000000000000 ) ) ;
#2771 = CARTESIAN_POINT ( 'NONE',  ( -4.855738811905608188, 3.284043245163969615, 10.54999999999999716 ) ) ;
#2772 = CARTESIAN_POINT ( 'NONE',  ( -0.6675567257738417304, 4.646033348510059113, -1.666666666666666297 ) ) ;
#2773 = CARTESIAN_POINT ( 'NONE',  ( 4.582303727610499422, -4.771005772334497408, 10.20000054708695281 ) ) ;
#2774 = VERTEX_POINT ( 'NONE', #1616 ) ;
#2775 = CARTESIAN_POINT ( 'NONE',  ( 2.814033178045507899, 5.085783199819224443, 5.000000000000000000 ) ) ;
#2776 = CARTESIAN_POINT ( 'NONE',  ( -0.3703525523767091099, 5.110529649179683886, 10.20000054708695458 ) ) ;
#2777 = CARTESIAN_POINT ( 'NONE',  ( 2.210029059896365666, -5.542816575422770953, 1.666666666666666297 ) ) ;
#2778 = CARTESIAN_POINT ( 'NONE',  ( 4.831645999338945785, -2.656976535845965159, 10.20000054708695281 ) ) ;
#2779 = CARTESIAN_POINT ( 'NONE',  ( 0.7792193801815777698, 6.423167746226845942, 10.20000054708695103 ) ) ;
#2780 = CARTESIAN_POINT ( 'NONE',  ( -1.908458813631142004, -6.359292723371873457, -6.000000000002211564 ) ) ;
#2781 = CARTESIAN_POINT ( 'NONE',  ( 5.604626029811762500, 2.827710600053702894, 5.000000000000000000 ) ) ;
#2782 = CARTESIAN_POINT ( 'NONE',  ( -2.400138779768629771, -4.324308144680808041, 10.54999999999999893 ) ) ;
#2783 = CARTESIAN_POINT ( 'NONE',  ( 0.2059755532242993903, 5.372060290957732853, 10.54999999999999893 ) ) ;
#2784 = CARTESIAN_POINT ( 'NONE',  ( -5.240560090443564967, 0.9986282910527481960, 1.666666666666666297 ) ) ;
#2785 = CARTESIAN_POINT ( 'NONE',  ( 5.167277707109636964, 0.2468856925448767725, 10.55000000000000426 ) ) ;
#2786 = CARTESIAN_POINT ( 'NONE',  ( 0.6344091181313966654, 5.997243214627597574, 10.55000000000000249 ) ) ;
#2787 = CARTESIAN_POINT ( 'NONE',  ( 1.950728368723061212, 6.150233710699238188, -1.666666666666666297 ) ) ;
#2788 = CARTESIAN_POINT ( 'NONE',  ( 4.288725350316556550, -4.553036964945171405, 10.54999999999999893 ) ) ;
#2789 = CARTESIAN_POINT ( 'NONE',  ( 4.514160007472316494, 2.493889500647226587, 10.55000000000000426 ) ) ;
#2790 = CARTESIAN_POINT ( 'NONE',  ( -5.566753398900961436, -0.05473543990377590512, 5.000000000000026645 ) ) ;
#2791 = CARTESIAN_POINT ( 'NONE',  ( -4.495153199866667393, 0.4652934172969327986, 10.55000000000000426 ) ) ;
#2792 = CARTESIAN_POINT ( 'NONE',  ( -3.470362048767141605, -3.219190813529884121, -5.000000000000000000 ) ) ;
#2793 = CARTESIAN_POINT ( 'NONE',  ( 4.825520439886020974, 2.520227331317552277, 10.55000000000000249 ) ) ;
#2794 = CARTESIAN_POINT ( 'NONE',  ( 3.549809307303227079, -5.387909593329603730, 3.333333333333333037 ) ) ;
#2795 = CARTESIAN_POINT ( 'NONE',  ( 6.633242581027162466, -0.2879441185641440915, 0.000000000000000000 ) ) ;
#2796 = CARTESIAN_POINT ( 'NONE',  ( 2.500000000000000000, 0.000000000000000000, -5.000100000000000655 ) ) ;
#2797 = CARTESIAN_POINT ( 'NONE',  ( -6.633242581027160689, -0.2879441185641482548, 0.000000000000000000 ) ) ;
#2798 = CARTESIAN_POINT ( 'NONE',  ( -2.329935385483444588, -5.527087456965026568, 10.55000000000000071 ) ) ;
#2799 = CARTESIAN_POINT ( 'NONE',  ( 4.861762312906146910, -3.303350738905270312, 10.55000000000000249 ) ) ;
#2800 = CARTESIAN_POINT ( 'NONE',  ( 3.868678216692782001, 2.981429057092634505, 10.20000054708695458 ) ) ;
#2801 = CARTESIAN_POINT ( 'NONE',  ( 4.340798672100181221, -2.647104865981879218, -3.333333333333333037 ) ) ;
#2802 = CARTESIAN_POINT ( 'NONE',  ( -4.533687937200373774, -1.816938096579815864, 0.000000000000000000 ) ) ;
#2803 = CARTESIAN_POINT ( 'NONE',  ( 3.539730810310471654, 4.232612283599252123, 1.666666666666666297 ) ) ;
#2804 = CARTESIAN_POINT ( 'NONE',  ( -4.156358563041987253, 2.180812078679538413, 1.666666666666666297 ) ) ;
#2805 = CARTESIAN_POINT ( 'NONE',  ( -4.544840980947226328, -2.844232778689683272, 10.20000054708695458 ) ) ;
#2806 = CARTESIAN_POINT ( 'NONE',  ( 4.736864590686679755, -3.283314600835575803, -3.333333333333333037 ) ) ;
#2807 = CARTESIAN_POINT ( 'NONE',  ( -3.226131001346479898, -2.989293112925947682, 10.55000000000000071 ) ) ;
#2808 = CARTESIAN_POINT ( 'NONE',  ( -4.717175527716836569, 4.081553354517769350, 10.55000000000000249 ) ) ;
#2809 = CARTESIAN_POINT ( 'NONE',  ( 3.067254368480955229, 5.888528640545021453, 0.000000000000000000 ) ) ;
#2810 = CARTESIAN_POINT ( 'NONE',  ( 4.318690634889765789, -4.943821925846815901, 10.20000054708695281 ) ) ;
#2811 = ORIENTED_EDGE ( 'NONE', *, *, #1082, .F. ) ;
#2812 = CARTESIAN_POINT ( 'NONE',  ( 0.1738057778963737476, 5.299658832723524782, 10.55000000000000071 ) ) ;
#2813 = CARTESIAN_POINT ( 'NONE',  ( -3.262340652560571819, 5.087754252283787970, 10.20000054708695458 ) ) ;
#2814 = CARTESIAN_POINT ( 'NONE',  ( 2.526070848901888155, -5.996577392882945112, 0.000000000000000000 ) ) ;
#2815 = CARTESIAN_POINT ( 'NONE',  ( 4.649168245369556196, -2.339652730720549467, 10.20000054708695814 ) ) ;
#2816 = CARTESIAN_POINT ( 'NONE',  ( 2.809494365767033486, 5.153761509580131239, 10.20000054708695814 ) ) ;
#2817 = VECTOR ( 'NONE', #1030, 1000.000000000000000 ) ;
#2818 = CARTESIAN_POINT ( 'NONE',  ( 3.868678216692782001, 2.981429057092634505, 5.000000000000000000 ) ) ;
#2819 = CARTESIAN_POINT ( 'NONE',  ( -2.750950059109618984, -5.450338239518518257, 10.20000054708695458 ) ) ;
#2820 = CARTESIAN_POINT ( 'NONE',  ( -2.480456962865337012, -4.026859750579544261, 10.55000000000000249 ) ) ;
#2821 = CARTESIAN_POINT ( 'NONE',  ( -0.1093921406466547147, 4.877242732309205131, 10.55000000000000249 ) ) ;
#2822 = B_SPLINE_CURVE_WITH_KNOTS ( 'NONE', 3,
 ( #5514, #4904, #7351, #3385, #2030, #167, #7475, #6439, #4575, #3307, #3232, #5757, #5837, #5110, #1991, #7041, #279, #203, #4500, #239, #6888, #2066, #2641, #4462, #2759, #816, #6967, #1437, #6925, #6365, #7551, #3867, #129, #3944, #4427, #6324, #2683, #778, #5794, #5150, #7592, #7627, #3830, #856, #4540, #7004, #1473, #6400, #5069, #1510, #3981, #7511, #2720, #3344, #5187, #349, #7663, #6545, #5338, #6514, #6025, #2834, #5383, #3454, #311, #7741, #4722, #7147, #970 ),
 .UNSPECIFIED., .F., .F.,
 ( 4, 1, 1, 1, 1, 1, 1, 1, 1, 1, 1, 1, 1, 1, 1, 1, 1, 1, 1, 1, 1, 1, 1, 1, 1, 1, 1, 1, 1, 1, 1, 1, 1, 1, 1, 1, 1, 1, 1, 1, 1, 1, 1, 1, 1, 1, 1, 1, 1, 1, 1, 1, 1, 1, 1, 1, 1, 1, 1, 1, 1, 1, 1, 1, 1, 1, 4 ),
 ( 0.4999999999938050110, 0.5018292098714786098, 0.5071613016749119129, 0.5155658965393913329, 0.5263623747429275745, 0.5386761866670929377, 0.5515098172645045427, 0.5638236292668380445, 0.5746201073050287711, 0.5830247024160948310, 0.5883567939675966585, 0.5901860039191109131, 0.5917361408409735901, 0.5962577944624005699, 0.6033853372642496993, 0.6125414544810109385, 0.6229844228444189058, 0.6338682478960306899, 0.6443112160408576150, 0.6534673334112475196, 0.6605948761563551486, 0.6651165298741195109, 0.6666666667753364806, 0.6684958766386319695, 0.6738279683440812073, 0.6822325632183324773, 0.6930290412817090573, 0.7053428534129644323, 0.7181764840467418365, 0.7304902959333932078, 0.7412867741876127958, 0.7496913689727146002, 0.7550234606835155571, 0.7568526706787315206, 0.7584028074465679614, 0.7629244612726739927, 0.7700520039368005110, 0.7792081213017730823, 0.7896510895161981125, 0.8005349146272454641, 0.8109778827736093820, 0.8201340000727413981, 0.8272615429194176695, 0.8317831965303439379, 0.8333333334327982511, 0.8351625433052340952, 0.8404946349319382115, 0.8488992300136499747, 0.8596957080710744270, 0.8720095199672968089, 0.8848431506374148103, 0.8971569626779904993, 0.9079534408590725914, 0.9163580356114700010, 0.9216901275003321903, 0.9235193373163192998, 0.9250694742925371639, 0.9295911279991169174, 0.9367186704772203498, 0.9458747879377882306, 0.9563177561431939200, 0.9672015812364662679, 0.9776445494157481875, 0.9868006666934023841, 0.9939282094208918839, 0.9984498631606963936, 0.9999999999999997780 ),
 .UNSPECIFIED. ) ;
#2823 = AXIS2_PLACEMENT_3D ( 'NONE', #3233, #5070, #7081 ) ;
#2824 = CARTESIAN_POINT ( 'NONE',  ( -5.371053174174045708, 1.454363143550995829, 0.000000000000000000 ) ) ;
#2825 = CARTESIAN_POINT ( 'NONE',  ( -2.268379640427530042, -6.109298698955501372, 10.20000054708695458 ) ) ;
#2826 = CARTESIAN_POINT ( 'NONE',  ( 0.7099536403887207747, 6.031835177430469486, 10.55000000000000249 ) ) ;
#2827 = CARTESIAN_POINT ( 'NONE',  ( 4.526969756853867821, -4.346952783914990626, 10.55000000000000249 ) ) ;
#2828 = CARTESIAN_POINT ( 'NONE',  ( 0.000000000000000000, 0.000000000000000000, -10.64999999999721325 ) ) ;
#2829 = CARTESIAN_POINT ( 'NONE',  ( -4.223167838073272229, 2.139141655516846541, 10.55000000000000071 ) ) ;
#2830 = CARTESIAN_POINT ( 'NONE',  ( -2.729108392372209924, -4.849263011884232810, -5.000000000000000000 ) ) ;
#2831 = CARTESIAN_POINT ( 'NONE',  ( 5.575297607190693228, 2.403659370656827665, 10.55000000000000249 ) ) ;
#2832 = CARTESIAN_POINT ( 'NONE',  ( 4.091089480663190336, -4.128796472022230546, 0.000000000000000000 ) ) ;
#2833 = CARTESIAN_POINT ( 'NONE',  ( -5.705468039007896230, -0.08215326004263408255, 5.000000000000000000 ) ) ;
#2834 = CARTESIAN_POINT ( 'NONE',  ( 4.523082045645346660, -1.395826287384887454, -5.000000000000000000 ) ) ;
#2835 = CARTESIAN_POINT ( 'NONE',  ( -6.633242581027158913, 0.2879441185641481993, 0.000000000000000000 ) ) ;
#2836 = CARTESIAN_POINT ( 'NONE',  ( -5.140732379591376855, 3.989827515617990539, 10.20000054708695636 ) ) ;
#2837 = CARTESIAN_POINT ( 'NONE',  ( -2.400138779768629771, -4.324308144680808041, 10.54999999999999893 ) ) ;
#2838 = CARTESIAN_POINT ( 'NONE',  ( 2.799776449901753228, 5.326812330412148633, 10.20000054708695458 ) ) ;
#2839 = CARTESIAN_POINT ( 'NONE',  ( 4.325413273757702015, -2.473140206973486688, 10.55000000000000604 ) ) ;
#2840 = CARTESIAN_POINT ( 'NONE',  ( 3.665404046457295451, 4.447792047954559180, 1.666666666666666297 ) ) ;
#2841 = CARTESIAN_POINT ( 'NONE',  ( -5.435415167955230942, 0.9491906648941093039, 1.666666666666666297 ) ) ;
#2842 = CARTESIAN_POINT ( 'NONE',  ( -4.974356026794014340, -2.942506272476243634, 10.20000054708695103 ) ) ;
#2843 = CARTESIAN_POINT ( 'NONE',  ( 2.774563950083531960, 4.959725921755875788, -5.999999999998755662 ) ) ;
#2844 = CARTESIAN_POINT ( 'NONE',  ( 5.371053174174044820, -1.454363143550995607, 0.000000000000000000 ) ) ;
#2845 = CARTESIAN_POINT ( 'NONE',  ( 4.454208601905323306, -4.449007548661255029, 10.55000000000000071 ) ) ;
#2846 = CARTESIAN_POINT ( 'NONE',  ( -4.799320189248351021, -2.514864558640053094, 10.55000000000000604 ) ) ;
#2847 = CARTESIAN_POINT ( 'NONE',  ( -4.212639914461746571, 1.235811995370029726, 10.55000000000000426 ) ) ;
#2848 = CARTESIAN_POINT ( 'NONE',  ( 1.350213967088333078, 6.500749273344065493, -5.000000000000000000 ) ) ;
#2849 = CARTESIAN_POINT ( 'NONE',  ( 3.182261586705500633, -5.064167339240822407, 10.20000054708695458 ) ) ;
#2850 = CARTESIAN_POINT ( 'NONE',  ( 2.024434697125661931, -4.133136761402649739, 10.54999999999999893 ) ) ;
#2851 = EDGE_CURVE ( 'NONE', #1695, #5282, #7657, .T. ) ;
#2852 = EDGE_LOOP ( 'NONE', ( #327, #1453, #913, #7216 ) ) ;
#2853 = CARTESIAN_POINT ( 'NONE',  ( 0.2366767587831762887, 5.461188293333668398, 10.55000000000000071 ) ) ;
#2854 = CARTESIAN_POINT ( 'NONE',  ( -4.772310025895590613, 4.597155012706800825, 10.20000054708696169 ) ) ;
#2855 = CARTESIAN_POINT ( 'NONE',  ( 2.835030769196477340, -4.788108697936173108, 5.000000000000000000 ) ) ;
#2856 = CARTESIAN_POINT ( 'NONE',  ( 5.123731907581466238, -2.983657467203488789, 10.20000054708695636 ) ) ;
#2857 = CARTESIAN_POINT ( 'NONE',  ( 0.5761280924935017200, 6.355356134113070432, 10.20000054708695458 ) ) ;
#2858 = CARTESIAN_POINT ( 'NONE',  ( 5.992420882725946640, 2.535915251145075544, 5.000000000000000000 ) ) ;
#2859 = CARTESIAN_POINT ( 'NONE',  ( -2.721828014391149075, -4.749313653649395839, 10.20000054708695636 ) ) ;
#2860 = CARTESIAN_POINT ( 'NONE',  ( -2.521557300347323061, -3.922036284619197399, 10.54999999999999893 ) ) ;
#2861 = CARTESIAN_POINT ( 'NONE',  ( -0.3844825649411149904, 4.621341098298316297, 10.54999999999999893 ) ) ;
#2862 = CARTESIAN_POINT ( 'NONE',  ( 1.052720001348083079, -4.615017103915213248, -5.000000000002417622 ) ) ;
#2863 = CARTESIAN_POINT ( 'NONE',  ( 3.048990329609379213, 3.685857338125020810, 10.20000054708695281 ) ) ;
#2864 = CARTESIAN_POINT ( 'NONE',  ( -5.682530617115134852, -0.07702009724794428580, 5.000000000000000000 ) ) ;
#2865 = CARTESIAN_POINT ( 'NONE',  ( -2.719449089333045855, -4.616046973704461820, 10.20000054708695814 ) ) ;
#2866 = CARTESIAN_POINT ( 'NONE',  ( 0.2844187736139570655, 5.685898977158028167, 10.54999999999999893 ) ) ;
#2867 = CARTESIAN_POINT ( 'NONE',  ( -5.536207916372972271, -0.04415717700991150102, 10.20000054708695458 ) ) ;
#2868 = CARTESIAN_POINT ( 'NONE',  ( 4.282589239144449778, -2.356349614366564538, 10.55000000000000426 ) ) ;
#2869 = FACE_OUTER_BOUND ( 'NONE', #6301, .T. ) ;
#2870 = CARTESIAN_POINT ( 'NONE',  ( -4.822257254351664635, 3.173823432565477720, 10.55000000000000249 ) ) ;
#2871 = CARTESIAN_POINT ( 'NONE',  ( -4.856940138843541810, 0.5154830861509837048, -5.000000000000000000 ) ) ;
#2872 = CARTESIAN_POINT ( 'NONE',  ( 4.975702630282929917, 2.567211687170225520, 10.55000000000000249 ) ) ;
#2873 = CARTESIAN_POINT ( 'NONE',  ( 6.461538437134771051, 1.526872548237521388, -5.000000000000000000 ) ) ;
#2874 = CARTESIAN_POINT ( 'NONE',  ( 5.678215680000000987, 0.07738646000000000413, 10.20000054708695281 ) ) ;
#2875 = CARTESIAN_POINT ( 'NONE',  ( 6.068739156059081097, 1.081793483685704382, 10.55000000000000071 ) ) ;
#2876 = CARTESIAN_POINT ( 'NONE',  ( -4.452238096076975182, 2.939099262225372211, -3.333333333333333037 ) ) ;
#2877 = CARTESIAN_POINT ( 'NONE',  ( -5.198817954777310568, 3.778471924244054314, 10.20000054708695458 ) ) ;
#2878 = CARTESIAN_POINT ( 'NONE',  ( -2.163599567378847954, -5.735493124167418522, 10.54999999999999893 ) ) ;
#2879 = CARTESIAN_POINT ( 'NONE',  ( 4.319508236004701018, -0.8437484048150364346, 10.54999999999999893 ) ) ;
#2880 = CARTESIAN_POINT ( 'NONE',  ( 2.740444013175200588, 4.333596967199334848, 10.20000054708695458 ) ) ;
#2881 = CARTESIAN_POINT ( 'NONE',  ( 4.392133149510381251, -0.6660939974418017551, 10.55000000000000071 ) ) ;
#2882 = CARTESIAN_POINT ( 'NONE',  ( 1.708410305071423441, -5.770183011040068699, 0.000000000000000000 ) ) ;
#2883 = CARTESIAN_POINT ( 'NONE',  ( -2.382783059700024353, 4.540092616159590477, -5.999999999997230660 ) ) ;
#2884 = CARTESIAN_POINT ( 'NONE',  ( 0.6933294261304642214, 4.834757971955977673, 0.000000000000000000 ) ) ;
#2885 = CARTESIAN_POINT ( 'NONE',  ( -2.299508249280633354, -5.575907285288066895, 10.54999999999999893 ) ) ;
#2886 = CARTESIAN_POINT ( 'NONE',  ( -5.310310022141517372, 0.5112103155022519330, 3.333333333333333037 ) ) ;
#2887 = CARTESIAN_POINT ( 'NONE',  ( -4.734247571279479594, -2.858911761097593374, 10.20000054708695458 ) ) ;
#2888 = CARTESIAN_POINT ( 'NONE',  ( 1.708410305071423441, -5.770183011040068699, 0.000000000000000000 ) ) ;
#2889 = CARTESIAN_POINT ( 'NONE',  ( -5.014906772373080024, -2.583792545877769520, 10.55000000000000071 ) ) ;
#2890 = CARTESIAN_POINT ( 'NONE',  ( -4.646094646264137040, 0.2367670798185338710, 10.54999999999999716 ) ) ;
#2891 = CARTESIAN_POINT ( 'NONE',  ( -0.09050372642129615730, 5.563739157988876194, -5.000000000000000000 ) ) ;
#2892 = CARTESIAN_POINT ( 'NONE',  ( 5.227657649936398698, -3.536420804317015332, 10.20000054708695458 ) ) ;
#2893 = CARTESIAN_POINT ( 'NONE',  ( -5.811434037490125881, -0.1058673776733867616, 10.20000054708695458 ) ) ;
#2894 = CARTESIAN_POINT ( 'NONE',  ( -3.275856246098412861, 4.723059345222802463, 10.55000000000000426 ) ) ;
#2895 = CARTESIAN_POINT ( 'NONE',  ( 2.799776449901753228, 5.326812330412148633, 5.000000000000000000 ) ) ;
#2896 = CARTESIAN_POINT ( 'NONE',  ( -2.765411434640442145, 4.741117293685165102, 10.20000054708695458 ) ) ;
#2897 = CARTESIAN_POINT ( 'NONE',  ( 2.557005768023955294, -5.675329227395412346, 1.666666666666666297 ) ) ;
#2898 = CARTESIAN_POINT ( 'NONE',  ( 5.041855086147980280, -2.842223362985063506, 10.20000054708695281 ) ) ;
#2899 = CARTESIAN_POINT ( 'NONE',  ( 2.741432913129228321, 5.477226305082727009, 10.20000054708695281 ) ) ;
#2900 = CARTESIAN_POINT ( 'NONE',  ( 0.3534438101688358036, 6.267603813795271428, 5.000000000000000000 ) ) ;
#2901 = CARTESIAN_POINT ( 'NONE',  ( -1.197115323026094913, -6.476267968308718537, 10.20000054708695458 ) ) ;
#2902 = CARTESIAN_POINT ( 'NONE',  ( -2.378318285325126791, -4.831937011918294722, 10.54999999999999716 ) ) ;
#2903 = CARTESIAN_POINT ( 'NONE',  ( 0.8139532973849420427, 6.069201137773204024, 10.55000000000000249 ) ) ;
#2904 = CARTESIAN_POINT ( 'NONE',  ( 2.873386979106149486, 3.990437084022263381, 10.20000054708695281 ) ) ;
#2905 = CARTESIAN_POINT ( 'NONE',  ( -6.433344965106440050, -0.9757289509385247417, 5.000000000000000000 ) ) ;
#2906 = CARTESIAN_POINT ( 'NONE',  ( -1.882433764696522571, -6.336731114005768717, 10.20000054708695281 ) ) ;
#2907 = CARTESIAN_POINT ( 'NONE',  ( 5.346548128050694793, 0.3442886284723730705, 10.54999999999999893 ) ) ;
#2908 = CARTESIAN_POINT ( 'NONE',  ( 0.2472810459888924450, 5.499489812988293203, 10.55000000000000249 ) ) ;
#2909 = B_SPLINE_CURVE_WITH_KNOTS ( 'NONE', 3,
 ( #3581, #1060, #1151, #3539, #7829, #6639, #2303, #5347, #6116, #563, #3058, #5473, #7237, #2973, #1716, #2221, #1107, #7870, #4181, #7747, #7153, #7906, #6033, #484, #1630, #4101, #2883, #6552, #1018, #6597, #7272, #5434, #2341, #6682, #3620, #6075, #3499, #5952, #7787, #2262, #4731, #7193, #4140, #1672, #1398, #5682, #3746, #7386, #6886, #5028, #3229, #7945, #4900, #5597, #7348, #1833, #1359, #4340, #87, #4302, #1873, #6761, #4382, #1237, #3100, #3190, #43, #1277, #6197 ),
 .UNSPECIFIED., .F., .F.,
 ( 4, 1, 1, 1, 1, 1, 1, 1, 1, 1, 1, 1, 1, 1, 1, 1, 1, 1, 1, 1, 1, 1, 1, 1, 1, 1, 1, 1, 1, 1, 1, 1, 1, 1, 1, 1, 1, 1, 1, 1, 1, 1, 1, 1, 1, 1, 1, 1, 1, 1, 1, 1, 1, 1, 1, 1, 1, 1, 1, 1, 1, 1, 1, 1, 1, 1, 4 ),
 ( 0.5000000000000026645, 0.5015501368392869530, 0.5060717905790355076, 0.5131993333064368557, 0.5223554505839773654, 0.5327984187631297219, 0.5436822438562671778, 0.5541252120615434151, 0.5632813295219978311, 0.5704088720000127788, 0.5749305257065365771, 0.5764806626827352343, 0.5783098724986998063, 0.5836419643874959373, 0.5920465591397889860, 0.6028430373207371851, 0.6151568493611604405, 0.6279904800311193469, 0.6403042919271891842, 0.6511007699844796326, 0.6595053650660872568, 0.6648374566927250928, 0.6666666665651383994, 0.6682168034675735058, 0.6727384570784437079, 0.6798659999250316055, 0.6890221172240501568, 0.6994650853702846227, 0.7103489104811969712, 0.7207918786954926604, 0.7299479960603517670, 0.7370755387243900225, 0.7415971925504399875, 0.7431473293182571105, 0.7449765393134504254, 0.7503086310241853241, 0.7587132258091828785, 0.7695097040632687957, 0.7818235159497676223, 0.7946571465833858205, 0.8069709587144886509, 0.8177674367777313380, 0.8261720316518783580, 0.8315041233572615376, 0.8333333332205343780, 0.8348834701217320298, 0.8394051238394404368, 0.8465326665844596921, 0.8556887839547361319, 0.8661317520994336050, 0.8770155771509106080, 0.8874585455141890122, 0.8966146627308366757, 0.9037422055325975423, 0.9082638591539684558, 0.9098139960758118150, 0.9116432060273034210, 0.9169752975787393012, 0.9253798926897010002, 0.9361763707277580560, 0.9484901827299387911, 0.9613238133271913011, 0.9736376252512040086, 0.9844341034546065794, 0.9928386983189818604, 0.9981707901223489943, 0.9999999999999998890 ),
 .UNSPECIFIED. ) ;
#2910 = CARTESIAN_POINT ( 'NONE',  ( 4.388978061817071286, -4.477018925598970966, 10.55000000000000426 ) ) ;
#2911 = DIRECTION ( 'NONE',  ( -1.000000000000000000, 0.000000000000000000, 0.000000000000000000 ) ) ;
#2912 = CARTESIAN_POINT ( 'NONE',  ( -4.620652537945812988, 2.945784098474836465, 10.54999999999999716 ) ) ;
#2913 = CARTESIAN_POINT ( 'NONE',  ( -6.193482167177077002, 0.6232326543441494282, -1.666666666666666297 ) ) ;
#2914 = CARTESIAN_POINT ( 'NONE',  ( 6.067031601119569295, 1.591737575761066337, 10.55000000000000249 ) ) ;
#2915 = CARTESIAN_POINT ( 'NONE',  ( 4.603342582428153307, -2.258170310738746966, 5.000000000000000000 ) ) ;
#2916 = CARTESIAN_POINT ( 'NONE',  ( 6.518773151765568485, 0.9219336593036328020, -3.333333333333333037 ) ) ;
#2917 = CARTESIAN_POINT ( 'NONE',  ( 4.604141208964568577, -0.2946994409593295394, 10.55000000000000604 ) ) ;
#2918 = CARTESIAN_POINT ( 'NONE',  ( -5.549568240857707835, 0.9540490732834048249, 1.666666666666666075 ) ) ;
#2919 = DIRECTION ( 'NONE',  ( -0.000000000000000000, -0.000000000000000000, 1.000000000000000000 ) ) ;
#2920 = CARTESIAN_POINT ( 'NONE',  ( -4.156358563041987253, 2.180812078679538413, -1.666666666666666297 ) ) ;
#2921 = CARTESIAN_POINT ( 'NONE',  ( -4.858606720897717501, 2.688006860140019771, 10.20000054708695103 ) ) ;
#2922 = CARTESIAN_POINT ( 'NONE',  ( -1.662876243223311290, -6.046577951234292314, 10.54999999999999893 ) ) ;
#2923 = CARTESIAN_POINT ( 'NONE',  ( 5.144198239737250766, 0.2353773995824608445, 10.55000000000000426 ) ) ;
#2924 = CARTESIAN_POINT ( 'NONE',  ( -2.997400859223740444, 4.979915817394201305, 5.000000000000023093 ) ) ;
#2925 = CARTESIAN_POINT ( 'NONE',  ( 4.405898389480098487, -2.641345168438387514, 10.54999999999999893 ) ) ;
#2926 = CARTESIAN_POINT ( 'NONE',  ( 3.213266569546250118, -5.088083704188173684, -5.000000000000000000 ) ) ;
#2927 = CARTESIAN_POINT ( 'NONE',  ( -6.433344965106440050, -0.9757289509385247417, -4.999999999998339995 ) ) ;
#2928 = CARTESIAN_POINT ( 'NONE',  ( 2.460968612481760687, 6.106389989388079975, 3.333333333333333037 ) ) ;
#2929 = CARTESIAN_POINT ( 'NONE',  ( -0.2706457038463598308, -5.638170209928084375, 10.54999999999999893 ) ) ;
#2930 = CARTESIAN_POINT ( 'NONE',  ( -4.516332414954611352, 1.859659088761147050, 5.000000000000000000 ) ) ;
#2931 = CARTESIAN_POINT ( 'NONE',  ( -4.070471035127231296, -2.920800785281516987, 10.20000054708695636 ) ) ;
#2932 = CARTESIAN_POINT ( 'NONE',  ( -2.907966664692357206, 4.882705828916444446, -5.999999999996917133 ) ) ;
#2933 = CARTESIAN_POINT ( 'NONE',  ( 2.019198866007303472, -5.398229052130367300, -1.666666666666666297 ) ) ;
#2934 = CARTESIAN_POINT ( 'NONE',  ( -4.816188990839453510, -2.880814536242064072, 10.20000054708695281 ) ) ;
#2935 = CARTESIAN_POINT ( 'NONE',  ( -4.865139921359076247, -0.01172755423587309477, 10.54999999999999716 ) ) ;
#2936 = CARTESIAN_POINT ( 'NONE',  ( 5.182233847720347342, -3.147127924338785299, 10.20000054708695458 ) ) ;
#2937 = CARTESIAN_POINT ( 'NONE',  ( 2.997400859223743996, -4.979915817394206634, 10.20000054708695458 ) ) ;
#2938 = CARTESIAN_POINT ( 'NONE',  ( 3.815710851444237939, 3.424973976468145498, 0.000000000000000000 ) ) ;
#2939 = CARTESIAN_POINT ( 'NONE',  ( -1.881150313066724644, 4.125893279693265470, 10.54999999999999716 ) ) ;
#2940 = CARTESIAN_POINT ( 'NONE',  ( -4.589758597355451997, 4.764945408939736282, 10.20000054708695103 ) ) ;
#2941 = CARTESIAN_POINT ( 'NONE',  ( 5.123227066717328526, -0.2064956504716665142, 5.000000000000000000 ) ) ;
#2942 = CARTESIAN_POINT ( 'NONE',  ( 4.672569794437419155, -4.694167100602101073, 10.20000054708695281 ) ) ;
#2943 = CARTESIAN_POINT ( 'NONE',  ( -0.4467668723373141026, 5.030756904940528962, 10.20000054708695458 ) ) ;
#2944 = CARTESIAN_POINT ( 'NONE',  ( -4.856940138843541810, 0.5154830861509837048, 5.000000000000000000 ) ) ;
#2945 = CARTESIAN_POINT ( 'NONE',  ( -2.410456998449656663, -5.983748269040098045, 10.20000054708695103 ) ) ;
#2946 = CARTESIAN_POINT ( 'NONE',  ( -2.416917448830853576, -4.241752522601288433, 10.55000000000000426 ) ) ;
#2947 = ORIENTED_EDGE ( 'NONE', *, *, #1336, .F. ) ;
#2948 = CARTESIAN_POINT ( 'NONE',  ( 3.661397286982096322, 3.110142997116859487, 10.20000054708695458 ) ) ;
#2949 = CARTESIAN_POINT ( 'NONE',  ( -3.868678216692781113, -2.981429057092635393, 5.000000000000000000 ) ) ;
#2950 = CIRCLE ( 'NONE', #615, 12.15000000000008384 ) ;
#2951 = CARTESIAN_POINT ( 'NONE',  ( -2.725082836991192803, -4.524771939621789585, 10.20000054708695458 ) ) ;
#2952 = CARTESIAN_POINT ( 'NONE',  ( 6.371155844150056424, 0.8479762205529565167, 10.20000054708695814 ) ) ;
#2953 = CARTESIAN_POINT ( 'NONE',  ( -3.011157283072181112, 4.487842304399153548, 10.54999999999999893 ) ) ;
#2954 = CARTESIAN_POINT ( 'NONE',  ( -5.674121859970783888, -0.07469261656204416455, 10.20000054708695636 ) ) ;
#2955 = CARTESIAN_POINT ( 'NONE',  ( 3.861087531892206659, -4.747820478370639030, 10.54999999999999716 ) ) ;
#2956 = CARTESIAN_POINT ( 'NONE',  ( 5.577000068505304498, -0.9543430512735825433, -1.666666666666666075 ) ) ;
#2957 = CARTESIAN_POINT ( 'NONE',  ( -2.904792276876171808, -3.926501083766585243, 10.20000054708695281 ) ) ;
#2958 = CARTESIAN_POINT ( 'NONE',  ( -4.565384396853870541, 2.884364651843716931, 10.54999999999999893 ) ) ;
#2959 = CARTESIAN_POINT ( 'NONE',  ( -4.156358563041987253, 2.180812078679538413, -1.666666666666666297 ) ) ;
#2960 = CARTESIAN_POINT ( 'NONE',  ( 4.617964342173579873, 2.495726112147648390, 10.54999999999999716 ) ) ;
#2961 = CARTESIAN_POINT ( 'NONE',  ( -4.142919934894312206, -4.364618222124522440, 0.000000000000000000 ) ) ;
#2962 = CARTESIAN_POINT ( 'NONE',  ( 4.742177691313816723, -2.541133983792140505, 5.000000000000000000 ) ) ;
#2963 = EDGE_CURVE ( 'NONE', #6941, #6054, #228, .T. ) ;
#2964 = DIRECTION ( 'NONE',  ( -0.7071067811867433051, 0.000000000000000000, -0.7071067811863517294 ) ) ;
#2965 = CARTESIAN_POINT ( 'NONE',  ( 5.999971620809733786, 1.824398830142236028, 10.55000000000000249 ) ) ;
#2966 = CARTESIAN_POINT ( 'NONE',  ( -5.435415167955230942, 0.9491906648941093039, -1.666666666666666297 ) ) ;
#2967 = CARTESIAN_POINT ( 'NONE',  ( -4.565386071513361621, 2.065600720727313711, 10.20000054708695636 ) ) ;
#2968 = CARTESIAN_POINT ( 'NONE',  ( -2.373273726154917274, -5.448879283463804235, 10.55000000000000249 ) ) ;
#2969 = CARTESIAN_POINT ( 'NONE',  ( 4.171258317481195022, -1.617754085242871342, 10.55000000000000071 ) ) ;
#2970 = CARTESIAN_POINT ( 'NONE',  ( -0.05254660229870321275, 5.812160726609316264, 5.000000000000023093 ) ) ;
#2971 = CARTESIAN_POINT ( 'NONE',  ( 4.294977049294900873, -0.9141573797231214993, 10.54999999999999893 ) ) ;
#2972 = CARTESIAN_POINT ( 'NONE',  ( 2.508299862615523512, -5.189072434762286967, -3.333333333333333037 ) ) ;
#2973 = CARTESIAN_POINT ( 'NONE',  ( -5.059752145698750425, 2.860573665242689856, -5.999999999997092104 ) ) ;
#2974 = CARTESIAN_POINT ( 'NONE',  ( 0.2463348856000775466, 4.836868028925130680, 1.666666666666666297 ) ) ;
#2975 = CARTESIAN_POINT ( 'NONE',  ( -2.225142652667556398, -5.669585938692234706, 10.55000000000000071 ) ) ;
#2976 = CARTESIAN_POINT ( 'NONE',  ( -3.665404046457295451, -4.447792047954561845, 1.666666666666666297 ) ) ;
#2977 = CARTESIAN_POINT ( 'NONE',  ( -3.560759241126684405, -3.175770653692912671, 10.20000054708695814 ) ) ;
#2978 = CARTESIAN_POINT ( 'NONE',  ( 0.07477099020644473182, 6.017315606013524665, -5.999999999997397637 ) ) ;
#2979 = CARTESIAN_POINT ( 'NONE',  ( 3.069363961253912088, -5.415408124717998817, -3.333333333333333037 ) ) ;
#2980 = CARTESIAN_POINT ( 'NONE',  ( -4.235525428596750075, 2.193120891987231147, 10.55000000000000426 ) ) ;
#2981 = CARTESIAN_POINT ( 'NONE',  ( 0.6201572752615912565, -4.461662229137370872, 10.55000000000000249 ) ) ;
#2982 = CARTESIAN_POINT ( 'NONE',  ( 2.730634845803009636, -4.317630255609864243, 10.55000000000000249 ) ) ;
#2983 = CARTESIAN_POINT ( 'NONE',  ( 0.3460384234886361710, -5.115696762701375633, 10.20000054708695458 ) ) ;
#2984 = CARTESIAN_POINT ( 'NONE',  ( -2.357785290369001086, 4.185029848568235344, 10.54999999999999893 ) ) ;
#2985 = CARTESIAN_POINT ( 'NONE',  ( 0.2420490677627294418, 4.727368662354398232, 0.000000000000000000 ) ) ;
#2986 = CARTESIAN_POINT ( 'NONE',  ( -2.833223928029108940, 4.796093999029034549, 10.20000054708695458 ) ) ;
#2987 = CARTESIAN_POINT ( 'NONE',  ( 6.461538437134771051, 1.526872548237521388, -5.000000000000000000 ) ) ;
#2988 = FACE_OUTER_BOUND ( 'NONE', #7528, .T. ) ;
#2989 = CARTESIAN_POINT ( 'NONE',  ( -0.1015067990420275429, 5.551444320599778770, 10.20000054708695458 ) ) ;
#2990 = CARTESIAN_POINT ( 'NONE',  ( 4.837960297719448910, -3.805889173890998123, 10.54999999999999893 ) ) ;
#2991 = CARTESIAN_POINT ( 'NONE',  ( -5.173762681679801467, 3.073411379804812604, 5.000000000000000000 ) ) ;
#2992 = CARTESIAN_POINT ( 'NONE',  ( -2.437511075701102481, -5.956204204735636942, 10.20000054708695458 ) ) ;
#2993 = CARTESIAN_POINT ( 'NONE',  ( -0.6796366030865623742, -6.018828657891878819, 10.55000000000000249 ) ) ;
#2994 = CARTESIAN_POINT ( 'NONE',  ( -1.721093435483763256, 4.128774232209273087, 10.55000000000000249 ) ) ;
#2995 = CARTESIAN_POINT ( 'NONE',  ( 3.872358905603288548, 3.735029819091828518, 0.000000000000000000 ) ) ;
#2996 = CARTESIAN_POINT ( 'NONE',  ( -2.998902064511014931, -3.760706810335829431, 10.20000054708695636 ) ) ;
#2997 = CARTESIAN_POINT ( 'NONE',  ( 2.999916087987851476, 3.759261542442891457, 10.20000054708695281 ) ) ;
#2998 = CARTESIAN_POINT ( 'NONE',  ( -5.084612861887573665, -2.429562399373935921, 3.333333333333333037 ) ) ;
#2999 = CARTESIAN_POINT ( 'NONE',  ( -0.5718810293251508359, -6.353633239494892671, 10.20000054708695458 ) ) ;
#3000 = CARTESIAN_POINT ( 'NONE',  ( 5.730180067972004743, 2.723652612016071561, 10.20000054708695458 ) ) ;
#3001 = CARTESIAN_POINT ( 'NONE',  ( -2.199740440640915118, 4.154015569288745269, 10.54999999999999893 ) ) ;
#3002 = CARTESIAN_POINT ( 'NONE',  ( -6.438714036812674735, -1.226188016126458447, 10.20000054708695458 ) ) ;
#3003 = CARTESIAN_POINT ( 'NONE',  ( 4.424320916155564554, -0.5975769062451934399, 10.55000000000000071 ) ) ;
#3004 = CARTESIAN_POINT ( 'NONE',  ( 1.052720001348083079, -4.615017103915213248, 10.20000054708695458 ) ) ;
#3005 = CARTESIAN_POINT ( 'NONE',  ( -5.628565718739465318, -0.4236444761210420573, 10.55000000000000249 ) ) ;
#3006 = CARTESIAN_POINT ( 'NONE',  ( -4.523082045645343996, 1.395826287384881015, -5.000000000000000000 ) ) ;
#3007 = CARTESIAN_POINT ( 'NONE',  ( 1.058259038248090977, -5.016989528068908299, 0.000000000000000000 ) ) ;
#3008 = CARTESIAN_POINT ( 'NONE',  ( 5.851330226675905521, 1.405564791000388114, 0.000000000000000000 ) ) ;
#3009 = CARTESIAN_POINT ( 'NONE',  ( 4.065683152054126559, -2.631766283387499517, 1.666666666666666297 ) ) ;
#3010 = CARTESIAN_POINT ( 'NONE',  ( 4.774313603839129172, 2.510558541209956473, 10.54999999999999893 ) ) ;
#3011 = CARTESIAN_POINT ( 'NONE',  ( -5.811434037490125881, -0.1058673776733867616, -5.000000000000000000 ) ) ;
#3012 = CARTESIAN_POINT ( 'NONE',  ( -0.3856820378463616805, -5.817512475815964201, 10.55000000000000249 ) ) ;
#3013 = CARTESIAN_POINT ( 'NONE',  ( 2.740444013175200588, 4.333596967199334848, 5.000000000000023093 ) ) ;
#3014 = CARTESIAN_POINT ( 'NONE',  ( 3.872358905603288548, 3.735029819091828518, 0.000000000000000000 ) ) ;
#3015 = CARTESIAN_POINT ( 'NONE',  ( 4.503549084469935515, -2.802094172324045118, 10.55000000000000071 ) ) ;
#3016 = CARTESIAN_POINT ( 'NONE',  ( 2.997400859223743996, -4.979915817394206634, -5.000000000000000000 ) ) ;
#3017 = CARTESIAN_POINT ( 'NONE',  ( -5.811434037490420756, -0.1058673776729208010, -5.999999999998170352 ) ) ;
#3018 = CARTESIAN_POINT ( 'NONE',  ( -1.058259038248090533, 5.016989528068904747, 0.000000000000000000 ) ) ;
#3019 = CARTESIAN_POINT ( 'NONE',  ( -0.2798539176371305781, -5.672790102491875430, 10.55000000000000071 ) ) ;
#3020 = CARTESIAN_POINT ( 'NONE',  ( -2.740444013175199700, -4.333596967199338401, 5.000000000000000000 ) ) ;
#3021 = CARTESIAN_POINT ( 'NONE',  ( 3.581722154483869325, -5.155487022040585288, 5.000000000000000000 ) ) ;
#3022 = CARTESIAN_POINT ( 'NONE',  ( 2.365357561638860684, -4.984955822707352269, -3.333333333333333037 ) ) ;
#3023 = CARTESIAN_POINT ( 'NONE',  ( -4.682046058833727820, 3.001901633228077682, 10.55000000000000249 ) ) ;
#3024 = EDGE_CURVE ( 'NONE', #6528, #7849, #703, .T. ) ;
#3025 = CARTESIAN_POINT ( 'NONE',  ( 0.05254660229870469768, -5.812160726609311823, 10.20000054708695458 ) ) ;
#3026 = CARTESIAN_POINT ( 'NONE',  ( 1.426011146523626039, 5.378650072249709702, 0.000000000000000000 ) ) ;
#3027 = CARTESIAN_POINT ( 'NONE',  ( -4.794539487092855268, 3.930033457921099593, 10.55000000000000249 ) ) ;
#3028 = CARTESIAN_POINT ( 'NONE',  ( -1.122902491428185989, 4.711163676717597504, 1.666666666666666297 ) ) ;
#3029 = CARTESIAN_POINT ( 'NONE',  ( -5.218007074061410400, 3.324017273579642051, 10.20000054708695281 ) ) ;
#3030 = CARTESIAN_POINT ( 'NONE',  ( 4.742177691313816723, -2.541133983792140505, 5.000000000000000000 ) ) ;
#3031 = CARTESIAN_POINT ( 'NONE',  ( 4.684517896816618787, -0.8708878049728449033, 10.20000054708695636 ) ) ;
#3032 = CARTESIAN_POINT ( 'NONE',  ( -0.3138574310938199163, 5.176722414635552383, 10.20000054708695814 ) ) ;
#3033 = CARTESIAN_POINT ( 'NONE',  ( -2.146255510904966801, -6.196574171503473671, 10.20000054708695458 ) ) ;
#3034 = CARTESIAN_POINT ( 'NONE',  ( -1.508551749823290100, 4.149886449551080325, 10.54999999999999893 ) ) ;
#3035 = B_SPLINE_CURVE_WITH_KNOTS ( 'NONE', 3,
 ( #4019, #2833, #7819, #5299, #7777, #936, #5871, #2252, #1663, #1140, #567, #1281, #3704, #7390, #610, #1240, #3149, #6246, #6765, #1837, #6156, #2430, #1758, #6120, #4306, #5646, #1916, #7949, #4265, #655, #3751, #4986, #6848, #3794, #3103, #6685, #7433, #5600, #3062, #4344, #90, #2562, #5030, #7989, #4227, #2474, #1876, #6201, #3021, #47, #699, #2387, #1324, #4943, #2520, #4385, #6725, #3194, #3665, #3623, #6805, #1154, #6079, #530, #7909, #4864, #7314, #1799, #1198 ),
 .UNSPECIFIED., .F., .F.,
 ( 4, 1, 1, 1, 1, 1, 1, 1, 1, 1, 1, 1, 1, 1, 1, 1, 1, 1, 1, 1, 1, 1, 1, 1, 1, 1, 1, 1, 1, 1, 1, 1, 1, 1, 1, 1, 1, 1, 1, 1, 1, 1, 1, 1, 1, 1, 1, 1, 1, 1, 1, 1, 1, 1, 1, 1, 1, 1, 1, 1, 1, 1, 1, 1, 1, 1, 4 ),
 ( 0.5000000000163563607, 0.5018292098776508947, 0.5071613016810181396, 0.5155658965453934206, 0.5263623747487958804, 0.5386761866728086989, 0.5515098172700613199, 0.5638236292722421661, 0.5746201073102992218, 0.5830247024212611429, 0.5883567939726969120, 0.5901860039241885181, 0.5917361408460318772, 0.5962577944674029018, 0.6033853372691636574, 0.6125414544858115429, 0.6229844228490900582, 0.6338682479005670611, 0.6443112160452645343, 0.6534673334155410851, 0.6605948761605603403, 0.6651165298782686364, 0.6666666667794663992, 0.6684958766427392396, 0.6738279683481224192, 0.6822325632222695502, 0.6930290412855123483, 0.7053428534166151787, 0.7181764840502335989, 0.7304902959367324256, 0.7412867741908182317, 0.7496913689758158972, 0.7550234606865507958, 0.7568526706817441108, 0.7584028074495613447, 0.7629244612756113098, 0.7700520039396495653, 0.7792081213045086718, 0.7896510895188043611, 0.8005349146297168206, 0.8109778827759512865, 0.8201340000749699488, 0.8272615429215578464, 0.8317831965324281596, 0.8333333334348632659, 0.8351625433072764615, 0.8404946349339145195, 0.8488992300155221438, 0.8596957080728128142, 0.8720095199688826515, 0.8848431506388416690, 0.8971569626792648133, 0.9079534408602131235, 0.9163580356125063942, 0.9216901275013025252, 0.9235193373172669862, 0.9250694742934655324, 0.9295911279999893306, 0.9367186704780043893, 0.9458747879384589163, 0.9563177561437352647, 0.9672015812368727206, 0.9776445494160251881, 0.9868006666935659199, 0.9939282094209671570, 0.9984498631607157115, 0.9999999999999998890 ),
 .UNSPECIFIED. ) ;
#3036 = CARTESIAN_POINT ( 'NONE',  ( 2.997400859223414482, -4.979915817393764321, -6.000000000003229417 ) ) ;
#3037 = ORIENTED_EDGE ( 'NONE', *, *, #1681, .F. ) ;
#3038 = CARTESIAN_POINT ( 'NONE',  ( 2.780711670685506842, 4.235527200499029199, 10.20000054708695636 ) ) ;
#3039 = CARTESIAN_POINT ( 'NONE',  ( -3.966817943941785884, -2.509106068899840114, 1.666666666666666297 ) ) ;
#3040 = CARTESIAN_POINT ( 'NONE',  ( -1.234136903102984517, -6.475904056943280196, 10.20000054708695281 ) ) ;
#3041 = CARTESIAN_POINT ( 'NONE',  ( 5.944278304438170402, 2.544752241187958397, 10.20000054708695636 ) ) ;
#3042 = CARTESIAN_POINT ( 'NONE',  ( -1.193404242548864680, 4.216025450119879281, 10.54999999999999893 ) ) ;
#3043 = CARTESIAN_POINT ( 'NONE',  ( -6.277932751345357332, -0.6145093588330885481, 10.20000054708695636 ) ) ;
#3044 = CARTESIAN_POINT ( 'NONE',  ( 4.904654376167568053, 0.04854938068682625174, 10.55000000000000426 ) ) ;
#3045 = CARTESIAN_POINT ( 'NONE',  ( -2.814033178045508787, -5.085783199819224443, 5.000000000000024869 ) ) ;
#3046 = CARTESIAN_POINT ( 'NONE',  ( -5.388487561595093567, -0.3623508230118062112, 10.54999999999999893 ) ) ;
#3047 = CARTESIAN_POINT ( 'NONE',  ( 4.742177691313486321, -2.541133983791697304, -6.000000000002712497 ) ) ;
#3048 = CARTESIAN_POINT ( 'NONE',  ( 3.840358520603885051, -3.017819880700677082, 0.000000000000000000 ) ) ;
#3049 = CARTESIAN_POINT ( 'NONE',  ( 4.499676651628623958, -1.335727496253135138, 3.333333333333333037 ) ) ;
#3050 = CARTESIAN_POINT ( 'NONE',  ( -5.485244519539224761, 1.469766839973421835, 0.000000000000000000 ) ) ;
#3051 = CARTESIAN_POINT ( 'NONE',  ( 5.696606586374981518, 2.297332740350034541, 10.55000000000000249 ) ) ;
#3052 = CARTESIAN_POINT ( 'NONE',  ( -4.162298500840132753, 3.337064540658602141, -1.666666666666666297 ) ) ;
#3053 = CARTESIAN_POINT ( 'NONE',  ( -0.4071160013560042867, -5.838720323443242322, 10.54999999999999893 ) ) ;
#3054 = CARTESIAN_POINT ( 'NONE',  ( 4.777090709929514567, -3.083371406656692404, 10.54999999999999893 ) ) ;
#3055 = CARTESIAN_POINT ( 'NONE',  ( -2.669425199347730260, 4.671164775103695099, 5.000000000000023093 ) ) ;
#3056 = CARTESIAN_POINT ( 'NONE',  ( 3.097876131912061570, 4.343258223111882366, -3.333333333333333037 ) ) ;
#3057 = CARTESIAN_POINT ( 'NONE',  ( 3.037940078102557173, -5.692243493106275309, -1.666666666666666297 ) ) ;
#3058 = CARTESIAN_POINT ( 'NONE',  ( -4.742177691314148014, 2.541133983792585482, -5.999999999997338129 ) ) ;
#3059 = CARTESIAN_POINT ( 'NONE',  ( 1.298451264820542406, 5.221076087381561592, 0.000000000000000000 ) ) ;
#3060 = CARTESIAN_POINT ( 'NONE',  ( 3.307417879590017762, -4.734616595702251018, 10.54999999999999893 ) ) ;
#3061 = CARTESIAN_POINT ( 'NONE',  ( -2.774563950083861030, -4.959725921755433475, 5.000000000000000000 ) ) ;
#3062 = CARTESIAN_POINT ( 'NONE',  ( 0.6476541954606986895, -4.841088142863434918, 5.000000000000000000 ) ) ;
#3063 = CARTESIAN_POINT ( 'NONE',  ( 6.461538437134441537, 1.526872548237964144, -6.000000000001490363 ) ) ;
#3064 = CARTESIAN_POINT ( 'NONE',  ( 1.895684354081244027, -5.181802947478531429, -1.666666666666666297 ) ) ;
#3065 = CARTESIAN_POINT ( 'NONE',  ( -6.069126956828529984, -1.083824317177566554, 10.54999999999999893 ) ) ;
#3066 = CARTESIAN_POINT ( 'NONE',  ( -4.571775429902248611, -2.836279366628068566, -5.999999999999775291 ) ) ;
#3067 = CARTESIAN_POINT ( 'NONE',  ( 3.611161301946252511, -4.781616701795659452, 10.55000000000000426 ) ) ;
#3068 = CARTESIAN_POINT ( 'NONE',  ( -4.257304147301129937, -2.857526457809150600, 10.20000054708695458 ) ) ;
#3069 = CARTESIAN_POINT ( 'NONE',  ( -1.058259038248090533, 5.016989528068904747, 0.000000000000000000 ) ) ;
#3070 = CARTESIAN_POINT ( 'NONE',  ( -4.308998983535348160, 2.431290075811864959, 10.55000000000000071 ) ) ;
#3071 = CARTESIAN_POINT ( 'NONE',  ( -0.09050372642129615730, 5.563739157988876194, 5.000000000000000000 ) ) ;
#3072 = CARTESIAN_POINT ( 'NONE',  ( -4.560695620612659873, 2.043044891125109341, 10.20000054708695458 ) ) ;
#3073 = CARTESIAN_POINT ( 'NONE',  ( 4.215045891529113575, -2.154063696584811893, 0.000000000000000000 ) ) ;
#3074 = CARTESIAN_POINT ( 'NONE',  ( 5.234414410872338941, -0.1316202026600187536, 10.20000054708695991 ) ) ;
#3075 = CARTESIAN_POINT ( 'NONE',  ( 0.3783810577053675628, 6.255144710689108045, 10.20000054708695636 ) ) ;
#3076 = CARTESIAN_POINT ( 'NONE',  ( -4.641992031678378261, 0.9265593960873019785, 5.000000000000000000 ) ) ;
#3077 = CARTESIAN_POINT ( 'NONE',  ( -0.7515984086327165414, -6.415781642724105893, 10.20000054708695458 ) ) ;
#3078 = CARTESIAN_POINT ( 'NONE',  ( -2.735250252450944330, 4.319926965869110624, 10.54999999999999716 ) ) ;
#3079 = ORIENTED_EDGE ( 'NONE', *, *, #4199, .T. ) ;
#3080 = CARTESIAN_POINT ( 'NONE',  ( -2.873443208689002049, -3.991147817570155354, 10.20000054708695636 ) ) ;
#3081 = CARTESIAN_POINT ( 'NONE',  ( 1.506379751635592568, 6.448720677297458792, 10.20000054708695636 ) ) ;
#3082 = CARTESIAN_POINT ( 'NONE',  ( -4.773087588978501827, -2.860248105178433864, 5.000000000000000000 ) ) ;
#3083 = CARTESIAN_POINT ( 'NONE',  ( 0.2710298129999478833, -5.233908580729058180, 10.20000054708695636 ) ) ;
#3084 = CARTESIAN_POINT ( 'NONE',  ( 6.432576124331647272, 1.152024086159011862, 10.20000054708695458 ) ) ;
#3085 = CARTESIAN_POINT ( 'NONE',  ( -0.8918776304019848666, 4.322903020054893908, 10.54999999999999893 ) ) ;
#3086 = CARTESIAN_POINT ( 'NONE',  ( 5.515664791947882506, 0.4034267264630674310, 10.54999999999999893 ) ) ;
#3087 = CARTESIAN_POINT ( 'NONE',  ( -3.138509434429610501, -3.567367258759479576, 10.20000054708695281 ) ) ;
#3088 = CARTESIAN_POINT ( 'NONE',  ( -5.413964938267421090, -0.3722798933853386782, 10.55000000000000249 ) ) ;
#3089 = CARTESIAN_POINT ( 'NONE',  ( 2.494967868610025175, 3.987680734885926004, 10.54999999999999893 ) ) ;
#3090 = CARTESIAN_POINT ( 'NONE',  ( 4.162298500840131865, -3.337064540658603029, 1.666666666666666297 ) ) ;
#3091 = CARTESIAN_POINT ( 'NONE',  ( 3.755938535865865457, 2.666570646820819679, 10.54999999999999716 ) ) ;
#3092 = CARTESIAN_POINT ( 'NONE',  ( -2.907966664692027692, 4.882705828916002133, -5.000000000000000000 ) ) ;
#3093 = CARTESIAN_POINT ( 'NONE',  ( -4.650123959632818327, 0.9584775331715915669, 10.20000054708695458 ) ) ;
#3094 = CARTESIAN_POINT ( 'NONE',  ( -0.2285398388612623899, -5.433537260973125171, 10.54999999999999716 ) ) ;
#3095 = CARTESIAN_POINT ( 'NONE',  ( 5.291173873099659808, 2.556954864106105507, 10.55000000000000071 ) ) ;
#3096 = CARTESIAN_POINT ( 'NONE',  ( -1.974854552038745364E-12, 12.50000000000273381, -10.99999999999449152 ) ) ;
#3097 = CARTESIAN_POINT ( 'NONE',  ( -0.6193174284949902741, -5.934938074355414095, -3.333333333333333037 ) ) ;
#3098 = VECTOR ( 'NONE', #5570, 1000.000000000000114 ) ;
#3099 = CARTESIAN_POINT ( 'NONE',  ( 4.611422772344763388, -1.074545170334623156, 10.20000054708695458 ) ) ;
#3100 = CARTESIAN_POINT ( 'NONE',  ( 6.255643805309957450, 0.5241188672394764270, -6.000000000001853628 ) ) ;
#3101 = CARTESIAN_POINT ( 'NONE',  ( -4.061678536503901427, 5.083575693552930375, 5.000000000000000000 ) ) ;
#3102 = CARTESIAN_POINT ( 'NONE',  ( -3.247490944899272591, -5.006080960982941974, 3.333333333333333037 ) ) ;
#3103 = CARTESIAN_POINT ( 'NONE',  ( 0.07787028463680549517, -5.682519034184775997, 5.000000000000000000 ) ) ;
#3104 = CARTESIAN_POINT ( 'NONE',  ( 6.433344965106440938, 0.9757289509385252968, -5.000000000001714184 ) ) ;
#3105 = CARTESIAN_POINT ( 'NONE',  ( -2.494907568016747401, -6.092602184811370059, -1.666666666666666297 ) ) ;
#3106 = CARTESIAN_POINT ( 'NONE',  ( -6.064227568750956365, -1.601991783119141699, 10.55000000000000071 ) ) ;
#3107 = CARTESIAN_POINT ( 'NONE',  ( -5.007205532966589878, -2.951587071970994014, -5.999999999999682920 ) ) ;
#3108 = CARTESIAN_POINT ( 'NONE',  ( 2.560851628794803769, -4.246385565254052530, 10.55000000000000426 ) ) ;
#3109 = CARTESIAN_POINT ( 'NONE',  ( 6.013043029953457186, 0.2387286294167564882, 5.000000000000000000 ) ) ;
#3110 = CARTESIAN_POINT ( 'NONE',  ( -4.289505974248925213, 2.378044430261894604, 10.54999999999999893 ) ) ;
#3111 = CARTESIAN_POINT ( 'NONE',  ( -1.426011146523625817, 5.378650072249708813, 0.000000000000000000 ) ) ;
#3112 = CARTESIAN_POINT ( 'NONE',  ( -4.593248042569440415, 2.176834297952400465, 10.20000054708695814 ) ) ;
#3113 = CARTESIAN_POINT ( 'NONE',  ( 5.310310022141520037, -0.5112103155022512668, 3.333333333333333037 ) ) ;
#3114 = CARTESIAN_POINT ( 'NONE',  ( 5.538325673181701880, 0.04490776093355070692, 10.20000054708695281 ) ) ;
#3115 = CARTESIAN_POINT ( 'NONE',  ( -0.4957533164124754421, 4.984815059732326858, 10.20000054708695458 ) ) ;
#3116 = CARTESIAN_POINT ( 'NONE',  ( -1.976385360537679566E-12, -12.14999999999742819, -11.00000000000540545 ) ) ;
#3117 = EDGE_CURVE ( 'NONE', #6344, #365, #7579, .T. ) ;
#3118 = CARTESIAN_POINT ( 'NONE',  ( 0.09032751358868283675, -5.593851239493165650, 10.20000054708695103 ) ) ;
#3119 = CARTESIAN_POINT ( 'NONE',  ( -2.830995504686461217, 4.369857051979106899, 10.55000000000000249 ) ) ;
#3120 = CARTESIAN_POINT ( 'NONE',  ( 4.773087588978501827, 2.860248105178433420, -5.000000000000000000 ) ) ;
#3121 = CARTESIAN_POINT ( 'NONE',  ( 2.710634745066447859, 4.647372425121908179, 5.000000000000000000 ) ) ;
#3122 = CARTESIAN_POINT ( 'NONE',  ( 2.302670793301509811, 5.578715140053277288, 10.55000000000000071 ) ) ;
#3123 = CARTESIAN_POINT ( 'NONE',  ( -3.079838111144835189, -3.642893066558263282, 10.20000054708695636 ) ) ;
#3124 = CARTESIAN_POINT ( 'NONE',  ( 0.3783810577053675628, 6.255144710689108045, 10.20000054708695636 ) ) ;
#3125 = UNCERTAINTY_MEASURE_WITH_UNIT (LENGTH_MEASURE( 1.000000000000000082E-05 ), #1707, 'distance_accuracy_value', 'NONE');
#3126 = CARTESIAN_POINT ( 'NONE',  ( -4.668414645444201483, -2.013852510967591325, 1.666666666666666297 ) ) ;
#3127 = CARTESIAN_POINT ( 'NONE',  ( -0.04768193520264778912, -5.960570020777550937, 10.20000054708695458 ) ) ;
#3128 = CARTESIAN_POINT ( 'NONE',  ( 5.700477765519594620, 2.743589830283529984, 10.20000054708695458 ) ) ;
#3129 = CARTESIAN_POINT ( 'NONE',  ( -0.2218188410064032001, 4.761452644090972797, 10.55000000000000249 ) ) ;
#3130 = CARTESIAN_POINT ( 'NONE',  ( -6.390523595107901578, -0.9169589014101103830, 10.20000054708695103 ) ) ;
#3131 = CARTESIAN_POINT ( 'NONE',  ( 4.231292998278059159, -2.175592785169435217, 10.55000000000000249 ) ) ;
#3132 = CARTESIAN_POINT ( 'NONE',  ( -0.3534438101688317513, -6.267603813795266987, 10.20000054708695458 ) ) ;
#3133 = CARTESIAN_POINT ( 'NONE',  ( -6.078117411388290314, -1.520898288743380622, 10.54999999999999716 ) ) ;
#3134 = CARTESIAN_POINT ( 'NONE',  ( 3.708550414856205624, 2.688044396232093014, 10.54999999999999893 ) ) ;
#3135 = CARTESIAN_POINT ( 'NONE',  ( 5.655121071681794120, 0.07334690585093316118, -6.000000000001855405 ) ) ;
#3136 = CARTESIAN_POINT ( 'NONE',  ( 5.933693364231223732, 1.972184837683077951, 10.55000000000000071 ) ) ;
#3137 = CARTESIAN_POINT ( 'NONE',  ( -2.382783059699694839, 4.540092616159148164, -5.000000000000000000 ) ) ;
#3138 = CARTESIAN_POINT ( 'NONE',  ( -4.549100603501567086, 1.345016659834945782, 10.20000054708695103 ) ) ;
#3139 = CARTESIAN_POINT ( 'NONE',  ( 0.1647950718992155783, -4.817738855098299133, 10.55000000000000071 ) ) ;
#3140 = CARTESIAN_POINT ( 'NONE',  ( 5.370040644362235938, 0.3555476594436257631, 10.55000000000000071 ) ) ;
#3141 = CARTESIAN_POINT ( 'NONE',  ( -5.678215680000328724, -0.07738645999955721944, -5.999999999998201439 ) ) ;
#3142 = CARTESIAN_POINT ( 'NONE',  ( 2.774563950083861918, 4.959725921755433475, -5.000000000000000000 ) ) ;
#3143 = CARTESIAN_POINT ( 'NONE',  ( -4.142919934894312206, -4.364618222124522440, 0.000000000000000000 ) ) ;
#3144 = CARTESIAN_POINT ( 'NONE',  ( 5.222817308195310204, -3.366069683822821457, 10.20000054708695458 ) ) ;
#3145 = CARTESIAN_POINT ( 'NONE',  ( 5.123227066717328526, -0.2064956504716665142, 10.20000054708695458 ) ) ;
#3146 = CARTESIAN_POINT ( 'NONE',  ( -4.960140980963031687, 2.773821869950010566, 5.000000000000000000 ) ) ;
#3147 = CARTESIAN_POINT ( 'NONE',  ( 3.213420904045103832, -4.691883790157219458, 10.54999999999999893 ) ) ;
#3148 = CARTESIAN_POINT ( 'NONE',  ( -3.406612266045531801, -3.228970541235649083, 3.333333333333333037 ) ) ;
#3149 = CARTESIAN_POINT ( 'NONE',  ( -3.868678216692781113, -2.981429057092635393, 5.000000000000000000 ) ) ;
#3150 = CARTESIAN_POINT ( 'NONE',  ( -2.044647574794004719, -5.935250330072831204, 0.000000000000000000 ) ) ;
#3151 = CARTESIAN_POINT ( 'NONE',  ( -6.092222960126187026, -1.357442074611411975, 10.55000000000000426 ) ) ;
#3152 = CARTESIAN_POINT ( 'NONE',  ( -4.523082045645343996, 1.395826287384881015, 10.20000054708695458 ) ) ;
#3153 = CARTESIAN_POINT ( 'NONE',  ( 0.000000000000000000, 0.000000000000000000, -5.000100000000000655 ) ) ;
#3154 = CARTESIAN_POINT ( 'NONE',  ( 3.330440484638511389, -4.742808302654584196, 10.55000000000000426 ) ) ;
#3155 = CARTESIAN_POINT ( 'NONE',  ( -2.814033178045838746, -5.085783199818782130, -6.000000000001361578 ) ) ;
#3156 = CARTESIAN_POINT ( 'NONE',  ( 5.905234494435089410, -0.8574669841946730431, 1.666666666666666297 ) ) ;
#3157 = CARTESIAN_POINT ( 'NONE',  ( 1.708410305071416779, 5.770183011040061594, 0.000000000000000000 ) ) ;
#3158 = CARTESIAN_POINT ( 'NONE',  ( -4.549100603501567086, 1.345016659834945782, 10.20000054708695103 ) ) ;
#3159 = CARTESIAN_POINT ( 'NONE',  ( -5.123227066717332967, 0.2064956504716642105, -5.000000000000000000 ) ) ;
#3160 = CARTESIAN_POINT ( 'NONE',  ( 5.645788871973525858, 0.07525327178187875277, 10.20000054708695814 ) ) ;
#3161 = CARTESIAN_POINT ( 'NONE',  ( -4.055415583294284865, 5.055883803216606687, 10.20000054708695458 ) ) ;
#3162 = FACE_OUTER_BOUND ( 'NONE', #757, .T. ) ;
#3163 = CARTESIAN_POINT ( 'NONE',  ( -2.526070848901889931, 5.996577392882946000, 0.000000000000000000 ) ) ;
#3164 = CARTESIAN_POINT ( 'NONE',  ( 0.08809048290811553883, -5.624016041657069032, 10.20000054708695458 ) ) ;
#3165 = CARTESIAN_POINT ( 'NONE',  ( 5.851330226675905521, 1.405564791000388114, 0.000000000000000000 ) ) ;
#3166 = ORIENTED_EDGE ( 'NONE', *, *, #4830, .F. ) ;
#3167 = CARTESIAN_POINT ( 'NONE',  ( -3.483407893084856433, -3.232331699440120332, 10.20000054708695458 ) ) ;
#3168 = CARTESIAN_POINT ( 'NONE',  ( 1.996648119449888625, 6.283176721398377573, 10.20000054708695458 ) ) ;
#3169 = CARTESIAN_POINT ( 'NONE',  ( -0.07477099020677754893, -6.017315606013090346, 5.000000000000000000 ) ) ;
#3170 = CARTESIAN_POINT ( 'NONE',  ( -0.7515984086327165414, -6.415781642724105893, 10.20000054708695458 ) ) ;
#3171 = CARTESIAN_POINT ( 'NONE',  ( 4.809125038169738353, 2.878549899424590386, 10.20000054708695636 ) ) ;
#3172 = CARTESIAN_POINT ( 'NONE',  ( -6.200356523678506093, -2.212953659774336668, 10.20000054708695458 ) ) ;
#3173 = CARTESIAN_POINT ( 'NONE',  ( -4.523082045645343996, 1.395826287384881015, -4.999999999997918998 ) ) ;
#3174 = CARTESIAN_POINT ( 'NONE',  ( 4.447178508838747213, -0.5526961295949409658, 10.55000000000000249 ) ) ;
#3175 = CARTESIAN_POINT ( 'NONE',  ( 4.061678536503896098, -5.083575693552933039, 5.000000000000024869 ) ) ;
#3176 = CARTESIAN_POINT ( 'NONE',  ( -5.032292693582869347, -0.1539503800533372213, 10.54999999999999716 ) ) ;
#3177 = CARTESIAN_POINT ( 'NONE',  ( 2.340970882780408768, 5.508637212624346802, 10.54999999999999716 ) ) ;
#3178 = CARTESIAN_POINT ( 'NONE',  ( 5.173762681679470177, -3.073411379804371624, -6.000000000003090861 ) ) ;
#3179 = CARTESIAN_POINT ( 'NONE',  ( 6.162401348110474686, -1.196908415135739645, 0.000000000000000000 ) ) ;
#3180 = CARTESIAN_POINT ( 'NONE',  ( 5.371053174174044820, -1.454363143550995607, 0.000000000000000000 ) ) ;
#3181 = CARTESIAN_POINT ( 'NONE',  ( 2.396915986885624683, 4.338988769124182632, 10.55000000000000249 ) ) ;
#3182 = CARTESIAN_POINT ( 'NONE',  ( -1.552475556725907646, 4.587569381479215558, -3.333333333333333037 ) ) ;
#3183 = CARTESIAN_POINT ( 'NONE',  ( 0.5937552383748196938, -4.477560297735570849, 10.54999999999999893 ) ) ;
#3184 = CARTESIAN_POINT ( 'NONE',  ( 5.031051614179722797, 2.589225423239513546, 10.55000000000000071 ) ) ;
#3185 = CARTESIAN_POINT ( 'NONE',  ( -5.059752145698420911, 2.860573665242247099, 10.20000054708695458 ) ) ;
#3186 = CARTESIAN_POINT ( 'NONE',  ( 2.891161923887256791, 5.768179829214142629, -3.333333333333333037 ) ) ;
#3187 = CARTESIAN_POINT ( 'NONE',  ( -0.9205061888753190980, -5.440346434162766087, -1.666666666666666297 ) ) ;
#3188 = CARTESIAN_POINT ( 'NONE',  ( 5.087301196604417264, -4.123983748215211520, 10.20000054708695458 ) ) ;
#3189 = CARTESIAN_POINT ( 'NONE',  ( -0.2420490677627291365, -4.727368662354399120, 0.000000000000000000 ) ) ;
#3190 = CARTESIAN_POINT ( 'NONE',  ( 6.013043029953127672, 0.2387286294171992174, -6.000000000001900702 ) ) ;
#3191 = CARTESIAN_POINT ( 'NONE',  ( -4.486534183822808330, 3.934215941351283163, 1.666666666666666297 ) ) ;
#3192 = CARTESIAN_POINT ( 'NONE',  ( 1.477614395746998044, -4.104102402850901221, 10.54999999999999538 ) ) ;
#3193 = CARTESIAN_POINT ( 'NONE',  ( 6.013043029953457186, 0.2387286294167564882, 5.000000000000000000 ) ) ;
#3194 = CARTESIAN_POINT ( 'NONE',  ( 4.863591316241458351, -2.703491047103842249, 5.000000000000000000 ) ) ;
#3195 = CARTESIAN_POINT ( 'NONE',  ( -0.9205061888753190980, -5.440346434162766087, -1.666666666666666297 ) ) ;
#3196 = CARTESIAN_POINT ( 'NONE',  ( -5.854561891947748897, -2.105265633312940032, 10.54999999999999716 ) ) ;
#3197 = CARTESIAN_POINT ( 'NONE',  ( -1.976385360537679566E-12, 2.656472065302265639E-12, -11.00000000000002487 ) ) ;
#3198 = CARTESIAN_POINT ( 'NONE',  ( 5.590721306999639317, -0.4402265200835096537, 3.333333333333333037 ) ) ;
#3199 = CARTESIAN_POINT ( 'NONE',  ( 4.154451569705967628, -4.634643354659102599, 10.55000000000000249 ) ) ;
#3200 = CARTESIAN_POINT ( 'NONE',  ( -2.710634745066776485, -4.647372425121461426, -6.000000000001202594 ) ) ;
#3201 = CARTESIAN_POINT ( 'NONE',  ( 5.641234053756601696, -0.4360948956154742095, 3.333333333333333037 ) ) ;
#3202 = CARTESIAN_POINT ( 'NONE',  ( -3.562529458288298034, 5.536492484120600466, 1.666666666666666297 ) ) ;
#3203 = CARTESIAN_POINT ( 'NONE',  ( -4.538143400266389627, 1.906215394564910293, 10.20000054708695636 ) ) ;
#3204 = CARTESIAN_POINT ( 'NONE',  ( -3.581722154483863552, 5.155487022040583511, -5.000000000000000000 ) ) ;
#3205 = CARTESIAN_POINT ( 'NONE',  ( -6.058562782066248431, -1.029361217094690861, 10.55000000000000071 ) ) ;
#3206 = CARTESIAN_POINT ( 'NONE',  ( -2.077498010239668957, 4.490214834002687283, 10.20000054708695103 ) ) ;
#3207 = CARTESIAN_POINT ( 'NONE',  ( -2.365357561638858463, 4.984955822707349604, -3.333333333333333037 ) ) ;
#3208 = CARTESIAN_POINT ( 'NONE',  ( 0.5849399154104880649, -4.908814570490267926, 10.20000054708695636 ) ) ;
#3209 = CARTESIAN_POINT ( 'NONE',  ( 3.840358520603884607, 3.017819880700677970, 0.000000000000000000 ) ) ;
#3210 = ORIENTED_EDGE ( 'NONE', *, *, #1525, .T. ) ;
#3211 = CARTESIAN_POINT ( 'NONE',  ( -2.757810723231517880, -4.321764387916669392, 10.20000054708695636 ) ) ;
#3212 = CARTESIAN_POINT ( 'NONE',  ( 2.261826059012550072, 6.114340537937412279, 10.20000054708695281 ) ) ;
#3213 = CARTESIAN_POINT ( 'NONE',  ( -2.044647574794004719, -5.935250330072831204, 0.000000000000000000 ) ) ;
#3214 = CARTESIAN_POINT ( 'NONE',  ( 2.510978279718676376, -4.602562977424195623, 10.20000054708695636 ) ) ;
#3215 = CARTESIAN_POINT ( 'NONE',  ( 2.932744056111729059, 3.872787349505695698, 10.20000054708695636 ) ) ;
#3216 = CARTESIAN_POINT ( 'NONE',  ( 5.638712239034119555, 2.781607839316733610, 10.20000054708695458 ) ) ;
#3217 = CARTESIAN_POINT ( 'NONE',  ( 4.863591316241458351, -2.703491047103842249, 5.000000000000024869 ) ) ;
#3218 = CARTESIAN_POINT ( 'NONE',  ( -5.412715763123579826, -2.506065189978745167, 10.54999999999999893 ) ) ;
#3219 = CARTESIAN_POINT ( 'NONE',  ( 2.412268053616380747, 5.357703473963478125, 10.54999999999999716 ) ) ;
#3220 = CARTESIAN_POINT ( 'NONE',  ( 3.434169020609644019, 2.839427304259938278, 10.55000000000000071 ) ) ;
#3221 = CARTESIAN_POINT ( 'NONE',  ( -4.028894480281568491, 5.206954424155694205, -1.666666666666666297 ) ) ;
#3222 = CARTESIAN_POINT ( 'NONE',  ( 1.358241341752177478, -4.176138502406231190, 10.54999999999999893 ) ) ;
#3223 = CARTESIAN_POINT ( 'NONE',  ( 5.091084054486885613, 2.595662298054193240, 10.55000000000000249 ) ) ;
#3224 = CARTESIAN_POINT ( 'NONE',  ( -5.251182211392754873, 3.439893223823211610, 5.000000000000023093 ) ) ;
#3225 = CARTESIAN_POINT ( 'NONE',  ( 5.084612861887574553, 2.429562399373935921, -3.333333333333333037 ) ) ;
#3226 = CARTESIAN_POINT ( 'NONE',  ( -0.6933294261304658868, -4.834757971955978562, 0.000000000000000000 ) ) ;
#3227 = CARTESIAN_POINT ( 'NONE',  ( 5.645788871973525858, 0.07525327178187875277, 10.20000054708695814 ) ) ;
#3228 = CARTESIAN_POINT ( 'NONE',  ( 0.09050372642129654588, -5.563739157988876194, 5.000000000000000000 ) ) ;
#3229 = CARTESIAN_POINT ( 'NONE',  ( 3.123419988197818409, 3.556803324690477996, -5.999999999999479527 ) ) ;
#3230 = CARTESIAN_POINT ( 'NONE',  ( 3.515752418670662571, -4.778607542490865612, 10.55000000000000071 ) ) ;
#3231 = CARTESIAN_POINT ( 'NONE',  ( 5.512766083254004634, -1.472591206931691099, 0.000000000000000000 ) ) ;
#3232 = CARTESIAN_POINT ( 'NONE',  ( -5.248533672560239616, -2.943904212591498037, -5.000000000000000000 ) ) ;
#3233 = CARTESIAN_POINT ( 'NONE',  ( 0.000000000000000000, 0.000000000000000000, -5.000100000000000655 ) ) ;
#3234 = CARTESIAN_POINT ( 'NONE',  ( -2.729108392372209924, -4.849263011884232810, -5.000000000000000000 ) ) ;
#3235 = CARTESIAN_POINT ( 'NONE',  ( -5.412715763123579826, -2.506065189978745167, 10.54999999999999893 ) ) ;
#3236 = DIRECTION ( 'NONE',  ( 0.7071067811865550112, 0.000000000000000000, 0.7071067811865400232 ) ) ;
#3237 = CARTESIAN_POINT ( 'NONE',  ( 5.435415167955227389, -0.9491906648941097480, 1.666666666666666297 ) ) ;
#3238 = CARTESIAN_POINT ( 'NONE',  ( 4.568321556571716791, -4.299796392435180969, 10.55000000000000249 ) ) ;
#3239 = CARTESIAN_POINT ( 'NONE',  ( -5.248533672560239616, -2.943904212591498037, -4.999999999999601208 ) ) ;
#3240 = CARTESIAN_POINT ( 'NONE',  ( -4.873969894515737700, 1.592015537546809023, 0.000000000000000000 ) ) ;
#3241 = CARTESIAN_POINT ( 'NONE',  ( -4.785254684782707102, 3.095941342417709574, 10.55000000000000071 ) ) ;
#3242 = CARTESIAN_POINT ( 'NONE',  ( -3.565988210183659302, 5.600584521419607498, 0.000000000000000000 ) ) ;
#3243 = CARTESIAN_POINT ( 'NONE',  ( -6.398812159059679594, -0.9508981031664660577, 10.20000054708695458 ) ) ;
#3244 = CARTESIAN_POINT ( 'NONE',  ( -1.982048622023628859, 4.463975086240834500, -5.000000000000000000 ) ) ;
#3245 = CARTESIAN_POINT ( 'NONE',  ( -5.452819674965144969, -0.3854625938548733588, 10.55000000000000071 ) ) ;
#3246 = CARTESIAN_POINT ( 'NONE',  ( -2.602211089238492203, 4.644596353576543990, 10.20000054708695458 ) ) ;
#3247 = CARTESIAN_POINT ( 'NONE',  ( -3.930152937962594795, 5.185930219046904988, 0.000000000000000000 ) ) ;
#3248 = CARTESIAN_POINT ( 'NONE',  ( 0.7987472305171471332, -4.762704351251429102, 10.20000054708695458 ) ) ;
#3249 = CARTESIAN_POINT ( 'NONE',  ( -0.2525388904790630829, -5.522261026418037844, 10.54999999999999716 ) ) ;
#3250 = CARTESIAN_POINT ( 'NONE',  ( 4.142919934894312206, 4.364618222124520663, 0.000000000000000000 ) ) ;
#3251 = ORIENTED_EDGE ( 'NONE', *, *, #463, .T. ) ;
#3252 = CARTESIAN_POINT ( 'NONE',  ( 1.022335165332021178, 6.467052064207662099, 10.20000054708695281 ) ) ;
#3253 = CARTESIAN_POINT ( 'NONE',  ( -0.4150012312270113246, -5.502042796075820696, 3.333333333333333037 ) ) ;
#3254 = CARTESIAN_POINT ( 'NONE',  ( 2.074450611855195525, -4.489799710367021746, 10.20000054708695281 ) ) ;
#3255 = CARTESIAN_POINT ( 'NONE',  ( 4.143700695682394297, 2.898990484401423373, 10.20000054708695636 ) ) ;
#3256 = CARTESIAN_POINT ( 'NONE',  ( -2.371666416849914860, -6.059304634297317804, -6.000000000001926459 ) ) ;
#3257 = CARTESIAN_POINT ( 'NONE',  ( 5.540788987491272799, 2.833145226466959432, 10.20000054708695281 ) ) ;
#3258 = CARTESIAN_POINT ( 'NONE',  ( 2.669425199347730260, -4.671164775103693323, 5.000000000000024869 ) ) ;
#3259 = CARTESIAN_POINT ( 'NONE',  ( -3.502884409723034942, -2.797404279232912128, 10.54999999999999893 ) ) ;
#3260 = CARTESIAN_POINT ( 'NONE',  ( 2.380210213183969081, 5.434427970905844951, 10.54999999999999893 ) ) ;
#3261 = CARTESIAN_POINT ( 'NONE',  ( 2.375893840040945282, 4.493588897455465414, 10.55000000000000959 ) ) ;
#3262 = CARTESIAN_POINT ( 'NONE',  ( 5.192377491128648437, -3.921631092082870751, -6.000000000003484324 ) ) ;
#3263 = CARTESIAN_POINT ( 'NONE',  ( -4.486534183822808330, 3.934215941351283163, -1.666666666666666297 ) ) ;
#3264 = CARTESIAN_POINT ( 'NONE',  ( 2.532089545197892200, -4.236247335161555938, 10.54999999999999716 ) ) ;
#3265 = CARTESIAN_POINT ( 'NONE',  ( 5.794543560629158208, 0.5319560002280508959, 10.54999999999999716 ) ) ;
#3266 = CARTESIAN_POINT ( 'NONE',  ( -4.553079637902985866, 4.832420171271765597, 10.20000054708695458 ) ) ;
#3267 = CARTESIAN_POINT ( 'NONE',  ( 4.215045891529110023, 2.154063696584812337, 0.000000000000000000 ) ) ;
#3268 = CARTESIAN_POINT ( 'NONE',  ( 0.2420490677627291365, -4.727368662354397344, 0.000000000000000000 ) ) ;
#3269 = CARTESIAN_POINT ( 'NONE',  ( 5.775419448934347777, 0.5155810454939744325, 10.55000000000000249 ) ) ;
#3270 = CARTESIAN_POINT ( 'NONE',  ( -0.6933294261304658868, -4.834757971955978562, 0.000000000000000000 ) ) ;
#3271 = DIRECTION ( 'NONE',  ( 2.330058440512904989E-13, 0.7071067811862362662, 0.7071067811868588793 ) ) ;
#3272 = CARTESIAN_POINT ( 'NONE',  ( -0.5901598843358483171, -5.049891939613062597, -1.666666666666666297 ) ) ;
#3273 = CARTESIAN_POINT ( 'NONE',  ( -3.360766513106297815, -2.888421780583307896, 10.55000000000000604 ) ) ;
#3274 = CARTESIAN_POINT ( 'NONE',  ( 5.461921777634673347, -1.467373371951509187, 0.000000000000000000 ) ) ;
#3275 = CARTESIAN_POINT ( 'NONE',  ( 4.364516341760862339, -4.496905318060246515, 10.54999999999999893 ) ) ;
#3276 = CARTESIAN_POINT ( 'NONE',  ( -3.815710851444237495, 3.424973976468144610, 0.000000000000000000 ) ) ;
#3277 = CARTESIAN_POINT ( 'NONE',  ( 4.856940138843542698, -0.5154830861509849260, -5.000000000000000000 ) ) ;
#3278 = CARTESIAN_POINT ( 'NONE',  ( -4.873372729617942767, 3.872709450760531968, 3.333333333333333037 ) ) ;
#3279 = CARTESIAN_POINT ( 'NONE',  ( -6.336852489630356189, -0.7480153191361699205, 10.20000054708695458 ) ) ;
#3280 = CARTESIAN_POINT ( 'NONE',  ( 0.07477099020677412111, 6.017315606013082352, -5.000000000000000000 ) ) ;
#3281 = CARTESIAN_POINT ( 'NONE',  ( -5.436521094400738718, -2.493607451019496768, 10.55000000000000426 ) ) ;
#3282 = CARTESIAN_POINT ( 'NONE',  ( -4.124115258570554055, 5.031732512537907098, 10.20000054708695458 ) ) ;
#3283 = CARTESIAN_POINT ( 'NONE',  ( -4.181209346813990813, 4.619964774056493084, 10.55000000000000426 ) ) ;
#3284 = CARTESIAN_POINT ( 'NONE',  ( -4.117753766068317667, 4.738341904635172241, 0.000000000000000000 ) ) ;
#3285 = CARTESIAN_POINT ( 'NONE',  ( 1.841703550959706615, -4.476038076338396010, 10.20000054708695458 ) ) ;
#3286 = CARTESIAN_POINT ( 'NONE',  ( 3.097876131912061570, 4.343258223111882366, -3.333333333333333037 ) ) ;
#3287 = EDGE_LOOP ( 'NONE', ( #7966, #4520, #1526, #183 ) ) ;
#3288 = CARTESIAN_POINT ( 'NONE',  ( 2.454753720645062476, 5.116117505327475001, 10.55000000000000249 ) ) ;
#3289 = CARTESIAN_POINT ( 'NONE',  ( -0.1714866039595998315, 5.392575856571489190, 10.20000054708695281 ) ) ;
#3290 = CARTESIAN_POINT ( 'NONE',  ( 1.518572041796068639, -4.483362720821384428, 5.000000000000000000 ) ) ;
#3291 = CARTESIAN_POINT ( 'NONE',  ( 2.709774012487970118, -4.704454269539819045, 10.20000054708695458 ) ) ;
#3292 = CARTESIAN_POINT ( 'NONE',  ( 2.741556569407477717, 4.400800207658545737, 10.20000054708695458 ) ) ;
#3293 = CARTESIAN_POINT ( 'NONE',  ( 5.169386930259898705, 2.940588912404782818, 10.20000054708695103 ) ) ;
#3294 = CARTESIAN_POINT ( 'NONE',  ( 4.523082045645346660, -1.395826287384887454, 10.20000054708695458 ) ) ;
#3295 = CARTESIAN_POINT ( 'NONE',  ( -4.629287382930289851, -2.496185695765134493, 10.54999999999999893 ) ) ;
#3296 = CARTESIAN_POINT ( 'NONE',  ( 1.196189857666162704, 6.126970144315719402, 10.55000000000000071 ) ) ;
#3297 = CARTESIAN_POINT ( 'NONE',  ( 2.456798597126137018, 5.114322195245585512, 10.54999999999999893 ) ) ;
#3298 = CARTESIAN_POINT ( 'NONE',  ( 4.061678536503896098, -5.083575693552933039, -5.000000000003614886 ) ) ;
#3299 = CARTESIAN_POINT ( 'NONE',  ( 2.526070848901886823, 5.996577392882944224, 0.000000000000000000 ) ) ;
#3300 = CARTESIAN_POINT ( 'NONE',  ( 1.268322544570159582, -4.196602423827470396, 10.54999999999999893 ) ) ;
#3301 = CARTESIAN_POINT ( 'NONE',  ( 2.370848148517724407, 4.757760055702112467, 10.55000000000000249 ) ) ;
#3302 = CARTESIAN_POINT ( 'NONE',  ( 6.440971233593919543, 0.3802702459705246119, -3.333333333333333037 ) ) ;
#3303 = CARTESIAN_POINT ( 'NONE',  ( -4.516661156459321980, 4.357693337040822179, 10.55000000000000604 ) ) ;
#3304 = CARTESIAN_POINT ( 'NONE',  ( -4.257304147301129937, -2.857526457809150600, -5.000000000000000000 ) ) ;
#3305 = CARTESIAN_POINT ( 'NONE',  ( 5.405639053912804748, -0.01855185725568713265, 10.20000054708695281 ) ) ;
#3306 = CARTESIAN_POINT ( 'NONE',  ( -3.410657430924925126, -5.477055024130527805, 1.666666666666666297 ) ) ;
#3307 = CARTESIAN_POINT ( 'NONE',  ( -5.604626029811752730, -2.827710600053704226, -5.000000000000000000 ) ) ;
#3308 = CARTESIAN_POINT ( 'NONE',  ( 4.641992031678379149, -0.9265593960872966495, -5.000000000001966427 ) ) ;
#3309 = CARTESIAN_POINT ( 'NONE',  ( -5.084612861887573665, -2.429562399373935921, -3.333333333333333037 ) ) ;
#3310 = CARTESIAN_POINT ( 'NONE',  ( -4.934748719156299757, -2.551249568081239705, 10.54999999999999893 ) ) ;
#3311 = CARTESIAN_POINT ( 'NONE',  ( 3.868678216692782001, 2.981429057092634505, 5.000000000000023093 ) ) ;
#3312 = CARTESIAN_POINT ( 'NONE',  ( -1.976385360537679566E-12, 2.656472065302265639E-12, -11.00000000000002487 ) ) ;
#3313 = CARTESIAN_POINT ( 'NONE',  ( 5.171731312442194195, 1.922991464093475100, 1.666666666666666297 ) ) ;
#3314 = CARTESIAN_POINT ( 'NONE',  ( 5.590721306999639317, -0.4402265200835094872, -3.333333333333333925 ) ) ;
#3315 = CARTESIAN_POINT ( 'NONE',  ( -3.930152937962594795, 5.185930219046904988, 0.000000000000000000 ) ) ;
#3316 = CARTESIAN_POINT ( 'NONE',  ( -5.536207916372972271, -0.04415717700991150102, 10.20000054708695458 ) ) ;
#3317 = CARTESIAN_POINT ( 'NONE',  ( -5.173762681679801467, 3.073411379804812604, -4.999999999996961542 ) ) ;
#3318 = CARTESIAN_POINT ( 'NONE',  ( -3.213266569546251894, 5.088083704188176348, -5.000000000000000000 ) ) ;
#3319 = CARTESIAN_POINT ( 'NONE',  ( -5.669113430966155498, -0.4366601827198310359, 10.55000000000000071 ) ) ;
#3320 = CARTESIAN_POINT ( 'NONE',  ( -4.414263555009020124, 4.888928570818522168, 10.20000054708695103 ) ) ;
#3321 = CARTESIAN_POINT ( 'NONE',  ( -4.872725286508877041, 3.596877464369503397, 10.55000000000000249 ) ) ;
#3322 = CARTESIAN_POINT ( 'NONE',  ( -5.173762681679801467, 3.073411379804812604, -5.000000000000000000 ) ) ;
#3323 = CARTESIAN_POINT ( 'NONE',  ( -0.06463195842295027527, -5.104865769620722915, 10.54999999999999893 ) ) ;
#3324 = ORIENTED_EDGE ( 'NONE', *, *, #7057, .T. ) ;
#3325 = CARTESIAN_POINT ( 'NONE',  ( -2.210888563154347786, 4.511586748793392943, 10.20000054708695458 ) ) ;
#3326 = CARTESIAN_POINT ( 'NONE',  ( -2.891161923887255014, -5.768179829214143517, 3.333333333333333037 ) ) ;
#3327 = CARTESIAN_POINT ( 'NONE',  ( 2.048624523838652678, -4.486873101705007194, 10.20000054708695103 ) ) ;
#3328 = CARTESIAN_POINT ( 'NONE',  ( 4.477412803433034938, 2.845356476044922811, 10.20000054708695636 ) ) ;
#3329 = CARTESIAN_POINT ( 'NONE',  ( 6.426267780541317087, 1.558724047295350745, 10.20000054708695281 ) ) ;
#3330 = CARTESIAN_POINT ( 'NONE',  ( 5.564139155517589863, 0.06115429241966183899, 5.000000000000024869 ) ) ;
#3331 = CARTESIAN_POINT ( 'NONE',  ( -4.798363898781587089, -2.514671835461817384, 10.54999999999999893 ) ) ;
#3332 = CARTESIAN_POINT ( 'NONE',  ( 2.386560814331843972, 4.885800760794331232, 10.54999999999999893 ) ) ;
#3333 = CARTESIAN_POINT ( 'NONE',  ( -1.530097869399087207, 5.607385669498456515, 0.000000000000000000 ) ) ;
#3334 = CARTESIAN_POINT ( 'NONE',  ( -1.908458813631142004, -6.359292723371873457, -6.000000000002223999 ) ) ;
#3335 = CARTESIAN_POINT ( 'NONE',  ( 2.448332270827810131, 5.223899701629318493, 10.55000000000000426 ) ) ;
#3336 = CARTESIAN_POINT ( 'NONE',  ( 3.410657430924925571, 5.477055024130525140, -1.666666666666666297 ) ) ;
#3337 = CARTESIAN_POINT ( 'NONE',  ( 3.169040701848840236, -4.649494086067319287, 10.55000000000000426 ) ) ;
#3338 = CARTESIAN_POINT ( 'NONE',  ( 4.900401043478320062, 2.539890867818693554, 10.54999999999999893 ) ) ;
#3339 = CARTESIAN_POINT ( 'NONE',  ( 3.868678216692782001, 2.981429057092634505, -5.000000000000000000 ) ) ;
#3340 = CARTESIAN_POINT ( 'NONE',  ( -4.860944108240443207, 3.681287396327800998, 10.55000000000000249 ) ) ;
#3341 = CARTESIAN_POINT ( 'NONE',  ( -5.007205532966260364, -2.951587071971436771, -5.000000000000000000 ) ) ;
#3342 = CARTESIAN_POINT ( 'NONE',  ( 5.979618658024636879, 0.7992161056440627576, 10.55000000000000071 ) ) ;
#3343 = CARTESIAN_POINT ( 'NONE',  ( 3.213266569546250118, -5.088083704188173684, 5.000000000000000000 ) ) ;
#3344 = CARTESIAN_POINT ( 'NONE',  ( 5.251182211392753985, -3.439893223823212498, -5.000000000000000000 ) ) ;
#3345 = CARTESIAN_POINT ( 'NONE',  ( 5.655121071682123635, 0.07334690585049041811, -5.000000000001857181 ) ) ;
#3346 = CARTESIAN_POINT ( 'NONE',  ( -4.971131915797715628, -1.936123966611666081, -1.666666666666666297 ) ) ;
#3347 = CARTESIAN_POINT ( 'NONE',  ( -3.805040797272901454, -2.645589398983049456, 10.55000000000001847 ) ) ;
#3348 = CARTESIAN_POINT ( 'NONE',  ( 6.461538437134771051, 1.526872548237521388, 5.000000000000023093 ) ) ;
#3349 = CARTESIAN_POINT ( 'NONE',  ( 4.162298500840131865, -3.337064540658603029, -1.666666666666666297 ) ) ;
#3350 = CARTESIAN_POINT ( 'NONE',  ( -4.117753766068320331, -4.738341904635167801, 0.000000000000000000 ) ) ;
#3351 = CARTESIAN_POINT ( 'NONE',  ( 4.312018030364506593, 2.205101750084092149, 1.666666666666666297 ) ) ;
#3352 = CARTESIAN_POINT ( 'NONE',  ( -4.787421137291925533, 0.06399552110615570888, 10.55000000000000426 ) ) ;
#3353 = CARTESIAN_POINT ( 'NONE',  ( -2.508299862615522624, 5.189072434762286079, 3.333333333333333037 ) ) ;
#3354 = CARTESIAN_POINT ( 'NONE',  ( -6.371547224441620472, -0.8492247942902716451, 10.20000054708695814 ) ) ;
#3355 = CARTESIAN_POINT ( 'NONE',  ( 4.091089480663190336, -4.128796472022230546, 0.000000000000000000 ) ) ;
#3356 = CARTESIAN_POINT ( 'NONE',  ( -5.845214698967382994, -0.5866942431964790039, 10.55000000000000071 ) ) ;
#3357 = CARTESIAN_POINT ( 'NONE',  ( -4.533005053158949416, 1.859907786251702388, 10.20000054708695458 ) ) ;
#3358 = CARTESIAN_POINT ( 'NONE',  ( -4.877582786142465210, 3.453738634285773212, 10.54999999999999893 ) ) ;
#3359 = CARTESIAN_POINT ( 'NONE',  ( -1.058259038248090533, 5.016989528068904747, 0.000000000000000000 ) ) ;
#3360 = CARTESIAN_POINT ( 'NONE',  ( 3.445147657211799164, -5.123523625930067382, 10.20000054708695458 ) ) ;
#3361 = VECTOR ( 'NONE', #7779, 1000.000000000000000 ) ;
#3362 = ORIENTED_EDGE ( 'NONE', *, *, #6462, .T. ) ;
#3363 = CARTESIAN_POINT ( 'NONE',  ( 0.2197301775971044757, 5.409138309609047290, 10.55000000000000071 ) ) ;
#3364 = CARTESIAN_POINT ( 'NONE',  ( -0.6717349409948312200, 4.844356698290478214, 10.20000054708695636 ) ) ;
#3365 = CARTESIAN_POINT ( 'NONE',  ( 3.069363961253912088, -5.415408124717998817, 3.333333333333333037 ) ) ;
#3366 = CARTESIAN_POINT ( 'NONE',  ( 3.617204224615181651, -5.131726653601404564, 10.20000054708695636 ) ) ;
#3367 = CARTESIAN_POINT ( 'NONE',  ( 1.933741010594066223, 6.313900146339085140, 10.20000054708695458 ) ) ;
#3368 = ADVANCED_FACE ( 'NONE', ( #2869 ), #4965, .F. ) ;
#3369 = CARTESIAN_POINT ( 'NONE',  ( 4.773087588978501827, 2.860248105178433420, 5.000000000000000000 ) ) ;
#3370 = CARTESIAN_POINT ( 'NONE',  ( -2.807957813739498487, -5.208263736111610420, 10.20000054708695281 ) ) ;
#3371 = CARTESIAN_POINT ( 'NONE',  ( -3.407231188310040793, -2.856876837182755757, 10.55000000000000249 ) ) ;
#3372 = CARTESIAN_POINT ( 'NONE',  ( 0.7876150907114247701, 6.060763108176717040, 10.55000000000000249 ) ) ;
#3373 = CARTESIAN_POINT ( 'NONE',  ( -3.930152937962594795, 5.185930219046904988, 0.000000000000000000 ) ) ;
#3374 = CARTESIAN_POINT ( 'NONE',  ( 0.7356153263346556503, 6.042079956714957234, 10.54999999999999893 ) ) ;
#3375 = EDGE_CURVE ( 'NONE', #5925, #2737, #3709, .T. ) ;
#3376 = CARTESIAN_POINT ( 'NONE',  ( 1.163863866783202416, 5.852560542697734292, -1.666666666666666297 ) ) ;
#3377 = CARTESIAN_POINT ( 'NONE',  ( 2.445215795522889035, -4.207979322740402317, 10.55000000000000426 ) ) ;
#3378 = CARTESIAN_POINT ( 'NONE',  ( 2.415830707026491275, 5.000769653978482943, 10.55000000000000249 ) ) ;
#3379 = CARTESIAN_POINT ( 'NONE',  ( 5.170810158745613450, 1.486046266603243904, 0.000000000000000000 ) ) ;
#3380 = CARTESIAN_POINT ( 'NONE',  ( -3.718589996354463967, -2.864148441214862117, -3.333333333333333037 ) ) ;
#3381 = CARTESIAN_POINT ( 'NONE',  ( 5.300938127800425725, -0.08383504171234422431, 10.20000054708695458 ) ) ;
#3382 = CARTESIAN_POINT ( 'NONE',  ( 4.873372729617942767, -3.872709450760531080, 3.333333333333333037 ) ) ;
#3383 = CARTESIAN_POINT ( 'NONE',  ( 6.523802056561735618, 0.8856477610914721410, -1.666666666666666297 ) ) ;
#3384 = CARTESIAN_POINT ( 'NONE',  ( 4.018983131552827714, 2.938402707312397499, 10.20000054708695458 ) ) ;
#3385 = CARTESIAN_POINT ( 'NONE',  ( -6.013043029953458962, -0.2387286294167565714, -5.000000000000000000 ) ) ;
#3386 = CARTESIAN_POINT ( 'NONE',  ( -3.485117518757674837, -4.039144021101851223, -1.666666666666666297 ) ) ;
#3387 = CARTESIAN_POINT ( 'NONE',  ( -5.259157278949349923, -2.566982902182814108, 10.55000000000000249 ) ) ;
#3388 = CARTESIAN_POINT ( 'NONE',  ( 2.740444013175200588, 4.333596967199334848, 10.20000054708695458 ) ) ;
#3389 = CARTESIAN_POINT ( 'NONE',  ( -4.018825604028019249, -4.018224371688232210, 0.000000000000000000 ) ) ;
#3390 = CARTESIAN_POINT ( 'NONE',  ( 4.668414645444203259, 2.013852510967589104, 1.666666666666666297 ) ) ;
#3391 = CARTESIAN_POINT ( 'NONE',  ( -6.633242581027160689, -0.2879441185641482548, 0.000000000000000000 ) ) ;
#3392 = CARTESIAN_POINT ( 'NONE',  ( -6.439547456064877551, -1.433619474739105337, 10.20000054708696346 ) ) ;
#3393 = CARTESIAN_POINT ( 'NONE',  ( -4.863591316241788753, 2.703491047104287226, -5.999999999997238653 ) ) ;
#3394 = CARTESIAN_POINT ( 'NONE',  ( 4.856940138843542698, -0.5154830861509849260, -5.000000000000000000 ) ) ;
#3395 = CARTESIAN_POINT ( 'NONE',  ( -3.648064186348160653, -2.705702224597254180, 10.54999999999999893 ) ) ;
#3396 = CARTESIAN_POINT ( 'NONE',  ( -3.946728873431368800, 4.723095406767907178, 10.55000000000000249 ) ) ;
#3397 = CARTESIAN_POINT ( 'NONE',  ( -0.1704022720372709576, 5.377413347294648815, -5.000000000000000000 ) ) ;
#3398 = CARTESIAN_POINT ( 'NONE',  ( 2.556450970125876854, -4.622537833053593559, 10.20000054708695281 ) ) ;
#3399 = CARTESIAN_POINT ( 'NONE',  ( 1.841495856351414995, -4.126008552694832687, 10.55000000000000249 ) ) ;
#3400 = ORIENTED_EDGE ( 'NONE', *, *, #3557, .T. ) ;
#3401 = CARTESIAN_POINT ( 'NONE',  ( 0.1793559948366739987, 5.311411608932970374, 10.55000000000000249 ) ) ;
#3402 = CARTESIAN_POINT ( 'NONE',  ( -2.523907656075847772, 4.607591132614856200, 10.20000054708695814 ) ) ;
#3403 = CARTESIAN_POINT ( 'NONE',  ( 5.173762681679799691, -3.073411379804814825, 5.000000000000000000 ) ) ;
#3404 = CARTESIAN_POINT ( 'NONE',  ( 4.612882966838792953, -4.746144286007629276, 10.20000054708695636 ) ) ;
#3405 = CARTESIAN_POINT ( 'NONE',  ( 2.718834610249681205, 4.652499042276421193, 10.20000054708695636 ) ) ;
#3406 = CARTESIAN_POINT ( 'NONE',  ( -0.3460384234886378363, 5.115696762701372968, 5.000000000000000000 ) ) ;
#3407 = CARTESIAN_POINT ( 'NONE',  ( -2.755324515853061484, -4.912783376991216144, 10.20000054708695281 ) ) ;
#3408 = CARTESIAN_POINT ( 'NONE',  ( -2.224709651302768432, -5.670067971466112411, 10.55000000000000249 ) ) ;
#3409 = CARTESIAN_POINT ( 'NONE',  ( 0.6344091181313966654, 5.997243214627597574, 10.55000000000000249 ) ) ;
#3410 = CARTESIAN_POINT ( 'NONE',  ( -4.339720304343664736, 1.788319183032209825, 3.333333333333333037 ) ) ;
#3411 = CARTESIAN_POINT ( 'NONE',  ( 0.2532233713656455998, 5.525765638925174805, 10.54999999999999893 ) ) ;
#3412 = CARTESIAN_POINT ( 'NONE',  ( 0.07477099020677412111, 6.017315606013082352, -5.000000000000000000 ) ) ;
#3413 = CARTESIAN_POINT ( 'NONE',  ( 4.154451569705967628, -4.634643354659102599, 10.55000000000000249 ) ) ;
#3414 = CARTESIAN_POINT ( 'NONE',  ( 2.435959593369496190, 5.056999047199635555, 10.55000000000000249 ) ) ;
#3415 = CARTESIAN_POINT ( 'NONE',  ( -6.461538437134769275, -1.526872548237523164, 10.20000054708695458 ) ) ;
#3416 = CARTESIAN_POINT ( 'NONE',  ( -4.090348123528645630, -2.593265403588362439, -3.333333333333333037 ) ) ;
#3417 = CARTESIAN_POINT ( 'NONE',  ( 4.850928252923778494, 2.526083300171943602, 10.54999999999999716 ) ) ;
#3418 = CARTESIAN_POINT ( 'NONE',  ( 1.708410305071423441, -5.770183011040068699, 0.000000000000000000 ) ) ;
#3419 = CARTESIAN_POINT ( 'NONE',  ( 5.882554822010532369, 0.6363847574684106112, 10.54999999999999893 ) ) ;
#3420 = CARTESIAN_POINT ( 'NONE',  ( -4.090348123528645630, -2.593265403588362439, -3.333333333333333037 ) ) ;
#3421 = CARTESIAN_POINT ( 'NONE',  ( -2.618836225192453071, -3.718087227108338055, 10.55000000000000249 ) ) ;
#3422 = CARTESIAN_POINT ( 'NONE',  ( 5.678215680000000987, 0.07738646000000001801, 5.000000000000023093 ) ) ;
#3423 = CARTESIAN_POINT ( 'NONE',  ( -4.946913012646355412, -0.08490809649307001772, 10.54999999999999893 ) ) ;
#3424 = CARTESIAN_POINT ( 'NONE',  ( 3.123419988198147923, 3.556803324690035240, 5.000000000000000000 ) ) ;
#3425 = CARTESIAN_POINT ( 'NONE',  ( 5.461921777634674235, -1.467373371951508965, 0.000000000000000000 ) ) ;
#3426 = CARTESIAN_POINT ( 'NONE',  ( -5.240560090443564967, 0.9986282910527481960, 1.666666666666666297 ) ) ;
#3427 = CARTESIAN_POINT ( 'NONE',  ( -4.476850594263217964, -2.845806746392813391, 10.20000054708695458 ) ) ;
#3428 = CARTESIAN_POINT ( 'NONE',  ( 4.603342582428153307, -2.258170310738746966, -5.000000000000000000 ) ) ;
#3429 = CARTESIAN_POINT ( 'NONE',  ( -2.367337812011882647, -4.578378278274355395, 10.55000000000000071 ) ) ;
#3430 = CARTESIAN_POINT ( 'NONE',  ( -4.516661156459321980, 4.357693337040822179, 10.55000000000000604 ) ) ;
#3431 = CARTESIAN_POINT ( 'NONE',  ( 0.9171783983772251458, 6.156819319221125575, -3.333333333333333037 ) ) ;
#3432 = CARTESIAN_POINT ( 'NONE',  ( 4.421520862052214618, -4.884512439102785208, 10.20000054708695458 ) ) ;
#3433 = CARTESIAN_POINT ( 'NONE',  ( -2.500000000000000000, 3.061616997868383141E-16, -5.000100000000000655 ) ) ;
#3434 = CARTESIAN_POINT ( 'NONE',  ( 0.2469883714084496473, 5.498493352515432697, 10.55000000000000071 ) ) ;
#3435 = CARTESIAN_POINT ( 'NONE',  ( -0.3138574310938199163, 5.176722414635552383, 10.20000054708695814 ) ) ;
#3436 = CARTESIAN_POINT ( 'NONE',  ( 1.058259038248090977, -5.016989528068908299, 0.000000000000000000 ) ) ;
#3437 = CARTESIAN_POINT ( 'NONE',  ( 4.857865487408271399, -2.687313444392935846, 10.20000054708695636 ) ) ;
#3438 = CARTESIAN_POINT ( 'NONE',  ( 2.421164847592858660, 5.972913918665616606, 10.20000054708695458 ) ) ;
#3439 = DIRECTION ( 'NONE',  ( 3.293975600896116958E-13, -4.427453442170423041E-13, 1.000000000000000000 ) ) ;
#3440 = CARTESIAN_POINT ( 'NONE',  ( 5.705468039007898895, 0.08215326004263441562, 5.000000000000000000 ) ) ;
#3441 = CARTESIAN_POINT ( 'NONE',  ( -2.376556753339970296, -4.492228742536122255, 10.54999999999999893 ) ) ;
#3442 = CARTESIAN_POINT ( 'NONE',  ( 0.7099536403887207747, 6.031835177430469486, 10.55000000000000249 ) ) ;
#3443 = CARTESIAN_POINT ( 'NONE',  ( -5.905234494435087633, 0.8574669841946730431, 1.666666666666666297 ) ) ;
#3444 = CARTESIAN_POINT ( 'NONE',  ( -2.628224090614942554, -5.710452345841325439, 10.20000054708695281 ) ) ;
#3445 = CARTESIAN_POINT ( 'NONE',  ( 1.605773911289387623, 6.065259876824682372, 10.55000000000000071 ) ) ;
#3446 = CARTESIAN_POINT ( 'NONE',  ( -5.941060053895531823, -0.1975048045127122953, 10.20000054708695281 ) ) ;
#3447 = CARTESIAN_POINT ( 'NONE',  ( 4.870315119578210172, -3.619154384216599407, 10.54999999999999893 ) ) ;
#3448 = CARTESIAN_POINT ( 'NONE',  ( -4.431558976220498698E-13, -12.49999999999947953, -6.350000000005556977 ) ) ;
#3449 = CARTESIAN_POINT ( 'NONE',  ( -4.865139921359076247, -0.01172755423587309477, 10.54999999999999716 ) ) ;
#3450 = CARTESIAN_POINT ( 'NONE',  ( -2.814033178045508787, -5.085783199819224443, -5.000000000000000000 ) ) ;
#3451 = CARTESIAN_POINT ( 'NONE',  ( 5.979674647718840497, 1.874791993963621950, 10.54999999999999893 ) ) ;
#3452 = CARTESIAN_POINT ( 'NONE',  ( 3.037940078102557173, -5.692243493106275309, 1.666666666666666297 ) ) ;
#3453 = CARTESIAN_POINT ( 'NONE',  ( 5.613891959547303578, -0.4383313066739737973, -3.333333333333333481 ) ) ;
#3454 = CARTESIAN_POINT ( 'NONE',  ( 4.856940138843542698, -0.5154830861509849260, -5.000000000000000000 ) ) ;
#3455 = CARTESIAN_POINT ( 'NONE',  ( -5.790551135911325531, -2.284109871747716625, -3.333333333333333037 ) ) ;
#3456 = CARTESIAN_POINT ( 'NONE',  ( -2.442774549663692785, -5.252870354020429566, 10.54999999999999893 ) ) ;
#3457 = CARTESIAN_POINT ( 'NONE',  ( 3.470362048767136720, 3.219190813529887674, 10.20000054708695458 ) ) ;
#3458 = EDGE_CURVE ( 'NONE', #3641, #4630, #2140, .T. ) ;
#3459 = CARTESIAN_POINT ( 'NONE',  ( 4.540269621007425371, -2.852801659701428960, 10.55000000000000071 ) ) ;
#3460 = CARTESIAN_POINT ( 'NONE',  ( 3.604071719379967842, 4.332058221710632040, 1.666666666666666297 ) ) ;
#3461 = CARTESIAN_POINT ( 'NONE',  ( -2.185057598085681008, -5.713618385030677871, 10.55000000000000071 ) ) ;
#3462 = CARTESIAN_POINT ( 'NONE',  ( -6.162401348110470245, -1.196908415135740533, 0.000000000000000000 ) ) ;
#3463 = CARTESIAN_POINT ( 'NONE',  ( -4.816188990839453510, -2.880814536242064072, 10.20000054708695281 ) ) ;
#3464 = CARTESIAN_POINT ( 'NONE',  ( 0.3534438101685064559, 6.267603813795713741, -5.999999999997378985 ) ) ;
#3465 = CARTESIAN_POINT ( 'NONE',  ( 4.863591316241458351, -2.703491047103842249, -5.000000000000000000 ) ) ;
#3466 = CARTESIAN_POINT ( 'NONE',  ( -2.454863264870831063, -5.171010544714020440, 10.55000000000000071 ) ) ;
#3467 = CARTESIAN_POINT ( 'NONE',  ( -4.174244984338180586, 1.729629891637659789, 10.55000000000000426 ) ) ;
#3468 = CARTESIAN_POINT ( 'NONE',  ( 2.460968612481760687, 6.106389989388079975, -3.333333333333333037 ) ) ;
#3469 = ORIENTED_EDGE ( 'NONE', *, *, #2756, .T. ) ;
#3470 = CARTESIAN_POINT ( 'NONE',  ( 0.8668721589755419288, 6.085206093184686971, 10.55000000000000071 ) ) ;
#3471 = CARTESIAN_POINT ( 'NONE',  ( -4.533323158316872714, 4.808425793065539189, 10.20000054708695814 ) ) ;
#3472 = CARTESIAN_POINT ( 'NONE',  ( 4.332597396339690654, -3.603423537775492846, 1.666666666666666297 ) ) ;
#3473 = CARTESIAN_POINT ( 'NONE',  ( 5.182233847720347342, -3.147127924338785299, 10.20000054708695458 ) ) ;
#3474 = CARTESIAN_POINT ( 'NONE',  ( 2.720897749162351609, 4.734979463537532851, 10.20000054708695458 ) ) ;
#3475 =( GEOMETRIC_REPRESENTATION_CONTEXT ( 3 ) GLOBAL_UNCERTAINTY_ASSIGNED_CONTEXT ( ( #1343 ) ) GLOBAL_UNIT_ASSIGNED_CONTEXT ( ( #3551, #6044, #7355 ) ) REPRESENTATION_CONTEXT ( 'NONE', 'WORKASPACE' ) );
#3476 = CARTESIAN_POINT ( 'NONE',  ( 4.582424107485887355, 2.844761074707110815, 10.20000054708695281 ) ) ;
#3477 = CARTESIAN_POINT ( 'NONE',  ( -2.747762360399049975, -4.890694189016148385, 10.20000054708695281 ) ) ;
#3478 = CARTESIAN_POINT ( 'NONE',  ( -2.028641359920976051, -5.851989474133538316, 10.55000000000000249 ) ) ;
#3479 = CARTESIAN_POINT ( 'NONE',  ( -0.4705586831284177540, 4.557833544939863479, 10.55000000000000249 ) ) ;
#3480 = AXIS2_PLACEMENT_3D ( 'NONE', #5399, #2295, #1228 ) ;
#3481 = CARTESIAN_POINT ( 'NONE',  ( -6.255643805310284300, -0.5241188672390326708, 5.000000000000000000 ) ) ;
#3482 = CARTESIAN_POINT ( 'NONE',  ( -2.146255510904966801, -6.196574171503473671, 10.20000054708695458 ) ) ;
#3483 = CARTESIAN_POINT ( 'NONE',  ( 0.09652932728940760709, 5.156135759532412877, 10.55000000000000249 ) ) ;
#3484 = CARTESIAN_POINT ( 'NONE',  ( 4.568321556571716791, -4.299796392435180969, 10.55000000000000249 ) ) ;
#3485 = CARTESIAN_POINT ( 'NONE',  ( -5.546108530118017299, -0.04747504502760865885, 5.000000000000026645 ) ) ;
#3486 = CARTESIAN_POINT ( 'NONE',  ( -4.217542342451182869, 2.112080370081250269, 10.55000000000000249 ) ) ;
#3487 = CARTESIAN_POINT ( 'NONE',  ( -4.749189404962484318, 0.9493014229605959420, -3.333333333333333037 ) ) ;
#3488 = CARTESIAN_POINT ( 'NONE',  ( 5.715491777336003665, 2.278019124521993621, 10.54999999999999893 ) ) ;
#3489 = CARTESIAN_POINT ( 'NONE',  ( 4.495563247843129773, -4.305525677697850107, 1.666666666666666297 ) ) ;
#3490 = CARTESIAN_POINT ( 'NONE',  ( 6.414361532096309659, 1.483351403618799802, -3.333333333333333037 ) ) ;
#3491 = CARTESIAN_POINT ( 'NONE',  ( 5.898172952039568706, 0.6584339222481362386, 10.55000000000000071 ) ) ;
#3492 = CARTESIAN_POINT ( 'NONE',  ( -4.357361271578866102, 1.744895596418975625, -1.666666666666666297 ) ) ;
#3493 = CARTESIAN_POINT ( 'NONE',  ( -4.670620672418542618, 4.695820066500475676, 10.20000054708695458 ) ) ;
#3494 = CARTESIAN_POINT ( 'NONE',  ( -2.444474189881195247, -5.079268139558374529, 10.54999999999999716 ) ) ;
#3495 = CARTESIAN_POINT ( 'NONE',  ( 4.266661755925788668, -1.004074103060241363, 10.55000000000000071 ) ) ;
#3496 = CARTESIAN_POINT ( 'NONE',  ( 3.123419988198147923, 3.556803324690035240, 10.20000054708695458 ) ) ;
#3497 = CARTESIAN_POINT ( 'NONE',  ( 4.381753944086843156, -0.6891325082816954772, 10.55000000000000071 ) ) ;
#3498 = CARTESIAN_POINT ( 'NONE',  ( 2.526070848901888155, -5.996577392882945112, 0.000000000000000000 ) ) ;
#3499 = CARTESIAN_POINT ( 'NONE',  ( 0.07477099020644473182, 6.017315606013524665, -5.999999999997386091 ) ) ;
#3500 = CARTESIAN_POINT ( 'NONE',  ( -0.3460384234886378363, 5.115696762701372968, 5.000000000000000000 ) ) ;
#3501 = CARTESIAN_POINT ( 'NONE',  ( -5.553708330127482107, 0.9551885549917930041, 1.666666666666666297 ) ) ;
#3502 = CARTESIAN_POINT ( 'NONE',  ( -5.240965910218815083, -2.930851079666982439, 10.20000054708695814 ) ) ;
#3503 = CARTESIAN_POINT ( 'NONE',  ( -4.553079637902985866, 4.832420171271765597, -4.999999999996387778 ) ) ;
#3504 = CARTESIAN_POINT ( 'NONE',  ( 4.641992031678379149, -0.9265593960872966495, -5.000000000000000000 ) ) ;
#3505 = CARTESIAN_POINT ( 'NONE',  ( -2.455846690458260539, -5.121621642516250184, 10.54999999999999716 ) ) ;
#3506 = CARTESIAN_POINT ( 'NONE',  ( -4.207360836717375818, 2.057861532630368639, 10.54999999999999893 ) ) ;
#3507 = B_SPLINE_CURVE_WITH_KNOTS ( 'NONE', 3,
 ( #5773, #6003, #573, #5400, #5360, #6084, #5481, #452, #494, #1073, #6730, #4871, #3669, #409, #4742, #7319, #3629, #4787, #1117, #4909, #2938, #6692, #1725, #5445, #4192, #7800, #4312, #1160, #7879, #4269, #2273, #1843, #7207, #2438, #536, #3026, #3589, #6772, #7956, #7915, #2393, #3511, #3069, #1806, #1203, #5522, #6124, #5964, #1685, #4152, #6609, #1404, #5118, #2609, #4994, #7441, #95, #2527, #6812, #3276, #784, #6253, #1924, #6930, #3240, #5727, #617, #6332, #4393 ),
 .UNSPECIFIED., .F., .F.,
 ( 4, 1, 1, 1, 1, 1, 1, 1, 1, 1, 1, 1, 1, 1, 1, 1, 1, 1, 1, 1, 1, 1, 1, 1, 1, 1, 1, 1, 1, 1, 1, 1, 1, 1, 1, 1, 1, 1, 1, 1, 1, 1, 1, 1, 1, 1, 1, 1, 1, 1, 1, 1, 1, 1, 1, 1, 1, 1, 1, 1, 1, 1, 1, 1, 1, 1, 4 ),
 ( 0.000000000000000000, 0.001829209920170516649, 0.007161301576628018896, 0.01556589656298568852, 0.02636237471411032041, 0.03867618661825356768, 0.05150981716826064094, 0.06382362907240389516, 0.07462010722352853398, 0.08302470220988619753, 0.08835679386634370802, 0.09018600378651422944, 0.09173614072119674889, 0.09625779438107272268, 0.1033853371041793395, 0.1125414545312359293, 0.1229844227111300259, 0.1338682478891698446, 0.1443112159582704279, 0.1534673332696493142, 0.1605948760244803875, 0.1651165296381256198, 0.1666666665636100386, 0.1684958764785395025, 0.1738279681052538606, 0.1822325629635832556, 0.1930290411720327615, 0.2053428532288704700, 0.2181764837529031054, 0.2304902957148531883, 0.2412867739492520480, 0.2496913689181679830, 0.2550234605985133296, 0.2568526705119645315, 0.2584028073013997506, 0.2629244612034777884, 0.2700520037841242504, 0.2792081209950902920, 0.2896510892802863779, 0.3005349145062280458, 0.3109778827914241317, 0.3201340000023901733, 0.3272615425830366354, 0.3317831964851146731, 0.3333333332745498923, 0.3351625431880010941, 0.3404946348683464685, 0.3488992298372624035, 0.3596957080716611799, 0.3720095200336112629, 0.3848431505576439537, 0.3971569626144816345, 0.4079534408229311127, 0.4163580356812604522, 0.4216901273079748380, 0.4235193372229043018, 0.4250694741483886929, 0.4295911277620339530, 0.4367186705168650263, 0.4458747878282439125, 0.4563177558973445236, 0.4672015810753843423, 0.4776445492552784389, 0.4868006666823350703, 0.4939282094054416872, 0.4984498630653176332, 0.4999999999898384062 ),
 .UNSPECIFIED. ) ;
#3508 = CARTESIAN_POINT ( 'NONE',  ( 1.002549712166489693, 5.675644021868740730, -1.666666666666666297 ) ) ;
#3509 = CARTESIAN_POINT ( 'NONE',  ( 5.205630193484615198, -3.743291260210826810, 10.20000054708695458 ) ) ;
#3510 = CARTESIAN_POINT ( 'NONE',  ( -0.07477099020677754893, -6.017315606013090346, 10.20000054708695458 ) ) ;
#3511 = CARTESIAN_POINT ( 'NONE',  ( -0.6933294261304645545, 4.834757971955979450, 0.000000000000000000 ) ) ;
#3512 = CARTESIAN_POINT ( 'NONE',  ( -3.174469895075360704, 4.654336570412019647, 10.55000000000000071 ) ) ;
#3513 = CARTESIAN_POINT ( 'NONE',  ( -2.715958268435470835, 4.708341672095079922, 10.20000054708695636 ) ) ;
#3514 = CARTESIAN_POINT ( 'NONE',  ( 2.019198866007303472, -5.398229052130367300, 1.666666666666666297 ) ) ;
#3515 = CARTESIAN_POINT ( 'NONE',  ( 4.751564182018638505, -2.540877858752404794, 10.20000054708695458 ) ) ;
#3516 = CARTESIAN_POINT ( 'NONE',  ( 2.719924707959961552, 4.715480906233380232, 10.20000054708695281 ) ) ;
#3517 = CARTESIAN_POINT ( 'NONE',  ( -6.304921007631211438, -2.081055046145685594, -5.999999999998870237 ) ) ;
#3518 = CARTESIAN_POINT ( 'NONE',  ( 6.304921007630883700, 2.081055046146127907, 5.000000000000000000 ) ) ;
#3519 = CARTESIAN_POINT ( 'NONE',  ( -1.578262615542224356, -6.073372928046850916, 10.54999999999999893 ) ) ;
#3520 = CARTESIAN_POINT ( 'NONE',  ( 0.1234753319381791808, 5.202575444592485887, 10.55000000000000249 ) ) ;
#3521 = CARTESIAN_POINT ( 'NONE',  ( 3.623374161332753030, 3.133978022447442502, 10.20000054708695281 ) ) ;
#3522 = CARTESIAN_POINT ( 'NONE',  ( -4.641438671081428602, 1.383119759770208068, 1.666666666666666297 ) ) ;
#3523 = CARTESIAN_POINT ( 'NONE',  ( -2.734775551668238158, -4.842255530134622177, 10.20000054708695636 ) ) ;
#3524 = CARTESIAN_POINT ( 'NONE',  ( 1.444474405715386878, 6.104169001627725244, 10.55000000000000071 ) ) ;
#3525 = CARTESIAN_POINT ( 'NONE',  ( 4.742281273972112743, -3.048935263181711708, 10.55000000000000249 ) ) ;
#3526 = CARTESIAN_POINT ( 'NONE',  ( 0.000000000000000000, 0.000000000000000000, -10.64999999999721325 ) ) ;
#3527 = CARTESIAN_POINT ( 'NONE',  ( -4.582282463403065442, 0.3262229399322622569, 10.55000000000000426 ) ) ;
#3528 = CARTESIAN_POINT ( 'NONE',  ( -3.972996821740307993, 2.573304974326867445, 0.000000000000000000 ) ) ;
#3529 = CARTESIAN_POINT ( 'NONE',  ( 5.238907490690661639, 2.572547473366796567, 10.54999999999999716 ) ) ;
#3530 = CARTESIAN_POINT ( 'NONE',  ( 6.433344965106440938, 0.9757289509385252968, -5.000000000000000000 ) ) ;
#3531 = CARTESIAN_POINT ( 'NONE',  ( 6.089580020354867784, 1.404262065746172627, 10.54999999999999893 ) ) ;
#3532 = CARTESIAN_POINT ( 'NONE',  ( -4.251225118266887648, 3.517354962005789343, -1.666666666666666297 ) ) ;
#3533 = CARTESIAN_POINT ( 'NONE',  ( -5.112566709186933345, 2.966215116716473421, 10.20000054708695814 ) ) ;
#3534 = CARTESIAN_POINT ( 'NONE',  ( -2.224709651302768432, -5.670067971466112411, 10.55000000000000249 ) ) ;
#3535 = CARTESIAN_POINT ( 'NONE',  ( 4.756347920404619956, -0.08812924046206342676, 10.54999999999999716 ) ) ;
#3536 = CARTESIAN_POINT ( 'NONE',  ( 1.350213967088333078, 6.500749273344065493, 10.20000054708695458 ) ) ;
#3537 = CARTESIAN_POINT ( 'NONE',  ( 4.768514634593769230, -3.068363407667565212, 10.54999999999999893 ) ) ;
#3538 = CARTESIAN_POINT ( 'NONE',  ( 1.530097869399083210, -5.607385669498446745, 0.000000000000000000 ) ) ;
#3539 = CARTESIAN_POINT ( 'NONE',  ( -5.380059953839799292, 0.02379233995219855180, -5.999999999998243183 ) ) ;
#3540 = CARTESIAN_POINT ( 'NONE',  ( 0.8000434083654105466, 6.457546346331824338, 5.000000000000000000 ) ) ;
#3541 = CARTESIAN_POINT ( 'NONE',  ( -0.4071337506327172839, -5.841275813468993938, 10.55000000000000071 ) ) ;
#3542 = CARTESIAN_POINT ( 'NONE',  ( -4.641992031678378261, 0.9265593960873019785, 5.000000000000000000 ) ) ;
#3543 = CARTESIAN_POINT ( 'NONE',  ( -5.394623828543252841, -2.891578781026398648, 10.20000054708695636 ) ) ;
#3544 = CARTESIAN_POINT ( 'NONE',  ( 0.3534438101688358036, 6.267603813795271428, -4.999999999997368327 ) ) ;
#3545 = CARTESIAN_POINT ( 'NONE',  ( 0.6476541954606986895, -4.841088142863434918, -5.000000000000000000 ) ) ;
#3546 = CARTESIAN_POINT ( 'NONE',  ( -4.934258522330284613, -2.551525954230732474, 10.55000000000000249 ) ) ;
#3547 = CARTESIAN_POINT ( 'NONE',  ( -4.582282463403065442, 0.3262229399322622569, 10.55000000000000426 ) ) ;
#3548 = CARTESIAN_POINT ( 'NONE',  ( 4.591638606239851761, -2.171363090337978363, 10.20000054708695458 ) ) ;
#3549 = CARTESIAN_POINT ( 'NONE',  ( -0.04782892113434064618, -5.079369928393868250, 10.55000000000000071 ) ) ;
#3550 = CARTESIAN_POINT ( 'NONE',  ( 5.192377491128977951, -3.921631092083313064, 10.20000054708695458 ) ) ;
#3551 =( LENGTH_UNIT ( ) NAMED_UNIT ( * ) SI_UNIT ( .MILLI., .METRE. ) );
#3552 = CARTESIAN_POINT ( 'NONE',  ( 2.891161923887256791, 5.768179829214142629, 3.333333333333333037 ) ) ;
#3553 = CARTESIAN_POINT ( 'NONE',  ( -3.913798232189269921, 5.095062645962800119, 10.20000054708695281 ) ) ;
#3554 = CARTESIAN_POINT ( 'NONE',  ( 4.749189404962484318, -0.9493014229605961640, 3.333333333333333037 ) ) ;
#3555 = CARTESIAN_POINT ( 'NONE',  ( 5.053040337287874273, -4.195589520334563005, 10.20000054708695458 ) ) ;
#3556 = CARTESIAN_POINT ( 'NONE',  ( -1.332532878041362334, 4.541057557075376394, 10.20000054708695636 ) ) ;
#3557 = EDGE_CURVE ( 'NONE', #5130, #4630, #4319, .T. ) ;
#3558 = CARTESIAN_POINT ( 'NONE',  ( -0.5363972272309061040, -6.338317909808517392, 10.20000054708695458 ) ) ;
#3559 = CARTESIAN_POINT ( 'NONE',  ( -2.632320338225057288, -3.693438872044911392, 10.54999999999999716 ) ) ;
#3560 = ORIENTED_EDGE ( 'NONE', *, *, #3458, .F. ) ;
#3561 = CARTESIAN_POINT ( 'NONE',  ( 2.809494365767033486, 5.153761509580131239, 10.20000054708695814 ) ) ;
#3562 = CARTESIAN_POINT ( 'NONE',  ( -4.078254761772208248, 3.036039421225010582, 1.666666666666666297 ) ) ;
#3563 = CARTESIAN_POINT ( 'NONE',  ( -1.744077464408809064, -6.388706164804865750, 10.20000054708695458 ) ) ;
#3564 = CARTESIAN_POINT ( 'NONE',  ( -2.807254002109436097, 4.356791596817800816, 10.54999999999999893 ) ) ;
#3565 = CARTESIAN_POINT ( 'NONE',  ( -5.583951223971382660, -0.05955604171013321319, 10.20000054708695458 ) ) ;
#3566 = CARTESIAN_POINT ( 'NONE',  ( 4.878315079838295709, -3.493063970160358966, 10.55000000000000249 ) ) ;
#3567 = DIRECTION ( 'NONE',  ( 3.293975600896116958E-13, -4.427453442170423041E-13, 1.000000000000000000 ) ) ;
#3568 = CARTESIAN_POINT ( 'NONE',  ( -4.242280836835499613, 2.220116510933848097, 10.54999999999999893 ) ) ;
#3569 = CARTESIAN_POINT ( 'NONE',  ( -5.959138762194273298, 0.3093691773889581942, -3.333333333333333037 ) ) ;
#3570 = CARTESIAN_POINT ( 'NONE',  ( 4.670483139611290468, 2.498685488688678014, 10.55000000000000426 ) ) ;
#3571 = CARTESIAN_POINT ( 'NONE',  ( -3.565988210183661522, -5.600584521419600392, 0.000000000000000000 ) ) ;
#3572 = CARTESIAN_POINT ( 'NONE',  ( 3.815710851444236607, -3.424973976468142833, 0.000000000000000000 ) ) ;
#3573 = CARTESIAN_POINT ( 'NONE',  ( -1.976385360537679566E-12, 2.656472065302265639E-12, -11.00000000000002487 ) ) ;
#3574 = CARTESIAN_POINT ( 'NONE',  ( -5.678215679999999210, -0.07738645999999999026, 10.55000000000000071 ) ) ;
#3575 = CARTESIAN_POINT ( 'NONE',  ( -6.162401348110472021, 1.196908415135740533, 0.000000000000000000 ) ) ;
#3576 = CARTESIAN_POINT ( 'NONE',  ( -4.960981401944435376, 2.762448030319953673, 10.20000054708695281 ) ) ;
#3577 = CARTESIAN_POINT ( 'NONE',  ( -2.409010791459268219, -5.366664397985260848, 10.55000000000000249 ) ) ;
#3578 = CARTESIAN_POINT ( 'NONE',  ( 4.689789127413129144, -3.008565187334269808, 10.54999999999999893 ) ) ;
#3579 = CARTESIAN_POINT ( 'NONE',  ( -1.052720001348083523, 4.615017103915213248, 5.000000000000023093 ) ) ;
#3580 = CARTESIAN_POINT ( 'NONE',  ( 4.332597396339690654, -3.603423537775492846, -1.666666666666666297 ) ) ;
#3581 = CARTESIAN_POINT ( 'NONE',  ( -5.678215680000207932, -0.07738645999953595866, -5.999999999998189004 ) ) ;
#3582 = CARTESIAN_POINT ( 'NONE',  ( 0.3534438101688358036, 6.267603813795271428, 5.000000000000000000 ) ) ;
#3583 = CARTESIAN_POINT ( 'NONE',  ( -5.007205532966260364, -2.951587071971436771, 5.000000000000000000 ) ) ;
#3584 = CARTESIAN_POINT ( 'NONE',  ( -3.681900019293999016, -3.098187917143730985, 10.20000054708695458 ) ) ;
#3585 = CARTESIAN_POINT ( 'NONE',  ( -0.3460384234889671839, 5.115696762701815281, -5.999999999997657874 ) ) ;
#3586 = CARTESIAN_POINT ( 'NONE',  ( 0.2006596549303105437, -4.838978085894281911, -3.333333333333333037 ) ) ;
#3587 = CARTESIAN_POINT ( 'NONE',  ( -5.032292693582869347, -0.1539503800533372213, 10.54999999999999716 ) ) ;
#3588 = CARTESIAN_POINT ( 'NONE',  ( 3.581722154483869325, -5.155487022040585288, 10.20000054708695458 ) ) ;
#3589 = CARTESIAN_POINT ( 'NONE',  ( 1.298451264820542406, 5.221076087381561592, 0.000000000000000000 ) ) ;
#3590 = CARTESIAN_POINT ( 'NONE',  ( -3.779505777113989051, 4.766149121235981667, 10.55000000000000071 ) ) ;
#3591 = CARTESIAN_POINT ( 'NONE',  ( 1.375385888544236046, 6.303890028515530375, 3.333333333333333037 ) ) ;
#3592 = CARTESIAN_POINT ( 'NONE',  ( -4.020314602906575274, 5.066919890630867229, 10.20000054708695281 ) ) ;
#3593 = CARTESIAN_POINT ( 'NONE',  ( 5.499777161736409070, -0.4440181862372239441, 3.333333333333333037 ) ) ;
#3594 = CARTESIAN_POINT ( 'NONE',  ( 5.405639053912804748, -0.01855185725568713265, 10.20000054708695281 ) ) ;
#3595 = CARTESIAN_POINT ( 'NONE',  ( 0.1364147788454683763, 6.063329558875163450, 10.20000054708695458 ) ) ;
#3596 = CARTESIAN_POINT ( 'NONE',  ( -5.192377491128975286, 3.921631092083320169, 5.000000000000000000 ) ) ;
#3597 = CARTESIAN_POINT ( 'NONE',  ( -2.489337965928677843, -5.899300255410079075, 10.20000054708695458 ) ) ;
#3598 = CARTESIAN_POINT ( 'NONE',  ( 3.408935900973924849, 3.292392325281067844, 10.20000054708695281 ) ) ;
#3599 = CARTESIAN_POINT ( 'NONE',  ( -2.710634745066446971, -4.647372425121903738, 5.000000000000000000 ) ) ;
#3600 = CARTESIAN_POINT ( 'NONE',  ( -0.4308492520132684578, -6.285730623775078740, 10.20000054708695458 ) ) ;
#3601 = CARTESIAN_POINT ( 'NONE',  ( 5.868569017603768145, 2.615749203009944068, 10.20000054708695458 ) ) ;
#3602 = CARTESIAN_POINT ( 'NONE',  ( -0.6051581272571118220, 4.470151721996916017, 10.54999999999999893 ) ) ;
#3603 = CARTESIAN_POINT ( 'NONE',  ( 4.762395821933624873, -0.09571707434765608369, 10.55000000000000249 ) ) ;
#3604 = CARTESIAN_POINT ( 'NONE',  ( 0.05254660229870469768, -5.812160726609311823, 5.000000000000024869 ) ) ;
#3605 = CARTESIAN_POINT ( 'NONE',  ( -4.468983571463301274, 2.749302020650238987, 10.55000000000000071 ) ) ;
#3606 = CARTESIAN_POINT ( 'NONE',  ( -3.815710851444237495, 3.424973976468144610, 0.000000000000000000 ) ) ;
#3607 = CARTESIAN_POINT ( 'NONE',  ( 2.856393066703613037, 3.360276033133629880, 10.54999999999999716 ) ) ;
#3608 = CARTESIAN_POINT ( 'NONE',  ( -6.456223770568879416, -0.8106471639654754258, 0.000000000000000000 ) ) ;
#3609 = CARTESIAN_POINT ( 'NONE',  ( 6.193482167177077891, -0.6232326543441484290, 1.666666666666666297 ) ) ;
#3610 = VECTOR ( 'NONE', #2964, 1000.000000000000114 ) ;
#3611 = DIRECTION ( 'NONE',  ( 0.000000000000000000, 0.000000000000000000, 1.000000000000000000 ) ) ;
#3612 = CARTESIAN_POINT ( 'NONE',  ( 5.131861035165745655, 2.593206566717125128, 10.55000000000000071 ) ) ;
#3613 = CARTESIAN_POINT ( 'NONE',  ( -3.972996821740307993, 2.573304974326867445, 0.000000000000000000 ) ) ;
#3614 = CARTESIAN_POINT ( 'NONE',  ( -4.789089757555204940, 2.599296925084235710, 10.20000054708695103 ) ) ;
#3615 = CARTESIAN_POINT ( 'NONE',  ( -0.4516859563963578350, -5.878467301445656545, 10.55000000000000249 ) ) ;
#3616 = CARTESIAN_POINT ( 'NONE',  ( 4.230499951919213686, -2.175548685853629038, 10.55000000000000249 ) ) ;
#3617 = CARTESIAN_POINT ( 'NONE',  ( 0.3534438101688358036, 6.267603813795271428, 5.000000000000023093 ) ) ;
#3618 = CARTESIAN_POINT ( 'NONE',  ( 4.018825604028020138, 4.018224371688232210, 0.000000000000000000 ) ) ;
#3619 = CARTESIAN_POINT ( 'NONE',  ( 4.954707020477381541, -4.419694229627871174, -5.000000000000000000 ) ) ;
#3620 = CARTESIAN_POINT ( 'NONE',  ( -0.07787028463713520365, 5.682519034185218310, -5.999999999997483791 ) ) ;
#3621 = CARTESIAN_POINT ( 'NONE',  ( -1.499767045398625598, 4.858023890765652553, 1.666666666666666297 ) ) ;
#3622 = CARTESIAN_POINT ( 'NONE',  ( -3.868678216692781113, -2.981429057092635393, 5.000000000000000000 ) ) ;
#3623 = CARTESIAN_POINT ( 'NONE',  ( 4.603342582428153307, -2.258170310738746966, 5.000000000000000000 ) ) ;
#3624 = CARTESIAN_POINT ( 'NONE',  ( 0.1895406219408749537, -4.689918142874670792, -1.666666666666666297 ) ) ;
#3625 = CARTESIAN_POINT ( 'NONE',  ( -4.468983571463301274, 2.749302020650238987, 10.55000000000000071 ) ) ;
#3626 = CARTESIAN_POINT ( 'NONE',  ( 0.7003070351268022575, -4.416220101929043906, 10.55000000000000249 ) ) ;
#3627 = CARTESIAN_POINT ( 'NONE',  ( 2.267682611485586808, -4.165275912770373345, 10.55000000000000426 ) ) ;
#3628 = CARTESIAN_POINT ( 'NONE',  ( -0.8000434083654122119, -6.457546346331824338, 10.20000054708695458 ) ) ;
#3629 = CARTESIAN_POINT ( 'NONE',  ( 4.533687937200369333, 1.816938096579821194, 0.000000000000000000 ) ) ;
#3630 = CARTESIAN_POINT ( 'NONE',  ( -3.357105797391022772, 4.750559418173666337, 10.55000000000000426 ) ) ;
#3631 = CARTESIAN_POINT ( 'NONE',  ( 0.1220607304236049767, 5.082794351157217783, 3.333333333333333037 ) ) ;
#3632 = CARTESIAN_POINT ( 'NONE',  ( -3.841465024887016355, 5.109654371442019283, 10.20000054708695636 ) ) ;
#3633 = CARTESIAN_POINT ( 'NONE',  ( 4.557408217254173444, -3.110423004554814241, 3.333333333333333037 ) ) ;
#3634 = CARTESIAN_POINT ( 'NONE',  ( 5.023199171836038701, -0.3291704313344529509, 10.20000054708695458 ) ) ;
#3635 = CARTESIAN_POINT ( 'NONE',  ( 0.1935759229089840106, 6.118120286029427035, 10.20000054708695458 ) ) ;
#3636 = CARTESIAN_POINT ( 'NONE',  ( -2.049761059679516162, -6.254764373936319899, 10.20000054708695636 ) ) ;
#3637 = CARTESIAN_POINT ( 'NONE',  ( -0.4749749880200886398, -5.897140526380489689, 10.54999999999999893 ) ) ;
#3638 = CARTESIAN_POINT ( 'NONE',  ( -1.667946539120780169, 4.132139769729535672, 10.55000000000000604 ) ) ;
#3639 = CARTESIAN_POINT ( 'NONE',  ( 3.123419988198147923, 3.556803324690035240, 5.000000000000000000 ) ) ;
#3640 = CARTESIAN_POINT ( 'NONE',  ( 0.6476541954606986895, -4.841088142863434918, -5.000000000002383871 ) ) ;
#3641 = VERTEX_POINT ( 'NONE', #6172 ) ;
#3642 = CARTESIAN_POINT ( 'NONE',  ( 2.822352354586418866, 4.111738630730560118, 10.20000054708695458 ) ) ;
#3643 = CARTESIAN_POINT ( 'NONE',  ( -5.248533672560239616, -2.943904212591498037, 5.000000000000000000 ) ) ;
#3644 = CARTESIAN_POINT ( 'NONE',  ( 0.3813052608987586578, -5.098335739381368192, 10.20000054708695636 ) ) ;
#3645 = CARTESIAN_POINT ( 'NONE',  ( 6.015148296498439962, 2.469116472986900401, 10.20000054708695458 ) ) ;
#3646 = CARTESIAN_POINT ( 'NONE',  ( -1.880577457819692766, 4.125899922434762779, 10.55000000000000249 ) ) ;
#3647 = CARTESIAN_POINT ( 'NONE',  ( -6.413839925032012168, -1.637487712741077850, 10.20000054708695281 ) ) ;
#3648 = CARTESIAN_POINT ( 'NONE',  ( 5.346548128050694793, 0.3442886284723730705, 10.54999999999999893 ) ) ;
#3649 = CARTESIAN_POINT ( 'NONE',  ( -2.740444013175199700, -4.333596967199338401, 10.20000054708695458 ) ) ;
#3650 = CARTESIAN_POINT ( 'NONE',  ( -5.465797093207541479, -0.3898545235139713738, 10.54999999999999893 ) ) ;
#3651 = CARTESIAN_POINT ( 'NONE',  ( 4.461204045458110556, 2.495589547706345002, 10.55000000000000249 ) ) ;
#3652 = CARTESIAN_POINT ( 'NONE',  ( 6.433344965106440938, 0.9757289509385252968, 5.000000000000000000 ) ) ;
#3653 = CARTESIAN_POINT ( 'NONE',  ( 4.641438671081426826, -1.383119759770207180, 1.666666666666666297 ) ) ;
#3654 = DIRECTION ( 'NONE',  ( 0.000000000000000000, 0.000000000000000000, -1.000000000000000000 ) ) ;
#3655 = CARTESIAN_POINT ( 'NONE',  ( 6.009372470231216568, 1.798937188153430622, 10.54999999999999893 ) ) ;
#3656 = CARTESIAN_POINT ( 'NONE',  ( -4.523082045645343996, 1.395826287384881015, -5.000000000000000000 ) ) ;
#3657 = CARTESIAN_POINT ( 'NONE',  ( -5.208612489017558467, 0.1524505292727696415, 10.20000054708695103 ) ) ;
#3658 = CARTESIAN_POINT ( 'NONE',  ( -0.2664211469876580640, -5.613310538091978330, 10.54999999999999716 ) ) ;
#3659 = CARTESIAN_POINT ( 'NONE',  ( 3.123419988198147923, 3.556803324690035240, 5.000000000000023093 ) ) ;
#3660 = CARTESIAN_POINT ( 'NONE',  ( 3.239718612251401897, 4.766787623886891367, -3.333333333333333037 ) ) ;
#3661 = CARTESIAN_POINT ( 'NONE',  ( 1.470471587390117740, -5.489517252965714356, 0.000000000000000000 ) ) ;
#3662 = CARTESIAN_POINT ( 'NONE',  ( -6.013043029953788476, -0.2387286294163138423, -5.999999999998162359 ) ) ;
#3663 = CARTESIAN_POINT ( 'NONE',  ( 0.4382436727055020187, 5.618185107111754562, 3.333333333333333037 ) ) ;
#3664 = CARTESIAN_POINT ( 'NONE',  ( -4.018825604028019249, -4.018224371688232210, 0.000000000000000000 ) ) ;
#3665 = CARTESIAN_POINT ( 'NONE',  ( 4.742177691313816723, -2.541133983792140505, 5.000000000000000000 ) ) ;
#3666 = CARTESIAN_POINT ( 'NONE',  ( 1.058259038248090977, -5.016989528068908299, 0.000000000000000000 ) ) ;
#3667 = CARTESIAN_POINT ( 'NONE',  ( 3.485469073971514398, -4.775624155424049277, 10.54999999999999893 ) ) ;
#3668 = CARTESIAN_POINT ( 'NONE',  ( 4.742177691313816723, -2.541133983792140505, 10.20000054708695458 ) ) ;
#3669 = CARTESIAN_POINT ( 'NONE',  ( 5.489297186633658399, 1.471292881111661899, 0.000000000000000000 ) ) ;
#3670 = CARTESIAN_POINT ( 'NONE',  ( -4.401470844343982947, 4.490464255711756003, 10.55000000000000604 ) ) ;
#3671 = CARTESIAN_POINT ( 'NONE',  ( 0.9543576300478099350, 5.553851180038733126, 1.666666666666666297 ) ) ;
#3672 = CARTESIAN_POINT ( 'NONE',  ( -4.626415339731752674, 1.025579577363276540, 10.20000054708695636 ) ) ;
#3673 = DIRECTION ( 'NONE',  ( -0.000000000000000000, -0.000000000000000000, -1.000000000000000000 ) ) ;
#3674 = CARTESIAN_POINT ( 'NONE',  ( 4.968052318591296590, -0.3939090373962573222, 10.20000054708695458 ) ) ;
#3675 = CARTESIAN_POINT ( 'NONE',  ( -0.08012534990032385562, 5.640673969141150934, 10.20000054708695458 ) ) ;
#3676 = CARTESIAN_POINT ( 'NONE',  ( -1.528663450985376260, -6.444619060474748196, 10.20000054708695458 ) ) ;
#3677 = CARTESIAN_POINT ( 'NONE',  ( 4.312018030364506593, 2.205101750084092149, 1.666666666666666297 ) ) ;
#3678 = EDGE_LOOP ( 'NONE', ( #1378, #7758, #1732, #218 ) ) ;
#3679 = CARTESIAN_POINT ( 'NONE',  ( 0.2837295915391507273, 6.191464150803186683, 10.20000054708695458 ) ) ;
#3680 = CARTESIAN_POINT ( 'NONE',  ( -5.286955024260614699, -1.950427640242798466, 1.666666666666666297 ) ) ;
#3681 = CARTESIAN_POINT ( 'NONE',  ( 0.08318200368696979097, -5.632139484787399120, 10.20000054708695458 ) ) ;
#3682 = CARTESIAN_POINT ( 'NONE',  ( 6.165211712854097748, 0.4296967150082300346, 10.20000054708695458 ) ) ;
#3683 = CARTESIAN_POINT ( 'NONE',  ( -2.512516222706675073, 4.229097724535383129, 10.55000000000000249 ) ) ;
#3684 = CARTESIAN_POINT ( 'NONE',  ( 5.103245706525010306, 0.2050279025800595956, 10.55000000000000249 ) ) ;
#3685 = CARTESIAN_POINT ( 'NONE',  ( -6.036635660969845496, -0.9511816948112374881, 10.55000000000000426 ) ) ;
#3686 = CARTESIAN_POINT ( 'NONE',  ( 4.357638444421107593, 2.503357468031826460, 10.54999999999999893 ) ) ;
#3687 = CARTESIAN_POINT ( 'NONE',  ( 3.581722154483539367, -5.155487022040142975, -6.000000000003487877 ) ) ;
#3688 = CARTESIAN_POINT ( 'NONE',  ( 4.357361271578868767, -1.744895596418973627, 1.666666666666666297 ) ) ;
#3689 = CARTESIAN_POINT ( 'NONE',  ( -1.918740787525542444E-12, -12.14999999999742819, -11.00000000000540545 ) ) ;
#3690 = CARTESIAN_POINT ( 'NONE',  ( 4.000351740210436269, 2.575993799666890460, 10.55000000000000249 ) ) ;
#3691 = APPLICATION_CONTEXT ( 'automotive_design' ) ;
#3692 = CARTESIAN_POINT ( 'NONE',  ( -2.557005768023956183, 5.675329227395415010, -1.666666666666666297 ) ) ;
#3693 = CARTESIAN_POINT ( 'NONE',  ( -5.044456783123973054, 0.3051409322548902514, 10.20000054708695636 ) ) ;
#3694 = CARTESIAN_POINT ( 'NONE',  ( -0.9610318643221767987, -6.105012363712824630, 10.54999999999999893 ) ) ;
#3695 = CARTESIAN_POINT ( 'NONE',  ( 6.058998406440283979, 1.644058932181773125, 10.55000000000000426 ) ) ;
#3696 = CARTESIAN_POINT ( 'NONE',  ( -4.856940138843541810, 0.5154830861509837048, 10.20000054708695458 ) ) ;
#3697 = CARTESIAN_POINT ( 'NONE',  ( 3.247490944899273035, 5.006080960982938421, -3.333333333333333037 ) ) ;
#3698 = CARTESIAN_POINT ( 'NONE',  ( -3.356349998691503078, 4.750394326649679755, 10.55000000000000249 ) ) ;
#3699 = CARTESIAN_POINT ( 'NONE',  ( -1.950728368723061878, -6.150233710699236411, -1.666666666666666297 ) ) ;
#3700 = CARTESIAN_POINT ( 'NONE',  ( 5.169238192185000358, -3.103309555073330284, 10.20000054708695103 ) ) ;
#3701 = CARTESIAN_POINT ( 'NONE',  ( -5.059752145698420911, 2.860573665242247099, 5.000000000000000000 ) ) ;
#3702 = CARTESIAN_POINT ( 'NONE',  ( 0.3924230567620835552, -4.615758866146516759, 10.55000000000000071 ) ) ;
#3703 = CARTESIAN_POINT ( 'NONE',  ( -3.695205439896792399, -4.685349591553732651, 1.666666666666666297 ) ) ;
#3704 = CARTESIAN_POINT ( 'NONE',  ( -4.882270699514534407, -2.908697158505072711, 5.000000000000000000 ) ) ;
#3705 = CARTESIAN_POINT ( 'NONE',  ( 4.553079637902986754, -4.832420171271764708, -5.000000000000000000 ) ) ;
#3706 = CARTESIAN_POINT ( 'NONE',  ( -5.467319254391405536, -2.865235017727405520, 10.20000054708695281 ) ) ;
#3707 = CARTESIAN_POINT ( 'NONE',  ( -6.036635660969845496, -0.9511816948112374881, 10.55000000000000426 ) ) ;
#3708 = FACE_OUTER_BOUND ( 'NONE', #4665, .T. ) ;
#3709 = B_SPLINE_CURVE_WITH_KNOTS ( 'NONE', 3,
 ( #1608, #333, #1648, #2743 ),
 .UNSPECIFIED., .F., .F.,
 ( 4, 4 ),
 ( 0.000000000000000000, 1.000000000000000000 ),
 .UNSPECIFIED. ) ;
#3710 = CARTESIAN_POINT ( 'NONE',  ( 0.8646239224544725044, -4.335290207567568110, 10.55000000000000071 ) ) ;
#3711 = CARTESIAN_POINT ( 'NONE',  ( 3.300121337264092514, -4.732844880409886379, 10.54999999999999893 ) ) ;
#3712 = CARTESIAN_POINT ( 'NONE',  ( 6.576007866396365920, 0.3169947703697444386, 1.666666666666666297 ) ) ;
#3713 = CARTESIAN_POINT ( 'NONE',  ( -4.727550574478847523, 3.037313358034926303, 10.54999999999999893 ) ) ;
#3714 = CARTESIAN_POINT ( 'NONE',  ( -0.6211303116444791828, 4.652467623394941576, 3.333333333333333037 ) ) ;
#3715 = EDGE_CURVE ( 'NONE', #7570, #6012, #625, .T. ) ;
#3716 = CARTESIAN_POINT ( 'NONE',  ( -5.225550421098066778, 3.402206253552493731, 10.20000054708695636 ) ) ;
#3717 = CARTESIAN_POINT ( 'NONE',  ( 4.162298500840131865, -3.337064540658603029, 1.666666666666666297 ) ) ;
#3718 = CARTESIAN_POINT ( 'NONE',  ( 5.491341252499582382, 0.02556259557493861453, 10.20000054708695458 ) ) ;
#3719 = CARTESIAN_POINT ( 'NONE',  ( -0.9680257909718251730, 4.672961686250500790, 10.20000054708695281 ) ) ;
#3720 = DIRECTION ( 'NONE',  ( -0.000000000000000000, -0.000000000000000000, -1.000000000000000000 ) ) ;
#3721 = CARTESIAN_POINT ( 'NONE',  ( 0.05632587645832533990, -5.794283288226824702, 10.20000054708695458 ) ) ;
#3722 = CARTESIAN_POINT ( 'NONE',  ( -1.049789442423006980, -6.117956556657674128, 10.54999999999999893 ) ) ;
#3723 = CARTESIAN_POINT ( 'NONE',  ( -1.986936700746141149, 4.130077348028109441, 10.54999999999999893 ) ) ;
#3724 = CARTESIAN_POINT ( 'NONE',  ( 3.665404046457295451, 4.447792047954559180, -1.666666666666666297 ) ) ;
#3725 = CARTESIAN_POINT ( 'NONE',  ( 2.289424053055898689, 6.092425504118620161, 10.20000054708695458 ) ) ;
#3726 = CARTESIAN_POINT ( 'NONE',  ( -3.239718612251402341, -4.766787623886893144, 3.333333333333333037 ) ) ;
#3727 = CARTESIAN_POINT ( 'NONE',  ( 0.7987472305171471332, -4.762704351251429102, 10.20000054708695458 ) ) ;
#3728 = CARTESIAN_POINT ( 'NONE',  ( 6.360431722562157830, 1.853173223275096371, 10.20000054708695458 ) ) ;
#3729 = CARTESIAN_POINT ( 'NONE',  ( -1.402289167960713456, 4.167461182963038802, 10.54999999999999893 ) ) ;
#3730 = CARTESIAN_POINT ( 'NONE',  ( -6.398812159059679594, -0.9508981031664660577, 10.20000054708695458 ) ) ;
#3731 = CARTESIAN_POINT ( 'NONE',  ( 4.174469671317132757, -1.743180510136451700, 10.55000000000000249 ) ) ;
#3732 = CARTESIAN_POINT ( 'NONE',  ( -2.371666416849585346, -6.059304634297760117, 5.000000000000024869 ) ) ;
#3733 = CARTESIAN_POINT ( 'NONE',  ( -6.081676106794784431, -1.493768069107380914, 10.54999999999999893 ) ) ;
#3734 = CARTESIAN_POINT ( 'NONE',  ( 5.211866146445846226, 2.460587779626869143, 3.333333333333333037 ) ) ;
#3735 = CARTESIAN_POINT ( 'NONE',  ( -4.613050389056259526, -2.845864777870662721, 10.20000054708695281 ) ) ;
#3736 = CARTESIAN_POINT ( 'NONE',  ( 3.615206725242696262, 2.734196893036376252, 10.54999999999999893 ) ) ;
#3737 = CARTESIAN_POINT ( 'NONE',  ( -1.530097869399087207, 5.607385669498456515, 0.000000000000000000 ) ) ;
#3738 = CARTESIAN_POINT ( 'NONE',  ( -4.575974013314397126, 1.206919388894834189, 10.20000054708695636 ) ) ;
#3739 = CARTESIAN_POINT ( 'NONE',  ( 0.1022544587854442577, -4.885175135070157992, 10.54999999999999893 ) ) ;
#3740 = CARTESIAN_POINT ( 'NONE',  ( 5.710799805859393175, 0.4623718148085307345, 10.54999999999999538 ) ) ;
#3741 = CARTESIAN_POINT ( 'NONE',  ( -3.293975600896208340E-13, 4.427453442170542191E-13, -6.000000000000024869 ) ) ;
#3742 = CARTESIAN_POINT ( 'NONE',  ( -3.092370384423235308, 4.559687560097786196, 10.54999999999999716 ) ) ;
#3743 = CARTESIAN_POINT ( 'NONE',  ( -1.350213967088334632, -6.500749273344065493, -5.000000000000000000 ) ) ;
#3744 = AXIS2_PLACEMENT_3D ( 'NONE', #782, #7596, #5116 ) ;
#3745 = CARTESIAN_POINT ( 'NONE',  ( 4.818570420232899387, -2.640369115857362559, 10.20000054708695458 ) ) ;
#3746 = CARTESIAN_POINT ( 'NONE',  ( 2.729108392371879077, 4.849263011884674235, -5.999999999998776978 ) ) ;
#3747 = CARTESIAN_POINT ( 'NONE',  ( -2.997400859223740444, 4.979915817394201305, 5.000000000000000000 ) ) ;
#3748 = VECTOR ( 'NONE', #2684, 1000.000000000000000 ) ;
#3749 = CARTESIAN_POINT ( 'NONE',  ( 0.3678398189573865440, -4.634909845307091381, 10.55000000000000071 ) ) ;
#3750 = CARTESIAN_POINT ( 'NONE',  ( -5.371053174174043932, -1.454363143550995829, 0.000000000000000000 ) ) ;
#3751 = CARTESIAN_POINT ( 'NONE',  ( -0.8000434083654122119, -6.457546346331824338, 5.000000000000000000 ) ) ;
#3752 = CARTESIAN_POINT ( 'NONE',  ( 3.868678216692452487, 2.981429057093077262, -5.999999999999991118 ) ) ;
#3753 = CARTESIAN_POINT ( 'NONE',  ( -3.189317834731913770, -4.645892071733031869, -3.333333333333333037 ) ) ;
#3754 = CARTESIAN_POINT ( 'NONE',  ( -5.938332923842443378, -1.963209905433662028, 10.54999999999999893 ) ) ;
#3755 = CARTESIAN_POINT ( 'NONE',  ( -0.09050372642129615730, 5.563739157988876194, 10.20000054708695458 ) ) ;
#3756 = B_SPLINE_SURFACE_WITH_KNOTS ( 'NONE', 3, 3, ( 
 ( #6445, #1477, #128, #5029 ),
 ( #3231, #2601, #6245, #5068 ),
 ( #698, #7510, #2519, #4985 ),
 ( #1915, #6847, #1323, #3193 ),
 ( #3179, #3609, #1227, #595 ),
 ( #7302, #1744, #4893, #3652 ),
 ( #4369, #4212, #1902, #1268 ),
 ( #516, #2503, #4930, #1311 ),
 ( #6143, #6673, #75, #2550 ),
 ( #6106, #7978, #1139, #2461 ),
 ( #3008, #556, #7375, #1863 ),
 ( #7419, #7936, #3734, #6188 ),
 ( #3970, #885, #4414, #6311 ),
 ( #7539, #6953, #2673, #6875 ),
 ( #1350, #227, #3923, #671 ),
 ( #5616, #716, #5661, #1256 ),
 ( #1170, #3677, #6700, #7290 ),
 ( #6175, #6134, #5490, #502 ),
 ( #7328, #1214, #63, #3639 ),
 ( #7452, #1773, #582, #630 ),
 ( #5533, #7965, #6094, #2449 ),
 ( #2995, #1935, #4917, #3121 ),
 ( #5453, #2492, #7924, #7406 ),
 ( #1297, #3768, #4075, #6650 ),
 ( #1643, #5402, #5854, #2775 ),
 ( #6568, #5965, #7209, #2895 ),
 ( #4744, #1687, #4154, #4789 ),
 ( #2158, #1075, #3552, #6005 ),
 ( #1566, #4038, #1808, #4950 ),
 ( #6731, #3759, #4271, #1205 ),
 ( #4996, #4235, #3591, #2529 ),
 ( #7, #575, #2482, #7398 ),
 ( #3157, #1883, #1162, #1844 ),
 ( #6046, #496, #7917, #6126 ),
 ( #6209, #3671, #6086, #4350 ),
 ( #6814, #664, #5608, #3071 ),
 ( #1287, #4873, #55, #7321 ),
 ( #2440, #5524, #3631, #7443 ),
 ( #1926, #4395, #7957, #6774 ),
 ( #2985, #4910, #3714, #7357 ),
 ( #6857, #5447, #4832, #2395 ),
 ( #5483, #3028, #4314, #7881 ),
 ( #2353, #1248, #7283, #1764 ),
 ( #6694, #538, #6167, #619 ),
 ( #3111, #5565, #5692, #3877 ),
 ( #1482, #7519, #3839, #210 ),
 ( #4548, #6409, #3353, #1406 ),
 ( #7013, #5158, #137, #3914 ),
 ( #748, #3954, #5806, #6254 ),
 ( #866, #6293, #1369, #5653 ),
 ( #248, #3202, #6334, #174 ),
 ( #3242, #1999, #2651, #2571 ),
 ( #3315, #2611, #786, #6895 ),
 ( #5038, #2037, #3278, #5078 ),
 ( #97, #4470, #6932, #2729 ),
 ( #7560, #5195, #5729, #5120 ),
 ( #2113, #4510, #6974, #2074 ),
 ( #7637, #709, #4583, #1445 ),
 ( #6372, #1331, #824, #5764 ),
 ( #2691, #3802, #7598, #7484 ),
 ( #1965, #4435, #4143, #2930 ),
 ( #5236, #2804, #5272, #5916 ),
 ( #4621, #1063, #6600, #3542 ),
 ( #7712, #2224, #2185, #1518 ),
 ( #7156, #319, #7833, #5997 ),
 ( #285, #3426, #2886, #4658 ),
 ( #6485, #2841, #2264, #4104 ),
 ( #4065, #3501, #5954, #3990 ),
 ( #401, #7088, #5308, #444 ),
 ( #6450, #2306, #5350, #6556 ),
 ( #7790, #1633, #1594, #7120 ),
 ( #5393, #6520, #906, #4733 ),
 ( #5879, #1020, #7050, #944 ),
 ( #3391, #5845, #978, #2768 ),
 ( #1557, #7671, #2149, #4028 ),
 ( #3462, #356, #7749, #4694 ),
 ( #7197, #1675, #4863, #7389 ),
 ( #4942, #4305, #7313, #3583 ),
 ( #7948, #4343, #1798, #5476 ),
 ( #3750, #1875, #566, #488 ),
 ( #6200, #2386, #7275, #6804 ),
 ( #4264, #7872, #529, #1153 ),
 ( #654, #1197, #5513, #3622 ),
 ( #6119, #6684, #5599, #4903 ),
 ( #6764, #4226, #3148, #1280 ),
 ( #46, #4779, #7240, #5437 ),
 ( #6078, #6155, #1718, #3020 ),
 ( #4184, #6642, #2343, #1110 ),
 ( #7908, #1239, #6724, #2429 ),
 ( #3664, #609, #6036, #3061 ),
 ( #7350, #2976, #4823, #1757 ),
 ( #1836, #3703, #3102, #5557 ),
 ( #7988, #2473, #2682, #7591 ),
 ( #2515, #3306, #1436, #4425 ),
 ( #3943, #5027, #815, #2065 ),
 ( #7472, #5149, #86, #5642 ),
 ( #4539, #6242, #7002, #5066 ),
 ( #5756, #2560, #6284, #6924 ),
 ( #5719, #7550, #1955, #2599 ),
 ( #6845, #1320, #6323, #7508 ),
 ( #7429, #1912, #3828, #737 ),
 ( #3791, #3866, #1472, #3228 ),
 ( #6399, #855, #777, #1990 ),
 ( #4981, #5596, #4381, #42 ),
 ( #3270, #6885, #694, #1397 ),
 ( #3189, #166, #1358, #4498 ),
 ( #5681, #202, #127, #2640 ),
 ( #5109, #6965, #3906, #6364 ),
 ( #7078, #1545, #2176, #4609 ),
 ( #5335, #7776, #2251, #4092 ),
 ( #5298, #4719, #2719, #387 ),
 ( #4130, #7183, #1662, #3979 ),
 ( #4018, #4684, #6477, #935 ),
 ( #3418, #896, #6585, #3343 ),
 ( #6543, #5870, #6512, #310 ),
 ( #4647, #3452, #2794, #5793 ),
 ( #238, #4574, #7661, #7146 ),
 ( #5222, #2757, #7113, #1006 ),
 ( #7739, #5263, #2212, #1620 ),
 ( #5186, #3489, #3382, #1584 ),
 ( #7626, #2102, #2138, #7699 ),
 ( #2832, #5944, #5907, #4055 ),
 ( #967, #345, #7040, #1508 ),
 ( #6436, #5834, #276, #7376 ),
 ( #4289, #3090, #5985, #2962 ),
 ( #3572, #1096, #5381, #2915 ),
 ( #1706, #3009, #4851, #6144 ),
 ( #6024, #1745, #5424, #5465 ),
 ( #2332, #3688, #3049, #1786 ),
 ( #7937, #3653, #596, #6107 ),
 ( #4811, #2462, #1864, #5502 ),
 ( #4213, #2417, #1825, #6749 ),
 ( #3180, #3237, #3799, #4431 ),
 ( #3274, #3835, #3198, #1479 ),
 ( #5687, #134, #5650, #2606 ) ),
 .UNSPECIFIED., .T., .F., .F.,
 ( 4, 1, 1, 1, 1, 1, 1, 1, 1, 1, 1, 1, 1, 1, 1, 1, 1, 1, 1, 1, 1, 1, 1, 1, 1, 1, 1, 1, 1, 1, 1, 1, 1, 1, 1, 1, 1, 1, 1, 1, 1, 1, 1, 1, 1, 1, 1, 1, 1, 1, 1, 1, 1, 1, 1, 1, 1, 1, 1, 1, 1, 1, 1, 1, 1, 1, 1, 1, 1, 1, 1, 1, 1, 1, 1, 1, 1, 1, 1, 1, 1, 1, 1, 1, 1, 1, 1, 1, 1, 1, 1, 1, 1, 1, 1, 1, 1, 1, 1, 1, 1, 1, 1, 1, 1, 1, 1, 1, 1, 1, 1, 1, 1, 1, 1, 1, 1, 1, 1, 1, 1, 1, 1, 1, 1, 1, 1, 1, 1, 1, 1, 1, 4 ),
 ( 4, 4 ),
 ( 0.000000000000000000, 0.001829209877650946753, 0.007161301576628020631, 0.01556589654539346571, 0.02636237471411032735, 0.03867618661825357462, 0.05150981716826065482, 0.06382362907240390903, 0.07462010722352854786, 0.08302470220988621141, 0.08835679386634372190, 0.09018600378651424332, 0.09173614072119676277, 0.09625779438107275043, 0.1033853371041793673, 0.1125414544858115845, 0.1229844227111300536, 0.1338682478891698724, 0.1443112159582704557, 0.1534673332696493420, 0.1605948760244804152, 0.1651165296381256475, 0.1666666665636100664, 0.1684958764785395302, 0.1738279681052538883, 0.1822325629635832833, 0.1930290411720328170, 0.2053428532288705255, 0.2181764837529031609, 0.2304902957148532439, 0.2412867739492521035, 0.2496913689181680385, 0.2550234605985133851, 0.2568526705119645870, 0.2584028073013998061, 0.2629244612034778439, 0.2700520037841243060, 0.2792081209950903475, 0.2896510892802864334, 0.3005349145062281013, 0.3109778827759513975, 0.3201340000023902288, 0.3272615425830366909, 0.3317831964851147286, 0.3333333332745499478, 0.3351625431880011496, 0.3404946348683465240, 0.3488992298372624590, 0.3596957080716612354, 0.3720095199688825960, 0.3848431505576440648, 0.3971569626144817455, 0.4079534408229312237, 0.4163580356125063942, 0.4216901273079749490, 0.4235193372229044129, 0.4250694741483888039, 0.4295911277620340640, 0.4367186704780045559, 0.4458747878282440236, 0.4563177558973446346, 0.4672015810753844534, 0.4776445492552785499, 0.4868006666823351813, 0.4939282094054417982, 0.4984498630653177442, 0.5000000000000003331, 0.5018292098776510057, 0.5071613015766283095, 0.5155658965453935316, 0.5263623747141106257, 0.5386761866182538938, 0.5515098171682608630, 0.5638236290724041311, 0.5746201072235287421, 0.5830247022098864473, 0.5883567938663439856, 0.5901860037865144237, 0.5917361407211969571, 0.5962577943810729586, 0.6033853371041795199, 0.6125414544858116539, 0.6229844227111301924, 0.6338682478891700667, 0.6443112159582706777, 0.6534673332696494530, 0.6605948760244806373, 0.6651165296381258418, 0.6666666665636102884, 0.6684958764785396967, 0.6738279681052540271, 0.6822325629635834776, 0.6930290411720329002, 0.7053428532288705810, 0.7181764837529031054, 0.7304902957148531328, 0.7412867739492519092, 0.7496913689181677887, 0.7550234605985132186, 0.7568526705119643649, 0.7584028073013996396, 0.7629244612034777884, 0.7700520037841243060, 0.7792081209950904030, 0.7896510892802864889, 0.8005349145062281568, 0.8109778827759515085, 0.8201340000023903398, 0.8272615425830368574, 0.8317831964851148951, 0.8333333332745501698, 0.8351625431880014272, 0.8404946348683466351, 0.8488992298372626255, 0.8596957080716614019, 0.8720095199688828735, 0.8848431505576439537, 0.8971569626144816345, 0.9079534408229310571, 0.9163580356125066162, 0.9216901273079748380, 0.9235193372229042463, 0.9250694741483885819, 0.9295911277620338975, 0.9367186704780046114, 0.9458747878282438570, 0.9563177558973444681, 0.9672015810753842313, 0.9776445492552783278, 0.9868006666823350148, 0.9939282094054416872, 0.9984498630653175777, 1.000000000000000000 ),
 ( 0.000000000000000000, 1.000000000000000000 ),
 .UNSPECIFIED. ) ;
#3757 = CARTESIAN_POINT ( 'NONE',  ( 5.851330226675905521, 1.405564791000388114, 0.000000000000000000 ) ) ;
#3758 = CARTESIAN_POINT ( 'NONE',  ( -4.660071965978024977, 2.983325924839884014, 10.55000000000000071 ) ) ;
#3759 = CARTESIAN_POINT ( 'NONE',  ( 2.494907568016747401, 6.092602184811370059, 1.666666666666666297 ) ) ;
#3760 = CARTESIAN_POINT ( 'NONE',  ( -5.227498688600181076, 3.441134041604617000, 10.20000054708695458 ) ) ;
#3761 = CARTESIAN_POINT ( 'NONE',  ( -5.059752145698420911, 2.860573665242247099, -5.000000000000000000 ) ) ;
#3762 = CARTESIAN_POINT ( 'NONE',  ( 5.627234520478681112, 0.06914924742944567049, 10.20000054708695281 ) ) ;
#3763 = CARTESIAN_POINT ( 'NONE',  ( -4.589758597355451997, 4.764945408939736282, 10.20000054708695103 ) ) ;
#3764 = CARTESIAN_POINT ( 'NONE',  ( -4.957055618582935530, 1.130175575188427262, -1.666666666666666297 ) ) ;
#3765 = CARTESIAN_POINT ( 'NONE',  ( 0.1260198740353812574, -5.485227022614405534, 10.20000054708695458 ) ) ;
#3766 = CARTESIAN_POINT ( 'NONE',  ( -0.6263091834901377553, -5.993150740270734467, 10.54999999999999893 ) ) ;
#3767 = CARTESIAN_POINT ( 'NONE',  ( 5.171731312442194195, 1.922991464093475100, -1.666666666666666297 ) ) ;
#3768 = CARTESIAN_POINT ( 'NONE',  ( 3.604071719379967842, 4.332058221710632040, 1.666666666666666297 ) ) ;
#3769 = ORIENTED_EDGE ( 'NONE', *, *, #7720, .F. ) ;
#3770 = CARTESIAN_POINT ( 'NONE',  ( 2.451988964788791581, 5.199892950663150160, 10.55000000000000249 ) ) ;
#3771 = CARTESIAN_POINT ( 'NONE',  ( -3.808426961647671138, -3.028969304523077888, 10.20000054708695636 ) ) ;
#3772 = CARTESIAN_POINT ( 'NONE',  ( 0.05612696203425200647, 5.971529875348529082, 10.20000054708695458 ) ) ;
#3773 = CARTESIAN_POINT ( 'NONE',  ( -2.371666416849585346, -6.059304634297760117, 5.000000000000000000 ) ) ;
#3774 = CARTESIAN_POINT ( 'NONE',  ( -0.2278741504870159529, -6.147832628202444916, 10.20000054708695458 ) ) ;
#3775 = CARTESIAN_POINT ( 'NONE',  ( 6.227221575878144399, 0.5228374032942167959, 10.20000054708695458 ) ) ;
#3776 = CARTESIAN_POINT ( 'NONE',  ( -6.032116674870021455, -0.2764104604825604605, 10.20000054708695458 ) ) ;
#3777 = CARTESIAN_POINT ( 'NONE',  ( 4.796764182837758739, -0.05827610429114084972, 10.54999999999999893 ) ) ;
#3778 = CARTESIAN_POINT ( 'NONE',  ( 0.3460384234886361710, -5.115696762701375633, 5.000000000000024869 ) ) ;
#3779 = CARTESIAN_POINT ( 'NONE',  ( -5.492162405544197767, -0.3974726165968419656, 10.55000000000000071 ) ) ;
#3780 = CARTESIAN_POINT ( 'NONE',  ( 1.933911739200320445, 5.917694160381443247, 10.55000000000000604 ) ) ;
#3781 = CARTESIAN_POINT ( 'NONE',  ( 4.863591316241127949, -2.703491047103399492, -6.000000000002824407 ) ) ;
#3782 = CARTESIAN_POINT ( 'NONE',  ( 4.696593047355205996, 2.500806853692482346, 10.54999999999999716 ) ) ;
#3783 = CARTESIAN_POINT ( 'NONE',  ( -1.941275052549160218, 4.699058253462400359, -3.333333333333333037 ) ) ;
#3784 = CARTESIAN_POINT ( 'NONE',  ( -1.634886402339241762, -6.056093641128232008, 10.55000000000000249 ) ) ;
#3785 = CARTESIAN_POINT ( 'NONE',  ( 5.575115960198901099, 2.405038086982702605, 10.55000000000000249 ) ) ;
#3786 = CARTESIAN_POINT ( 'NONE',  ( -4.553079637902985866, 4.832420171271765597, 5.000000000000023093 ) ) ;
#3787 = CARTESIAN_POINT ( 'NONE',  ( 3.840358520603884607, 3.017819880700677970, 0.000000000000000000 ) ) ;
#3788 = CARTESIAN_POINT ( 'NONE',  ( -3.274772171596559645, 4.722690234832318090, 10.55000000000000249 ) ) ;
#3789 = CARTESIAN_POINT ( 'NONE',  ( 0.1895406219408749537, -4.689918142874670792, -1.666666666666666297 ) ) ;
#3790 = CARTESIAN_POINT ( 'NONE',  ( 4.578279829069275664, -2.121290755236148406, 10.20000054708695458 ) ) ;
#3791 = CARTESIAN_POINT ( 'NONE',  ( -1.426011146523626927, -5.378650072249710590, 0.000000000000000000 ) ) ;
#3792 = CARTESIAN_POINT ( 'NONE',  ( -4.117753766068317667, 4.738341904635172241, 0.000000000000000000 ) ) ;
#3793 = CARTESIAN_POINT ( 'NONE',  ( -0.2188650301634001982, -5.405554722502857068, 10.55000000000000071 ) ) ;
#3794 = CARTESIAN_POINT ( 'NONE',  ( 0.05254660229870469768, -5.812160726609311823, 5.000000000000000000 ) ) ;
#3795 = CARTESIAN_POINT ( 'NONE',  ( 5.007205532966265693, 2.951587071971437659, -5.000000000000369482 ) ) ;
#3796 = CARTESIAN_POINT ( 'NONE',  ( -0.8088334192012722745, -5.273188507352591259, -1.666666666666666297 ) ) ;
#3797 = CARTESIAN_POINT ( 'NONE',  ( -5.838904063997425453, -2.127957643329146720, 10.55000000000000249 ) ) ;
#3798 = CARTESIAN_POINT ( 'NONE',  ( -5.192377491128975286, 3.921631092083320169, 10.20000054708695458 ) ) ;
#3799 = CARTESIAN_POINT ( 'NONE',  ( 5.499777161736409070, -0.4440181862372239441, 3.333333333333333037 ) ) ;
#3800 = CARTESIAN_POINT ( 'NONE',  ( 3.951432173771143752, -4.721621391156830327, 10.54999999999999716 ) ) ;
#3801 = CARTESIAN_POINT ( 'NONE',  ( 6.456223770568875864, -0.8106471639654768691, 0.000000000000000000 ) ) ;
#3802 = CARTESIAN_POINT ( 'NONE',  ( -4.078254761772208248, 3.036039421225010582, 1.666666666666666297 ) ) ;
#3803 = CARTESIAN_POINT ( 'NONE',  ( -4.835463012845966801, 2.661527900448915407, 10.20000054708695458 ) ) ;
#3804 = CARTESIAN_POINT ( 'NONE',  ( 1.908458813630810491, 6.359292723372316658, -5.000000000000000000 ) ) ;
#3805 = CARTESIAN_POINT ( 'NONE',  ( -5.337879741967459069, -0.3403860263802809816, 10.55000000000000249 ) ) ;
#3806 = CARTESIAN_POINT ( 'NONE',  ( -2.210888563154347786, 4.511586748793392943, 10.20000054708695458 ) ) ;
#3807 = CARTESIAN_POINT ( 'NONE',  ( -1.470471587390117518, 5.489517252965712579, 0.000000000000000000 ) ) ;
#3808 = CARTESIAN_POINT ( 'NONE',  ( -0.1649858301285429818, -6.091750179683677935, 10.20000054708695458 ) ) ;
#3809 = CARTESIAN_POINT ( 'NONE',  ( 4.215045891529110023, 2.154063696584812337, 0.000000000000000000 ) ) ;
#3810 = EDGE_LOOP ( 'NONE', ( #7643, #5202, #7253, #256 ) ) ;
#3811 = CARTESIAN_POINT ( 'NONE',  ( 1.838010764720611201, 6.354829529741194527, 10.20000054708695458 ) ) ;
#3812 = CARTESIAN_POINT ( 'NONE',  ( -3.565988210183661522, -5.600584521419600392, 0.000000000000000000 ) ) ;
#3813 = CARTESIAN_POINT ( 'NONE',  ( 3.357571790804246614, -5.110149017650338799, 10.20000054708695458 ) ) ;
#3814 = CARTESIAN_POINT ( 'NONE',  ( 3.115470339946150524, 3.596870112030480904, 10.20000054708695458 ) ) ;
#3815 = EDGE_CURVE ( 'NONE', #6344, #6941, #7846, .T. ) ;
#3816 = CARTESIAN_POINT ( 'NONE',  ( 5.944278304438170402, 2.544752241187958397, 10.20000054708695636 ) ) ;
#3817 = CARTESIAN_POINT ( 'NONE',  ( 2.907966664692025471, -4.882705828915998580, 5.000000000000024869 ) ) ;
#3818 = CARTESIAN_POINT ( 'NONE',  ( -5.040327901294268109, -2.594553412004511728, 10.54999999999999893 ) ) ;
#3819 = CARTESIAN_POINT ( 'NONE',  ( 2.369826208949397550, 4.598228631044441350, 10.54999999999999893 ) ) ;
#3820 = CARTESIAN_POINT ( 'NONE',  ( 2.429412652570805076, 5.305095658941120007, 10.55000000000000426 ) ) ;
#3821 = CARTESIAN_POINT ( 'NONE',  ( 0.2420490677627294418, 4.727368662354398232, 0.000000000000000000 ) ) ;
#3822 = CARTESIAN_POINT ( 'NONE',  ( 1.659467399576362467, -4.132611681409452231, 10.54999999999999716 ) ) ;
#3823 = CARTESIAN_POINT ( 'NONE',  ( -5.123227066717332967, 0.2064956504716642105, 10.20000054708695458 ) ) ;
#3824 = CARTESIAN_POINT ( 'NONE',  ( 3.718589996354460858, 2.864148441214862562, -3.333333333333333037 ) ) ;
#3825 = CARTESIAN_POINT ( 'NONE',  ( -4.230438025186652240, 4.590999285672733521, 10.54999999999999716 ) ) ;
#3826 = CARTESIAN_POINT ( 'NONE',  ( -1.908458813630812712, -6.359292723372315770, -5.000000000000000000 ) ) ;
#3827 = CARTESIAN_POINT ( 'NONE',  ( 4.968052318591296590, -0.3939090373962573222, 10.20000054708695458 ) ) ;
#3828 = CARTESIAN_POINT ( 'NONE',  ( -0.4382436727055017966, -5.618185107111753673, 3.333333333333333037 ) ) ;
#3829 = CARTESIAN_POINT ( 'NONE',  ( 2.788545311399277082, -4.342485468055778064, 10.55000000000000071 ) ) ;
#3830 = CARTESIAN_POINT ( 'NONE',  ( 2.382783059699697503, -4.540092616159150829, -5.000000000000000000 ) ) ;
#3831 = CARTESIAN_POINT ( 'NONE',  ( 2.710634745066447859, 4.647372425121908179, -4.999999999998862243 ) ) ;
#3832 = CARTESIAN_POINT ( 'NONE',  ( -3.930152937962594795, -5.185930219046911205, 0.000000000000000000 ) ) ;
#3833 = CARTESIAN_POINT ( 'NONE',  ( -5.826894361857328342, -0.5677637237125594538, 10.54999999999999893 ) ) ;
#3834 = DIRECTION ( 'NONE',  ( -1.000000000000000000, 0.000000000000000000, 0.000000000000000000 ) ) ;
#3835 = CARTESIAN_POINT ( 'NONE',  ( 5.526321542317155888, -0.9537999460175095034, 1.666666666666666297 ) ) ;
#3836 = CARTESIAN_POINT ( 'NONE',  ( 4.288725350316556550, -4.553036964945171405, 10.54999999999999893 ) ) ;
#3837 = CARTESIAN_POINT ( 'NONE',  ( -4.257304147301459452, -2.857526457808707399, -5.999999999999900524 ) ) ;
#3838 = CARTESIAN_POINT ( 'NONE',  ( 6.518773151765568485, 0.9219336593036328020, 3.333333333333333037 ) ) ;
#3839 = CARTESIAN_POINT ( 'NONE',  ( -2.428801638924724227, 5.084976303599238356, 3.333333333333333037 ) ) ;
#3840 = CARTESIAN_POINT ( 'NONE',  ( -4.531659419804127786, 1.484786472625017284, 10.20000054708695103 ) ) ;
#3841 = CARTESIAN_POINT ( 'NONE',  ( 2.710634745066447859, 4.647372425121908179, -5.000000000000000000 ) ) ;
#3842 = CARTESIAN_POINT ( 'NONE',  ( -5.700367450401810032, -2.294893727320845844, 10.55000000000000071 ) ) ;
#3843 = CARTESIAN_POINT ( 'NONE',  ( -2.010242951416036039, 4.482821892302955469, 10.20000054708696169 ) ) ;
#3844 = CARTESIAN_POINT ( 'NONE',  ( -5.059752145698420911, 2.860573665242247099, -5.000000000000000000 ) ) ;
#3845 = CARTESIAN_POINT ( 'NONE',  ( 1.352473928434455352, -4.536363877803437639, 10.20000054708695458 ) ) ;
#3846 = CARTESIAN_POINT ( 'NONE',  ( 3.189317834731914658, 4.645892071733031869, -3.333333333333333037 ) ) ;
#3847 = EDGE_LOOP ( 'NONE', ( #6865, #2045 ) ) ;
#3848 = CARTESIAN_POINT ( 'NONE',  ( 2.436930180043677119, 5.277383132860859583, 10.55000000000000249 ) ) ;
#3849 = CARTESIAN_POINT ( 'NONE',  ( -2.730061304038880809, -4.479154937021548655, 10.20000054708695458 ) ) ;
#3850 = CARTESIAN_POINT ( 'NONE',  ( 0.6095844475707801191, 6.368702910583286858, 10.20000054708695458 ) ) ;
#3851 = CARTESIAN_POINT ( 'NONE',  ( -0.3192155735820010887, -5.325300927323620925, 3.333333333333333037 ) ) ;
#3852 = CARTESIAN_POINT ( 'NONE',  ( 1.841703550959706615, -4.476038076338396010, 10.20000054708695458 ) ) ;
#3853 = CARTESIAN_POINT ( 'NONE',  ( 3.157751915936378495, 3.544775401774898693, 10.20000054708695814 ) ) ;
#3854 = CARTESIAN_POINT ( 'NONE',  ( 6.441541405833985046, 1.355646759268898105, 10.20000054708695281 ) ) ;
#3855 = CARTESIAN_POINT ( 'NONE',  ( 2.907966664692025471, -4.882705828915998580, 10.20000054708695458 ) ) ;
#3856 = CARTESIAN_POINT ( 'NONE',  ( -2.863514351008848990, -4.012990110959981926, 10.20000054708695458 ) ) ;
#3857 = CARTESIAN_POINT ( 'NONE',  ( -3.037805731053762504, -3.158535513117946891, 10.54999999999999716 ) ) ;
#3858 = CARTESIAN_POINT ( 'NONE',  ( 2.430765635743231012, 4.186910054101684153, 10.55000000000000249 ) ) ;
#3859 = CARTESIAN_POINT ( 'NONE',  ( 2.326570921791064173, 5.532423717813993669, 10.55000000000000071 ) ) ;
#3860 = CARTESIAN_POINT ( 'NONE',  ( -4.413977035674932381, 3.706055536428900510, -1.666666666666666297 ) ) ;
#3861 = CARTESIAN_POINT ( 'NONE',  ( 3.706015744283477797, -4.775618226356341367, 10.55000000000000249 ) ) ;
#3862 = CARTESIAN_POINT ( 'NONE',  ( 5.898436911235945601, 2.043687132911221838, 10.54999999999999893 ) ) ;
#3863 = CARTESIAN_POINT ( 'NONE',  ( -4.516332414954611352, 1.859659088761147050, 5.000000000000023093 ) ) ;
#3864 = CARTESIAN_POINT ( 'NONE',  ( 6.461538437134771051, 1.526872548237521388, -5.000000000000000000 ) ) ;
#3865 = CARTESIAN_POINT ( 'NONE',  ( -3.695205439896792399, -4.685349591553732651, -1.666666666666666297 ) ) ;
#3866 = CARTESIAN_POINT ( 'NONE',  ( -0.9205061888753190980, -5.440346434162766087, 1.666666666666666297 ) ) ;
#3867 = CARTESIAN_POINT ( 'NONE',  ( -0.3534438101688317513, -6.267603813795266987, -5.000000000000000000 ) ) ;
#3868 = CARTESIAN_POINT ( 'NONE',  ( -1.350213967088334632, -6.500749273344065493, -5.000000000000000000 ) ) ;
#3869 = VECTOR ( 'NONE', #5238, 1000.000000000000000 ) ;
#3870 = CARTESIAN_POINT ( 'NONE',  ( -3.626590992500538846, -2.728751996381944878, 10.55000000000000249 ) ) ;
#3871 = CARTESIAN_POINT ( 'NONE',  ( -4.553079637902985866, 4.832420171271765597, 10.20000054708695458 ) ) ;
#3872 = CARTESIAN_POINT ( 'NONE',  ( 4.854967559175062952, -3.712890052553420972, 10.54999999999999893 ) ) ;
#3873 = FACE_OUTER_BOUND ( 'NONE', #3287, .T. ) ;
#3874 = CARTESIAN_POINT ( 'NONE',  ( -2.814033178045508787, -5.085783199819224443, -5.000000000001351808 ) ) ;
#3875 = CARTESIAN_POINT ( 'NONE',  ( 5.617911649995843248, 0.4221517240340550980, 10.55000000000000071 ) ) ;
#3876 = CARTESIAN_POINT ( 'NONE',  ( -4.351335277105725652, 2.532447260181209359, 10.55000000000000071 ) ) ;
#3877 = CARTESIAN_POINT ( 'NONE',  ( -2.835030769196474676, 4.788108697936169555, 5.000000000000000000 ) ) ;
#3878 = CARTESIAN_POINT ( 'NONE',  ( -6.354836986041410007, -1.870609351540105880, 10.20000054708695281 ) ) ;
#3879 = CARTESIAN_POINT ( 'NONE',  ( -0.09050372642129615730, 5.563739157988876194, -5.000000000000000000 ) ) ;
#3880 = CARTESIAN_POINT ( 'NONE',  ( -6.093455389421860602, -1.245654065990686288, 10.55000000000000071 ) ) ;
#3881 = CARTESIAN_POINT ( 'NONE',  ( -2.715958268435470835, 4.708341672095079922, 10.20000054708695636 ) ) ;
#3882 = CARTESIAN_POINT ( 'NONE',  ( -4.079619808765961864, 4.671381860944120668, 10.54999999999999893 ) ) ;
#3883 = CARTESIAN_POINT ( 'NONE',  ( -3.565988210183659302, 5.600584521419607498, 0.000000000000000000 ) ) ;
#3884 = CARTESIAN_POINT ( 'NONE',  ( 1.532167816698479790, -4.499708461659914782, 10.20000054708695814 ) ) ;
#3885 = CARTESIAN_POINT ( 'NONE',  ( -0.2285398388612623899, -5.433537260973125171, 10.54999999999999716 ) ) ;
#3886 = CARTESIAN_POINT ( 'NONE',  ( 2.799776449901753228, 5.326812330412148633, -5.000000000000000000 ) ) ;
#3887 = ORIENTED_EDGE ( 'NONE', *, *, #3458, .T. ) ;
#3888 = CARTESIAN_POINT ( 'NONE',  ( 1.141237524204579357, 6.129107013853560382, 10.55000000000000249 ) ) ;
#3889 = CARTESIAN_POINT ( 'NONE',  ( -1.288355813949316309, 4.552986937761454023, 10.20000054708695281 ) ) ;
#3890 = CARTESIAN_POINT ( 'NONE',  ( -3.067254368480953453, -5.888528640545023229, 0.000000000000000000 ) ) ;
#3891 = CARTESIAN_POINT ( 'NONE',  ( 2.799850500500990158, -4.767026749366346294, 10.20000054708695458 ) ) ;
#3892 = CARTESIAN_POINT ( 'NONE',  ( 2.769149735388017675, 4.276828833056687706, 10.20000054708695458 ) ) ;
#3893 = CARTESIAN_POINT ( 'NONE',  ( 5.401611270061971837, 2.889272106632506443, 10.20000054708695281 ) ) ;
#3894 = CARTESIAN_POINT ( 'NONE',  ( -4.460536635612044165, -2.496144942775594178, 10.54999999999999893 ) ) ;
#3895 = CARTESIAN_POINT ( 'NONE',  ( 2.375893840040945282, 4.493588897455465414, 10.55000000000000959 ) ) ;
#3896 = CARTESIAN_POINT ( 'NONE',  ( -1.350213967088663924, -6.500749273343623180, -6.000000000002470912 ) ) ;
#3897 = CARTESIAN_POINT ( 'NONE',  ( 2.856393066703613037, 3.360276033133629880, 10.54999999999999716 ) ) ;
#3898 = CARTESIAN_POINT ( 'NONE',  ( 5.173762681679799691, -3.073411379804814825, -5.000000000003092637 ) ) ;
#3899 = CARTESIAN_POINT ( 'NONE',  ( 1.480912986585614544, 6.046034824646977945, -1.666666666666666297 ) ) ;
#3900 = CARTESIAN_POINT ( 'NONE',  ( 0.6734448211313981414, -4.430987429385211840, 10.54999999999999893 ) ) ;
#3901 = CARTESIAN_POINT ( 'NONE',  ( 2.368185354026056899, 4.648813772053688176, 10.54999999999999893 ) ) ;
#3902 = CARTESIAN_POINT ( 'NONE',  ( 5.604626029811762500, 2.827710600053702894, -5.000000000000000000 ) ) ;
#3903 = CARTESIAN_POINT ( 'NONE',  ( -4.866617536381529163, 3.340074942097037702, 10.55000000000000426 ) ) ;
#3904 = CARTESIAN_POINT ( 'NONE',  ( -3.457288572021225193, -3.727848306711881943, -1.666666666666666297 ) ) ;
#3905 = CARTESIAN_POINT ( 'NONE',  ( 4.941588722644846499, -0.4273405700811179764, 10.20000054708695458 ) ) ;
#3906 = CARTESIAN_POINT ( 'NONE',  ( 1.552475556725905648, -4.587569381479216446, 3.333333333333333037 ) ) ;
#3907 = CYLINDRICAL_SURFACE ( 'NONE', #2823, 2.500000000000000000 ) ;
#3908 = CARTESIAN_POINT ( 'NONE',  ( -6.304921007630881924, -2.081055046146128351, -5.000000000000000000 ) ) ;
#3909 = CARTESIAN_POINT ( 'NONE',  ( -5.437004566374270098, -2.493348535669181132, 10.54999999999999716 ) ) ;
#3910 = CARTESIAN_POINT ( 'NONE',  ( -2.835030769196474676, 4.788108697936169555, 10.20000054708695458 ) ) ;
#3911 = CARTESIAN_POINT ( 'NONE',  ( 4.876529236904789677, -3.430180136206097075, 10.54999999999999893 ) ) ;
#3912 = CARTESIAN_POINT ( 'NONE',  ( 4.882270699514533518, 2.908697158505072711, 5.000000000000000000 ) ) ;
#3913 = CARTESIAN_POINT ( 'NONE',  ( -4.863544441488308223, -0.01352634688277917774, 10.55000000000000071 ) ) ;
#3914 = CARTESIAN_POINT ( 'NONE',  ( -3.213266569546251894, 5.088083704188176348, 5.000000000000000000 ) ) ;
#3915 = CARTESIAN_POINT ( 'NONE',  ( -5.140640187551167806, 0.2099684290502290274, 10.20000054708695458 ) ) ;
#3916 = CARTESIAN_POINT ( 'NONE',  ( -4.863591316241459239, 2.703491047103844469, -5.000000000000000000 ) ) ;
#3917 = CARTESIAN_POINT ( 'NONE',  ( -5.314803341351007404, -0.3293508234594493822, 10.55000000000000249 ) ) ;
#3918 = CARTESIAN_POINT ( 'NONE',  ( -3.577839807264314942, 5.131762421470096314, 10.20000054708695103 ) ) ;
#3919 = CARTESIAN_POINT ( 'NONE',  ( -3.919221306132552041, 4.731740301617684885, 10.54999999999999716 ) ) ;
#3920 = CARTESIAN_POINT ( 'NONE',  ( -4.350894455684721329, 4.764497176725710048, -1.666666666666666297 ) ) ;
#3921 = CARTESIAN_POINT ( 'NONE',  ( 2.748723126098944203, -4.729492423521996614, 10.20000054708695458 ) ) ;
#3922 = CARTESIAN_POINT ( 'NONE',  ( -0.09692171840880385580, -5.156677076457067521, 10.55000000000000249 ) ) ;
#3923 = CARTESIAN_POINT ( 'NONE',  ( 4.771453672849818695, 2.386201666620089146, 3.333333333333333037 ) ) ;
#3924 = ORIENTED_EDGE ( 'NONE', *, *, #975, .F. ) ;
#3925 = CARTESIAN_POINT ( 'NONE',  ( 0.3312368852892725868, 5.755006612334036653, 10.55000000000000071 ) ) ;
#3926 = CARTESIAN_POINT ( 'NONE',  ( -2.099868848323544146, 4.493084073060954253, 10.20000054708695458 ) ) ;
#3927 = CARTESIAN_POINT ( 'NONE',  ( -2.799776449901752340, -5.326812330412152185, 5.000000000000000000 ) ) ;
#3928 = CARTESIAN_POINT ( 'NONE',  ( 1.301641585396966061, -4.549639156047188493, 10.20000054708695458 ) ) ;
#3929 = CARTESIAN_POINT ( 'NONE',  ( 5.327932640062304159, 2.911227718177960444, 10.20000054708695281 ) ) ;
#3930 = CARTESIAN_POINT ( 'NONE',  ( -2.814033178045838746, -5.085783199818782130, -6.000000000001350031 ) ) ;
#3931 = CARTESIAN_POINT ( 'NONE',  ( 6.436869748594657992, 1.457783927427909854, 10.20000054708695636 ) ) ;
#3932 = CARTESIAN_POINT ( 'NONE',  ( 5.380059953839476883, -0.02379233995175442443, 10.20000054708695458 ) ) ;
#3933 = CARTESIAN_POINT ( 'NONE',  ( -3.727963692128327011, -2.679552258966575007, 10.54999999999999893 ) ) ;
#3934 = CARTESIAN_POINT ( 'NONE',  ( 1.980362142219244559, 5.887495017755327353, 10.55000000000000249 ) ) ;
#3935 = CARTESIAN_POINT ( 'NONE',  ( -2.044647574794002498, 5.935250330072831204, 0.000000000000000000 ) ) ;
#3936 = CARTESIAN_POINT ( 'NONE',  ( 2.375642133416001833, 4.807854109832596201, 10.54999999999999893 ) ) ;
#3937 = CARTESIAN_POINT ( 'NONE',  ( 0.6193174284949883868, 5.934938074355407878, -3.333333333333333037 ) ) ;
#3938 = CARTESIAN_POINT ( 'NONE',  ( 2.560851628794803769, -4.246385565254052530, 10.55000000000000426 ) ) ;
#3939 = CARTESIAN_POINT ( 'NONE',  ( 2.467197871058519620, 4.033378941749850455, 10.55000000000000071 ) ) ;
#3940 = CARTESIAN_POINT ( 'NONE',  ( 3.470362048767136720, 3.219190813529887674, -5.000000000000000000 ) ) ;
#3941 = CARTESIAN_POINT ( 'NONE',  ( -4.819424246252061117, 3.847084950121478997, 10.55000000000000071 ) ) ;
#3942 = CARTESIAN_POINT ( 'NONE',  ( -3.966817943941785884, -2.509106068899840114, -1.666666666666666297 ) ) ;
#3943 = CARTESIAN_POINT ( 'NONE',  ( -3.565988210183661522, -5.600584521419600392, 0.000000000000000000 ) ) ;
#3944 = CARTESIAN_POINT ( 'NONE',  ( 0.05254660229870469768, -5.812160726609311823, -5.000000000000000000 ) ) ;
#3945 = CARTESIAN_POINT ( 'NONE',  ( 4.603342582427823793, -2.258170310738304210, -6.000000000002553513 ) ) ;
#3946 = CARTESIAN_POINT ( 'NONE',  ( -4.668414645444201483, -2.013852510967591325, -1.666666666666666297 ) ) ;
#3947 = CARTESIAN_POINT ( 'NONE',  ( -4.685623658644559875, -2.499831327026918348, 10.55000000000000249 ) ) ;
#3948 = CARTESIAN_POINT ( 'NONE',  ( 5.811434037490126769, 0.1058673776733864980, 10.20000054708695458 ) ) ;
#3949 = CARTESIAN_POINT ( 'NONE',  ( 4.065683152054126559, -2.631766283387499517, -1.666666666666666297 ) ) ;
#3950 = CARTESIAN_POINT ( 'NONE',  ( -1.976385360537679566E-12, -12.49999999999742251, -11.00000000000556000 ) ) ;
#3951 = ADVANCED_FACE ( 'NONE', ( #3162 ), #5153, .F. ) ;
#3952 = CARTESIAN_POINT ( 'NONE',  ( 5.170810158745613450, 1.486046266603243904, 0.000000000000000000 ) ) ;
#3953 = DIRECTION ( 'NONE',  ( 3.293975600896116958E-13, -4.427453442170423041E-13, 1.000000000000000000 ) ) ;
#3954 = CARTESIAN_POINT ( 'NONE',  ( -2.557005768023956183, 5.675329227395415010, 1.666666666666666297 ) ) ;
#3955 = CARTESIAN_POINT ( 'NONE',  ( -5.411334813100051377, 0.01531957209580311029, 10.20000054708695281 ) ) ;
#3956 = CARTESIAN_POINT ( 'NONE',  ( 4.251225118266888536, -3.517354962005786234, -1.666666666666666297 ) ) ;
#3957 = CARTESIAN_POINT ( 'NONE',  ( -6.069995775535960369, -1.083946160988461527, 10.54999999999999893 ) ) ;
#3958 = CARTESIAN_POINT ( 'NONE',  ( -5.197109973430375618, 3.205939272495900383, 10.20000054708695458 ) ) ;
#3959 = CARTESIAN_POINT ( 'NONE',  ( -4.703178270656195537, 4.106153460680753930, 10.54999999999999893 ) ) ;
#3960 = CARTESIAN_POINT ( 'NONE',  ( -4.078254761772208248, 3.036039421225010582, -1.666666666666666297 ) ) ;
#3961 = CARTESIAN_POINT ( 'NONE',  ( 4.283328043642514515, -4.962094867867367753, 10.20000054708695636 ) ) ;
#3962 = CARTESIAN_POINT ( 'NONE',  ( -0.2456444655315777881, -5.492414460559799316, 10.55000000000000071 ) ) ;
#3963 = SURFACE_STYLE_FILL_AREA ( #5887 ) ;
#3964 = CARTESIAN_POINT ( 'NONE',  ( -0.1066971083727184660, 5.535487639147708805, 10.20000054708695281 ) ) ;
#3965 = CARTESIAN_POINT ( 'NONE',  ( 3.565988210183661966, -5.600584521419602169, 0.000000000000000000 ) ) ;
#3966 = CARTESIAN_POINT ( 'NONE',  ( 0.9364285645213430431, -4.688141602532984287, 10.20000054708695636 ) ) ;
#3967 = CARTESIAN_POINT ( 'NONE',  ( 1.996648119449888625, 6.283176721398377573, 10.20000054708695458 ) ) ;
#3968 = CARTESIAN_POINT ( 'NONE',  ( 6.259460167039287981, 2.103816353751088108, 10.20000054708695281 ) ) ;
#3969 = CARTESIAN_POINT ( 'NONE',  ( -5.178346264656271458, -2.586041973400498239, 10.55000000000000249 ) ) ;
#3970 = CARTESIAN_POINT ( 'NONE',  ( 5.489297186633658399, 1.471292881111661899, 0.000000000000000000 ) ) ;
#3971 = CARTESIAN_POINT ( 'NONE',  ( -2.557005768023956183, 5.675329227395415010, 1.666666666666666297 ) ) ;
#3972 = CARTESIAN_POINT ( 'NONE',  ( 2.792557641370601473, 3.442742450496568907, 10.54999999999999538 ) ) ;
#3973 = CARTESIAN_POINT ( 'NONE',  ( 0.9205061888753184318, 5.440346434162764311, -1.666666666666666297 ) ) ;
#3974 = CARTESIAN_POINT ( 'NONE',  ( 3.211645404180433427, -4.694390216372841707, 10.54999999999999716 ) ) ;
#3975 = CARTESIAN_POINT ( 'NONE',  ( 2.548338513391898541, 3.838631768726394000, 10.55000000000000249 ) ) ;
#3976 = CARTESIAN_POINT ( 'NONE',  ( 5.851330226675905521, 1.405564791000388114, 0.000000000000000000 ) ) ;
#3977 = CARTESIAN_POINT ( 'NONE',  ( -4.571775429901919097, -2.836279366628511767, -5.000000000000000000 ) ) ;
#3978 = CARTESIAN_POINT ( 'NONE',  ( 5.009198058415500476, -0.3450066968929508815, 10.20000054708695458 ) ) ;
#3979 = CARTESIAN_POINT ( 'NONE',  ( 2.907966664692025471, -4.882705828915998580, 5.000000000000000000 ) ) ;
#3980 = CARTESIAN_POINT ( 'NONE',  ( 3.443154268097528892, 3.264134715222901661, 10.20000054708695636 ) ) ;
#3981 = CARTESIAN_POINT ( 'NONE',  ( 4.553079637902986754, -4.832420171271764708, -5.000000000000000000 ) ) ;
#3982 = FACE_OUTER_BOUND ( 'NONE', #2493, .T. ) ;
#3983 = CARTESIAN_POINT ( 'NONE',  ( -5.621187373405012622, -1.478589194937732554, 0.000000000000000000 ) ) ;
#3984 = CARTESIAN_POINT ( 'NONE',  ( -4.601136523665319444, -2.495092338690574785, 10.54999999999999893 ) ) ;
#3985 = CARTESIAN_POINT ( 'NONE',  ( 2.729108392372208591, 4.849263011884231922, 10.20000054708695458 ) ) ;
#3986 = CARTESIAN_POINT ( 'NONE',  ( 4.845290220893181399, -3.242771115313180630, 10.54999999999999893 ) ) ;
#3987 = CARTESIAN_POINT ( 'NONE',  ( 4.091089480663190336, -4.128796472022230546, 0.000000000000000000 ) ) ;
#3988 = CARTESIAN_POINT ( 'NONE',  ( 5.007205532966265693, 2.951587071971437659, 5.000000000000000000 ) ) ;
#3989 = COLOUR_RGB ( '',0.2980392156862745057, 0.2980392156862745057, 0.2980392156862745057 ) ;
#3990 = CARTESIAN_POINT ( 'NONE',  ( -5.682530617115134852, -0.07702009724794428580, 5.000000000000000000 ) ) ;
#3991 = CARTESIAN_POINT ( 'NONE',  ( -6.440449613786639382, -1.261083471639429021, 10.20000054708695281 ) ) ;
#3992 = CARTESIAN_POINT ( 'NONE',  ( 4.339720304343666513, -1.788319183032214488, -3.333333333333333037 ) ) ;
#3993 = CARTESIAN_POINT ( 'NONE',  ( -2.381123752327379606, -4.859927631283530225, 10.55000000000000426 ) ) ;
#3994 = CARTESIAN_POINT ( 'NONE',  ( -4.658881276234455804, 4.178695057984032069, 10.55000000000000959 ) ) ;
#3995 = CARTESIAN_POINT ( 'NONE',  ( 2.526070848901886823, 5.996577392882944224, 0.000000000000000000 ) ) ;
#3996 = CARTESIAN_POINT ( 'NONE',  ( 2.151055841164901672, -4.500121884165829478, 10.20000054708695991 ) ) ;
#3997 = AXIS2_PLACEMENT_3D ( 'NONE', #3197, #7437, #1920 ) ;
#3998 = ORIENTED_EDGE ( 'NONE', *, *, #7868, .T. ) ;
#3999 = CARTESIAN_POINT ( 'NONE',  ( -0.04045017553812089300, 4.958034769186322244, 10.55000000000000071 ) ) ;
#4000 = CARTESIAN_POINT ( 'NONE',  ( -2.402517809930614590, 4.561516092199783934, 10.20000054708695458 ) ) ;
#4001 = CARTESIAN_POINT ( 'NONE',  ( 1.949636613157420317, -5.287246778282475468, 1.666666666666666297 ) ) ;
#4002 = CARTESIAN_POINT ( 'NONE',  ( 3.984718615642149242, -5.077283493097561440, 10.20000054708695814 ) ) ;
#4003 = CARTESIAN_POINT ( 'NONE',  ( 2.343385276833689357, 6.046633500303859599, 10.20000054708695458 ) ) ;
#4004 = CARTESIAN_POINT ( 'NONE',  ( 0.1704022720369405830, -5.377413347294209167, -6.000000000002462919 ) ) ;
#4005 = CARTESIAN_POINT ( 'NONE',  ( 2.814033178045507899, 5.085783199819224443, 5.000000000000000000 ) ) ;
#4006 = CARTESIAN_POINT ( 'NONE',  ( -2.725739113602657859, -4.788642942216669418, 10.20000054708695281 ) ) ;
#4007 = CARTESIAN_POINT ( 'NONE',  ( -2.543952919882261909, -3.870161126132831253, 10.55000000000000249 ) ) ;
#4008 = CARTESIAN_POINT ( 'NONE',  ( -0.09169941059652531035, 4.897313466715703889, 10.54999999999999716 ) ) ;
#4009 = CARTESIAN_POINT ( 'NONE',  ( -6.304921007630881924, -2.081055046146128351, 5.000000000000000000 ) ) ;
#4010 = CARTESIAN_POINT ( 'NONE',  ( 0.2662909969822720990, 5.606304704914496284, 10.54999999999999716 ) ) ;
#4011 = CARTESIAN_POINT ( 'NONE',  ( 2.371666416849588455, 6.059304634297759229, -5.000000000000000000 ) ) ;
#4012 = CARTESIAN_POINT ( 'NONE',  ( 4.486060687688553372, -2.775911679063966631, 10.55000000000000249 ) ) ;
#4013 = CARTESIAN_POINT ( 'NONE',  ( 2.754712554179631567, 3.481044824522097514, 10.54999999999999893 ) ) ;
#4014 = CARTESIAN_POINT ( 'NONE',  ( -4.392438564555146030, 4.474039362959467248, 10.55000000000000249 ) ) ;
#4015 = CARTESIAN_POINT ( 'NONE',  ( -2.740444013175199700, -4.333596967199338401, -5.000000000000000000 ) ) ;
#4016 = CARTESIAN_POINT ( 'NONE',  ( 5.366312668532870589, 2.527941931142859922, 10.55000000000000249 ) ) ;
#4017 = B_SPLINE_SURFACE_WITH_KNOTS ( 'NONE', 3, 3, ( 
 ( #7752, #7052, #4550, #5275 ),
 ( #5197, #7673, #250, #5919 ),
 ( #2844, #7600, #1520, #7015 ),
 ( #908, #5847, #4107, #7639 ),
 ( #6559, #5810, #2151, #2188 ),
 ( #6452, #4623, #2731, #3394 ),
 ( #7715, #287, #2115, #3504 ),
 ( #7090, #1560, #3992, #4030 ),
 ( #2770, #1484, #7123, #2077 ),
 ( #6488, #946, #981, #3428 ),
 ( #5311, #1023, #4068, #5881 ),
 ( #5957, #3956, #2227, #3465 ),
 ( #321, #6411, #868, #4660 ),
 ( #3355, #4697, #2806, #6523 ),
 ( #1597, #7159, #359, #1636 ),
 ( #2694, #1066, #404, #7352 ),
 ( #7910, #2347, #6081, #7278 ),
 ( #1801, #4906, #5440, #491 ),
 ( #2309, #4308, #7793, #3705 ),
 ( #2389, #4866, #7316, #532 ),
 ( #1721, #1113, #2979, #6039 ),
 ( #2888, #4782, #7875, #6767 ),
 ( #6645, #2933, #4266, #6726 ),
 ( #4826, #1760, #1199, #1838 ),
 ( #5396, #3064, #3022, #7836 ),
 ( #1241, #4229, #5353, #6687 ),
 ( #3666, #1678, #6122, #2267 ),
 ( #5516, #1156, #569, #7951 ),
 ( #2432, #7243, #4736, #5477 ),
 ( #4187, #3624, #6000, #7200 ),
 ( #4146, #6603, #3586, #3545 ),
 ( #447, #3272, #1958, #1877 ),
 ( #5112, #3796, #657, #5721 ),
 ( #6889, #3195, #6926, #5559 ),
 ( #1, #7553, #2564, #1362 ),
 ( #1439, #7477, #49, #6968 ),
 ( #612, #131, #5601, #2031 ),
 ( #3150, #4464, #5647, #4428 ),
 ( #1399, #91, #6850, #6158 ),
 ( #4502, #3105, #779, #3868 ),
 ( #7435, #2475, #4945, #2603 ),
 ( #3832, #6286, #1918, #7392 ),
 ( #4345, #6808, #2522, #1992 ),
 ( #4988, #4386, #740, #6325 ),
 ( #5071, #5033, #7512, #169 ),
 ( #2643, #1282, #3753, #6203 ),
 ( #1325, #6248, #700, #3234 ),
 ( #5684, #3386, #4650, #7116 ),
 ( #971, #5796, #5758, #6479 ),
 ( #6402, #899, #1474, #1587 ),
 ( #4059, #818, #241, #205 ),
 ( #7043, #5301, #858, #5839 ),
 ( #7006, #6441, #3420, #280 ),
 ( #2761, #3946, #7629, #2722 ),
 ( #1512, #3346, #4687, #5226 ),
 ( #7664, #5188, #2143, #2104 ),
 ( #2685, #312, #3309, #4577 ),
 ( #3983, #2179, #4614, #7082 ),
 ( #6515, #1550, #4022, #7148 ),
 ( #7742, #6367, #3455, #5909 ),
 ( #938, #5152, #7593, #5873 ),
 ( #2797, #5266, #7703, #3908 ),
 ( #2835, #2068, #350, #2216 ),
 ( #4542, #1055, #5427, #4854 ),
 ( #3575, #7266, #476, #1100 ),
 ( #6109, #6632, #1709, #6026 ),
 ( #5505, #1010, #4895, #3011 ),
 ( #1142, #6068, #1748, #4175 ),
 ( #2297, #2966, #7231, #2375 ),
 ( #4216, #6590, #4255, #6676 ),
 ( #2419, #1624, #7864, #4095 ),
 ( #2334, #4813, #6546, #7940 ),
 ( #1788, #3492, #5468, #5384 ),
 ( #3613, #2920, #7187, #3656 ),
 ( #1187, #7304, #7823, #519 ),
 ( #5946, #7901, #6715, #4769 ),
 ( #559, #3052, #2876, #5989 ),
 ( #391, #3532, #434, #5339 ),
 ( #7780, #2255, #4723, #1666 ),
 ( #4133, #3860, #4372, #7421 ),
 ( #1270, #3263, #6752, #2632 ),
 ( #7502, #5588, #1866, #6276 ),
 ( #2591, #4456, #1389, #1905 ),
 ( #5059, #3221, #6190, #1947 ),
 ( #6795, #1984, #6315, #4293 ),
 ( #729, #6838, #6146, #1230 ),
 ( #770, #3692, #1313, #6234 ),
 ( #2464, #7342, #5674, #120 ),
 ( #3737, #1828, #6918, #6877 ),
 ( #5711, #598, #158, #3092 ),
 ( #33, #5547, #7980, #4933 ),
 ( #5632, #7380, #4972, #4334 ),
 ( #644, #77, #3783, #3137 ),
 ( #2505, #685, #3182, #2552 ),
 ( #5019, #7465, #4416, #1352 ),
 ( #3821, #5100, #269, #7583 ),
 ( #928, #5827, #7034, #303 ),
 ( #5141, #6470, #7693, #1502 ),
 ( #4603, #4491, #5257, #6958 ),
 ( #7620, #3973, #4532, #7541 ),
 ( #6995, #2021, #2749, #1428 ),
 ( #808, #6393, #2097, #1466 ),
 ( #6430, #3376, #3937, #3412 ),
 ( #2712, #3899, #196, #6357 ),
 ( #3299, #2787, #5215, #4568 ),
 ( #2132, #889, #2676, #7654 ),
 ( #5181, #5750, #2058, #849 ),
 ( #7070, #3336, #1538, #4011 ),
 ( #5787, #232, #5864, #756 ),
 ( #3250, #5699, #1255, #3886 ),
 ( #5574, #3724, #17, #5004 ),
 ( #7569, #146, #3846, #6300 ),
 ( #4444, #6864, #5617, #7451 ),
 ( #1934, #5087, #3286, #6903 ),
 ( #6940, #1972, #1296, #5129 ),
 ( #3209, #4321, #4402, #1377 ),
 ( #2491, #2620, #795, #4960 ),
 ( #3809, #7527, #2008, #6823 ),
 ( #6217, #6174, #4478, #1415 ),
 ( #6343, #1339, #2660, #629 ),
 ( #5737, #6261, #717, #6781 ),
 ( #182, #3767, #5662, #3120 ),
 ( #105, #2578, #7405, #1892 ),
 ( #5046, #4358, #7491, #672 ),
 ( #3165, #62, #2538, #6544 ),
 ( #6586, #2758, #7228, #5223 ),
 ( #7740, #1007, #7700, #6630 ),
 ( #5264, #3383, #3490, #5835 ),
 ( #2795, #277, #2916, #2873 ),
 ( #7662, #2139, #4610, #3530 ),
 ( #4720, #7114, #1585, #2213 ),
 ( #432, #1051, #1621, #4648 ),
 ( #388, #968, #7079, #5336 ),
 ( #4056, #1546, #2293, #4765 ),
 ( #2177, #7184, #3453, #346 ) ),
 .UNSPECIFIED., .T., .F., .F.,
 ( 4, 1, 1, 1, 1, 1, 1, 1, 1, 1, 1, 1, 1, 1, 1, 1, 1, 1, 1, 1, 1, 1, 1, 1, 1, 1, 1, 1, 1, 1, 1, 1, 1, 1, 1, 1, 1, 1, 1, 1, 1, 1, 1, 1, 1, 1, 1, 1, 1, 1, 1, 1, 1, 1, 1, 1, 1, 1, 1, 1, 1, 1, 1, 1, 1, 1, 1, 1, 1, 1, 1, 1, 1, 1, 1, 1, 1, 1, 1, 1, 1, 1, 1, 1, 1, 1, 1, 1, 1, 1, 1, 1, 1, 1, 1, 1, 1, 1, 1, 1, 1, 1, 1, 1, 1, 1, 1, 1, 1, 1, 1, 1, 1, 1, 1, 1, 1, 1, 1, 1, 1, 1, 1, 1, 1, 1, 1, 1, 1, 1, 1, 1, 4 ),
 ( 4, 4 ),
 ( 0.000000000000000000, 0.001550136839284177882, 0.006071790579032733740, 0.01319933330643397254, 0.02235545058397470433, 0.03279841876312717536, 0.04368224385626463119, 0.05412521206154098652, 0.06328132948313515416, 0.07040887200001057222, 0.07493052570653437050, 0.07648066268273291668, 0.07830987249869737765, 0.08364196431873972826, 0.09204655913978677939, 0.1028430373207351034, 0.1151568493611582478, 0.1279904799663887094, 0.1403042919271871025, 0.1511007699844777730, 0.1595053650660853972, 0.1648374566927234552, 0.1666666665651366508, 0.1682168034675717572, 0.1727384570784420703, 0.1798659999250299679, 0.1890221172085759238, 0.1994650853702831239, 0.2103489104811955834, 0.2207918786954912727, 0.2299479960603503792, 0.2370755387243886347, 0.2415971925504385998, 0.2431473293182558337, 0.2449765393134491487, 0.2503086310241840473, 0.2587132258091817127, 0.2695097040632675189, 0.2818235159497663456, 0.2946571465833847658, 0.3069709587144875962, 0.3177674367777303943, 0.3261720316518775253, 0.3315041233572607049, 0.3333333332205335453, 0.3348834701217313081, 0.3394051238394396042, 0.3465326665844588594, 0.3556887839547354102, 0.3661317520994328834, 0.3770155771509099418, 0.3874585454687639041, 0.3966146627308363426, 0.4037422055325970982, 0.4082638591539681228, 0.4098139960758114819, 0.4116432060273030880, 0.4169752975787388571, 0.4253798926897007782, 0.4361763707277578339, 0.4484901827299386801, 0.4613238133271913011, 0.4736376252512041196, 0.4844341034370140964, 0.4928386983189818604, 0.4981707900798293398, 0.4999999999999997780, 0.5015501368392843995, 0.5060717905790329540, 0.5131993333064343021, 0.5223554505839749229, 0.5327984187631272794, 0.5436822438562648463, 0.5541252120615410837, 0.5632813294831350293, 0.5704088720000105583, 0.5749305257065343566, 0.5764806626827330138, 0.5783098724986975858, 0.5836419643187394923, 0.5920465591397868765, 0.6028430373207350756, 0.6151568493611584421, 0.6279904799663887927, 0.6403042919271872968, 0.6511007699844778562, 0.6595053650660854805, 0.6648374566927234275, 0.6666666665651367341, 0.6682168034675718404, 0.6727384570784420426, 0.6798659999250299402, 0.6890221172085758683, 0.6994650853702830684, 0.7103489104811955279, 0.7207918786954912171, 0.7299479960603504347, 0.7370755387243886902, 0.7415971925504386553, 0.7431473293182558892, 0.7449765393134490932, 0.7503086310241842138, 0.7587132258091817683, 0.7695097040632676855, 0.7818235159497666231, 0.7946571465833849324, 0.8069709587144877627, 0.8177674367777305608, 0.8261720316518775808, 0.8315041233572607604, 0.8333333332205336008, 0.8348834701217313636, 0.8394051238394397707, 0.8465326665844590259, 0.8556887839547355767, 0.8661317520994330499, 0.8770155771509101639, 0.8874585454687642372, 0.8966146627308363426, 0.9037422055325972092, 0.9082638591539682338, 0.9098139960758115929, 0.9116432060273031990, 0.9169752975787390792, 0.9253798926897007782, 0.9361763707277579449, 0.9484901827299386801, 0.9613238133271913011, 0.9736376252512041196, 0.9844341034370144294, 0.9928386983189819714, 0.9981707900798295618, 1.000000000000000000 ),
 ( 0.000000000000000000, 1.000000000000000000 ),
 .UNSPECIFIED. ) ;
#4018 = CARTESIAN_POINT ( 'NONE',  ( 1.530097869399083210, -5.607385669498446745, 0.000000000000000000 ) ) ;
#4019 = CARTESIAN_POINT ( 'NONE',  ( -5.678215680728424530, -0.07738646014290460895, 5.000000000000012434 ) ) ;
#4020 = DIRECTION ( 'NONE',  ( 0.000000000000000000, 0.000000000000000000, -1.000000000000000000 ) ) ;
#4021 = CARTESIAN_POINT ( 'NONE',  ( 5.705468039007569381, 0.08215326004307718644, -6.000000000001880274 ) ) ;
#4022 = CARTESIAN_POINT ( 'NONE',  ( -5.449465857265461288, -2.431124405394461174, -3.333333333333333037 ) ) ;
#4023 = CARTESIAN_POINT ( 'NONE',  ( -4.713785168334113429, -2.502453985750480836, 10.54999999999999893 ) ) ;
#4024 = CARTESIAN_POINT ( 'NONE',  ( 5.248533672560229846, 2.943904212591497149, 5.000000000000023093 ) ) ;
#4025 = CARTESIAN_POINT ( 'NONE',  ( 4.800719886803264558, -3.124072168800275495, 10.55000000000000249 ) ) ;
#4026 = CARTESIAN_POINT ( 'NONE',  ( 3.872358905603289436, -3.735029819091833847, 0.000000000000000000 ) ) ;
#4027 = CARTESIAN_POINT ( 'NONE',  ( 4.090348123528644741, 2.593265403588363327, 3.333333333333333037 ) ) ;
#4028 = CARTESIAN_POINT ( 'NONE',  ( -5.992420882725949305, -2.535915251145073324, 5.000000000000000000 ) ) ;
#4029 = CARTESIAN_POINT ( 'NONE',  ( -3.483407893084856433, -3.232331699440120332, 10.20000054708695458 ) ) ;
#4030 = CARTESIAN_POINT ( 'NONE',  ( 4.523082045645346660, -1.395826287384887454, -5.000000000000000000 ) ) ;
#4031 = CARTESIAN_POINT ( 'NONE',  ( -2.444621929182009268, -5.079763313130677638, 10.55000000000000071 ) ) ;
#4032 = CARTESIAN_POINT ( 'NONE',  ( -3.411695169412193085, 4.763752289988439692, 10.54999999999999893 ) ) ;
#4033 = CARTESIAN_POINT ( 'NONE',  ( 0.3192155735820002005, 5.325300927323620037, -3.333333333333333037 ) ) ;
#4034 = CARTESIAN_POINT ( 'NONE',  ( 3.488578914120128882, -5.127735072203668309, 10.20000054708695636 ) ) ;
#4035 = CARTESIAN_POINT ( 'NONE',  ( 0.1227875803176914082, -4.862330847039816106, 10.55000000000000071 ) ) ;
#4036 = VERTEX_POINT ( 'NONE', #7632 ) ;
#4037 = CARTESIAN_POINT ( 'NONE',  ( 0.2839587490863189068, 5.685232189641610923, 10.55000000000000249 ) ) ;
#4038 = CARTESIAN_POINT ( 'NONE',  ( 3.013478411332711104, 5.853487255403841516, 1.666666666666666297 ) ) ;
#4039 = CARTESIAN_POINT ( 'NONE',  ( -0.4957533164124754421, 4.984815059732326858, 10.20000054708695458 ) ) ;
#4040 = CARTESIAN_POINT ( 'NONE',  ( 2.508299862615523512, -5.189072434762286967, 3.333333333333333037 ) ) ;
#4041 = CARTESIAN_POINT ( 'NONE',  ( 4.591638606239851761, -2.171363090337978363, 10.20000054708695458 ) ) ;
#4042 = CARTESIAN_POINT ( 'NONE',  ( 2.723903774536311051, 4.772220000490585257, 10.20000054708695458 ) ) ;
#4043 = CARTESIAN_POINT ( 'NONE',  ( -6.433344965106769564, -0.9757289509380819847, -5.999999999998338218 ) ) ;
#4044 = CARTESIAN_POINT ( 'NONE',  ( 2.673921665751363808, 5.679605890652218214, 5.000000000000000000 ) ) ;
#4045 = CARTESIAN_POINT ( 'NONE',  ( -2.386212255189266163, -5.421654370680125901, 10.54999999999999893 ) ) ;
#4046 = CARTESIAN_POINT ( 'NONE',  ( 0.9489162236033090725, 6.102717195356128776, 10.55000000000000426 ) ) ;
#4047 = CARTESIAN_POINT ( 'NONE',  ( -5.564139155517600521, -0.06115429241966402474, 5.000000000000000000 ) ) ;
#4048 = CARTESIAN_POINT ( 'NONE',  ( 5.678215680000000987, 0.07738645999999999026, 10.20000054708695458 ) ) ;
#4049 = CARTESIAN_POINT ( 'NONE',  ( 1.196189857666162704, 6.126970144315719402, 10.55000000000000071 ) ) ;
#4050 = CARTESIAN_POINT ( 'NONE',  ( 4.845290220893181399, -3.242771115313180630, 10.54999999999999893 ) ) ;
#4051 = CARTESIAN_POINT ( 'NONE',  ( 5.512766083254004634, -1.472591206931691099, 0.000000000000000000 ) ) ;
#4052 = CARTESIAN_POINT ( 'NONE',  ( -4.202802419151890234, 2.030697025249925236, 10.55000000000000071 ) ) ;
#4053 = CARTESIAN_POINT ( 'NONE',  ( -5.371053174174043932, -1.454363143550995829, 0.000000000000000000 ) ) ;
#4054 = CARTESIAN_POINT ( 'NONE',  ( 6.055802488548735596, 1.644253554172214526, 10.55000000000000604 ) ) ;
#4055 = CARTESIAN_POINT ( 'NONE',  ( 5.059752145698424464, -2.860573665242248431, 5.000000000000000000 ) ) ;
#4056 = CARTESIAN_POINT ( 'NONE',  ( 5.512766083254004634, -1.472591206931691099, 0.000000000000000000 ) ) ;
#4057 = CARTESIAN_POINT ( 'NONE',  ( 4.664603737341794343, -0.2133406725095742529, 10.55000000000000426 ) ) ;
#4058 = CARTESIAN_POINT ( 'NONE',  ( 6.088945427193253934, 1.242207915314738731, 10.54999999999999893 ) ) ;
#4059 = CARTESIAN_POINT ( 'NONE',  ( -3.972996821740307993, -2.573304974326865224, 0.000000000000000000 ) ) ;
#4060 = CARTESIAN_POINT ( 'NONE',  ( -1.980377392706105688, -5.886482627117490374, 10.54999999999999893 ) ) ;
#4061 = CARTESIAN_POINT ( 'NONE',  ( 4.571775429901920873, 2.836279366628511767, 10.20000054708695458 ) ) ;
#4062 = CARTESIAN_POINT ( 'NONE',  ( 4.174469671317132757, -1.743180510136451700, 10.55000000000000249 ) ) ;
#4063 = CARTESIAN_POINT ( 'NONE',  ( 2.729108392372208591, 4.849263011884231922, 5.000000000000000000 ) ) ;
#4064 = CARTESIAN_POINT ( 'NONE',  ( 4.749189404962484318, -0.9493014229605961640, -3.333333333333333037 ) ) ;
#4065 = CARTESIAN_POINT ( 'NONE',  ( -5.489297186633654846, 1.471292881111661677, 0.000000000000000000 ) ) ;
#4066 = CARTESIAN_POINT ( 'NONE',  ( -5.160145720535347813, -2.941943093431985456, 10.20000054708695458 ) ) ;
#4067 = CARTESIAN_POINT ( 'NONE',  ( -0.05254660229903260898, 5.812160726609758576, -5.999999999997446487 ) ) ;
#4068 = CARTESIAN_POINT ( 'NONE',  ( 4.452238096076973406, -2.939099262225371767, -3.333333333333333037 ) ) ;
#4069 = CARTESIAN_POINT ( 'NONE',  ( -2.455393015927811895, -5.163773817373092712, 10.55000000000000071 ) ) ;
#4070 = CARTESIAN_POINT ( 'NONE',  ( -4.217542342451182869, 2.112080370081250269, 10.55000000000000249 ) ) ;
#4071 = CARTESIAN_POINT ( 'NONE',  ( -2.669425199347730260, 4.671164775103695099, -5.000000000000000000 ) ) ;
#4072 = CARTESIAN_POINT ( 'NONE',  ( 4.836779842199590895, -4.524909023064098257, 10.20000054708695636 ) ) ;
#4073 = CARTESIAN_POINT ( 'NONE',  ( 1.811099124349136780, -4.126226445090033224, 10.54999999999999716 ) ) ;
#4074 = ORIENTED_EDGE ( 'NONE', *, *, #7877, .T. ) ;
#4075 = CARTESIAN_POINT ( 'NONE',  ( 3.189317834731914658, 4.645892071733031869, 3.333333333333333037 ) ) ;
#4076 = CARTESIAN_POINT ( 'NONE',  ( -4.414263555009020124, 4.888928570818522168, 10.20000054708695103 ) ) ;
#4077 = CARTESIAN_POINT ( 'NONE',  ( 2.711647814721307892, -5.315450139805472318, 3.333333333333333037 ) ) ;
#4078 = CARTESIAN_POINT ( 'NONE',  ( 4.918143648397878209, -2.744535640937161514, 10.20000054708695281 ) ) ;
#4079 = CARTESIAN_POINT ( 'NONE',  ( 0.9876188334726827556, 6.463069111978890113, 10.20000054708695636 ) ) ;
#4080 = CARTESIAN_POINT ( 'NONE',  ( -3.868678216693111072, -2.981429057092192636, -6.000000000000071054 ) ) ;
#4081 = CARTESIAN_POINT ( 'NONE',  ( -2.730061304038880809, -4.479154937021548655, 10.20000054708695458 ) ) ;
#4082 = CARTESIAN_POINT ( 'NONE',  ( -2.442774549663692785, -5.252870354020429566, 10.54999999999999893 ) ) ;
#4083 = CARTESIAN_POINT ( 'NONE',  ( -0.3425371881941401409, 4.654630734780987211, 10.55000000000000249 ) ) ;
#4084 = CARTESIAN_POINT ( 'NONE',  ( 2.997400859223743996, -4.979915817394206634, -5.000000000003218759 ) ) ;
#4085 = CARTESIAN_POINT ( 'NONE',  ( -5.748018482795087536, 0.4222848131969861862, 3.333333333333333037 ) ) ;
#4086 = CARTESIAN_POINT ( 'NONE',  ( 0.1364552259262346579, 5.226145630091586725, 10.54999999999999893 ) ) ;
#4087 = CARTESIAN_POINT ( 'NONE',  ( 4.692225750156279851, -3.010519890439858681, 10.54999999999999893 ) ) ;
#4088 = CARTESIAN_POINT ( 'NONE',  ( 5.811434037490126769, 0.1058673776733864980, -5.000000000000000000 ) ) ;
#4089 = CARTESIAN_POINT ( 'NONE',  ( -4.234793707618926817, 1.128445043878743448, 10.55000000000000071 ) ) ;
#4090 = CARTESIAN_POINT ( 'NONE',  ( -5.380059953839469777, 0.02379233995175580874, -5.000000000000000000 ) ) ;
#4091 = CARTESIAN_POINT ( 'NONE',  ( 5.509257501021835424, 2.450302578268820142, 10.55000000000000249 ) ) ;
#4092 = CARTESIAN_POINT ( 'NONE',  ( 2.669425199347730260, -4.671164775103693323, 5.000000000000000000 ) ) ;
#4093 = CARTESIAN_POINT ( 'NONE',  ( 5.020847479261235868, 0.1458396329591429286, 10.55000000000000782 ) ) ;
#4094 = FACE_BOUND ( 'NONE', #7453, .T. ) ;
#4095 = CARTESIAN_POINT ( 'NONE',  ( -5.123227066717332967, 0.2064956504716642105, -5.000000000000000000 ) ) ;
#4096 = CARTESIAN_POINT ( 'NONE',  ( -5.150939194589938985, 3.049831214758345066, 10.20000054708695458 ) ) ;
#4097 = CARTESIAN_POINT ( 'NONE',  ( -2.632320338225057288, -3.693438872044911392, 10.54999999999999716 ) ) ;
#4098 = CARTESIAN_POINT ( 'NONE',  ( 4.188181133681924351, -1.929554019553354705, 10.55000000000000426 ) ) ;
#4099 = CARTESIAN_POINT ( 'NONE',  ( 3.868678216692782001, 2.981429057092634505, 10.20000054708695458 ) ) ;
#4100 = CARTESIAN_POINT ( 'NONE',  ( 2.044647574793998501, -5.935250330072825875, 0.000000000000000000 ) ) ;
#4101 = CARTESIAN_POINT ( 'NONE',  ( -2.669425199348059774, 4.671164775104137412, -5.999999999997077893 ) ) ;
#4102 = CARTESIAN_POINT ( 'NONE',  ( 0.5901598843358477620, 5.049891939613061709, 1.666666666666666297 ) ) ;
#4103 = CARTESIAN_POINT ( 'NONE',  ( -0.3557420208229133962, -5.784181846751407008, 10.55000000000000071 ) ) ;
#4104 = CARTESIAN_POINT ( 'NONE',  ( -5.564139155517600521, -0.06115429241966402474, 5.000000000000000000 ) ) ;
#4105 = CARTESIAN_POINT ( 'NONE',  ( -4.613050389056259526, -2.845864777870662721, 10.20000054708695281 ) ) ;
#4106 = CARTESIAN_POINT ( 'NONE',  ( -0.3460384234886378363, 5.115696762701372968, -4.999999999997648104 ) ) ;
#4107 = CARTESIAN_POINT ( 'NONE',  ( 5.310310022141520037, -0.5112103155022512668, -3.333333333333333037 ) ) ;
#4108 = CARTESIAN_POINT ( 'NONE',  ( -2.436135939445108978, -5.280773347387350825, 10.55000000000000071 ) ) ;
#4109 = CARTESIAN_POINT ( 'NONE',  ( -4.725806115903554705, 3.036811467580466051, 10.54999999999999893 ) ) ;
#4110 = CARTESIAN_POINT ( 'NONE',  ( 0.9205061888753184318, 5.440346434162764311, -1.666666666666666297 ) ) ;
#4111 = CARTESIAN_POINT ( 'NONE',  ( 4.524403344384682946, -1.731645827392353398, 10.20000054708695458 ) ) ;
#4112 = EDGE_LOOP ( 'NONE', ( #6659, #835, #1490, #3769 ) ) ;
#4113 = CARTESIAN_POINT ( 'NONE',  ( -3.032194730250421522, 4.504852294075126551, 10.55000000000000071 ) ) ;
#4114 = CARTESIAN_POINT ( 'NONE',  ( -5.056500744508661604, 4.188525140136767355, 10.20000054708695281 ) ) ;
#4115 = CARTESIAN_POINT ( 'NONE',  ( 4.646369188651362059, -3.188622703862752150, 3.333333333333333037 ) ) ;
#4116 = CARTESIAN_POINT ( 'NONE',  ( 4.622648276911163201, -2.268704946617043916, 10.20000054708695281 ) ) ;
#4117 = CARTESIAN_POINT ( 'NONE',  ( 2.741742606179793373, 4.870483990259679707, 10.20000054708695458 ) ) ;
#4118 = AXIS2_PLACEMENT_3D ( 'NONE', #7009, #4991, #7438 ) ;
#4119 = CARTESIAN_POINT ( 'NONE',  ( 6.013043029953457186, 0.2387286294167564882, 5.000000000000000000 ) ) ;
#4120 = CARTESIAN_POINT ( 'NONE',  ( -2.097998502368278562, -5.796226679252569625, 10.55000000000000249 ) ) ;
#4121 = CARTESIAN_POINT ( 'NONE',  ( 2.741742606179793373, 4.870483990259679707, 10.20000054708695458 ) ) ;
#4122 = CARTESIAN_POINT ( 'NONE',  ( -4.749189404962484318, 0.9493014229605959420, 3.333333333333333037 ) ) ;
#4123 = CARTESIAN_POINT ( 'NONE',  ( -1.950130441297511341, -6.306246022883642333, 10.20000054708695636 ) ) ;
#4124 = CARTESIAN_POINT ( 'NONE',  ( 1.684229163835585075, 6.038828799373308520, 10.55000000000000249 ) ) ;
#4125 = CARTESIAN_POINT ( 'NONE',  ( 4.678346258787616563, -4.147234568674979194, 10.55000000000000071 ) ) ;
#4126 = CARTESIAN_POINT ( 'NONE',  ( 5.748018482795087536, -0.4222848131969865748, -3.333333333333333037 ) ) ;
#4127 = CARTESIAN_POINT ( 'NONE',  ( -4.247692938032747278, 1.075110400187463400, 10.55000000000000071 ) ) ;
#4128 = CARTESIAN_POINT ( 'NONE',  ( -5.170810158745612561, 1.486046266603244348, 0.000000000000000000 ) ) ;
#4129 = CARTESIAN_POINT ( 'NONE',  ( 5.316265711627312207, 2.548124463877023071, 10.54999999999999893 ) ) ;
#4130 = CARTESIAN_POINT ( 'NONE',  ( 1.470471587390117740, -5.489517252965714356, 0.000000000000000000 ) ) ;
#4131 = DIRECTION ( 'NONE',  ( 1.000000000000000000, 0.000000000000000000, 0.000000000000000000 ) ) ;
#4132 = CARTESIAN_POINT ( 'NONE',  ( 6.091681027160453787, 1.323032302821624429, 10.55000000000000071 ) ) ;
#4133 = CARTESIAN_POINT ( 'NONE',  ( -4.091089480663187672, 4.128796472022226993, 0.000000000000000000 ) ) ;
#4134 = CARTESIAN_POINT ( 'NONE',  ( -5.228073301794164074, 3.518781171031804877, 10.20000054708695458 ) ) ;
#4135 = CARTESIAN_POINT ( 'NONE',  ( -2.674027986621343889, -3.620362092350509542, 10.55000000000000604 ) ) ;
#4136 = CARTESIAN_POINT ( 'NONE',  ( 4.569525974024291060, -2.888956842082916587, 10.55000000000000071 ) ) ;
#4137 = CARTESIAN_POINT ( 'NONE',  ( -2.835030769196474676, 4.788108697936169555, 5.000000000000023093 ) ) ;
#4138 = CARTESIAN_POINT ( 'NONE',  ( 4.188184266425668767, -1.929615257257310645, 10.55000000000000071 ) ) ;
#4139 = CARTESIAN_POINT ( 'NONE',  ( 4.057804548095642616, -5.184456327696183919, -3.333333333333333037 ) ) ;
#4140 = CARTESIAN_POINT ( 'NONE',  ( 2.673921665751034293, 5.679605890652660527, -5.999999999998391509 ) ) ;
#4141 = CARTESIAN_POINT ( 'NONE',  ( 0.9543576300478099350, 5.553851180038733126, 1.666666666666666297 ) ) ;
#4142 = CARTESIAN_POINT ( 'NONE',  ( -0.7048768597427961247, -6.035597976779672358, 10.55000000000000249 ) ) ;
#4143 = CARTESIAN_POINT ( 'NONE',  ( -4.291007783504368511, 2.245712686074323727, 3.333333333333333037 ) ) ;
#4144 = CARTESIAN_POINT ( 'NONE',  ( -4.204600090956857272, -2.883451769063074988, 10.20000054708695636 ) ) ;
#4145 = CARTESIAN_POINT ( 'NONE',  ( -2.907966664692027692, 4.882705828916002133, -4.999999999996907363 ) ) ;
#4146 = CARTESIAN_POINT ( 'NONE',  ( -0.6933294261304658868, -4.834757971955978562, 0.000000000000000000 ) ) ;
#4147 = CARTESIAN_POINT ( 'NONE',  ( -3.097320001791860733, -3.098016890479296848, 10.54999999999999893 ) ) ;
#4148 = CARTESIAN_POINT ( 'NONE',  ( -4.786543814685071396, 3.094356560028574510, 10.55000000000000071 ) ) ;
#4149 = CARTESIAN_POINT ( 'NONE',  ( 1.950728368723061212, 6.150233710699238188, -1.666666666666666297 ) ) ;
#4150 = CARTESIAN_POINT ( 'NONE',  ( 4.943999019522615335, -2.760729645007842681, 10.20000054708695636 ) ) ;
#4151 = CARTESIAN_POINT ( 'NONE',  ( -3.123419988198143482, -3.556803324690040569, 10.20000054708695458 ) ) ;
#4152 = CARTESIAN_POINT ( 'NONE',  ( -2.526070848901889931, 5.996577392882946000, 0.000000000000000000 ) ) ;
#4153 = CARTESIAN_POINT ( 'NONE',  ( -4.108000106828492370, 4.662990916941041064, 10.55000000000000071 ) ) ;
#4154 = CARTESIAN_POINT ( 'NONE',  ( 3.155199032523682057, 5.365851228646535631, 3.333333333333333037 ) ) ;
#4155 = CARTESIAN_POINT ( 'NONE',  ( -4.444760061111541205, 4.869666949058231609, 10.20000054708695636 ) ) ;
#4156 = CARTESIAN_POINT ( 'NONE',  ( 4.291007783504368511, -2.245712686074321063, 3.333333333333333037 ) ) ;
#4157 = CARTESIAN_POINT ( 'NONE',  ( 5.103148044925633009, -4.087632987021664555, 10.20000054708695281 ) ) ;
#4158 = CARTESIAN_POINT ( 'NONE',  ( -0.3559086225910698120, 5.126917470462101889, 10.20000054708695281 ) ) ;
#4159 = CARTESIAN_POINT ( 'NONE',  ( 5.248533672560229846, 2.943904212591497149, 5.000000000000000000 ) ) ;
#4160 = CARTESIAN_POINT ( 'NONE',  ( -0.7880225552293770308, -6.425475659247159577, 10.20000054708695281 ) ) ;
#4161 = CARTESIAN_POINT ( 'NONE',  ( -2.329935385483444588, -5.527087456965026568, 10.55000000000000071 ) ) ;
#4162 = CARTESIAN_POINT ( 'NONE',  ( 2.835030769196477340, -4.788108697936173108, -5.000000000003081091 ) ) ;
#4163 = ORIENTED_EDGE ( 'NONE', *, *, #5629, .F. ) ;
#4164 = CARTESIAN_POINT ( 'NONE',  ( 2.734219318943885035, 4.839531453318363319, 10.20000054708695103 ) ) ;
#4165 = CARTESIAN_POINT ( 'NONE',  ( -5.380059953839469777, 0.02379233995175580874, 5.000000000000000000 ) ) ;
#4166 = CARTESIAN_POINT ( 'NONE',  ( -1.779037813049364924, -6.376821491051622992, 10.20000054708695458 ) ) ;
#4167 = CARTESIAN_POINT ( 'NONE',  ( -2.830995504686461217, 4.369857051979106899, 10.55000000000000249 ) ) ;
#4168 = CARTESIAN_POINT ( 'NONE',  ( 4.559541326472987599, -2.877392445148438505, 10.54999999999999893 ) ) ;
#4169 = CARTESIAN_POINT ( 'NONE',  ( -6.304921007630881924, -2.081055046146128351, 5.000000000000024869 ) ) ;
#4170 = CARTESIAN_POINT ( 'NONE',  ( -4.182978812973340510, 1.453370227767531331, 10.54999999999999716 ) ) ;
#4171 = CARTESIAN_POINT ( 'NONE',  ( -4.533687937200371998, 1.816938096579820305, 0.000000000000000000 ) ) ;
#4172 = CARTESIAN_POINT ( 'NONE',  ( 5.933693364231223732, 1.972184837683077951, 10.55000000000000071 ) ) ;
#4173 = CARTESIAN_POINT ( 'NONE',  ( 1.530097869399083210, -5.607385669498446745, 0.000000000000000000 ) ) ;
#4174 = DIRECTION ( 'NONE',  ( -1.000000000000000000, 0.000000000000000000, -0.000000000000000000 ) ) ;
#4175 = CARTESIAN_POINT ( 'NONE',  ( -5.682530617115134852, -0.07702009724794428580, -5.000000000000000000 ) ) ;
#4176 = CARTESIAN_POINT ( 'NONE',  ( -4.661244433925818775, 2.366391790819066365, 10.20000054708695281 ) ) ;
#4177 = CARTESIAN_POINT ( 'NONE',  ( -2.382719924610032791, -4.435756530862596136, 10.55000000000000249 ) ) ;
#4178 = CARTESIAN_POINT ( 'NONE',  ( 4.732465115792547472, -3.041426148570674837, 10.55000000000000071 ) ) ;
#4179 = CARTESIAN_POINT ( 'NONE',  ( 2.774563950083861918, 4.959725921755433475, 5.000000000000023093 ) ) ;
#4180 = CARTESIAN_POINT ( 'NONE',  ( 2.428801638924722894, -5.084976303599237468, -3.333333333333333037 ) ) ;
#4181 = CARTESIAN_POINT ( 'NONE',  ( -4.553079637903315380, 4.832420171272207909, -5.999999999996386002 ) ) ;
#4182 = CARTESIAN_POINT ( 'NONE',  ( -0.05254660229870321275, 5.812160726609316264, 5.000000000000000000 ) ) ;
#4183 = CARTESIAN_POINT ( 'NONE',  ( -0.2640430936482974777, -5.591933190441245927, 10.54999999999999716 ) ) ;
#4184 = CARTESIAN_POINT ( 'NONE',  ( -3.872358905603288104, -3.735029819091824521, 0.000000000000000000 ) ) ;
#4185 = CARTESIAN_POINT ( 'NONE',  ( -6.062508022920858330, -2.412733976743248299, 10.20000054708695281 ) ) ;
#4186 = CARTESIAN_POINT ( 'NONE',  ( 2.371666416849588455, 6.059304634297759229, -4.999999999998125944 ) ) ;
#4187 = CARTESIAN_POINT ( 'NONE',  ( -0.2420490677627291365, -4.727368662354399120, 0.000000000000000000 ) ) ;
#4188 = CARTESIAN_POINT ( 'NONE',  ( -5.502485069596326106, -2.850552479364355740, 10.20000054708695458 ) ) ;
#4189 = CARTESIAN_POINT ( 'NONE',  ( -4.361812337247072513, 0.7352727949225001947, 10.54999999999999893 ) ) ;
#4190 = ADVANCED_FACE ( 'NONE', ( #2646 ), #3756, .T. ) ;
#4191 = CARTESIAN_POINT ( 'NONE',  ( -2.710634745066446971, -4.647372425121903738, 10.20000054708695458 ) ) ;
#4192 = CARTESIAN_POINT ( 'NONE',  ( 4.091089480663188560, 4.128796472022226993, 0.000000000000000000 ) ) ;
#4193 = CARTESIAN_POINT ( 'NONE',  ( -3.119688533462499969, 4.588946528327195296, 10.55000000000000071 ) ) ;
#4194 = CARTESIAN_POINT ( 'NONE',  ( -5.115333495317485379, 4.057735838433577769, 10.20000054708695281 ) ) ;
#4195 = CARTESIAN_POINT ( 'NONE',  ( 6.304921007630883700, 2.081055046146127907, -5.000000000000000000 ) ) ;
#4196 = CARTESIAN_POINT ( 'NONE',  ( 5.458367543300224334, 0.009758923779667635218, 10.20000054708695458 ) ) ;
#4197 = CARTESIAN_POINT ( 'NONE',  ( -0.7859811557200349075, 4.769931676382588748, 10.20000054708695458 ) ) ;
#4198 = CARTESIAN_POINT ( 'NONE',  ( -1.138457660385625347, -6.124841787161321882, 10.54999999999999893 ) ) ;
#4199 = EDGE_CURVE ( 'NONE', #6012, #5282, #2034, .T. ) ;
#4200 = ORIENTED_EDGE ( 'NONE', *, *, #6373, .F. ) ;
#4201 = CARTESIAN_POINT ( 'NONE',  ( 2.719659410753809681, 4.610205472211283073, 10.20000054708695281 ) ) ;
#4202 = CARTESIAN_POINT ( 'NONE',  ( -3.196713850561541115, -3.638267961793404837, 3.333333333333333037 ) ) ;
#4203 = CARTESIAN_POINT ( 'NONE',  ( -2.750950059109618984, -5.450338239518518257, 10.20000054708695458 ) ) ;
#4204 = CARTESIAN_POINT ( 'NONE',  ( 6.101301784337995748, 2.362436217320261100, 10.20000054708695281 ) ) ;
#4205 = CARTESIAN_POINT ( 'NONE',  ( -3.072825332653438046, 4.540753788227158694, 10.54999999999999893 ) ) ;
#4206 = CARTESIAN_POINT ( 'NONE',  ( -6.242968098211957084, -0.5495967135245292123, 10.20000054708695281 ) ) ;
#4207 = CARTESIAN_POINT ( 'NONE',  ( 4.325414021809143250, -0.8273217334804524592, 10.55000000000000071 ) ) ;
#4208 = CARTESIAN_POINT ( 'NONE',  ( -0.07477099020677754893, -6.017315606013090346, 5.000000000000024869 ) ) ;
#4209 = CARTESIAN_POINT ( 'NONE',  ( -4.394567232764269527, 0.6595908264911113372, 10.55000000000000249 ) ) ;
#4210 = CARTESIAN_POINT ( 'NONE',  ( -4.641438671081428602, 1.383119759770208068, -1.666666666666666297 ) ) ;
#4211 = CARTESIAN_POINT ( 'NONE',  ( -3.930152937962594795, -5.185930219046911205, 0.000000000000000000 ) ) ;
#4212 = CARTESIAN_POINT ( 'NONE',  ( 6.576007866396365920, 0.3169947703697444386, 1.666666666666666297 ) ) ;
#4213 = CARTESIAN_POINT ( 'NONE',  ( 5.170810158745608121, -1.486046266603245014, 0.000000000000000000 ) ) ;
#4214 = CARTESIAN_POINT ( 'NONE',  ( -5.249873022584861104, 0.1164939274785024154, 10.20000054708695281 ) ) ;
#4215 = CARTESIAN_POINT ( 'NONE',  ( 6.055802488548735596, 1.644253554172214526, 10.55000000000000604 ) ) ;
#4216 = CARTESIAN_POINT ( 'NONE',  ( -5.170810158745612561, 1.486046266603244348, 0.000000000000000000 ) ) ;
#4217 = CARTESIAN_POINT ( 'NONE',  ( -4.524212244929650240, 1.720125527642663910, 10.20000054708695636 ) ) ;
#4218 = CARTESIAN_POINT ( 'NONE',  ( -2.184643349322925143, -5.714059250342883090, 10.54999999999999893 ) ) ;
#4219 = CARTESIAN_POINT ( 'NONE',  ( 4.600909997739990764, -2.925229627838193291, 10.54999999999999716 ) ) ;
#4220 = CARTESIAN_POINT ( 'NONE',  ( -0.6476541954606959139, 4.841088142863436694, 10.20000054708695458 ) ) ;
#4221 = CARTESIAN_POINT ( 'NONE',  ( 3.410657430924925571, 5.477055024130525140, -1.666666666666666297 ) ) ;
#4222 = CARTESIAN_POINT ( 'NONE',  ( 4.254877608664556554, -2.266870364764207224, 10.55000000000000249 ) ) ;
#4223 = CARTESIAN_POINT ( 'NONE',  ( 5.059752145698424464, -2.860573665242248431, -5.000000000000000000 ) ) ;
#4224 = CARTESIAN_POINT ( 'NONE',  ( -5.705468039007815406, -0.08215326004261605530, -4.999999999998183675 ) ) ;
#4225 = CARTESIAN_POINT ( 'NONE',  ( 3.067254368480955229, 5.888528640545021453, 0.000000000000000000 ) ) ;
#4226 = CARTESIAN_POINT ( 'NONE',  ( -3.689804543892920119, -2.901137757781257154, 1.666666666666666297 ) ) ;
#4227 = CARTESIAN_POINT ( 'NONE',  ( 2.835030769196477340, -4.788108697936173108, 5.000000000000000000 ) ) ;
#4228 = CARTESIAN_POINT ( 'NONE',  ( -2.835030769196474676, 4.788108697936169555, -4.999999999996973088 ) ) ;
#4229 = CARTESIAN_POINT ( 'NONE',  ( 1.755442576329603321, -5.037772316622269209, -1.666666666666666297 ) ) ;
#4230 = CARTESIAN_POINT ( 'NONE',  ( -4.715877746243092083, -2.855740729627955776, 10.20000054708695458 ) ) ;
#4231 = CARTESIAN_POINT ( 'NONE',  ( -4.351306334600794301, 0.7607403383181297052, 10.54999999999999716 ) ) ;
#4232 = CARTESIAN_POINT ( 'NONE',  ( 0.3207289737004439534, -4.672369764459917363, 10.55000000000000249 ) ) ;
#4233 = CARTESIAN_POINT ( 'NONE',  ( -2.799776449901752340, -5.326812330412152185, 10.20000054708695458 ) ) ;
#4234 = CARTESIAN_POINT ( 'NONE',  ( -4.844176670493843595, 3.764496644586620366, 10.54999999999999893 ) ) ;
#4235 = CARTESIAN_POINT ( 'NONE',  ( 1.950728368723061212, 6.150233710699238188, 1.666666666666666297 ) ) ;
#4236 = CARTESIAN_POINT ( 'NONE',  ( -3.106573937114396777, 5.031301219199717067, 10.20000054708695281 ) ) ;
#4237 = CARTESIAN_POINT ( 'NONE',  ( 4.873969894515741252, -1.592015537546809467, 0.000000000000000000 ) ) ;
#4238 = CARTESIAN_POINT ( 'NONE',  ( 4.737946385832756846, -0.7531209437468874279, 10.20000054708695458 ) ) ;
#4239 = CARTESIAN_POINT ( 'NONE',  ( -0.09284837162425088608, 5.582714849220061559, 10.20000054708695458 ) ) ;
#4240 = CARTESIAN_POINT ( 'NONE',  ( -5.251182211392754873, 3.439893223823211610, 5.000000000000000000 ) ) ;
#4241 = CARTESIAN_POINT ( 'NONE',  ( -1.122893642826615190, -6.474577598355544694, 10.20000054708695458 ) ) ;
#4242 = CARTESIAN_POINT ( 'NONE',  ( 1.518572041796068639, -4.483362720821384428, -5.000000000002511769 ) ) ;
#4243 = CARTESIAN_POINT ( 'NONE',  ( -2.904792276876171808, -3.926501083766585243, 10.20000054708695281 ) ) ;
#4244 = CARTESIAN_POINT ( 'NONE',  ( 2.745448920291954753, 4.882933424839807302, 10.20000054708695103 ) ) ;
#4245 = CARTESIAN_POINT ( 'NONE',  ( -2.774563950083861030, -4.959725921755433475, 5.000000000000000000 ) ) ;
#4246 = CARTESIAN_POINT ( 'NONE',  ( 0.3160959243417924003, -5.174584474511020993, 10.20000054708695458 ) ) ;
#4247 = CARTESIAN_POINT ( 'NONE',  ( 6.436869748594657992, 1.457783927427909854, 10.20000054708695636 ) ) ;
#4248 = CARTESIAN_POINT ( 'NONE',  ( -1.508551749823290100, 4.149886449551080325, 10.54999999999999893 ) ) ;
#4249 = CARTESIAN_POINT ( 'NONE',  ( -6.182517352315069381, -2.242559863127620456, 10.20000054708695281 ) ) ;
#4250 = CARTESIAN_POINT ( 'NONE',  ( 5.277983364740506111, 0.3105529992283059815, 10.55000000000000249 ) ) ;
#4251 = CARTESIAN_POINT ( 'NONE',  ( -1.350213967088334632, -6.500749273344065493, 5.000000000000024869 ) ) ;
#4252 = CARTESIAN_POINT ( 'NONE',  ( -5.736970542665864592, -2.256298531612903169, 10.54999999999999893 ) ) ;
#4253 = PRODUCT_CONTEXT ( 'NONE', #5232, 'mechanical' ) ;
#4254 = CARTESIAN_POINT ( 'NONE',  ( 4.461204045458110556, 2.495589547706345002, 10.55000000000000249 ) ) ;
#4255 = CARTESIAN_POINT ( 'NONE',  ( -5.310310022141517372, 0.5112103155022519330, -3.333333333333333037 ) ) ;
#4256 = CARTESIAN_POINT ( 'NONE',  ( -0.2456444655315777881, -5.492414460559799316, 10.55000000000000071 ) ) ;
#4257 = CARTESIAN_POINT ( 'NONE',  ( 4.208288342752712907, -1.245372036439144514, 10.54999999999999893 ) ) ;
#4258 = CARTESIAN_POINT ( 'NONE',  ( -2.907966664692027692, 4.882705828916002133, 5.000000000000023093 ) ) ;
#4259 = CARTESIAN_POINT ( 'NONE',  ( -4.254734263789686111, 4.575655213627580764, 10.55000000000000426 ) ) ;
#4260 = CARTESIAN_POINT ( 'NONE',  ( 1.122902491428185545, -4.711163676717598392, -1.666666666666666297 ) ) ;
#4261 = CARTESIAN_POINT ( 'NONE',  ( -6.304921007630881924, -2.081055046146128351, -4.999999999998872013 ) ) ;
#4262 = CARTESIAN_POINT ( 'NONE',  ( 0.4750015549338932885, 5.743902374239028497, 3.333333333333333037 ) ) ;
#4263 = CARTESIAN_POINT ( 'NONE',  ( 3.077332135361080745, -4.545432277737519122, 10.55000000000000071 ) ) ;
#4264 = CARTESIAN_POINT ( 'NONE',  ( -4.873969894515736812, -1.592015537546811466, 0.000000000000000000 ) ) ;
#4265 = CARTESIAN_POINT ( 'NONE',  ( -1.908458813630812712, -6.359292723372315770, 5.000000000000000000 ) ) ;
#4266 = CARTESIAN_POINT ( 'NONE',  ( 2.508299862615523512, -5.189072434762286967, -3.333333333333333037 ) ) ;
#4267 = CARTESIAN_POINT ( 'NONE',  ( -5.939305872089355454, -0.7238899541139668381, 10.55000000000000071 ) ) ;
#4268 = CARTESIAN_POINT ( 'NONE',  ( -0.3534438101688317513, -6.267603813795266987, 10.20000054708695458 ) ) ;
#4269 = CARTESIAN_POINT ( 'NONE',  ( 3.067254368480955229, 5.888528640545021453, 0.000000000000000000 ) ) ;
#4270 = CARTESIAN_POINT ( 'NONE',  ( -2.038825144420673752, 4.133869002641811896, 10.54999999999999893 ) ) ;
#4271 = CARTESIAN_POINT ( 'NONE',  ( 1.922560767552540240, 6.296675729077716888, 3.333333333333333037 ) ) ;
#4272 = CARTESIAN_POINT ( 'NONE',  ( -4.689164524551607371, 2.426733136144253233, 10.20000054708695458 ) ) ;
#4273 = B_SPLINE_CURVE_WITH_KNOTS ( 'NONE', 3,
 ( #7522, #6977, #1448, #7446, #2078, #3917, #3805, #1929, #6257, #3245, #2532, #6898, #5081, #6412, #2695, #751, #5042, #6376, #2040, #213, #7602, #140, #3319, #1485, #2654, #7487, #5161, #177, #1372, #3356, #5811, #1409, #4999, #2614, #5123, #828, #712, #4551, #7016, #3205, #3957, #3880, #4398, #869, #6860, #5656, #1334, #100, #5695, #2574, #3842, #4473, #6296, #6935, #789, #3281, #5732, #4514, #7564, #5354, #2268, #1024, #7201, #360, #5239, #2889, #5920, #7674, #1067, #3546, #7124, #251, #323, #2846, #4698, #1521, #7160, #4737, #909, #7794, #7716, #1679, #3395, #2732, #947, #6453, #2807, #4147, #5198, #6604, #7753, #5276, #7640, #2116, #5958, #4586, #2189, #3429, #7053, #3993, #5848, #2152, #6524, #4624, #5882, #7091, #1561, #4031, #983, #4661, #3505, #6489, #1598, #4069, #3466, #5312, #2228, #1637, #4108, #6560, #400, #7196, #2885, #5307, #2975, #3461, #5349, #1062, #7789, #4822, #5996, #7155, #2305, #1674, #7274, #4142, #6599, #5392, #3541, #4103, #528, #7832, #443, #2223, #4693, #487, #3019, #5915, #6077, #2929, #1756, #2385, #4778, #5475, #7239, #4183, #977, #4862, #1632, #6555, #1797, #6035, #5436, #6641, #1109, #697, #3793, #6199, #7987, #6803, #1835, #2472, #608, #1322, #7388, #6763, #5067, #45, #1279, #3749, #3702, #7509, #6244, #6723, #3192, #6154, #2600, #3829, #5645, #4342, #1196, #4263, #4902, #2518, #5556, #89, #4941, #653, #3147, #4984, #4304, #7474, #7432, #1914, #565, #6118, #1956, #738, #3060, #1360, #4426, #6887, #5683, #6285, #3230, #5512, #7947, #2428, #6467, #1576, #5768, #982, #2845, #7601, #1931, #2990, #1210, #6900, #1374, #2799, #6340, #792, #831, #7705, #4652, #1589, #1712, #3054, #7307, #5387, #1669, #4178, #437, #6635, #1103, #3578, #7903, #6111, #4219, #4136, #1790, #4816, #6593, #7942, #2421, #6029, #1627, #479, #1145, #3616, #394, #6549, #4098, #1014, #2969, #5430, #4257, #2258, #3495, #2337, #5342, #522, #1190, #2879, #7783, #2378, #4856, #4726, #7190, #3535, #5992, #2923, #6755, #3140, #36, #6317, #1868, #6840, #772, #7982, #7424, #646 ),
 .UNSPECIFIED., .F., .F.,
 ( 4, 2, 2, 2, 2, 2, 2, 2, 2, 2, 2, 2, 2, 2, 2, 2, 2, 2, 2, 2, 2, 2, 2, 2, 2, 2, 2, 2, 2, 2, 2, 2, 2, 2, 2, 2, 2, 2, 2, 2, 2, 2, 2, 2, 2, 2, 2, 2, 2, 2, 2, 2, 2, 2, 2, 2, 2, 2, 2, 2, 2, 2, 2, 2, 2, 2, 2, 2, 2, 2, 2, 2, 2, 2, 2, 2, 2, 2, 2, 2, 2, 2, 2, 2, 2, 2, 2, 2, 2, 2, 2, 2, 2, 2, 2, 2, 2, 2, 2, 2, 2, 2, 2, 2, 2, 2, 2, 2, 2, 2, 2, 2, 2, 2, 2, 2, 2, 2, 2, 2, 2, 2, 2, 2, 2, 2, 2, 2, 2, 2, 2, 2, 2, 2, 2, 2, 2, 2, 2, 2, 2, 2, 2, 2, 2, 4 ),
 ( 0.5000000000000000000, 0.5078124999999987788, 0.5097656249999984457, 0.5117187499999982236, 0.5136718749999978906, 0.5146484374999977796, 0.5156249999999975575, 0.5161132812499975575, 0.5166015624999974465, 0.5175781249999973355, 0.5185546874999971134, 0.5195312499999968914, 0.5205078124999967804, 0.5214843749999965583, 0.5234374999999962252, 0.5273437499999955591, 0.5292968749999952260, 0.5312499999999947820, 0.5332031249999944489, 0.5351562499999941158, 0.5390624999999934497, 0.5468749999999921174, 0.5546874999999907851, 0.5624999999999894529, 0.5664062499999887867, 0.5703124999999881206, 0.5742187499999874545, 0.5761718749999870104, 0.5781249999999866773, 0.5820312499999859002, 0.5839843749999854561, 0.5859374999999851230, 0.5869140624999849010, 0.5878906249999846789, 0.5888671874999844569, 0.5898437499999842348, 0.5917968749999837907, 0.5937499999999833467, 0.6015624999999817923, 0.6054687499999811262, 0.6093749999999803491, 0.6249999999999773515, 0.6289062499999765743, 0.6328124999999757971, 0.6406249999999742428, 0.6562499999999711342, 0.6601562499999703570, 0.6640624999999695799, 0.6718749999999680256, 0.6796874999999664713, 0.6835937499999656941, 0.6845703124999654721, 0.6855468749999652500, 0.6860351562499651390, 0.6865234374999650280, 0.6874999999999649170, 0.6879882812499646949, 0.6884765624999646949, 0.6894531249999644729, 0.6914062499999641398, 0.6953124999999634737, 0.6992187499999628075, 0.7011718749999624745, 0.7031249999999621414, 0.7109374999999608091, 0.7187499999999593658, 0.7265624999999580336, 0.7343749999999565903, 0.7421874999999551470, 0.7460937499999544809, 0.7470703124999543698, 0.7480468749999541478, 0.7490234374999540368, 0.7495117187499539257, 0.7499999999999538147, 0.7504882812499538147, 0.7507324218749538147, 0.7509765624999537037, 0.7510986328124537037, 0.7512207031249537037, 0.7514648437499537037, 0.7519531249999537037, 0.7539062499999540368, 0.7558593749999542588, 0.7568359374999543698, 0.7578124999999544809, 0.7617187499999550360, 0.7656249999999555911, 0.7734374999999567013, 0.7753906249999569233, 0.7773437499999571454, 0.7812499999999577005, 0.8124999999999620304, 0.8281249999999640288, 0.8359374999999651390, 0.8378906249999653610, 0.8388671874999655831, 0.8398437499999655831, 0.8417968749999658051, 0.8427734374999659162, 0.8432617187499660272, 0.8437499999999660272, 0.8439941406249660272, 0.8442382812499660272, 0.8447265624999661382, 0.8457031249999662492, 0.8476562499999666933, 0.8496093749999670264, 0.8515624999999673594, 0.8554687499999681366, 0.8593749999999689138, 0.8749999999999718003, 0.8828124999999733546, 0.8906249999999747979, 0.8945312499999755751, 0.8984374999999763522, 0.8994140624999764633, 0.8999023437499765743, 0.9003906249999766853, 0.9013671874999769074, 0.9018554687499769074, 0.9020996093749770184, 0.9023437499999771294, 0.9042968749999775735, 0.9062499999999780176, 0.9072265624999782396, 0.9082031249999784617, 0.9101562499999789058, 0.9140624999999799050, 0.9218749999999817923, 0.9257812499999827915, 0.9296874999999837907, 0.9374999999999855671, 0.9453124999999875655, 0.9492187499999884537, 0.9501953124999886757, 0.9511718749999888978, 0.9521484374999891198, 0.9531249999999894529, 0.9687499999999928946, 0.9843749999999964473, 0.9921874999999982236, 0.9960937499999991118, 0.9980468749999995559, 0.9990234374999997780, 1.000000000000000000 ),
 .UNSPECIFIED. ) ;
#4274 = CARTESIAN_POINT ( 'NONE',  ( 5.992420882725946640, 2.535915251145075544, -5.000000000000000000 ) ) ;
#4275 = CARTESIAN_POINT ( 'NONE',  ( 4.542735777799432384, -1.941989221311836378, 10.20000054708695814 ) ) ;
#4276 = CARTESIAN_POINT ( 'NONE',  ( -0.1714866039595998315, 5.392575856571489190, 10.20000054708695281 ) ) ;
#4277 = CARTESIAN_POINT ( 'NONE',  ( -2.238542883474432088, -6.132172972222141638, 10.20000054708695458 ) ) ;
#4278 = CARTESIAN_POINT ( 'NONE',  ( -2.358138312139737458, 4.185677845987303414, 10.54999999999999893 ) ) ;
#4279 = CARTESIAN_POINT ( 'NONE',  ( 1.641420958787762174, 6.418927002452511132, 10.20000054708695636 ) ) ;
#4280 = CARTESIAN_POINT ( 'NONE',  ( -2.874891515540369369, -3.948492002339770490, 5.000000000000000000 ) ) ;
#4281 = CARTESIAN_POINT ( 'NONE',  ( -0.4658639032099345934, -6.304354981981945549, 10.20000054708695458 ) ) ;
#4282 = CARTESIAN_POINT ( 'NONE',  ( 6.370244180580503013, 1.821021462571917215, 10.20000054708695281 ) ) ;
#4283 = CARTESIAN_POINT ( 'NONE',  ( -0.1456739077647568603, 4.837770161557894966, 10.54999999999999893 ) ) ;
#4284 = CARTESIAN_POINT ( 'NONE',  ( 4.867726413662023077, 0.01404903613756949311, 10.55000000000000249 ) ) ;
#4285 = CARTESIAN_POINT ( 'NONE',  ( -3.123419988198143482, -3.556803324690040569, 10.20000054708695458 ) ) ;
#4286 = CARTESIAN_POINT ( 'NONE',  ( -5.768432777716095750, -0.5091669137187829763, 10.55000000000000071 ) ) ;
#4287 = CARTESIAN_POINT ( 'NONE',  ( 2.601324642504321272, 3.750309513562276376, 10.55000000000000249 ) ) ;
#4288 = CARTESIAN_POINT ( 'NONE',  ( 5.380059953839147369, -0.02379233995131168136, -6.000000000001807443 ) ) ;
#4289 = CARTESIAN_POINT ( 'NONE',  ( 3.872358905603289436, -3.735029819091833847, 0.000000000000000000 ) ) ;
#4290 = EDGE_CURVE ( 'NONE', #5282, #5738, #1005, .T. ) ;
#4291 = CARTESIAN_POINT ( 'NONE',  ( -5.678215680728424530, -0.07738646014290460895, 5.000000000000012434 ) ) ;
#4292 = CARTESIAN_POINT ( 'NONE',  ( 4.203576957917047885, 2.525949856254914749, 10.55000000000000071 ) ) ;
#4293 = CARTESIAN_POINT ( 'NONE',  ( -4.553079637902985866, 4.832420171271765597, -5.000000000000000000 ) ) ;
#4294 = CARTESIAN_POINT ( 'NONE',  ( -4.525378591531563188, 1.578757811339465134, 10.20000054708695458 ) ) ;
#4295 = CARTESIAN_POINT ( 'NONE',  ( -0.6000739563377619490, -5.979182174522263971, 10.55000000000000249 ) ) ;
#4296 = CARTESIAN_POINT ( 'NONE',  ( 6.054748894702351336, 0.9990033491655333497, 10.55000000000000071 ) ) ;
#4297 = CARTESIAN_POINT ( 'NONE',  ( 0.07477099020677412111, 6.017315606013082352, 5.000000000000023093 ) ) ;
#4298 = CARTESIAN_POINT ( 'NONE',  ( 3.930152937962594795, 5.185930219046908540, 0.000000000000000000 ) ) ;
#4299 = CARTESIAN_POINT ( 'NONE',  ( -3.129705085337732395, 4.599512293929336693, 10.55000000000000071 ) ) ;
#4300 = CARTESIAN_POINT ( 'NONE',  ( -0.5901598843358483171, -5.049891939613062597, -1.666666666666666297 ) ) ;
#4301 = CARTESIAN_POINT ( 'NONE',  ( 4.536034596739802360, -1.889748401524039556, 10.20000054708695281 ) ) ;
#4302 = CARTESIAN_POINT ( 'NONE',  ( 5.604626029811432986, 2.827710600054146095, -6.000000000000619060 ) ) ;
#4303 = CARTESIAN_POINT ( 'NONE',  ( -5.173762681679801467, 3.073411379804812604, 5.000000000000000000 ) ) ;
#4304 = CARTESIAN_POINT ( 'NONE',  ( 3.240733771007995312, -4.706989705371608324, 10.55000000000000071 ) ) ;
#4305 = CARTESIAN_POINT ( 'NONE',  ( -5.416526759925428536, -1.969588487282300404, 1.666666666666666297 ) ) ;
#4306 = CARTESIAN_POINT ( 'NONE',  ( -2.814033178045508787, -5.085783199819224443, 5.000000000000000000 ) ) ;
#4307 = CARTESIAN_POINT ( 'NONE',  ( 4.882270699514533518, 2.908697158505072711, -5.000000000000347278 ) ) ;
#4308 = CARTESIAN_POINT ( 'NONE',  ( 3.562529458288298034, -5.536492484120604018, -1.666666666666666297 ) ) ;
#4309 = CARTESIAN_POINT ( 'NONE',  ( -4.676910256969406987, -2.850617060999071750, 10.20000054708695458 ) ) ;
#4310 = CARTESIAN_POINT ( 'NONE',  ( -6.030412628947037668, -1.735573747857929838, 10.54999999999999893 ) ) ;
#4311 = CARTESIAN_POINT ( 'NONE',  ( 0.7818029051865204027, -4.374118434156230251, 10.55000000000000249 ) ) ;
#4312 = CARTESIAN_POINT ( 'NONE',  ( 4.117753766068318555, 4.738341904635169577, 0.000000000000000000 ) ) ;
#4313 = CARTESIAN_POINT ( 'NONE',  ( -4.748935299382696762, 3.054178296863326647, 10.55000000000000071 ) ) ;
#4314 = CARTESIAN_POINT ( 'NONE',  ( -1.552475556725907646, 4.587569381479215558, 3.333333333333333037 ) ) ;
#4315 = CARTESIAN_POINT ( 'NONE',  ( -4.536420520222613995, 1.438012159392832334, 10.20000054708695458 ) ) ;
#4316 = CARTESIAN_POINT ( 'NONE',  ( 4.078254761772208248, -3.036039421225010582, 1.666666666666666297 ) ) ;
#4317 = CARTESIAN_POINT ( 'NONE',  ( 4.890674676254819886, -0.4958499043328626343, 10.20000054708695991 ) ) ;
#4318 = CARTESIAN_POINT ( 'NONE',  ( -0.2035685891655701907, 5.336325648234255148, 10.20000054708695636 ) ) ;
#4319 = LINE ( 'NONE', #1253, #4619 ) ;
#4320 = CARTESIAN_POINT ( 'NONE',  ( -2.612861264357350333, 4.265542753719136826, 10.54999999999999893 ) ) ;
#4321 = CARTESIAN_POINT ( 'NONE',  ( 3.518536185582711528, 3.328043921247044512, -1.666666666666666297 ) ) ;
#4322 = ORIENTED_EDGE ( 'NONE', *, *, #7720, .T. ) ;
#4323 = CARTESIAN_POINT ( 'NONE',  ( -0.08012534990032385562, 5.640673969141150934, 10.20000054708695458 ) ) ;
#4324 = CARTESIAN_POINT ( 'NONE',  ( -3.665404046457295451, -4.447792047954561845, 1.666666666666666297 ) ) ;
#4325 = CARTESIAN_POINT ( 'NONE',  ( 0.6674490572350020301, -4.847182135886599852, 10.20000054708695636 ) ) ;
#4326 = CARTESIAN_POINT ( 'NONE',  ( 6.430452094110988170, 1.525211887616170658, 10.20000054708695281 ) ) ;
#4327 = CARTESIAN_POINT ( 'NONE',  ( -2.612861264357350333, 4.265542753719136826, 10.54999999999999893 ) ) ;
#4328 = CARTESIAN_POINT ( 'NONE',  ( -5.843862583187356741, -2.636995034819877848, 10.20000054708695281 ) ) ;
#4329 = CARTESIAN_POINT ( 'NONE',  ( 5.678215680000000987, 0.07738645999999999026, 10.20000054708695458 ) ) ;
#4330 = CARTESIAN_POINT ( 'NONE',  ( -2.371666416849585346, -6.059304634297760117, 10.20000054708695458 ) ) ;
#4331 = CARTESIAN_POINT ( 'NONE',  ( -6.089272027897844275, -1.247234551403302083, 10.54999999999999893 ) ) ;
#4332 = CARTESIAN_POINT ( 'NONE',  ( 5.678215679999671472, 0.07738646000044288598, -6.000000000001861622 ) ) ;
#4333 = CARTESIAN_POINT ( 'NONE',  ( 6.067031601119569295, 1.591737575761066337, 10.55000000000000249 ) ) ;
#4334 = CARTESIAN_POINT ( 'NONE',  ( -2.669425199347730260, 4.671164775103695099, -5.000000000000000000 ) ) ;
#4335 = CARTESIAN_POINT ( 'NONE',  ( 0.04271708172931970582, -4.955958031394548158, 10.54999999999999893 ) ) ;
#4336 = CARTESIAN_POINT ( 'NONE',  ( 5.833553763855025664, 0.5735640914178579131, 10.55000000000000071 ) ) ;
#4337 = CARTESIAN_POINT ( 'NONE',  ( -5.380059953839469777, 0.02379233995175580874, 5.000000000000023093 ) ) ;
#4338 = CARTESIAN_POINT ( 'NONE',  ( -2.044647574794004719, -5.935250330072831204, 0.000000000000000000 ) ) ;
#4339 = CARTESIAN_POINT ( 'NONE',  ( 5.041855086147980280, -2.842223362985063506, 10.20000054708695281 ) ) ;
#4340 = CARTESIAN_POINT ( 'NONE',  ( 5.007205532965936179, 2.951587071971880416, -6.000000000000367706 ) ) ;
#4341 = CARTESIAN_POINT ( 'NONE',  ( -1.298451264820542184, 5.221076087381562481, 0.000000000000000000 ) ) ;
#4342 = CARTESIAN_POINT ( 'NONE',  ( 3.020892889360052180, -4.495424728698993455, 10.55000000000000426 ) ) ;
#4343 = CARTESIAN_POINT ( 'NONE',  ( -5.286955024260614699, -1.950427640242798466, 1.666666666666666297 ) ) ;
#4344 = CARTESIAN_POINT ( 'NONE',  ( 1.052720001348083079, -4.615017103915213248, 5.000000000000000000 ) ) ;
#4345 = CARTESIAN_POINT ( 'NONE',  ( -4.117753766068320331, -4.738341904635167801, 0.000000000000000000 ) ) ;
#4346 = CARTESIAN_POINT ( 'NONE',  ( -6.051389662332903541, -1.003844057291576330, 10.54999999999999716 ) ) ;
#4347 = CARTESIAN_POINT ( 'NONE',  ( -0.6476541954606959139, 4.841088142863436694, 10.20000054708695458 ) ) ;
#4348 = CARTESIAN_POINT ( 'NONE',  ( 5.790551135911332636, 2.284109871747715292, 3.333333333333333037 ) ) ;
#4349 = CARTESIAN_POINT ( 'NONE',  ( -4.821616989604476267, 3.173494726011845124, 10.54999999999999893 ) ) ;
#4350 = CARTESIAN_POINT ( 'NONE',  ( -0.07787028463680581436, 5.682519034184775997, 5.000000000000000000 ) ) ;
#4351 = CARTESIAN_POINT ( 'NONE',  ( -4.858606720897717501, 2.688006860140019771, 10.20000054708695103 ) ) ;
#4352 = CARTESIAN_POINT ( 'NONE',  ( 0.8000434083654105466, 6.457546346331824338, -5.000000000000000000 ) ) ;
#4353 = CARTESIAN_POINT ( 'NONE',  ( 5.583135061079881112, 0.05929723833286051210, 10.20000054708695636 ) ) ;
#4354 = CARTESIAN_POINT ( 'NONE',  ( -2.749668252493142617, 4.730208661836505790, 10.20000054708695281 ) ) ;
#4355 = CARTESIAN_POINT ( 'NONE',  ( -6.255643805310284300, -0.5241188672390326708, -5.000000000000000000 ) ) ;
#4356 = CARTESIAN_POINT ( 'NONE',  ( -0.1346301119758546716, -6.061885353002213428, 10.20000054708695458 ) ) ;
#4357 = CARTESIAN_POINT ( 'NONE',  ( -1.462318462948770215, -6.100884694939384012, 10.55000000000000249 ) ) ;
#4358 = CARTESIAN_POINT ( 'NONE',  ( 5.416526759925426759, 1.969588487282300848, -1.666666666666666297 ) ) ;
#4359 = EDGE_LOOP ( 'NONE', ( #1602, #7329, #291, #64 ) ) ;
#4360 = CARTESIAN_POINT ( 'NONE',  ( 1.805724748645747280, 6.367136372790159093, 10.20000054708695636 ) ) ;
#4361 = CARTESIAN_POINT ( 'NONE',  ( -3.718589996354463967, -2.864148441214862117, 3.333333333333333037 ) ) ;
#4362 = CARTESIAN_POINT ( 'NONE',  ( -0.07612626076506880113, -5.996515891407734777, 10.20000054708695458 ) ) ;
#4363 = CARTESIAN_POINT ( 'NONE',  ( 6.013064057749352820, 0.2582088017621466114, 10.20000054708695458 ) ) ;
#4364 = CARTESIAN_POINT ( 'NONE',  ( -6.336852489630356189, -0.7480153191361699205, 10.20000054708695458 ) ) ;
#4365 = CARTESIAN_POINT ( 'NONE',  ( 4.222375746422898146, -1.184700725668337951, 10.55000000000000604 ) ) ;
#4366 = CARTESIAN_POINT ( 'NONE',  ( -2.774563950083861030, -4.959725921755433475, 10.20000054708695458 ) ) ;
#4367 = CARTESIAN_POINT ( 'NONE',  ( -6.022131205166914469, -1.761738144654376503, 10.55000000000000071 ) ) ;
#4368 = CARTESIAN_POINT ( 'NONE',  ( 2.907966664691695957, -4.882705828915556268, -6.000000000003145040 ) ) ;
#4369 = CARTESIAN_POINT ( 'NONE',  ( 6.633242581027162466, -0.2879441185641440915, 0.000000000000000000 ) ) ;
#4370 = CARTESIAN_POINT ( 'NONE',  ( 0.07787028463647610588, -5.682519034184333684, -6.000000000002578382 ) ) ;
#4371 = CARTESIAN_POINT ( 'NONE',  ( 4.926223717439671468, 2.548457726321327943, 10.54999999999999893 ) ) ;
#4372 = CARTESIAN_POINT ( 'NONE',  ( -4.736864590686677090, 3.283314600835574026, -3.333333333333333037 ) ) ;
#4373 = CARTESIAN_POINT ( 'NONE',  ( -4.587014569552273713, 1.161269440114095941, 10.20000054708695458 ) ) ;
#4374 = CARTESIAN_POINT ( 'NONE',  ( -1.049789442423006980, -6.117956556657674128, 10.54999999999999893 ) ) ;
#4375 = CARTESIAN_POINT ( 'NONE',  ( 5.200138712486160664, 2.581397235718647210, 10.55000000000000249 ) ) ;
#4376 = CARTESIAN_POINT ( 'NONE',  ( -5.059752145698420911, 2.860573665242247099, 5.000000000000023093 ) ) ;
#4377 = CARTESIAN_POINT ( 'NONE',  ( 2.740444013175200588, 4.333596967199334848, -5.000000000000000000 ) ) ;
#4378 = CARTESIAN_POINT ( 'NONE',  ( -3.696152756147328411, 4.776550678155239815, 10.55000000000000426 ) ) ;
#4379 = CARTESIAN_POINT ( 'NONE',  ( 0.3460384234886361710, -5.115696762701375633, -5.000000000000000000 ) ) ;
#4380 = CARTESIAN_POINT ( 'NONE',  ( 4.738757771216216774, -2.519357503919135155, 10.20000054708695636 ) ) ;
#4381 = CARTESIAN_POINT ( 'NONE',  ( -0.1220607304236060869, -5.082794351157219559, 3.333333333333333037 ) ) ;
#4382 = CARTESIAN_POINT ( 'NONE',  ( 6.461538437134441537, 1.526872548237964144, -6.000000000001477929 ) ) ;
#4383 = CARTESIAN_POINT ( 'NONE',  ( -4.553079637902985866, 4.832420171271765597, 5.000000000000000000 ) ) ;
#4384 = AXIS2_PLACEMENT_3D ( 'NONE', #781, #51, #6250 ) ;
#4385 = CARTESIAN_POINT ( 'NONE',  ( 5.059752145698424464, -2.860573665242248431, 5.000000000000000000 ) ) ;
#4386 = CARTESIAN_POINT ( 'NONE',  ( -3.695205439896792399, -4.685349591553732651, -1.666666666666666297 ) ) ;
#4387 = CARTESIAN_POINT ( 'NONE',  ( -5.884562336090850110, -2.058783333365359791, 10.55000000000000071 ) ) ;
#4388 = CARTESIAN_POINT ( 'NONE',  ( 2.500000000000000000, 0.000000000000000000, 10.19999999999907558 ) ) ;
#4389 = DIRECTION ( 'NONE',  ( 0.000000000000000000, 1.000000000000000000, 4.427708200083174660E-13 ) ) ;
#4390 = CARTESIAN_POINT ( 'NONE',  ( 4.388978061817071286, -4.477018925598970966, 10.55000000000000426 ) ) ;
#4391 = CARTESIAN_POINT ( 'NONE',  ( -4.571775429901919097, -2.836279366628511767, -4.999999999999777067 ) ) ;
#4392 = ADVANCED_FACE ( 'NONE', ( #820 ), #5536, .T. ) ;
#4393 = CARTESIAN_POINT ( 'NONE',  ( -5.485244519539224761, 1.469766839973421835, 0.000000000000000000 ) ) ;
#4394 = CARTESIAN_POINT ( 'NONE',  ( -4.173619807459181708, 1.564691224813781423, 10.55000000000000071 ) ) ;
#4395 = CARTESIAN_POINT ( 'NONE',  ( 0.2463348856000775466, 4.836868028925130680, 1.666666666666666297 ) ) ;
#4396 = CARTESIAN_POINT ( 'NONE',  ( -4.938023482606459069, 2.760239618029263209, 10.20000054708695103 ) ) ;
#4397 = CARTESIAN_POINT ( 'NONE',  ( 4.257304147301131714, 2.857526457809149711, -5.000000000000000000 ) ) ;
#4398 = CARTESIAN_POINT ( 'NONE',  ( -6.095334000393727969, -1.358357498175541744, 10.55000000000000071 ) ) ;
#4399 = CARTESIAN_POINT ( 'NONE',  ( -2.582759773633537481, 4.635003671577933027, 10.20000054708695281 ) ) ;
#4400 = CARTESIAN_POINT ( 'NONE',  ( -4.091089480663187672, 4.128796472022226993, 0.000000000000000000 ) ) ;
#4401 = CARTESIAN_POINT ( 'NONE',  ( 0.4697580622814170326, -5.008686333571596982, 10.20000054708695458 ) ) ;
#4402 = CARTESIAN_POINT ( 'NONE',  ( 3.196713850561539338, 3.638267961793411054, -3.333333333333333037 ) ) ;
#4403 = ORIENTED_EDGE ( 'NONE', *, *, #2963, .F. ) ;
#4404 = CARTESIAN_POINT ( 'NONE',  ( -2.744173137450417244, -4.388865821244187337, 10.20000054708695458 ) ) ;
#4405 = CARTESIAN_POINT ( 'NONE',  ( 1.902030329797411934, 6.328206928706541667, 10.20000054708695458 ) ) ;
#4406 = CARTESIAN_POINT ( 'NONE',  ( -1.058259038248090533, -5.016989528068906523, 0.000000000000000000 ) ) ;
#4407 = CARTESIAN_POINT ( 'NONE',  ( 0.1669924494865172859, -5.400859359240029356, 10.20000054708695814 ) ) ;
#4408 = CARTESIAN_POINT ( 'NONE',  ( 4.227190489639770732, 2.878446085576407576, 10.20000054708695281 ) ) ;
#4409 = CARTESIAN_POINT ( 'NONE',  ( -4.516332414954611352, 1.859659088761147050, -4.999999999997716493 ) ) ;
#4410 = CARTESIAN_POINT ( 'NONE',  ( 5.968384844586411830, 2.520093211768953623, 10.20000054708695458 ) ) ;
#4411 = CARTESIAN_POINT ( 'NONE',  ( 3.581722154483869325, -5.155487022040585288, 10.20000054708695458 ) ) ;
#4412 = CARTESIAN_POINT ( 'NONE',  ( -5.884562336090850110, -2.058783333365359791, 10.55000000000000071 ) ) ;
#4413 = CARTESIAN_POINT ( 'NONE',  ( 2.406809074234145029, 4.288023517474630175, 10.54999999999999893 ) ) ;
#4414 = CARTESIAN_POINT ( 'NONE',  ( 5.084612861887574553, 2.429562399373935921, 3.333333333333333037 ) ) ;
#4415 = CARTESIAN_POINT ( 'NONE',  ( 2.430765635743231012, 4.186910054101684153, 10.55000000000000249 ) ) ;
#4416 = CARTESIAN_POINT ( 'NONE',  ( -1.093064383784954297, 4.564698034665722659, -3.333333333333333037 ) ) ;
#4417 = CARTESIAN_POINT ( 'NONE',  ( -4.523870254790393730, 1.626166931909134306, 10.20000054708694925 ) ) ;
#4418 = CARTESIAN_POINT ( 'NONE',  ( 2.116291285189405347, -4.142275375032451912, 10.54999999999999893 ) ) ;
#4419 = CARTESIAN_POINT ( 'NONE',  ( 4.972772065739586189, 2.566429862516077520, 10.55000000000000249 ) ) ;
#4420 = CARTESIAN_POINT ( 'NONE',  ( -4.863591316241459239, 2.703491047103844469, 5.000000000000023093 ) ) ;
#4421 = CARTESIAN_POINT ( 'NONE',  ( 3.689804543892921451, 2.901137757781255377, -1.666666666666666297 ) ) ;
#4422 = CARTESIAN_POINT ( 'NONE',  ( -4.181209346813990813, 4.619964774056493084, 10.55000000000000426 ) ) ;
#4423 = CARTESIAN_POINT ( 'NONE',  ( -0.07477099020677754893, -6.017315606013090346, -5.000000000000000000 ) ) ;
#4424 = CARTESIAN_POINT ( 'NONE',  ( 5.284107578360541346, -0.09552945694513466368, 10.20000054708695281 ) ) ;
#4425 = CARTESIAN_POINT ( 'NONE',  ( -2.371666416849585346, -6.059304634297760117, 5.000000000000000000 ) ) ;
#4426 = CARTESIAN_POINT ( 'NONE',  ( 3.345767459354033857, -4.747004037395224252, 10.55000000000000071 ) ) ;
#4427 = CARTESIAN_POINT ( 'NONE',  ( 0.07787028463680549517, -5.682519034184775997, -5.000000000000000000 ) ) ;
#4428 = CARTESIAN_POINT ( 'NONE',  ( -0.3534438101688317513, -6.267603813795266987, -5.000000000000000000 ) ) ;
#4429 = CARTESIAN_POINT ( 'NONE',  ( -5.388487561595093567, -0.3623508230118062112, 10.54999999999999893 ) ) ;
#4430 = CARTESIAN_POINT ( 'NONE',  ( -0.1704022720372709576, 5.377413347294648815, 10.20000054708695458 ) ) ;
#4431 = CARTESIAN_POINT ( 'NONE',  ( 5.564139155517589863, 0.06115429241966183899, 5.000000000000000000 ) ) ;
#4432 = CARTESIAN_POINT ( 'NONE',  ( -2.729108392372209924, -4.849263011884232810, -5.000000000001275424 ) ) ;
#4433 = CARTESIAN_POINT ( 'NONE',  ( 5.248533672560229846, 2.943904212591497149, 5.000000000000000000 ) ) ;
#4434 = CARTESIAN_POINT ( 'NONE',  ( -4.552101272431645640, 0.3719487429063745298, 10.55000000000000071 ) ) ;
#4435 = CARTESIAN_POINT ( 'NONE',  ( -4.065683152054125671, 2.631766283387499961, 1.666666666666666297 ) ) ;
#4436 = CARTESIAN_POINT ( 'NONE',  ( -4.581244245009509442, 2.132783484140686969, 10.20000054708695458 ) ) ;
#4437 = CARTESIAN_POINT ( 'NONE',  ( 2.729108392372208591, 4.849263011884231922, -5.000000000000000000 ) ) ;
#4438 = PLANE ( 'NONE',  #104 ) ;
#4439 = CARTESIAN_POINT ( 'NONE',  ( -2.099868848323544146, 4.493084073060954253, 10.20000054708695458 ) ) ;
#4440 = CARTESIAN_POINT ( 'NONE',  ( -4.873372729617942767, 3.872709450760531968, -3.333333333333333037 ) ) ;
#4441 = CARTESIAN_POINT ( 'NONE',  ( 1.276398887635307178, -4.556745589543288233, 10.20000054708695636 ) ) ;
#4442 = CARTESIAN_POINT ( 'NONE',  ( -0.4071160013560042867, -5.838720323443242322, 10.54999999999999893 ) ) ;
#4443 = CARTESIAN_POINT ( 'NONE',  ( -3.217452688092178104, -3.476670285525124360, 10.20000054708695281 ) ) ;
#4444 = CARTESIAN_POINT ( 'NONE',  ( 3.945042019279604073, 3.924286919456762224, 0.000000000000000000 ) ) ;
#4445 = VERTEX_POINT ( 'NONE', #4545 ) ;
#4446 = CARTESIAN_POINT ( 'NONE',  ( 0.6769558402903880223, 6.392909033372422556, 10.20000054708695458 ) ) ;
#4447 = CARTESIAN_POINT ( 'NONE',  ( 0.09050372642129654588, -5.563739157988876194, 5.000000000000000000 ) ) ;
#4448 = CARTESIAN_POINT ( 'NONE',  ( 2.766713964778039880, -4.741958468611006339, 10.20000054708695458 ) ) ;
#4449 = CARTESIAN_POINT ( 'NONE',  ( 2.780711670685506842, 4.235527200499029199, 10.20000054708695636 ) ) ;
#4450 = CARTESIAN_POINT ( 'NONE',  ( 6.301793067254989111, 2.011852162870159777, 10.20000054708695281 ) ) ;
#4451 = CARTESIAN_POINT ( 'NONE',  ( 4.863591316241458351, -2.703491047103842249, 10.20000054708695458 ) ) ;
#4452 = CARTESIAN_POINT ( 'NONE',  ( -4.961245727070610734, -2.561593455570168043, 10.54999999999999893 ) ) ;
#4453 = CARTESIAN_POINT ( 'NONE',  ( 2.370919049534412792, 4.571956965613559909, 10.54999999999999538 ) ) ;
#4454 = CARTESIAN_POINT ( 'NONE',  ( 2.412268053616380747, 5.357703473963478125, 10.54999999999999716 ) ) ;
#4455 = CARTESIAN_POINT ( 'NONE',  ( 4.960140980963032575, -2.773821869950011454, -5.000000000002889244 ) ) ;
#4456 = CARTESIAN_POINT ( 'NONE',  ( -4.350894455684721329, 4.764497176725710048, -1.666666666666666297 ) ) ;
#4457 = CARTESIAN_POINT ( 'NONE',  ( 0.7544886367013863282, -4.387784309777361891, 10.54999999999999893 ) ) ;
#4458 = CARTESIAN_POINT ( 'NONE',  ( 2.500000000000000000, 0.000000000000000000, -10.64999999999721325 ) ) ;
#4459 = CARTESIAN_POINT ( 'NONE',  ( 5.449465857265455071, 2.431124405394460730, -3.333333333333333037 ) ) ;
#4460 = CARTESIAN_POINT ( 'NONE',  ( -0.8088334192012722745, -5.273188507352591259, -1.666666666666666297 ) ) ;
#4461 = CARTESIAN_POINT ( 'NONE',  ( 0.3679468410871759576, -4.634038215840435626, 10.55000000000000071 ) ) ;
#4462 = CARTESIAN_POINT ( 'NONE',  ( -2.774563950083861030, -4.959725921755433475, -5.000000000000000000 ) ) ;
#4463 = CARTESIAN_POINT ( 'NONE',  ( 4.641992031678049635, -0.9265593960868537815, -6.000000000001977085 ) ) ;
#4464 = CARTESIAN_POINT ( 'NONE',  ( -1.480912986585613877, -6.046034824646977057, -1.666666666666666297 ) ) ;
#4465 = CARTESIAN_POINT ( 'NONE',  ( -5.553524503906073662, -2.419867576698637279, 10.55000000000000249 ) ) ;
#4466 = CARTESIAN_POINT ( 'NONE',  ( -5.168171841548298673, 0.1864090903507759078, 10.20000054708695281 ) ) ;
#4467 = CARTESIAN_POINT ( 'NONE',  ( -2.799776449902082298, -5.326812330411709873, -6.000000000001473488 ) ) ;
#4468 = CARTESIAN_POINT ( 'NONE',  ( 6.193482167177077891, -0.6232326543441484290, 1.666666666666666297 ) ) ;
#4469 = CARTESIAN_POINT ( 'NONE',  ( -4.708466471575750489, 3.022926173667054961, 10.55000000000000249 ) ) ;
#4470 = CARTESIAN_POINT ( 'NONE',  ( -4.486534183822808330, 3.934215941351283163, 1.666666666666666297 ) ) ;
#4471 = CARTESIAN_POINT ( 'NONE',  ( -6.383967971239082217, -1.771930501485750042, 10.20000054708695458 ) ) ;
#4472 = CARTESIAN_POINT ( 'NONE',  ( -0.05254660229870321275, 5.812160726609316264, -5.000000000000000000 ) ) ;
#4473 = CARTESIAN_POINT ( 'NONE',  ( -5.618364548369235045, -2.370481399820031143, 10.55000000000000426 ) ) ;
#4474 = CARTESIAN_POINT ( 'NONE',  ( -3.341471759237102823, 5.106852690187501764, 10.20000054708695458 ) ) ;
#4475 = CARTESIAN_POINT ( 'NONE',  ( -4.554807357408256152, 4.315331718330869926, 10.55000000000000249 ) ) ;
#4476 = CARTESIAN_POINT ( 'NONE',  ( -3.069363961253910311, 5.415408124717999705, -3.333333333333333037 ) ) ;
#4477 = CARTESIAN_POINT ( 'NONE',  ( 0.2710298129999478833, -5.233908580729058180, 10.20000054708695636 ) ) ;
#4478 = CARTESIAN_POINT ( 'NONE',  ( 4.090348123528644741, 2.593265403588363327, -3.333333333333333037 ) ) ;
#4479 = ORIENTED_EDGE ( 'NONE', *, *, #5962, .F. ) ;
#4480 = CARTESIAN_POINT ( 'NONE',  ( 1.471451874471259247, 6.116394900334865881, 10.55000000000000249 ) ) ;
#4481 = CARTESIAN_POINT ( 'NONE',  ( -1.072547451719900957, 4.626815571163833241, 10.20000054708695458 ) ) ;
#4482 = CARTESIAN_POINT ( 'NONE',  ( 0.2420490677627291365, -4.727368662354397344, 0.000000000000000000 ) ) ;
#4483 = CARTESIAN_POINT ( 'NONE',  ( 2.623398076113148569, -4.655407861850758167, 10.20000054708695458 ) ) ;
#4484 = CARTESIAN_POINT ( 'NONE',  ( 3.216595893743336543, 3.477098289931173980, 10.20000054708695991 ) ) ;
#4485 = CARTESIAN_POINT ( 'NONE',  ( 5.912109476074023817, 0.1798185061057542555, 10.20000054708695103 ) ) ;
#4486 = CARTESIAN_POINT ( 'NONE',  ( 4.523082045645346660, -1.395826287384887454, 5.000000000000024869 ) ) ;
#4487 = CARTESIAN_POINT ( 'NONE',  ( -5.123572763682084030, -2.593816790801770189, 10.55000000000000249 ) ) ;
#4488 = CARTESIAN_POINT ( 'NONE',  ( 1.389332100975536166, 6.112948162837689381, 10.55000000000000071 ) ) ;
#4489 = CARTESIAN_POINT ( 'NONE',  ( 2.245973783610816898, 5.644737880942130914, 10.55000000000000249 ) ) ;
#4490 = CARTESIAN_POINT ( 'NONE',  ( 5.059752145698094949, -2.860573665241805674, -6.000000000002970957 ) ) ;
#4491 = CARTESIAN_POINT ( 'NONE',  ( 0.8088334192012713864, 5.273188507352591259, -1.666666666666666297 ) ) ;
#4492 = CARTESIAN_POINT ( 'NONE',  ( 2.085638002009131853, -4.138803570693508682, 10.54999999999999893 ) ) ;
#4493 = CARTESIAN_POINT ( 'NONE',  ( 3.899575876983631506, 2.607420274918559766, 10.54999999999999893 ) ) ;
#4494 = CARTESIAN_POINT ( 'NONE',  ( 5.007205532966265693, 2.951587071971437659, -5.000000000000000000 ) ) ;
#4495 = CARTESIAN_POINT ( 'NONE',  ( -3.189317834731913770, -4.645892071733031869, -3.333333333333333037 ) ) ;
#4496 = CARTESIAN_POINT ( 'NONE',  ( 5.387762479216902989, -0.02882918901861687699, 10.20000054708695281 ) ) ;
#4497 = CARTESIAN_POINT ( 'NONE',  ( -0.9411713931256673327, 4.302316715042763917, 10.54999999999999893 ) ) ;
#4498 = CARTESIAN_POINT ( 'NONE',  ( 1.052720001348083079, -4.615017103915213248, 5.000000000000000000 ) ) ;
#4499 = CARTESIAN_POINT ( 'NONE',  ( -4.114964252841120107, -2.907061721016295230, 10.20000054708695281 ) ) ;
#4500 = CARTESIAN_POINT ( 'NONE',  ( -3.123419988198143482, -3.556803324690040569, -5.000000000000000000 ) ) ;
#4501 = CARTESIAN_POINT ( 'NONE',  ( 6.013043029953457186, 0.2387286294167564882, -5.000000000001902478 ) ) ;
#4502 = CARTESIAN_POINT ( 'NONE',  ( -3.067254368480953453, -5.888528640545023229, 0.000000000000000000 ) ) ;
#4503 = AXIS2_PLACEMENT_3D ( 'NONE', #6624, #963, #6581 ) ;
#4504 = CARTESIAN_POINT ( 'NONE',  ( -3.226137047502309230, -2.989293548572983461, 10.55000000000000249 ) ) ;
#4505 = CARTESIAN_POINT ( 'NONE',  ( -2.997400859223740444, 4.979915817394201305, 10.20000054708695458 ) ) ;
#4506 = CARTESIAN_POINT ( 'NONE',  ( 4.877708749626202156, -3.524549438352774011, 10.54999999999999716 ) ) ;
#4507 = DIRECTION ( 'NONE',  ( 0.000000000000000000, 1.000000000000000000, 4.427708200083174660E-13 ) ) ;
#4508 = AXIS2_PLACEMENT_3D ( 'NONE', #7185, #3611, #4131 ) ;
#4509 = CARTESIAN_POINT ( 'NONE',  ( 5.485244520293449000, -1.469766840030114929, 0.000000000000000000 ) ) ;
#4510 = CARTESIAN_POINT ( 'NONE',  ( -4.332597396339690654, 3.603423537775492402, 1.666666666666666297 ) ) ;
#4511 = CARTESIAN_POINT ( 'NONE',  ( -4.872163897964580492, 0.5225415880798442991, 10.20000054708695814 ) ) ;
#4512 = CARTESIAN_POINT ( 'NONE',  ( -4.960140980963031687, 2.773821869950010566, -4.999999999997164934 ) ) ;
#4513 = CARTESIAN_POINT ( 'NONE',  ( -5.564139155431205630, -0.06115429237979544408, -5.000000000000000000 ) ) ;
#4514 = CARTESIAN_POINT ( 'NONE',  ( -5.336799925513815879, -2.541715409612311127, 10.55000000000000249 ) ) ;
#4515 = CARTESIAN_POINT ( 'NONE',  ( -3.693074738278507851, 5.128217270657787097, 10.20000054708695281 ) ) ;
#4516 = CARTESIAN_POINT ( 'NONE',  ( -3.199939524245002165, 4.684285724011759910, 10.55000000000000426 ) ) ;
#4517 = CARTESIAN_POINT ( 'NONE',  ( -4.332597396339690654, 3.603423537775492402, -1.666666666666666297 ) ) ;
#4518 = CARTESIAN_POINT ( 'NONE',  ( 3.090911079692325814, -5.023242059653224345, 10.20000054708695458 ) ) ;
#4519 = CARTESIAN_POINT ( 'NONE',  ( -0.1562356843841505027, -5.263585785606064604, 10.54999999999999893 ) ) ;
#4520 = ORIENTED_EDGE ( 'NONE', *, *, #1082, .T. ) ;
#4521 = CARTESIAN_POINT ( 'NONE',  ( 0.8146188490216600409, 6.070438448143351984, 10.55000000000000071 ) ) ;
#4522 = CARTESIAN_POINT ( 'NONE',  ( -1.739286748072970124, 4.478390557937840910, 10.20000054708695458 ) ) ;
#4523 = CARTESIAN_POINT ( 'NONE',  ( -1.426011146523626927, -5.378650072249710590, 0.000000000000000000 ) ) ;
#4524 = CARTESIAN_POINT ( 'NONE',  ( 3.445147657211799164, -5.123523625930067382, 10.20000054708695458 ) ) ;
#4525 = CARTESIAN_POINT ( 'NONE',  ( 2.719659410753809681, 4.610205472211283073, 10.20000054708695281 ) ) ;
#4526 = CARTESIAN_POINT ( 'NONE',  ( 6.245896064292463024, 0.5547400058665763467, 10.20000054708695458 ) ) ;
#4527 = CARTESIAN_POINT ( 'NONE',  ( 5.123227066717328526, -0.2064956504716665142, 10.20000054708695458 ) ) ;
#4528 = CARTESIAN_POINT ( 'NONE',  ( -2.798438145013403489, -3.434613913292482223, 10.55000000000000071 ) ) ;
#4529 = CARTESIAN_POINT ( 'NONE',  ( 2.448332270827810131, 5.223899701629318493, 10.55000000000000426 ) ) ;
#4530 = CARTESIAN_POINT ( 'NONE',  ( -1.708410305071415003, 5.770183011040057153, 0.000000000000000000 ) ) ;
#4531 = CARTESIAN_POINT ( 'NONE',  ( 2.428845050363335201, 5.039039713480896410, 10.55000000000000249 ) ) ;
#4532 = CARTESIAN_POINT ( 'NONE',  ( 0.4150012312270112136, 5.502042796075819808, -3.333333333333333037 ) ) ;
#4533 = CARTESIAN_POINT ( 'NONE',  ( 3.242220920004755591, -4.708386226812902642, 10.55000000000000249 ) ) ;
#4534 = CARTESIAN_POINT ( 'NONE',  ( 3.434302406815042286, 2.837279678085320000, 10.55000000000000249 ) ) ;
#4535 = CARTESIAN_POINT ( 'NONE',  ( 5.992420882725946640, 2.535915251145075544, -5.000000000000000000 ) ) ;
#4536 = CARTESIAN_POINT ( 'NONE',  ( -4.790196701885069963, 3.927949818898817558, 10.55000000000000071 ) ) ;
#4537 = CARTESIAN_POINT ( 'NONE',  ( -5.211866146445845338, -2.460587779626868254, -3.333333333333333037 ) ) ;
#4538 = CARTESIAN_POINT ( 'NONE',  ( 5.643723643207104956, 0.4261100633250907710, 10.54999999999999893 ) ) ;
#4539 = CARTESIAN_POINT ( 'NONE',  ( -2.526070848901886823, -5.996577392882942448, 0.000000000000000000 ) ) ;
#4540 = CARTESIAN_POINT ( 'NONE',  ( 2.835030769196477340, -4.788108697936173108, -5.000000000000000000 ) ) ;
#4541 = CARTESIAN_POINT ( 'NONE',  ( 4.523082045645346660, -1.395826287384887454, -5.000000000002134293 ) ) ;
#4542 = CARTESIAN_POINT ( 'NONE',  ( -6.456223770568879416, 0.8106471639654754258, 0.000000000000000000 ) ) ;
#4543 = CARTESIAN_POINT ( 'NONE',  ( -4.016291540606792054, -2.571114814904159829, 10.54999999999999716 ) ) ;
#4544 = CARTESIAN_POINT ( 'NONE',  ( 5.678215680000000987, 0.07738646000000001801, 10.20000054708695458 ) ) ;
#4545 = CARTESIAN_POINT ( 'NONE',  ( -5.678215680000207932, -0.07738645999953595866, -5.999999999998189004 ) ) ;
#4546 = CARTESIAN_POINT ( 'NONE',  ( 3.861087531892206659, -4.747820478370639030, 10.54999999999999716 ) ) ;
#4547 = CARTESIAN_POINT ( 'NONE',  ( 2.673921665751363808, 5.679605890652218214, 5.000000000000000000 ) ) ;
#4548 = CARTESIAN_POINT ( 'NONE',  ( -1.530097869399087207, 5.607385669498456515, 0.000000000000000000 ) ) ;
#4549 = CARTESIAN_POINT ( 'NONE',  ( -6.242968098211957084, -0.5495967135245292123, 10.20000054708695281 ) ) ;
#4550 = CARTESIAN_POINT ( 'NONE',  ( 5.613891959547303578, -0.4383313066739737973, -3.333333333333333481 ) ) ;
#4551 = CARTESIAN_POINT ( 'NONE',  ( -6.027927084563444282, -0.9237250275602193472, 10.54999999999999893 ) ) ;
#4552 = CARTESIAN_POINT ( 'NONE',  ( -4.620191825306156019, 2.263057399478600296, 10.20000054708696524 ) ) ;
#4553 = CARTESIAN_POINT ( 'NONE',  ( -4.000670244304187939, 4.704131996352829859, 10.54999999999999893 ) ) ;
#4554 = CARTESIAN_POINT ( 'NONE',  ( -4.603342582428153307, 2.258170310738743414, -5.000000000000000000 ) ) ;
#4555 = CARTESIAN_POINT ( 'NONE',  ( 2.048624523838652678, -4.486873101705007194, 10.20000054708695103 ) ) ;
#4556 = ORIENTED_EDGE ( 'NONE', *, *, #3557, .F. ) ;
#4557 = CARTESIAN_POINT ( 'NONE',  ( -0.9680257909718251730, 4.672961686250500790, 10.20000054708695281 ) ) ;
#4558 = CARTESIAN_POINT ( 'NONE',  ( -1.922560767552541128, -6.296675729077717776, 3.333333333333333037 ) ) ;
#4559 = CARTESIAN_POINT ( 'NONE',  ( 1.815865090818713501, -4.476222857635949737, 10.20000054708695281 ) ) ;
#4560 = CARTESIAN_POINT ( 'NONE',  ( 5.083323643037876316, 2.947750865711819657, 10.20000054708695814 ) ) ;
#4561 = CARTESIAN_POINT ( 'NONE',  ( 6.195868918646287860, 2.222416110036179671, 10.20000054708695103 ) ) ;
#4562 = CARTESIAN_POINT ( 'NONE',  ( 4.954707020477381541, -4.419694229627871174, 5.000000000000024869 ) ) ;
#4563 = CARTESIAN_POINT ( 'NONE',  ( -2.720315904790476580, -4.593201683109384703, 10.20000054708695281 ) ) ;
#4564 = CARTESIAN_POINT ( 'NONE',  ( -5.639311229655792346, -2.351157568463428937, 10.54999999999999893 ) ) ;
#4565 = CARTESIAN_POINT ( 'NONE',  ( 2.131890019635309663, 5.765876974427181167, 10.54999999999999893 ) ) ;
#4566 = CARTESIAN_POINT ( 'NONE',  ( -4.736864590686677090, 3.283314600835574026, 3.333333333333333037 ) ) ;
#4567 = CARTESIAN_POINT ( 'NONE',  ( 2.994031678001666474, 3.202610303311885787, 10.54999999999999716 ) ) ;
#4568 = CARTESIAN_POINT ( 'NONE',  ( 0.8000434083654105466, 6.457546346331824338, -5.000000000000000000 ) ) ;
#4569 = CARTESIAN_POINT ( 'NONE',  ( 1.993879205639735863, -4.130933447564363981, 10.54999999999999716 ) ) ;
#4570 = CARTESIAN_POINT ( 'NONE',  ( 4.925640973644261678, 2.548215624973238391, 10.55000000000000071 ) ) ;
#4571 = CARTESIAN_POINT ( 'NONE',  ( 3.406612266045534909, 3.228970541235645086, -3.333333333333333037 ) ) ;
#4572 = CARTESIAN_POINT ( 'NONE',  ( -4.312018030364509258, -2.205101750084089041, -1.666666666666666297 ) ) ;
#4573 = CARTESIAN_POINT ( 'NONE',  ( 5.678215680000000987, 0.07738645999999999026, 10.20000054708695458 ) ) ;
#4574 = CARTESIAN_POINT ( 'NONE',  ( 3.562529458288298034, -5.536492484120604018, 1.666666666666666297 ) ) ;
#4575 = CARTESIAN_POINT ( 'NONE',  ( -5.992420882725949305, -2.535915251145073324, -5.000000000000000000 ) ) ;
#4576 = CARTESIAN_POINT ( 'NONE',  ( 5.705468039007898895, 0.08215326004263444337, -5.000000000001870504 ) ) ;
#4577 = CARTESIAN_POINT ( 'NONE',  ( -4.882270699514534407, -2.908697158505072711, -5.000000000000000000 ) ) ;
#4578 = CARTESIAN_POINT ( 'NONE',  ( -5.575735683376768392, -2.403330770565343943, 10.55000000000000071 ) ) ;
#4579 = CARTESIAN_POINT ( 'NONE',  ( 5.992420882725946640, 2.535915251145075544, 5.000000000000023093 ) ) ;
#4580 = CARTESIAN_POINT ( 'NONE',  ( -1.530097869399088539, -5.607385669498458292, 0.000000000000000000 ) ) ;
#4581 = CARTESIAN_POINT ( 'NONE',  ( 3.868678216692782001, 2.981429057092634505, 5.000000000000000000 ) ) ;
#4582 = CARTESIAN_POINT ( 'NONE',  ( 5.526321542317156776, -0.9537999460175093924, -1.666666666666666741 ) ) ;
#4583 = CARTESIAN_POINT ( 'NONE',  ( -4.557408217254173444, 3.110423004554816906, 3.333333333333333037 ) ) ;
#4584 = CARTESIAN_POINT ( 'NONE',  ( -5.911312140744517052, -0.1747957384367787026, 10.20000054708695281 ) ) ;
#4585 = FACE_OUTER_BOUND ( 'NONE', #3810, .T. ) ;
#4586 = CARTESIAN_POINT ( 'NONE',  ( -2.413629702991830328, -4.244514822741636273, 10.55000000000000426 ) ) ;
#4587 = CARTESIAN_POINT ( 'NONE',  ( -3.667810533906975756, 4.778996420827088087, 10.54999999999999716 ) ) ;
#4588 = CARTESIAN_POINT ( 'NONE',  ( -0.6476541954606959139, 4.841088142863436694, -5.000000000000000000 ) ) ;
#4589 = CARTESIAN_POINT ( 'NONE',  ( 3.012090536568921006, -4.989401887508371658, 10.20000054708695281 ) ) ;
#4590 = VERTEX_POINT ( 'NONE', #1402 ) ;
#4591 = CARTESIAN_POINT ( 'NONE',  ( 0.1366791888016773981, 5.226558744281801339, 10.55000000000000249 ) ) ;
#4592 = CARTESIAN_POINT ( 'NONE',  ( -0.2501261657859817356, 5.263757866845211630, 10.20000054708695281 ) ) ;
#4593 = CARTESIAN_POINT ( 'NONE',  ( 5.251182211392753985, -3.439893223823212498, 5.000000000000000000 ) ) ;
#4594 = CARTESIAN_POINT ( 'NONE',  ( 1.127426502674639730, -4.605336832460095842, 10.20000054708695991 ) ) ;
#4595 = CARTESIAN_POINT ( 'NONE',  ( 1.126332844710095760, 6.475753676253858337, 10.20000054708695814 ) ) ;
#4596 = CARTESIAN_POINT ( 'NONE',  ( 4.766937548868802388, 2.865995365524205862, 10.20000054708695281 ) ) ;
#4597 = CARTESIAN_POINT ( 'NONE',  ( -0.1704022720372709576, 5.377413347294648815, 5.000000000000000000 ) ) ;
#4598 = CARTESIAN_POINT ( 'NONE',  ( -2.723131044418208635, -4.547615542817363909, 10.20000054708695636 ) ) ;
#4599 = CARTESIAN_POINT ( 'NONE',  ( -4.292139061342112427, -2.511210906127189890, 10.55000000000000249 ) ) ;
#4600 = CARTESIAN_POINT ( 'NONE',  ( 0.2329468799943088531, 5.447756813133551645, 10.54999999999999893 ) ) ;
#4601 = CARTESIAN_POINT ( 'NONE',  ( -5.040141342650134249, 0.6683356128300457222, 3.333333333333333037 ) ) ;
#4602 = CARTESIAN_POINT ( 'NONE',  ( 2.068741240413551452, 5.820660361018753726, 10.54999999999999893 ) ) ;
#4603 = CARTESIAN_POINT ( 'NONE',  ( 1.298451264820542406, 5.221076087381561592, 0.000000000000000000 ) ) ;
#4604 = CARTESIAN_POINT ( 'NONE',  ( 4.840784028510533687, -3.774035494531363444, 10.55000000000000249 ) ) ;
#4605 = CARTESIAN_POINT ( 'NONE',  ( 2.424636454021222409, 5.026471527856203991, 10.55000000000000071 ) ) ;
#4606 = CARTESIAN_POINT ( 'NONE',  ( -5.682530617115134852, -0.07702009724794428580, 5.000000000000024869 ) ) ;
#4607 = CARTESIAN_POINT ( 'NONE',  ( -5.790551135911325531, -2.284109871747716625, -3.333333333333333037 ) ) ;
#4608 = CARTESIAN_POINT ( 'NONE',  ( 6.091518075172515090, 1.350057577537467468, 10.55000000000000249 ) ) ;
#4609 = CARTESIAN_POINT ( 'NONE',  ( 2.382783059699697503, -4.540092616159150829, 5.000000000000000000 ) ) ;
#4610 = CARTESIAN_POINT ( 'NONE',  ( 6.440971233593919543, 0.3802702459705246119, -3.333333333333333037 ) ) ;
#4611 = CARTESIAN_POINT ( 'NONE',  ( 5.082380525370974844, 0.1905293989446354974, 10.54999999999999716 ) ) ;
#4612 = CARTESIAN_POINT ( 'NONE',  ( 5.678215679999671472, 0.07738646000044288598, -6.000000000001835865 ) ) ;
#4613 = CARTESIAN_POINT ( 'NONE',  ( 5.811434037490126769, 0.1058673776733864980, -5.000000000001894485 ) ) ;
#4614 = CARTESIAN_POINT ( 'NONE',  ( -5.211866146445845338, -2.460587779626868254, -3.333333333333333037 ) ) ;
#4615 = CARTESIAN_POINT ( 'NONE',  ( -3.576587165583914096, -2.755323630391766088, 10.54999999999999893 ) ) ;
#4616 = CARTESIAN_POINT ( 'NONE',  ( 5.248533672560229846, 2.943904212591497149, 10.20000054708695458 ) ) ;
#4617 = CARTESIAN_POINT ( 'NONE',  ( 1.470471587390117740, -5.489517252965714356, 0.000000000000000000 ) ) ;
#4618 = CARTESIAN_POINT ( 'NONE',  ( 3.872358905603288548, 3.735029819091828518, 0.000000000000000000 ) ) ;
#4619 = VECTOR ( 'NONE', #3720, 1000.000000000000000 ) ;
#4620 = CARTESIAN_POINT ( 'NONE',  ( 5.240560090443564079, -0.9986282910527481960, -1.666666666666666297 ) ) ;
#4621 = CARTESIAN_POINT ( 'NONE',  ( -4.215045891529110023, 2.154063696584812337, 0.000000000000000000 ) ) ;
#4622 = CARTESIAN_POINT ( 'NONE',  ( -5.638970954928340440, -0.07288704946734807233, 10.20000054708695636 ) ) ;
#4623 = CARTESIAN_POINT ( 'NONE',  ( 4.641438671081426826, -1.383119759770207180, -1.666666666666666297 ) ) ;
#4624 = CARTESIAN_POINT ( 'NONE',  ( -2.423955664676616273, -5.024518471081121263, 10.55000000000000249 ) ) ;
#4625 = CARTESIAN_POINT ( 'NONE',  ( -3.780539560326411586, 4.764894773651631610, 10.55000000000000249 ) ) ;
#4626 = CARTESIAN_POINT ( 'NONE',  ( -0.07787028463680581436, 5.682519034184775997, -5.000000000000000000 ) ) ;
#4627 = CARTESIAN_POINT ( 'NONE',  ( 3.617204224615181651, -5.131726653601404564, 10.20000054708695636 ) ) ;
#4628 = PRODUCT_DEFINITION_FORMATION_WITH_SPECIFIED_SOURCE ( 'ANY', '', #6910, .NOT_KNOWN. ) ;
#4629 = CARTESIAN_POINT ( 'NONE',  ( 1.932845214987824356, -4.127749888070467499, 10.55000000000000426 ) ) ;
#4630 = VERTEX_POINT ( 'NONE', #5074 ) ;
#4631 = CARTESIAN_POINT ( 'NONE',  ( 0.1619466871151848675, 5.275429201601355089, 10.54999999999999716 ) ) ;
#4632 = CARTESIAN_POINT ( 'NONE',  ( -0.5125006921697424778, 4.969907143200107846, 10.20000054708695281 ) ) ;
#4633 = CARTESIAN_POINT ( 'NONE',  ( 4.486534183822808330, -3.934215941351282275, 1.666666666666666297 ) ) ;
#4634 = CARTESIAN_POINT ( 'NONE',  ( 4.598851143670526831, -2.196043531998381315, 10.20000054708695281 ) ) ;
#4635 = CARTESIAN_POINT ( 'NONE',  ( 2.696709544364431999, 5.584243910462763694, 10.20000054708695103 ) ) ;
#4636 = CARTESIAN_POINT ( 'NONE',  ( -1.976385360537679566E-12, 2.656472065302265639E-12, -11.00000000000002487 ) ) ;
#4637 = CARTESIAN_POINT ( 'NONE',  ( -1.955629357345283426, -5.902940320653105921, 10.55000000000000249 ) ) ;
#4638 = CARTESIAN_POINT ( 'NONE',  ( -0.03999523749849450555, 4.958551074553228410, 10.55000000000000604 ) ) ;
#4639 = CARTESIAN_POINT ( 'NONE',  ( -4.357361271578866102, 1.744895596418975625, 1.666666666666666297 ) ) ;
#4640 = CARTESIAN_POINT ( 'NONE',  ( 5.592099656784581541, 0.4181933847430190920, 10.55000000000000249 ) ) ;
#4641 = CARTESIAN_POINT ( 'NONE',  ( 0.1956540114622355719, 5.347287228289447469, 10.54999999999999893 ) ) ;
#4642 = CARTESIAN_POINT ( 'NONE',  ( 4.459996433504718638, -4.413746289781963483, 10.55000000000000071 ) ) ;
#4643 = CARTESIAN_POINT ( 'NONE',  ( -5.248533672560239616, -2.943904212591498037, 5.000000000000024869 ) ) ;
#4644 = CARTESIAN_POINT ( 'NONE',  ( -4.679745398102918230, 0.1930449604408229214, 10.55000000000000249 ) ) ;
#4645 = CARTESIAN_POINT ( 'NONE',  ( -3.518536185582712861, -3.328043921247038295, -1.666666666666666297 ) ) ;
#4646 = CARTESIAN_POINT ( 'NONE',  ( 5.803878985656760747, 2.175342661106287601, 10.55000000000000071 ) ) ;
#4647 = CARTESIAN_POINT ( 'NONE',  ( 2.526070848901888155, -5.996577392882945112, 0.000000000000000000 ) ) ;
#4648 = CARTESIAN_POINT ( 'NONE',  ( 6.013043029953457186, 0.2387286294167564882, -5.000000000000000000 ) ) ;
#4649 = CARTESIAN_POINT ( 'NONE',  ( 6.081333923454439905, 1.161787023015320663, 10.54999999999999893 ) ) ;
#4650 = CARTESIAN_POINT ( 'NONE',  ( -3.097876131912061126, -4.343258223111877925, -3.333333333333333037 ) ) ;
#4651 = CARTESIAN_POINT ( 'NONE',  ( -2.378318285325126791, -4.831937011918294722, 10.54999999999999716 ) ) ;
#4652 = CARTESIAN_POINT ( 'NONE',  ( 4.799724330468638556, -3.124238520110147022, 10.55000000000000249 ) ) ;
#4653 = CARTESIAN_POINT ( 'NONE',  ( 6.013043029953457186, 0.2387286294167564882, 10.20000054708695458 ) ) ;
#4654 = CARTESIAN_POINT ( 'NONE',  ( 4.860910926814753452, -3.681967891761541711, 10.55000000000000249 ) ) ;
#4655 = CARTESIAN_POINT ( 'NONE',  ( 0.3460384234883067678, -5.115696762700933320, -6.000000000002404299 ) ) ;
#4656 = CARTESIAN_POINT ( 'NONE',  ( 2.740444013175200588, 4.333596967199334848, 5.000000000000000000 ) ) ;
#4657 = CARTESIAN_POINT ( 'NONE',  ( 5.040141342650132472, -0.6683356128300474985, -3.333333333333333037 ) ) ;
#4658 = CARTESIAN_POINT ( 'NONE',  ( -5.380059953839469777, 0.02379233995175580874, 5.000000000000000000 ) ) ;
#4659 = CARTESIAN_POINT ( 'NONE',  ( -3.284550462332525900, -3.406796204312542820, 10.20000054708695281 ) ) ;
#4660 = CARTESIAN_POINT ( 'NONE',  ( 4.960140980963032575, -2.773821869950011454, -5.000000000000000000 ) ) ;
#4661 = CARTESIAN_POINT ( 'NONE',  ( -2.452959316677677748, -5.106219440165435941, 10.54999999999999538 ) ) ;
#4662 = CARTESIAN_POINT ( 'NONE',  ( -4.387159297679223968, 2.605422958168545744, 10.54999999999999716 ) ) ;
#4663 = CARTESIAN_POINT ( 'NONE',  ( -1.518572041796066863, 4.483362720821385317, -5.000000000000000000 ) ) ;
#4664 = CARTESIAN_POINT ( 'NONE',  ( 2.880130271516970542, -4.845963426917454520, 10.20000054708695636 ) ) ;
#4665 = EDGE_LOOP ( 'NONE', ( #2232, #6218, #7096, #583 ) ) ;
#4666 = CARTESIAN_POINT ( 'NONE',  ( 0.7086115680244203796, 6.032404616748320514, 10.55000000000000249 ) ) ;
#4667 = CARTESIAN_POINT ( 'NONE',  ( -2.902938377401402370, 4.878339123436511215, 10.20000054708695636 ) ) ;
#4668 = CARTESIAN_POINT ( 'NONE',  ( 4.736864590686679755, -3.283314600835575803, 3.333333333333333037 ) ) ;
#4669 = CARTESIAN_POINT ( 'NONE',  ( 5.205630193484615198, -3.743291260210826810, 10.20000054708695458 ) ) ;
#4670 = CARTESIAN_POINT ( 'NONE',  ( 1.195517035525534011, 6.477249069871326981, 10.20000054708695636 ) ) ;
#4671 = CARTESIAN_POINT ( 'NONE',  ( -2.555708887324052547, -3.844302981726971158, 10.55000000000000071 ) ) ;
#4672 = CARTESIAN_POINT ( 'NONE',  ( -0.2814303158245617387, 4.706989889412400707, 10.55000000000000071 ) ) ;
#4673 = CARTESIAN_POINT ( 'NONE',  ( -1.402289167960713456, 4.167461182963038802, 10.54999999999999893 ) ) ;
#4674 = CARTESIAN_POINT ( 'NONE',  ( -5.499777161736416176, 0.4440181862372226118, 3.333333333333333037 ) ) ;
#4675 = CARTESIAN_POINT ( 'NONE',  ( -2.738598509457322194, -4.858741812645039460, 10.20000054708695636 ) ) ;
#4676 = CARTESIAN_POINT ( 'NONE',  ( 5.211098165805172044, 0.2733533891370089064, 10.54999999999999716 ) ) ;
#4677 = CARTESIAN_POINT ( 'NONE',  ( 1.306460004105438166, 6.121937829713069767, 10.54999999999999716 ) ) ;
#4678 = CARTESIAN_POINT ( 'NONE',  ( -5.467864116054028223, -0.01450558777188098655, 10.20000054708695281 ) ) ;
#4679 = CARTESIAN_POINT ( 'NONE',  ( 4.436436935257216163, -2.695819522971657278, 10.55000000000000249 ) ) ;
#4680 = DIRECTION ( 'NONE',  ( 0.000000000000000000, 0.000000000000000000, -1.000000000000000000 ) ) ;
#4681 = CARTESIAN_POINT ( 'NONE',  ( -4.361812337247072513, 0.7352727949225001947, 10.54999999999999893 ) ) ;
#4682 = CARTESIAN_POINT ( 'NONE',  ( -5.553708330127482107, 0.9551885549917930041, -1.666666666666666297 ) ) ;
#4683 = CARTESIAN_POINT ( 'NONE',  ( 6.090394449583802050, 1.269104926617232287, 10.55000000000000071 ) ) ;
#4684 = CARTESIAN_POINT ( 'NONE',  ( 2.019198866007303472, -5.398229052130367300, 1.666666666666666297 ) ) ;
#4685 = CARTESIAN_POINT ( 'NONE',  ( 0.09050372642129654588, -5.563739157988876194, -5.000000000002519762 ) ) ;
#4686 = CARTESIAN_POINT ( 'NONE',  ( 5.617911649995843248, 0.4221517240340550425, 10.55000000000000071 ) ) ;
#4687 = CARTESIAN_POINT ( 'NONE',  ( -4.771453672849816918, -2.386201666620088702, -3.333333333333333037 ) ) ;
#4688 = CARTESIAN_POINT ( 'NONE',  ( -5.227498688600181076, 3.441134041604617000, 10.20000054708695458 ) ) ;
#4689 = CARTESIAN_POINT ( 'NONE',  ( -2.243863843062732233, -5.647391114332731554, 10.54999999999999893 ) ) ;
#4690 = CARTESIAN_POINT ( 'NONE',  ( 6.461538437134771051, 1.526872548237521388, 10.20000054708695458 ) ) ;
#4691 = CARTESIAN_POINT ( 'NONE',  ( -5.678215680000207044, -0.07738645999953595866, -5.999999999998201439 ) ) ;
#4692 = CARTESIAN_POINT ( 'NONE',  ( 2.891161923887256791, 5.768179829214142629, 3.333333333333333037 ) ) ;
#4693 = CARTESIAN_POINT ( 'NONE',  ( -0.2930531759792430746, -5.699923552643404889, 10.55000000000000249 ) ) ;
#4694 = CARTESIAN_POINT ( 'NONE',  ( -5.604626029811752730, -2.827710600053704226, 5.000000000000000000 ) ) ;
#4695 = CARTESIAN_POINT ( 'NONE',  ( -5.126835209714547759, -2.947167850655279864, 10.20000054708695814 ) ) ;
#4696 = CARTESIAN_POINT ( 'NONE',  ( -3.213266569546251894, 5.088083704188176348, -4.999999999996715516 ) ) ;
#4697 = CARTESIAN_POINT ( 'NONE',  ( 4.413977035674935046, -3.706055536428903174, -1.666666666666666297 ) ) ;
#4698 = CARTESIAN_POINT ( 'NONE',  ( -4.771143223467623429, -2.510014166881996633, 10.55000000000000071 ) ) ;
#4699 = CARTESIAN_POINT ( 'NONE',  ( -4.468352578898932670, 0.5129260866989864276, 10.54999999999999893 ) ) ;
#4700 = CARTESIAN_POINT ( 'NONE',  ( -0.2006596549303091837, 4.838978085894283687, -3.333333333333333037 ) ) ;
#4701 = CARTESIAN_POINT ( 'NONE',  ( 4.572141635379512792, -2.095908441505191622, 10.20000054708695458 ) ) ;
#4702 = VERTEX_POINT ( 'NONE', #7515 ) ;
#4703 = CARTESIAN_POINT ( 'NONE',  ( -4.504351187398115464, 4.829369322369355899, 10.20000054708695281 ) ) ;
#4704 = CARTESIAN_POINT ( 'NONE',  ( 2.044647574793998501, -5.935250330072825875, 0.000000000000000000 ) ) ;
#4705 = CARTESIAN_POINT ( 'NONE',  ( 5.169238192185000358, -3.103309555073330284, 10.20000054708695103 ) ) ;
#4706 = CARTESIAN_POINT ( 'NONE',  ( 2.727536987151501169, 5.513550021456156358, 10.20000054708695814 ) ) ;
#4707 = CARTESIAN_POINT ( 'NONE',  ( 3.123419988198147923, 3.556803324690035240, 5.000000000000000000 ) ) ;
#4708 = CARTESIAN_POINT ( 'NONE',  ( -2.734775551668238158, -4.842255530134622177, 10.20000054708695636 ) ) ;
#4709 = CARTESIAN_POINT ( 'NONE',  ( -2.580094979448687376, -3.793211444518372666, 10.55000000000000071 ) ) ;
#4710 = CARTESIAN_POINT ( 'NONE',  ( -0.6051581272571118220, 4.470151721996916017, 10.54999999999999893 ) ) ;
#4711 = CARTESIAN_POINT ( 'NONE',  ( 2.720897749162351609, 4.734979463537532851, 10.20000054708695458 ) ) ;
#4712 = CARTESIAN_POINT ( 'NONE',  ( -4.065683152054125671, 2.631766283387499961, 1.666666666666666297 ) ) ;
#4713 = CARTESIAN_POINT ( 'NONE',  ( -2.728320544031484829, -4.807143614484910010, 10.20000054708695281 ) ) ;
#4714 = CARTESIAN_POINT ( 'NONE',  ( -0.007359275632628099403, 5.000744445234802882, 10.55000000000000249 ) ) ;
#4715 = CARTESIAN_POINT ( 'NONE',  ( 4.643619795990169052, -4.199632133150936752, 10.55000000000000071 ) ) ;
#4716 = CARTESIAN_POINT ( 'NONE',  ( -6.013043029953458962, -0.2387286294167565714, 5.000000000000024869 ) ) ;
#4717 = CARTESIAN_POINT ( 'NONE',  ( -4.212639914461746571, 1.235811995370029726, 10.55000000000000426 ) ) ;
#4718 = CARTESIAN_POINT ( 'NONE',  ( -4.873969894515737700, 1.592015537546809023, 0.000000000000000000 ) ) ;
#4719 = CARTESIAN_POINT ( 'NONE',  ( 1.895684354081244027, -5.181802947478531429, 1.666666666666666297 ) ) ;
#4720 = CARTESIAN_POINT ( 'NONE',  ( 6.162401348110474686, -1.196908415135739645, 0.000000000000000000 ) ) ;
#4721 = CARTESIAN_POINT ( 'NONE',  ( 4.495708875572176133, -0.4645388426006690774, 10.54999999999999893 ) ) ;
#4722 = CARTESIAN_POINT ( 'NONE',  ( 5.564139155517589863, 0.06115429241966183899, -5.000000000000000000 ) ) ;
#4723 = CARTESIAN_POINT ( 'NONE',  ( -4.646369188651361171, 3.188622703862751262, -3.333333333333333037 ) ) ;
#4724 = CARTESIAN_POINT ( 'NONE',  ( -5.226696160017918480, 3.556987436165582661, 10.20000054708695636 ) ) ;
#4725 = CARTESIAN_POINT ( 'NONE',  ( -2.386446167029512289, -4.407728634208863738, 10.55000000000000071 ) ) ;
#4726 = CARTESIAN_POINT ( 'NONE',  ( 4.417666973572566214, -0.5927568491430175168, 10.55000000000000426 ) ) ;
#4727 = CARTESIAN_POINT ( 'NONE',  ( 2.799776449901753228, 5.326812330412148633, 10.20000054708695458 ) ) ;
#4728 = CARTESIAN_POINT ( 'NONE',  ( 1.755442576329603321, -5.037772316622269209, -1.666666666666666297 ) ) ;
#4729 = CARTESIAN_POINT ( 'NONE',  ( 0.000000000000000000, 0.000000000000000000, 10.19999999999907558 ) ) ;
#4730 = B_SPLINE_CURVE_WITH_KNOTS ( 'NONE', 3,
 ( #3050, #2918, #5503, #4291 ),
 .UNSPECIFIED., .F., .F.,
 ( 4, 4 ),
 ( 0.000000000000000000, 1.000000000000000000 ),
 .UNSPECIFIED. ) ;
#4731 = CARTESIAN_POINT ( 'NONE',  ( 1.908458813630481199, 6.359292723372758971, -5.999999999997839062 ) ) ;
#4732 = CARTESIAN_POINT ( 'NONE',  ( -0.1895406219408748982, 4.689918142874669904, 1.666666666666666297 ) ) ;
#4733 = CARTESIAN_POINT ( 'NONE',  ( -6.433344965106440050, -0.9757289509385247417, 5.000000000000000000 ) ) ;
#4734 = CARTESIAN_POINT ( 'NONE',  ( -4.454196241979006210, -2.847040058691285846, 10.20000054708695281 ) ) ;
#4735 = CARTESIAN_POINT ( 'NONE',  ( -1.052720001348083523, 4.615017103915213248, -4.999999999997636557 ) ) ;
#4736 = CARTESIAN_POINT ( 'NONE',  ( 1.093064383784955629, -4.564698034665722659, -3.333333333333333037 ) ) ;
#4737 = CARTESIAN_POINT ( 'NONE',  ( -4.348584054058988180, -2.504186046378357400, 10.54999999999999893 ) ) ;
#4738 = CARTESIAN_POINT ( 'NONE',  ( -4.182978812973340510, 1.453370227767531331, 10.54999999999999716 ) ) ;
#4739 = CARTESIAN_POINT ( 'NONE',  ( 1.298451264820542406, 5.221076087381561592, 0.000000000000000000 ) ) ;
#4740 = CARTESIAN_POINT ( 'NONE',  ( 5.203568937200236277, -3.234918196423576031, 10.20000054708695458 ) ) ;
#4741 = CARTESIAN_POINT ( 'NONE',  ( -5.678210433007524927, -0.07740784995846800021, 10.20000054708695636 ) ) ;
#4742 = CARTESIAN_POINT ( 'NONE',  ( 5.170810158745613450, 1.486046266603243904, 0.000000000000000000 ) ) ;
#4743 = CARTESIAN_POINT ( 'NONE',  ( -2.514292390374609720, 4.227275762763285982, 10.55000000000000249 ) ) ;
#4744 = CARTESIAN_POINT ( 'NONE',  ( 4.117753766068318555, 4.738341904635169577, 0.000000000000000000 ) ) ;
#4745 = CARTESIAN_POINT ( 'NONE',  ( -4.950067915058505186, 4.373422406003224516, 10.20000054708696524 ) ) ;
#4746 = CARTESIAN_POINT ( 'NONE',  ( 2.365357561638860684, -4.984955822707352269, 3.333333333333333037 ) ) ;
#4747 = CARTESIAN_POINT ( 'NONE',  ( 4.778713440504486876, -2.583843833832050851, 10.20000054708695458 ) ) ;
#4748 = CARTESIAN_POINT ( 'NONE',  ( 2.745448920291954753, 4.882933424839807302, 10.20000054708695103 ) ) ;
#4749 = CARTESIAN_POINT ( 'NONE',  ( -3.470362048767471119, -3.219190813529441364, -6.000000000000307310 ) ) ;
#4750 = AXIS2_PLACEMENT_3D ( 'NONE', #5604, #6370, #4507 ) ;
#4751 = CARTESIAN_POINT ( 'NONE',  ( -0.9735852372355582318, -6.461309268425014629, 10.20000054708695458 ) ) ;
#4752 = CARTESIAN_POINT ( 'NONE',  ( -2.369562580432475141, -4.605420195273174144, 10.55000000000000426 ) ) ;
#4753 = VERTEX_POINT ( 'NONE', #1442 ) ;
#4754 = CARTESIAN_POINT ( 'NONE',  ( 2.729037234496187736, 4.484051355289621732, 10.20000054708695458 ) ) ;
#4755 = CARTESIAN_POINT ( 'NONE',  ( -4.291007783504368511, 2.245712686074323727, 3.333333333333333037 ) ) ;
#4756 = CARTESIAN_POINT ( 'NONE',  ( -2.785273122113598898, -5.327447637542814363, 10.20000054708695636 ) ) ;
#4757 = CARTESIAN_POINT ( 'NONE',  ( 1.761203591340817498, 6.007713404975511651, 10.55000000000000071 ) ) ;
#4758 = CARTESIAN_POINT ( 'NONE',  ( 4.800719886803264558, -3.124072168800275495, 10.55000000000000249 ) ) ;
#4759 = CARTESIAN_POINT ( 'NONE',  ( -5.566753398900961436, -0.05473543990377590512, 10.20000054708695636 ) ) ;
#4760 = CARTESIAN_POINT ( 'NONE',  ( -2.973820260036004193, -3.801180963565258697, 10.20000054708695636 ) ) ;
#4761 = CARTESIAN_POINT ( 'NONE',  ( -4.848909420393746394, 3.256259422302426820, 10.55000000000000071 ) ) ;
#4762 = CARTESIAN_POINT ( 'NONE',  ( -6.433344965106440050, -0.9757289509385247417, -5.000000000000000000 ) ) ;
#4763 = CARTESIAN_POINT ( 'NONE',  ( 5.820145438959664297, 2.153868423255169695, 10.54999999999999716 ) ) ;
#4764 = CARTESIAN_POINT ( 'NONE',  ( 4.873969894515741252, -1.592015537546809467, 0.000000000000000000 ) ) ;
#4765 = CARTESIAN_POINT ( 'NONE',  ( 5.705468039007899783, 0.08215326004263433235, -5.000000000000000000 ) ) ;
#4766 = CARTESIAN_POINT ( 'NONE',  ( 4.796764182837758739, -0.05827610429114084972, 10.54999999999999893 ) ) ;
#4767 = CARTESIAN_POINT ( 'NONE',  ( -5.564139155517600521, -0.06115429241966402474, 10.20000054708695458 ) ) ;
#4768 = CARTESIAN_POINT ( 'NONE',  ( 5.712384867734359162, 0.4634737953246078623, 10.54999999999999716 ) ) ;
#4769 = CARTESIAN_POINT ( 'NONE',  ( -4.603342582428153307, 2.258170310738743414, -5.000000000000000000 ) ) ;
#4770 = CARTESIAN_POINT ( 'NONE',  ( -5.056500744508661604, 4.188525140136767355, 10.20000054708695281 ) ) ;
#4771 = CARTESIAN_POINT ( 'NONE',  ( -2.430541237527976683, -4.187398693495086199, 10.54999999999999893 ) ) ;
#4772 = CARTESIAN_POINT ( 'NONE',  ( -0.07787028463680581436, 5.682519034184775997, 5.000000000000023093 ) ) ;
#4773 = ADVANCED_FACE ( 'NONE', ( #3873 ), #2525, .F. ) ;
#4774 = CARTESIAN_POINT ( 'NONE',  ( 4.243434302664724989, -1.093916219240893550, 10.54999999999999716 ) ) ;
#4775 = CARTESIAN_POINT ( 'NONE',  ( 4.091089480663190336, -4.128796472022230546, 0.000000000000000000 ) ) ;
#4776 = CARTESIAN_POINT ( 'NONE',  ( -5.705468039008144920, -0.08215326004217331224, -5.999999999998194333 ) ) ;
#4777 = CARTESIAN_POINT ( 'NONE',  ( 1.708410305071416779, 5.770183011040061594, 0.000000000000000000 ) ) ;
#4778 = CARTESIAN_POINT ( 'NONE',  ( -0.2671650045137299867, -5.614607695042363567, 10.55000000000000249 ) ) ;
#4779 = CARTESIAN_POINT ( 'NONE',  ( -3.518536185582712861, -3.328043921247038295, 1.666666666666666297 ) ) ;
#4780 = CARTESIAN_POINT ( 'NONE',  ( -3.873035555207723135, -2.998099607881483220, 10.20000054708695458 ) ) ;
#4781 = CARTESIAN_POINT ( 'NONE',  ( -1.982048622023628859, 4.463975086240834500, -4.999999999997397637 ) ) ;
#4782 = CARTESIAN_POINT ( 'NONE',  ( 2.210029059896365666, -5.542816575422770953, -1.666666666666666297 ) ) ;
#4783 = CARTESIAN_POINT ( 'NONE',  ( -4.967756312006512687, -0.1027441961412515065, 10.54999999999999716 ) ) ;
#4784 = EDGE_CURVE ( 'NONE', #5925, #3641, #7341, .T. ) ;
#4785 = CARTESIAN_POINT ( 'NONE',  ( 4.918143648397878209, -2.744535640937161514, 10.20000054708695281 ) ) ;
#4786 = CARTESIAN_POINT ( 'NONE',  ( 0.1704022720372699862, -5.377413347294651480, 10.20000054708695458 ) ) ;
#4787 = CARTESIAN_POINT ( 'NONE',  ( 4.215045891529110023, 2.154063696584812337, 0.000000000000000000 ) ) ;
#4788 = CARTESIAN_POINT ( 'NONE',  ( -3.011560284925833386, 4.488127120142318738, 10.55000000000000071 ) ) ;
#4789 = CARTESIAN_POINT ( 'NONE',  ( 2.673921665751363808, 5.679605890652218214, 5.000000000000000000 ) ) ;
#4790 = CARTESIAN_POINT ( 'NONE',  ( -4.670620672418542618, 4.695820066500475676, 10.20000054708695458 ) ) ;
#4791 = CARTESIAN_POINT ( 'NONE',  ( 0.000000000000000000, 0.000000000000000000, 10.19999999999907558 ) ) ;
#4792 = LINE ( 'NONE', #7250, #7318 ) ;
#4793 = CARTESIAN_POINT ( 'NONE',  ( -1.557943553829793881, 4.496405387854250257, 10.20000054708695103 ) ) ;
#4794 = DIRECTION ( 'NONE',  ( 0.7071067811867433051, 8.659560562357330256E-17, -0.7071067811863517294 ) ) ;
#4795 = CARTESIAN_POINT ( 'NONE',  ( -0.3269381972629062383, -6.222137167168502181, 10.20000054708695636 ) ) ;
#4796 = CARTESIAN_POINT ( 'NONE',  ( -2.184643349322925143, -5.714059250342883090, 10.54999999999999893 ) ) ;
#4797 = CARTESIAN_POINT ( 'NONE',  ( -2.119926674870967087, 4.142770885119027469, 10.54999999999999716 ) ) ;
#4798 = CARTESIAN_POINT ( 'NONE',  ( 2.382783059699697503, -4.540092616159150829, -5.000000000002821743 ) ) ;
#4799 = CARTESIAN_POINT ( 'NONE',  ( -3.681900019293999016, -3.098187917143730985, 10.20000054708695458 ) ) ;
#4800 = CARTESIAN_POINT ( 'NONE',  ( 3.856593520154711019, 3.005290230196004053, 10.20000054708695103 ) ) ;
#4801 = CARTESIAN_POINT ( 'NONE',  ( -3.097876131912061126, -4.343258223111877925, 3.333333333333333037 ) ) ;
#4802 = CARTESIAN_POINT ( 'NONE',  ( -2.725739113602657859, -4.788642942216669418, 10.20000054708695281 ) ) ;
#4803 = CARTESIAN_POINT ( 'NONE',  ( 6.244205862248287886, 2.133827731153902008, 10.20000054708695281 ) ) ;
#4804 = CARTESIAN_POINT ( 'NONE',  ( -2.968001395260537745, 4.455577496842627383, 10.55000000000000249 ) ) ;
#4805 = CARTESIAN_POINT ( 'NONE',  ( 4.188184266425668767, -1.929615257257310645, 10.55000000000000071 ) ) ;
#4806 = CARTESIAN_POINT ( 'NONE',  ( -2.710634745066446971, -4.647372425121903738, 10.20000054708695458 ) ) ;
#4807 = CARTESIAN_POINT ( 'NONE',  ( -4.308612122654362331, 2.430316471517909527, 10.55000000000000604 ) ) ;
#4808 = CARTESIAN_POINT ( 'NONE',  ( -5.123227066717332967, 0.2064956504716642105, -5.000000000000000000 ) ) ;
#4809 = CARTESIAN_POINT ( 'NONE',  ( 4.203576957917047885, 2.525949856254914749, 10.55000000000000071 ) ) ;
#4810 = CARTESIAN_POINT ( 'NONE',  ( 5.371053174174044820, -1.454363143550995607, 0.000000000000000000 ) ) ;
#4811 = CARTESIAN_POINT ( 'NONE',  ( 4.873969894515741252, -1.592015537546809467, 0.000000000000000000 ) ) ;
#4812 = CARTESIAN_POINT ( 'NONE',  ( 5.657696356165548224, 2.334622596077572165, 10.54999999999999893 ) ) ;
#4813 = CARTESIAN_POINT ( 'NONE',  ( -4.641438671081428602, 1.383119759770208068, -1.666666666666666297 ) ) ;
#4814 = CARTESIAN_POINT ( 'NONE',  ( -4.552181570677890754, 1.997705634468588620, 10.20000054708695458 ) ) ;
#4815 = CARTESIAN_POINT ( 'NONE',  ( -2.455809090781091442, -5.105998238036961290, 10.55000000000000249 ) ) ;
#4816 = CARTESIAN_POINT ( 'NONE',  ( 4.540950957487465800, -2.853197396791492757, 10.54999999999999893 ) ) ;
#4817 = CARTESIAN_POINT ( 'NONE',  ( 2.371666416849588455, 6.059304634297759229, 5.000000000000023093 ) ) ;
#4818 = CARTESIAN_POINT ( 'NONE',  ( 4.436436935257216163, -2.695819522971657278, 10.55000000000000249 ) ) ;
#4819 = CARTESIAN_POINT ( 'NONE',  ( 4.061678536503896098, -5.083575693552933039, -5.000000000000000000 ) ) ;
#4820 = CARTESIAN_POINT ( 'NONE',  ( -5.811434037490090354, -0.1058673776733635580, -4.999999999998159694 ) ) ;
#4821 = CARTESIAN_POINT ( 'NONE',  ( 1.163863866783202416, 5.852560542697734292, 1.666666666666666297 ) ) ;
#4822 = CARTESIAN_POINT ( 'NONE',  ( -1.747772524490099233, -6.018812729010930340, 10.55000000000000249 ) ) ;
#4823 = CARTESIAN_POINT ( 'NONE',  ( -3.239718612251402341, -4.766787623886893144, 3.333333333333333037 ) ) ;
#4824 = CARTESIAN_POINT ( 'NONE',  ( -4.785084485844878444, -2.870788481329635378, 10.20000054708695636 ) ) ;
#4825 = CARTESIAN_POINT ( 'NONE',  ( 2.814033178045178385, 5.085783199819666756, -5.999999999998713029 ) ) ;
#4826 = CARTESIAN_POINT ( 'NONE',  ( 1.470471587390117740, -5.489517252965714356, 0.000000000000000000 ) ) ;
#4827 = CARTESIAN_POINT ( 'NONE',  ( -4.768849364472175445, -2.866447903148114928, 10.20000054708695458 ) ) ;
#4828 = CARTESIAN_POINT ( 'NONE',  ( -4.203385354949426223, 1.289844303766978451, 10.54999999999999716 ) ) ;
#4829 = CARTESIAN_POINT ( 'NONE',  ( 5.059752145698424464, -2.860573665242248431, 10.20000054708695458 ) ) ;
#4830 = EDGE_CURVE ( 'NONE', #1695, #2579, #2163, .T. ) ;
#4831 = CARTESIAN_POINT ( 'NONE',  ( -0.4698252312767182137, 4.556132585398702695, 10.55000000000000071 ) ) ;
#4832 = CARTESIAN_POINT ( 'NONE',  ( -1.093064383784954297, 4.564698034665722659, 3.333333333333333037 ) ) ;
#4833 = CARTESIAN_POINT ( 'NONE',  ( -3.804873815099856671, 5.115677565240818403, 10.20000054708695281 ) ) ;
#4834 = CARTESIAN_POINT ( 'NONE',  ( 5.811434037490126769, 0.1058673776733864980, -5.000000000000000000 ) ) ;
#4835 = CARTESIAN_POINT ( 'NONE',  ( 4.981601821055166468, -0.3774012670190767804, 10.20000054708695458 ) ) ;
#4836 = CARTESIAN_POINT ( 'NONE',  ( -0.8253475737099043030, 4.746791245639995438, 10.20000054708695814 ) ) ;
#4837 = CARTESIAN_POINT ( 'NONE',  ( -1.848213848742725540, -6.350834909277054408, 10.20000054708695458 ) ) ;
#4838 = CARTESIAN_POINT ( 'NONE',  ( -1.285912956139897201, -6.123430646208135819, 10.55000000000000071 ) ) ;
#4839 = CARTESIAN_POINT ( 'NONE',  ( 1.052720001347753787, -4.615017103914770935, -6.000000000002428280 ) ) ;
#4840 = CARTESIAN_POINT ( 'NONE',  ( 2.769149735388017675, 4.276828833056687706, 10.20000054708695458 ) ) ;
#4841 = CARTESIAN_POINT ( 'NONE',  ( -4.312018030364509258, -2.205101750084089041, 1.666666666666666297 ) ) ;
#4842 = CARTESIAN_POINT ( 'NONE',  ( -1.528663450985376260, -6.444619060474748196, 10.20000054708695458 ) ) ;
#4843 = CARTESIAN_POINT ( 'NONE',  ( 6.186800832269180539, 0.4602053499517040347, 10.20000054708695458 ) ) ;
#4844 = CARTESIAN_POINT ( 'NONE',  ( -1.245018387212212030, 4.202087670699123478, 10.55000000000000604 ) ) ;
#4845 = CARTESIAN_POINT ( 'NONE',  ( -6.294927125264602630, -2.030305354710399968, 10.20000054708695636 ) ) ;
#4846 = CARTESIAN_POINT ( 'NONE',  ( 5.211098165805172044, 0.2733533891370089064, 10.54999999999999716 ) ) ;
#4847 = CARTESIAN_POINT ( 'NONE',  ( -2.799776449901752340, -5.326812330412152185, 10.20000054708695458 ) ) ;
#4848 = CARTESIAN_POINT ( 'NONE',  ( -6.069393838661757634, -1.575008941516722549, 10.55000000000000071 ) ) ;
#4849 = CARTESIAN_POINT ( 'NONE',  ( 2.840146926352600243, 3.380742481779239306, 10.55000000000000426 ) ) ;
#4850 = CARTESIAN_POINT ( 'NONE',  ( -0.2420490677627291365, -4.727368662354399120, 0.000000000000000000 ) ) ;
#4851 = CARTESIAN_POINT ( 'NONE',  ( 4.291007783504368511, -2.245712686074321063, 3.333333333333333037 ) ) ;
#4852 = CARTESIAN_POINT ( 'NONE',  ( -5.678215679722193876, -0.07738645995682801038, -4.999999999999095834 ) ) ;
#4853 = CARTESIAN_POINT ( 'NONE',  ( 5.316265711627312207, 2.548124463877023071, 10.54999999999999893 ) ) ;
#4854 = CARTESIAN_POINT ( 'NONE',  ( -6.433344965106440050, -0.9757289509385247417, -5.000000000000000000 ) ) ;
#4855 = CARTESIAN_POINT ( 'NONE',  ( -1.462318462948770215, -6.100884694939384012, 10.55000000000000249 ) ) ;
#4856 = CARTESIAN_POINT ( 'NONE',  ( 4.337899239867962109, -0.7948244742646973782, 10.55000000000000249 ) ) ;
#4857 = CARTESIAN_POINT ( 'NONE',  ( 2.799776449901753228, 5.326812330412148633, 5.000000000000023093 ) ) ;
#4858 = CARTESIAN_POINT ( 'NONE',  ( -4.325384065009360235, 4.526801453241136031, 10.55000000000000426 ) ) ;
#4859 = CARTESIAN_POINT ( 'NONE',  ( 4.646369188651362059, -3.188622703862752150, -3.333333333333333037 ) ) ;
#4860 = CARTESIAN_POINT ( 'NONE',  ( -6.461538437135098789, -1.526872548237080407, -5.999999999998584244 ) ) ;
#4861 = CARTESIAN_POINT ( 'NONE',  ( 3.013478411332711104, 5.853487255403841516, 1.666666666666666297 ) ) ;
#4862 = CARTESIAN_POINT ( 'NONE',  ( -0.2634925770728951400, -5.587933371455243936, 10.55000000000000249 ) ) ;
#4863 = CARTESIAN_POINT ( 'NONE',  ( -5.449465857265461288, -2.431124405394461174, 3.333333333333333037 ) ) ;
#4864 = CARTESIAN_POINT ( 'NONE',  ( 5.380059953839476883, -0.02379233995175442443, 5.000000000000000000 ) ) ;
#4865 = CARTESIAN_POINT ( 'NONE',  ( 4.773087588978172313, 2.860248105178876177, -6.000000000000343725 ) ) ;
#4866 = CARTESIAN_POINT ( 'NONE',  ( 3.037940078102557173, -5.692243493106275309, -1.666666666666666297 ) ) ;
#4867 = CARTESIAN_POINT ( 'NONE',  ( -5.279927000639705881, -2.922791545718231632, 10.20000054708695281 ) ) ;
#4868 = CARTESIAN_POINT ( 'NONE',  ( -5.264636902339798752, -0.3035021527895687687, 10.55000000000000249 ) ) ;
#4869 = CARTESIAN_POINT ( 'NONE',  ( 2.969767269805097420, -4.456700645088511159, 10.55000000000000249 ) ) ;
#4870 = CARTESIAN_POINT ( 'NONE',  ( -5.992420882725949305, -2.535915251145073324, 10.20000054708695458 ) ) ;
#4871 = CARTESIAN_POINT ( 'NONE',  ( 5.621187373405008181, 1.478589194937732110, 0.000000000000000000 ) ) ;
#4872 = CARTESIAN_POINT ( 'NONE',  ( -3.201520283361031449, 4.682542437091927745, 10.55000000000000071 ) ) ;
#4873 = CARTESIAN_POINT ( 'NONE',  ( 0.8088334192012713864, 5.273188507352591259, 1.666666666666666297 ) ) ;
#4874 = CARTESIAN_POINT ( 'NONE',  ( -4.557016951910522806, 1.298793588857265702, 10.20000054708695636 ) ) ;
#4875 = CARTESIAN_POINT ( 'NONE',  ( 5.705468039007898895, 0.08215326004263441562, -5.000000000000000000 ) ) ;
#4876 = CARTESIAN_POINT ( 'NONE',  ( 5.066077182476479202, -0.2830426191739363606, 10.20000054708695281 ) ) ;
#4877 = CARTESIAN_POINT ( 'NONE',  ( -1.072547451719900957, 4.626815571163833241, 10.20000054708695458 ) ) ;
#4878 = CARTESIAN_POINT ( 'NONE',  ( -4.516332414954611352, 1.859659088761147050, 5.000000000000000000 ) ) ;
#4879 = ADVANCED_FACE ( 'NONE', ( #2688 ), #7195, .T. ) ;
#4880 = CARTESIAN_POINT ( 'NONE',  ( -0.7615707821837847113, -6.051799241854262768, 10.55000000000000249 ) ) ;
#4881 = ORIENTED_EDGE ( 'NONE', *, *, #2346, .F. ) ;
#4882 = CARTESIAN_POINT ( 'NONE',  ( 3.738365106422777195, 3.065417003658398976, 10.20000054708695458 ) ) ;
#4883 = CARTESIAN_POINT ( 'NONE',  ( -5.371053174174043932, -1.454363143550995829, 0.000000000000000000 ) ) ;
#4884 = AXIS2_PLACEMENT_3D ( 'NONE', #7073, #3567, #1541 ) ;
#4885 = CARTESIAN_POINT ( 'NONE',  ( 0.1106130241566753852, -5.524111177297944764, 10.20000054708695458 ) ) ;
#4886 = CARTESIAN_POINT ( 'NONE',  ( 6.118877379679804385, 0.3702466829933485637, 10.20000054708695458 ) ) ;
#4887 = CARTESIAN_POINT ( 'NONE',  ( -2.358138312139737458, 4.185677845987303414, 10.54999999999999893 ) ) ;
#4888 = CARTESIAN_POINT ( 'NONE',  ( -6.224047401954551084, -0.5176065051993941069, 10.20000054708695458 ) ) ;
#4889 = CARTESIAN_POINT ( 'NONE',  ( -4.603342582428153307, 2.258170310738743414, -4.999999999997510436 ) ) ;
#4890 = CARTESIAN_POINT ( 'NONE',  ( 4.361697311507215069, -0.7356094470870440105, 10.55000000000000071 ) ) ;
#4891 = CARTESIAN_POINT ( 'NONE',  ( 0.1704022720372699862, -5.377413347294651480, 5.000000000000024869 ) ) ;
#4892 = CARTESIAN_POINT ( 'NONE',  ( -6.051389662332903541, -1.003844057291576330, 10.54999999999999716 ) ) ;
#4893 = CARTESIAN_POINT ( 'NONE',  ( 6.440971233593919543, 0.3802702459705246119, 3.333333333333333037 ) ) ;
#4894 = CARTESIAN_POINT ( 'NONE',  ( 4.748514887307901944, 2.506743544138954061, 10.55000000000000426 ) ) ;
#4895 = CARTESIAN_POINT ( 'NONE',  ( -5.748018482795087536, 0.4222848131969861862, -3.333333333333333037 ) ) ;
#4896 = CARTESIAN_POINT ( 'NONE',  ( -0.3265245723284933566, -5.749658120188238186, 10.55000000000000249 ) ) ;
#4897 = CARTESIAN_POINT ( 'NONE',  ( 5.016892357243501799, 2.584258937205710094, 10.55000000000000426 ) ) ;
#4898 = CARTESIAN_POINT ( 'NONE',  ( 2.814033178045507899, 5.085783199819224443, 10.20000054708695458 ) ) ;
#4899 = CARTESIAN_POINT ( 'NONE',  ( 3.581722154483869325, -5.155487022040585288, -5.000000000000000000 ) ) ;
#4900 = CARTESIAN_POINT ( 'NONE',  ( 3.868678216692452487, 2.981429057093077262, -5.999999999999979572 ) ) ;
#4901 = CARTESIAN_POINT ( 'NONE',  ( -2.907966664692027692, 4.882705828916002133, 5.000000000000000000 ) ) ;
#4902 = CARTESIAN_POINT ( 'NONE',  ( 3.087676147488246592, -4.555473663111357929, 10.55000000000000249 ) ) ;
#4903 = CARTESIAN_POINT ( 'NONE',  ( -3.470362048767141605, -3.219190813529884121, 5.000000000000000000 ) ) ;
#4904 = CARTESIAN_POINT ( 'NONE',  ( -5.705468038824562882, -0.08215326000160592945, -5.000000000000000000 ) ) ;
#4905 = CARTESIAN_POINT ( 'NONE',  ( 6.304921007630883700, 2.081055046146127907, -5.000000000001182165 ) ) ;
#4906 = CARTESIAN_POINT ( 'NONE',  ( 4.028894480281568491, -5.206954424155692429, -1.666666666666666297 ) ) ;
#4907 = CARTESIAN_POINT ( 'NONE',  ( -5.788548453277801542, -0.5280367278900817141, 10.55000000000000249 ) ) ;
#4908 = CARTESIAN_POINT ( 'NONE',  ( -2.371666416849585346, -6.059304634297760117, 10.20000054708695458 ) ) ;
#4909 = CARTESIAN_POINT ( 'NONE',  ( 3.840358520603884607, 3.017819880700677970, 0.000000000000000000 ) ) ;
#4910 = CARTESIAN_POINT ( 'NONE',  ( -0.1895406219408748982, 4.689918142874669904, 1.666666666666666297 ) ) ;
#4911 = CARTESIAN_POINT ( 'NONE',  ( -4.960981401944435376, 2.762448030319953673, 10.20000054708695281 ) ) ;
#4912 = CARTESIAN_POINT ( 'NONE',  ( 5.485244520293449000, -1.469766840030114929, 0.000000000000000000 ) ) ;
#4913 = CARTESIAN_POINT ( 'NONE',  ( 4.539345959687707932, -1.412293544116097754, 10.20000054708695458 ) ) ;
#4914 = CARTESIAN_POINT ( 'NONE',  ( -0.4629138675188076979, 5.015211664729974039, 10.20000054708695458 ) ) ;
#4915 = CARTESIAN_POINT ( 'NONE',  ( -2.355065789841930268, -6.036262566435931731, 10.20000054708695458 ) ) ;
#4916 = CARTESIAN_POINT ( 'NONE',  ( -1.020147391950220195, -6.114328135762265859, 10.55000000000000249 ) ) ;
#4917 = CARTESIAN_POINT ( 'NONE',  ( 3.097876131912061570, 4.343258223111882366, 3.333333333333333037 ) ) ;
#4918 = CARTESIAN_POINT ( 'NONE',  ( -3.982129891421930967, -2.951944145339154613, 10.20000054708695281 ) ) ;
#4919 = CARTESIAN_POINT ( 'NONE',  ( 0.02935046280466448512, 5.930200340432390860, 10.20000054708695458 ) ) ;
#4920 = CARTESIAN_POINT ( 'NONE',  ( -3.189317834731913770, -4.645892071733031869, 3.333333333333333037 ) ) ;
#4921 = CARTESIAN_POINT ( 'NONE',  ( 0.5452919836051915992, -4.941020386494814787, 10.20000054708695636 ) ) ;
#4922 = CARTESIAN_POINT ( 'NONE',  ( 6.389982843928360801, 0.9148873676683642042, 10.20000054708695458 ) ) ;
#4923 = CARTESIAN_POINT ( 'NONE',  ( -1.481989045973203245, 4.153823201507343299, 10.55000000000000071 ) ) ;
#4924 = CARTESIAN_POINT ( 'NONE',  ( -6.124997702220691842, -2.329706168433767655, 10.20000054708695458 ) ) ;
#4925 = CARTESIAN_POINT ( 'NONE',  ( 5.617911649995843248, 0.4221517240340550425, 10.55000000000000071 ) ) ;
#4926 = CARTESIAN_POINT ( 'NONE',  ( -2.673921665751363808, -5.679605890652212885, 10.20000054708695458 ) ) ;
#4927 = CARTESIAN_POINT ( 'NONE',  ( -6.009915072935548608, -0.8732372464513448174, 10.55000000000000426 ) ) ;
#4928 = CARTESIAN_POINT ( 'NONE',  ( 2.994031678001666474, 3.202610303311885787, 10.54999999999999716 ) ) ;
#4929 = CARTESIAN_POINT ( 'NONE',  ( 4.856940138843213184, -0.5154830861505421691, -6.000000000001853628 ) ) ;
#4930 = CARTESIAN_POINT ( 'NONE',  ( 6.414361532096309659, 1.483351403618799802, 3.333333333333333037 ) ) ;
#4931 = ADVANCED_FACE ( 'NONE', ( #7556 ), #486, .T. ) ;
#4932 = CARTESIAN_POINT ( 'NONE',  ( 4.591707229249836431, 2.494855852632704263, 10.54999999999999893 ) ) ;
#4933 = CARTESIAN_POINT ( 'NONE',  ( -2.835030769196474676, 4.788108697936169555, -5.000000000000000000 ) ) ;
#4934 = CARTESIAN_POINT ( 'NONE',  ( -0.6796366030865623742, -6.018828657891878819, 10.55000000000000249 ) ) ;
#4935 = CARTESIAN_POINT ( 'NONE',  ( 5.040637626788418757, 2.591735949229238223, 10.55000000000000071 ) ) ;
#4936 = CARTESIAN_POINT ( 'NONE',  ( -5.123227066717332967, 0.2064956504716642105, -4.999999999998247624 ) ) ;
#4937 = CARTESIAN_POINT ( 'NONE',  ( 3.189317834731914658, 4.645892071733031869, -3.333333333333333037 ) ) ;
#4938 = CARTESIAN_POINT ( 'NONE',  ( -3.013478411332712437, -5.853487255403838851, -1.666666666666666297 ) ) ;
#4939 = CARTESIAN_POINT ( 'NONE',  ( 5.123731907581466238, -2.983657467203488789, 10.20000054708695636 ) ) ;
#4940 = CARTESIAN_POINT ( 'NONE',  ( -2.212433887838667346, 4.854468545862983930, 3.333333333333333037 ) ) ;
#4941 = CARTESIAN_POINT ( 'NONE',  ( 3.169800220013839098, -4.650566396770175359, 10.55000000000000071 ) ) ;
#4942 = CARTESIAN_POINT ( 'NONE',  ( -5.621187373405012622, -1.478589194937732554, 0.000000000000000000 ) ) ;
#4943 = CARTESIAN_POINT ( 'NONE',  ( 5.251182211392753985, -3.439893223823212498, 5.000000000000000000 ) ) ;
#4944 = CARTESIAN_POINT ( 'NONE',  ( 2.740444013174870630, 4.333596967199777161, -5.999999999999022116 ) ) ;
#4945 = CARTESIAN_POINT ( 'NONE',  ( -2.460968612481762463, -6.106389989388078199, -3.333333333333333037 ) ) ;
#4946 = CARTESIAN_POINT ( 'NONE',  ( -5.160145720535347813, -2.941943093431985456, 10.20000054708695458 ) ) ;
#4947 = CARTESIAN_POINT ( 'NONE',  ( -5.057691417402801370, 0.2825402854410301590, 10.20000054708695458 ) ) ;
#4948 = CARTESIAN_POINT ( 'NONE',  ( -4.257304147301129937, -2.857526457809150600, -4.999999999999889866 ) ) ;
#4949 = CARTESIAN_POINT ( 'NONE',  ( 5.992420882725946640, 2.535915251145075544, 5.000000000000000000 ) ) ;
#4950 = CARTESIAN_POINT ( 'NONE',  ( 1.908458813630810491, 6.359292723372316658, 5.000000000000000000 ) ) ;
#4951 = CARTESIAN_POINT ( 'NONE',  ( -4.675641751539209245, 0.8923544841765201907, 10.20000054708695458 ) ) ;
#4952 = CARTESIAN_POINT ( 'NONE',  ( -4.856940138843541810, 0.5154830861509837048, -5.000000000000000000 ) ) ;
#4953 = CARTESIAN_POINT ( 'NONE',  ( 4.627476880197838760, -1.023536913771370349, 10.20000054708695458 ) ) ;
#4954 = CARTESIAN_POINT ( 'NONE',  ( 0.02935046280466448512, 5.930200340432390860, 10.20000054708695458 ) ) ;
#4955 = CARTESIAN_POINT ( 'NONE',  ( -5.678215680728424530, -0.07738646014290460895, 5.000000000000012434 ) ) ;
#4956 = CARTESIAN_POINT ( 'NONE',  ( -6.633242581027160689, -0.2879441185641482548, 0.000000000000000000 ) ) ;
#4957 = CARTESIAN_POINT ( 'NONE',  ( 1.738384585344810329, -4.478281551450306708, 10.20000054708695458 ) ) ;
#4958 = CARTESIAN_POINT ( 'NONE',  ( -0.8741830816071075594, -6.086149945268165773, 10.54999999999999716 ) ) ;
#4959 = CARTESIAN_POINT ( 'NONE',  ( -2.945855761190349753, 4.440277829693322964, 10.54999999999999716 ) ) ;
#4960 = CARTESIAN_POINT ( 'NONE',  ( 3.123419988198147923, 3.556803324690035240, -5.000000000000000000 ) ) ;
#4961 = VERTEX_POINT ( 'NONE', #1921 ) ;
#4962 = CARTESIAN_POINT ( 'NONE',  ( 2.177409306263473621, 6.177133025303081837, 10.20000054708695814 ) ) ;
#4963 = CARTESIAN_POINT ( 'NONE',  ( -5.604626029811752730, -2.827710600053704226, 5.000000000000000000 ) ) ;
#4964 = CARTESIAN_POINT ( 'NONE',  ( -0.8615633892331664434, -6.442342023295725362, 10.20000054708695636 ) ) ;
#4965 = B_SPLINE_SURFACE_WITH_KNOTS ( 'NONE', 3, 1, ( 
 ( #6473, #3485 ),
 ( #4759, #2790 ),
 ( #5294, #5867 ),
 ( #2288, #4606 ),
 ( #5981, #5940 ),
 ( #383, #4716 ),
 ( #428, #5377 ),
 ( #1090, #7223 ),
 ( #3415, #7814 ),
 ( #1701, #4169 ),
 ( #6019, #931 ),
 ( #306, #5259 ),
 ( #7695, #4643 ),
 ( #1782, #681 ),
 ( #7299, #6228 ),
 ( #7857, #7371 ),
 ( #1307, #4968 ),
 ( #5498, #2328 ),
 ( #6062, #1223 ),
 ( #6790, #1180 ),
 ( #4285, #6710 ),
 ( #6184, #6745 ),
 ( #3649, #5541 ),
 ( #4806, #7974 ),
 ( #6103, #5419 ),
 ( #4366, #6668 ),
 ( #1266, #3045 ),
 ( #4847, #2457 ),
 ( #4926, #1860 ),
 ( #4330, #3732 ),
 ( #7416, #640 ),
 ( #2413, #4251 ),
 ( #7260, #1739 ),
 ( #3132, #5583 ),
 ( #1134, #4208 ),
 ( #553, #3604 ),
 ( #27, #2500 ),
 ( #1900, #6833 ),
 ( #7933, #4891 ),
 ( #7337, #3778 ),
 ( #511, #2369 ),
 ( #3004, #1821 ),
 ( #5462, #7895 ),
 ( #224, #115 ),
 ( #1942, #2547 ),
 ( #5013, #3258 ),
 ( #2707, #6270 ),
 ( #3855, #3817 ),
 ( #5781, #5626 ),
 ( #2669, #5707 ),
 ( #4411, #6871 ),
 ( #6307, #3175 ),
 ( #5174, #6948 ),
 ( #6352, #4562 ),
 ( #2586, #7614 ),
 ( #803, #154 ),
 ( #725, #7028 ),
 ( #1497, #7535 ),
 ( #1980, #72 ),
 ( #4451, #3217 ),
 ( #1384, #5136 ),
 ( #765, #5096 ),
 ( #1461, #2016 ),
 ( #3294, #4486 ),
 ( #5745, #190 ),
 ( #7576, #2052 ),
 ( #4527, #6990 ),
 ( #3932, #6388 ),
 ( #843, #3330 ),
 ( #2164, #1692 ),
 ( #7806, #2126 ) ),
 .UNSPECIFIED., .F., .F., .F.,
 ( 4, 1, 1, 1, 1, 1, 1, 1, 1, 1, 1, 1, 1, 1, 1, 1, 1, 1, 1, 1, 1, 1, 1, 1, 1, 1, 1, 1, 1, 1, 1, 1, 1, 1, 1, 1, 1, 1, 1, 1, 1, 1, 1, 1, 1, 1, 1, 1, 1, 1, 1, 1, 1, 1, 1, 1, 1, 1, 1, 1, 1, 1, 1, 1, 1, 1, 1, 1, 4 ),
 ( 2, 2 ),
 ( 0.4969999835537317057, 0.4984498631607156005, 0.4999999999999999445, 0.5018292098776508947, 0.5071613016810181396, 0.5155658965453934206, 0.5263623747487958804, 0.5386761866728086989, 0.5515098172700613199, 0.5638236292722421661, 0.5746201073102992218, 0.5830247024212611429, 0.5883567939726969120, 0.5901860039241885181, 0.5917361408460318772, 0.5962577944674029018, 0.6033853372691636574, 0.6125414544858115429, 0.6229844228490900582, 0.6338682479005670611, 0.6443112160452645343, 0.6534673334155410851, 0.6605948761605603403, 0.6651165298782686364, 0.6666666667794663992, 0.6684958766427392396, 0.6738279683481224192, 0.6822325632222695502, 0.6930290412855123483, 0.7053428534166151787, 0.7181764840502335989, 0.7304902959367324256, 0.7412867741908182317, 0.7496913689758158972, 0.7550234606865507958, 0.7568526706817441108, 0.7584028074495613447, 0.7629244612756113098, 0.7700520039396495653, 0.7792081213045086718, 0.7896510895188043611, 0.8005349146297168206, 0.8109778827759512865, 0.8201340000749699488, 0.8272615429215578464, 0.8317831965324281596, 0.8333333334348632659, 0.8351625433072764615, 0.8404946349339145195, 0.8488992300155221438, 0.8596957080728128142, 0.8720095199688826515, 0.8848431506388416690, 0.8971569626792648133, 0.9079534408602131235, 0.9163580356125063942, 0.9216901275013025252, 0.9235193373172669862, 0.9250694742934655324, 0.9295911279999893306, 0.9367186704780043893, 0.9458747879384589163, 0.9563177561437352647, 0.9672015812368727206, 0.9776445494160251881, 0.9868006666935659199, 0.9939282094209671570, 0.9984498631607157115, 0.9999999999999998890 ),
 ( 0.000000000000000000, 1.000000000000000000 ),
 .UNSPECIFIED. ) ;
#4966 = CARTESIAN_POINT ( 'NONE',  ( -5.570606647671834111, -2.818594071766050480, 10.20000054708695458 ) ) ;
#4967 = CARTESIAN_POINT ( 'NONE',  ( 4.217951130742973120, -2.114383799174423206, 10.54999999999999893 ) ) ;
#4968 = CARTESIAN_POINT ( 'NONE',  ( -4.571775429901919097, -2.836279366628511767, 5.000000000000024869 ) ) ;
#4969 = CARTESIAN_POINT ( 'NONE',  ( -6.045470790082355883, -1.682677679866978693, 10.55000000000000249 ) ) ;
#4970 = CARTESIAN_POINT ( 'NONE',  ( 2.704694177684101586, 3.571106356402528714, 10.54999999999999716 ) ) ;
#4971 = CARTESIAN_POINT ( 'NONE',  ( 5.715491777336003665, 2.278019124521993621, 10.54999999999999893 ) ) ;
#4972 = CARTESIAN_POINT ( 'NONE',  ( -2.212433887838667346, 4.854468545862983930, -3.333333333333333037 ) ) ;
#4973 = CARTESIAN_POINT ( 'NONE',  ( -4.531659419804127786, 1.484786472625017284, 10.20000054708695103 ) ) ;
#4974 = CARTESIAN_POINT ( 'NONE',  ( 0.3679468410871759576, -4.634038215840435626, 10.55000000000000071 ) ) ;
#4975 = CARTESIAN_POINT ( 'NONE',  ( 5.701009575180654210, 2.299466168777325237, 10.55000000000000071 ) ) ;
#4976 = CARTESIAN_POINT ( 'NONE',  ( 5.617911649995843248, 0.4221517240340550980, 10.55000000000000071 ) ) ;
#4977 = CARTESIAN_POINT ( 'NONE',  ( 3.457288572021225193, 3.727848306711875281, -1.666666666666666297 ) ) ;
#4978 = CARTESIAN_POINT ( 'NONE',  ( -3.582077965639238748, 4.781628853540949464, 10.54999999999999716 ) ) ;
#4979 = CARTESIAN_POINT ( 'NONE',  ( 1.982048622023625528, -4.463975086240834500, -5.000000000000000000 ) ) ;
#4980 = CARTESIAN_POINT ( 'NONE',  ( 4.995193763523118058, -4.300286375240010450, 10.20000054708695281 ) ) ;
#4981 = CARTESIAN_POINT ( 'NONE',  ( -1.058259038248090533, -5.016989528068906523, 0.000000000000000000 ) ) ;
#4982 = CARTESIAN_POINT ( 'NONE',  ( 5.564139155517589863, 0.06115429241966183899, 10.20000054708695458 ) ) ;
#4983 = CARTESIAN_POINT ( 'NONE',  ( -1.755442576329604876, 5.037772316622273650, 1.666666666666666297 ) ) ;
#4984 = CARTESIAN_POINT ( 'NONE',  ( 3.233248201861626203, -4.703156267137170055, 10.55000000000000071 ) ) ;
#4985 = CARTESIAN_POINT ( 'NONE',  ( 5.811434037490126769, 0.1058673776733864980, 5.000000000000000000 ) ) ;
#4986 = CARTESIAN_POINT ( 'NONE',  ( -0.3534438101688317513, -6.267603813795266987, 5.000000000000000000 ) ) ;
#4987 = CARTESIAN_POINT ( 'NONE',  ( 3.470362048767136720, 3.219190813529887674, -4.999999999999745093 ) ) ;
#4988 = CARTESIAN_POINT ( 'NONE',  ( -4.142919934894312206, -4.364618222124522440, 0.000000000000000000 ) ) ;
#4989 = CARTESIAN_POINT ( 'NONE',  ( -5.879418658311336365, -0.6320942547204861928, 10.54999999999999893 ) ) ;
#4990 = FACE_BOUND ( 'NONE', #3847, .T. ) ;
#4991 = DIRECTION ( 'NONE',  ( 3.293975600896116958E-13, -4.427453442170423041E-13, 1.000000000000000000 ) ) ;
#4992 = CARTESIAN_POINT ( 'NONE',  ( 3.391656992469872289, -4.759532969876164366, 10.54999999999999716 ) ) ;
#4993 = CARTESIAN_POINT ( 'NONE',  ( -3.868678216692781113, -2.981429057092635393, -5.000000000000072831 ) ) ;
#4994 = CARTESIAN_POINT ( 'NONE',  ( -4.142919934894312206, 4.364618222124517999, 0.000000000000000000 ) ) ;
#4995 = CARTESIAN_POINT ( 'NONE',  ( -4.600824919251773615, 2.924890660069694892, 10.55000000000000249 ) ) ;
#4996 = CARTESIAN_POINT ( 'NONE',  ( 2.526070848901886823, 5.996577392882944224, 0.000000000000000000 ) ) ;
#4997 = CARTESIAN_POINT ( 'NONE',  ( -4.800714575318352217, 2.616031693081832810, 10.20000054708695103 ) ) ;
#4998 = DIRECTION ( 'NONE',  ( -1.000000000000000000, 0.000000000000000000, 0.000000000000000000 ) ) ;
#4999 = CARTESIAN_POINT ( 'NONE',  ( -5.938764443915560243, -0.7229222108677002545, 10.55000000000000426 ) ) ;
#5000 = CARTESIAN_POINT ( 'NONE',  ( -2.144444241154823683, 4.499646906095949639, 10.20000054708695458 ) ) ;
#5001 = CARTESIAN_POINT ( 'NONE',  ( -3.037940078102560282, 5.692243493106274421, -1.666666666666666297 ) ) ;
#5002 = CARTESIAN_POINT ( 'NONE',  ( 0.09378824958427997571, -5.578609324576104811, 10.20000054708695103 ) ) ;
#5003 = CARTESIAN_POINT ( 'NONE',  ( -0.3455722803420997469, -5.772828364306516136, 10.54999999999999893 ) ) ;
#5004 = CARTESIAN_POINT ( 'NONE',  ( 2.814033178045507899, 5.085783199819224443, -5.000000000000000000 ) ) ;
#5005 = ORIENTED_EDGE ( 'NONE', *, *, #5629, .T. ) ;
#5006 = CARTESIAN_POINT ( 'NONE',  ( -2.835689621109627634, -4.078586917458088656, 10.20000054708695281 ) ) ;
#5007 = CARTESIAN_POINT ( 'NONE',  ( -0.09284837162425088608, 5.582714849220061559, 10.20000054708695458 ) ) ;
#5008 = CARTESIAN_POINT ( 'NONE',  ( -2.526070848901886823, -5.996577392882942448, 0.000000000000000000 ) ) ;
#5009 = CARTESIAN_POINT ( 'NONE',  ( -1.565371392357577385, -6.437125598569935825, 10.20000054708695103 ) ) ;
#5010 = CARTESIAN_POINT ( 'NONE',  ( 4.718486644035325028, 2.856201342173277702, 10.20000054708695458 ) ) ;
#5011 = CARTESIAN_POINT ( 'NONE',  ( -5.788078364508708162, -2.681681442286477868, 10.20000054708695636 ) ) ;
#5012 = CARTESIAN_POINT ( 'NONE',  ( 6.398296558011013602, 0.9487080677140410367, 10.20000054708695814 ) ) ;
#5013 = CARTESIAN_POINT ( 'NONE',  ( 2.669425199347730260, -4.671164775103693323, 10.20000054708695458 ) ) ;
#5014 = CARTESIAN_POINT ( 'NONE',  ( -5.898755905130139254, -2.035229797706185284, 10.54999999999999893 ) ) ;
#5015 = CARTESIAN_POINT ( 'NONE',  ( 1.710053934058384240, 6.028984097313303536, 10.55000000000000071 ) ) ;
#5016 = CARTESIAN_POINT ( 'NONE',  ( 2.382783059699367545, -4.540092616158708516, -6.000000000002819966 ) ) ;
#5017 = CARTESIAN_POINT ( 'NONE',  ( -0.07477099020677754893, -6.017315606013090346, -5.000000000002666312 ) ) ;
#5018 = CARTESIAN_POINT ( 'NONE',  ( 2.444825838287375763, 4.136733408775206122, 10.55000000000000071 ) ) ;
#5019 = CARTESIAN_POINT ( 'NONE',  ( -0.2420490677627293863, 4.727368662354397344, 0.000000000000000000 ) ) ;
#5020 = CARTESIAN_POINT ( 'NONE',  ( -1.138457660385625347, -6.124841787161321882, 10.54999999999999893 ) ) ;
#5021 = CARTESIAN_POINT ( 'NONE',  ( 5.251678290621216050, 2.568750917805578737, 10.55000000000000249 ) ) ;
#5022 = CARTESIAN_POINT ( 'NONE',  ( -5.380059953839469777, 0.02379233995175580874, 10.20000054708695458 ) ) ;
#5023 = CARTESIAN_POINT ( 'NONE',  ( -4.000670244304187939, 4.704131996352829859, 10.54999999999999893 ) ) ;
#5024 = CARTESIAN_POINT ( 'NONE',  ( -2.460968612481762463, -6.106389989388078199, -3.333333333333333037 ) ) ;
#5025 = CONICAL_SURFACE ( 'NONE', #3480, 2.500000000000000000, 0.7853981633974589371 ) ;
#5026 = CARTESIAN_POINT ( 'NONE',  ( 5.352524848337579577, -0.05011346490018540184, 10.20000054708695636 ) ) ;
#5027 = CARTESIAN_POINT ( 'NONE',  ( -3.013478411332712437, -5.853487255403838851, 1.666666666666666297 ) ) ;
#5028 = CARTESIAN_POINT ( 'NONE',  ( 2.874891515540037634, 3.948492002340219464, -5.999999999999223732 ) ) ;
#5029 = CARTESIAN_POINT ( 'NONE',  ( 5.678215680769328699, 0.07738646013456570993, 5.000000000000000000 ) ) ;
#5030 = CARTESIAN_POINT ( 'NONE',  ( 2.382783059699697503, -4.540092616159150829, 5.000000000000000000 ) ) ;
#5031 = CARTESIAN_POINT ( 'NONE',  ( 4.773087588978501827, 2.860248105178433420, -5.000000000000333067 ) ) ;
#5032 = EDGE_CURVE ( 'NONE', #5738, #5282, #6178, .T. ) ;
#5033 = CARTESIAN_POINT ( 'NONE',  ( -3.665404046457295451, -4.447792047954561845, -1.666666666666666297 ) ) ;
#5034 = CARTESIAN_POINT ( 'NONE',  ( -2.382783059699694839, 4.540092616159148164, 10.20000054708695458 ) ) ;
#5035 = CARTESIAN_POINT ( 'NONE',  ( -3.470362048767141605, -3.219190813529884121, -5.000000000000309086 ) ) ;
#5036 = CARTESIAN_POINT ( 'NONE',  ( 6.433344965106440938, 0.9757289509385252968, 5.000000000000000000 ) ) ;
#5037 = CARTESIAN_POINT ( 'NONE',  ( -4.425410008461838629, 2.677734462470707122, 10.55000000000000071 ) ) ;
#5038 = CARTESIAN_POINT ( 'NONE',  ( -4.117753766068317667, 4.738341904635172241, 0.000000000000000000 ) ) ;
#5039 = EDGE_CURVE ( 'NONE', #6528, #5925, #5519, .T. ) ;
#5040 = CARTESIAN_POINT ( 'NONE',  ( -4.526037498376007662, 1.766907428103818178, 10.20000054708695458 ) ) ;
#5041 = CARTESIAN_POINT ( 'NONE',  ( 2.673921665751363808, 5.679605890652218214, -5.000000000000000000 ) ) ;
#5042 = CARTESIAN_POINT ( 'NONE',  ( -5.553735380665957955, -0.4112564921929078854, 10.55000000000000071 ) ) ;
#5043 = CARTESIAN_POINT ( 'NONE',  ( -2.765411434640442145, 4.741117293685165102, 10.20000054708695458 ) ) ;
#5044 = CARTESIAN_POINT ( 'NONE',  ( -4.742177691313817611, 2.541133983792142725, -5.000000000000000000 ) ) ;
#5045 = CARTESIAN_POINT ( 'NONE',  ( 1.007127619608889413, -4.654996290196925735, 10.20000054708695458 ) ) ;
#5046 = CARTESIAN_POINT ( 'NONE',  ( 5.621187373405008181, 1.478589194937732110, 0.000000000000000000 ) ) ;
#5047 = ORIENTED_EDGE ( 'NONE', *, *, #7868, .F. ) ;
#5048 = CARTESIAN_POINT ( 'NONE',  ( 2.454262253271798144, 5.180532514260857369, 10.55000000000000071 ) ) ;
#5049 = CARTESIAN_POINT ( 'NONE',  ( 0.8136257741185204395, 6.431705698302876861, 10.20000054708695281 ) ) ;
#5050 = CARTESIAN_POINT ( 'NONE',  ( -2.494907568016747401, -6.092602184811370059, 1.666666666666666297 ) ) ;
#5051 = CARTESIAN_POINT ( 'NONE',  ( 1.970999319873941280, -4.480215241096198397, 10.20000054708695458 ) ) ;
#5052 = CARTESIAN_POINT ( 'NONE',  ( 5.211793370771433231, 2.935341472799349205, 10.20000054708695636 ) ) ;
#5053 = CARTESIAN_POINT ( 'NONE',  ( 6.041260304969994444, 0.2854046126398633310, 10.20000054708695636 ) ) ;
#5054 = CARTESIAN_POINT ( 'NONE',  ( -3.576587165583914096, -2.755323630391766088, 10.54999999999999893 ) ) ;
#5055 = CARTESIAN_POINT ( 'NONE',  ( 2.396915986885624683, 4.338988769124182632, 10.55000000000000249 ) ) ;
#5056 = CARTESIAN_POINT ( 'NONE',  ( 0.05254660229870469768, -5.812160726609311823, -5.000000000002617462 ) ) ;
#5057 = CARTESIAN_POINT ( 'NONE',  ( 2.840146926352600243, 3.380742481779239306, 10.55000000000000426 ) ) ;
#5058 = CARTESIAN_POINT ( 'NONE',  ( 5.251182211392753985, -3.439893223823212498, -5.000000000003279155 ) ) ;
#5059 = CARTESIAN_POINT ( 'NONE',  ( -3.565988210183659302, 5.600584521419607498, 0.000000000000000000 ) ) ;
#5060 = CARTESIAN_POINT ( 'NONE',  ( 2.267682611485586808, -4.165275912770373345, 10.55000000000000426 ) ) ;
#5061 = CARTESIAN_POINT ( 'NONE',  ( 5.132203895580053299, 2.593177974872741487, 10.55000000000000249 ) ) ;
#5062 = CARTESIAN_POINT ( 'NONE',  ( -5.564139155517599633, -0.06115429241966367085, 10.20000054708695458 ) ) ;
#5063 = CARTESIAN_POINT ( 'NONE',  ( -4.717175527716836569, 4.081553354517769350, 10.55000000000000249 ) ) ;
#5064 = CARTESIAN_POINT ( 'NONE',  ( 0.05254660229870469768, -5.812160726609311823, -5.000000000000000000 ) ) ;
#5065 = CARTESIAN_POINT ( 'NONE',  ( 5.734121802480862229, 0.4801110524943924540, 10.55000000000000249 ) ) ;
#5066 = CARTESIAN_POINT ( 'NONE',  ( -0.8000434083654122119, -6.457546346331824338, 5.000000000000000000 ) ) ;
#5067 = CARTESIAN_POINT ( 'NONE',  ( 0.1812030049325945857, -4.796080534295673381, 10.54999999999999716 ) ) ;
#5068 = CARTESIAN_POINT ( 'NONE',  ( 5.705468039007898895, 0.08215326004263442949, 5.000000000000000000 ) ) ;
#5069 = CARTESIAN_POINT ( 'NONE',  ( 3.581722154483869325, -5.155487022040585288, -5.000000000000000000 ) ) ;
#5070 = DIRECTION ( 'NONE',  ( -0.000000000000000000, -0.000000000000000000, 1.000000000000000000 ) ) ;
#5071 = CARTESIAN_POINT ( 'NONE',  ( -4.091089480663188560, -4.128796472022229658, 0.000000000000000000 ) ) ;
#5072 = CARTESIAN_POINT ( 'NONE',  ( -4.880961662735974649, -2.534008593607489424, 10.55000000000000249 ) ) ;
#5073 = FACE_OUTER_BOUND ( 'NONE', #2156, .T. ) ;
#5074 = CARTESIAN_POINT ( 'NONE',  ( -5.678215680728424530, -0.07738646014290460895, 5.000000000000012434 ) ) ;
#5075 = CARTESIAN_POINT ( 'NONE',  ( -2.874891515540369369, -3.948492002339770490, -5.000000000000828670 ) ) ;
#5076 = CARTESIAN_POINT ( 'NONE',  ( 5.549568240452075862, -0.9540490733085547070, 1.666666666666666297 ) ) ;
#5077 = CARTESIAN_POINT ( 'NONE',  ( -4.872101123692172742, 3.368496580676588525, 10.55000000000000249 ) ) ;
#5078 = CARTESIAN_POINT ( 'NONE',  ( -5.251182211392754873, 3.439893223823211610, 5.000000000000000000 ) ) ;
#5079 = CARTESIAN_POINT ( 'NONE',  ( -6.429201876114904124, -1.535879259865212898, 10.20000054708695281 ) ) ;
#5080 = CARTESIAN_POINT ( 'NONE',  ( -0.1704022720372709576, 5.377413347294648815, -5.000000000000000000 ) ) ;
#5081 = CARTESIAN_POINT ( 'NONE',  ( -5.506766275616738149, -0.4009273384733647028, 10.55000000000000071 ) ) ;
#5082 = CARTESIAN_POINT ( 'NONE',  ( -2.883523176405951904, 4.847885405394363190, 10.20000054708695281 ) ) ;
#5083 = CARTESIAN_POINT ( 'NONE',  ( -0.2023189161653224655, 4.780223305861762029, 10.54999999999999893 ) ) ;
#5084 = CARTESIAN_POINT ( 'NONE',  ( -4.057804548095641728, 5.184456327696183031, -3.333333333333333037 ) ) ;
#5085 = CARTESIAN_POINT ( 'NONE',  ( 1.429413721833834527, -4.518853747932251252, 10.20000054708695636 ) ) ;
#5086 = CARTESIAN_POINT ( 'NONE',  ( -0.1420446571999012253, -5.236456121158847843, 10.55000000000000426 ) ) ;
#5087 = CARTESIAN_POINT ( 'NONE',  ( 3.485117518757675281, 4.039144021101855664, -1.666666666666666297 ) ) ;
#5088 = ORIENTED_EDGE ( 'NONE', *, *, #834, .F. ) ;
#5089 = CARTESIAN_POINT ( 'NONE',  ( 1.693703745585736442, 6.053879053012728662, 10.55000000000000426 ) ) ;
#5090 = CARTESIAN_POINT ( 'NONE',  ( -0.4629138675188076979, 5.015211664729974039, 10.20000054708695458 ) ) ;
#5091 = CARTESIAN_POINT ( 'NONE',  ( 0.6211303116444789607, -4.652467623394941576, 3.333333333333333037 ) ) ;
#5092 = CARTESIAN_POINT ( 'NONE',  ( 2.852930899763221895, -4.816013909536556170, 10.20000054708695281 ) ) ;
#5093 = CARTESIAN_POINT ( 'NONE',  ( 4.519374265012940484, 2.844006605247553665, 10.20000054708695458 ) ) ;
#5094 = CARTESIAN_POINT ( 'NONE',  ( -2.799776449902082298, -5.326812330411709873, -6.000000000001461942 ) ) ;
#5095 = CARTESIAN_POINT ( 'NONE',  ( 6.015148296498439962, 2.469116472986900401, 10.20000054708695458 ) ) ;
#5096 = CARTESIAN_POINT ( 'NONE',  ( 4.603342582428153307, -2.258170310738746966, 5.000000000000024869 ) ) ;
#5097 = CARTESIAN_POINT ( 'NONE',  ( -5.575735683376768392, -2.403330770565343943, 10.55000000000000071 ) ) ;
#5098 = CARTESIAN_POINT ( 'NONE',  ( 2.047002738276181955, 5.837925686234433087, 10.55000000000000071 ) ) ;
#5099 = CARTESIAN_POINT ( 'NONE',  ( 2.889605796672586102, 3.319804812874806998, 10.55000000000000426 ) ) ;
#5100 = CARTESIAN_POINT ( 'NONE',  ( -0.1895406219408748982, 4.689918142874669904, -1.666666666666666297 ) ) ;
#5101 = CARTESIAN_POINT ( 'NONE',  ( 0.8646239224544725044, -4.335290207567568110, 10.55000000000000071 ) ) ;
#5102 = CARTESIAN_POINT ( 'NONE',  ( 2.394582096953772776, 4.339510707807311185, 10.55000000000000426 ) ) ;
#5103 = CARTESIAN_POINT ( 'NONE',  ( -5.678215679999996546, -0.07738645999999953229, 10.20000054708695281 ) ) ;
#5104 = CARTESIAN_POINT ( 'NONE',  ( 4.873969894515740364, 1.592015537546809023, 0.000000000000000000 ) ) ;
#5105 = CARTESIAN_POINT ( 'NONE',  ( -4.877582786142465210, 3.453738634285773212, 10.54999999999999893 ) ) ;
#5106 = CARTESIAN_POINT ( 'NONE',  ( -0.4150012312270113246, -5.502042796075820696, -3.333333333333333037 ) ) ;
#5107 = CARTESIAN_POINT ( 'NONE',  ( 4.798692566290570838, -0.6399159050379142899, 10.20000054708695458 ) ) ;
#5108 = CARTESIAN_POINT ( 'NONE',  ( -0.8918776304019848666, 4.322903020054893908, 10.54999999999999893 ) ) ;
#5109 = CARTESIAN_POINT ( 'NONE',  ( 0.6933294261304657757, -4.834757971955980338, 0.000000000000000000 ) ) ;
#5110 = CARTESIAN_POINT ( 'NONE',  ( -4.773087588978501827, -2.860248105178433864, -5.000000000000000000 ) ) ;
#5111 = CARTESIAN_POINT ( 'NONE',  ( 5.123227066716999012, -0.2064956504712237850, -6.000000000001816325 ) ) ;
#5112 = CARTESIAN_POINT ( 'NONE',  ( -1.298451264820543294, -5.221076087381561592, 0.000000000000000000 ) ) ;
#5113 = CARTESIAN_POINT ( 'NONE',  ( -3.962745084132506701, -2.587666054830745299, 10.55000000000000071 ) ) ;
#5114 = CARTESIAN_POINT ( 'NONE',  ( -4.856940138843541810, 0.5154830861509837048, 10.20000054708695458 ) ) ;
#5115 = CARTESIAN_POINT ( 'NONE',  ( 4.780572694992676119, -3.951564355447242161, 10.55000000000000249 ) ) ;
#5116 = DIRECTION ( 'NONE',  ( 0.000000000000000000, 1.000000000000000000, 4.427708200083174660E-13 ) ) ;
#5117 = CARTESIAN_POINT ( 'NONE',  ( -2.740444013175199700, -4.333596967199338401, -5.000000000001042721 ) ) ;
#5118 = CARTESIAN_POINT ( 'NONE',  ( -3.930152937962594795, 5.185930219046904988, 0.000000000000000000 ) ) ;
#5119 = CARTESIAN_POINT ( 'NONE',  ( 4.499676651628623958, -1.335727496253135138, -3.333333333333333037 ) ) ;
#5120 = CARTESIAN_POINT ( 'NONE',  ( -5.059752145698420911, 2.860573665242247099, 5.000000000000000000 ) ) ;
#5121 = CARTESIAN_POINT ( 'NONE',  ( -5.316192672823587095, 0.07350463634555229331, 10.20000054708695458 ) ) ;
#5122 = CARTESIAN_POINT ( 'NONE',  ( -4.061678536503901427, 5.083575693552930375, -5.000000000000000000 ) ) ;
#5123 = CARTESIAN_POINT ( 'NONE',  ( -5.977663071486096769, -0.7975924991017874222, 10.55000000000000071 ) ) ;
#5124 = CARTESIAN_POINT ( 'NONE',  ( -3.841465024887016355, 5.109654371442019283, 10.20000054708695636 ) ) ;
#5125 = CARTESIAN_POINT ( 'NONE',  ( -4.325384065009360235, 4.526801453241136031, 10.55000000000000426 ) ) ;
#5126 = CARTESIAN_POINT ( 'NONE',  ( -1.298451264820542184, 5.221076087381562481, 0.000000000000000000 ) ) ;
#5127 = CARTESIAN_POINT ( 'NONE',  ( 0.4883258059541158991, -4.991499798716937164, 10.20000054708695281 ) ) ;
#5128 = CARTESIAN_POINT ( 'NONE',  ( -0.2184687348145434582, -5.404504260068287103, 10.55000000000000249 ) ) ;
#5129 = CARTESIAN_POINT ( 'NONE',  ( 2.740444013175200588, 4.333596967199334848, -5.000000000000000000 ) ) ;
#5130 = VERTEX_POINT ( 'NONE', #941 ) ;
#5131 = CARTESIAN_POINT ( 'NONE',  ( -1.829745734461718065, 4.475736373548533820, 10.20000054708695458 ) ) ;
#5132 = CARTESIAN_POINT ( 'NONE',  ( -4.117753766068320331, -4.738341904635167801, 0.000000000000000000 ) ) ;
#5133 = CARTESIAN_POINT ( 'NONE',  ( 2.880130271516970542, -4.845963426917454520, 10.20000054708695636 ) ) ;
#5134 = CARTESIAN_POINT ( 'NONE',  ( 2.720538361331029442, 4.589038396387070229, 10.20000054708695281 ) ) ;
#5135 = CARTESIAN_POINT ( 'NONE',  ( 6.430452094110988170, 1.525211887616170658, 10.20000054708695281 ) ) ;
#5136 = CARTESIAN_POINT ( 'NONE',  ( 4.742177691313816723, -2.541133983792140505, 5.000000000000024869 ) ) ;
#5137 = CARTESIAN_POINT ( 'NONE',  ( -4.685623658644559875, -2.499831327026918348, 10.55000000000000249 ) ) ;
#5138 = CARTESIAN_POINT ( 'NONE',  ( 2.428845050363335201, 5.039039713480896410, 10.55000000000000249 ) ) ;
#5139 = CARTESIAN_POINT ( 'NONE',  ( -4.863591316241459239, 2.703491047103844469, 5.000000000000000000 ) ) ;
#5140 = CARTESIAN_POINT ( 'NONE',  ( 2.601324642504321272, 3.750309513562276376, 10.55000000000000249 ) ) ;
#5141 = CARTESIAN_POINT ( 'NONE',  ( 1.058259038248090755, 5.016989528068906523, 0.000000000000000000 ) ) ;
#5142 = CARTESIAN_POINT ( 'NONE',  ( 2.944402268639965570, -4.439196576791947457, 10.54999999999999893 ) ) ;
#5143 = CARTESIAN_POINT ( 'NONE',  ( 4.358220583684202509, 2.503299739343741059, 10.55000000000000426 ) ) ;
#5144 = CARTESIAN_POINT ( 'NONE',  ( 6.224562986243682872, -0.04955689355255740031, -3.333333333333333037 ) ) ;
#5145 = CARTESIAN_POINT ( 'NONE',  ( -4.554807357408256152, 4.315331718330869926, 10.55000000000000249 ) ) ;
#5146 = CARTESIAN_POINT ( 'NONE',  ( -5.621187373405012622, -1.478589194937732554, 0.000000000000000000 ) ) ;
#5147 = CARTESIAN_POINT ( 'NONE',  ( 5.898172952039568706, 0.6584339222481362386, 10.55000000000000071 ) ) ;
#5148 = CARTESIAN_POINT ( 'NONE',  ( -1.193404242548864680, 4.216025450119879281, 10.54999999999999893 ) ) ;
#5149 = CARTESIAN_POINT ( 'NONE',  ( -2.494907568016747401, -6.092602184811370059, 1.666666666666666297 ) ) ;
#5150 = CARTESIAN_POINT ( 'NONE',  ( 1.052720001348083079, -4.615017103915213248, -5.000000000000000000 ) ) ;
#5151 = CARTESIAN_POINT ( 'NONE',  ( 4.856940138843213184, -0.5154830861505421691, -6.000000000001866063 ) ) ;
#5152 = CARTESIAN_POINT ( 'NONE',  ( -6.301622807954568195, -1.385736526358674725, -1.666666666666666297 ) ) ;
#5153 = CONICAL_SURFACE ( 'NONE', #6954, 2.500000000000000000, 0.7853981633974589371 ) ;
#5154 = CARTESIAN_POINT ( 'NONE',  ( -3.502884409723034942, -2.797404279232912128, 10.54999999999999893 ) ) ;
#5155 = CARTESIAN_POINT ( 'NONE',  ( 5.248533672560229846, 2.943904212591497149, 10.20000054708695458 ) ) ;
#5156 = DIRECTION ( 'NONE',  ( -3.293975600896118473E-13, 4.427453442170422537E-13, -1.000000000000000000 ) ) ;
#5157 = CARTESIAN_POINT ( 'NONE',  ( 3.155199032523682057, 5.365851228646535631, 3.333333333333333037 ) ) ;
#5158 = CARTESIAN_POINT ( 'NONE',  ( -2.210029059896360781, 5.542816575422763847, 1.666666666666666297 ) ) ;
#5159 = CARTESIAN_POINT ( 'NONE',  ( -5.431067589837128118, 0.004464400492027123350, 10.20000054708695636 ) ) ;
#5160 = CARTESIAN_POINT ( 'NONE',  ( -2.500000000000000000, 3.061616997868383141E-16, 10.19999999999907558 ) ) ;
#5161 = CARTESIAN_POINT ( 'NONE',  ( -5.737114344961494083, -0.4830008196220165750, 10.55000000000000071 ) ) ;
#5162 = CARTESIAN_POINT ( 'NONE',  ( -4.575650814579571346, 2.110438146402440651, 10.20000054708695636 ) ) ;
#5163 = CARTESIAN_POINT ( 'NONE',  ( -4.810214621836490068, 3.874428374948808873, 10.55000000000000071 ) ) ;
#5164 = CARTESIAN_POINT ( 'NONE',  ( -1.949636613157420983, 5.287246778282475468, -1.666666666666666297 ) ) ;
#5165 = CARTESIAN_POINT ( 'NONE',  ( -0.2768287741223921516, -5.674169297936891176, 10.55000000000000426 ) ) ;
#5166 = ORIENTED_EDGE ( 'NONE', *, *, #5370, .F. ) ;
#5167 = CARTESIAN_POINT ( 'NONE',  ( 0.2246180309415524434, 5.423118187316838146, 10.54999999999999893 ) ) ;
#5168 = CARTESIAN_POINT ( 'NONE',  ( -0.1818855504132667056, 5.373694958305009095, 10.20000054708695636 ) ) ;
#5169 = CARTESIAN_POINT ( 'NONE',  ( -0.2420490677627291365, -4.727368662354399120, 0.000000000000000000 ) ) ;
#5170 = CARTESIAN_POINT ( 'NONE',  ( 3.182261586705500633, -5.064167339240822407, 10.20000054708695458 ) ) ;
#5171 = CARTESIAN_POINT ( 'NONE',  ( 4.645180990310970870, 2.847814796126460379, 10.20000054708695814 ) ) ;
#5172 = B_SPLINE_SURFACE_WITH_KNOTS ( 'NONE', 3, 3, ( 
 ( #7636, #785, #2073, #2112 ),
 ( #3425, #4582, #3314, #7670 ),
 ( #6484, #5878, #7711, #1517 ),
 ( #318, #4620, #6449, #5235 ),
 ( #2690, #2184, #4657, #5728 ),
 ( #2148, #1593, #4064, #3277 ),
 ( #1444, #2650, #5119, #7559 ),
 ( #2036, #5763, #6973, #823 ),
 ( #3048, #3949, #315, #6406 ),
 ( #974, #7633, #2801, #862 ),
 ( #5912, #3349, #5801, #245 ),
 ( #7708, #2725, #2109, #562 ),
 ( #1193, #3580, #4859, #7310 ),
 ( #4775, #5433, #5345, #4223 ),
 ( #6596, #1106, #1671, #7347 ),
 ( #7786, #5951, #440, #397 ),
 ( #2302, #7236, #5510, #1059 ),
 ( #7944, #7192, #6638, #3619 ),
 ( #7828, #6032, #4139, #1715 ),
 ( #3498, #3057, #482, #4819 ),
 ( #4100, #7869, #5993, #4899 ),
 ( #2882, #525, #1017, #2926 ),
 ( #3538, #2382, #2972, #3016 ),
 ( #3661, #2340, #4180, #6551 ),
 ( #2424, #2261, #6720, #1793 ),
 ( #5389, #4728, #7271, #6074 ),
 ( #1753, #6115, #6681, #5472 ),
 ( #1149, #4260, #7905, #4979 ),
 ( #3268, #2469, #1832, #775 ),
 ( #1356, #3789, #7471, #692 ),
 ( #3226, #6320, #6843, #1910 ),
 ( #2511, #4300, #6195, #4379 ),
 ( #6800, #4460, #1953, #1275 ),
 ( #2637, #3187, #5106, #5679 ),
 ( #1318, #1988, #6282, #5717 ),
 ( #6922, #6240, #2597, #5064 ),
 ( #7427, #5639, #3097, #4423 ),
 ( #4338, #83, #7384, #6759 ),
 ( #5553, #3699, #649, #6151 ),
 ( #40, #2558, #164, #3743 ),
 ( #1235, #4938, #5024, #3826 ),
 ( #6883, #735, #7506, #605 ),
 ( #7984, #1871, #125, #1394 ),
 ( #3143, #3865, #5594, #342 ),
 ( #2027, #1543, #6999, #3450 ),
 ( #7075, #7624, #4495, #5905 ),
 ( #7111, #7038, #236, #2830 ),
 ( #7547, #6963, #2174, #308 ),
 ( #853, #3904, #1433, #4015 ),
 ( #6362, #4645, #5791, #933 ),
 ( #2717, #7697, #5184, #2101 ),
 ( #1470, #3942, #3380, #2792 ),
 ( #6475, #4572, #3416, #5868 ),
 ( #1582, #5261, #812, #3304 ),
 ( #1506, #5754, #6397, #3977 ),
 ( #4053, #6434, #2063, #6510 ),
 ( #965, #200, #2679, #893 ),
 ( #5146, #7587, #4537, #3341 ),
 ( #2136, #5832, #274, #2754 ),
 ( #5220, #7658, #4607, #7774 ),
 ( #1741, #1889, #5942, #2488 ),
 ( #4956, #385, #669, #430 ),
 ( #5379, #13, #7737, #5571 ),
 ( #7816, #513, #7181, #4762 ),
 ( #7225, #2913, #5296, #4355 ),
 ( #1093, #1003, #3569, #6819 ),
 ( #2249, #7403, #6215, #6022 ),
 ( #6064, #4682, #1293, #7145 ),
 ( #1703, #473, #1660, #2210 ),
 ( #4128, #1618, #5421, #4090 ),
 ( #4718, #3764, #6541, #4808 ),
 ( #4171, #4210, #3487, #2871 ),
 ( #6627, #5333, #6583, #1049 ),
 ( #3528, #2959, #7859, #3006 ),
 ( #2330, #7262, #6670, #1136 ),
 ( #3606, #3960, #2081, #4554 ),
 ( #7489, #6980, #753, #5044 ),
 ( #6938, #6379, #180, #7567 ),
 ( #2043, #4517, #60, #2698 ),
 ( #4400, #2534, #6862, #3844 ),
 ( #1970, #5697, #7019, #3322 ),
 ( #3284, #143, #4440, #6298 ),
 ( #3247, #3920, #216, #1412 ),
 ( #3883, #1488, #2617, #5658 ),
 ( #6415, #6341, #5084, #832 ),
 ( #3163, #5001, #5613, #7525 ),
 ( #6901, #7448, #4476, #1375 ),
 ( #102, #1932, #1451, #1337 ),
 ( #2005, #2576, #5772, #793 ),
 ( #3807, #5164, #5735, #2657 ),
 ( #6259, #714, #3207, #7605 ),
 ( #5126, #1639, #7093, #4071 ),
 ( #3359, #2191, #985, #2154 ),
 ( #7796, #2270, #2118, #5241 ),
 ( #6491, #2772, #289, #4663 ),
 ( #5922, #5314, #5884, #2230 ),
 ( #5814, #406, #4700, #4588 ),
 ( #7055, #1563, #872, #7676 ),
 ( #4739, #1026, #4033, #3397 ),
 ( #362, #4110, #5960, #2891 ),
 ( #254, #6562, #7162, #4626 ),
 ( #949, #3508, #5356, #2734 ),
 ( #7203, #5850, #911, #5200 ),
 ( #1682, #1523, #3431, #7718 ),
 ( #3995, #4149, #325, #6455 ),
 ( #2809, #5278, #7126, #2848 ),
 ( #1600, #6526, #3468, #6595 ),
 ( #4298, #4221, #3186, #6072 ),
 ( #6757, #1234, #5637, #6719 ),
 ( #82, #1192, #3697, #648 ),
 ( #6150, #603, #3660, #5552 ),
 ( #3618, #2556, #4937, #3142 ),
 ( #7469, #5593, #6113, #1147 ),
 ( #3014, #38, #3056, #2380 ),
 ( #2509, #4977, #7426, #4377 ),
 ( #3787, #6842, #6238, #690 ),
 ( #5831, #4421, #4571, #2715 ),
 ( #3267, #6280, #3824, #3940 ),
 ( #1355, #7037, #162, #3339 ),
 ( #5104, #2100, #2636, #7545 ),
 ( #3379, #2595, #1951, #892 ),
 ( #6396, #6961, #852, #5789 ),
 ( #1504, #235, #3225, #6882 ),
 ( #2025, #733, #6319, #4494 ),
 ( #3976, #1431, #4459, #5183 ),
 ( #7623, #6433, #272, #3902 ),
 ( #2752, #5218, #774, #4535 ),
 ( #1393, #5678, #7505, #1987 ),
 ( #7586, #6360, #6921, #3864 ),
 ( #5715, #811, #3302, #5752 ),
 ( #199, #2678, #5144, #2061 ),
 ( #6998, #1469, #7179, #2208 ),
 ( #1580, #7735, #4126, #4088 ),
 ( #4051, #2956, #1001, #6508 ),
 ( #7772, #2135, #1658, #7109 ) ),
 .UNSPECIFIED., .T., .F., .F.,
 ( 4, 1, 1, 1, 1, 1, 1, 1, 1, 1, 1, 1, 1, 1, 1, 1, 1, 1, 1, 1, 1, 1, 1, 1, 1, 1, 1, 1, 1, 1, 1, 1, 1, 1, 1, 1, 1, 1, 1, 1, 1, 1, 1, 1, 1, 1, 1, 1, 1, 1, 1, 1, 1, 1, 1, 1, 1, 1, 1, 1, 1, 1, 1, 1, 1, 1, 1, 1, 1, 1, 1, 1, 1, 1, 1, 1, 1, 1, 1, 1, 1, 1, 1, 1, 1, 1, 1, 1, 1, 1, 1, 1, 1, 1, 1, 1, 1, 1, 1, 1, 1, 1, 1, 1, 1, 1, 1, 1, 1, 1, 1, 1, 1, 1, 1, 1, 1, 1, 1, 1, 1, 1, 1, 1, 1, 1, 1, 1, 1, 1, 1, 1, 4 ),
 ( 4, 4 ),
 ( 0.000000000000000000, 0.001550136839284177882, 0.006071790579032733740, 0.01319933330643397254, 0.02235545058397470433, 0.03279841876312717536, 0.04368224385626463119, 0.05412521206154098652, 0.06328132948313515416, 0.07040887200001057222, 0.07493052570653437050, 0.07648066268273291668, 0.07830987249869737765, 0.08364196431873972826, 0.09204655913978677939, 0.1028430373207351034, 0.1151568493611582478, 0.1279904799663887094, 0.1403042919271871025, 0.1511007699844777730, 0.1595053650660853972, 0.1648374566927234552, 0.1666666665651366508, 0.1682168034675717572, 0.1727384570784420703, 0.1798659999250299679, 0.1890221172085759238, 0.1994650853702831239, 0.2103489104811955834, 0.2207918786954912727, 0.2299479960603503792, 0.2370755387243886347, 0.2415971925504385998, 0.2431473293182558337, 0.2449765393134491487, 0.2503086310241840473, 0.2587132258091817127, 0.2695097040632675189, 0.2818235159497663456, 0.2946571465833847658, 0.3069709587144875962, 0.3177674367777303943, 0.3261720316518775253, 0.3315041233572607049, 0.3333333332205335453, 0.3348834701217313081, 0.3394051238394396042, 0.3465326665844588594, 0.3556887839547354102, 0.3661317520994328834, 0.3770155771509099418, 0.3874585454687639041, 0.3966146627308363426, 0.4037422055325970982, 0.4082638591539681228, 0.4098139960758114819, 0.4116432060273030880, 0.4169752975787388571, 0.4253798926897007782, 0.4361763707277578339, 0.4484901827299386801, 0.4613238133271913011, 0.4736376252512041196, 0.4844341034370140964, 0.4928386983189818604, 0.4981707900798293398, 0.4999999999999997780, 0.5015501368392843995, 0.5060717905790329540, 0.5131993333064343021, 0.5223554505839749229, 0.5327984187631272794, 0.5436822438562648463, 0.5541252120615410837, 0.5632813294831350293, 0.5704088720000105583, 0.5749305257065343566, 0.5764806626827330138, 0.5783098724986975858, 0.5836419643187394923, 0.5920465591397868765, 0.6028430373207350756, 0.6151568493611584421, 0.6279904799663887927, 0.6403042919271872968, 0.6511007699844778562, 0.6595053650660854805, 0.6648374566927234275, 0.6666666665651367341, 0.6682168034675718404, 0.6727384570784420426, 0.6798659999250299402, 0.6890221172085758683, 0.6994650853702830684, 0.7103489104811955279, 0.7207918786954912171, 0.7299479960603504347, 0.7370755387243886902, 0.7415971925504386553, 0.7431473293182558892, 0.7449765393134490932, 0.7503086310241842138, 0.7587132258091817683, 0.7695097040632676855, 0.7818235159497666231, 0.7946571465833849324, 0.8069709587144877627, 0.8177674367777305608, 0.8261720316518775808, 0.8315041233572607604, 0.8333333332205336008, 0.8348834701217313636, 0.8394051238394397707, 0.8465326665844590259, 0.8556887839547355767, 0.8661317520994330499, 0.8770155771509101639, 0.8874585454687642372, 0.8966146627308363426, 0.9037422055325972092, 0.9082638591539682338, 0.9098139960758115929, 0.9116432060273031990, 0.9169752975787390792, 0.9253798926897007782, 0.9361763707277579449, 0.9484901827299386801, 0.9613238133271913011, 0.9736376252512041196, 0.9844341034370144294, 0.9928386983189819714, 0.9981707900798295618, 1.000000000000000000 ),
 ( 0.000000000000000000, 1.000000000000000000 ),
 .UNSPECIFIED. ) ;
#5173 = CARTESIAN_POINT ( 'NONE',  ( 6.360614926638072042, 0.8147493924696207479, 10.20000054708695281 ) ) ;
#5174 = CARTESIAN_POINT ( 'NONE',  ( 4.553079637902986754, -4.832420171271764708, 10.20000054708695458 ) ) ;
#5175 = CARTESIAN_POINT ( 'NONE',  ( -2.740131113112452166, -4.411333710561877730, 10.20000054708695281 ) ) ;
#5176 = CARTESIAN_POINT ( 'NONE',  ( -5.285825924431895473, -2.558733071708847451, 10.55000000000000071 ) ) ;
#5177 = CARTESIAN_POINT ( 'NONE',  ( 1.632089148427876335, 6.056966676410302952, 10.54999999999999893 ) ) ;
#5178 = CARTESIAN_POINT ( 'NONE',  ( 1.388268592207045460, -4.170100866165051379, 10.54999999999999893 ) ) ;
#5179 = CARTESIAN_POINT ( 'NONE',  ( -4.873372729617942767, 3.872709450760531968, 3.333333333333333037 ) ) ;
#5180 = CARTESIAN_POINT ( 'NONE',  ( 2.386560814331843972, 4.885800760794331232, 10.54999999999999893 ) ) ;
#5181 = CARTESIAN_POINT ( 'NONE',  ( 3.565988210183660634, 5.600584521419603945, 0.000000000000000000 ) ) ;
#5182 = CARTESIAN_POINT ( 'NONE',  ( 1.208926120887322542, -4.212114281190861398, 10.55000000000000249 ) ) ;
#5183 = CARTESIAN_POINT ( 'NONE',  ( 5.248533672560229846, 2.943904212591497149, -5.000000000000000000 ) ) ;
#5184 = CARTESIAN_POINT ( 'NONE',  ( -3.406612266045531801, -3.228970541235649083, -3.333333333333333037 ) ) ;
#5185 = CARTESIAN_POINT ( 'NONE',  ( 4.928641572772444412, -0.4443028467959682093, 10.20000054708695103 ) ) ;
#5186 = CARTESIAN_POINT ( 'NONE',  ( 4.117753766068318555, -4.738341904635169577, 0.000000000000000000 ) ) ;
#5187 = CARTESIAN_POINT ( 'NONE',  ( 5.173762681679799691, -3.073411379804814825, -5.000000000000000000 ) ) ;
#5188 = CARTESIAN_POINT ( 'NONE',  ( -5.171731312442196860, -1.922991464093475100, -1.666666666666666297 ) ) ;
#5189 = CARTESIAN_POINT ( 'NONE',  ( -3.702445153491813912, -2.691362979305333969, 10.55000000000000071 ) ) ;
#5190 = CARTESIAN_POINT ( 'NONE',  ( 6.433344965106440938, 0.9757289509385252968, 5.000000000000023093 ) ) ;
#5191 = CARTESIAN_POINT ( 'NONE',  ( 4.873720649479972522, -3.587520476166722094, 10.55000000000000426 ) ) ;
#5192 = CARTESIAN_POINT ( 'NONE',  ( -4.091089480663188560, -4.128796472022229658, 0.000000000000000000 ) ) ;
#5193 = CARTESIAN_POINT ( 'NONE',  ( 4.972409450710348011, 2.391619784635953927, 3.333333333333333037 ) ) ;
#5194 = CARTESIAN_POINT ( 'NONE',  ( -4.646384647369950827, 0.2363381948349433104, 10.55000000000000249 ) ) ;
#5195 = CARTESIAN_POINT ( 'NONE',  ( -4.413977035674932381, 3.706055536428900510, 1.666666666666666297 ) ) ;
#5196 = CARTESIAN_POINT ( 'NONE',  ( -6.032116674870021455, -0.2764104604825604605, 10.20000054708695458 ) ) ;
#5197 = CARTESIAN_POINT ( 'NONE',  ( 5.461921777634674235, -1.467373371951508965, 0.000000000000000000 ) ) ;
#5198 = CARTESIAN_POINT ( 'NONE',  ( -3.016004440274505871, -3.176978467049966781, 10.55000000000000071 ) ) ;
#5199 = CARTESIAN_POINT ( 'NONE',  ( -4.870654818763498817, 3.368300532348873944, 10.54999999999999893 ) ) ;
#5200 = CARTESIAN_POINT ( 'NONE',  ( 0.07477099020677412111, 6.017315606013082352, -5.000000000000000000 ) ) ;
#5201 = CARTESIAN_POINT ( 'NONE',  ( 2.201203756590475180, -4.509064832797504252, 10.20000054708695458 ) ) ;
#5202 = ORIENTED_EDGE ( 'NONE', *, *, #463, .F. ) ;
#5203 = CARTESIAN_POINT ( 'NONE',  ( 0.2060846551676173977, 5.373037346610988862, 10.55000000000000071 ) ) ;
#5204 = CARTESIAN_POINT ( 'NONE',  ( -1.603320986965861339, 4.490453450679356528, 10.20000054708695814 ) ) ;
#5205 = CARTESIAN_POINT ( 'NONE',  ( 3.067254368480953453, -5.888528640545023229, 0.000000000000000000 ) ) ;
#5206 = CARTESIAN_POINT ( 'NONE',  ( 2.748723126098944203, -4.729492423521996614, 10.20000054708695458 ) ) ;
#5207 = CARTESIAN_POINT ( 'NONE',  ( 1.641420958787762174, 6.418927002452511132, 10.20000054708695636 ) ) ;
#5208 = CARTESIAN_POINT ( 'NONE',  ( 4.982581845937413156, 2.943418448323332548, 10.20000054708695458 ) ) ;
#5209 = CARTESIAN_POINT ( 'NONE',  ( 0.8000434083654105466, 6.457546346331824338, 5.000000000000000000 ) ) ;
#5210 = CARTESIAN_POINT ( 'NONE',  ( -2.705001386030223554, -5.566611527709449447, 10.20000054708695281 ) ) ;
#5211 = CARTESIAN_POINT ( 'NONE',  ( -5.259157278949349923, -2.566982902182814108, 10.55000000000000249 ) ) ;
#5212 = CARTESIAN_POINT ( 'NONE',  ( 1.298311769029072860, -4.189376702292975985, 10.55000000000000249 ) ) ;
#5213 = CARTESIAN_POINT ( 'NONE',  ( -6.193482167177077002, 0.6232326543441494282, 1.666666666666666297 ) ) ;
#5214 = CARTESIAN_POINT ( 'NONE',  ( 0.5853241851155194242, 5.970796489142532693, 10.54999999999999893 ) ) ;
#5215 = CARTESIAN_POINT ( 'NONE',  ( 1.375385888544236046, 6.303890028515530375, -3.333333333333333037 ) ) ;
#5216 = CARTESIAN_POINT ( 'NONE',  ( 2.812838153089742832, -4.359747224867821735, 10.55000000000000249 ) ) ;
#5217 = CARTESIAN_POINT ( 'NONE',  ( 4.851824592183549001, 2.526315938269039219, 10.55000000000000249 ) ) ;
#5218 = CARTESIAN_POINT ( 'NONE',  ( 6.301622807954567307, 1.385736526358676723, -1.666666666666666297 ) ) ;
#5219 = CARTESIAN_POINT ( 'NONE',  ( -4.843095223722518661, 3.764679053093944017, 10.55000000000000071 ) ) ;
#5220 = CARTESIAN_POINT ( 'NONE',  ( -6.162401348110470245, -1.196908415135740533, 0.000000000000000000 ) ) ;
#5221 = CARTESIAN_POINT ( 'NONE',  ( 6.079332548615187903, 1.512020169542122039, 10.54999999999999893 ) ) ;
#5222 = CARTESIAN_POINT ( 'NONE',  ( 3.565988210183661966, -5.600584521419602169, 0.000000000000000000 ) ) ;
#5223 = CARTESIAN_POINT ( 'NONE',  ( 5.604626029811762500, 2.827710600053702894, -5.000000000000000000 ) ) ;
#5224 = CARTESIAN_POINT ( 'NONE',  ( 6.028174117859766312, 0.9245157843923186292, 10.54999999999999893 ) ) ;
#5225 = CARTESIAN_POINT ( 'NONE',  ( 4.742177691313486321, -2.541133983791697304, -6.000000000002724931 ) ) ;
#5226 = CARTESIAN_POINT ( 'NONE',  ( -4.571775429901919097, -2.836279366628511767, -5.000000000000000000 ) ) ;
#5227 = CARTESIAN_POINT ( 'NONE',  ( -4.961245727070610734, -2.561593455570168043, 10.54999999999999893 ) ) ;
#5228 = CARTESIAN_POINT ( 'NONE',  ( 6.255643805310286965, 0.5241188672390336700, 5.000000000000023093 ) ) ;
#5229 = EDGE_CURVE ( 'NONE', #7128, #4961, #6966, .T. ) ;
#5230 = CARTESIAN_POINT ( 'NONE',  ( 4.836104956609328376, -3.212381286242136813, 10.55000000000000071 ) ) ;
#5231 = CARTESIAN_POINT ( 'NONE',  ( 4.018825604028019249, -4.018224371688233099, 0.000000000000000000 ) ) ;
#5232 = APPLICATION_CONTEXT ( 'automotive_design' ) ;
#5233 = B_SPLINE_SURFACE_WITH_KNOTS ( 'NONE', 3, 3, ( 
 ( #4509, #5076, #746, #5690 ),
 ( #1368, #136, #3201, #6893 ),
 ( #707, #7517, #173, #5651 ),
 ( #2569, #3156, #7558, #3109 ),
 ( #1997, #4468, #2649, #2035 ),
 ( #3801, #6855, #1329, #5036 ),
 ( #1246, #3712, #3838, #6207 ),
 ( #6291, #662, #6165, #5563 ),
 ( #5, #7482, #2480, #4949 ),
 ( #7396, #1882, #4348, #1963 ),
 ( #3757, #5606, #53, #4433 ),
 ( #1556, #942, #1480, #3988 ),
 ( #2183, #317, #7119, #3912 ),
 ( #822, #3313, #5193, #2111 ),
 ( #3952, #904, #355, #2072 ),
 ( #6483, #3390, #2728, #1516 ),
 ( #7635, #3351, #4027, #4581 ),
 ( #7748, #284, #6448, #2766 ),
 ( #7049, #5270, #5844, #3424 ),
 ( #1443, #864, #5234, #6408 ),
 ( #7669, #2147, #7011, #4656 ),
 ( #4618, #7087, #5877, #247 ),
 ( #7710, #2803, #1592, #4063 ),
 ( #6519, #3460, #6371, #976 ),
 ( #5913, #2840, #5306, #2222 ),
 ( #6972, #5762, #209, #7597 ),
 ( #2689, #5804, #5157, #4547 ),
 ( #5953, #5391, #4692, #1061 ),
 ( #564, #4861, #2928, #7194 ),
 ( #4225, #7907, #1795, #6722 ),
 ( #1631, #2384, #527, #3540 ),
 ( #1673, #5511, #7946, #3582 ),
 ( #4777, #4821, #1152, #399 ),
 ( #1195, #5348, #4262, #4182 ),
 ( #7312, #4141, #3663, #6598 ),
 ( #7273, #6683, #5995, #1717 ),
 ( #3059, #6553, #6117, #7154 ),
 ( #7830, #4102, #1019, #3500 ),
 ( #2884, #2974, #7788, #2304 ),
 ( #2263, #4732, #5435, #6640 ),
 ( #442, #7238, #1108, #6034 ),
 ( #485, #7871, #2342, #1755 ),
 ( #3018, #3621, #6076, #5474 ),
 ( #4341, #4983, #4940, #846 ),
 ( #696, #2471, #5785, #1913 ),
 ( #5825, #6762, #6428, #4901 ),
 ( #3333, #6993, #7431, #3747 ),
 ( #4530, #7032, #1834, #7618 ),
 ( #3935, #3971, #5598, #2710 ),
 ( #44, #2426, #886, #3101 ),
 ( #229, #7580, #1464, #4383 ),
 ( #6846, #6391, #1500, #5555 ),
 ( #3373, #1278, #2055, #1321 ),
 ( #3792, #6243, #5179, #7349 ),
 ( #2517, #3191, #6802, #4303 ),
 ( #1238, #2094, #4566, #3701 ),
 ( #2674, #5644, #6198, #3146 ),
 ( #88, #6153, #607, #5139 ),
 ( #7986, #7387, #1874, #652 ),
 ( #7139, #3562, #336, #377 ),
 ( #1536, #4712, #4755, #926 ),
 ( #1612, #5371, #3410, #266 ),
 ( #1653, #4639, #2167, #2746 ),
 ( #5861, #3522, #4122, #423 ),
 ( #7104, #2130, #4601, #6502 ),
 ( #1697, #2784, #2204, #4165 ),
 ( #2824, #7768, #4674, #4047 ),
 ( #300, #959, #1575, #2864 ),
 ( #5253, #1085, #4085, #5290 ),
 ( #7732, #3443, #6578, #6535 ),
 ( #997, #5213, #5898, #3481 ),
 ( #7652, #6619, #7068, #2905 ),
 ( #1043, #5936, #5327, #2244 ),
 ( #7689, #2284, #7809, #4009 ),
 ( #7175, #5977, #7218, #6466 ),
 ( #6136, #7293, #6827, #4963 ),
 ( #7255, #2363, #1854, #3643 ),
 ( #6099, #6784, #7411, #586 ),
 ( #634, #3680, #2998, #1301 ),
 ( #4883, #6014, #548, #3082 ),
 ( #1734, #2452, #2495, #6662 ),
 ( #7331, #3126, #1128, #464 ),
 ( #7365, #4841, #7889, #2949 ),
 ( #5535, #3039, #4361, #7852 ),
 ( #1895, #5493, #6704, #5414 ),
 ( #5577, #1815, #4202, #4280 ),
 ( #7927, #506, #22, #2323 ),
 ( #2407, #1260, #4801, #3599 ),
 ( #6056, #6740, #1218, #1776 ),
 ( #5456, #7968, #4920, #4245 ),
 ( #1174, #4324, #3726, #6177 ),
 ( #676, #2087, #5621, #3927 ),
 ( #5132, #7494, #1976, #2624 ),
 ( #1344, #5776, #3326, #3773 ),
 ( #3812, #5666, #6907, #6222 ),
 ( #3890, #5050, #4558, #2703 ),
 ( #5008, #110, #7572, #1380 ),
 ( #3213, #7530, #6986, #798 ),
 ( #760, #186, #2664, #3169 ),
 ( #2047, #7455, #66, #1938 ),
 ( #2542, #2582, #6303, #7610 ),
 ( #4523, #6347, #3253, #4447 ),
 ( #1456, #5703, #3851, #7024 ),
 ( #4406, #6867, #6383, #838 ),
 ( #6266, #721, #5741, #220 ),
 ( #5169, #150, #5091, #2011 ),
 ( #4482, #6943, #1419, #3290 ),
 ( #2123, #1493, #412, #294 ),
 ( #3436, #7130, #330, #953 ),
 ( #5967, #6495, #1568, #5890 ),
 ( #5363, #878, #4746, #2855 ),
 ( #7681, #4001, #368, #990 ),
 ( #6570, #3514, #4040, #6420 ),
 ( #5320, #2777, #4077, #7803 ),
 ( #4704, #2897, #3365, #916 ),
 ( #2814, #259, #5818, #2740 ),
 ( #5205, #5284, #7724, #1033 ),
 ( #3965, #7761, #2235, #5856 ),
 ( #6459, #2196, #7062, #7168 ),
 ( #1645, #7646, #5247, #4593 ),
 ( #2160, #4633, #2276, #3403 ),
 ( #1528, #7098, #4668, #1604 ),
 ( #6530, #3472, #4115, #5927 ),
 ( #6612, #6169, #3633, #7919 ),
 ( #2484, #3717, #2397, #3030 ),
 ( #5567, #4316, #498, #5449 ),
 ( #6733, #7285, #4156, #9 ),
 ( #6776, #1250, #1766, #1077 ),
 ( #3073, #6048, #1810, #7211 ),
 ( #2442, #621, #3554, #6652 ),
 ( #4237, #6007, #455, #2941 ),
 ( #6696, #6088, #3113, #2315 ),
 ( #577, #5526, #3593, #1120 ),
 ( #7359, #1207, #1164, #1689 ),
 ( #4912, #5404, #540, #7883 ) ),
 .UNSPECIFIED., .T., .F., .F.,
 ( 4, 1, 1, 1, 1, 1, 1, 1, 1, 1, 1, 1, 1, 1, 1, 1, 1, 1, 1, 1, 1, 1, 1, 1, 1, 1, 1, 1, 1, 1, 1, 1, 1, 1, 1, 1, 1, 1, 1, 1, 1, 1, 1, 1, 1, 1, 1, 1, 1, 1, 1, 1, 1, 1, 1, 1, 1, 1, 1, 1, 1, 1, 1, 1, 1, 1, 1, 1, 1, 1, 1, 1, 1, 1, 1, 1, 1, 1, 1, 1, 1, 1, 1, 1, 1, 1, 1, 1, 1, 1, 1, 1, 1, 1, 1, 1, 1, 1, 1, 1, 1, 1, 1, 1, 1, 1, 1, 1, 1, 1, 1, 1, 1, 1, 1, 1, 1, 1, 1, 1, 1, 1, 1, 1, 1, 1, 1, 1, 1, 1, 1, 1, 4 ),
 ( 4, 4 ),
 ( 0.000000000000000000, 0.001829209877650946753, 0.007161301576628020631, 0.01556589654539346571, 0.02636237471411032735, 0.03867618661825357462, 0.05150981716826065482, 0.06382362907240390903, 0.07462010722352854786, 0.08302470220988621141, 0.08835679386634372190, 0.09018600378651424332, 0.09173614072119676277, 0.09625779438107275043, 0.1033853371041793673, 0.1125414544858115845, 0.1229844227111300536, 0.1338682478891698724, 0.1443112159582704557, 0.1534673332696493420, 0.1605948760244804152, 0.1651165296381256475, 0.1666666665636100664, 0.1684958764785395302, 0.1738279681052538883, 0.1822325629635832833, 0.1930290411720328170, 0.2053428532288705255, 0.2181764837529031609, 0.2304902957148532439, 0.2412867739492521035, 0.2496913689181680385, 0.2550234605985133851, 0.2568526705119645870, 0.2584028073013998061, 0.2629244612034778439, 0.2700520037841243060, 0.2792081209950903475, 0.2896510892802864334, 0.3005349145062281013, 0.3109778827759513975, 0.3201340000023902288, 0.3272615425830366909, 0.3317831964851147286, 0.3333333332745499478, 0.3351625431880011496, 0.3404946348683465240, 0.3488992298372624590, 0.3596957080716612354, 0.3720095199688825960, 0.3848431505576440648, 0.3971569626144817455, 0.4079534408229312237, 0.4163580356125063942, 0.4216901273079749490, 0.4235193372229044129, 0.4250694741483888039, 0.4295911277620340640, 0.4367186704780045559, 0.4458747878282440236, 0.4563177558973446346, 0.4672015810753844534, 0.4776445492552785499, 0.4868006666823351813, 0.4939282094054417982, 0.4984498630653177442, 0.5000000000000003331, 0.5018292098776510057, 0.5071613015766283095, 0.5155658965453935316, 0.5263623747141106257, 0.5386761866182538938, 0.5515098171682608630, 0.5638236290724041311, 0.5746201072235287421, 0.5830247022098864473, 0.5883567938663439856, 0.5901860037865144237, 0.5917361407211969571, 0.5962577943810729586, 0.6033853371041795199, 0.6125414544858116539, 0.6229844227111301924, 0.6338682478891700667, 0.6443112159582706777, 0.6534673332696494530, 0.6605948760244806373, 0.6651165296381258418, 0.6666666665636102884, 0.6684958764785396967, 0.6738279681052540271, 0.6822325629635834776, 0.6930290411720329002, 0.7053428532288705810, 0.7181764837529031054, 0.7304902957148531328, 0.7412867739492519092, 0.7496913689181677887, 0.7550234605985132186, 0.7568526705119643649, 0.7584028073013996396, 0.7629244612034777884, 0.7700520037841243060, 0.7792081209950904030, 0.7896510892802864889, 0.8005349145062281568, 0.8109778827759515085, 0.8201340000023903398, 0.8272615425830368574, 0.8317831964851148951, 0.8333333332745501698, 0.8351625431880014272, 0.8404946348683466351, 0.8488992298372626255, 0.8596957080716614019, 0.8720095199688828735, 0.8848431505576439537, 0.8971569626144816345, 0.9079534408229310571, 0.9163580356125066162, 0.9216901273079748380, 0.9235193372229042463, 0.9250694741483885819, 0.9295911277620338975, 0.9367186704780046114, 0.9458747878282438570, 0.9563177558973444681, 0.9672015810753842313, 0.9776445492552783278, 0.9868006666823350148, 0.9939282094054416872, 0.9984498630653175777, 1.000000000000000000 ),
 ( 0.000000000000000000, 1.000000000000000000 ),
 .UNSPECIFIED. ) ;
#5234 = CARTESIAN_POINT ( 'NONE',  ( 3.196713850561539338, 3.638267961793411054, 3.333333333333333037 ) ) ;
#5235 = CARTESIAN_POINT ( 'NONE',  ( 5.380059953839476883, -0.02379233995175442443, -5.000000000000000000 ) ) ;
#5236 = CARTESIAN_POINT ( 'NONE',  ( -3.972996821740307993, 2.573304974326867445, 0.000000000000000000 ) ) ;
#5237 = CARTESIAN_POINT ( 'NONE',  ( -5.297742420079146086, 0.08599843574758568587, 10.20000054708695458 ) ) ;
#5238 = DIRECTION ( 'NONE',  ( 3.293975600896125036E-13, -4.427453442170434149E-13, 1.000000000000000000 ) ) ;
#5239 = CARTESIAN_POINT ( 'NONE',  ( -5.040584188304936930, -2.591894021610749999, 10.55000000000000249 ) ) ;
#5240 = CARTESIAN_POINT ( 'NONE',  ( -3.329003215128835791, 4.742297807971154633, 10.54999999999999893 ) ) ;
#5241 = CARTESIAN_POINT ( 'NONE',  ( -1.982048622023628859, 4.463975086240834500, -5.000000000000000000 ) ) ;
#5242 = CARTESIAN_POINT ( 'NONE',  ( 4.672569794437419155, -4.694167100602101073, 10.20000054708695281 ) ) ;
#5243 = CARTESIAN_POINT ( 'NONE',  ( 1.902368906217603461, -4.126770342581980167, 10.54999999999999893 ) ) ;
#5244 = EDGE_LOOP ( 'NONE', ( #3251, #1813, #3560, #1416 ) ) ;
#5245 = CARTESIAN_POINT ( 'NONE',  ( -0.2023210266620856235, 4.780219434407400492, 10.55000000000000426 ) ) ;
#5246 = CARTESIAN_POINT ( 'NONE',  ( -0.2380897079087073431, 5.281633082501482335, 10.20000054708695281 ) ) ;
#5247 = CARTESIAN_POINT ( 'NONE',  ( 4.873372729617942767, -3.872709450760531080, 3.333333333333333037 ) ) ;
#5248 = CARTESIAN_POINT ( 'NONE',  ( 4.818570420232899387, -2.640369115857362559, 10.20000054708695458 ) ) ;
#5249 = CARTESIAN_POINT ( 'NONE',  ( 2.798771434348375831, 5.237400760359143703, 10.20000054708695458 ) ) ;
#5250 = CARTESIAN_POINT ( 'NONE',  ( -0.09050372642129615730, 5.563739157988876194, 5.000000000000000000 ) ) ;
#5251 = CARTESIAN_POINT ( 'NONE',  ( -2.414487668999793168, -4.998397591548686236, 10.54999999999999893 ) ) ;
#5252 = CARTESIAN_POINT ( 'NONE',  ( 0.1956540114622355719, 5.347287228289447469, 10.54999999999999893 ) ) ;
#5253 = CARTESIAN_POINT ( 'NONE',  ( -5.621187373405012622, 1.478589194937731888, 0.000000000000000000 ) ) ;
#5254 = CARTESIAN_POINT ( 'NONE',  ( -2.719012228693148625, -4.684629167066990618, 10.20000054708695636 ) ) ;
#5255 = CARTESIAN_POINT ( 'NONE',  ( 5.300610539906855934, 0.3222714142784925406, 10.55000000000000249 ) ) ;
#5256 = CARTESIAN_POINT ( 'NONE',  ( 0.2329468799943088531, 5.447756813133551645, 10.54999999999999893 ) ) ;
#5257 = CARTESIAN_POINT ( 'NONE',  ( 0.3192155735820002005, 5.325300927323620037, -3.333333333333333037 ) ) ;
#5258 = CARTESIAN_POINT ( 'NONE',  ( 4.503549084469935515, -2.802094172324045118, 10.55000000000000071 ) ) ;
#5259 = CARTESIAN_POINT ( 'NONE',  ( -5.604626029811752730, -2.827710600053704226, 5.000000000000024869 ) ) ;
#5260 = CARTESIAN_POINT ( 'NONE',  ( -4.203385354949426223, 1.289844303766978451, 10.54999999999999716 ) ) ;
#5261 = CARTESIAN_POINT ( 'NONE',  ( -4.668414645444201483, -2.013852510967591325, -1.666666666666666297 ) ) ;
#5262 = CARTESIAN_POINT ( 'NONE',  ( 4.748514887307901944, 2.506743544138954061, 10.55000000000000426 ) ) ;
#5263 = CARTESIAN_POINT ( 'NONE',  ( 4.350894455684723106, -4.764497176725710936, 1.666666666666666297 ) ) ;
#5264 = CARTESIAN_POINT ( 'NONE',  ( 6.633242581027161577, 0.2879441185641443135, 0.000000000000000000 ) ) ;
#5265 = CARTESIAN_POINT ( 'NONE',  ( 5.643723643207104956, 0.4261100633250907710, 10.54999999999999893 ) ) ;
#5266 = CARTESIAN_POINT ( 'NONE',  ( -6.523802056561733842, -0.8856477610914748055, -1.666666666666666297 ) ) ;
#5267 = CARTESIAN_POINT ( 'NONE',  ( -2.120295042447872369, -5.776548272281545771, 10.54999999999999893 ) ) ;
#5268 = CARTESIAN_POINT ( 'NONE',  ( 4.882270699514533518, 2.908697158505072711, 10.20000054708695458 ) ) ;
#5269 = CARTESIAN_POINT ( 'NONE',  ( -2.044647574794004719, -5.935250330072831204, 0.000000000000000000 ) ) ;
#5270 = CARTESIAN_POINT ( 'NONE',  ( 3.689804543892921451, 2.901137757781255377, 1.666666666666666297 ) ) ;
#5271 = AXIS2_PLACEMENT_3D ( 'NONE', #57, #2531, #4998 ) ;
#5272 = CARTESIAN_POINT ( 'NONE',  ( -4.339720304343664736, 1.788319183032209825, 3.333333333333333037 ) ) ;
#5273 = CARTESIAN_POINT ( 'NONE',  ( -3.808426961647671138, -3.028969304523077888, 10.20000054708695636 ) ) ;
#5274 = CARTESIAN_POINT ( 'NONE',  ( 2.673921665751034293, 5.679605890652660527, -5.999999999998403055 ) ) ;
#5275 = CARTESIAN_POINT ( 'NONE',  ( 5.678215679709420982, 0.07738645994917364712, -5.000000000000000888 ) ) ;
#5276 = CARTESIAN_POINT ( 'NONE',  ( -2.543515774068058288, -3.869888678175911867, 10.55000000000000249 ) ) ;
#5277 = CARTESIAN_POINT ( 'NONE',  ( -4.370480418664538291, 4.492057300046277568, 10.54999999999999716 ) ) ;
#5278 = CARTESIAN_POINT ( 'NONE',  ( 2.494907568016747401, 6.092602184811370059, -1.666666666666666297 ) ) ;
#5279 = CARTESIAN_POINT ( 'NONE',  ( 2.510978279718676376, -4.602562977424195623, 10.20000054708695636 ) ) ;
#5280 = CARTESIAN_POINT ( 'NONE',  ( 0.1862621162127115759, -4.795999528018191960, 10.55000000000000426 ) ) ;
#5281 = AXIS2_PLACEMENT_3D ( 'NONE', #3573, #7778, #1826 ) ;
#5282 = VERTEX_POINT ( 'NONE', #31 ) ;
#5283 = CARTESIAN_POINT ( 'NONE',  ( -2.808106462056327413, 4.773886798726857172, 10.20000054708695458 ) ) ;
#5284 = CARTESIAN_POINT ( 'NONE',  ( 3.562529458288298034, -5.536492484120604018, 1.666666666666666297 ) ) ;
#5285 = CARTESIAN_POINT ( 'NONE',  ( 5.132211793427189583, -4.013861282715381229, 10.20000054708695636 ) ) ;
#5286 = CARTESIAN_POINT ( 'NONE',  ( 2.582917596616105982, 5.779353650123609576, 10.20000054708695458 ) ) ;
#5287 = CARTESIAN_POINT ( 'NONE',  ( 1.908458813630810491, 6.359292723372316658, 5.000000000000000000 ) ) ;
#5288 = CARTESIAN_POINT ( 'NONE',  ( -2.120295042447872369, -5.776548272281545771, 10.54999999999999893 ) ) ;
#5289 = CARTESIAN_POINT ( 'NONE',  ( -0.2613411630066439506, 4.724870298875550212, 10.54999999999999893 ) ) ;
#5290 = CARTESIAN_POINT ( 'NONE',  ( -5.811434037490125881, -0.1058673776733867616, 5.000000000000000000 ) ) ;
#5291 = CARTESIAN_POINT ( 'NONE',  ( -2.775048031398719584, -5.369025767275354077, 10.20000054708695458 ) ) ;
#5292 = CARTESIAN_POINT ( 'NONE',  ( 0.1733997551911244106, 5.298317463292096186, 10.55000000000000249 ) ) ;
#5293 = CARTESIAN_POINT ( 'NONE',  ( 4.832549812309814286, -3.804226069094389207, 10.55000000000000249 ) ) ;
#5294 = CARTESIAN_POINT ( 'NONE',  ( -5.610167735223334340, -0.06732264655838270107, 10.20000054708695636 ) ) ;
#5295 = CARTESIAN_POINT ( 'NONE',  ( -4.601625737540900651, 2.925829236529549515, 10.54999999999999893 ) ) ;
#5296 = CARTESIAN_POINT ( 'NONE',  ( -6.224562986243681095, 0.04955689355255836481, -3.333333333333333037 ) ) ;
#5297 = CARTESIAN_POINT ( 'NONE',  ( 6.036332591642206147, 0.9502153200219701779, 10.54999999999999893 ) ) ;
#5298 = CARTESIAN_POINT ( 'NONE',  ( 1.426011146523627149, -5.378650072249710590, 0.000000000000000000 ) ) ;
#5299 = CARTESIAN_POINT ( 'NONE',  ( -6.013043029953458962, -0.2387286294167565714, 5.000000000000000000 ) ) ;
#5300 = DIRECTION ( 'NONE',  ( -3.293975600896116958E-13, 4.427453442170423041E-13, -1.000000000000000000 ) ) ;
#5301 = CARTESIAN_POINT ( 'NONE',  ( -3.966817943941785884, -2.509106068899840114, -1.666666666666666297 ) ) ;
#5302 = CARTESIAN_POINT ( 'NONE',  ( -4.893973310855484371, 2.722735580406088207, 10.20000054708695814 ) ) ;
#5303 = CARTESIAN_POINT ( 'NONE',  ( -2.462307994197706851, -4.079957535480221331, 10.55000000000000249 ) ) ;
#5304 = CARTESIAN_POINT ( 'NONE',  ( 5.678215680000000987, 0.07738646000000000413, 10.20000054708695281 ) ) ;
#5305 = CARTESIAN_POINT ( 'NONE',  ( 4.184978533249761767, -1.430426126215323501, 10.54999999999999893 ) ) ;
#5306 = CARTESIAN_POINT ( 'NONE',  ( 3.239718612251401897, 4.766787623886891367, 3.333333333333333037 ) ) ;
#5307 = CARTESIAN_POINT ( 'NONE',  ( -2.243653150037688615, -5.647678900812455716, 10.55000000000000071 ) ) ;
#5308 = CARTESIAN_POINT ( 'NONE',  ( -5.748018482795087536, 0.4222848131969861862, 3.333333333333333037 ) ) ;
#5309 = CARTESIAN_POINT ( 'NONE',  ( -4.589943212855946975, -2.844953298639848693, 10.20000054708695103 ) ) ;
#5310 = CARTESIAN_POINT ( 'NONE',  ( 2.774563950083861918, 4.959725921755433475, -4.999999999998745004 ) ) ;
#5311 = CARTESIAN_POINT ( 'NONE',  ( 3.872358905603289436, -3.735029819091833847, 0.000000000000000000 ) ) ;
#5312 = CARTESIAN_POINT ( 'NONE',  ( -2.452895612493360744, -5.191669462785807099, 10.55000000000000249 ) ) ;
#5313 = CARTESIAN_POINT ( 'NONE',  ( -4.277169614577028156, 0.9691451986540395858, 10.54999999999999716 ) ) ;
#5314 = CARTESIAN_POINT ( 'NONE',  ( -0.1895406219408748982, 4.689918142874669904, -1.666666666666666297 ) ) ;
#5315 = CARTESIAN_POINT ( 'NONE',  ( 3.357571790804246614, -5.110149017650338799, 10.20000054708695458 ) ) ;
#5316 = CARTESIAN_POINT ( 'NONE',  ( -0.01291602226285611978, -5.029191961035977876, 10.55000000000000071 ) ) ;
#5317 = EDGE_LOOP ( 'NONE', ( #2450, #3469, #3079, #7678 ) ) ;
#5318 = CARTESIAN_POINT ( 'NONE',  ( -3.146042409445626298, 4.619281959946200722, 10.55000000000000071 ) ) ;
#5319 = CARTESIAN_POINT ( 'NONE',  ( -3.730684141712802493, 5.124958373181493165, 10.20000054708695636 ) ) ;
#5320 = CARTESIAN_POINT ( 'NONE',  ( 1.708410305071423441, -5.770183011040068699, 0.000000000000000000 ) ) ;
#5321 = CARTESIAN_POINT ( 'NONE',  ( 4.318690634889765789, -4.943821925846815901, 10.20000054708695281 ) ) ;
#5322 = CARTESIAN_POINT ( 'NONE',  ( 2.756588354359375881, 4.916084853623857498, 10.20000054708695814 ) ) ;
#5323 = CARTESIAN_POINT ( 'NONE',  ( 4.257304147301131714, 2.857526457809149711, 5.000000000000000000 ) ) ;
#5324 = CARTESIAN_POINT ( 'NONE',  ( -2.736822002168673329, -5.489861397335830340, 10.20000054708695636 ) ) ;
#5325 = CARTESIAN_POINT ( 'NONE',  ( -2.370642744650274913, -4.577120158875332301, 10.54999999999999893 ) ) ;
#5326 = CARTESIAN_POINT ( 'NONE',  ( 2.724547562815531787, 4.525898588865834071, 10.20000054708695991 ) ) ;
#5327 = CARTESIAN_POINT ( 'NONE',  ( -6.518773151765566709, -0.9219336593036326910, 3.333333333333333037 ) ) ;
#5328 = CARTESIAN_POINT ( 'NONE',  ( 0.08256979942212722134, 5.133279002404807834, 10.55000000000000249 ) ) ;
#5329 = CARTESIAN_POINT ( 'NONE',  ( -5.793530207642669794, -0.1022733720389255863, 10.20000054708695636 ) ) ;
#5330 = CARTESIAN_POINT ( 'NONE',  ( 4.813914381185309566, -3.863882363750346549, 10.54999999999999893 ) ) ;
#5331 = DIRECTION ( 'NONE',  ( -2.328326528400445036E-13, -0.7071067811862334906, -0.7071067811868614328 ) ) ;
#5332 = CARTESIAN_POINT ( 'NONE',  ( -4.749857702506309565, 3.051883310693507045, 10.55000000000000071 ) ) ;
#5333 = CARTESIAN_POINT ( 'NONE',  ( -4.357361271578866102, 1.744895596418975625, -1.666666666666666297 ) ) ;
#5334 = CARTESIAN_POINT ( 'NONE',  ( 5.769952236953055369, 2.217360289159262976, 10.54999999999999716 ) ) ;
#5335 = CARTESIAN_POINT ( 'NONE',  ( 1.298451264820540185, -5.221076087381557151, 0.000000000000000000 ) ) ;
#5336 = CARTESIAN_POINT ( 'NONE',  ( 5.811434037490126769, 0.1058673776733864980, -5.000000000000000000 ) ) ;
#5337 = DIRECTION ( 'NONE',  ( -3.293975600896116958E-13, 4.427453442170423041E-13, -1.000000000000000000 ) ) ;
#5338 = CARTESIAN_POINT ( 'NONE',  ( 4.742177691313816723, -2.541133983792140505, -5.000000000000000000 ) ) ;
#5339 = CARTESIAN_POINT ( 'NONE',  ( -4.863591316241459239, 2.703491047103844469, -5.000000000000000000 ) ) ;
#5340 = CARTESIAN_POINT ( 'NONE',  ( -5.218007074061410400, 3.324017273579642051, 10.20000054708695281 ) ) ;
#5341 = CARTESIAN_POINT ( 'NONE',  ( -2.028641359920976051, -5.851989474133538316, 10.55000000000000249 ) ) ;
#5342 = CARTESIAN_POINT ( 'NONE',  ( 4.295675325387338539, -0.9125930238333646027, 10.54999999999999893 ) ) ;
#5343 = CARTESIAN_POINT ( 'NONE',  ( 3.470362048767136720, 3.219190813529887674, 5.000000000000023093 ) ) ;
#5344 = CARTESIAN_POINT ( 'NONE',  ( 4.238695337150516274, -2.206214720117043004, 10.54999999999999893 ) ) ;
#5345 = CARTESIAN_POINT ( 'NONE',  ( 4.736864590686679755, -3.283314600835575803, -3.333333333333333037 ) ) ;
#5346 = CARTESIAN_POINT ( 'NONE',  ( 1.052720001347753787, -4.615017103914770935, -6.000000000002415845 ) ) ;
#5347 = CARTESIAN_POINT ( 'NONE',  ( -4.523082045645673510, 1.395826287385323772, -5.999999999997917222 ) ) ;
#5348 = CARTESIAN_POINT ( 'NONE',  ( 1.002549712166489693, 5.675644021868740730, 1.666666666666666297 ) ) ;
#5349 = CARTESIAN_POINT ( 'NONE',  ( -2.163494275491313790, -5.735579902522209395, 10.54999999999999893 ) ) ;
#5350 = CARTESIAN_POINT ( 'NONE',  ( -5.959138762194273298, 0.3093691773889581942, 3.333333333333333037 ) ) ;
#5351 = CARTESIAN_POINT ( 'NONE',  ( -4.768849364472175445, -2.866447903148114928, 10.20000054708695458 ) ) ;
#5352 = CARTESIAN_POINT ( 'NONE',  ( -3.581722154483863552, 5.155487022040583511, -4.999999999996564526 ) ) ;
#5353 = CARTESIAN_POINT ( 'NONE',  ( 2.212433887838666458, -4.854468545862981266, -3.333333333333333037 ) ) ;
#5354 = CARTESIAN_POINT ( 'NONE',  ( -5.205241317019370761, -2.580672545531681461, 10.55000000000000071 ) ) ;
#5355 = CARTESIAN_POINT ( 'NONE',  ( -4.750931316941660931, 0.1077579770178630353, 10.54999999999999893 ) ) ;
#5356 = CARTESIAN_POINT ( 'NONE',  ( 0.4750015549338932885, 5.743902374239028497, -3.333333333333333037 ) ) ;
#5357 = CARTESIAN_POINT ( 'NONE',  ( 4.533366241761680016, -1.465199893358448913, 10.20000054708695281 ) ) ;
#5358 = CARTESIAN_POINT ( 'NONE',  ( 1.720026300981555734, -4.128646296862601872, 10.55000000000000249 ) ) ;
#5359 = CARTESIAN_POINT ( 'NONE',  ( 0.07787028463680549517, -5.682519034184775997, 10.20000054708695458 ) ) ;
#5360 = CARTESIAN_POINT ( 'NONE',  ( 6.162401348110474686, -1.196908415135739645, 0.000000000000000000 ) ) ;
#5361 = CARTESIAN_POINT ( 'NONE',  ( -3.525591996996114919, 4.779222532914504384, 10.55000000000000426 ) ) ;
#5362 = CARTESIAN_POINT ( 'NONE',  ( -2.866107766162866000, 4.830109726339635756, 10.20000054708695636 ) ) ;
#5363 = CARTESIAN_POINT ( 'NONE',  ( 1.426011146523627149, -5.378650072249710590, 0.000000000000000000 ) ) ;
#5364 = CARTESIAN_POINT ( 'NONE',  ( 4.210734928422183998, -4.996347169956629308, 10.20000054708695281 ) ) ;
#5365 = CARTESIAN_POINT ( 'NONE',  ( 1.540436758431150022, 6.442247975652265701, 10.20000054708695458 ) ) ;
#5366 = CARTESIAN_POINT ( 'NONE',  ( 2.874891515540367593, 3.948492002339777152, 5.000000000000000000 ) ) ;
#5367 = CARTESIAN_POINT ( 'NONE',  ( -0.6432952181173966499, -6.381328192232305518, 10.20000054708695458 ) ) ;
#5368 = CARTESIAN_POINT ( 'NONE',  ( -2.386446167029512289, -4.407728634208863738, 10.55000000000000071 ) ) ;
#5369 = CARTESIAN_POINT ( 'NONE',  ( 2.976662548120705853, 3.796648613077663548, 10.20000054708695281 ) ) ;
#5370 = EDGE_CURVE ( 'NONE', #4590, #4445, #2127, .T. ) ;
#5371 = CARTESIAN_POINT ( 'NONE',  ( -4.156358563041987253, 2.180812078679538413, 1.666666666666666297 ) ) ;
#5372 = CARTESIAN_POINT ( 'NONE',  ( -2.705001386030223554, -5.566611527709449447, 10.20000054708695281 ) ) ;
#5373 = CARTESIAN_POINT ( 'NONE',  ( 5.490701943516069328, 0.3970262425837648990, 10.55000000000000249 ) ) ;
#5374 = CARTESIAN_POINT ( 'NONE',  ( 1.471750771492489118, 6.098985390848325139, 10.54999999999999893 ) ) ;
#5375 = CARTESIAN_POINT ( 'NONE',  ( -5.261473937794520772, 0.1117820291124625998, 10.20000054708695458 ) ) ;
#5376 = CARTESIAN_POINT ( 'NONE',  ( 4.436755996765746168, -4.435412391609802718, 10.54999999999999716 ) ) ;
#5377 = CARTESIAN_POINT ( 'NONE',  ( -6.255643805310284300, -0.5241188672390326708, 5.000000000000024869 ) ) ;
#5378 = CARTESIAN_POINT ( 'NONE',  ( -4.387159297679223968, 2.605422958168545744, 10.54999999999999716 ) ) ;
#5379 = CARTESIAN_POINT ( 'NONE',  ( -6.633242581027158913, 0.2879441185641481993, 0.000000000000000000 ) ) ;
#5380 = CARTESIAN_POINT ( 'NONE',  ( 5.212353516579065094, 2.579099803244158551, 10.54999999999999716 ) ) ;
#5381 = CARTESIAN_POINT ( 'NONE',  ( 4.340798672100181221, -2.647104865981879218, 3.333333333333333037 ) ) ;
#5382 = CARTESIAN_POINT ( 'NONE',  ( -1.976385360537679566E-12, 2.656472065302266043E-12, -11.00000000000002487 ) ) ;
#5383 = CARTESIAN_POINT ( 'NONE',  ( 4.641992031678379149, -0.9265593960872966495, -5.000000000000000000 ) ) ;
#5384 = CARTESIAN_POINT ( 'NONE',  ( -4.641992031678378261, 0.9265593960873019785, -5.000000000000000000 ) ) ;
#5385 = CARTESIAN_POINT ( 'NONE',  ( -4.835463012845966801, 2.661527900448915407, 10.20000054708695458 ) ) ;
#5386 = CARTESIAN_POINT ( 'NONE',  ( -2.374136395049748494, -4.520546803631294352, 10.55000000000000249 ) ) ;
#5387 = CARTESIAN_POINT ( 'NONE',  ( 4.748328860042744459, -3.054251423612443617, 10.55000000000000071 ) ) ;
#5388 = CARTESIAN_POINT ( 'NONE',  ( 0.3534438101688358036, 6.267603813795271428, 10.20000054708695458 ) ) ;
#5389 = CARTESIAN_POINT ( 'NONE',  ( 1.298451264820540185, -5.221076087381557151, 0.000000000000000000 ) ) ;
#5390 = CARTESIAN_POINT ( 'NONE',  ( -6.255643805310284300, -0.5241188672390326708, -4.999999999998198774 ) ) ;
#5391 = CARTESIAN_POINT ( 'NONE',  ( 3.410657430924925571, 5.477055024130525140, 1.666666666666666297 ) ) ;
#5392 = CARTESIAN_POINT ( 'NONE',  ( -0.4500678372060921695, -5.879063629978547922, 10.55000000000000249 ) ) ;
#5393 = CARTESIAN_POINT ( 'NONE',  ( -6.456223770568879416, 0.8106471639654754258, 0.000000000000000000 ) ) ;
#5394 = CARTESIAN_POINT ( 'NONE',  ( -6.083888528955651687, -2.385515401054692397, 10.20000054708695458 ) ) ;
#5395 = CARTESIAN_POINT ( 'NONE',  ( -1.518572041796066863, 4.483362720821385317, -4.999999999997542410 ) ) ;
#5396 = CARTESIAN_POINT ( 'NONE',  ( 1.426011146523627149, -5.378650072249710590, 0.000000000000000000 ) ) ;
#5397 = CARTESIAN_POINT ( 'NONE',  ( -4.905226413926041751, -0.04923589719670785209, 10.55000000000000071 ) ) ;
#5398 = CARTESIAN_POINT ( 'NONE',  ( 4.556047770295394983, -2.019320271209998463, 10.20000054708695281 ) ) ;
#5399 = CARTESIAN_POINT ( 'NONE',  ( 0.000000000000000000, 0.000000000000000000, 10.19999999999907558 ) ) ;
#5400 = CARTESIAN_POINT ( 'NONE',  ( 5.851330226675907298, -1.405564791000387892, 0.000000000000000000 ) ) ;
#5401 = CARTESIAN_POINT ( 'NONE',  ( -3.115287611642460597, 4.584127635854574834, 10.55000000000000071 ) ) ;
#5402 = CARTESIAN_POINT ( 'NONE',  ( 3.665404046457295451, 4.447792047954559180, 1.666666666666666297 ) ) ;
#5403 = CARTESIAN_POINT ( 'NONE',  ( -5.152450499524099392, 3.955046682633479360, 10.20000054708695458 ) ) ;
#5404 = CARTESIAN_POINT ( 'NONE',  ( 5.549568240452075862, -0.9540490733085547070, 1.666666666666666297 ) ) ;
#5405 = CARTESIAN_POINT ( 'NONE',  ( 5.227657649936398698, -3.536420804317015332, 10.20000054708695458 ) ) ;
#5406 = CARTESIAN_POINT ( 'NONE',  ( -0.9063454493867127981, 4.703308009167648684, 10.20000054708695458 ) ) ;
#5407 = CARTESIAN_POINT ( 'NONE',  ( -5.380059953839469777, 0.02379233995175580874, 5.000000000000000000 ) ) ;
#5408 = CARTESIAN_POINT ( 'NONE',  ( -1.418553924518353604, -6.462258147125797159, 10.20000054708695636 ) ) ;
#5409 = CARTESIAN_POINT ( 'NONE',  ( -2.435855206350266755, -5.281788687831530993, 10.55000000000000249 ) ) ;
#5410 = CARTESIAN_POINT ( 'NONE',  ( -2.384135420232847302, 4.192135220905306880, 10.55000000000000071 ) ) ;
#5411 = CARTESIAN_POINT ( 'NONE',  ( 2.907966664691695957, -4.882705828915556268, -6.000000000003157474 ) ) ;
#5412 = ORIENTED_EDGE ( 'NONE', *, *, #5229, .T. ) ;
#5413 = CARTESIAN_POINT ( 'NONE',  ( 2.720538361331029442, 4.589038396387070229, 10.20000054708695281 ) ) ;
#5414 = CARTESIAN_POINT ( 'NONE',  ( -3.123419988198143482, -3.556803324690040569, 5.000000000000000000 ) ) ;
#5415 = CARTESIAN_POINT ( 'NONE',  ( -2.736822002168673329, -5.489861397335830340, 10.20000054708695636 ) ) ;
#5416 = CARTESIAN_POINT ( 'NONE',  ( 6.441541405833985046, 1.355646759268898105, 10.20000054708695281 ) ) ;
#5417 = CARTESIAN_POINT ( 'NONE',  ( -0.2814303158245617387, 4.706989889412400707, 10.55000000000000071 ) ) ;
#5418 = CARTESIAN_POINT ( 'NONE',  ( 3.891414652253037509, -4.739837244786569315, 10.55000000000000426 ) ) ;
#5419 = CARTESIAN_POINT ( 'NONE',  ( -2.729108392372209924, -4.849263011884232810, 5.000000000000024869 ) ) ;
#5420 = CARTESIAN_POINT ( 'NONE',  ( -4.264651345379603775, 2.300025223939391239, 10.54999999999999893 ) ) ;
#5421 = CARTESIAN_POINT ( 'NONE',  ( -5.310310022141517372, 0.5112103155022519330, -3.333333333333333037 ) ) ;
#5422 = CARTESIAN_POINT ( 'NONE',  ( 4.513263423121753881, 2.493892369791684605, 10.54999999999999893 ) ) ;
#5423 = CARTESIAN_POINT ( 'NONE',  ( -2.526070848901886823, -5.996577392882942448, 0.000000000000000000 ) ) ;
#5424 = CARTESIAN_POINT ( 'NONE',  ( 4.339720304343666513, -1.788319183032214488, 3.333333333333333037 ) ) ;
#5425 = CARTESIAN_POINT ( 'NONE',  ( 0.000000000000000000, 0.000000000000000000, 10.55000000000000071 ) ) ;
#5426 = CARTESIAN_POINT ( 'NONE',  ( 4.670483139611290468, 2.498685488688678014, 10.55000000000000426 ) ) ;
#5427 = CARTESIAN_POINT ( 'NONE',  ( -6.440971233593919543, -0.3802702459705247229, -3.333333333333333037 ) ) ;
#5428 = CARTESIAN_POINT ( 'NONE',  ( -4.560695620612659873, 2.043044891125109341, 10.20000054708695458 ) ) ;
#5429 = CARTESIAN_POINT ( 'NONE',  ( -2.297491832333060646, -5.576647628241938826, 10.55000000000000071 ) ) ;
#5430 = CARTESIAN_POINT ( 'NONE',  ( 4.189391024822975318, -1.369530756645777059, 10.55000000000000071 ) ) ;
#5431 = CARTESIAN_POINT ( 'NONE',  ( -0.07787028463680581436, 5.682519034184775997, 10.20000054708695458 ) ) ;
#5432 = CARTESIAN_POINT ( 'NONE',  ( 4.325414021809143250, -0.8273217334804524592, 10.55000000000000071 ) ) ;
#5433 = CARTESIAN_POINT ( 'NONE',  ( 4.413977035674935046, -3.706055536428903174, -1.666666666666666297 ) ) ;
#5434 = CARTESIAN_POINT ( 'NONE',  ( -0.3460384234889671839, 5.115696762701815281, -5.999999999997646327 ) ) ;
#5435 = CARTESIAN_POINT ( 'NONE',  ( -0.6211303116444791828, 4.652467623394941576, 3.333333333333333037 ) ) ;
#5436 = CARTESIAN_POINT ( 'NONE',  ( -0.2593584214461446269, -5.560253701836699314, 10.54999999999999893 ) ) ;
#5437 = CARTESIAN_POINT ( 'NONE',  ( -2.874891515540369369, -3.948492002339770490, 5.000000000000000000 ) ) ;
#5438 = CARTESIAN_POINT ( 'NONE',  ( -5.698602682105716077, -2.744810140611251725, 10.20000054708695281 ) ) ;
#5439 = CARTESIAN_POINT ( 'NONE',  ( 0.8000434083654105466, 6.457546346331824338, -4.999999999997432276 ) ) ;
#5440 = CARTESIAN_POINT ( 'NONE',  ( 4.491800750379475460, -4.813324326891781801, -3.333333333333333037 ) ) ;
#5441 = CARTESIAN_POINT ( 'NONE',  ( -4.495153199866667393, 0.4652934172969327986, 10.55000000000000426 ) ) ;
#5442 = CARTESIAN_POINT ( 'NONE',  ( 0.6734448211313981414, -4.430987429385211840, 10.54999999999999893 ) ) ;
#5443 = CARTESIAN_POINT ( 'NONE',  ( 2.866294158826801830, -4.390119067635938954, 10.54999999999999893 ) ) ;
#5444 = CARTESIAN_POINT ( 'NONE',  ( -2.740444013175199700, -4.333596967199338401, 10.20000054708695458 ) ) ;
#5445 = CARTESIAN_POINT ( 'NONE',  ( 4.018825604028020138, 4.018224371688232210, 0.000000000000000000 ) ) ;
#5446 = CARTESIAN_POINT ( 'NONE',  ( -0.9398742460724440750, 4.300914209569086211, 10.55000000000000071 ) ) ;
#5447 = CARTESIAN_POINT ( 'NONE',  ( -0.6675567257738417304, 4.646033348510059113, 1.666666666666666297 ) ) ;
#5448 = CARTESIAN_POINT ( 'NONE',  ( -2.794602011940776620, 4.762941364555341117, 10.20000054708695458 ) ) ;
#5449 = CARTESIAN_POINT ( 'NONE',  ( 4.603342582428153307, -2.258170310738746966, 5.000000000000000000 ) ) ;
#5450 = CARTESIAN_POINT ( 'NONE',  ( 4.561039423102430490, -2.044974448148256130, 10.20000054708695458 ) ) ;
#5451 = CARTESIAN_POINT ( 'NONE',  ( -1.625999804713175623, 4.487865107100342144, 10.20000054708695103 ) ) ;
#5452 = CARTESIAN_POINT ( 'NONE',  ( -1.983583408451234265, -6.289876356784722233, 10.20000054708695281 ) ) ;
#5453 = CARTESIAN_POINT ( 'NONE',  ( 3.945042019279604073, 3.924286919456762224, 0.000000000000000000 ) ) ;
#5454 = CARTESIAN_POINT ( 'NONE',  ( -3.233876468635382917, -3.458955635290884345, 10.20000054708695458 ) ) ;
#5455 = CARTESIAN_POINT ( 'NONE',  ( 2.731107514847197493, 4.823573322827941823, 10.20000054708695458 ) ) ;
#5456 = CARTESIAN_POINT ( 'NONE',  ( -4.018825604028019249, -4.018224371688232210, 0.000000000000000000 ) ) ;
#5457 = CARTESIAN_POINT ( 'NONE',  ( 0.09032751358868283675, -5.593851239493165650, 10.20000054708695103 ) ) ;
#5458 = CARTESIAN_POINT ( 'NONE',  ( 5.506973097415239771, 2.848605325031193125, 10.20000054708695458 ) ) ;
#5459 = CARTESIAN_POINT ( 'NONE',  ( -0.1642652416081051836, 4.818366545065098983, 10.55000000000000249 ) ) ;
#5460 = CARTESIAN_POINT ( 'NONE',  ( -6.112970046774380606, -0.3631319133732884286, 10.20000054708695458 ) ) ;
#5461 = CARTESIAN_POINT ( 'NONE',  ( 5.020847479261235868, 0.1458396329591429286, 10.55000000000000782 ) ) ;
#5462 = CARTESIAN_POINT ( 'NONE',  ( 1.518572041796068639, -4.483362720821384428, 10.20000054708695458 ) ) ;
#5463 = CARTESIAN_POINT ( 'NONE',  ( -6.052278170231651266, -1.655796530579599635, 10.55000000000000071 ) ) ;
#5464 = CARTESIAN_POINT ( 'NONE',  ( -4.873969894515736812, -1.592015537546811466, 0.000000000000000000 ) ) ;
#5465 = CARTESIAN_POINT ( 'NONE',  ( 4.523082045645346660, -1.395826287384887454, 5.000000000000000000 ) ) ;
#5466 =( NAMED_UNIT ( * ) PLANE_ANGLE_UNIT ( ) SI_UNIT ( $, .RADIAN. ) );
#5467 = CARTESIAN_POINT ( 'NONE',  ( 5.866807539410195282, 2.088242961322888558, 10.55000000000000604 ) ) ;
#5468 = CARTESIAN_POINT ( 'NONE',  ( -4.499676651628622182, 1.335727496253138691, -3.333333333333333037 ) ) ;
#5469 = CARTESIAN_POINT ( 'NONE',  ( -0.3455722803420997469, -5.772828364306516136, 10.54999999999999893 ) ) ;
#5470 = CARTESIAN_POINT ( 'NONE',  ( -0.09050372642129615730, 5.563739157988876194, 5.000000000000023093 ) ) ;
#5471 = CARTESIAN_POINT ( 'NONE',  ( 4.173679680417042626, -1.618101256808459398, 10.54999999999999893 ) ) ;
#5472 = CARTESIAN_POINT ( 'NONE',  ( 2.382783059699697503, -4.540092616159150829, -5.000000000000000000 ) ) ;
#5473 = CARTESIAN_POINT ( 'NONE',  ( -4.863591316241788753, 2.703491047104287226, -5.999999999997226219 ) ) ;
#5474 = CARTESIAN_POINT ( 'NONE',  ( -2.382783059699694839, 4.540092616159148164, 5.000000000000000000 ) ) ;
#5475 = CARTESIAN_POINT ( 'NONE',  ( -0.2659359124288978027, -5.605735493421590832, 10.55000000000000249 ) ) ;
#5476 = CARTESIAN_POINT ( 'NONE',  ( -4.882270699514534407, -2.908697158505072711, 5.000000000000000000 ) ) ;
#5477 = CARTESIAN_POINT ( 'NONE',  ( 1.518572041796068639, -4.483362720821384428, -5.000000000000000000 ) ) ;
#5478 = CARTESIAN_POINT ( 'NONE',  ( -5.655841683879327064, -0.4286514586262683557, 10.55000000000000249 ) ) ;
#5479 = CARTESIAN_POINT ( 'NONE',  ( 3.516832295617378090, -4.778685184638743699, 10.55000000000000249 ) ) ;
#5480 = CARTESIAN_POINT ( 'NONE',  ( -1.908458813630812712, -6.359292723372315770, 10.20000054708695458 ) ) ;
#5481 = CARTESIAN_POINT ( 'NONE',  ( 6.633242581027162466, -0.2879441185641440915, 0.000000000000000000 ) ) ;
#5482 = CARTESIAN_POINT ( 'NONE',  ( -3.410939370712674723, 4.763587198464454886, 10.55000000000000071 ) ) ;
#5483 = CARTESIAN_POINT ( 'NONE',  ( -0.6933294261304645545, 4.834757971955979450, 0.000000000000000000 ) ) ;
#5484 = CARTESIAN_POINT ( 'NONE',  ( -4.730621641745023531, 2.505137159749978082, 10.20000054708695458 ) ) ;
#5485 = CARTESIAN_POINT ( 'NONE',  ( 6.255643805310286965, 0.5241188672390336700, -5.000000000000000000 ) ) ;
#5486 = CARTESIAN_POINT ( 'NONE',  ( 4.523731368303439915, -1.625260127967441237, 10.20000054708695458 ) ) ;
#5487 = CARTESIAN_POINT ( 'NONE',  ( -0.3703525523767091099, 5.110529649179683886, 10.20000054708695458 ) ) ;
#5488 = CARTESIAN_POINT ( 'NONE',  ( -4.061678536503901427, 5.083575693552930375, 5.000000000000000000 ) ) ;
#5489 = CARTESIAN_POINT ( 'NONE',  ( -2.082478423765217190, -6.236008238553085725, 10.20000054708695458 ) ) ;
#5490 = CARTESIAN_POINT ( 'NONE',  ( 3.718589996354460858, 2.864148441214862562, 3.333333333333333037 ) ) ;
#5491 = ORIENTED_EDGE ( 'NONE', *, *, #2243, .T. ) ;
#5492 = CARTESIAN_POINT ( 'NONE',  ( 4.101724197514413639, 2.911104890644645948, 10.20000054708695458 ) ) ;
#5493 = CARTESIAN_POINT ( 'NONE',  ( -3.689804543892920119, -2.901137757781257154, 1.666666666666666297 ) ) ;
#5494 = CARTESIAN_POINT ( 'NONE',  ( -1.308035231347179694, -6.472810711668453010, 10.20000054708695281 ) ) ;
#5495 = CARTESIAN_POINT ( 'NONE',  ( 5.838161332401305081, 0.1242642402117180439, 10.20000054708695814 ) ) ;
#5496 = CARTESIAN_POINT ( 'NONE',  ( -0.1093921406466547147, 4.877242732309205131, 10.55000000000000249 ) ) ;
#5497 = CARTESIAN_POINT ( 'NONE',  ( 5.233227907083815467, 0.2860795813415001332, 10.54999999999999893 ) ) ;
#5498 = CARTESIAN_POINT ( 'NONE',  ( -4.257304147301129937, -2.857526457809150600, 10.20000054708695458 ) ) ;
#5499 = CARTESIAN_POINT ( 'NONE',  ( -5.845223381368526816, -0.5888181666775540446, 10.55000000000000249 ) ) ;
#5500 = CARTESIAN_POINT ( 'NONE',  ( 3.852187529355878937, 2.626918081130663385, 10.55000000000000071 ) ) ;
#5501 = CARTESIAN_POINT ( 'NONE',  ( 5.059752145698094949, -2.860573665241805674, -6.000000000002958522 ) ) ;
#5502 = CARTESIAN_POINT ( 'NONE',  ( 5.123227066717328526, -0.2064956504716665142, 5.000000000000000000 ) ) ;
#5503 = CARTESIAN_POINT ( 'NONE',  ( -5.613891961157277954, 0.4383313064987977570, 3.333333333333332593 ) ) ;
#5504 = CARTESIAN_POINT ( 'NONE',  ( 5.968858450530678539, 1.899536497859726891, 10.55000000000000426 ) ) ;
#5505 = CARTESIAN_POINT ( 'NONE',  ( -5.621187373405012622, 1.478589194937731888, 0.000000000000000000 ) ) ;
#5506 = CARTESIAN_POINT ( 'NONE',  ( -5.243651633313685778, 0.1250738180115462395, 10.20000054708695458 ) ) ;
#5507 = CARTESIAN_POINT ( 'NONE',  ( -0.09692171840880385580, -5.156677076457067521, 10.55000000000000249 ) ) ;
#5508 = CARTESIAN_POINT ( 'NONE',  ( -3.213266569546251894, 5.088083704188176348, 5.000000000000023093 ) ) ;
#5509 = CARTESIAN_POINT ( 'NONE',  ( -3.836300670475270014, 4.753646086287893091, 10.54999999999999893 ) ) ;
#5510 = CARTESIAN_POINT ( 'NONE',  ( 4.771635973406850972, -4.343064134404512444, -3.333333333333333037 ) ) ;
#5511 = CARTESIAN_POINT ( 'NONE',  ( 1.480912986585614544, 6.046034824646977945, 1.666666666666666297 ) ) ;
#5512 = CARTESIAN_POINT ( 'NONE',  ( 3.578404239101141027, -4.781655855102411756, 10.55000000000000071 ) ) ;
#5513 = CARTESIAN_POINT ( 'NONE',  ( -4.090348123528645630, -2.593265403588362439, 3.333333333333333037 ) ) ;
#5514 = CARTESIAN_POINT ( 'NONE',  ( -5.678215679722193876, -0.07738645995682801038, -4.999999999999095834 ) ) ;
#5515 = CARTESIAN_POINT ( 'NONE',  ( 2.710634745066118345, 4.647372425122350492, -5.999999999998872902 ) ) ;
#5516 = CARTESIAN_POINT ( 'NONE',  ( 0.6933294261304657757, -4.834757971955980338, 0.000000000000000000 ) ) ;
#5517 = CARTESIAN_POINT ( 'NONE',  ( -6.081676106794784431, -1.493768069107380914, 10.54999999999999893 ) ) ;
#5518 = CARTESIAN_POINT ( 'NONE',  ( -5.992420882726278819, -2.535915251144630567, -5.999999999999173994 ) ) ;
#5519 = B_SPLINE_CURVE_WITH_KNOTS ( 'NONE', 3,
 ( #2071, #6853, #1328, #6251, #704, #6892, #1365, #903, #3608, #7301, #7227, #7263, #5802, #2372, #246, #5464, #2802, #1705, #2765, #1785, #7709, #5876, #2146, #3389, #5192, #2961, #3350, #4211, #3571, #6023, #5423, #5269, #7861, #4580, #6065, #316, #7086, #6407, #2727, #4850, #863, #515, #3007, #7898, #1743, #4617, #4173, #1554, #7634, #2291, #6629, #7668, #2110, #7047, #1515, #3987, #5231, #2331, #4026, #283, #5842, #6446, #6482, #474, #4764, #1095, #4810, #6672, #1138 ),
 .UNSPECIFIED., .F., .F.,
 ( 4, 1, 1, 1, 1, 1, 1, 1, 1, 1, 1, 1, 1, 1, 1, 1, 1, 1, 1, 1, 1, 1, 1, 1, 1, 1, 1, 1, 1, 1, 1, 1, 1, 1, 1, 1, 1, 1, 1, 1, 1, 1, 1, 1, 1, 1, 1, 1, 1, 1, 1, 1, 1, 1, 1, 1, 1, 1, 1, 1, 1, 1, 1, 1, 1, 1, 4 ),
 ( 0.4999999999898384062, 0.5018292099201706602, 0.5071613015766281984, 0.5155658965629859036, 0.5263623747141105147, 0.5386761866182537828, 0.5515098171682607520, 0.5638236290724040201, 0.5746201072235286311, 0.5830247022098863363, 0.5883567938663438746, 0.5901860037865143127, 0.5917361407211968460, 0.5962577943810728476, 0.6033853371041794089, 0.6125414545312360959, 0.6229844227111300814, 0.6338682478891699557, 0.6443112159582705667, 0.6534673332696493420, 0.6605948760244805262, 0.6651165296381257308, 0.6666666665636101774, 0.6684958764785395857, 0.6738279681052539161, 0.6822325629635833666, 0.6930290411720327892, 0.7053428532288704700, 0.7181764837529029943, 0.7304902957148530218, 0.7412867739492517982, 0.7496913689181676776, 0.7550234605985129965, 0.7568526705119641429, 0.7584028073013994176, 0.7629244612034775663, 0.7700520037841240839, 0.7792081209950901810, 0.7896510892802862669, 0.8005349145062279348, 0.8109778827914240207, 0.8201340000023901178, 0.8272615425830366354, 0.8317831964851146731, 0.8333333332745499478, 0.8351625431880012052, 0.8404946348683464130, 0.8488992298372624035, 0.8596957080716611799, 0.8720095200336112073, 0.8848431505576437317, 0.8971569626144814125, 0.9079534408229308351, 0.9163580356812601746, 0.9216901273079746160, 0.9235193372229040243, 0.9250694741483883599, 0.9295911277620336755, 0.9367186705168647487, 0.9458747878282436350, 0.9563177558973442460, 0.9672015810753840093, 0.9776445492552781058, 0.9868006666823347928, 0.9939282094054414651, 0.9984498630653173556, 0.9999999999999997780 ),
 .UNSPECIFIED. ) ;
#5520 = CARTESIAN_POINT ( 'NONE',  ( 3.674222558563233321, -4.778604842880922909, 10.54999999999999716 ) ) ;
#5521 = CARTESIAN_POINT ( 'NONE',  ( 4.603342582428153307, -2.258170310738746966, 10.20000054708695458 ) ) ;
#5522 = CARTESIAN_POINT ( 'NONE',  ( -1.470471587390117518, 5.489517252965712579, 0.000000000000000000 ) ) ;
#5523 = CARTESIAN_POINT ( 'NONE',  ( -4.514157494794253545, 2.818328958117755523, 10.55000000000000071 ) ) ;
#5524 = CARTESIAN_POINT ( 'NONE',  ( 0.5901598843358477620, 5.049891939613061709, 1.666666666666666297 ) ) ;
#5525 = CARTESIAN_POINT ( 'NONE',  ( -4.712579755136413695, 0.8059889744364651110, 10.20000054708695814 ) ) ;
#5526 = CARTESIAN_POINT ( 'NONE',  ( 5.435415167955227389, -0.9491906648941097480, 1.666666666666666297 ) ) ;
#5527 = CARTESIAN_POINT ( 'NONE',  ( 5.284107578360541346, -0.09552945694513466368, 10.20000054708695281 ) ) ;
#5528 = CARTESIAN_POINT ( 'NONE',  ( -0.02281848261792699534, 5.861533221340637034, 10.20000054708695458 ) ) ;
#5529 = CARTESIAN_POINT ( 'NONE',  ( -2.562038839097456222, -5.808482675526834171, 10.20000054708695458 ) ) ;
#5530 = CARTESIAN_POINT ( 'NONE',  ( -1.491724103152985315, -6.094882284302846287, 10.54999999999999716 ) ) ;
#5531 = ADVANCED_FACE ( 'NONE', ( #3708 ), #6161, .T. ) ;
#5532 = CARTESIAN_POINT ( 'NONE',  ( -2.759387238546465060, 4.331829763396489952, 10.55000000000000249 ) ) ;
#5533 = CARTESIAN_POINT ( 'NONE',  ( 3.815710851444237939, 3.424973976468145498, 0.000000000000000000 ) ) ;
#5534 = CARTESIAN_POINT ( 'NONE',  ( 1.402872746607417342, 6.464142128390565567, 10.20000054708695636 ) ) ;
#5535 = CARTESIAN_POINT ( 'NONE',  ( -4.215045891529108246, -2.154063696584817666, 0.000000000000000000 ) ) ;
#5536 = CONICAL_SURFACE ( 'NONE', #6690, 12.50000000000007816, 0.7853981633974471688 ) ;
#5537 = CARTESIAN_POINT ( 'NONE',  ( 0.4157966116997898198, -5.061722314009711177, 10.20000054708695281 ) ) ;
#5538 = CARTESIAN_POINT ( 'NONE',  ( 6.338906025809528444, 1.917057320748695837, 10.20000054708695458 ) ) ;
#5539 = CARTESIAN_POINT ( 'NONE',  ( -0.9411713931256673327, 4.302316715042763917, 10.54999999999999893 ) ) ;
#5540 = CARTESIAN_POINT ( 'NONE',  ( 5.566376549713774047, 0.4139920207986673706, 10.54999999999999893 ) ) ;
#5541 = CARTESIAN_POINT ( 'NONE',  ( -2.740444013175199700, -4.333596967199338401, 5.000000000000024869 ) ) ;
#5542 = CARTESIAN_POINT ( 'NONE',  ( -5.054345744415245534, -0.1703984857044087420, 10.55000000000000249 ) ) ;
#5543 = CARTESIAN_POINT ( 'NONE',  ( 3.305352420454561457, 2.928286883103139004, 10.55000000000000071 ) ) ;
#5544 = VECTOR ( 'NONE', #3271, 1000.000000000000000 ) ;
#5545 = CARTESIAN_POINT ( 'NONE',  ( -4.522135709770856771, -2.844401947976636258, 10.20000054708695458 ) ) ;
#5546 = CARTESIAN_POINT ( 'NONE',  ( 5.531686333311937709, 2.435257669868938102, 10.54999999999999893 ) ) ;
#5547 = CARTESIAN_POINT ( 'NONE',  ( -1.895684354081241807, 5.181802947478528765, -1.666666666666666297 ) ) ;
#5548 = CARTESIAN_POINT ( 'NONE',  ( -4.954342350942240181, 0.4102563315449421211, 10.20000054708695814 ) ) ;
#5549 = CARTESIAN_POINT ( 'NONE',  ( -0.1956693797518589406, -5.346966256273233853, 10.54999999999999893 ) ) ;
#5550 = CARTESIAN_POINT ( 'NONE',  ( 5.056961679371688945, 2.594464598674446343, 10.54999999999999893 ) ) ;
#5551 = CARTESIAN_POINT ( 'NONE',  ( -5.678215679999999210, -0.07738645999999997638, -4.999999999998190781 ) ) ;
#5552 = CARTESIAN_POINT ( 'NONE',  ( 2.814033178045507899, 5.085783199819224443, -5.000000000000000000 ) ) ;
#5553 = CARTESIAN_POINT ( 'NONE',  ( -2.526070848901886823, -5.996577392882942448, 0.000000000000000000 ) ) ;
#5554 = CARTESIAN_POINT ( 'NONE',  ( 4.627476880197838760, -1.023536913771370349, 10.20000054708695458 ) ) ;
#5555 = CARTESIAN_POINT ( 'NONE',  ( -4.954707020477385981, 4.419694229627866733, 5.000000000000000000 ) ) ;
#5556 = CARTESIAN_POINT ( 'NONE',  ( 3.120902942026650084, -4.590190334135543893, 10.55000000000000071 ) ) ;
#5557 = CARTESIAN_POINT ( 'NONE',  ( -2.799776449901752340, -5.326812330412152185, 5.000000000000000000 ) ) ;
#5558 = CARTESIAN_POINT ( 'NONE',  ( 6.255643805309957450, 0.5241188672394764270, -6.000000000001866063 ) ) ;
#5559 = CARTESIAN_POINT ( 'NONE',  ( 0.09050372642129654588, -5.563739157988876194, -5.000000000000000000 ) ) ;
#5560 = CARTESIAN_POINT ( 'NONE',  ( -5.895416100524784930, -0.6544321450179962918, 10.55000000000000426 ) ) ;
#5561 = CARTESIAN_POINT ( 'NONE',  ( 5.485244519758261106, -1.469766839975191752, 0.000000000000000000 ) ) ;
#5562 = CARTESIAN_POINT ( 'NONE',  ( 2.646340021331706094, -4.279744673221397733, 10.55000000000000249 ) ) ;
#5563 = CARTESIAN_POINT ( 'NONE',  ( 6.304921007630883700, 2.081055046146127907, 5.000000000000000000 ) ) ;
#5564 = CARTESIAN_POINT ( 'NONE',  ( -4.869601582567867126, 3.624434963035782165, 10.54999999999999893 ) ) ;
#5565 = CARTESIAN_POINT ( 'NONE',  ( -1.895684354081241807, 5.181802947478528765, 1.666666666666666297 ) ) ;
#5566 = CARTESIAN_POINT ( 'NONE',  ( -4.789089757555204940, 2.599296925084235710, 10.20000054708695103 ) ) ;
#5567 = CARTESIAN_POINT ( 'NONE',  ( 3.815710851444236607, -3.424973976468142833, 0.000000000000000000 ) ) ;
#5568 = CARTESIAN_POINT ( 'NONE',  ( 4.536034596739802360, -1.889748401524039556, 10.20000054708695281 ) ) ;
#5569 = CARTESIAN_POINT ( 'NONE',  ( 0.1085734459441822786, 6.034033078017984053, 10.20000054708695458 ) ) ;
#5570 = DIRECTION ( 'NONE',  ( 2.329192484456669459E-13, -0.7071067811868624320, 0.7071067811862327135 ) ) ;
#5571 = CARTESIAN_POINT ( 'NONE',  ( -6.461538437134769275, -1.526872548237523164, -5.000000000000000000 ) ) ;
#5572 = CARTESIAN_POINT ( 'NONE',  ( 0.3813052608987586578, -5.098335739381368192, 10.20000054708695636 ) ) ;
#5573 = CARTESIAN_POINT ( 'NONE',  ( -0.6000739563377619490, -5.979182174522263971, 10.55000000000000249 ) ) ;
#5574 = CARTESIAN_POINT ( 'NONE',  ( 4.091089480663188560, 4.128796472022226993, 0.000000000000000000 ) ) ;
#5575 = ORIENTED_EDGE ( 'NONE', *, *, #1184, .F. ) ;
#5576 = CARTESIAN_POINT ( 'NONE',  ( 2.679751748588374838, 5.618663185140813532, 10.20000054708695281 ) ) ;
#5577 = CARTESIAN_POINT ( 'NONE',  ( -3.840358520603885051, -3.017819880700673085, 0.000000000000000000 ) ) ;
#5578 = CARTESIAN_POINT ( 'NONE',  ( 0.8440856193293808651, -4.736605454403904680, 10.20000054708695458 ) ) ;
#5579 = CARTESIAN_POINT ( 'NONE',  ( 5.638712239034119555, 2.781607839316733610, 10.20000054708695458 ) ) ;
#5580 = CARTESIAN_POINT ( 'NONE',  ( -0.2613411630066439506, 4.724870298875550212, 10.54999999999999893 ) ) ;
#5581 = CARTESIAN_POINT ( 'NONE',  ( -6.087027453060326998, -0.3332998340861926811, 10.20000054708695458 ) ) ;
#5582 = CARTESIAN_POINT ( 'NONE',  ( 4.177356323712784203, -1.805516403061557806, 10.55000000000000071 ) ) ;
#5583 = CARTESIAN_POINT ( 'NONE',  ( -0.3534438101688317513, -6.267603813795266987, 5.000000000000024869 ) ) ;
#5584 = CARTESIAN_POINT ( 'NONE',  ( -5.965312165184569082, -0.7721711582128180096, 10.55000000000000071 ) ) ;
#5585 = CARTESIAN_POINT ( 'NONE',  ( 3.067499387428999746, 3.128980360762910085, 10.55000000000000426 ) ) ;
#5586 = CARTESIAN_POINT ( 'NONE',  ( 4.954707020477052026, -4.419694229627428861, -6.000000000003613998 ) ) ;
#5587 = CARTESIAN_POINT ( 'NONE',  ( 5.439193019016864028, 2.492165729884532333, 10.55000000000000249 ) ) ;
#5588 = CARTESIAN_POINT ( 'NONE',  ( -4.495563247843129773, 4.305525677697852771, -1.666666666666666297 ) ) ;
#5589 = CARTESIAN_POINT ( 'NONE',  ( -4.658399280963996247, 0.9362828046617672761, 10.20000054708695103 ) ) ;
#5590 = CARTESIAN_POINT ( 'NONE',  ( 0.1862621162127115759, -4.795999528018191960, 10.55000000000000426 ) ) ;
#5591 = CARTESIAN_POINT ( 'NONE',  ( 5.391363020162517117, 2.517805974539504721, 10.54999999999999893 ) ) ;
#5592 = CARTESIAN_POINT ( 'NONE',  ( -4.856940138843871324, 0.5154830861514264617, -5.999999999998209432 ) ) ;
#5593 = CARTESIAN_POINT ( 'NONE',  ( 3.539730810310471654, 4.232612283599252123, -1.666666666666666297 ) ) ;
#5594 = CARTESIAN_POINT ( 'NONE',  ( -3.247490944899272591, -5.006080960982941974, -3.333333333333333037 ) ) ;
#5595 = CARTESIAN_POINT ( 'NONE',  ( 5.211615336555989408, -3.279152053848504167, 10.20000054708695458 ) ) ;
#5596 = CARTESIAN_POINT ( 'NONE',  ( -0.5901598843358483171, -5.049891939613062597, 1.666666666666666297 ) ) ;
#5597 = CARTESIAN_POINT ( 'NONE',  ( 4.257304147300801311, 2.857526457809592468, -6.000000000000162537 ) ) ;
#5598 = CARTESIAN_POINT ( 'NONE',  ( -3.069363961253910311, 5.415408124717999705, 3.333333333333333037 ) ) ;
#5599 = CARTESIAN_POINT ( 'NONE',  ( -3.718589996354463967, -2.864148441214862117, 3.333333333333333037 ) ) ;
#5600 = CARTESIAN_POINT ( 'NONE',  ( 0.3460384234886361710, -5.115696762701375633, 5.000000000000000000 ) ) ;
#5601 = CARTESIAN_POINT ( 'NONE',  ( -0.6193174284949902741, -5.934938074355414095, -3.333333333333333037 ) ) ;
#5602 = CARTESIAN_POINT ( 'NONE',  ( -5.703980773998899245, -0.4574824500688386419, 10.54999999999999893 ) ) ;
#5603 = CARTESIAN_POINT ( 'NONE',  ( 0.8000434083654105466, 6.457546346331824338, 10.20000054708695458 ) ) ;
#5604 = CARTESIAN_POINT ( 'NONE',  ( -4.446867061209835164E-13, 5.977062146930170793E-13, -6.350000000000020961 ) ) ;
#5605 = CARTESIAN_POINT ( 'NONE',  ( -2.774563950084190544, -4.959725921754991163, -6.000000000001318945 ) ) ;
#5606 = CARTESIAN_POINT ( 'NONE',  ( 5.650398041970680296, 1.918344598197424533, 1.666666666666666297 ) ) ;
#5607 = CARTESIAN_POINT ( 'NONE',  ( -4.855716699369265754, 3.283840350107459560, 10.54999999999999893 ) ) ;
#5608 = CARTESIAN_POINT ( 'NONE',  ( 0.4150012312270112136, 5.502042796075819808, 3.333333333333333037 ) ) ;
#5609 = CARTESIAN_POINT ( 'NONE',  ( -4.823934751908604213, 2.647196309207250131, 10.20000054708695814 ) ) ;
#5610 = CARTESIAN_POINT ( 'NONE',  ( -5.678215679722193876, -0.07738645995682801038, -4.999999999999095834 ) ) ;
#5611 = CARTESIAN_POINT ( 'NONE',  ( 5.140171001096609515, -0.2105298373761414210, 10.20000054708695991 ) ) ;
#5612 = CARTESIAN_POINT ( 'NONE',  ( -4.617206515987526849, 4.742421610733820181, 10.20000054708695103 ) ) ;
#5613 = CARTESIAN_POINT ( 'NONE',  ( -3.549809307303230632, 5.387909593329601954, -3.333333333333333037 ) ) ;
#5614 = CARTESIAN_POINT ( 'NONE',  ( 0.3645140895188260233, -5.117020726231451988, 10.20000054708695458 ) ) ;
#5615 = CARTESIAN_POINT ( 'NONE',  ( -0.9610318643221767987, -6.105012363712824630, 10.54999999999999893 ) ) ;
#5616 = CARTESIAN_POINT ( 'NONE',  ( 4.873969894515740364, 1.592015537546809023, 0.000000000000000000 ) ) ;
#5617 = CARTESIAN_POINT ( 'NONE',  ( 3.134419601341340123, 4.540937647741741578, -3.333333333333333037 ) ) ;
#5618 = ORIENTED_EDGE ( 'NONE', *, *, #4830, .T. ) ;
#5619 = CARTESIAN_POINT ( 'NONE',  ( 2.439817620171270462, 5.067286555986166618, 10.55000000000000071 ) ) ;
#5620 = CARTESIAN_POINT ( 'NONE',  ( -0.08376626557453620281, 5.629728291461058909, 10.20000054708695458 ) ) ;
#5621 = CARTESIAN_POINT ( 'NONE',  ( -3.247490944899272591, -5.006080960982941974, 3.333333333333333037 ) ) ;
#5622 = CARTESIAN_POINT ( 'NONE',  ( 0.08809048290811553883, -5.624016041657069032, 10.20000054708695458 ) ) ;
#5623 = CARTESIAN_POINT ( 'NONE',  ( 4.701149536034620269, 2.853607855873383947, 10.20000054708695636 ) ) ;
#5624 = CARTESIAN_POINT ( 'NONE',  ( -6.083888528955651687, -2.385515401054692397, 10.20000054708695458 ) ) ;
#5625 = CARTESIAN_POINT ( 'NONE',  ( 6.428676136816794617, 1.118130156344586901, 10.20000054708695281 ) ) ;
#5626 = CARTESIAN_POINT ( 'NONE',  ( 2.997400859223743996, -4.979915817394206634, 5.000000000000024869 ) ) ;
#5627 = CARTESIAN_POINT ( 'NONE',  ( -5.974172107457556891, -1.889568562575907107, 10.55000000000000249 ) ) ;
#5628 = CARTESIAN_POINT ( 'NONE',  ( 2.326570921791064173, 5.532423717813993669, 10.55000000000000071 ) ) ;
#5629 = EDGE_CURVE ( 'NONE', #5663, #4702, #2524, .T. ) ;
#5630 = CARTESIAN_POINT ( 'NONE',  ( 0.07787028463680549517, -5.682519034184775997, -5.000000000002568612 ) ) ;
#5631 = CARTESIAN_POINT ( 'NONE',  ( 2.555655862668247735, 3.843436813138941144, 10.54999999999999893 ) ) ;
#5632 = CARTESIAN_POINT ( 'NONE',  ( -1.298451264820542184, 5.221076087381562481, 0.000000000000000000 ) ) ;
#5633 = CARTESIAN_POINT ( 'NONE',  ( -4.872163897964580492, 0.5225415880798442991, 10.20000054708695814 ) ) ;
#5634 = CARTESIAN_POINT ( 'NONE',  ( -0.8456805779701142001, -6.078559688177707088, 10.55000000000000249 ) ) ;
#5635 = CARTESIAN_POINT ( 'NONE',  ( 5.026806652563068134, 2.587830798090820394, 10.55000000000000071 ) ) ;
#5636 = CARTESIAN_POINT ( 'NONE',  ( -4.061678536503901427, 5.083575693552930375, 10.20000054708695458 ) ) ;
#5637 = CARTESIAN_POINT ( 'NONE',  ( 3.155199032523682057, 5.365851228646535631, -3.333333333333333037 ) ) ;
#5638 = CARTESIAN_POINT ( 'NONE',  ( -3.496092844410460199, 4.776689552469138178, 10.54999999999999893 ) ) ;
#5639 = CARTESIAN_POINT ( 'NONE',  ( -1.163863866783202639, -5.852560542697736956, -1.666666666666666297 ) ) ;
#5640 = CARTESIAN_POINT ( 'NONE',  ( 5.103148044925633009, -4.087632987021664555, 10.20000054708695281 ) ) ;
#5641 = EDGE_CURVE ( 'NONE', #4702, #2774, #7839, .T. ) ;
#5642 = CARTESIAN_POINT ( 'NONE',  ( -1.350213967088334632, -6.500749273344065493, 5.000000000000000000 ) ) ;
#5643 = CARTESIAN_POINT ( 'NONE',  ( 4.523082045645346660, -1.395826287384887454, 10.20000054708695458 ) ) ;
#5644 = CARTESIAN_POINT ( 'NONE',  ( -4.332597396339690654, 3.603423537775492402, 1.666666666666666297 ) ) ;
#5645 = CARTESIAN_POINT ( 'NONE',  ( 2.894316169318225995, -4.399399958021392720, 10.55000000000000071 ) ) ;
#5646 = CARTESIAN_POINT ( 'NONE',  ( -2.799776449901752340, -5.326812330412152185, 5.000000000000000000 ) ) ;
#5647 = CARTESIAN_POINT ( 'NONE',  ( -0.9171783983772227034, -6.156819319221122022, -3.333333333333333037 ) ) ;
#5648 = CARTESIAN_POINT ( 'NONE',  ( -5.977361502800675019, -0.7968769954305467973, 10.55000000000000249 ) ) ;
#5649 = CARTESIAN_POINT ( 'NONE',  ( -2.850000000002066436, 0.000000000000000000, -10.99999999999908695 ) ) ;
#5650 = CARTESIAN_POINT ( 'NONE',  ( 5.613891960610702725, -0.4383313065869945402, 3.333333333333333037 ) ) ;
#5651 = CARTESIAN_POINT ( 'NONE',  ( 5.811434037490126769, 0.1058673776733864980, 5.000000000000000000 ) ) ;
#5652 = CARTESIAN_POINT ( 'NONE',  ( -4.817114458285124634, 3.162095345033009597, 10.55000000000000249 ) ) ;
#5653 = CARTESIAN_POINT ( 'NONE',  ( -4.061678536503901427, 5.083575693552930375, 5.000000000000000000 ) ) ;
#5654 = CARTESIAN_POINT ( 'NONE',  ( -4.533005053158949416, 1.859907786251702388, 10.20000054708695458 ) ) ;
#5655 = CARTESIAN_POINT ( 'NONE',  ( -1.052720001348083523, 4.615017103915213248, -5.000000000000000000 ) ) ;
#5656 = CARTESIAN_POINT ( 'NONE',  ( -5.977267994050224686, -1.890438560359635645, 10.55000000000000249 ) ) ;
#5657 = CARTESIAN_POINT ( 'NONE',  ( -2.166718975052223328, 4.503354057536830268, 10.20000054708695458 ) ) ;
#5658 = CARTESIAN_POINT ( 'NONE',  ( -4.954707020477385981, 4.419694229627866733, -5.000000000000000000 ) ) ;
#5659 = CARTESIAN_POINT ( 'NONE',  ( 0.7763021844196485999, -4.776220328010100324, 10.20000054708695281 ) ) ;
#5660 = CARTESIAN_POINT ( 'NONE',  ( -0.2664211469876580640, -5.613310538091978330, 10.54999999999999716 ) ) ;
#5661 = CARTESIAN_POINT ( 'NONE',  ( 4.462859396372667042, 2.435689484388369408, 3.333333333333333037 ) ) ;
#5662 = CARTESIAN_POINT ( 'NONE',  ( 4.972409450710348011, 2.391619784635953927, -3.333333333333333037 ) ) ;
#5663 = VERTEX_POINT ( 'NONE', #7514 ) ;
#5664 = CARTESIAN_POINT ( 'NONE',  ( -2.740131113112452166, -4.411333710561877730, 10.20000054708695281 ) ) ;
#5665 = CARTESIAN_POINT ( 'NONE',  ( 1.540436758431150022, 6.442247975652265701, 10.20000054708695458 ) ) ;
#5666 = CARTESIAN_POINT ( 'NONE',  ( -3.013478411332712437, -5.853487255403838851, 1.666666666666666297 ) ) ;
#5667 = CARTESIAN_POINT ( 'NONE',  ( 2.556450970125876854, -4.622537833053593559, 10.20000054708695281 ) ) ;
#5668 = CARTESIAN_POINT ( 'NONE',  ( 4.982581845937413156, 2.943418448323332548, 10.20000054708695458 ) ) ;
#5669 = CARTESIAN_POINT ( 'NONE',  ( 5.606557135112445245, 2.799713400080263703, 10.20000054708695636 ) ) ;
#5670 = CARTESIAN_POINT ( 'NONE',  ( -5.507850908814340585, -2.451224036349345603, 10.54999999999999893 ) ) ;
#5671 = CARTESIAN_POINT ( 'NONE',  ( 2.381461865105349851, 4.441767985142361930, 10.54999999999999893 ) ) ;
#5672 = CARTESIAN_POINT ( 'NONE',  ( 2.368868706003752322, 4.677079317306018780, 10.55000000000000426 ) ) ;
#5673 = CARTESIAN_POINT ( 'NONE',  ( 4.954707020477381541, -4.419694229627871174, -5.000000000003615774 ) ) ;
#5674 = CARTESIAN_POINT ( 'NONE',  ( -2.711647814721306560, 5.315450139805470542, -3.333333333333333037 ) ) ;
#5675 = CARTESIAN_POINT ( 'NONE',  ( 3.019111794185207920, -4.494029225406890760, 10.54999999999999893 ) ) ;
#5676 = CARTESIAN_POINT ( 'NONE',  ( 4.962831762400366387, 2.562420864659706865, 10.54999999999999716 ) ) ;
#5677 = CARTESIAN_POINT ( 'NONE',  ( -5.123227066717332967, 0.2064956504716642105, 5.000000000000023093 ) ) ;
#5678 = CARTESIAN_POINT ( 'NONE',  ( 6.523802056561735618, 0.8856477610914721410, -1.666666666666666297 ) ) ;
#5679 = CARTESIAN_POINT ( 'NONE',  ( 0.09050372642129654588, -5.563739157988876194, -5.000000000000000000 ) ) ;
#5680 = CARTESIAN_POINT ( 'NONE',  ( 0.7544886367013863282, -4.387784309777361891, 10.54999999999999893 ) ) ;
#5681 = CARTESIAN_POINT ( 'NONE',  ( 0.2420490677627291365, -4.727368662354397344, 0.000000000000000000 ) ) ;
#5682 = CARTESIAN_POINT ( 'NONE',  ( 2.774563950083531960, 4.959725921755875788, -5.999999999998743228 ) ) ;
#5683 = CARTESIAN_POINT ( 'NONE',  ( 3.421921354480626398, -4.765891092819058095, 10.55000000000000071 ) ) ;
#5684 = CARTESIAN_POINT ( 'NONE',  ( -3.872358905603288104, -3.735029819091824521, 0.000000000000000000 ) ) ;
#5685 = CARTESIAN_POINT ( 'NONE',  ( -3.857119516976546869, -2.624902796173667952, 10.55000000000000071 ) ) ;
#5686 = CARTESIAN_POINT ( 'NONE',  ( -2.669425199347730260, 4.671164775103695099, 10.20000054708695458 ) ) ;
#5687 = CARTESIAN_POINT ( 'NONE',  ( 5.485244520293449000, -1.469766840030114929, 0.000000000000000000 ) ) ;
#5688 = CARTESIAN_POINT ( 'NONE',  ( -5.007205532966260364, -2.951587071971436771, -4.999999999999684697 ) ) ;
#5689 = PRODUCT_DEFINITION_SHAPE ( 'NONE', 'NONE',  #6656 ) ;
#5690 = CARTESIAN_POINT ( 'NONE',  ( 5.678215680769328699, 0.07738646013456570993, 5.000000000000000000 ) ) ;
#5691 = CARTESIAN_POINT ( 'NONE',  ( -4.548865363088608227, 2.865509512420509886, 10.55000000000000249 ) ) ;
#5692 = CARTESIAN_POINT ( 'NONE',  ( -2.365357561638858463, 4.984955822707349604, 3.333333333333333037 ) ) ;
#5693 = CARTESIAN_POINT ( 'NONE',  ( -5.674121859970783888, -0.07469261656204416455, 10.20000054708695636 ) ) ;
#5694 = CARTESIAN_POINT ( 'NONE',  ( -5.192377491128975286, 3.921631092083320169, -5.000000000000000000 ) ) ;
#5695 = CARTESIAN_POINT ( 'NONE',  ( -5.807107827239954112, -2.172545971520045249, 10.54999999999999893 ) ) ;
#5696 = CARTESIAN_POINT ( 'NONE',  ( -3.143676259033749254, 5.047304042829387605, 10.20000054708695636 ) ) ;
#5697 = CARTESIAN_POINT ( 'NONE',  ( -4.486534183822808330, 3.934215941351283163, -1.666666666666666297 ) ) ;
#5698 = CARTESIAN_POINT ( 'NONE',  ( 1.378137553400652138, -4.530180445243948029, 10.20000054708695281 ) ) ;
#5699 = CARTESIAN_POINT ( 'NONE',  ( 3.695205439896792399, 4.685349591553729987, -1.666666666666666297 ) ) ;
#5700 = EDGE_LOOP ( 'NONE', ( #987, #3362, #1083, #7407 ) ) ;
#5701 = CARTESIAN_POINT ( 'NONE',  ( 2.367367842480356366, 5.460389449406758189, 10.54999999999999893 ) ) ;
#5702 = CARTESIAN_POINT ( 'NONE',  ( 0.4766227943595175987, 6.309797939930506416, 10.20000054708695458 ) ) ;
#5703 = CARTESIAN_POINT ( 'NONE',  ( -0.8088334192012722745, -5.273188507352591259, 1.666666666666666297 ) ) ;
#5704 = CARTESIAN_POINT ( 'NONE',  ( 2.488030746829181794, -4.593167962998825793, 10.20000054708695103 ) ) ;
#5705 = CARTESIAN_POINT ( 'NONE',  ( 3.856593520154711019, 3.005290230196004053, 10.20000054708695103 ) ) ;
#5706 = CARTESIAN_POINT ( 'NONE',  ( 6.370244180580503013, 1.821021462571917215, 10.20000054708695281 ) ) ;
#5707 = CARTESIAN_POINT ( 'NONE',  ( 3.213266569546250118, -5.088083704188173684, 5.000000000000024869 ) ) ;
#5708 = CARTESIAN_POINT ( 'NONE',  ( -4.348228230902822844, -2.504227523075997386, 10.55000000000000426 ) ) ;
#5709 = CARTESIAN_POINT ( 'NONE',  ( 2.245973783610816898, 5.644737880942130914, 10.55000000000000249 ) ) ;
#5710 = CARTESIAN_POINT ( 'NONE',  ( 3.183156238990438869, 3.024849343532100665, 10.55000000000000249 ) ) ;
#5711 = CARTESIAN_POINT ( 'NONE',  ( -1.470471587390117518, 5.489517252965712579, 0.000000000000000000 ) ) ;
#5712 = CARTESIAN_POINT ( 'NONE',  ( 1.298311769029072860, -4.189376702292975985, 10.55000000000000249 ) ) ;
#5713 = CARTESIAN_POINT ( 'NONE',  ( 5.533234317081292986, 2.435511828950160940, 10.55000000000000249 ) ) ;
#5714 = CARTESIAN_POINT ( 'NONE',  ( -4.960140980963031687, 2.773821869950010566, 10.20000054708695458 ) ) ;
#5715 = CARTESIAN_POINT ( 'NONE',  ( 6.456223770568875864, -0.8106471639654768691, 0.000000000000000000 ) ) ;
#5716 = CARTESIAN_POINT ( 'NONE',  ( -4.703178270656195537, 4.106153460680753930, 10.54999999999999893 ) ) ;
#5717 = CARTESIAN_POINT ( 'NONE',  ( 0.07787028463680549517, -5.682519034184775997, -5.000000000000000000 ) ) ;
#5718 = CARTESIAN_POINT ( 'NONE',  ( 5.023199171836038701, -0.3291704313344529509, 10.20000054708695458 ) ) ;
#5719 = CARTESIAN_POINT ( 'NONE',  ( -1.708410305071415447, -5.770183011040060705, 0.000000000000000000 ) ) ;
#5720 = CARTESIAN_POINT ( 'NONE',  ( -4.249729171312991660, -2.873581588500130124, 10.20000054708695281 ) ) ;
#5721 = CARTESIAN_POINT ( 'NONE',  ( 0.1704022720372699862, -5.377413347294651480, -5.000000000000000000 ) ) ;
#5722 = CARTESIAN_POINT ( 'NONE',  ( -5.178346264656271458, -2.586041973400498239, 10.55000000000000249 ) ) ;
#5723 = CARTESIAN_POINT ( 'NONE',  ( -5.251182211392754873, 3.439893223823211610, 10.20000054708695458 ) ) ;
#5724 = CARTESIAN_POINT ( 'NONE',  ( 5.549568240452075862, -0.9540490733085547070, 1.666666666666666297 ) ) ;
#5725 = CARTESIAN_POINT ( 'NONE',  ( -4.773087588978501827, -2.860248105178433864, -4.999999999999721112 ) ) ;
#5726 = ADVANCED_FACE ( 'NONE', ( #4990, #5073 ), #1401, .T. ) ;
#5727 = CARTESIAN_POINT ( 'NONE',  ( -5.170810158745612561, 1.486046266603244348, 0.000000000000000000 ) ) ;
#5728 = CARTESIAN_POINT ( 'NONE',  ( 5.123227066717328526, -0.2064956504716665142, -5.000000000000000000 ) ) ;
#5729 = CARTESIAN_POINT ( 'NONE',  ( -4.736864590686677090, 3.283314600835574026, 3.333333333333333037 ) ) ;
#5730 = CARTESIAN_POINT ( 'NONE',  ( -6.390523595107901578, -0.9169589014101103830, 10.20000054708695103 ) ) ;
#5731 = CARTESIAN_POINT ( 'NONE',  ( -2.835030769196474676, 4.788108697936169555, -5.000000000000000000 ) ) ;
#5732 = CARTESIAN_POINT ( 'NONE',  ( -5.413436730032689326, -2.505709427504940301, 10.55000000000000071 ) ) ;
#5733 = CARTESIAN_POINT ( 'NONE',  ( -4.157883058702070755, 5.018571808878311558, 10.20000054708695458 ) ) ;
#5734 = CARTESIAN_POINT ( 'NONE',  ( -4.743615027346481661, 4.031504057296405819, 10.54999999999999893 ) ) ;
#5735 = CARTESIAN_POINT ( 'NONE',  ( -2.428801638924724227, 5.084976303599238356, -3.333333333333333037 ) ) ;
#5736 = CARTESIAN_POINT ( 'NONE',  ( 1.893401865612904578, -4.476685050384444864, 10.20000054708695458 ) ) ;
#5737 = CARTESIAN_POINT ( 'NONE',  ( 5.170810158745613450, 1.486046266603243904, 0.000000000000000000 ) ) ;
#5738 = VERTEX_POINT ( 'NONE', #2567 ) ;
#5739 = CARTESIAN_POINT ( 'NONE',  ( -2.863514351008848990, -4.012990110959981926, 10.20000054708695458 ) ) ;
#5740 = CARTESIAN_POINT ( 'NONE',  ( -1.557943553829793881, 4.496405387854250257, 10.20000054708695103 ) ) ;
#5741 = CARTESIAN_POINT ( 'NONE',  ( 0.2006596549303105437, -4.838978085894281911, 3.333333333333333037 ) ) ;
#5742 = CARTESIAN_POINT ( 'NONE',  ( 2.842501333811851438, -4.804938387579561265, 10.20000054708695814 ) ) ;
#5743 = CARTESIAN_POINT ( 'NONE',  ( 3.896786436324957137, 2.987082148481682520, 10.20000054708695281 ) ) ;
#5744 = CARTESIAN_POINT ( 'NONE',  ( 5.083323643037876316, 2.947750865711819657, 10.20000054708695814 ) ) ;
#5745 = CARTESIAN_POINT ( 'NONE',  ( 4.641992031678379149, -0.9265593960872966495, 10.20000054708695458 ) ) ;
#5746 = CARTESIAN_POINT ( 'NONE',  ( -2.894092525738293453, -3.947885265919715891, 10.20000054708695281 ) ) ;
#5747 = CARTESIAN_POINT ( 'NONE',  ( -4.770262100989577370, -2.509879021727052351, 10.55000000000000249 ) ) ;
#5748 = CARTESIAN_POINT ( 'NONE',  ( 1.141139379956534361, 6.125769992979032352, 10.55000000000000782 ) ) ;
#5749 = CARTESIAN_POINT ( 'NONE',  ( 2.171931783010385697, 5.727060633824412328, 10.55000000000000249 ) ) ;
#5750 = CARTESIAN_POINT ( 'NONE',  ( 3.013478411332711104, 5.853487255403841516, -1.666666666666666297 ) ) ;
#5751 = CARTESIAN_POINT ( 'NONE',  ( 2.702630322659308248, -4.304471385071046541, 10.54999999999999893 ) ) ;
#5752 = CARTESIAN_POINT ( 'NONE',  ( 6.433344965106440938, 0.9757289509385252968, -5.000000000000000000 ) ) ;
#5753 = CARTESIAN_POINT ( 'NONE',  ( -4.435196186338155933, 4.436735183798519166, 10.54999999999999538 ) ) ;
#5754 = CARTESIAN_POINT ( 'NONE',  ( -4.971131915797715628, -1.936123966611666081, -1.666666666666666297 ) ) ;
#5755 = CARTESIAN_POINT ( 'NONE',  ( 5.882554822010532369, 0.6363847574684106112, 10.54999999999999893 ) ) ;
#5756 = CARTESIAN_POINT ( 'NONE',  ( -2.044647574794004719, -5.935250330072831204, 0.000000000000000000 ) ) ;
#5757 = CARTESIAN_POINT ( 'NONE',  ( -5.007205532966260364, -2.951587071971436771, -5.000000000000000000 ) ) ;
#5758 = CARTESIAN_POINT ( 'NONE',  ( -3.098866292598212446, -4.030722636955609950, -3.333333333333333037 ) ) ;
#5759 = CARTESIAN_POINT ( 'NONE',  ( -5.337690316403495672, -2.539938421579468031, 10.55000000000000071 ) ) ;
#5760 = CARTESIAN_POINT ( 'NONE',  ( 3.123419988198147923, 3.556803324690035240, 10.20000054708695458 ) ) ;
#5761 = DIRECTION ( 'NONE',  ( 3.293975600896113929E-13, -4.427453442170421022E-13, 1.000000000000000000 ) ) ;
#5762 = CARTESIAN_POINT ( 'NONE',  ( 3.695205439896792399, 4.685349591553729987, 1.666666666666666297 ) ) ;
#5763 = CARTESIAN_POINT ( 'NONE',  ( 4.156358563041987253, -2.180812078679541521, -1.666666666666666297 ) ) ;
#5764 = CARTESIAN_POINT ( 'NONE',  ( -4.742177691313817611, 2.541133983792142725, 5.000000000000000000 ) ) ;
#5765 = CARTESIAN_POINT ( 'NONE',  ( -5.467864116054028223, -0.01450558777188098655, 10.20000054708695281 ) ) ;
#5766 = CARTESIAN_POINT ( 'NONE',  ( -5.251182211393084387, 3.439893223823654367, -5.999999999996784794 ) ) ;
#5767 = CARTESIAN_POINT ( 'NONE',  ( -4.523082045645343996, 1.395826287384881015, -5.000000000000000000 ) ) ;
#5768 = CARTESIAN_POINT ( 'NONE',  ( 3.951469768659620296, -4.722837088249042026, 10.55000000000000071 ) ) ;
#5769 = DIRECTION ( 'NONE',  ( 0.000000000000000000, 1.000000000000000000, 4.427453442170423041E-13 ) ) ;
#5770 = CARTESIAN_POINT ( 'NONE',  ( -4.444760061111541205, 4.869666949058231609, 10.20000054708695636 ) ) ;
#5771 = CARTESIAN_POINT ( 'NONE',  ( -4.878009374014262711, 3.511362187029973381, 10.55000000000000249 ) ) ;
#5772 = CARTESIAN_POINT ( 'NONE',  ( -2.508299862615522624, 5.189072434762286079, -3.333333333333333037 ) ) ;
#5773 = CARTESIAN_POINT ( 'NONE',  ( 5.485244519758261106, -1.469766839975191752, 0.000000000000000000 ) ) ;
#5774 = CARTESIAN_POINT ( 'NONE',  ( 0.2661915160680307646, 5.606307275737307805, 10.54999999999999893 ) ) ;
#5775 = CARTESIAN_POINT ( 'NONE',  ( -0.1513345359255305611, 5.431232391466012110, 10.20000054708695636 ) ) ;
#5776 = CARTESIAN_POINT ( 'NONE',  ( -3.410657430924925126, -5.477055024130527805, 1.666666666666666297 ) ) ;
#5777 = CARTESIAN_POINT ( 'NONE',  ( 1.352473928434455352, -4.536363877803437639, 10.20000054708695458 ) ) ;
#5778 = CARTESIAN_POINT ( 'NONE',  ( 3.661397286982096322, 3.110142997116859487, 10.20000054708695458 ) ) ;
#5779 = CARTESIAN_POINT ( 'NONE',  ( -2.710634745066776485, -4.647372425121461426, -6.000000000001190159 ) ) ;
#5780 = CARTESIAN_POINT ( 'NONE',  ( 6.441747716737701523, 1.321673334224885865, 10.20000054708695636 ) ) ;
#5781 = CARTESIAN_POINT ( 'NONE',  ( 2.997400859223743996, -4.979915817394206634, 10.20000054708695458 ) ) ;
#5782 = CARTESIAN_POINT ( 'NONE',  ( -2.744173137450417244, -4.388865821244187337, 10.20000054708695458 ) ) ;
#5783 = CARTESIAN_POINT ( 'NONE',  ( -5.484583676517775785, -2.465920544738956277, 10.55000000000000426 ) ) ;
#5784 = CARTESIAN_POINT ( 'NONE',  ( 2.436719173238953928, 5.278297174848250783, 10.54999999999999716 ) ) ;
#5785 = CARTESIAN_POINT ( 'NONE',  ( -2.365357561638858463, 4.984955822707349604, 3.333333333333333037 ) ) ;
#5786 = CARTESIAN_POINT ( 'NONE',  ( 3.347570032371931958, 2.897778285663605402, 10.54999999999999716 ) ) ;
#5787 = CARTESIAN_POINT ( 'NONE',  ( 4.117753766068318555, 4.738341904635169577, 0.000000000000000000 ) ) ;
#5788 = CARTESIAN_POINT ( 'NONE',  ( 1.841495856351414995, -4.126008552694832687, 10.55000000000000249 ) ) ;
#5789 = CARTESIAN_POINT ( 'NONE',  ( 4.773087588978501827, 2.860248105178433420, -5.000000000000000000 ) ) ;
#5790 = CARTESIAN_POINT ( 'NONE',  ( -4.869483141171761176, 3.625129398173323469, 10.54999999999999893 ) ) ;
#5791 = CARTESIAN_POINT ( 'NONE',  ( -3.196713850561541115, -3.638267961793404837, -3.333333333333333037 ) ) ;
#5792 = CARTESIAN_POINT ( 'NONE',  ( 4.737946385832756846, -0.7531209437468874279, 10.20000054708695458 ) ) ;
#5793 = CARTESIAN_POINT ( 'NONE',  ( 4.061678536503896098, -5.083575693552933039, 5.000000000000000000 ) ) ;
#5794 = CARTESIAN_POINT ( 'NONE',  ( 0.6476541954606986895, -4.841088142863434918, -5.000000000000000000 ) ) ;
#5795 = CARTESIAN_POINT ( 'NONE',  ( 4.863591316241127949, -2.703491047103399492, -6.000000000002836842 ) ) ;
#5796 = CARTESIAN_POINT ( 'NONE',  ( -3.457288572021225193, -3.727848306711881943, -1.666666666666666297 ) ) ;
#5797 = CONICAL_SURFACE ( 'NONE', #1414, 2.500000000000000000, 0.7853981633977252796 ) ;
#5798 = CARTESIAN_POINT ( 'NONE',  ( -2.867111014569372784, -3.346213532844052096, 10.55000000000000071 ) ) ;
#5799 = CARTESIAN_POINT ( 'NONE',  ( 5.705468039007898895, 0.08215326004263441562, 10.20000054708695458 ) ) ;
#5800 = CARTESIAN_POINT ( 'NONE',  ( 4.874134243813756484, -3.398744858985142336, 10.55000000000000249 ) ) ;
#5801 = CARTESIAN_POINT ( 'NONE',  ( 4.452238096076973406, -2.939099262225371767, -3.333333333333333037 ) ) ;
#5802 = CARTESIAN_POINT ( 'NONE',  ( -5.489297186633656622, -1.471292881111661455, 0.000000000000000000 ) ) ;
#5803 = CARTESIAN_POINT ( 'NONE',  ( 3.891414652253037509, -4.739837244786569315, 10.55000000000000426 ) ) ;
#5804 = CARTESIAN_POINT ( 'NONE',  ( 3.636476399295999862, 5.052096566640852160, 1.666666666666666297 ) ) ;
#5805 = FACE_OUTER_BOUND ( 'NONE', #4359, .T. ) ;
#5806 = CARTESIAN_POINT ( 'NONE',  ( -3.069363961253910311, 5.415408124717999705, 3.333333333333333037 ) ) ;
#5807 = CARTESIAN_POINT ( 'NONE',  ( -5.353724473062111855, 0.04933554827863243647, 10.20000054708695458 ) ) ;
#5808 = CARTESIAN_POINT ( 'NONE',  ( -5.059752145698750425, 2.860573665242689856, -5.999999999997103650 ) ) ;
#5809 = ADVANCED_BREP_SHAPE_REPRESENTATION ( '1x_sun_gear', ( #322, #4508 ), #7962 ) ;
#5810 = CARTESIAN_POINT ( 'NONE',  ( 4.957055618582937306, -1.130175575188428594, -1.666666666666666297 ) ) ;
#5811 = CARTESIAN_POINT ( 'NONE',  ( -5.881228744636452177, -0.6327395170619297682, 10.54999999999999893 ) ) ;
#5812 = CARTESIAN_POINT ( 'NONE',  ( -4.526037498376007662, 1.766907428103818178, 10.20000054708695458 ) ) ;
#5813 = CARTESIAN_POINT ( 'NONE',  ( -4.855646503676884329, 3.709193969460309770, 10.54999999999999716 ) ) ;
#5814 = CARTESIAN_POINT ( 'NONE',  ( 0.6933294261304642214, 4.834757971955977673, 0.000000000000000000 ) ) ;
#5815 = CARTESIAN_POINT ( 'NONE',  ( 2.579039868891662035, -4.633152914829059554, 10.20000054708695458 ) ) ;
#5816 = ORIENTED_EDGE ( 'NONE', *, *, #7877, .F. ) ;
#5817 = CARTESIAN_POINT ( 'NONE',  ( -0.9473669349375866133, 4.682837168348385148, 10.20000054708695458 ) ) ;
#5818 = CARTESIAN_POINT ( 'NONE',  ( 3.549809307303227079, -5.387909593329603730, 3.333333333333333037 ) ) ;
#5819 = CARTESIAN_POINT ( 'NONE',  ( 1.455100348211826766, -4.513689009831011845, 10.20000054708695281 ) ) ;
#5820 = CARTESIAN_POINT ( 'NONE',  ( 2.734219318943885035, 4.839531453318363319, 10.20000054708695103 ) ) ;
#5821 = CARTESIAN_POINT ( 'NONE',  ( 2.799776449901753228, 5.326812330412148633, 5.000000000000000000 ) ) ;
#5822 = CARTESIAN_POINT ( 'NONE',  ( -2.799962047425724965, -5.240925328006619033, 10.20000054708695281 ) ) ;
#5823 = CARTESIAN_POINT ( 'NONE',  ( -3.360766513106297815, -2.888421780583307896, 10.55000000000000604 ) ) ;
#5824 = CARTESIAN_POINT ( 'NONE',  ( 0.3316969214254224529, 5.755519724668493708, 10.54999999999999893 ) ) ;
#5825 = CARTESIAN_POINT ( 'NONE',  ( -1.470471587390117518, 5.489517252965712579, 0.000000000000000000 ) ) ;
#5826 = CARTESIAN_POINT ( 'NONE',  ( 0.8672810016055282345, 6.084337827470424287, 10.54999999999999893 ) ) ;
#5827 = CARTESIAN_POINT ( 'NONE',  ( 0.2463348856000775466, 4.836868028925130680, -1.666666666666666297 ) ) ;
#5828 = CARTESIAN_POINT ( 'NONE',  ( 1.902368906217603461, -4.126770342581980167, 10.54999999999999893 ) ) ;
#5829 = CARTESIAN_POINT ( 'NONE',  ( 4.001835439046659282, 2.573433049411623763, 10.55000000000000426 ) ) ;
#5830 = CARTESIAN_POINT ( 'NONE',  ( -4.641992031678707775, 0.9265593960877447355, -5.999999999998098410 ) ) ;
#5831 = CARTESIAN_POINT ( 'NONE',  ( 3.972996821740307993, 2.573304974326865668, 0.000000000000000000 ) ) ;
#5832 = CARTESIAN_POINT ( 'NONE',  ( -5.650398041970682073, -1.918344598197424311, -1.666666666666666297 ) ) ;
#5833 = CARTESIAN_POINT ( 'NONE',  ( 5.945864006861250495, 1.948242011303470633, 10.54999999999999716 ) ) ;
#5834 = CARTESIAN_POINT ( 'NONE',  ( 4.251225118266888536, -3.517354962005786234, 1.666666666666666297 ) ) ;
#5835 = CARTESIAN_POINT ( 'NONE',  ( 6.304921007630883700, 2.081055046146127907, -5.000000000000000000 ) ) ;
#5836 = CARTESIAN_POINT ( 'NONE',  ( 4.904654376167568053, 0.04854938068682625174, 10.55000000000000426 ) ) ;
#5837 = CARTESIAN_POINT ( 'NONE',  ( -4.882270699514534407, -2.908697158505072711, -5.000000000000000000 ) ) ;
#5838 = CARTESIAN_POINT ( 'NONE',  ( 5.564139155517589863, 0.06115429241966183899, -5.000000000001833200 ) ) ;
#5839 = CARTESIAN_POINT ( 'NONE',  ( -3.470362048767141605, -3.219190813529884121, -5.000000000000000000 ) ) ;
#5840 = CARTESIAN_POINT ( 'NONE',  ( -3.551775057102489086, -2.769097022009897824, 10.55000000000000249 ) ) ;
#5841 = CARTESIAN_POINT ( 'NONE',  ( 4.257304147301131714, 2.857526457809149711, 10.20000054708695458 ) ) ;
#5842 = CARTESIAN_POINT ( 'NONE',  ( 3.840358520603885051, -3.017819880700677082, 0.000000000000000000 ) ) ;
#5843 = CARTESIAN_POINT ( 'NONE',  ( 0.6476541954603693974, -4.841088142862992605, -6.000000000002382095 ) ) ;
#5844 = CARTESIAN_POINT ( 'NONE',  ( 3.406612266045534909, 3.228970541235645086, 3.333333333333333037 ) ) ;
#5845 = CARTESIAN_POINT ( 'NONE',  ( -6.523802056561733842, -0.8856477610914748055, 1.666666666666666297 ) ) ;
#5846 = CARTESIAN_POINT ( 'NONE',  ( -6.413839925032012168, -1.637487712741077850, 10.20000054708695281 ) ) ;
#5847 = CARTESIAN_POINT ( 'NONE',  ( 5.240560090443564079, -0.9986282910527481960, -1.666666666666666297 ) ) ;
#5848 = CARTESIAN_POINT ( 'NONE',  ( -2.391038649549603878, -4.916317235401531427, 10.54999999999999893 ) ) ;
#5849 = CARTESIAN_POINT ( 'NONE',  ( -3.582077965639238748, 4.781628853540949464, 10.54999999999999716 ) ) ;
#5850 = CARTESIAN_POINT ( 'NONE',  ( 1.163863866783202416, 5.852560542697734292, -1.666666666666666297 ) ) ;
#5851 = CARTESIAN_POINT ( 'NONE',  ( 3.701633156083792286, -5.127694086772503823, 10.20000054708695281 ) ) ;
#5852 = EDGE_LOOP ( 'NONE', ( #18, #2811, #4322, #4403 ) ) ;
#5853 = CARTESIAN_POINT ( 'NONE',  ( -0.1084791969229089020, 4.877417236136770917, 10.55000000000000426 ) ) ;
#5854 = CARTESIAN_POINT ( 'NONE',  ( 3.239718612251401897, 4.766787623886891367, 3.333333333333333037 ) ) ;
#5855 = CARTESIAN_POINT ( 'NONE',  ( -1.030401784231134599, 4.644418012133079365, 10.20000054708695281 ) ) ;
#5856 = CARTESIAN_POINT ( 'NONE',  ( 4.954707020477381541, -4.419694229627871174, 5.000000000000000000 ) ) ;
#5857 = CARTESIAN_POINT ( 'NONE',  ( 4.974486444723770440, -4.333953505702207387, 10.20000054708695458 ) ) ;
#5858 = CARTESIAN_POINT ( 'NONE',  ( 2.561548194317432969, 5.809036263638001962, 10.20000054708695814 ) ) ;
#5859 = CARTESIAN_POINT ( 'NONE',  ( -2.163599567378847954, -5.735493124167418522, 10.54999999999999893 ) ) ;
#5860 = CARTESIAN_POINT ( 'NONE',  ( -0.2023189161653224655, 4.780223305861762029, 10.54999999999999893 ) ) ;
#5861 = CARTESIAN_POINT ( 'NONE',  ( -4.533687937200371998, 1.816938096579820305, 0.000000000000000000 ) ) ;
#5862 = CARTESIAN_POINT ( 'NONE',  ( -2.803982732723910853, -5.039795260938007004, 10.20000054708695636 ) ) ;
#5863 = CARTESIAN_POINT ( 'NONE',  ( 0.3677705719742273005, 5.798354378241254103, 10.55000000000000249 ) ) ;
#5864 = CARTESIAN_POINT ( 'NONE',  ( 3.155199032523682057, 5.365851228646535631, -3.333333333333333037 ) ) ;
#5865 = CARTESIAN_POINT ( 'NONE',  ( 4.625413678858967259, -4.225163150618185703, 10.54999999999999893 ) ) ;
#5866 = CARTESIAN_POINT ( 'NONE',  ( 4.787676156556899265, 2.513075110273678359, 10.54999999999999716 ) ) ;
#5867 = CARTESIAN_POINT ( 'NONE',  ( -5.610167735223334340, -0.06732264655838270107, 5.000000000000026645 ) ) ;
#5868 = CARTESIAN_POINT ( 'NONE',  ( -3.868678216692781113, -2.981429057092635393, -5.000000000000000000 ) ) ;
#5869 = CARTESIAN_POINT ( 'NONE',  ( 6.001114782913407275, 0.8485270513148372995, 10.55000000000000604 ) ) ;
#5870 = CARTESIAN_POINT ( 'NONE',  ( 2.557005768023955294, -5.675329227395412346, 1.666666666666666297 ) ) ;
#5871 = CARTESIAN_POINT ( 'NONE',  ( -6.461538437134769275, -1.526872548237523164, 5.000000000000000000 ) ) ;
#5872 = CARTESIAN_POINT ( 'NONE',  ( 6.036332591642206147, 0.9502153200219701779, 10.54999999999999893 ) ) ;
#5873 = CARTESIAN_POINT ( 'NONE',  ( -5.992420882725949305, -2.535915251145073324, -5.000000000000000000 ) ) ;
#5874 = CARTESIAN_POINT ( 'NONE',  ( -2.369005100107582251, -4.690331791735586897, 10.55000000000000249 ) ) ;
#5875 = CARTESIAN_POINT ( 'NONE',  ( 5.604626029811762500, 2.827710600053702894, 5.000000000000023093 ) ) ;
#5876 = CARTESIAN_POINT ( 'NONE',  ( -3.872358905603288104, -3.735029819091824521, 0.000000000000000000 ) ) ;
#5877 = CARTESIAN_POINT ( 'NONE',  ( 3.097876131912061570, 4.343258223111882366, 3.333333333333333037 ) ) ;
#5878 = CARTESIAN_POINT ( 'NONE',  ( 5.435415167955227389, -0.9491906648941097480, -1.666666666666666297 ) ) ;
#5879 = CARTESIAN_POINT ( 'NONE',  ( -6.633242581027158913, 0.2879441185641481993, 0.000000000000000000 ) ) ;
#5880 = CARTESIAN_POINT ( 'NONE',  ( -5.870669080640690041, -2.613900711899540763, 10.20000054708695281 ) ) ;
#5881 = CARTESIAN_POINT ( 'NONE',  ( 4.742177691313816723, -2.541133983792140505, -5.000000000000000000 ) ) ;
#5882 = CARTESIAN_POINT ( 'NONE',  ( -2.428341796005541120, -5.036513895718438327, 10.54999999999999716 ) ) ;
#5883 = CARTESIAN_POINT ( 'NONE',  ( -4.626284106298081511, 4.225376106704591628, 10.54999999999999893 ) ) ;
#5884 = CARTESIAN_POINT ( 'NONE',  ( -0.6211303116444791828, 4.652467623394941576, -3.333333333333333037 ) ) ;
#5885 = CARTESIAN_POINT ( 'NONE',  ( 2.814835497071519033, -4.779472459702453158, 10.20000054708695103 ) ) ;
#5886 = CARTESIAN_POINT ( 'NONE',  ( 0.1647950718992155783, -4.817738855098299133, 10.55000000000000071 ) ) ;
#5887 = FILL_AREA_STYLE ('',( #2083 ) ) ;
#5888 = CARTESIAN_POINT ( 'NONE',  ( 0.2108651448465235501, 5.385215854977429828, 10.55000000000000071 ) ) ;
#5889 = CARTESIAN_POINT ( 'NONE',  ( -0.9063454493867127981, 4.703308009167648684, 10.20000054708695458 ) ) ;
#5890 = CARTESIAN_POINT ( 'NONE',  ( 2.669425199347730260, -4.671164775103693323, 5.000000000000000000 ) ) ;
#5891 = CARTESIAN_POINT ( 'NONE',  ( 5.211615336555989408, -3.279152053848504167, 10.20000054708695458 ) ) ;
#5892 = CARTESIAN_POINT ( 'NONE',  ( 2.261826059012550072, 6.114340537937412279, 10.20000054708695281 ) ) ;
#5893 = DIRECTION ( 'NONE',  ( 0.000000000000000000, -1.000000000000000000, -4.427014310692783937E-13 ) ) ;
#5894 = CARTESIAN_POINT ( 'NONE',  ( -2.767605643570029805, -4.943181380055426288, 10.20000054708695636 ) ) ;
#5895 = CARTESIAN_POINT ( 'NONE',  ( -2.395156357788520207, -4.351997768976605840, 10.55000000000000071 ) ) ;
#5896 = CARTESIAN_POINT ( 'NONE',  ( 0.1733997551911244106, 5.298317463292096186, 10.55000000000000249 ) ) ;
#5897 = CARTESIAN_POINT ( 'NONE',  ( -1.349529424570811820, 4.178010088208805151, 10.55000000000000249 ) ) ;
#5898 = CARTESIAN_POINT ( 'NONE',  ( -6.224562986243681095, 0.04955689355255836481, 3.333333333333333037 ) ) ;
#5899 = CARTESIAN_POINT ( 'NONE',  ( -2.584869539109867276, -5.776680062307923080, 10.20000054708695636 ) ) ;
#5900 = CARTESIAN_POINT ( 'NONE',  ( 0.9489162236033090725, 6.102717195356128776, 10.55000000000000426 ) ) ;
#5901 = CARTESIAN_POINT ( 'NONE',  ( -5.568336864015317467, -0.05505087213214539255, 10.20000054708695458 ) ) ;
#5902 = CARTESIAN_POINT ( 'NONE',  ( 4.391381550274936707, -2.613784730403458489, 10.55000000000000071 ) ) ;
#5903 = CARTESIAN_POINT ( 'NONE',  ( -5.613891959136362075, 0.4383313066838400718, -3.333333333333333037 ) ) ;
#5904 = CARTESIAN_POINT ( 'NONE',  ( -4.173842983206721868, 1.619174181292316828, 10.54999999999999361 ) ) ;
#5905 = CARTESIAN_POINT ( 'NONE',  ( -2.774563950083861030, -4.959725921755433475, -5.000000000000000000 ) ) ;
#5906 = CARTESIAN_POINT ( 'NONE',  ( 5.968858450530678539, 1.899536497859726891, 10.55000000000000426 ) ) ;
#5907 = CARTESIAN_POINT ( 'NONE',  ( 4.736864590686679755, -3.283314600835575803, 3.333333333333333037 ) ) ;
#5908 = DIRECTION ( 'NONE',  ( 0.000000000000000000, -1.000000000000000000, -4.427014310692783937E-13 ) ) ;
#5909 = CARTESIAN_POINT ( 'NONE',  ( -5.604626029811752730, -2.827710600053704226, -5.000000000000000000 ) ) ;
#5910 = CARTESIAN_POINT ( 'NONE',  ( -1.826267682435962714, -5.977131451940468132, 10.54999999999999716 ) ) ;
#5911 = CARTESIAN_POINT ( 'NONE',  ( 2.874891515540367593, 3.948492002339777152, 10.20000054708695458 ) ) ;
#5912 = CARTESIAN_POINT ( 'NONE',  ( 3.872358905603289436, -3.735029819091833847, 0.000000000000000000 ) ) ;
#5913 = CARTESIAN_POINT ( 'NONE',  ( 4.091089480663188560, 4.128796472022226993, 0.000000000000000000 ) ) ;
#5914 = VECTOR ( 'NONE', #4794, 1000.000000000000114 ) ;
#5915 = CARTESIAN_POINT ( 'NONE',  ( -0.2748958225000313060, -5.658668190987849123, 10.55000000000000249 ) ) ;
#5916 = CARTESIAN_POINT ( 'NONE',  ( -4.523082045645343996, 1.395826287384881015, 5.000000000000000000 ) ) ;
#5917 = CARTESIAN_POINT ( 'NONE',  ( -4.676910256969406987, -2.850617060999071750, 10.20000054708695458 ) ) ;
#5918 = CARTESIAN_POINT ( 'NONE',  ( 2.371666416849258940, 6.059304634298201542, -5.999999999998136602 ) ) ;
#5919 = CARTESIAN_POINT ( 'NONE',  ( 5.655121071682121858, 0.07334690585049014055, -5.000000000000000888 ) ) ;
#5920 = CARTESIAN_POINT ( 'NONE',  ( -5.001542105084434198, -2.578291720646121554, 10.55000000000000071 ) ) ;
#5921 = CARTESIAN_POINT ( 'NONE',  ( -4.175616132422192983, 1.563527117208755479, 10.55000000000000071 ) ) ;
#5922 = CARTESIAN_POINT ( 'NONE',  ( 0.2420490677627294418, 4.727368662354398232, 0.000000000000000000 ) ) ;
#5923 = CARTESIAN_POINT ( 'NONE',  ( 2.842501333811851438, -4.804938387579561265, 10.20000054708695814 ) ) ;
#5924 = AXIS2_PLACEMENT_3D ( 'NONE', #7899, #3654, #7938 ) ;
#5925 = VERTEX_POINT ( 'NONE', #5561 ) ;
#5926 = CARTESIAN_POINT ( 'NONE',  ( -2.659833428306647818, 4.675198422525855158, 10.20000054708695636 ) ) ;
#5927 = CARTESIAN_POINT ( 'NONE',  ( 4.960140980963032575, -2.773821869950011454, 5.000000000000000000 ) ) ;
#5928 = CARTESIAN_POINT ( 'NONE',  ( 4.908170462868869599, -4.431584858526481874, 10.20000054708695281 ) ) ;
#5929 = CARTESIAN_POINT ( 'NONE',  ( 1.607970339755281364, 6.427348993433755098, 10.20000054708695458 ) ) ;
#5930 = CARTESIAN_POINT ( 'NONE',  ( 4.519374265012940484, 2.844006605247553665, 10.20000054708695458 ) ) ;
#5931 = CARTESIAN_POINT ( 'NONE',  ( 6.433344965106440938, 0.9757289509385252968, 5.000000000000000000 ) ) ;
#5932 = CARTESIAN_POINT ( 'NONE',  ( -1.878976197959933758, -5.949165800117704350, 10.55000000000000426 ) ) ;
#5933 = CARTESIAN_POINT ( 'NONE',  ( -0.5146996436815103326, 4.527603750552183115, 10.55000000000000249 ) ) ;
#5934 = CARTESIAN_POINT ( 'NONE',  ( 1.982048622023295792, -4.463975086240392187, -6.000000000002666312 ) ) ;
#5935 = CARTESIAN_POINT ( 'NONE',  ( 3.129355487401709102, 3.579377737061145925, 10.20000054708695103 ) ) ;
#5936 = CARTESIAN_POINT ( 'NONE',  ( -6.576007866396362367, -0.3169947703697422736, 1.666666666666666297 ) ) ;
#5937 = CARTESIAN_POINT ( 'NONE',  ( -2.687138274064332144, -5.604145930936971887, 10.20000054708695458 ) ) ;
#5938 = CARTESIAN_POINT ( 'NONE',  ( 1.836678846467899140, 5.971793129848487425, 10.55000000000000249 ) ) ;
#5939 = CARTESIAN_POINT ( 'NONE',  ( 4.854967559175062952, -3.712890052553420972, 10.54999999999999893 ) ) ;
#5940 = CARTESIAN_POINT ( 'NONE',  ( -5.811434037490125881, -0.1058673776733867616, 5.000000000000024869 ) ) ;
#5941 = CARTESIAN_POINT ( 'NONE',  ( -4.725806115903554705, 3.036811467580466051, 10.54999999999999893 ) ) ;
#5942 = CARTESIAN_POINT ( 'NONE',  ( -6.147021845340259638, -1.960825888751873913, -3.333333333333333037 ) ) ;
#5943 = CARTESIAN_POINT ( 'NONE',  ( 5.158767142606675904, 2.589225820940345368, 10.55000000000000426 ) ) ;
#5944 = CARTESIAN_POINT ( 'NONE',  ( 4.413977035674935046, -3.706055536428903174, 1.666666666666666297 ) ) ;
#5945 = CARTESIAN_POINT ( 'NONE',  ( 5.941472550088197302, 0.7276947054552870275, 10.55000000000000071 ) ) ;
#5946 = CARTESIAN_POINT ( 'NONE',  ( -3.815710851444237495, 3.424973976468144610, 0.000000000000000000 ) ) ;
#5947 = CARTESIAN_POINT ( 'NONE',  ( -5.152450499524099392, 3.955046682633479360, 10.20000054708695458 ) ) ;
#5948 = CARTESIAN_POINT ( 'NONE',  ( -2.370642744650274913, -4.577120158875332301, 10.54999999999999893 ) ) ;
#5949 = CARTESIAN_POINT ( 'NONE',  ( -0.3460384234886378363, 5.115696762701372968, 10.20000054708695458 ) ) ;
#5950 = CARTESIAN_POINT ( 'NONE',  ( 4.210676266081214258, -1.245673036986236326, 10.54999999999999716 ) ) ;
#5951 = CARTESIAN_POINT ( 'NONE',  ( 4.495563247843129773, -4.305525677697850107, -1.666666666666666297 ) ) ;
#5952 = CARTESIAN_POINT ( 'NONE',  ( 0.3534438101685064559, 6.267603813795713741, -5.999999999997366551 ) ) ;
#5953 = CARTESIAN_POINT ( 'NONE',  ( 3.930152937962594795, 5.185930219046908540, 0.000000000000000000 ) ) ;
#5954 = CARTESIAN_POINT ( 'NONE',  ( -5.618119473621308479, 0.4390842288719242759, 3.333333333333333037 ) ) ;
#5955 = CARTESIAN_POINT ( 'NONE',  ( -5.603588259565457363, -2.801308741512400058, 10.20000054708695103 ) ) ;
#5956 = CARTESIAN_POINT ( 'NONE',  ( -3.581722154484193066, 5.155487022041025824, -5.999999999996575184 ) ) ;
#5957 = CARTESIAN_POINT ( 'NONE',  ( 3.945042019279603185, -3.924286919456758227, 0.000000000000000000 ) ) ;
#5958 = CARTESIAN_POINT ( 'NONE',  ( -2.462768895027713345, -4.078434025200504465, 10.54999999999999716 ) ) ;
#5959 = CARTESIAN_POINT ( 'NONE',  ( -4.679745398102918230, 0.1930449604408229214, 10.55000000000000249 ) ) ;
#5960 = CARTESIAN_POINT ( 'NONE',  ( 0.4150012312270112136, 5.502042796075819808, -3.333333333333333037 ) ) ;
#5961 = CARTESIAN_POINT ( 'NONE',  ( 5.136143869912776161, -3.016532721210387180, 10.20000054708695458 ) ) ;
#5962 = EDGE_CURVE ( 'NONE', #1215, #5663, #2048, .T. ) ;
#5963 = CARTESIAN_POINT ( 'NONE',  ( -5.248533672560239616, -2.943904212591498037, 10.20000054708695458 ) ) ;
#5964 = CARTESIAN_POINT ( 'NONE',  ( -1.708410305071415003, 5.770183011040057153, 0.000000000000000000 ) ) ;
#5965 = CARTESIAN_POINT ( 'NONE',  ( 3.695205439896792399, 4.685349591553729987, 1.666666666666666297 ) ) ;
#5966 = CARTESIAN_POINT ( 'NONE',  ( -3.222732506473614755, 5.076209428798510004, 10.20000054708695281 ) ) ;
#5967 = CARTESIAN_POINT ( 'NONE',  ( 1.298451264820540185, -5.221076087381557151, 0.000000000000000000 ) ) ;
#5968 = CARTESIAN_POINT ( 'NONE',  ( 4.738757771216216774, -2.519357503919135155, 10.20000054708695636 ) ) ;
#5969 = CARTESIAN_POINT ( 'NONE',  ( 2.776336344425878178, 5.364177144621494087, 10.20000054708695103 ) ) ;
#5970 = CARTESIAN_POINT ( 'NONE',  ( -6.461538437135098789, -1.526872548237080407, -5.999999999998572697 ) ) ;
#5971 = CARTESIAN_POINT ( 'NONE',  ( 2.774563950083861918, 4.959725921755433475, 5.000000000000000000 ) ) ;
#5972 = CARTESIAN_POINT ( 'NONE',  ( -1.308035231347179694, -6.472810711668453010, 10.20000054708695281 ) ) ;
#5973 = CARTESIAN_POINT ( 'NONE',  ( -2.369005100107582251, -4.690331791735586897, 10.55000000000000249 ) ) ;
#5974 = EDGE_CURVE ( 'NONE', #6012, #4753, #1292, .T. ) ;
#5975 = CARTESIAN_POINT ( 'NONE',  ( 0.7356153263346556503, 6.042079956714957234, 10.54999999999999893 ) ) ;
#5976 = CARTESIAN_POINT ( 'NONE',  ( 3.777424719659108643, 3.044435483803904496, 10.20000054708695458 ) ) ;
#5977 = CARTESIAN_POINT ( 'NONE',  ( -6.301622807954568195, -1.385736526358674725, 1.666666666666666297 ) ) ;
#5978 = CARTESIAN_POINT ( 'NONE',  ( -2.807957813739498487, -5.208263736111610420, 10.20000054708695281 ) ) ;
#5979 = CARTESIAN_POINT ( 'NONE',  ( 1.058705905308064299, 6.118872730485679590, 10.54999999999999716 ) ) ;
#5980 = CARTESIAN_POINT ( 'NONE',  ( 4.866051733733170792, -3.336032550491350168, 10.54999999999999893 ) ) ;
#5981 = CARTESIAN_POINT ( 'NONE',  ( -5.811434037490125881, -0.1058673776733867616, 10.20000054708695458 ) ) ;
#5982 = CARTESIAN_POINT ( 'NONE',  ( -4.548154654828086230, 2.862862363404316657, 10.55000000000000604 ) ) ;
#5983 = CARTESIAN_POINT ( 'NONE',  ( 5.999971620809733786, 1.824398830142236028, 10.55000000000000249 ) ) ;
#5984 = CARTESIAN_POINT ( 'NONE',  ( 1.005341152795811377, -4.277202197467870448, 10.55000000000000604 ) ) ;
#5985 = CARTESIAN_POINT ( 'NONE',  ( 4.452238096076973406, -2.939099262225371767, 3.333333333333333037 ) ) ;
#5986 = CARTESIAN_POINT ( 'NONE',  ( 4.575600202586239895, -0.3363465293290159308, 10.54999999999999893 ) ) ;
#5987 = CARTESIAN_POINT ( 'NONE',  ( -2.500000000000000000, 0.000000000000000000, -10.64999999999721325 ) ) ;
#5988 = CYLINDRICAL_SURFACE ( 'NONE', #7831, 12.50000000000007816 ) ;
#5989 = CARTESIAN_POINT ( 'NONE',  ( -4.742177691313817611, 2.541133983792142725, -5.000000000000000000 ) ) ;
#5990 = CARTESIAN_POINT ( 'NONE',  ( -4.938023482606459069, 2.760239618029263209, 10.20000054708695103 ) ) ;
#5991 = CARTESIAN_POINT ( 'NONE',  ( -2.376556753339970296, -4.492228742536122255, 10.54999999999999893 ) ) ;
#5992 = CARTESIAN_POINT ( 'NONE',  ( 4.898253521924267773, 0.05689977878511685155, 10.54999999999999716 ) ) ;
#5993 = CARTESIAN_POINT ( 'NONE',  ( 3.069363961253912088, -5.415408124717998817, -3.333333333333333037 ) ) ;
#5994 = CARTESIAN_POINT ( 'NONE',  ( -6.461538437134769275, -1.526872548237523164, -4.999999999998574474 ) ) ;
#5995 = CARTESIAN_POINT ( 'NONE',  ( 0.4150012312270112136, 5.502042796075819808, 3.333333333333333037 ) ) ;
#5996 = CARTESIAN_POINT ( 'NONE',  ( -1.636976972127156760, -6.060366391782279649, 10.55000000000000071 ) ) ;
#5997 = CARTESIAN_POINT ( 'NONE',  ( -5.123227066717332967, 0.2064956504716642105, 5.000000000000000000 ) ) ;
#5998 = CARTESIAN_POINT ( 'NONE',  ( -6.234114644771579172, -2.152952735863648215, 10.20000054708695458 ) ) ;
#5999 = CARTESIAN_POINT ( 'NONE',  ( 1.350213967088003786, 6.500749273344507806, -5.999999999997603695 ) ) ;
#6000 = CARTESIAN_POINT ( 'NONE',  ( 0.6211303116444789607, -4.652467623394941576, -3.333333333333333037 ) ) ;
#6001 = CARTESIAN_POINT ( 'NONE',  ( -4.787997478015107333, 0.06676506440802316977, 10.55000000000000426 ) ) ;
#6002 = CARTESIAN_POINT ( 'NONE',  ( 0.6476541954606986895, -4.841088142863434918, 10.20000054708695458 ) ) ;
#6003 = CARTESIAN_POINT ( 'NONE',  ( 5.512766083254004634, -1.472591206931691099, 0.000000000000000000 ) ) ;
#6004 = CARTESIAN_POINT ( 'NONE',  ( -1.560093072057090691, 4.133545090838691927, 10.55000000000000071 ) ) ;
#6005 = CARTESIAN_POINT ( 'NONE',  ( 2.371666416849588455, 6.059304634297759229, 5.000000000000000000 ) ) ;
#6006 = CARTESIAN_POINT ( 'NONE',  ( -4.320884123545562616, 4.942564025145682827, 10.20000054708695281 ) ) ;
#6007 = CARTESIAN_POINT ( 'NONE',  ( 4.957055618582937306, -1.130175575188428594, 1.666666666666666297 ) ) ;
#6008 = CARTESIAN_POINT ( 'NONE',  ( 5.222817308195310204, -3.366069683822821457, 10.20000054708695458 ) ) ;
#6009 = CARTESIAN_POINT ( 'NONE',  ( -1.399497726280825249, 4.525336695158773459, 10.20000054708695458 ) ) ;
#6010 = CARTESIAN_POINT ( 'NONE',  ( -1.518572041796066863, 4.483362720821385317, 5.000000000000000000 ) ) ;
#6011 = CARTESIAN_POINT ( 'NONE',  ( -2.392446591315494864, -4.915885257161663802, 10.55000000000000071 ) ) ;
#6012 = VERTEX_POINT ( 'NONE', #6852 ) ;
#6013 = CARTESIAN_POINT ( 'NONE',  ( 3.896786436324957137, 2.987082148481682520, 10.20000054708695281 ) ) ;
#6014 = CARTESIAN_POINT ( 'NONE',  ( -5.171731312442196860, -1.922991464093475100, 1.666666666666666297 ) ) ;
#6015 = CARTESIAN_POINT ( 'NONE',  ( -2.562038839097456222, -5.808482675526834171, 10.20000054708695458 ) ) ;
#6016 = CARTESIAN_POINT ( 'NONE',  ( -2.877650839403633309, 4.396956047623205244, 10.54999999999999893 ) ) ;
#6017 = CARTESIAN_POINT ( 'NONE',  ( -5.614776278201575543, -0.06681944698748482070, 10.20000054708695103 ) ) ;
#6018 = CARTESIAN_POINT ( 'NONE',  ( 4.540269621007425371, -2.852801659701428960, 10.55000000000000071 ) ) ;
#6019 = CARTESIAN_POINT ( 'NONE',  ( -5.992420882725949305, -2.535915251145073324, 10.20000054708695458 ) ) ;
#6020 = CARTESIAN_POINT ( 'NONE',  ( -2.938386669793082273, -3.863264849078625662, 10.20000054708695281 ) ) ;
#6021 = CARTESIAN_POINT ( 'NONE',  ( -4.235525428596750075, 2.193120891987231147, 10.55000000000000426 ) ) ;
#6022 = CARTESIAN_POINT ( 'NONE',  ( -5.811434037490125881, -0.1058673776733867616, -5.000000000000000000 ) ) ;
#6023 = CARTESIAN_POINT ( 'NONE',  ( -3.067254368480953453, -5.888528640545023229, 0.000000000000000000 ) ) ;
#6024 = CARTESIAN_POINT ( 'NONE',  ( 3.972996821740307105, -2.573304974326867889, 0.000000000000000000 ) ) ;
#6025 = CARTESIAN_POINT ( 'NONE',  ( 4.516332414954610464, -1.859659088761142609, -5.000000000000000000 ) ) ;
#6026 = CARTESIAN_POINT ( 'NONE',  ( -6.013043029953458962, -0.2387286294167565714, -5.000000000000000000 ) ) ;
#6027 = CARTESIAN_POINT ( 'NONE',  ( -4.730621641745023531, 2.505137159749978082, 10.20000054708695458 ) ) ;
#6028 = CARTESIAN_POINT ( 'NONE',  ( -2.386212255189266163, -5.421654370680125901, 10.54999999999999893 ) ) ;
#6029 = CARTESIAN_POINT ( 'NONE',  ( 4.436197676958163250, -2.697039398439639246, 10.55000000000000071 ) ) ;
#6030 = CARTESIAN_POINT ( 'NONE',  ( 0.8000434083654105466, 6.457546346331824338, 5.000000000000023093 ) ) ;
#6031 = CARTESIAN_POINT ( 'NONE',  ( 4.276213860513417231, -0.9737731206318567256, 10.55000000000000249 ) ) ;
#6032 = CARTESIAN_POINT ( 'NONE',  ( 3.562529458288298034, -5.536492484120604018, -1.666666666666666297 ) ) ;
#6033 = CARTESIAN_POINT ( 'NONE',  ( -2.997400859224070402, 4.979915817394643618, -5.999999999996833644 ) ) ;
#6034 = CARTESIAN_POINT ( 'NONE',  ( -1.518572041796066863, 4.483362720821385317, 5.000000000000000000 ) ) ;
#6035 = CARTESIAN_POINT ( 'NONE',  ( -0.2605012831789628724, -5.567392273784814272, 10.54999999999999893 ) ) ;
#6036 = CARTESIAN_POINT ( 'NONE',  ( -3.189317834731913770, -4.645892071733031869, 3.333333333333333037 ) ) ;
#6037 = CARTESIAN_POINT ( 'NONE',  ( -3.661334059978419209, -3.110596291874885289, 10.20000054708695281 ) ) ;
#6038 = CARTESIAN_POINT ( 'NONE',  ( -0.6476541954606959139, 4.841088142863436694, -4.999999999997670308 ) ) ;
#6039 = CARTESIAN_POINT ( 'NONE',  ( 3.581722154483869325, -5.155487022040585288, -5.000000000000000000 ) ) ;
#6040 = CARTESIAN_POINT ( 'NONE',  ( -4.734247571279479594, -2.858911761097593374, 10.20000054708695458 ) ) ;
#6041 = CARTESIAN_POINT ( 'NONE',  ( -5.054345744415245534, -0.1703984857044087420, 10.55000000000000249 ) ) ;
#6042 = CIRCLE ( 'NONE', #4503, 12.50000000000007816 ) ;
#6043 = CARTESIAN_POINT ( 'NONE',  ( 1.518572041796068639, -4.483362720821384428, 10.20000054708695458 ) ) ;
#6044 =( NAMED_UNIT ( * ) PLANE_ANGLE_UNIT ( ) SI_UNIT ( $, .RADIAN. ) );
#6045 = CARTESIAN_POINT ( 'NONE',  ( -3.837236977171865071, 4.754388082583788311, 10.54999999999999893 ) ) ;
#6046 = CARTESIAN_POINT ( 'NONE',  ( 1.530097869399086319, 5.607385669498455627, 0.000000000000000000 ) ) ;
#6047 = CARTESIAN_POINT ( 'NONE',  ( -5.216795666438418522, 3.669257835990858307, 10.20000054708695458 ) ) ;
#6048 = CARTESIAN_POINT ( 'NONE',  ( 4.357361271578868767, -1.744895596418973627, 1.666666666666666297 ) ) ;
#6049 = CARTESIAN_POINT ( 'NONE',  ( 4.533366241761680016, -1.465199893358448913, 10.20000054708695281 ) ) ;
#6050 = CARTESIAN_POINT ( 'NONE',  ( -1.030401784231134599, 4.644418012133079365, 10.20000054708695281 ) ) ;
#6051 = CARTESIAN_POINT ( 'NONE',  ( -2.514282437732066722, -5.869785114084785427, 10.20000054708695458 ) ) ;
#6052 = CARTESIAN_POINT ( 'NONE',  ( -0.7067020742433161029, -6.030520818369890179, 10.54999999999999893 ) ) ;
#6053 = CARTESIAN_POINT ( 'NONE',  ( -2.461592130646919507, 4.213065018089143798, 10.55000000000000249 ) ) ;
#6054 = VERTEX_POINT ( 'NONE', #5649 ) ;
#6055 = CARTESIAN_POINT ( 'NONE',  ( 2.776336344425878178, 5.364177144621494087, 10.20000054708695103 ) ) ;
#6056 = CARTESIAN_POINT ( 'NONE',  ( -3.945042019279604961, -3.924286919456764000, 0.000000000000000000 ) ) ;
#6057 = CARTESIAN_POINT ( 'NONE',  ( 0.2428232719558242048, -5.274447954850204567, 10.20000054708695281 ) ) ;
#6058 = CARTESIAN_POINT ( 'NONE',  ( 5.606557135112445245, 2.799713400080263703, 10.20000054708695636 ) ) ;
#6059 = CARTESIAN_POINT ( 'NONE',  ( -0.5146996436815103326, 4.527603750552183115, 10.55000000000000249 ) ) ;
#6060 = CARTESIAN_POINT ( 'NONE',  ( -6.160859573235605957, -0.4237394329085826250, 10.20000054708695458 ) ) ;
#6061 = CARTESIAN_POINT ( 'NONE',  ( 4.521380774466269514, -0.4212618335694363059, 10.55000000000000249 ) ) ;
#6062 = CARTESIAN_POINT ( 'NONE',  ( -3.868678216692781113, -2.981429057092635393, 10.20000054708695458 ) ) ;
#6063 = CARTESIAN_POINT ( 'NONE',  ( -5.838904063997425453, -2.127957643329146720, 10.55000000000000249 ) ) ;
#6064 = CARTESIAN_POINT ( 'NONE',  ( -5.489297186633654846, 1.471292881111661677, 0.000000000000000000 ) ) ;
#6065 = CARTESIAN_POINT ( 'NONE',  ( -1.470471587390116408, -5.489517252965710803, 0.000000000000000000 ) ) ;
#6066 = EDGE_CURVE ( 'NONE', #4961, #7492, #1072, .T. ) ;
#6067 = CARTESIAN_POINT ( 'NONE',  ( 5.049586265068309210, 2.596164312740874447, 10.55000000000000249 ) ) ;
#6068 = CARTESIAN_POINT ( 'NONE',  ( -5.553708330127482107, 0.9551885549917930041, -1.666666666666666297 ) ) ;
#6069 = CARTESIAN_POINT ( 'NONE',  ( -5.216795666438418522, 3.669257835990858307, 10.20000054708695458 ) ) ;
#6070 = CARTESIAN_POINT ( 'NONE',  ( -0.2525388904790630829, -5.522261026418037844, 10.54999999999999716 ) ) ;
#6071 = CARTESIAN_POINT ( 'NONE',  ( -0.1704022720372709576, 5.377413347294648815, 5.000000000000023093 ) ) ;
#6072 = CARTESIAN_POINT ( 'NONE',  ( 2.371666416849588455, 6.059304634297759229, -5.000000000000000000 ) ) ;
#6073 = CARTESIAN_POINT ( 'NONE',  ( 4.282589239144449778, -2.356349614366564538, 10.55000000000000426 ) ) ;
#6074 = CARTESIAN_POINT ( 'NONE',  ( 2.669425199347730260, -4.671164775103693323, -5.000000000000000000 ) ) ;
#6075 = CARTESIAN_POINT ( 'NONE',  ( -0.05254660229903260898, 5.812160726609758576, -5.999999999997434053 ) ) ;
#6076 = CARTESIAN_POINT ( 'NONE',  ( -1.941275052549160218, 4.699058253462400359, 3.333333333333333037 ) ) ;
#6077 = CARTESIAN_POINT ( 'NONE',  ( -0.2726136376928821603, -5.649368767242426870, 10.55000000000000071 ) ) ;
#6078 = CARTESIAN_POINT ( 'NONE',  ( -3.815710851444237939, -3.424973976468152603, 0.000000000000000000 ) ) ;
#6079 = CARTESIAN_POINT ( 'NONE',  ( 4.641992031678379149, -0.9265593960872966495, 5.000000000000000000 ) ) ;
#6080 = CARTESIAN_POINT ( 'NONE',  ( -0.1704022720376003608, 5.377413347295091128, -5.999999999997600142 ) ) ;
#6081 = CARTESIAN_POINT ( 'NONE',  ( 4.771635973406850972, -4.343064134404512444, -3.333333333333333037 ) ) ;
#6082 = CARTESIAN_POINT ( 'NONE',  ( -4.374884425853373671, 2.580861221764106261, 10.55000000000000249 ) ) ;
#6083 = CARTESIAN_POINT ( 'NONE',  ( -1.350213967088334632, -6.500749273344065493, 10.20000054708695458 ) ) ;
#6084 = CARTESIAN_POINT ( 'NONE',  ( 6.456223770568875864, -0.8106471639654768691, 0.000000000000000000 ) ) ;
#6085 = CARTESIAN_POINT ( 'NONE',  ( -1.987509757083547157, 4.130104227577054310, 10.54999999999999716 ) ) ;
#6086 = CARTESIAN_POINT ( 'NONE',  ( 0.4382436727055020187, 5.618185107111754562, 3.333333333333333037 ) ) ;
#6087 = CARTESIAN_POINT ( 'NONE',  ( -2.697361012097030830, 4.696990768999528498, 10.20000054708695281 ) ) ;
#6088 = CARTESIAN_POINT ( 'NONE',  ( 5.240560090443564079, -0.9986282910527481960, 1.666666666666666297 ) ) ;
#6089 = CARTESIAN_POINT ( 'NONE',  ( 5.300938127800425725, -0.08383504171234422431, 10.20000054708695458 ) ) ;
#6090 = CARTESIAN_POINT ( 'NONE',  ( -0.1189620678263039605, 5.502441331788151757, 10.20000054708695636 ) ) ;
#6091 = CARTESIAN_POINT ( 'NONE',  ( -4.954707020477385981, 4.419694229627866733, 5.000000000000000000 ) ) ;
#6092 = CARTESIAN_POINT ( 'NONE',  ( -1.637624685177129225, -6.419971932045218210, 10.20000054708695814 ) ) ;
#6093 = CARTESIAN_POINT ( 'NONE',  ( -0.4516859563963578350, -5.878467301445656545, 10.55000000000000249 ) ) ;
#6094 = CARTESIAN_POINT ( 'NONE',  ( 3.098866292598212890, 4.030722636955604621, 3.333333333333333037 ) ) ;
#6095 = CARTESIAN_POINT ( 'NONE',  ( 0.3460384234883067678, -5.115696762700933320, -6.000000000002416733 ) ) ;
#6096 = ORIENTED_EDGE ( 'NONE', *, *, #1435, .F. ) ;
#6097 = CARTESIAN_POINT ( 'NONE',  ( -3.372290125472503508, -3.323947869057089832, 10.20000054708694925 ) ) ;
#6098 = CARTESIAN_POINT ( 'NONE',  ( 2.807258109248820688, 4.153102117125461845, 10.20000054708695281 ) ) ;
#6099 = CARTESIAN_POINT ( 'NONE',  ( -5.621187373405012622, -1.478589194937732554, 0.000000000000000000 ) ) ;
#6100 = CARTESIAN_POINT ( 'NONE',  ( -0.1346301119758546716, -6.061885353002213428, 10.20000054708695458 ) ) ;
#6101 = CARTESIAN_POINT ( 'NONE',  ( -2.279458270630942529, 4.168340123497124239, 10.54999999999999893 ) ) ;
#6102 = CARTESIAN_POINT ( 'NONE',  ( 5.490701943516069328, 0.3970262425837648990, 10.55000000000000249 ) ) ;
#6103 = CARTESIAN_POINT ( 'NONE',  ( -2.729108392372209924, -4.849263011884232810, 10.20000054708695458 ) ) ;
#6104 = CARTESIAN_POINT ( 'NONE',  ( -6.028357741287722504, -0.9250344475386527154, 10.54999999999999716 ) ) ;
#6105 = CARTESIAN_POINT ( 'NONE',  ( 2.677367692413381128, 3.615037375364479999, 10.55000000000000071 ) ) ;
#6106 = CARTESIAN_POINT ( 'NONE',  ( 6.162401348110472910, 1.196908415135738979, 0.000000000000000000 ) ) ;
#6107 = CARTESIAN_POINT ( 'NONE',  ( 4.856940138843542698, -0.5154830861509849260, 5.000000000000000000 ) ) ;
#6108 = CARTESIAN_POINT ( 'NONE',  ( 4.825520439886020974, 2.520227331317552277, 10.55000000000000249 ) ) ;
#6109 = CARTESIAN_POINT ( 'NONE',  ( -5.851330226675901969, 1.405564791000387670, 0.000000000000000000 ) ) ;
#6110 = CARTESIAN_POINT ( 'NONE',  ( -0.01291602226285611978, -5.029191961035977876, 10.55000000000000071 ) ) ;
#6111 = CARTESIAN_POINT ( 'NONE',  ( 4.622304518051064015, -2.947630824843010089, 10.55000000000000071 ) ) ;
#6112 = CARTESIAN_POINT ( 'NONE',  ( 2.371666416849588455, 6.059304634297759229, 10.20000054708695458 ) ) ;
#6113 = CARTESIAN_POINT ( 'NONE',  ( 3.134419601341340123, 4.540937647741741578, -3.333333333333333037 ) ) ;
#6114 = CARTESIAN_POINT ( 'NONE',  ( -3.248495025958313409, 4.711192660670379340, 10.54999999999999716 ) ) ;
#6115 = CARTESIAN_POINT ( 'NONE',  ( 1.499767045398626486, -4.858023890765656105, -1.666666666666666297 ) ) ;
#6116 = CARTESIAN_POINT ( 'NONE',  ( -4.516332414954940866, 1.859659088761590029, -5.999999999997714717 ) ) ;
#6117 = CARTESIAN_POINT ( 'NONE',  ( 0.3192155735820002005, 5.325300927323620037, 3.333333333333333037 ) ) ;
#6118 = CARTESIAN_POINT ( 'NONE',  ( 3.285471726809119364, -4.726444765988641272, 10.55000000000000249 ) ) ;
#6119 = CARTESIAN_POINT ( 'NONE',  ( -4.215045891529108246, -2.154063696584817666, 0.000000000000000000 ) ) ;
#6120 = CARTESIAN_POINT ( 'NONE',  ( -2.774563950083861030, -4.959725921755433475, 5.000000000000000000 ) ) ;
#6121 = CARTESIAN_POINT ( 'NONE',  ( 5.007205532965936179, 2.951587071971880416, -6.000000000000380140 ) ) ;
#6122 = CARTESIAN_POINT ( 'NONE',  ( 1.941275052549161773, -4.699058253462403911, -3.333333333333333037 ) ) ;
#6123 = CARTESIAN_POINT ( 'NONE',  ( -3.868678216692781113, -2.981429057092635393, 10.20000054708695458 ) ) ;
#6124 = CARTESIAN_POINT ( 'NONE',  ( -1.530097869399087207, 5.607385669498456515, 0.000000000000000000 ) ) ;
#6125 = CARTESIAN_POINT ( 'NONE',  ( -2.613287086006391924, 4.263152190244412054, 10.54999999999999893 ) ) ;
#6126 = CARTESIAN_POINT ( 'NONE',  ( -0.05254660229870321275, 5.812160726609316264, 5.000000000000000000 ) ) ;
#6127 = CARTESIAN_POINT ( 'NONE',  ( -4.650123959632818327, 0.9584775331715915669, 10.20000054708695458 ) ) ;
#6128 = CARTESIAN_POINT ( 'NONE',  ( 5.604626029811762500, 2.827710600053702894, -5.000000000000000000 ) ) ;
#6129 = CARTESIAN_POINT ( 'NONE',  ( 4.525551552194412075, -1.571531532621063487, 10.20000054708695636 ) ) ;
#6130 = CARTESIAN_POINT ( 'NONE',  ( -0.08376626557453620281, 5.629728291461058909, 10.20000054708695458 ) ) ;
#6131 = CARTESIAN_POINT ( 'NONE',  ( -3.581722154483863552, 5.155487022040583511, 5.000000000000000000 ) ) ;
#6132 = CARTESIAN_POINT ( 'NONE',  ( -1.011072747746718736, -6.465895050872358496, 10.20000054708695458 ) ) ;
#6133 = CARTESIAN_POINT ( 'NONE',  ( -2.662308297714574223, 4.285951642557310315, 10.55000000000000782 ) ) ;
#6134 = CARTESIAN_POINT ( 'NONE',  ( 3.966817943941785884, 2.509106068899837449, 1.666666666666666297 ) ) ;
#6135 = CARTESIAN_POINT ( 'NONE',  ( 0.1935759229089840106, 6.118120286029427035, 10.20000054708695458 ) ) ;
#6136 = CARTESIAN_POINT ( 'NONE',  ( -6.162401348110470245, -1.196908415135740533, 0.000000000000000000 ) ) ;
#6137 = CARTESIAN_POINT ( 'NONE',  ( -0.3269381972629062383, -6.222137167168502181, 10.20000054708695636 ) ) ;
#6138 = CARTESIAN_POINT ( 'NONE',  ( 5.401611270061971837, 2.889272106632506443, 10.20000054708695281 ) ) ;
#6139 = CARTESIAN_POINT ( 'NONE',  ( -2.662308297714574223, 4.285951642557310315, 10.55000000000000782 ) ) ;
#6140 = CARTESIAN_POINT ( 'NONE',  ( 5.167277707109636964, 0.2468856925448767725, 10.55000000000000426 ) ) ;
#6141 = CARTESIAN_POINT ( 'NONE',  ( -6.069126956828529984, -1.083824317177566554, 10.54999999999999893 ) ) ;
#6142 = CARTESIAN_POINT ( 'NONE',  ( 3.347570032371931958, 2.897778285663605402, 10.54999999999999716 ) ) ;
#6143 = CARTESIAN_POINT ( 'NONE',  ( 6.456223770568878528, 0.8106471639654770911, 0.000000000000000000 ) ) ;
#6144 = CARTESIAN_POINT ( 'NONE',  ( 4.516332414954610464, -1.859659088761142609, 5.000000000000000000 ) ) ;
#6145 = CARTESIAN_POINT ( 'NONE',  ( 3.901083615613893052, 2.608744323188433967, 10.54999999999999893 ) ) ;
#6146 = CARTESIAN_POINT ( 'NONE',  ( -3.549809307303230632, 5.387909593329601954, -3.333333333333333037 ) ) ;
#6147 = CARTESIAN_POINT ( 'NONE',  ( -0.2926584082658547636, -5.699920688638262511, 10.54999999999999893 ) ) ;
#6148 = CARTESIAN_POINT ( 'NONE',  ( 5.949676758444897295, 1.949378744074668823, 10.54999999999999893 ) ) ;
#6149 = CARTESIAN_POINT ( 'NONE',  ( -5.564139155517599633, -0.06115429241966367085, 5.000000000000023093 ) ) ;
#6150 = CARTESIAN_POINT ( 'NONE',  ( 4.091089480663188560, 4.128796472022226993, 0.000000000000000000 ) ) ;
#6151 = CARTESIAN_POINT ( 'NONE',  ( -0.8000434083654122119, -6.457546346331824338, -5.000000000000000000 ) ) ;
#6152 = CARTESIAN_POINT ( 'NONE',  ( 4.555336819789737923, -1.307233922278078442, 10.20000054708695458 ) ) ;
#6153 = CARTESIAN_POINT ( 'NONE',  ( -4.251225118266887648, 3.517354962005789343, 1.666666666666666297 ) ) ;
#6154 = CARTESIAN_POINT ( 'NONE',  ( 2.206272373937979481, -4.141964741386107818, 10.55000000000000249 ) ) ;
#6155 = CARTESIAN_POINT ( 'NONE',  ( -3.457288572021225193, -3.727848306711881943, 1.666666666666666297 ) ) ;
#6156 = CARTESIAN_POINT ( 'NONE',  ( -2.740444013175199700, -4.333596967199338401, 5.000000000000000000 ) ) ;
#6157 = CARTESIAN_POINT ( 'NONE',  ( 5.992420882725946640, 2.535915251145075544, -5.000000000000877520 ) ) ;
#6158 = CARTESIAN_POINT ( 'NONE',  ( -0.8000434083654122119, -6.457546346331824338, -5.000000000000000000 ) ) ;
#6159 = CARTESIAN_POINT ( 'NONE',  ( -4.656499214322027846, -2.848679977514446016, 10.20000054708695636 ) ) ;
#6160 = CARTESIAN_POINT ( 'NONE',  ( -6.090649985149468648, -1.274907767720447005, 10.54999999999999893 ) ) ;
#6161 = CYLINDRICAL_SURFACE ( 'NONE', #894, 12.50000000000007816 ) ;
#6162 = CARTESIAN_POINT ( 'NONE',  ( 0.9485347422034604570, -4.299154062472196891, 10.55000000000000782 ) ) ;
#6163 = CARTESIAN_POINT ( 'NONE',  ( 3.706015744283477797, -4.775618226356341367, 10.55000000000000249 ) ) ;
#6164 = CARTESIAN_POINT ( 'NONE',  ( -3.123419988198143482, -3.556803324690040569, -5.000000000000572875 ) ) ;
#6165 = CARTESIAN_POINT ( 'NONE',  ( 6.414361532096309659, 1.483351403618799802, 3.333333333333333037 ) ) ;
#6166 = CARTESIAN_POINT ( 'NONE',  ( -4.706966982425818458, 3.021775194266538289, 10.55000000000000071 ) ) ;
#6167 = CARTESIAN_POINT ( 'NONE',  ( -2.212433887838667346, 4.854468545862983930, 3.333333333333333037 ) ) ;
#6168 = CARTESIAN_POINT ( 'NONE',  ( -4.902625734008021929, 2.728304986935321974, 10.20000054708695814 ) ) ;
#6169 = CARTESIAN_POINT ( 'NONE',  ( 4.251225118266888536, -3.517354962005786234, 1.666666666666666297 ) ) ;
#6170 = CARTESIAN_POINT ( 'NONE',  ( 4.611422772344763388, -1.074545170334623156, 10.20000054708695458 ) ) ;
#6171 = CARTESIAN_POINT ( 'NONE',  ( 0.3148398719427519254, 6.213701654432617794, 10.20000054708695281 ) ) ;
#6172 = CARTESIAN_POINT ( 'NONE',  ( 5.678215680384664843, 0.07738646006728286397, 5.000000000000011546 ) ) ;
#6173 = CARTESIAN_POINT ( 'NONE',  ( 0.3318557245260836397, -5.155205748418628886, 10.20000054708695103 ) ) ;
#6174 = CARTESIAN_POINT ( 'NONE',  ( 4.312018030364506593, 2.205101750084092149, -1.666666666666666297 ) ) ;
#6175 = CARTESIAN_POINT ( 'NONE',  ( 4.215045891529110023, 2.154063696584812337, 0.000000000000000000 ) ) ;
#6176 = CARTESIAN_POINT ( 'NONE',  ( 1.195517035525534011, 6.477249069871326981, 10.20000054708695636 ) ) ;
#6177 = CARTESIAN_POINT ( 'NONE',  ( -2.814033178045508787, -5.085783199819224443, 5.000000000000000000 ) ) ;
#6178 = CIRCLE ( 'NONE', #7588, 12.50000000000007816 ) ;
#6179 = CARTESIAN_POINT ( 'NONE',  ( 0.1260198740353812574, -5.485227022614405534, 10.20000054708695458 ) ) ;
#6180 = CARTESIAN_POINT ( 'NONE',  ( 6.160211539728369878, 2.279585733111003876, 10.20000054708695814 ) ) ;
#6181 = CARTESIAN_POINT ( 'NONE',  ( -1.349529424570811820, 4.178010088208805151, 10.55000000000000249 ) ) ;
#6182 = CARTESIAN_POINT ( 'NONE',  ( -5.667600221532049787, -2.764407638109396270, 10.20000054708695814 ) ) ;
#6183 = CARTESIAN_POINT ( 'NONE',  ( 5.710642488026474339, 0.07951964821812110285, 10.20000054708695103 ) ) ;
#6184 = CARTESIAN_POINT ( 'NONE',  ( -2.874891515540369369, -3.948492002339770490, 10.20000054708695458 ) ) ;
#6185 = CARTESIAN_POINT ( 'NONE',  ( -5.313532044602697013, -0.3287206042498686531, 10.54999999999999893 ) ) ;
#6186 = CARTESIAN_POINT ( 'NONE',  ( 3.755938535865865457, 2.666570646820819679, 10.54999999999999716 ) ) ;
#6187 = CARTESIAN_POINT ( 'NONE',  ( 4.960140980962702173, -2.773821869949568697, -6.000000000002887468 ) ) ;
#6188 = CARTESIAN_POINT ( 'NONE',  ( 5.007205532966265693, 2.951587071971437659, 5.000000000000000000 ) ) ;
#6189 = CARTESIAN_POINT ( 'NONE',  ( 5.769952236953055369, 2.217360289159262976, 10.54999999999999716 ) ) ;
#6190 = CARTESIAN_POINT ( 'NONE',  ( -4.491800750379477236, 4.813324326891780913, -3.333333333333333037 ) ) ;
#6191 = CARTESIAN_POINT ( 'NONE',  ( -4.626415339731752674, 1.025579577363276540, 10.20000054708695636 ) ) ;
#6192 = CARTESIAN_POINT ( 'NONE',  ( -1.226979957201710825, -6.125897690959483555, 10.54999999999999716 ) ) ;
#6193 = CARTESIAN_POINT ( 'NONE',  ( -5.564139155517930035, -0.06115429241922127473, -5.999999999998231637 ) ) ;
#6194 = CARTESIAN_POINT ( 'NONE',  ( -3.032160204983461060, 4.504801078222995692, 10.55000000000000249 ) ) ;
#6195 = CARTESIAN_POINT ( 'NONE',  ( -0.1220607304236060869, -5.082794351157219559, -3.333333333333333037 ) ) ;
#6196 = CARTESIAN_POINT ( 'NONE',  ( 4.649168245369556196, -2.339652730720549467, 10.20000054708695814 ) ) ;
#6197 = CARTESIAN_POINT ( 'NONE',  ( 5.678215679999671472, 0.07738646000044288598, -6.000000000001861622 ) ) ;
#6198 = CARTESIAN_POINT ( 'NONE',  ( -4.646369188651361171, 3.188622703862751262, 3.333333333333333037 ) ) ;
#6199 = CARTESIAN_POINT ( 'NONE',  ( -0.2013317103587979606, -5.361244018724869775, 10.54999999999999893 ) ) ;
#6200 = CARTESIAN_POINT ( 'NONE',  ( -5.170810158745613450, -1.486046266603242794, 0.000000000000000000 ) ) ;
#6201 = CARTESIAN_POINT ( 'NONE',  ( 3.213266569546250118, -5.088083704188173684, 5.000000000000000000 ) ) ;
#6202 = CARTESIAN_POINT ( 'NONE',  ( 4.257304147301131714, 2.857526457809149711, -5.000000000000164313 ) ) ;
#6203 = CARTESIAN_POINT ( 'NONE',  ( -2.774563950083861030, -4.959725921755433475, -5.000000000000000000 ) ) ;
#6204 = CARTESIAN_POINT ( 'NONE',  ( -5.168773636869158139, -0.2478547398588864803, 10.54999999999999893 ) ) ;
#6205 = CARTESIAN_POINT ( 'NONE',  ( -0.07787028463680581436, 5.682519034184775997, 10.20000054708695458 ) ) ;
#6206 = CARTESIAN_POINT ( 'NONE',  ( 2.785692194806810296, -4.345253057086210902, 10.54999999999999893 ) ) ;
#6207 = CARTESIAN_POINT ( 'NONE',  ( 6.461538437134771051, 1.526872548237521388, 5.000000000000000000 ) ) ;
#6208 = CARTESIAN_POINT ( 'NONE',  ( -4.182774468674671731, 1.896139566933598086, 10.55000000000000071 ) ) ;
#6209 = CARTESIAN_POINT ( 'NONE',  ( 1.470471587390117962, 5.489517252965712579, 0.000000000000000000 ) ) ;
#6210 = CARTESIAN_POINT ( 'NONE',  ( -4.846574986477829583, 0.5613200969539069440, 10.20000054708695281 ) ) ;
#6211 = CARTESIAN_POINT ( 'NONE',  ( 5.248533672560229846, 2.943904212591497149, -5.000000000000000000 ) ) ;
#6212 = CARTESIAN_POINT ( 'NONE',  ( 4.710497855665641609, -0.8115497593069900262, 10.20000054708695458 ) ) ;
#6213 = CARTESIAN_POINT ( 'NONE',  ( -2.697361012097030830, 4.696990768999528498, 10.20000054708695281 ) ) ;
#6214 = ADVANCED_FACE ( 'NONE', ( #243 ), #1555, .F. ) ;
#6215 = CARTESIAN_POINT ( 'NONE',  ( -5.748018482795087536, 0.4222848131969861862, -3.333333333333333037 ) ) ;
#6216 = CARTESIAN_POINT ( 'NONE',  ( 0.5452919836051915992, -4.941020386494814787, 10.20000054708695636 ) ) ;
#6217 = CARTESIAN_POINT ( 'NONE',  ( 4.533687937200369333, 1.816938096579821194, 0.000000000000000000 ) ) ;
#6218 = ORIENTED_EDGE ( 'NONE', *, *, #6322, .T. ) ;
#6219 = CARTESIAN_POINT ( 'NONE',  ( 2.445723591505948313, 5.083240542276486806, 10.54999999999999893 ) ) ;
#6220 = CARTESIAN_POINT ( 'NONE',  ( -3.661334059978419209, -3.110596291874885289, 10.20000054708695281 ) ) ;
#6221 = CARTESIAN_POINT ( 'NONE',  ( -0.02281848261792699534, 5.861533221340637034, 10.20000054708695458 ) ) ;
#6222 = CARTESIAN_POINT ( 'NONE',  ( -1.908458813630812712, -6.359292723372315770, 5.000000000000000000 ) ) ;
#6223 = CARTESIAN_POINT ( 'NONE',  ( 0.09378824958427997571, -5.578609324576104811, 10.20000054708695103 ) ) ;
#6224 = CARTESIAN_POINT ( 'NONE',  ( 3.443154268097528892, 3.264134715222901661, 10.20000054708695636 ) ) ;
#6225 = CARTESIAN_POINT ( 'NONE',  ( -6.429186922501215484, -1.122147374621300653, 10.20000054708695458 ) ) ;
#6226 = CARTESIAN_POINT ( 'NONE',  ( 4.184978533249761767, -1.430426126215323501, 10.54999999999999893 ) ) ;
#6227 = EDGE_CURVE ( 'NONE', #796, #7492, #2726, .T. ) ;
#6228 = CARTESIAN_POINT ( 'NONE',  ( -4.882270699514534407, -2.908697158505072711, 5.000000000000024869 ) ) ;
#6229 = CARTESIAN_POINT ( 'NONE',  ( -5.573292795297011715, -0.4150398010841508945, 10.55000000000000249 ) ) ;
#6230 = CARTESIAN_POINT ( 'NONE',  ( 2.404054131820195117, 4.963143089138144504, 10.55000000000000071 ) ) ;
#6231 = CARTESIAN_POINT ( 'NONE',  ( 1.518572041795739347, -4.483362720820942116, -6.000000000002509992 ) ) ;
#6232 = CARTESIAN_POINT ( 'NONE',  ( -1.908458813630812712, -6.359292723372315770, -5.000000000002213341 ) ) ;
#6233 = CARTESIAN_POINT ( 'NONE',  ( 4.850928252923778494, 2.526083300171943602, 10.54999999999999716 ) ) ;
#6234 = CARTESIAN_POINT ( 'NONE',  ( -3.581722154483863552, 5.155487022040583511, -5.000000000000000000 ) ) ;
#6235 = CARTESIAN_POINT ( 'NONE',  ( -0.7893743222064462106, -6.061384639114526962, 10.54999999999999893 ) ) ;
#6236 = CARTESIAN_POINT ( 'NONE',  ( 5.316252275038877428, 2.548146808995159329, 10.55000000000000426 ) ) ;
#6237 = CARTESIAN_POINT ( 'NONE',  ( -4.061678536503901427, 5.083575693552930375, 5.000000000000023093 ) ) ;
#6238 = CARTESIAN_POINT ( 'NONE',  ( 3.196713850561539338, 3.638267961793411054, -3.333333333333333037 ) ) ;
#6239 = CARTESIAN_POINT ( 'NONE',  ( -3.752513470180721455, 4.769500146367956717, 10.54999999999999716 ) ) ;
#6240 = CARTESIAN_POINT ( 'NONE',  ( -1.002549712166490803, -5.675644021868743394, -1.666666666666666297 ) ) ;
#6241 = CARTESIAN_POINT ( 'NONE',  ( 4.897990689412547560, -2.726368537552641413, 10.20000054708695814 ) ) ;
#6242 = CARTESIAN_POINT ( 'NONE',  ( -1.950728368723061878, -6.150233710699236411, 1.666666666666666297 ) ) ;
#6243 = CARTESIAN_POINT ( 'NONE',  ( -4.495563247843129773, 4.305525677697852771, 1.666666666666666297 ) ) ;
#6244 = CARTESIAN_POINT ( 'NONE',  ( 0.5159845080589769983, -4.526526720317646024, 10.54999999999999893 ) ) ;
#6245 = CARTESIAN_POINT ( 'NONE',  ( 5.641234053756601696, -0.4360948956154742095, 3.333333333333333037 ) ) ;
#6246 = CARTESIAN_POINT ( 'NONE',  ( -3.470362048767141605, -3.219190813529884121, 5.000000000000000000 ) ) ;
#6247 = CARTESIAN_POINT ( 'NONE',  ( 5.604626029811432986, 2.827710600054146095, -6.000000000000631495 ) ) ;
#6248 = CARTESIAN_POINT ( 'NONE',  ( -3.539730810310473430, -4.232612283599253900, -1.666666666666666297 ) ) ;
#6249 = CARTESIAN_POINT ( 'NONE',  ( -5.240453722101865885, -0.2901737161519398200, 10.54999999999999893 ) ) ;
#6250 = DIRECTION ( 'NONE',  ( -5.684341886080802749E-14, 1.000000000000000000, 4.427014310692783937E-13 ) ) ;
#6251 = CARTESIAN_POINT ( 'NONE',  ( -5.851330226675901969, 1.405564791000387670, 0.000000000000000000 ) ) ;
#6252 = CARTESIAN_POINT ( 'NONE',  ( -2.874891515540698883, -3.948492002339328177, -6.000000000000838440 ) ) ;
#6253 = CARTESIAN_POINT ( 'NONE',  ( -3.972996821740307993, 2.573304974326867445, 0.000000000000000000 ) ) ;
#6254 = CARTESIAN_POINT ( 'NONE',  ( -3.581722154483863552, 5.155487022040583511, 5.000000000000000000 ) ) ;
#6255 = CARTESIAN_POINT ( 'NONE',  ( -4.552181570677890754, 1.997705634468588620, 10.20000054708695458 ) ) ;
#6256 = CARTESIAN_POINT ( 'NONE',  ( -0.6476541954606959139, 4.841088142863436694, -5.000000000000000000 ) ) ;
#6257 = CARTESIAN_POINT ( 'NONE',  ( -5.414003697282151251, -0.3722764376392181385, 10.54999999999999716 ) ) ;
#6258 = CARTESIAN_POINT ( 'NONE',  ( -2.902938377401402370, 4.878339123436511215, 10.20000054708695636 ) ) ;
#6259 = CARTESIAN_POINT ( 'NONE',  ( -1.426011146523625817, 5.378650072249708813, 0.000000000000000000 ) ) ;
#6260 = CARTESIAN_POINT ( 'NONE',  ( 0.2292686832117950269, -5.295016312648537671, 10.20000054708695458 ) ) ;
#6261 = CARTESIAN_POINT ( 'NONE',  ( 4.971131915797715628, 1.936123966611666525, -1.666666666666666297 ) ) ;
#6262 = ORIENTED_EDGE ( 'NONE', *, *, #6373, .T. ) ;
#6263 = CARTESIAN_POINT ( 'NONE',  ( 2.438386764884343805, 5.063468614807399071, 10.55000000000000249 ) ) ;
#6264 = CARTESIAN_POINT ( 'NONE',  ( 1.740582689778328085, 6.389797254308844821, 10.20000054708695281 ) ) ;
#6265 = PRODUCT_DEFINITION_CONTEXT ( 'detailed design', #3691, 'design' ) ;
#6266 = CARTESIAN_POINT ( 'NONE',  ( -0.6933294261304658868, -4.834757971955978562, 0.000000000000000000 ) ) ;
#6267 = CARTESIAN_POINT ( 'NONE',  ( 2.441736250558790733, -4.575543266771098239, 10.20000054708695814 ) ) ;
#6268 = CARTESIAN_POINT ( 'NONE',  ( 3.074820611823248839, 3.649829225893995499, 10.20000054708695281 ) ) ;
#6269 = CARTESIAN_POINT ( 'NONE',  ( 5.894361286030397551, 2.592590733345969678, 10.20000054708695281 ) ) ;
#6270 = CARTESIAN_POINT ( 'NONE',  ( 2.835030769196477340, -4.788108697936173108, 5.000000000000024869 ) ) ;
#6271 = CARTESIAN_POINT ( 'NONE',  ( -4.934748719156299757, -2.551249568081239705, 10.54999999999999893 ) ) ;
#6272 = CARTESIAN_POINT ( 'NONE',  ( 2.375642133416001833, 4.807854109832596201, 10.54999999999999893 ) ) ;
#6273 = CARTESIAN_POINT ( 'NONE',  ( 5.564139155517260349, 0.06115429242010458899, -6.000000000001831424 ) ) ;
#6274 = CARTESIAN_POINT ( 'NONE',  ( 2.367885982508765697, 5.459471962447778104, 10.55000000000000071 ) ) ;
#6275 = CARTESIAN_POINT ( 'NONE',  ( 5.059752145698424464, -2.860573665242248431, -5.000000000002960299 ) ) ;
#6276 = CARTESIAN_POINT ( 'NONE',  ( -5.251182211392754873, 3.439893223823211610, -5.000000000000000000 ) ) ;
#6277 = CARTESIAN_POINT ( 'NONE',  ( 1.388268592207045460, -4.170100866165051379, 10.54999999999999893 ) ) ;
#6278 = CARTESIAN_POINT ( 'NONE',  ( 6.095705223604363177, 1.321776537762112236, 10.54999999999999716 ) ) ;
#6279 = CARTESIAN_POINT ( 'NONE',  ( -3.581722154483863552, 5.155487022040583511, 10.20000054708695458 ) ) ;
#6280 = CARTESIAN_POINT ( 'NONE',  ( 3.966817943941785884, 2.509106068899837449, -1.666666666666666297 ) ) ;
#6281 = CARTESIAN_POINT ( 'NONE',  ( -4.302260281384004514, 4.543516294047464932, 10.54999999999999716 ) ) ;
#6282 = CARTESIAN_POINT ( 'NONE',  ( -0.4382436727055017966, -5.618185107111753673, -3.333333333333333037 ) ) ;
#6283 = CARTESIAN_POINT ( 'NONE',  ( 5.538325673181701880, 0.04490776093355070692, 10.20000054708695281 ) ) ;
#6284 = CARTESIAN_POINT ( 'NONE',  ( -0.9171783983772227034, -6.156819319221122022, 3.333333333333333037 ) ) ;
#6285 = CARTESIAN_POINT ( 'NONE',  ( 3.485420358406155383, -4.775632372469043041, 10.55000000000000249 ) ) ;
#6286 = CARTESIAN_POINT ( 'NONE',  ( -3.410657430924925126, -5.477055024130527805, -1.666666666666666297 ) ) ;
#6287 = CARTESIAN_POINT ( 'NONE',  ( -5.122168308263156611, -0.2178426278369046121, 10.55000000000000249 ) ) ;
#6288 = CARTESIAN_POINT ( 'NONE',  ( -4.516332414954611352, 1.859659088761147050, 10.20000054708695458 ) ) ;
#6289 = CARTESIAN_POINT ( 'NONE',  ( 4.436755996765746168, -4.435412391609802718, 10.54999999999999716 ) ) ;
#6290 = CARTESIAN_POINT ( 'NONE',  ( -5.007205532966589878, -2.951587071970994014, -5.999999999999694467 ) ) ;
#6291 = CARTESIAN_POINT ( 'NONE',  ( 6.633242581027161577, 0.2879441185641443135, 0.000000000000000000 ) ) ;
#6292 = CARTESIAN_POINT ( 'NONE',  ( -4.877997738004447470, 3.511801923689974902, 10.54999999999999893 ) ) ;
#6293 = CARTESIAN_POINT ( 'NONE',  ( -3.037940078102560282, 5.692243493106274421, 1.666666666666666297 ) ) ;
#6294 = CARTESIAN_POINT ( 'NONE',  ( -5.191392281140892351, 0.1665387083452584405, 10.20000054708695281 ) ) ;
#6295 = CARTESIAN_POINT ( 'NONE',  ( -1.518572041796066863, 4.483362720821385317, -5.000000000000000000 ) ) ;
#6296 = CARTESIAN_POINT ( 'NONE',  ( -5.576911756842942047, -2.403777844428173882, 10.55000000000000071 ) ) ;
#6297 = CARTESIAN_POINT ( 'NONE',  ( -2.523907656075847772, 4.607591132614856200, 10.20000054708695814 ) ) ;
#6298 = CARTESIAN_POINT ( 'NONE',  ( -5.251182211392754873, 3.439893223823211610, -5.000000000000000000 ) ) ;
#6299 = CARTESIAN_POINT ( 'NONE',  ( 0.2032508262055086889, -5.336763893317134411, 10.20000054708695458 ) ) ;
#6300 = CARTESIAN_POINT ( 'NONE',  ( 2.774563950083861918, 4.959725921755433475, -5.000000000000000000 ) ) ;
#6301 = EDGE_LOOP ( 'NONE', ( #3324, #3400, #2701, #5088 ) ) ;
#6302 = CARTESIAN_POINT ( 'NONE',  ( 2.421164847592858660, 5.972913918665616606, 10.20000054708695458 ) ) ;
#6303 = CARTESIAN_POINT ( 'NONE',  ( -0.4382436727055017966, -5.618185107111753673, 3.333333333333333037 ) ) ;
#6304 = CARTESIAN_POINT ( 'NONE',  ( 0.9131334682562625149, -4.699797015378854859, 10.20000054708695458 ) ) ;
#6305 = CARTESIAN_POINT ( 'NONE',  ( 4.582424107485887355, 2.844761074707110815, 10.20000054708695281 ) ) ;
#6306 = CARTESIAN_POINT ( 'NONE',  ( 6.418723825958338125, 1.050356886877064522, 10.20000054708695636 ) ) ;
#6307 = CARTESIAN_POINT ( 'NONE',  ( 4.061678536503896098, -5.083575693552933039, 10.20000054708695458 ) ) ;
#6308 = CARTESIAN_POINT ( 'NONE',  ( -2.844657071636075507, -4.056669427274207429, 10.20000054708695458 ) ) ;
#6309 = CARTESIAN_POINT ( 'NONE',  ( -3.017812709573715946, -3.178639722694630354, 10.55000000000000249 ) ) ;
#6310 = CARTESIAN_POINT ( 'NONE',  ( 2.370164796540028540, 4.729494510449781863, 10.54999999999999716 ) ) ;
#6311 = CARTESIAN_POINT ( 'NONE',  ( 4.882270699514533518, 2.908697158505072711, 5.000000000000000000 ) ) ;
#6312 = AXIS2_PLACEMENT_3D ( 'NONE', #3574, #4020, #4174 ) ;
#6313 = CARTESIAN_POINT ( 'NONE',  ( -0.3534438101691611545, -6.267603813794824674, -6.000000000002695622 ) ) ;
#6314 = CARTESIAN_POINT ( 'NONE',  ( 3.478790086499635947, 2.811453626836685871, 10.54999999999999893 ) ) ;
#6315 = CARTESIAN_POINT ( 'NONE',  ( -4.057804548095641728, 5.184456327696183031, -3.333333333333333037 ) ) ;
#6316 = CARTESIAN_POINT ( 'NONE',  ( 2.969767269805097420, -4.456700645088511159, 10.55000000000000249 ) ) ;
#6317 = CARTESIAN_POINT ( 'NONE',  ( 5.490898671476157844, 0.3970504397152254672, 10.54999999999999893 ) ) ;
#6318 = CARTESIAN_POINT ( 'NONE',  ( -4.641992031678378261, 0.9265593960873019785, 5.000000000000023093 ) ) ;
#6319 = CARTESIAN_POINT ( 'NONE',  ( 5.211866146445846226, 2.460587779626869143, -3.333333333333333037 ) ) ;
#6320 = CARTESIAN_POINT ( 'NONE',  ( -0.2463348856000776577, -4.836868028925129792, -1.666666666666666297 ) ) ;
#6321 = CARTESIAN_POINT ( 'NONE',  ( 5.712384867734359162, 0.4634737953246078623, 10.54999999999999716 ) ) ;
#6322 = EDGE_CURVE ( 'NONE', #4753, #5738, #1986, .T. ) ;
#6323 = CARTESIAN_POINT ( 'NONE',  ( -0.4750015549338930665, -5.743902374239027608, 3.333333333333333037 ) ) ;
#6324 = CARTESIAN_POINT ( 'NONE',  ( 0.09050372642129654588, -5.563739157988876194, -5.000000000000000000 ) ) ;
#6325 = CARTESIAN_POINT ( 'NONE',  ( -2.799776449901752340, -5.326812330412152185, -5.000000000000000000 ) ) ;
#6326 = CARTESIAN_POINT ( 'NONE',  ( -3.478731530464239885, -2.811977244750055061, 10.55000000000000071 ) ) ;
#6327 = CARTESIAN_POINT ( 'NONE',  ( -4.061678536503901427, 5.083575693552930375, 10.20000054708695458 ) ) ;
#6328 = CARTESIAN_POINT ( 'NONE',  ( 4.870315119578210172, -3.619154384216599407, 10.54999999999999893 ) ) ;
#6329 = CARTESIAN_POINT ( 'NONE',  ( 5.613891960610702725, -0.4383313065869945402, 3.333333333333333037 ) ) ;
#6330 = CARTESIAN_POINT ( 'NONE',  ( 4.625413678858967259, -4.225163150618185703, 10.54999999999999893 ) ) ;
#6331 = CARTESIAN_POINT ( 'NONE',  ( -2.799776449901752340, -5.326812330412152185, -5.000000000001463718 ) ) ;
#6332 = CARTESIAN_POINT ( 'NONE',  ( -5.461921777634672459, 1.467373371951508743, 0.000000000000000000 ) ) ;
#6333 = CARTESIAN_POINT ( 'NONE',  ( -4.679598926911230805, 3.000007399506147809, 10.55000000000000426 ) ) ;
#6334 = CARTESIAN_POINT ( 'NONE',  ( -4.057804548095641728, 5.184456327696183031, 3.333333333333333037 ) ) ;
#6335 = CARTESIAN_POINT ( 'NONE',  ( -6.321099318534653122, -1.967300149563180778, 10.20000054708695991 ) ) ;
#6336 = CARTESIAN_POINT ( 'NONE',  ( 2.774563950083861918, 4.959725921755433475, -5.000000000000000000 ) ) ;
#6337 = DIRECTION ( 'NONE',  ( -3.293975600896116958E-13, 4.427453442170423041E-13, -1.000000000000000000 ) ) ;
#6338 = CARTESIAN_POINT ( 'NONE',  ( -3.380995196142151826, 5.114203169128169080, 10.20000054708695636 ) ) ;
#6339 = CARTESIAN_POINT ( 'NONE',  ( -4.105402761418074142, 4.659348999389577806, 10.55000000000000249 ) ) ;
#6340 = CARTESIAN_POINT ( 'NONE',  ( 4.847932232408385111, -3.243772495101296727, 10.55000000000000249 ) ) ;
#6341 = CARTESIAN_POINT ( 'NONE',  ( -3.562529458288298034, 5.536492484120600466, -1.666666666666666297 ) ) ;
#6342 = CARTESIAN_POINT ( 'NONE',  ( 1.686775952617222352, -4.481657945622488981, 10.20000054708695103 ) ) ;
#6343 = CARTESIAN_POINT ( 'NONE',  ( 4.873969894515740364, 1.592015537546809023, 0.000000000000000000 ) ) ;
#6344 = VERTEX_POINT ( 'NONE', #4458 ) ;
#6345 = CARTESIAN_POINT ( 'NONE',  ( 1.031001828513870677, 6.120212991247794498, 10.55000000000000426 ) ) ;
#6346 = CARTESIAN_POINT ( 'NONE',  ( -1.467092029728761737, 4.511431265347365382, 10.20000054708695636 ) ) ;
#6347 = CARTESIAN_POINT ( 'NONE',  ( -0.9205061888753190980, -5.440346434162766087, 1.666666666666666297 ) ) ;
#6348 = CARTESIAN_POINT ( 'NONE',  ( 2.151055841164901672, -4.500121884165829478, 10.20000054708695991 ) ) ;
#6349 = CARTESIAN_POINT ( 'NONE',  ( 2.749571552724391132, 4.359467659823722308, 10.20000054708695458 ) ) ;
#6350 = CARTESIAN_POINT ( 'NONE',  ( -0.8000434083657416151, -6.457546346331382026, -6.000000000002620126 ) ) ;
#6351 = CARTESIAN_POINT ( 'NONE',  ( 5.327932640062304159, 2.911227718177960444, 10.20000054708695281 ) ) ;
#6352 = CARTESIAN_POINT ( 'NONE',  ( 4.954707020477381541, -4.419694229627871174, 10.20000054708695458 ) ) ;
#6353 = CARTESIAN_POINT ( 'NONE',  ( -3.270223694902567591, -2.954628821883855228, 10.54999999999999893 ) ) ;
#6354 = CARTESIAN_POINT ( 'NONE',  ( 2.456798597126137018, 5.114322195245585512, 10.54999999999999893 ) ) ;
#6355 = CARTESIAN_POINT ( 'NONE',  ( 2.191199276397524542, 5.707083624343036732, 10.54999999999999716 ) ) ;
#6356 = CARTESIAN_POINT ( 'NONE',  ( 4.553079637902986754, -4.832420171271764708, -5.000000000003666401 ) ) ;
#6357 = CARTESIAN_POINT ( 'NONE',  ( 0.3534438101688358036, 6.267603813795271428, -5.000000000000000000 ) ) ;
#6358 = CARTESIAN_POINT ( 'NONE',  ( 0.8368705459453287254, -4.347871377815750726, 10.54999999999999538 ) ) ;
#6359 = CARTESIAN_POINT ( 'NONE',  ( 2.883094140001884131, 3.313731625655397028, 10.55000000000000426 ) ) ;
#6360 = CARTESIAN_POINT ( 'NONE',  ( 6.576007866396365920, 0.3169947703697444386, -1.666666666666666297 ) ) ;
#6361 = CARTESIAN_POINT ( 'NONE',  ( -4.855738811905608188, 3.284043245163969615, 10.54999999999999716 ) ) ;
#6362 = CARTESIAN_POINT ( 'NONE',  ( -3.840358520603885051, -3.017819880700673085, 0.000000000000000000 ) ) ;
#6363 = CARTESIAN_POINT ( 'NONE',  ( 4.981601821055166468, -0.3774012670190767804, 10.20000054708695458 ) ) ;
#6364 = CARTESIAN_POINT ( 'NONE',  ( 1.982048622023625528, -4.463975086240834500, 5.000000000000000000 ) ) ;
#6365 = CARTESIAN_POINT ( 'NONE',  ( -1.350213967088334632, -6.500749273344065493, -5.000000000000000000 ) ) ;
#6366 = CARTESIAN_POINT ( 'NONE',  ( 5.123227066717328526, -0.2064956504716665142, -5.000000000001805667 ) ) ;
#6367 = CARTESIAN_POINT ( 'NONE',  ( -5.976476242010899220, -1.740509143441728357, -1.666666666666666297 ) ) ;
#6368 = CARTESIAN_POINT ( 'NONE',  ( -3.098594333929849398, -3.099511613558485035, 10.55000000000000604 ) ) ;
#6369 = CARTESIAN_POINT ( 'NONE',  ( -1.982048622023628859, 4.463975086240834500, 10.20000054708695458 ) ) ;
#6370 = DIRECTION ( 'NONE',  ( -3.293975600896118473E-13, 4.427453442170422537E-13, -1.000000000000000000 ) ) ;
#6371 = CARTESIAN_POINT ( 'NONE',  ( 3.189317834731914658, 4.645892071733031869, 3.333333333333333037 ) ) ;
#6372 = CARTESIAN_POINT ( 'NONE',  ( -3.872358905603290324, 3.735029819091830738, 0.000000000000000000 ) ) ;
#6373 = EDGE_CURVE ( 'NONE', #2579, #1695, #2427, .T. ) ;
#6374 = CARTESIAN_POINT ( 'NONE',  ( -5.568336864015317467, -0.05505087213214539255, 10.20000054708695458 ) ) ;
#6375 = CARTESIAN_POINT ( 'NONE',  ( -4.641992031678378261, 0.9265593960873019785, -5.000000000000000000 ) ) ;
#6376 = CARTESIAN_POINT ( 'NONE',  ( -5.571547995330687897, -0.4145788394106015851, 10.55000000000000249 ) ) ;
#6377 = CARTESIAN_POINT ( 'NONE',  ( -2.808106462056327413, 4.773886798726857172, 10.20000054708695458 ) ) ;
#6378 = CARTESIAN_POINT ( 'NONE',  ( -4.860944108240443207, 3.681287396327800998, 10.55000000000000249 ) ) ;
#6379 = CARTESIAN_POINT ( 'NONE',  ( -4.251225118266887648, 3.517354962005789343, -1.666666666666666297 ) ) ;
#6380 = CARTESIAN_POINT ( 'NONE',  ( 2.645297754639932997, -4.667108841118969842, 10.20000054708695458 ) ) ;
#6381 = ORIENTED_EDGE ( 'NONE', *, *, #4784, .T. ) ;
#6382 = CARTESIAN_POINT ( 'NONE',  ( -2.144444241154823683, 4.499646906095949639, 10.20000054708695458 ) ) ;
#6383 = CARTESIAN_POINT ( 'NONE',  ( -0.1220607304236060869, -5.082794351157219559, 3.333333333333333037 ) ) ;
#6384 = CARTESIAN_POINT ( 'NONE',  ( 1.996895572397778817, -4.482083453111901150, 10.20000054708695458 ) ) ;
#6385 = CARTESIAN_POINT ( 'NONE',  ( 3.977968788715645854, 2.953637252731772911, 10.20000054708695281 ) ) ;
#6386 = CARTESIAN_POINT ( 'NONE',  ( -2.774563950084190544, -4.959725921754991163, -6.000000000001307399 ) ) ;
#6387 = CARTESIAN_POINT ( 'NONE',  ( 5.838161332401305081, 0.1242642402117180439, 10.20000054708695814 ) ) ;
#6388 = CARTESIAN_POINT ( 'NONE',  ( 5.380059953839476883, -0.02379233995175442443, 5.000000000000024869 ) ) ;
#6389 = CARTESIAN_POINT ( 'NONE',  ( -3.626590992500538846, -2.728751996381944878, 10.55000000000000249 ) ) ;
#6390 = CARTESIAN_POINT ( 'NONE',  ( 2.378591429529578249, 4.833897904223787734, 10.55000000000000249 ) ) ;
#6391 = CARTESIAN_POINT ( 'NONE',  ( -4.028894480281568491, 5.206954424155694205, 1.666666666666666297 ) ) ;
#6392 = CARTESIAN_POINT ( 'NONE',  ( 2.411574516515904598, 4.988584474878513753, 10.54999999999999893 ) ) ;
#6393 = CARTESIAN_POINT ( 'NONE',  ( 1.002549712166489693, 5.675644021868740730, -1.666666666666666297 ) ) ;
#6394 = CARTESIAN_POINT ( 'NONE',  ( 1.478383665298333760, -4.153753419801223146, 10.55000000000000426 ) ) ;
#6395 = CARTESIAN_POINT ( 'NONE',  ( 2.391847804354575668, 4.912695042520396349, 10.55000000000000071 ) ) ;
#6396 = CARTESIAN_POINT ( 'NONE',  ( 5.371053174174040379, 1.454363143550995607, 0.000000000000000000 ) ) ;
#6397 = CARTESIAN_POINT ( 'NONE',  ( -4.771453672849816918, -2.386201666620088702, -3.333333333333333037 ) ) ;
#6398 = CARTESIAN_POINT ( 'NONE',  ( 5.927688574074545080, 0.7041683521835553350, 10.55000000000000071 ) ) ;
#6399 = CARTESIAN_POINT ( 'NONE',  ( -1.298451264820543294, -5.221076087381561592, 0.000000000000000000 ) ) ;
#6400 = CARTESIAN_POINT ( 'NONE',  ( 3.213266569546250118, -5.088083704188173684, -5.000000000000000000 ) ) ;
#6401 = CARTESIAN_POINT ( 'NONE',  ( 4.603342582428153307, -2.258170310738746966, -5.000000000002542855 ) ) ;
#6402 = CARTESIAN_POINT ( 'NONE',  ( -3.840358520603885051, -3.017819880700673085, 0.000000000000000000 ) ) ;
#6403 = CARTESIAN_POINT ( 'NONE',  ( -4.292139061342112427, -2.511210906127189890, 10.55000000000000249 ) ) ;
#6404 = CARTESIAN_POINT ( 'NONE',  ( 2.814033178045507899, 5.085783199819224443, 10.20000054708695458 ) ) ;
#6405 = CARTESIAN_POINT ( 'NONE',  ( 4.740869530200122917, -4.037106957316954237, 10.55000000000000249 ) ) ;
#6406 = CARTESIAN_POINT ( 'NONE',  ( 4.516332414954610464, -1.859659088761142609, -5.000000000000000000 ) ) ;
#6407 = CARTESIAN_POINT ( 'NONE',  ( -1.058259038248090533, -5.016989528068906523, 0.000000000000000000 ) ) ;
#6408 = CARTESIAN_POINT ( 'NONE',  ( 2.874891515540367593, 3.948492002339777152, 5.000000000000000000 ) ) ;
#6409 = CARTESIAN_POINT ( 'NONE',  ( -2.019198866007305249, 5.398229052130370853, 1.666666666666666297 ) ) ;
#6410 = CARTESIAN_POINT ( 'NONE',  ( -6.087027453060326998, -0.3332998340861926811, 10.20000054708695458 ) ) ;
#6411 = CARTESIAN_POINT ( 'NONE',  ( 4.332597396339690654, -3.603423537775492846, -1.666666666666666297 ) ) ;
#6412 = CARTESIAN_POINT ( 'NONE',  ( -5.525130346082407051, -0.4052937246331591026, 10.55000000000000249 ) ) ;
#6413 = CARTESIAN_POINT ( 'NONE',  ( -4.689164524551607371, 2.426733136144253233, 10.20000054708695458 ) ) ;
#6414 = CARTESIAN_POINT ( 'NONE',  ( -4.790196701885069963, 3.927949818898817558, 10.55000000000000071 ) ) ;
#6415 = CARTESIAN_POINT ( 'NONE',  ( -3.067254368480954341, 5.888528640545017900, 0.000000000000000000 ) ) ;
#6416 = CARTESIAN_POINT ( 'NONE',  ( 4.099252496795944722, -5.040958386179227979, 10.20000054708695458 ) ) ;
#6417 = ADVANCED_FACE ( 'NONE', ( #6799 ), #2513, .F. ) ;
#6418 = SURFACE_SIDE_STYLE ('',( #3963 ) ) ;
#6419 = CARTESIAN_POINT ( 'NONE',  ( -1.489833371651404281, 4.507278159779968263, 10.20000054708695281 ) ) ;
#6420 = CARTESIAN_POINT ( 'NONE',  ( 2.997400859223743996, -4.979915817394206634, 5.000000000000000000 ) ) ;
#6421 = CARTESIAN_POINT ( 'NONE',  ( 1.583682074828952624, -4.492368384683452120, 10.20000054708695458 ) ) ;
#6422 = CARTESIAN_POINT ( 'NONE',  ( 2.623710083610230726, 5.717610546163421681, 10.20000054708695458 ) ) ;
#6423 = CARTESIAN_POINT ( 'NONE',  ( 6.037713299887202290, 2.442873417335172270, 10.20000054708695281 ) ) ;
#6424 = CARTESIAN_POINT ( 'NONE',  ( -2.720514888768945205, -4.728692339370398123, 10.20000054708695281 ) ) ;
#6425 = CARTESIAN_POINT ( 'NONE',  ( -5.699475538844982481, -2.295747553784457828, 10.55000000000000604 ) ) ;
#6426 = CARTESIAN_POINT ( 'NONE',  ( 0.8672810016055282345, 6.084337827470424287, 10.54999999999999893 ) ) ;
#6427 = CARTESIAN_POINT ( 'NONE',  ( 1.538656654977722305, -4.145162934613140671, 10.55000000000000071 ) ) ;
#6428 = CARTESIAN_POINT ( 'NONE',  ( -2.428801638924724227, 5.084976303599238356, 3.333333333333333037 ) ) ;
#6429 = CARTESIAN_POINT ( 'NONE',  ( 1.525851511670023530, 6.087049905056365340, 10.55000000000000249 ) ) ;
#6430 = CARTESIAN_POINT ( 'NONE',  ( 1.708410305071416779, 5.770183011040061594, 0.000000000000000000 ) ) ;
#6431 = CARTESIAN_POINT ( 'NONE',  ( 3.485469073971514398, -4.775624155424049277, 10.54999999999999893 ) ) ;
#6432 = CARTESIAN_POINT ( 'NONE',  ( 2.411729573622528378, 4.987861483358529746, 10.55000000000000071 ) ) ;
#6433 = CARTESIAN_POINT ( 'NONE',  ( 5.976476242010902773, 1.740509143441727025, -1.666666666666666297 ) ) ;
#6434 = CARTESIAN_POINT ( 'NONE',  ( -5.171731312442196860, -1.922991464093475100, -1.666666666666666297 ) ) ;
#6435 = CARTESIAN_POINT ( 'NONE',  ( 4.701641300626200781, -0.8312079943594993248, 10.20000054708695281 ) ) ;
#6436 = CARTESIAN_POINT ( 'NONE',  ( 3.945042019279603185, -3.924286919456758227, 0.000000000000000000 ) ) ;
#6437 = CARTESIAN_POINT ( 'NONE',  ( -4.386180324580204015, -2.852331941554329564, 10.20000054708695991 ) ) ;
#6438 = CARTESIAN_POINT ( 'NONE',  ( 3.157751915936378495, 3.544775401774898693, 10.20000054708695814 ) ) ;
#6439 = CARTESIAN_POINT ( 'NONE',  ( -6.304921007630881924, -2.081055046146128351, -5.000000000000000000 ) ) ;
#6440 = CARTESIAN_POINT ( 'NONE',  ( 5.678215680000000987, 0.07738646000000012903, -5.000000000001862510 ) ) ;
#6441 = CARTESIAN_POINT ( 'NONE',  ( -4.312018030364509258, -2.205101750084089041, -1.666666666666666297 ) ) ;
#6442 = VECTOR ( 'NONE', #3673, 1000.000000000000000 ) ;
#6443 = CARTESIAN_POINT ( 'NONE',  ( -5.040327901294268109, -2.594553412004511728, 10.54999999999999893 ) ) ;
#6444 = CARTESIAN_POINT ( 'NONE',  ( 6.304921007630883700, 2.081055046146127907, 10.20000054708695458 ) ) ;
#6445 = CARTESIAN_POINT ( 'NONE',  ( 5.485244520293449000, -1.469766840030114929, 0.000000000000000000 ) ) ;
#6446 = CARTESIAN_POINT ( 'NONE',  ( 3.972996821740307105, -2.573304974326867889, 0.000000000000000000 ) ) ;
#6447 = AXIS2_PLACEMENT_3D ( 'NONE', #1364, #1284, #3834 ) ;
#6448 = CARTESIAN_POINT ( 'NONE',  ( 3.718589996354460858, 2.864148441214862562, 3.333333333333333037 ) ) ;
#6449 = CARTESIAN_POINT ( 'NONE',  ( 5.310310022141520037, -0.5112103155022512668, -3.333333333333333037 ) ) ;
#6450 = CARTESIAN_POINT ( 'NONE',  ( -5.851330226675901969, 1.405564791000387670, 0.000000000000000000 ) ) ;
#6451 = CARTESIAN_POINT ( 'NONE',  ( -5.044456783123973054, 0.3051409322548902514, 10.20000054708695636 ) ) ;
#6452 = CARTESIAN_POINT ( 'NONE',  ( 4.533687937200369333, -1.816938096579818529, 0.000000000000000000 ) ) ;
#6453 = CARTESIAN_POINT ( 'NONE',  ( -3.270632596213946641, -2.954316397340549294, 10.55000000000000249 ) ) ;
#6454 = CARTESIAN_POINT ( 'NONE',  ( -4.822257254351664635, 3.173823432565477720, 10.55000000000000249 ) ) ;
#6455 = CARTESIAN_POINT ( 'NONE',  ( 0.8000434083654105466, 6.457546346331824338, -5.000000000000000000 ) ) ;
#6456 = CARTESIAN_POINT ( 'NONE',  ( 3.574570014068100932, -5.131835500189642296, 10.20000054708695281 ) ) ;
#6457 = EDGE_LOOP ( 'NONE', ( #461, #6782 ) ) ;
#6458 = CARTESIAN_POINT ( 'NONE',  ( -2.232742970503098778, 4.516101794462994867, 10.20000054708695458 ) ) ;
#6459 = CARTESIAN_POINT ( 'NONE',  ( 3.930152937962595683, -5.185930219046910317, 0.000000000000000000 ) ) ;
#6460 = CARTESIAN_POINT ( 'NONE',  ( 5.087301196604417264, -4.123983748215211520, 10.20000054708695458 ) ) ;
#6461 = CARTESIAN_POINT ( 'NONE',  ( 2.493912359141318369, 5.893900251998330120, 10.20000054708695814 ) ) ;
#6462 = EDGE_CURVE ( 'NONE', #4036, #4753, #739, .T. ) ;
#6463 = CARTESIAN_POINT ( 'NONE',  ( -2.382186119428303606, -4.860071466653614003, 10.55000000000000071 ) ) ;
#6464 = CARTESIAN_POINT ( 'NONE',  ( 0.3677705719742273005, 5.798354378241254103, 10.55000000000000249 ) ) ;
#6465 = CARTESIAN_POINT ( 'NONE',  ( 1.179432434539152030, -4.220417473491707483, 10.55000000000000071 ) ) ;
#6466 = CARTESIAN_POINT ( 'NONE',  ( -5.992420882725949305, -2.535915251145073324, 5.000000000000000000 ) ) ;
#6467 = CARTESIAN_POINT ( 'NONE',  ( 3.769057341783815573, -4.768179511973558604, 10.55000000000000071 ) ) ;
#6468 = CARTESIAN_POINT ( 'NONE',  ( 0.2627267969398588421, 5.579212704573404125, 10.55000000000000249 ) ) ;
#6469 = ADVANCED_FACE ( 'NONE', ( #2142 ), #3907, .F. ) ;
#6470 = CARTESIAN_POINT ( 'NONE',  ( 0.5901598843358477620, 5.049891939613061709, -1.666666666666666297 ) ) ;
#6471 = CARTESIAN_POINT ( 'NONE',  ( 4.405898389480098487, -2.641345168438387514, 10.54999999999999893 ) ) ;
#6472 = CARTESIAN_POINT ( 'NONE',  ( 2.431837750258218023, 5.046015955785728480, 10.55000000000000249 ) ) ;
#6473 = CARTESIAN_POINT ( 'NONE',  ( -5.546108530118017299, -0.04747504502760865885, 10.20000054708695636 ) ) ;
#6474 = CARTESIAN_POINT ( 'NONE',  ( -4.658881276234455804, 4.178695057984032069, 10.55000000000000959 ) ) ;
#6475 = CARTESIAN_POINT ( 'NONE',  ( -4.533687937200373774, -1.816938096579815864, 0.000000000000000000 ) ) ;
#6476 = CARTESIAN_POINT ( 'NONE',  ( 5.895169791849885321, 2.042788772009697329, 10.54999999999999538 ) ) ;
#6477 = CARTESIAN_POINT ( 'NONE',  ( 2.508299862615523512, -5.189072434762286967, 3.333333333333333037 ) ) ;
#6478 = LINE ( 'NONE', #2796, #7450 ) ;
#6479 = CARTESIAN_POINT ( 'NONE',  ( -2.740444013175199700, -4.333596967199338401, -5.000000000000000000 ) ) ;
#6480 = CARTESIAN_POINT ( 'NONE',  ( -4.124973028837838562, -2.542488161338704256, 10.55000000000000426 ) ) ;
#6481 = CARTESIAN_POINT ( 'NONE',  ( 5.007205532966265693, 2.951587071971437659, 5.000000000000023093 ) ) ;
#6482 = CARTESIAN_POINT ( 'NONE',  ( 4.215045891529113575, -2.154063696584811893, 0.000000000000000000 ) ) ;
#6483 = CARTESIAN_POINT ( 'NONE',  ( 4.873969894515740364, 1.592015537546809023, 0.000000000000000000 ) ) ;
#6484 = CARTESIAN_POINT ( 'NONE',  ( 5.371053174174044820, -1.454363143550995607, 0.000000000000000000 ) ) ;
#6485 = CARTESIAN_POINT ( 'NONE',  ( -5.371053174174045708, 1.454363143550995829, 0.000000000000000000 ) ) ;
#6486 = CARTESIAN_POINT ( 'NONE',  ( -3.445701693630628171, -3.261978047757707166, 10.20000054708695636 ) ) ;
#6487 = CARTESIAN_POINT ( 'NONE',  ( -4.960140980963361201, 2.773821869950453323, -5.999999999997174704 ) ) ;
#6488 = CARTESIAN_POINT ( 'NONE',  ( 3.815710851444236607, -3.424973976468142833, 0.000000000000000000 ) ) ;
#6489 = CARTESIAN_POINT ( 'NONE',  ( -2.456267462105677701, -5.139943060175024669, 10.55000000000000071 ) ) ;
#6490 = CARTESIAN_POINT ( 'NONE',  ( -3.836300670475270014, 4.753646086287893091, 10.54999999999999893 ) ) ;
#6491 = CARTESIAN_POINT ( 'NONE',  ( -0.2420490677627293863, 4.727368662354397344, 0.000000000000000000 ) ) ;
#6492 = CARTESIAN_POINT ( 'NONE',  ( 2.688169312950384526, -4.691456221008770910, 10.20000054708695458 ) ) ;
#6493 = ORIENTED_EDGE ( 'NONE', *, *, #85, .T. ) ;
#6494 = CARTESIAN_POINT ( 'NONE',  ( -0.4000791013685341957, 5.078188792592175815, 10.20000054708695458 ) ) ;
#6495 = CARTESIAN_POINT ( 'NONE',  ( 1.755442576329603321, -5.037772316622269209, 1.666666666666666297 ) ) ;
#6496 = CARTESIAN_POINT ( 'NONE',  ( 4.578279829069275664, -2.121290755236148406, 10.20000054708695458 ) ) ;
#6497 = CARTESIAN_POINT ( 'NONE',  ( 2.517046236406223159, 5.866309817003237725, 10.20000054708695458 ) ) ;
#6498 = CARTESIAN_POINT ( 'NONE',  ( -5.811434037490420756, -0.1058673776729208010, -5.999999999998157918 ) ) ;
#6499 = CARTESIAN_POINT ( 'NONE',  ( 5.811434037490126769, 0.1058673776733864980, 5.000000000000000000 ) ) ;
#6500 = CARTESIAN_POINT ( 'NONE',  ( -1.745555064361626219, -6.014519918486985972, 10.54999999999999716 ) ) ;
#6501 = CARTESIAN_POINT ( 'NONE',  ( -0.2218188410064032001, 4.761452644090972797, 10.55000000000000249 ) ) ;
#6502 = CARTESIAN_POINT ( 'NONE',  ( -5.123227066717332967, 0.2064956504716642105, 5.000000000000000000 ) ) ;
#6503 = CARTESIAN_POINT ( 'NONE',  ( -2.648744266329302821, -5.676031870163932957, 10.20000054708695458 ) ) ;
#6504 = CARTESIAN_POINT ( 'NONE',  ( 5.710642488026474339, 0.07951964821812110285, 10.20000054708695103 ) ) ;
#6505 = CARTESIAN_POINT ( 'NONE',  ( 2.047002738276181955, 5.837925686234433087, 10.55000000000000071 ) ) ;
#6506 = CARTESIAN_POINT ( 'NONE',  ( -5.431067589837128118, 0.004464400492027123350, 10.20000054708695636 ) ) ;
#6507 = CARTESIAN_POINT ( 'NONE',  ( 4.874134243813756484, -3.398744858985142336, 10.55000000000000249 ) ) ;
#6508 = CARTESIAN_POINT ( 'NONE',  ( 5.705468039007899783, 0.08215326004263433235, -5.000000000000000000 ) ) ;
#6509 = CARTESIAN_POINT ( 'NONE',  ( -4.787997478015107333, 0.06676506440802316977, 10.55000000000000426 ) ) ;
#6510 = CARTESIAN_POINT ( 'NONE',  ( -4.773087588978501827, -2.860248105178433864, -5.000000000000000000 ) ) ;
#6511 = CARTESIAN_POINT ( 'NONE',  ( 6.050968037448093639, 1.002229183736712104, 10.55000000000000604 ) ) ;
#6512 = CARTESIAN_POINT ( 'NONE',  ( 3.069363961253912088, -5.415408124717998817, 3.333333333333333037 ) ) ;
#6513 = CARTESIAN_POINT ( 'NONE',  ( 4.696185157094015850, -0.1734437761466104955, 10.54999999999999716 ) ) ;
#6514 = CARTESIAN_POINT ( 'NONE',  ( 4.603342582428153307, -2.258170310738746966, -5.000000000000000000 ) ) ;
#6515 = CARTESIAN_POINT ( 'NONE',  ( -5.851330226675902857, -1.405564791000387226, 0.000000000000000000 ) ) ;
#6516 = CARTESIAN_POINT ( 'NONE',  ( -1.904998189758478455, -5.934246136520286541, 10.54999999999999893 ) ) ;
#6517 = CARTESIAN_POINT ( 'NONE',  ( 4.571775429901920873, 2.836279366628511767, 5.000000000000023093 ) ) ;
#6518 = CARTESIAN_POINT ( 'NONE',  ( 4.263648151285305943, -2.296892756651053968, 10.54999999999999716 ) ) ;
#6519 = CARTESIAN_POINT ( 'NONE',  ( 4.018825604028020138, 4.018224371688232210, 0.000000000000000000 ) ) ;
#6520 = CARTESIAN_POINT ( 'NONE',  ( -6.448597502081399924, 0.2151884589974753514, 1.666666666666666297 ) ) ;
#6521 = CARTESIAN_POINT ( 'NONE',  ( -6.200356523678506093, -2.212953659774336668, 10.20000054708695458 ) ) ;
#6522 = CARTESIAN_POINT ( 'NONE',  ( -0.07787028463713520365, 5.682519034185218310, -5.999999999997496225 ) ) ;
#6523 = CARTESIAN_POINT ( 'NONE',  ( 5.059752145698424464, -2.860573665242248431, -5.000000000000000000 ) ) ;
#6524 = CARTESIAN_POINT ( 'NONE',  ( -2.414651930485560705, -4.997405860305938141, 10.55000000000000071 ) ) ;
#6525 = CARTESIAN_POINT ( 'NONE',  ( -4.184609472404849484, 1.894398546571972153, 10.55000000000000249 ) ) ;
#6526 = CARTESIAN_POINT ( 'NONE',  ( 3.013478411332711104, 5.853487255403841516, -1.666666666666666297 ) ) ;
#6527 = CARTESIAN_POINT ( 'NONE',  ( 4.930964955859769461, -4.399621748533396826, 10.20000054708695458 ) ) ;
#6528 = VERTEX_POINT ( 'NONE', #857 ) ;
#6529 = CARTESIAN_POINT ( 'NONE',  ( -3.499179452329792994, 5.128432304315590606, 10.20000054708695814 ) ) ;
#6530 = CARTESIAN_POINT ( 'NONE',  ( 4.018825604028019249, -4.018224371688233099, 0.000000000000000000 ) ) ;
#6531 = CARTESIAN_POINT ( 'NONE',  ( 4.283328043642514515, -4.962094867867367753, 10.20000054708695636 ) ) ;
#6532 = CARTESIAN_POINT ( 'NONE',  ( 0.7108724082341908446, 6.403767977197319716, 10.20000054708695814 ) ) ;
#6533 = CARTESIAN_POINT ( 'NONE',  ( -2.370933482216291299, -4.746959169848201654, 10.54999999999999893 ) ) ;
#6534 = CARTESIAN_POINT ( 'NONE',  ( 0.2844187736139570655, 5.685898977158028167, 10.54999999999999893 ) ) ;
#6535 = CARTESIAN_POINT ( 'NONE',  ( -6.013043029953458962, -0.2387286294167565714, 5.000000000000000000 ) ) ;
#6536 = CARTESIAN_POINT ( 'NONE',  ( -2.410456998449656663, -5.983748269040098045, 10.20000054708695103 ) ) ;
#6537 = CARTESIAN_POINT ( 'NONE',  ( 0.4483010050627572185, 5.875529594782245901, 10.54999999999999893 ) ) ;
#6538 = CARTESIAN_POINT ( 'NONE',  ( 4.350037386589998611, -2.530155521860571355, 10.55000000000000249 ) ) ;
#6539 = CARTESIAN_POINT ( 'NONE',  ( 5.678215679854710984, 0.07738645997458688808, -5.000000000000932587 ) ) ;
#6540 = CARTESIAN_POINT ( 'NONE',  ( -4.967756312006512687, -0.1027441961412515065, 10.54999999999999716 ) ) ;
#6541 = CARTESIAN_POINT ( 'NONE',  ( -5.040141342650134249, 0.6683356128300457222, -3.333333333333333037 ) ) ;
#6542 = CARTESIAN_POINT ( 'NONE',  ( 5.131861035165745655, 2.593206566717125128, 10.55000000000000071 ) ) ;
#6543 = CARTESIAN_POINT ( 'NONE',  ( 2.044647574793998501, -5.935250330072825875, 0.000000000000000000 ) ) ;
#6544 = CARTESIAN_POINT ( 'NONE',  ( 5.248533672560229846, 2.943904212591497149, -5.000000000000000000 ) ) ;
#6545 = CARTESIAN_POINT ( 'NONE',  ( 4.863591316241458351, -2.703491047103842249, -5.000000000000000000 ) ) ;
#6546 = CARTESIAN_POINT ( 'NONE',  ( -4.749189404962484318, 0.9493014229605959420, -3.333333333333333037 ) ) ;
#6547 = CARTESIAN_POINT ( 'NONE',  ( -5.108598224881163219, 2.930228441654237237, 10.20000054708695636 ) ) ;
#6548 = CARTESIAN_POINT ( 'NONE',  ( -2.416917448830853576, -4.241752522601288433, 10.55000000000000426 ) ) ;
#6549 = CARTESIAN_POINT ( 'NONE',  ( 4.196391740474555654, -1.993520061320666281, 10.55000000000000071 ) ) ;
#6550 = CARTESIAN_POINT ( 'NONE',  ( 2.774563950083861918, 4.959725921755433475, 10.20000054708695458 ) ) ;
#6551 = CARTESIAN_POINT ( 'NONE',  ( 2.907966664692025471, -4.882705828915998580, -5.000000000000000000 ) ) ;
#6552 = CARTESIAN_POINT ( 'NONE',  ( -1.982048622023958595, 4.463975086241276813, -5.999999999997395861 ) ) ;
#6553 = CARTESIAN_POINT ( 'NONE',  ( 0.8088334192012713864, 5.273188507352591259, 1.666666666666666297 ) ) ;
#6554 = AXIS2_PLACEMENT_3D ( 'NONE', #3153, #6971, #2647 ) ;
#6555 = CARTESIAN_POINT ( 'NONE',  ( -0.2627234177310607266, -5.582433710911765878, 10.55000000000000249 ) ) ;
#6556 = CARTESIAN_POINT ( 'NONE',  ( -6.013043029953458962, -0.2387286294167565714, 5.000000000000000000 ) ) ;
#6557 = CARTESIAN_POINT ( 'NONE',  ( -5.467319254391405536, -2.865235017727405520, 10.20000054708695281 ) ) ;
#6558 = CARTESIAN_POINT ( 'NONE',  ( -5.192377491129304801, 3.921631092083762482, -5.999999999996590283 ) ) ;
#6559 = CARTESIAN_POINT ( 'NONE',  ( 4.873969894515741252, -1.592015537546809467, 0.000000000000000000 ) ) ;
#6560 = CARTESIAN_POINT ( 'NONE',  ( -2.410041490918034768, -5.369020036188084433, 10.55000000000000071 ) ) ;
#6561 = CARTESIAN_POINT ( 'NONE',  ( -4.289711902936704568, 2.378740792772647605, 10.55000000000000959 ) ) ;
#6562 = CARTESIAN_POINT ( 'NONE',  ( 0.9543576300478099350, 5.553851180038733126, -1.666666666666666297 ) ) ;
#6563 = CARTESIAN_POINT ( 'NONE',  ( 4.523731368303439915, -1.625260127967441237, 10.20000054708695458 ) ) ;
#6564 = CIRCLE ( 'NONE', #1796, 2.850000000000931788 ) ;
#6565 = CARTESIAN_POINT ( 'NONE',  ( -6.255643805310284300, -0.5241188672390326708, 10.20000054708695458 ) ) ;
#6566 = LINE ( 'NONE', #3433, #2817 ) ;
#6567 = CARTESIAN_POINT ( 'NONE',  ( -3.102537981356531471, 4.570544509331535110, 10.55000000000000071 ) ) ;
#6568 = CARTESIAN_POINT ( 'NONE',  ( 4.142919934894312206, 4.364618222124520663, 0.000000000000000000 ) ) ;
#6569 = CARTESIAN_POINT ( 'NONE',  ( -5.072184693638204678, 4.156451546745985048, 10.20000054708695281 ) ) ;
#6570 = CARTESIAN_POINT ( 'NONE',  ( 1.530097869399083210, -5.607385669498446745, 0.000000000000000000 ) ) ;
#6571 = CARTESIAN_POINT ( 'NONE',  ( 5.203568937200236277, -3.234918196423576031, 10.20000054708695458 ) ) ;
#6572 = CARTESIAN_POINT ( 'NONE',  ( 1.902030329797411934, 6.328206928706541667, 10.20000054708695458 ) ) ;
#6573 = CARTESIAN_POINT ( 'NONE',  ( -4.773087588978831342, -2.860248105177991107, -5.999999999999719336 ) ) ;
#6574 = CARTESIAN_POINT ( 'NONE',  ( -2.768954958871852501, -4.277241798512635640, 10.20000054708695458 ) ) ;
#6575 = CARTESIAN_POINT ( 'NONE',  ( -2.368754420598716326, -4.662024183271333833, 10.54999999999999716 ) ) ;
#6576 = CARTESIAN_POINT ( 'NONE',  ( 0.1704022720369405830, -5.377413347294209167, -6.000000000002474465 ) ) ;
#6577 = CARTESIAN_POINT ( 'NONE',  ( 2.756588354359375881, 4.916084853623857498, 10.20000054708695814 ) ) ;
#6578 = CARTESIAN_POINT ( 'NONE',  ( -5.959138762194273298, 0.3093691773889581942, 3.333333333333333037 ) ) ;
#6579 = CARTESIAN_POINT ( 'NONE',  ( 1.861395342659009522, 5.958777031496467202, 10.54999999999999716 ) ) ;
#6580 = CARTESIAN_POINT ( 'NONE',  ( 4.126400629377461549, -4.649135468694683304, 10.55000000000000071 ) ) ;
#6581 = DIRECTION ( 'NONE',  ( 0.000000000000000000, 1.000000000000000000, 4.427014310692783937E-13 ) ) ;
#6582 = CARTESIAN_POINT ( 'NONE',  ( -4.277169614577028156, 0.9691451986540395858, 10.54999999999999716 ) ) ;
#6583 = CARTESIAN_POINT ( 'NONE',  ( -4.499676651628622182, 1.335727496253138691, -3.333333333333333037 ) ) ;
#6584 = CARTESIAN_POINT ( 'NONE',  ( 6.088945427193253934, 1.242207915314738731, 10.54999999999999893 ) ) ;
#6585 = CARTESIAN_POINT ( 'NONE',  ( 2.711647814721307892, -5.315450139805472318, 3.333333333333333037 ) ) ;
#6586 = CARTESIAN_POINT ( 'NONE',  ( 6.162401348110472910, 1.196908415135738979, 0.000000000000000000 ) ) ;
#6587 = CARTESIAN_POINT ( 'NONE',  ( 4.447178508838747213, -0.5526961295949409658, 10.55000000000000249 ) ) ;
#6588 = APPLICATION_PROTOCOL_DEFINITION ( 'draft international standard', 'automotive_design', 1998, #3691 ) ;
#6589 = CARTESIAN_POINT ( 'NONE',  ( 6.091518075172515090, 1.350057577537467468, 10.55000000000000249 ) ) ;
#6590 = CARTESIAN_POINT ( 'NONE',  ( -5.240560090443564967, 0.9986282910527481960, -1.666666666666666297 ) ) ;
#6591 = CARTESIAN_POINT ( 'NONE',  ( -5.221058192170363377, 3.632212292855029112, 10.20000054708695281 ) ) ;
#6592 = CARTESIAN_POINT ( 'NONE',  ( -1.718210574339787300, -6.025791090187948562, 10.55000000000000249 ) ) ;
#6593 = CARTESIAN_POINT ( 'NONE',  ( 4.531141793322772671, -2.840187194407036042, 10.54999999999999893 ) ) ;
#6594 = CARTESIAN_POINT ( 'NONE',  ( -1.518572041796066863, 4.483362720821385317, 5.000000000000023093 ) ) ;
#6595 = CARTESIAN_POINT ( 'NONE',  ( 1.908458813630810491, 6.359292723372316658, -5.000000000000000000 ) ) ;
#6596 = CARTESIAN_POINT ( 'NONE',  ( 4.142919934894312206, -4.364618222124516222, 0.000000000000000000 ) ) ;
#6597 = CARTESIAN_POINT ( 'NONE',  ( -1.052720001348413037, 4.615017103915655561, -5.999999999997634781 ) ) ;
#6598 = CARTESIAN_POINT ( 'NONE',  ( -0.07787028463680581436, 5.682519034184775997, 5.000000000000000000 ) ) ;
#6599 = CARTESIAN_POINT ( 'NONE',  ( -0.5963406106674209450, -5.985225761644541009, 10.55000000000000071 ) ) ;
#6600 = CARTESIAN_POINT ( 'NONE',  ( -4.499676651628622182, 1.335727496253138691, 3.333333333333333037 ) ) ;
#6601 = CARTESIAN_POINT ( 'NONE',  ( -4.868457549597333234, -2.903124460883883984, 10.20000054708695458 ) ) ;
#6602 = CARTESIAN_POINT ( 'NONE',  ( -0.07787028463680581436, 5.682519034184775997, -4.999999999997485567 ) ) ;
#6603 = CARTESIAN_POINT ( 'NONE',  ( -0.2463348856000776577, -4.836868028925129792, -1.666666666666666297 ) ) ;
#6604 = CARTESIAN_POINT ( 'NONE',  ( -2.790990329136492587, -3.428232467375370351, 10.54999999999999893 ) ) ;
#6605 = CARTESIAN_POINT ( 'NONE',  ( -4.188554564412821257, 1.398613028041461259, 10.55000000000000071 ) ) ;
#6606 = CARTESIAN_POINT ( 'NONE',  ( 4.831645999338945785, -2.656976535845965159, 10.20000054708695281 ) ) ;
#6607 = CARTESIAN_POINT ( 'NONE',  ( 2.085638002009131853, -4.138803570693508682, 10.54999999999999893 ) ) ;
#6608 = FACE_OUTER_BOUND ( 'NONE', #2661, .T. ) ;
#6609 = CARTESIAN_POINT ( 'NONE',  ( -3.067254368480954341, 5.888528640545017900, 0.000000000000000000 ) ) ;
#6610 = CARTESIAN_POINT ( 'NONE',  ( -1.347374551801295839, 4.168915211331369441, 10.55000000000000249 ) ) ;
#6611 = CARTESIAN_POINT ( 'NONE',  ( -3.459870069601548526, 5.124993594455498069, 10.20000054708695281 ) ) ;
#6612 = CARTESIAN_POINT ( 'NONE',  ( 3.945042019279603185, -3.924286919456758227, 0.000000000000000000 ) ) ;
#6613 = CARTESIAN_POINT ( 'NONE',  ( 4.714173653230958827, -2.475504607459788620, 10.20000054708695281 ) ) ;
#6614 = CARTESIAN_POINT ( 'NONE',  ( -1.288355813949316309, 4.552986937761454023, 10.20000054708695281 ) ) ;
#6615 = CARTESIAN_POINT ( 'NONE',  ( -0.4658639032099345934, -6.304354981981945549, 10.20000054708695458 ) ) ;
#6616 = CARTESIAN_POINT ( 'NONE',  ( -2.297491832333060646, -5.576647628241938826, 10.55000000000000071 ) ) ;
#6617 = ORIENTED_EDGE ( 'NONE', *, *, #6227, .F. ) ;
#6618 = CARTESIAN_POINT ( 'NONE',  ( 4.268835148979881033, 2.869950846740217720, 10.20000054708695636 ) ) ;
#6619 = CARTESIAN_POINT ( 'NONE',  ( -6.448597502081399924, 0.2151884589974753514, 1.666666666666666297 ) ) ;
#6620 = CARTESIAN_POINT ( 'NONE',  ( -2.718794946037524252, -4.661437319069704266, 10.20000054708695103 ) ) ;
#6621 = CARTESIAN_POINT ( 'NONE',  ( -0.09169941059652531035, 4.897313466715703889, 10.54999999999999716 ) ) ;
#6622 = CARTESIAN_POINT ( 'NONE',  ( -5.297742420079146086, 0.08599843574758568587, 10.20000054708695458 ) ) ;
#6623 = CARTESIAN_POINT ( 'NONE',  ( 4.236217322123063234, -4.587483734840406946, 10.55000000000000249 ) ) ;
#6624 = CARTESIAN_POINT ( 'NONE',  ( -1.861096214506317742E-12, 2.501511194826304546E-12, -10.65000000000003233 ) ) ;
#6625 = CARTESIAN_POINT ( 'NONE',  ( -3.051911223688900776, -3.681562435297324409, 10.20000054708695281 ) ) ;
#6626 = CARTESIAN_POINT ( 'NONE',  ( -4.351306334600794301, 0.7607403383181297052, 10.54999999999999716 ) ) ;
#6627 = CARTESIAN_POINT ( 'NONE',  ( -4.215045891529110023, 2.154063696584812337, 0.000000000000000000 ) ) ;
#6628 = CARTESIAN_POINT ( 'NONE',  ( 5.596480757803778516, 2.387106576489554932, 10.54999999999999716 ) ) ;
#6629 = CARTESIAN_POINT ( 'NONE',  ( 3.067254368480953453, -5.888528640545023229, 0.000000000000000000 ) ) ;
#6630 = CARTESIAN_POINT ( 'NONE',  ( 5.992420882725946640, 2.535915251145075544, -5.000000000000000000 ) ) ;
#6631 = CARTESIAN_POINT ( 'NONE',  ( 6.001114782913407275, 0.8485270513148372995, 10.55000000000000604 ) ) ;
#6632 = CARTESIAN_POINT ( 'NONE',  ( -5.905234494435087633, 0.8574669841946730431, -1.666666666666666297 ) ) ;
#6633 = CARTESIAN_POINT ( 'NONE',  ( -4.593248042569440415, 2.176834297952400465, 10.20000054708695814 ) ) ;
#6634 = CARTESIAN_POINT ( 'NONE',  ( -2.435855206350266755, -5.281788687831530993, 10.55000000000000249 ) ) ;
#6635 = CARTESIAN_POINT ( 'NONE',  ( 4.724674659014058697, -3.035415414227218722, 10.55000000000000426 ) ) ;
#6636 = CARTESIAN_POINT ( 'NONE',  ( -0.6476541954606959139, 4.841088142863436694, 5.000000000000023093 ) ) ;
#6637 = CARTESIAN_POINT ( 'NONE',  ( 4.222375746422898146, -1.184700725668337951, 10.55000000000000604 ) ) ;
#6638 = CARTESIAN_POINT ( 'NONE',  ( 4.491800750379475460, -4.813324326891781801, -3.333333333333333037 ) ) ;
#6639 = CARTESIAN_POINT ( 'NONE',  ( -4.856940138843871324, 0.5154830861514264617, -5.999999999998196998 ) ) ;
#6640 = CARTESIAN_POINT ( 'NONE',  ( -1.052720001348083523, 4.615017103915213248, 5.000000000000000000 ) ) ;
#6641 = CARTESIAN_POINT ( 'NONE',  ( -0.2524780778180550356, -5.521706670407978024, 10.54999999999999538 ) ) ;
#6642 = CARTESIAN_POINT ( 'NONE',  ( -3.485117518757674837, -4.039144021101851223, 1.666666666666666297 ) ) ;
#6643 = CARTESIAN_POINT ( 'NONE',  ( -3.744591807871890055, -3.062394132672886293, 10.20000054708695458 ) ) ;
#6644 = CARTESIAN_POINT ( 'NONE',  ( -2.835030769196804634, 4.788108697936611868, -5.999999999996983746 ) ) ;
#6645 = CARTESIAN_POINT ( 'NONE',  ( 1.530097869399083210, -5.607385669498446745, 0.000000000000000000 ) ) ;
#6646 = CARTESIAN_POINT ( 'NONE',  ( -4.988997871565445941, -0.1201233566745640025, 10.55000000000000071 ) ) ;
#6647 = CARTESIAN_POINT ( 'NONE',  ( -2.874891515540369369, -3.948492002339770490, 10.20000054708695458 ) ) ;
#6648 = PRESENTATION_STYLE_ASSIGNMENT (( #874 ) ) ;
#6649 = CARTESIAN_POINT ( 'NONE',  ( -3.609141371772491613, 4.781578131091147377, 10.55000000000000071 ) ) ;
#6650 = CARTESIAN_POINT ( 'NONE',  ( 2.774563950083861918, 4.959725921755433475, 5.000000000000000000 ) ) ;
#6651 = CARTESIAN_POINT ( 'NONE',  ( -5.198817954777310568, 3.778471924244054314, 10.20000054708695458 ) ) ;
#6652 = CARTESIAN_POINT ( 'NONE',  ( 4.856940138843542698, -0.5154830861509849260, 5.000000000000000000 ) ) ;
#6653 = CARTESIAN_POINT ( 'NONE',  ( 4.660251214879361115, -0.9314883244425757880, 10.20000054708695281 ) ) ;
#6654 = CARTESIAN_POINT ( 'NONE',  ( -0.1818855504132667056, 5.373694958305009095, 10.20000054708695636 ) ) ;
#6655 = CARTESIAN_POINT ( 'NONE',  ( -2.997400859223740444, 4.979915817394201305, 5.000000000000000000 ) ) ;
#6656 = PRODUCT_DEFINITION ( 'UNKNOWN', '', #4628, #6265 ) ;
#6657 = CARTESIAN_POINT ( 'NONE',  ( -1.882433764696522571, -6.336731114005768717, 10.20000054708695281 ) ) ;
#6658 = CARTESIAN_POINT ( 'NONE',  ( -0.8456805779701142001, -6.078559688177707088, 10.55000000000000249 ) ) ;
#6659 = ORIENTED_EDGE ( 'NONE', *, *, #3117, .F. ) ;
#6660 = CARTESIAN_POINT ( 'NONE',  ( -3.600409019157887247, -3.148854981070043468, 10.20000054708695636 ) ) ;
#6661 = CARTESIAN_POINT ( 'NONE',  ( 2.793150739414774542, 5.284807021101988411, 10.20000054708695814 ) ) ;
#6662 = CARTESIAN_POINT ( 'NONE',  ( -4.571775429901919097, -2.836279366628511767, 5.000000000000000000 ) ) ;
#6663 = CARTESIAN_POINT ( 'NONE',  ( -2.723131044418208635, -4.547615542817363909, 10.20000054708695636 ) ) ;
#6664 = CARTESIAN_POINT ( 'NONE',  ( 6.037713299887202290, 2.442873417335172270, 10.20000054708695281 ) ) ;
#6665 = CARTESIAN_POINT ( 'NONE',  ( -3.092370384423235308, 4.559687560097786196, 10.54999999999999716 ) ) ;
#6666 = CARTESIAN_POINT ( 'NONE',  ( -5.758970966145160908, -2.703365185115753633, 10.20000054708695636 ) ) ;
#6667 = CARTESIAN_POINT ( 'NONE',  ( 4.294977049294900873, -0.9141573797231214993, 10.54999999999999893 ) ) ;
#6668 = CARTESIAN_POINT ( 'NONE',  ( -2.774563950083861030, -4.959725921755433475, 5.000000000000024869 ) ) ;
#6669 = CARTESIAN_POINT ( 'NONE',  ( -4.418059883995404391, 0.6100738116834827363, 10.55000000000000249 ) ) ;
#6670 = CARTESIAN_POINT ( 'NONE',  ( -4.291007783504368511, 2.245712686074323727, -3.333333333333333037 ) ) ;
#6671 = CARTESIAN_POINT ( 'NONE',  ( 4.000351740210436269, 2.575993799666890460, 10.55000000000000249 ) ) ;
#6672 = CARTESIAN_POINT ( 'NONE',  ( 5.461921777634673347, -1.467373371951509187, 0.000000000000000000 ) ) ;
#6673 = CARTESIAN_POINT ( 'NONE',  ( 6.301622807954567307, 1.385736526358676723, 1.666666666666666297 ) ) ;
#6674 = CARTESIAN_POINT ( 'NONE',  ( -4.589943212855946975, -2.844953298639848693, 10.20000054708695103 ) ) ;
#6675 = CARTESIAN_POINT ( 'NONE',  ( 6.026613165063817945, 1.747770141519816800, 10.55000000000000249 ) ) ;
#6676 = CARTESIAN_POINT ( 'NONE',  ( -5.380059953839469777, 0.02379233995175580874, -5.000000000000000000 ) ) ;
#6677 = CARTESIAN_POINT ( 'NONE',  ( -4.772310025895590613, 4.597155012706800825, 10.20000054708696169 ) ) ;
#6678 = CARTESIAN_POINT ( 'NONE',  ( -0.8741830816071075594, -6.086149945268165773, 10.54999999999999716 ) ) ;
#6679 = CARTESIAN_POINT ( 'NONE',  ( -3.169264764605839613, -3.530499854274970151, 10.20000054708695458 ) ) ;
#6680 = CARTESIAN_POINT ( 'NONE',  ( 4.333298937679471052, -0.8065281215390822656, 10.55000000000000071 ) ) ;
#6681 = CARTESIAN_POINT ( 'NONE',  ( 1.941275052549161773, -4.699058253462403911, -3.333333333333333037 ) ) ;
#6682 = CARTESIAN_POINT ( 'NONE',  ( -0.09050372642162556047, 5.563739157989318507, -5.999999999997532640 ) ) ;
#6683 = CARTESIAN_POINT ( 'NONE',  ( 0.9205061888753184318, 5.440346434162764311, 1.666666666666666297 ) ) ;
#6684 = CARTESIAN_POINT ( 'NONE',  ( -3.966817943941785884, -2.509106068899840114, 1.666666666666666297 ) ) ;
#6685 = CARTESIAN_POINT ( 'NONE',  ( 0.09050372642129654588, -5.563739157988876194, 5.000000000000000000 ) ) ;
#6686 = CARTESIAN_POINT ( 'NONE',  ( -4.061678536504230941, 5.083575693553372687, -5.999999999996449063 ) ) ;
#6687 = CARTESIAN_POINT ( 'NONE',  ( 2.669425199347730260, -4.671164775103693323, -5.000000000000000000 ) ) ;
#6688 = CARTESIAN_POINT ( 'NONE',  ( -4.173842983206721868, 1.619174181292316828, 10.54999999999999361 ) ) ;
#6689 = CARTESIAN_POINT ( 'NONE',  ( 3.019111794185207920, -4.494029225406890760, 10.54999999999999893 ) ) ;
#6690 = AXIS2_PLACEMENT_3D ( 'NONE', #93, #660, #6929 ) ;
#6691 = CARTESIAN_POINT ( 'NONE',  ( -4.882270699514534407, -2.908697158505072711, 10.20000054708695458 ) ) ;
#6692 = CARTESIAN_POINT ( 'NONE',  ( 3.872358905603288548, 3.735029819091828518, 0.000000000000000000 ) ) ;
#6693 = CARTESIAN_POINT ( 'NONE',  ( -0.3818074651383693841, 4.620948391885288054, 10.55000000000000071 ) ) ;
#6694 = CARTESIAN_POINT ( 'NONE',  ( -1.298451264820542184, 5.221076087381562481, 0.000000000000000000 ) ) ;
#6695 = CARTESIAN_POINT ( 'NONE',  ( -3.616719152715208718, 5.131621316228581087, 10.20000054708695636 ) ) ;
#6696 = CARTESIAN_POINT ( 'NONE',  ( 5.170810158745608121, -1.486046266603245014, 0.000000000000000000 ) ) ;
#6697 = CARTESIAN_POINT ( 'NONE',  ( 5.110032797810354133, -0.2386732256837408028, 10.20000054708695636 ) ) ;
#6698 = CARTESIAN_POINT ( 'NONE',  ( 0.2837295915391507273, 6.191464150803186683, 10.20000054708695458 ) ) ;
#6699 = CARTESIAN_POINT ( 'NONE',  ( -4.960140980963031687, 2.773821869950010566, 5.000000000000000000 ) ) ;
#6700 = CARTESIAN_POINT ( 'NONE',  ( 4.090348123528644741, 2.593265403588363327, 3.333333333333333037 ) ) ;
#6701 = EDGE_LOOP ( 'NONE', ( #4881, #5412, #5047, #2120, #6617 ) ) ;
#6702 = CARTESIAN_POINT ( 'NONE',  ( -2.894092525738293453, -3.947885265919715891, 10.20000054708695281 ) ) ;
#6703 = CARTESIAN_POINT ( 'NONE',  ( 4.477412803433034938, 2.845356476044922811, 10.20000054708695636 ) ) ;
#6704 = CARTESIAN_POINT ( 'NONE',  ( -3.406612266045531801, -3.228970541235649083, 3.333333333333333037 ) ) ;
#6705 = CARTESIAN_POINT ( 'NONE',  ( 0.3318557245260836397, -5.155205748418628886, 10.20000054708695103 ) ) ;
#6706 = CARTESIAN_POINT ( 'NONE',  ( 6.410884268984295531, 1.658416271187910684, 10.20000054708695991 ) ) ;
#6707 = CARTESIAN_POINT ( 'NONE',  ( -1.588242382426188648, 4.139886087604548237, 10.54999999999999716 ) ) ;
#6708 = CARTESIAN_POINT ( 'NONE',  ( -6.371547224441620472, -0.8492247942902716451, 10.20000054708695814 ) ) ;
#6709 = CARTESIAN_POINT ( 'NONE',  ( 4.173679680417042626, -1.618101256808459398, 10.54999999999999893 ) ) ;
#6710 = CARTESIAN_POINT ( 'NONE',  ( -3.123419988198143482, -3.556803324690040569, 5.000000000000024869 ) ) ;
#6711 = CARTESIAN_POINT ( 'NONE',  ( -4.988997871565445941, -0.1201233566745640025, 10.55000000000000071 ) ) ;
#6712 = CARTESIAN_POINT ( 'NONE',  ( 3.569246665806127705, 2.758889283408012982, 10.55000000000000249 ) ) ;
#6713 = EDGE_CURVE ( 'NONE', #1215, #2774, #7042, .T. ) ;
#6714 = CARTESIAN_POINT ( 'NONE',  ( 4.357638444421107593, 2.503357468031826460, 10.54999999999999893 ) ) ;
#6715 = CARTESIAN_POINT ( 'NONE',  ( -4.340798672100181221, 2.647104865981876998, -3.333333333333333037 ) ) ;
#6716 = CARTESIAN_POINT ( 'NONE',  ( -4.732613800570415030, 0.7637667279296806999, 10.20000054708695458 ) ) ;
#6717 = CARTESIAN_POINT ( 'NONE',  ( -0.1420446571999012253, -5.236456121158847843, 10.55000000000000426 ) ) ;
#6718 = CARTESIAN_POINT ( 'NONE',  ( -0.1704022720372709576, 5.377413347294648815, 10.20000054708695458 ) ) ;
#6719 = CARTESIAN_POINT ( 'NONE',  ( 2.673921665751363808, 5.679605890652218214, -5.000000000000000000 ) ) ;
#6720 = CARTESIAN_POINT ( 'NONE',  ( 2.365357561638860684, -4.984955822707352269, -3.333333333333333037 ) ) ;
#6721 = CARTESIAN_POINT ( 'NONE',  ( -5.678215679999876642, -0.07738645999997870173, -4.999999999998190781 ) ) ;
#6722 = CARTESIAN_POINT ( 'NONE',  ( 1.350213967088333078, 6.500749273344065493, 5.000000000000000000 ) ) ;
#6723 = CARTESIAN_POINT ( 'NONE',  ( 0.9802587828789376401, -4.234124587702377873, 10.55000000000000071 ) ) ;
#6724 = CARTESIAN_POINT ( 'NONE',  ( -3.134419601341341455, -4.540937647741743355, 3.333333333333333037 ) ) ;
#6725 = CARTESIAN_POINT ( 'NONE',  ( 4.960140980963032575, -2.773821869950011454, 5.000000000000000000 ) ) ;
#6726 = CARTESIAN_POINT ( 'NONE',  ( 2.997400859223743996, -4.979915817394206634, -5.000000000000000000 ) ) ;
#6727 = CARTESIAN_POINT ( 'NONE',  ( -5.965312165184569082, -0.7721711582128180096, 10.55000000000000071 ) ) ;
#6728 = CARTESIAN_POINT ( 'NONE',  ( 3.088257872935069148, -4.555426537434039247, 10.55000000000000249 ) ) ;
#6729 = CARTESIAN_POINT ( 'NONE',  ( -6.304921007630881924, -2.081055046146128351, 10.20000054708695458 ) ) ;
#6730 = CARTESIAN_POINT ( 'NONE',  ( 5.851330226675905521, 1.405564791000388114, 0.000000000000000000 ) ) ;
#6731 = CARTESIAN_POINT ( 'NONE',  ( 3.067254368480955229, 5.888528640545021453, 0.000000000000000000 ) ) ;
#6732 = CARTESIAN_POINT ( 'NONE',  ( -4.661244433925818775, 2.366391790819066365, 10.20000054708695281 ) ) ;
#6733 = CARTESIAN_POINT ( 'NONE',  ( 3.840358520603885051, -3.017819880700677082, 0.000000000000000000 ) ) ;
#6734 = CARTESIAN_POINT ( 'NONE',  ( 4.757416266085324530, -0.7148958866115795452, 10.20000054708695458 ) ) ;
#6735 = CARTESIAN_POINT ( 'NONE',  ( -0.2148109030297837563, 5.317917040385097494, 10.20000054708695636 ) ) ;
#6736 = CARTESIAN_POINT ( 'NONE',  ( -4.523082045645343996, 1.395826287384881015, 5.000000000000000000 ) ) ;
#6737 = CARTESIAN_POINT ( 'NONE',  ( -1.744077464408809064, -6.388706164804865750, 10.20000054708695458 ) ) ;
#6738 = ORIENTED_EDGE ( 'NONE', *, *, #6066, .T. ) ;
#6739 = CARTESIAN_POINT ( 'NONE',  ( 1.437480894265640519, 6.459690013623639260, 10.20000054708695281 ) ) ;
#6740 = CARTESIAN_POINT ( 'NONE',  ( -3.539730810310473430, -4.232612283599253900, 1.666666666666666297 ) ) ;
#6741 = CARTESIAN_POINT ( 'NONE',  ( 0.2292686832117950269, -5.295016312648537671, 10.20000054708695458 ) ) ;
#6742 = CARTESIAN_POINT ( 'NONE',  ( 5.437409736227650114, 2.876658329235428191, 10.20000054708695458 ) ) ;
#6743 = CARTESIAN_POINT ( 'NONE',  ( -1.827408897729225323, 4.125654788571569753, 10.54999999999999893 ) ) ;
#6744 = CARTESIAN_POINT ( 'NONE',  ( 4.381753944086843156, -0.6891325082816954772, 10.55000000000000071 ) ) ;
#6745 = CARTESIAN_POINT ( 'NONE',  ( -2.874891515540369369, -3.948492002339770490, 5.000000000000024869 ) ) ;
#6746 = CARTESIAN_POINT ( 'NONE',  ( -5.192560828403578022, -0.2624090569292975017, 10.55000000000000249 ) ) ;
#6747 = CARTESIAN_POINT ( 'NONE',  ( 2.555655862668247735, 3.843436813138941144, 10.54999999999999893 ) ) ;
#6748 = CARTESIAN_POINT ( 'NONE',  ( 5.192377491128648437, -3.921631092082870751, -6.000000000003471889 ) ) ;
#6749 = CARTESIAN_POINT ( 'NONE',  ( 5.380059953839476883, -0.02379233995175442443, 5.000000000000000000 ) ) ;
#6750 = CARTESIAN_POINT ( 'NONE',  ( -4.544840980947226328, -2.844232778689683272, 10.20000054708695458 ) ) ;
#6751 = CARTESIAN_POINT ( 'NONE',  ( 4.152547261149784674, 2.536372957290034869, 10.55000000000000071 ) ) ;
#6752 = CARTESIAN_POINT ( 'NONE',  ( -4.830148432751304455, 3.503813660578048328, -3.333333333333333037 ) ) ;
#6753 = CARTESIAN_POINT ( 'NONE',  ( -5.013734543852693903, 0.3390995014357144899, 10.20000054708695103 ) ) ;
#6754 = CARTESIAN_POINT ( 'NONE',  ( -1.403586141651821828, -6.110931551166961739, 10.54999999999999893 ) ) ;
#6755 = CARTESIAN_POINT ( 'NONE',  ( 5.230971143930404743, 0.2889027806798270537, 10.55000000000000426 ) ) ;
#6756 = CARTESIAN_POINT ( 'NONE',  ( -4.742177691313817611, 2.541133983792142725, 5.000000000000023093 ) ) ;
#6757 = CARTESIAN_POINT ( 'NONE',  ( 4.117753766068318555, 4.738341904635169577, 0.000000000000000000 ) ) ;
#6758 = CARTESIAN_POINT ( 'NONE',  ( -3.199939524245002165, 4.684285724011759910, 10.55000000000000426 ) ) ;
#6759 = CARTESIAN_POINT ( 'NONE',  ( -0.3534438101688317513, -6.267603813795266987, -5.000000000000000000 ) ) ;
#6760 = CARTESIAN_POINT ( 'NONE',  ( 4.539345959687707932, -1.412293544116097754, 10.20000054708695458 ) ) ;
#6761 = CARTESIAN_POINT ( 'NONE',  ( 6.304921007630554186, 2.081055046146570664, -6.000000000001180389 ) ) ;
#6762 = CARTESIAN_POINT ( 'NONE',  ( -1.949636613157420983, 5.287246778282475468, 1.666666666666666297 ) ) ;
#6763 = CARTESIAN_POINT ( 'NONE',  ( 0.09899174947011142589, -4.883139149550568270, 10.54999999999999893 ) ) ;
#6764 = CARTESIAN_POINT ( 'NONE',  ( -3.972996821740307993, -2.573304974326865224, 0.000000000000000000 ) ) ;
#6765 = CARTESIAN_POINT ( 'NONE',  ( -3.123419988198143482, -3.556803324690040569, 5.000000000000000000 ) ) ;
#6766 = CARTESIAN_POINT ( 'NONE',  ( 2.874891515540367593, 3.948492002339777152, -4.999999999999225508 ) ) ;
#6767 = CARTESIAN_POINT ( 'NONE',  ( 3.213266569546250118, -5.088083704188173684, -5.000000000000000000 ) ) ;
#6768 = CARTESIAN_POINT ( 'NONE',  ( -6.057873037511463998, -1.030375924323996273, 10.55000000000000249 ) ) ;
#6769 = CARTESIAN_POINT ( 'NONE',  ( 0.8368705459453287254, -4.347871377815750726, 10.54999999999999538 ) ) ;
#6770 = DIRECTION ( 'NONE',  ( 1.000000000000000000, 0.000000000000000000, 0.000000000000000000 ) ) ;
#6771 = CARTESIAN_POINT ( 'NONE',  ( -2.740444013175529214, -4.333596967198896088, -6.000000000001053380 ) ) ;
#6772 = CARTESIAN_POINT ( 'NONE',  ( 1.058259038248090755, 5.016989528068906523, 0.000000000000000000 ) ) ;
#6773 = CARTESIAN_POINT ( 'NONE',  ( -4.743566480785283090, 3.049713396668517706, 10.55000000000000249 ) ) ;
#6774 = CARTESIAN_POINT ( 'NONE',  ( -0.6476541954606959139, 4.841088142863436694, 5.000000000000000000 ) ) ;
#6775 = CARTESIAN_POINT ( 'NONE',  ( -5.228073301794164074, 3.518781171031804877, 10.20000054708695458 ) ) ;
#6776 = CARTESIAN_POINT ( 'NONE',  ( 3.972996821740307105, -2.573304974326867889, 0.000000000000000000 ) ) ;
#6777 = CARTESIAN_POINT ( 'NONE',  ( 4.555336819789737923, -1.307233922278078442, 10.20000054708695458 ) ) ;
#6778 = CARTESIAN_POINT ( 'NONE',  ( -0.5636065091597376453, 4.926117345154889193, 10.20000054708695991 ) ) ;
#6779 = CARTESIAN_POINT ( 'NONE',  ( 1.919264345410399475, -4.477516924447288105, 10.20000054708695458 ) ) ;
#6780 = CARTESIAN_POINT ( 'NONE',  ( -2.807254002109436097, 4.356791596817800816, 10.54999999999999893 ) ) ;
#6781 = CARTESIAN_POINT ( 'NONE',  ( 4.571775429901920873, 2.836279366628511767, -5.000000000000000000 ) ) ;
#6782 = ORIENTED_EDGE ( 'NONE', *, *, #2346, .T. ) ;
#6783 = CARTESIAN_POINT ( 'NONE',  ( 2.027675477590320519, 6.266838851633234064, 10.20000054708695281 ) ) ;
#6784 = CARTESIAN_POINT ( 'NONE',  ( -5.416526759925428536, -1.969588487282300404, 1.666666666666666297 ) ) ;
#6785 = CARTESIAN_POINT ( 'NONE',  ( 0.7101616553345254657, -4.817859738910597933, 10.20000054708695636 ) ) ;
#6786 = CARTESIAN_POINT ( 'NONE',  ( 6.259460167039287981, 2.103816353751088108, 10.20000054708695281 ) ) ;
#6787 = CARTESIAN_POINT ( 'NONE',  ( -2.735250252450944330, 4.319926965869110624, 10.54999999999999716 ) ) ;
#6788 = CARTESIAN_POINT ( 'NONE',  ( -6.429201876114904124, -1.535879259865212898, 10.20000054708695281 ) ) ;
#6789 = CARTESIAN_POINT ( 'NONE',  ( 4.254877608664556554, -2.266870364764207224, 10.55000000000000249 ) ) ;
#6790 = CARTESIAN_POINT ( 'NONE',  ( -3.470362048767141605, -3.219190813529884121, 10.20000054708695458 ) ) ;
#6791 = CARTESIAN_POINT ( 'NONE',  ( -2.998902064511014931, -3.760706810335829431, 10.20000054708695636 ) ) ;
#6792 = CARTESIAN_POINT ( 'NONE',  ( -6.090649985149468648, -1.274907767720447005, 10.54999999999999893 ) ) ;
#6793 = CARTESIAN_POINT ( 'NONE',  ( 4.523082045645017146, -1.395826287384444697, -6.000000000002133405 ) ) ;
#6794 = CARTESIAN_POINT ( 'NONE',  ( 5.596480757803778516, 2.387106576489554932, 10.54999999999999716 ) ) ;
#6795 = CARTESIAN_POINT ( 'NONE',  ( -3.067254368480954341, 5.888528640545017900, 0.000000000000000000 ) ) ;
#6796 = CARTESIAN_POINT ( 'NONE',  ( -4.536420520222613995, 1.438012159392832334, 10.20000054708695458 ) ) ;
#6797 = CARTESIAN_POINT ( 'NONE',  ( 0.06214076923234399669, -4.932076952280890936, 10.54999999999999893 ) ) ;
#6798 = CARTESIAN_POINT ( 'NONE',  ( 6.077655329936337836, 1.108980344190271028, 10.55000000000000071 ) ) ;
#6799 = FACE_OUTER_BOUND ( 'NONE', #2852, .T. ) ;
#6800 = CARTESIAN_POINT ( 'NONE',  ( -1.298451264820543294, -5.221076087381561592, 0.000000000000000000 ) ) ;
#6801 = CARTESIAN_POINT ( 'NONE',  ( 5.197938003761544579, -3.783254836116530573, 10.20000054708695458 ) ) ;
#6802 = CARTESIAN_POINT ( 'NONE',  ( -4.830148432751304455, 3.503813660578048328, 3.333333333333333037 ) ) ;
#6803 = CARTESIAN_POINT ( 'NONE',  ( -0.1833091905163141688, -5.319904890707262801, 10.55000000000000426 ) ) ;
#6804 = CARTESIAN_POINT ( 'NONE',  ( -4.571775429901919097, -2.836279366628511767, 5.000000000000000000 ) ) ;
#6805 = CARTESIAN_POINT ( 'NONE',  ( 4.516332414954610464, -1.859659088761142609, 5.000000000000000000 ) ) ;
#6806 = CARTESIAN_POINT ( 'NONE',  ( 2.874891515540037634, 3.948492002340219464, -5.999999999999236167 ) ) ;
#6807 = ADVANCED_FACE ( 'NONE', ( #3982 ), #1304, .F. ) ;
#6808 = CARTESIAN_POINT ( 'NONE',  ( -3.636476399296000750, -5.052096566640849495, -1.666666666666666297 ) ) ;
#6809 = CARTESIAN_POINT ( 'NONE',  ( -5.573292795297011715, -0.4150398010841508945, 10.55000000000000249 ) ) ;
#6810 = CARTESIAN_POINT ( 'NONE',  ( -0.3460384234886378363, 5.115696762701372968, 10.20000054708695458 ) ) ;
#6811 = CARTESIAN_POINT ( 'NONE',  ( 3.150756175446268070, -4.624142919103187310, 10.55000000000000249 ) ) ;
#6812 = CARTESIAN_POINT ( 'NONE',  ( -3.872358905603290324, 3.735029819091830738, 0.000000000000000000 ) ) ;
#6813 = CARTESIAN_POINT ( 'NONE',  ( -4.240002645198062581, 2.222702380127648869, 10.55000000000000426 ) ) ;
#6814 = CARTESIAN_POINT ( 'NONE',  ( 1.426011146523626039, 5.378650072249709702, 0.000000000000000000 ) ) ;
#6815 = CARTESIAN_POINT ( 'NONE',  ( -4.775435556920420765, 0.6810502373608036120, 10.20000054708695458 ) ) ;
#6816 = CARTESIAN_POINT ( 'NONE',  ( -4.954707020477385981, 4.419694229627866733, -5.000000000000000000 ) ) ;
#6817 = CARTESIAN_POINT ( 'NONE',  ( 5.596562502471093659, 0.06277407307920077062, 10.20000054708695281 ) ) ;
#6818 = CARTESIAN_POINT ( 'NONE',  ( -4.504351187398115464, 4.829369322369355899, 10.20000054708695281 ) ) ;
#6819 = CARTESIAN_POINT ( 'NONE',  ( -6.013043029953458962, -0.2387286294167565714, -5.000000000000000000 ) ) ;
#6820 = CARTESIAN_POINT ( 'NONE',  ( 0.2428232719558242048, -5.274447954850204567, 10.20000054708695281 ) ) ;
#6821 = CARTESIAN_POINT ( 'NONE',  ( -1.197489060269089522, -6.126186202381068036, 10.55000000000000249 ) ) ;
#6822 = CARTESIAN_POINT ( 'NONE',  ( -1.561677030518197951, 4.142918253056958378, 10.55000000000000249 ) ) ;
#6823 = CARTESIAN_POINT ( 'NONE',  ( 3.470362048767136720, 3.219190813529887674, -5.000000000000000000 ) ) ;
#6824 = ORIENTED_EDGE ( 'NONE', *, *, #1917, .F. ) ;
#6825 = CARTESIAN_POINT ( 'NONE',  ( -3.217452688092178104, -3.476670285525124360, 10.20000054708695281 ) ) ;
#6826 = CARTESIAN_POINT ( 'NONE',  ( 0.5761280924935017200, 6.355356134113070432, 10.20000054708695458 ) ) ;
#6827 = CARTESIAN_POINT ( 'NONE',  ( -5.790551135911325531, -2.284109871747716625, 3.333333333333333037 ) ) ;
#6828 = STYLED_ITEM ( 'NONE', ( #6648 ), #322 ) ;
#6829 = CARTESIAN_POINT ( 'NONE',  ( -1.122893642826615190, -6.474577598355544694, 10.20000054708695458 ) ) ;
#6830 = CARTESIAN_POINT ( 'NONE',  ( 6.412674839095481083, 1.016493981708204819, 10.20000054708695458 ) ) ;
#6831 = CARTESIAN_POINT ( 'NONE',  ( -6.407385422963184141, -1.671195468645811033, 10.20000054708695281 ) ) ;
#6832 = CARTESIAN_POINT ( 'NONE',  ( 4.333298937679471052, -0.8065281215390822656, 10.55000000000000071 ) ) ;
#6833 = CARTESIAN_POINT ( 'NONE',  ( 0.09050372642129654588, -5.563739157988876194, 5.000000000000024869 ) ) ;
#6834 = CARTESIAN_POINT ( 'NONE',  ( -5.099281003597369910, -0.2023433729686510418, 10.54999999999999893 ) ) ;
#6835 = CARTESIAN_POINT ( 'NONE',  ( 1.982048622023295792, -4.463975086240392187, -6.000000000002653877 ) ) ;
#6836 = VECTOR ( 'NONE', #1950, 1000.000000000000000 ) ;
#6837 = CARTESIAN_POINT ( 'NONE',  ( 5.945864006861250495, 1.948242011303470633, 10.54999999999999716 ) ) ;
#6838 = CARTESIAN_POINT ( 'NONE',  ( -3.037940078102560282, 5.692243493106274421, -1.666666666666666297 ) ) ;
#6839 = CARTESIAN_POINT ( 'NONE',  ( -1.285912956139897201, -6.123430646208135819, 10.55000000000000071 ) ) ;
#6840 = CARTESIAN_POINT ( 'NONE',  ( 5.553602326470534756, 0.4113340872224491851, 10.54999999999999716 ) ) ;
#6841 = CARTESIAN_POINT ( 'NONE',  ( -5.655121071682120082, -0.07334690585049012668, -4.999999999998196110 ) ) ;
#6842 = CARTESIAN_POINT ( 'NONE',  ( 3.518536185582711528, 3.328043921247044512, -1.666666666666666297 ) ) ;
#6843 = CARTESIAN_POINT ( 'NONE',  ( 0.2006596549303105437, -4.838978085894281911, -3.333333333333333037 ) ) ;
#6844 = CARTESIAN_POINT ( 'NONE',  ( 5.222369380898792102, -3.619921022511149555, 10.20000054708695458 ) ) ;
#6845 = CARTESIAN_POINT ( 'NONE',  ( -1.530097869399088539, -5.607385669498458292, 0.000000000000000000 ) ) ;
#6846 = CARTESIAN_POINT ( 'NONE',  ( -3.565988210183659302, 5.600584521419607498, 0.000000000000000000 ) ) ;
#6847 = CARTESIAN_POINT ( 'NONE',  ( 5.905234494435089410, -0.8574669841946730431, 1.666666666666666297 ) ) ;
#6848 = CARTESIAN_POINT ( 'NONE',  ( -0.07477099020677754893, -6.017315606013090346, 5.000000000000000000 ) ) ;
#6849 = CARTESIAN_POINT ( 'NONE',  ( 3.868678216692782001, 2.981429057092634505, -4.999999999999981348 ) ) ;
#6850 = CARTESIAN_POINT ( 'NONE',  ( -1.375385888544237156, -6.303890028515529487, -3.333333333333333037 ) ) ;
#6851 = CARTESIAN_POINT ( 'NONE',  ( -6.009915072935548608, -0.8732372464513448174, 10.55000000000000426 ) ) ;
#6852 = CARTESIAN_POINT ( 'NONE',  ( -1.152891460317296530E-12, -12.49999999999757705, -10.65000000000556568 ) ) ;
#6853 = CARTESIAN_POINT ( 'NONE',  ( -5.512766083254001970, 1.472591206931690211, 0.000000000000000000 ) ) ;
#6854 = CARTESIAN_POINT ( 'NONE',  ( -4.773087588978831342, -2.860248105177991107, -5.999999999999730882 ) ) ;
#6855 = CARTESIAN_POINT ( 'NONE',  ( 6.448597502081397259, -0.2151884589974761564, 1.666666666666666297 ) ) ;
#6856 = CARTESIAN_POINT ( 'NONE',  ( -4.181210955523172679, 1.452649009444251682, 10.55000000000000071 ) ) ;
#6857 = CARTESIAN_POINT ( 'NONE',  ( -0.2420490677627293863, 4.727368662354397344, 0.000000000000000000 ) ) ;
#6858 = CARTESIAN_POINT ( 'NONE',  ( -4.699068089596281084, 2.446548592067675276, 10.20000054708695281 ) ) ;
#6859 = CARTESIAN_POINT ( 'NONE',  ( 4.571775429901920873, 2.836279366628511767, -5.000000000000000000 ) ) ;
#6860 = CARTESIAN_POINT ( 'NONE',  ( -6.048982559193214925, -1.684658759007960915, 10.54999999999999893 ) ) ;
#6861 = CARTESIAN_POINT ( 'NONE',  ( -2.659833428306647818, 4.675198422525855158, 10.20000054708695636 ) ) ;
#6862 = CARTESIAN_POINT ( 'NONE',  ( -4.736864590686677090, 3.283314600835574026, -3.333333333333333037 ) ) ;
#6863 = CARTESIAN_POINT ( 'NONE',  ( 0.9834258875129481270, -4.665741125978071224, 10.20000054708694925 ) ) ;
#6864 = CARTESIAN_POINT ( 'NONE',  ( 3.539730810310471654, 4.232612283599252123, -1.666666666666666297 ) ) ;
#6865 = ORIENTED_EDGE ( 'NONE', *, *, #2514, .T. ) ;
#6866 = CARTESIAN_POINT ( 'NONE',  ( 0.7792193801815777698, 6.423167746226845942, 10.20000054708695103 ) ) ;
#6867 = CARTESIAN_POINT ( 'NONE',  ( -0.5901598843358483171, -5.049891939613062597, 1.666666666666666297 ) ) ;
#6868 = CARTESIAN_POINT ( 'NONE',  ( 0.1907475296124158115, -5.358015989221700970, 10.20000054708695103 ) ) ;
#6869 = CARTESIAN_POINT ( 'NONE',  ( 3.172292250523066848, 3.527634280209887674, 10.20000054708695103 ) ) ;
#6870 = CARTESIAN_POINT ( 'NONE',  ( 6.389982843928360801, 0.9148873676683642042, 10.20000054708695458 ) ) ;
#6871 = CARTESIAN_POINT ( 'NONE',  ( 3.581722154483869325, -5.155487022040585288, 5.000000000000024869 ) ) ;
#6872 = CARTESIAN_POINT ( 'NONE',  ( -6.081736944244774179, -1.164956041243601526, 10.54999999999999893 ) ) ;
#6873 = CARTESIAN_POINT ( 'NONE',  ( 2.171931783010385697, 5.727060633824412328, 10.55000000000000249 ) ) ;
#6874 = CARTESIAN_POINT ( 'NONE',  ( 4.516332414954280949, -1.859659088760699852, -6.000000000002335909 ) ) ;
#6875 = CARTESIAN_POINT ( 'NONE',  ( 4.773087588978501827, 2.860248105178433420, 5.000000000000000000 ) ) ;
#6876 = CARTESIAN_POINT ( 'NONE',  ( 2.457306997903578871, 5.141170203352957380, 10.55000000000000249 ) ) ;
#6877 = CARTESIAN_POINT ( 'NONE',  ( -2.997400859223740444, 4.979915817394201305, -5.000000000000000000 ) ) ;
#6878 = CARTESIAN_POINT ( 'NONE',  ( -4.612240862252207307, 1.070583860654511277, 10.20000054708695103 ) ) ;
#6879 = CARTESIAN_POINT ( 'NONE',  ( 1.120895907334516162, -4.238095522813156713, 10.55000000000000071 ) ) ;
#6880 = CARTESIAN_POINT ( 'NONE',  ( 5.238488763942489967, 2.572328919437700367, 10.55000000000000071 ) ) ;
#6881 = CARTESIAN_POINT ( 'NONE',  ( -4.960140980963031687, 2.773821869950010566, 5.000000000000023093 ) ) ;
#6882 = CARTESIAN_POINT ( 'NONE',  ( 4.882270699514533518, 2.908697158505072711, -5.000000000000000000 ) ) ;
#6883 = CARTESIAN_POINT ( 'NONE',  ( -3.930152937962594795, -5.185930219046911205, 0.000000000000000000 ) ) ;
#6884 = CARTESIAN_POINT ( 'NONE',  ( 5.335129893479579444, -0.06113708192367253713, 10.20000054708695458 ) ) ;
#6885 = CARTESIAN_POINT ( 'NONE',  ( -0.2463348856000776577, -4.836868028925129792, 1.666666666666666297 ) ) ;
#6886 = CARTESIAN_POINT ( 'NONE',  ( 2.740444013174870630, 4.333596967199777161, -5.999999999999009681 ) ) ;
#6887 = CARTESIAN_POINT ( 'NONE',  ( 3.391430606136542458, -4.759454922557654122, 10.55000000000000426 ) ) ;
#6888 = CARTESIAN_POINT ( 'NONE',  ( -2.740444013175199700, -4.333596967199338401, -5.000000000000000000 ) ) ;
#6889 = CARTESIAN_POINT ( 'NONE',  ( -1.426011146523626927, -5.378650072249710590, 0.000000000000000000 ) ) ;
#6890 = CARTESIAN_POINT ( 'NONE',  ( -6.081736944244774179, -1.164956041243601526, 10.54999999999999893 ) ) ;
#6891 = CARTESIAN_POINT ( 'NONE',  ( 1.350213967088333078, 6.500749273344065493, 10.20000054708695458 ) ) ;
#6892 = CARTESIAN_POINT ( 'NONE',  ( -6.456223770568879416, 0.8106471639654754258, 0.000000000000000000 ) ) ;
#6893 = CARTESIAN_POINT ( 'NONE',  ( 5.705468039007898895, 0.08215326004263442949, 5.000000000000000000 ) ) ;
#6894 = CARTESIAN_POINT ( 'NONE',  ( -4.831517127460824845, 3.200508115980194468, 10.55000000000000071 ) ) ;
#6895 = CARTESIAN_POINT ( 'NONE',  ( -5.192377491128975286, 3.921631092083320169, 5.000000000000000000 ) ) ;
#6896 = CARTESIAN_POINT ( 'NONE',  ( -4.525378591531563188, 1.578757811339465134, 10.20000054708695458 ) ) ;
#6897 = CARTESIAN_POINT ( 'NONE',  ( 2.799776449901753228, 5.326812330412148633, -5.000000000000000000 ) ) ;
#6898 = CARTESIAN_POINT ( 'NONE',  ( -5.492258993546910162, -0.3971482257784156311, 10.55000000000000249 ) ) ;
#6899 = CARTESIAN_POINT ( 'NONE',  ( -2.483911565600176452, 4.591077616361845415, 10.20000054708695458 ) ) ;
#6900 = CARTESIAN_POINT ( 'NONE',  ( 4.879769365791684521, -3.492137010867780944, 10.55000000000000071 ) ) ;
#6901 = CARTESIAN_POINT ( 'NONE',  ( -2.044647574794002498, 5.935250330072831204, 0.000000000000000000 ) ) ;
#6902 = CARTESIAN_POINT ( 'NONE',  ( 1.301641585396966061, -4.549639156047188493, 10.20000054708695458 ) ) ;
#6903 = CARTESIAN_POINT ( 'NONE',  ( 2.710634745066447859, 4.647372425121908179, -5.000000000000000000 ) ) ;
#6904 = ORIENTED_EDGE ( 'NONE', *, *, #7377, .F. ) ;
#6905 = CARTESIAN_POINT ( 'NONE',  ( 2.452055773285087170, 5.100988356756655406, 10.55000000000000249 ) ) ;
#6906 = CARTESIAN_POINT ( 'NONE',  ( 2.727536987151501169, 5.513550021456156358, 10.20000054708695814 ) ) ;
#6907 = CARTESIAN_POINT ( 'NONE',  ( -2.460968612481762463, -6.106389989388078199, 3.333333333333333037 ) ) ;
#6908 = CARTESIAN_POINT ( 'NONE',  ( 2.201203756590475180, -4.509064832797504252, 10.20000054708695458 ) ) ;
#6909 = CARTESIAN_POINT ( 'NONE',  ( 4.268835148979881033, 2.869950846740217720, 10.20000054708695636 ) ) ;
#6910 = PRODUCT ( '1x_sun_gear', '1x_sun_gear', '', ( #4253 ) ) ;
#6911 = CARTESIAN_POINT ( 'NONE',  ( -0.07477099020710695210, -6.017315606012648033, -6.000000000002664535 ) ) ;
#6912 = CARTESIAN_POINT ( 'NONE',  ( 5.953017998123340426, 0.2068524008364282796, 10.20000054708695814 ) ) ;
#6913 = CARTESIAN_POINT ( 'NONE',  ( -3.140323357745950172, -3.061732344331665967, 10.54999999999999538 ) ) ;
#6914 = CARTESIAN_POINT ( 'NONE',  ( 1.552655088744240741, 6.080301477977423374, 10.55000000000000071 ) ) ;
#6915 = CARTESIAN_POINT ( 'NONE',  ( 1.268322544570159582, -4.196602423827470396, 10.54999999999999893 ) ) ;
#6916 = CARTESIAN_POINT ( 'NONE',  ( 2.368801595289075745, 4.650840198353185073, 10.55000000000000249 ) ) ;
#6917 = CARTESIAN_POINT ( 'NONE',  ( 4.954707020477052026, -4.419694229627428861, -6.000000000003626432 ) ) ;
#6918 = CARTESIAN_POINT ( 'NONE',  ( -2.508299862615522624, 5.189072434762286079, -3.333333333333333037 ) ) ;
#6919 = CARTESIAN_POINT ( 'NONE',  ( 3.611161301946252511, -4.781616701795659452, 10.55000000000000426 ) ) ;
#6920 = CARTESIAN_POINT ( 'NONE',  ( -4.954707020477385981, 4.419694229627866733, 10.20000054708695458 ) ) ;
#6921 = CARTESIAN_POINT ( 'NONE',  ( 6.518773151765568485, 0.9219336593036328020, -3.333333333333333037 ) ) ;
#6922 = CARTESIAN_POINT ( 'NONE',  ( -1.530097869399088539, -5.607385669498458292, 0.000000000000000000 ) ) ;
#6923 = CARTESIAN_POINT ( 'NONE',  ( 5.441389688126561985, 0.0009977561274748252169, 10.20000054708695636 ) ) ;
#6924 = CARTESIAN_POINT ( 'NONE',  ( -0.3534438101688317513, -6.267603813795266987, 5.000000000000000000 ) ) ;
#6925 = CARTESIAN_POINT ( 'NONE',  ( -1.908458813630812712, -6.359292723372315770, -5.000000000000000000 ) ) ;
#6926 = CARTESIAN_POINT ( 'NONE',  ( -0.4150012312270113246, -5.502042796075820696, -3.333333333333333037 ) ) ;
#6927 = CARTESIAN_POINT ( 'NONE',  ( -5.484583676517775785, -2.465920544738956277, 10.55000000000000426 ) ) ;
#6928 = CARTESIAN_POINT ( 'NONE',  ( -4.641992031678378261, 0.9265593960873019785, 10.20000054708695458 ) ) ;
#6929 = DIRECTION ( 'NONE',  ( 0.000000000000000000, 1.000000000000000000, 4.427708200083174660E-13 ) ) ;
#6930 = CARTESIAN_POINT ( 'NONE',  ( -4.533687937200371998, 1.816938096579820305, 0.000000000000000000 ) ) ;
#6931 = CARTESIAN_POINT ( 'NONE',  ( -4.454241122134826369, 2.726797714812282614, 10.55000000000000071 ) ) ;
#6932 = CARTESIAN_POINT ( 'NONE',  ( -4.830148432751304455, 3.503813660578048328, 3.333333333333333037 ) ) ;
#6933 = CARTESIAN_POINT ( 'NONE',  ( -5.243651633313685778, 0.1250738180115462395, 10.20000054708695458 ) ) ;
#6934 = CARTESIAN_POINT ( 'NONE',  ( -0.07787028463680581436, 5.682519034184775997, -5.000000000000000000 ) ) ;
#6935 = CARTESIAN_POINT ( 'NONE',  ( -5.507575681118839661, -2.451429787571899777, 10.54999999999999893 ) ) ;
#6936 = CARTESIAN_POINT ( 'NONE',  ( -1.965126673288852377, 4.479489417957978503, 10.20000054708695103 ) ) ;
#6937 = CARTESIAN_POINT ( 'NONE',  ( -3.496092844410460199, 4.776689552469138178, 10.54999999999999893 ) ) ;
#6938 = CARTESIAN_POINT ( 'NONE',  ( -3.945042019279602297, 3.924286919456760447, 0.000000000000000000 ) ) ;
#6939 = CARTESIAN_POINT ( 'NONE',  ( 0.005165061161121318849, -5.885814603064386752, 10.20000054708695458 ) ) ;
#6940 = CARTESIAN_POINT ( 'NONE',  ( 3.815710851444237939, 3.424973976468145498, 0.000000000000000000 ) ) ;
#6941 = VERTEX_POINT ( 'NONE', #2383 ) ;
#6942 = CARTESIAN_POINT ( 'NONE',  ( -0.3559086225910698120, 5.126917470462101889, 10.20000054708695281 ) ) ;
#6943 = CARTESIAN_POINT ( 'NONE',  ( 0.6675567257738422855, -4.646033348510059113, 1.666666666666666297 ) ) ;
#6944 = CARTESIAN_POINT ( 'NONE',  ( 3.012090536568921006, -4.989401887508371658, 10.20000054708695281 ) ) ;
#6945 = CARTESIAN_POINT ( 'NONE',  ( 3.048990329609379213, 3.685857338125020810, 10.20000054708695281 ) ) ;
#6946 = CARTESIAN_POINT ( 'NONE',  ( -2.740444013175529214, -4.333596967198896088, -6.000000000001040945 ) ) ;
#6947 = CARTESIAN_POINT ( 'NONE',  ( 5.730180067972004743, 2.723652612016071561, 10.20000054708695458 ) ) ;
#6948 = CARTESIAN_POINT ( 'NONE',  ( 4.553079637902986754, -4.832420171271764708, 5.000000000000024869 ) ) ;
#6949 = CARTESIAN_POINT ( 'NONE',  ( -2.795166804565499596, -4.188588210711507109, 10.20000054708695458 ) ) ;
#6950 = CARTESIAN_POINT ( 'NONE',  ( -5.205498750067947711, -2.580587921085981673, 10.54999999999999893 ) ) ;
#6951 = CARTESIAN_POINT ( 'NONE',  ( 1.306460004105438166, 6.121937829713069767, 10.54999999999999716 ) ) ;
#6952 = CARTESIAN_POINT ( 'NONE',  ( 1.120895907334516162, -4.238095522813156713, 10.55000000000000071 ) ) ;
#6953 = CARTESIAN_POINT ( 'NONE',  ( 5.171731312442194195, 1.922991464093475100, 1.666666666666666297 ) ) ;
#6954 = AXIS2_PLACEMENT_3D ( 'NONE', #4729, #7548, #6770 ) ;
#6955 = CARTESIAN_POINT ( 'NONE',  ( -0.8000434083654122119, -6.457546346331824338, -5.000000000002621903 ) ) ;
#6956 = CARTESIAN_POINT ( 'NONE',  ( 2.228223200724739783, 5.665918726665888805, 10.55000000000000426 ) ) ;
#6957 = CARTESIAN_POINT ( 'NONE',  ( 5.251182211392424470, -3.439893223822769741, -6.000000000003289813 ) ) ;
#6958 = CARTESIAN_POINT ( 'NONE',  ( -0.1704022720372709576, 5.377413347294648815, -5.000000000000000000 ) ) ;
#6959 = CARTESIAN_POINT ( 'NONE',  ( 2.892647355852551172, -4.405940581113085841, 10.55000000000000249 ) ) ;
#6960 = CARTESIAN_POINT ( 'NONE',  ( 2.369247703535746208, 4.598054597235162966, 10.54999999999999893 ) ) ;
#6961 = CARTESIAN_POINT ( 'NONE',  ( 5.171731312442194195, 1.922991464093475100, -1.666666666666666297 ) ) ;
#6962 = CARTESIAN_POINT ( 'NONE',  ( -4.876987948393023409, 3.540003512234454863, 10.54999999999999893 ) ) ;
#6963 = CARTESIAN_POINT ( 'NONE',  ( -3.485117518757674837, -4.039144021101851223, -1.666666666666666297 ) ) ;
#6964 = CARTESIAN_POINT ( 'NONE',  ( 5.849418486486108293, 0.5938687778687591345, 10.55000000000000249 ) ) ;
#6965 = CARTESIAN_POINT ( 'NONE',  ( 1.122902491428185545, -4.711163676717598392, 1.666666666666666297 ) ) ;
#6966 = B_SPLINE_CURVE_WITH_KNOTS ( 'NONE', 1,
 ( #3423, #1824 ),
 .UNSPECIFIED., .F., .F.,
 ( 2, 2 ),
 ( 0.000000000000000000, 1.000000000000000000 ),
 .UNSPECIFIED. ) ;
#6967 = CARTESIAN_POINT ( 'NONE',  ( -2.673921665751363808, -5.679605890652212885, -5.000000000000000000 ) ) ;
#6968 = CARTESIAN_POINT ( 'NONE',  ( 0.05254660229870469768, -5.812160726609311823, -5.000000000000000000 ) ) ;
#6969 = CARTESIAN_POINT ( 'NONE',  ( -3.140323357745950172, -3.061732344331665967, 10.54999999999999538 ) ) ;
#6970 = CARTESIAN_POINT ( 'NONE',  ( -2.907966664692027692, 4.882705828916002133, 10.20000054708695458 ) ) ;
#6971 = DIRECTION ( 'NONE',  ( -0.000000000000000000, -0.000000000000000000, 1.000000000000000000 ) ) ;
#6972 = CARTESIAN_POINT ( 'NONE',  ( 4.142919934894312206, 4.364618222124520663, 0.000000000000000000 ) ) ;
#6973 = CARTESIAN_POINT ( 'NONE',  ( 4.339720304343666513, -1.788319183032214488, -3.333333333333333037 ) ) ;
#6974 = CARTESIAN_POINT ( 'NONE',  ( -4.646369188651361171, 3.188622703862751262, 3.333333333333333037 ) ) ;
#6975 = CARTESIAN_POINT ( 'NONE',  ( -5.107928934465621573, 0.2405591605908727337, 10.20000054708695281 ) ) ;
#6976 = CARTESIAN_POINT ( 'NONE',  ( -4.553079637902985866, 4.832420171271765597, -5.000000000000000000 ) ) ;
#6977 = CARTESIAN_POINT ( 'NONE',  ( -5.030281583804405265, -0.1562898461033624120, 10.54999999999999716 ) ) ;
#6978 = CARTESIAN_POINT ( 'NONE',  ( -4.256811199366234533, 4.974992072627892448, 10.20000054708695636 ) ) ;
#6979 = CARTESIAN_POINT ( 'NONE',  ( -4.843095223722518661, 3.764679053093944017, 10.55000000000000071 ) ) ;
#6980 = CARTESIAN_POINT ( 'NONE',  ( -4.162298500840132753, 3.337064540658602141, -1.666666666666666297 ) ) ;
#6981 = CARTESIAN_POINT ( 'NONE',  ( 2.441736250558790733, -4.575543266771098239, 10.20000054708695814 ) ) ;
#6982 = CARTESIAN_POINT ( 'NONE',  ( -0.1124131853392694447, -5.182989587379646323, 10.54999999999999716 ) ) ;
#6983 = CARTESIAN_POINT ( 'NONE',  ( -3.267439549192918680, -3.424002307876079065, 10.20000054708695458 ) ) ;
#6984 = ORIENTED_EDGE ( 'NONE', *, *, #2243, .F. ) ;
#6985 = CARTESIAN_POINT ( 'NONE',  ( -1.535240925159687908, 4.499769872121253123, 10.20000054708695636 ) ) ;
#6986 = CARTESIAN_POINT ( 'NONE',  ( -0.9171783983772227034, -6.156819319221122022, 3.333333333333333037 ) ) ;
#6987 = CARTESIAN_POINT ( 'NONE',  ( 0.9834258875129481270, -4.665741125978071224, 10.20000054708694925 ) ) ;
#6988 = CARTESIAN_POINT ( 'NONE',  ( 2.976662548120705853, 3.796648613077663548, 10.20000054708695281 ) ) ;
#6989 = CARTESIAN_POINT ( 'NONE',  ( 6.297134153535631107, 0.6508083554625202494, 10.20000054708695636 ) ) ;
#6990 = CARTESIAN_POINT ( 'NONE',  ( 5.123227066717328526, -0.2064956504716665142, 5.000000000000024869 ) ) ;
#6991 = CARTESIAN_POINT ( 'NONE',  ( -2.765710286711027255, -3.479926740553302089, 10.54999999999999893 ) ) ;
#6992 = CARTESIAN_POINT ( 'NONE',  ( 2.411574516515904598, 4.988584474878513753, 10.54999999999999893 ) ) ;
#6993 = CARTESIAN_POINT ( 'NONE',  ( -2.019198866007305249, 5.398229052130370853, 1.666666666666666297 ) ) ;
#6994 = CARTESIAN_POINT ( 'NONE',  ( 2.402392112518160427, 5.383560016790243985, 10.55000000000000249 ) ) ;
#6995 = CARTESIAN_POINT ( 'NONE',  ( 1.470471587390117962, 5.489517252965712579, 0.000000000000000000 ) ) ;
#6996 = CARTESIAN_POINT ( 'NONE',  ( 3.391656992469872289, -4.759532969876164366, 10.54999999999999716 ) ) ;
#6997 = CARTESIAN_POINT ( 'NONE',  ( 2.374522375663670637, 4.807218553229102298, 10.54999999999999893 ) ) ;
#6998 = CARTESIAN_POINT ( 'NONE',  ( 5.851330226675907298, -1.405564791000387892, 0.000000000000000000 ) ) ;
#6999 = CARTESIAN_POINT ( 'NONE',  ( -3.239718612251402341, -4.766787623886893144, -3.333333333333333037 ) ) ;
#7000 = CARTESIAN_POINT ( 'NONE',  ( 5.794899599079082364, 0.5342813291423835764, 10.55000000000000249 ) ) ;
#7001 = CARTESIAN_POINT ( 'NONE',  ( -1.323275601217094311, 4.183715785193308001, 10.54999999999999716 ) ) ;
#7002 = CARTESIAN_POINT ( 'NONE',  ( -1.375385888544237156, -6.303890028515529487, 3.333333333333333037 ) ) ;
#7003 = CARTESIAN_POINT ( 'NONE',  ( -4.204600090956857272, -2.883451769063074988, 10.20000054708695636 ) ) ;
#7004 = CARTESIAN_POINT ( 'NONE',  ( 2.907966664692025471, -4.882705828915998580, -5.000000000000000000 ) ) ;
#7005 = CARTESIAN_POINT ( 'NONE',  ( 4.516332414954610464, -1.859659088761142609, -5.000000000002337686 ) ) ;
#7006 = CARTESIAN_POINT ( 'NONE',  ( -4.533687937200373774, -1.816938096579815864, 0.000000000000000000 ) ) ;
#7007 = CARTESIAN_POINT ( 'NONE',  ( -2.978592604696847168, -3.219484398725451779, 10.54999999999999893 ) ) ;
#7008 = CARTESIAN_POINT ( 'NONE',  ( 6.433344965106440938, 0.9757289509385252968, 10.20000054708695458 ) ) ;
#7009 = CARTESIAN_POINT ( 'NONE',  ( -3.293975600896208340E-13, 4.427453442170542191E-13, -6.000000000000024869 ) ) ;
#7010 = CARTESIAN_POINT ( 'NONE',  ( 4.039873012212676251, -4.688701691146372141, 10.54999999999999893 ) ) ;
#7011 = CARTESIAN_POINT ( 'NONE',  ( 3.098866292598212890, 4.030722636955604621, 3.333333333333333037 ) ) ;
#7012 = CARTESIAN_POINT ( 'NONE',  ( -4.679296967637471383, 0.1936044425409366720, 10.55000000000000071 ) ) ;
#7013 = CARTESIAN_POINT ( 'NONE',  ( -1.708410305071415003, 5.770183011040057153, 0.000000000000000000 ) ) ;
#7014 = CARTESIAN_POINT ( 'NONE',  ( -6.419232251471059136, -1.053332423663681627, 10.20000054708695103 ) ) ;
#7015 = CARTESIAN_POINT ( 'NONE',  ( 5.564139155517589863, 0.06115429241966183899, -5.000000000000000000 ) ) ;
#7016 = CARTESIAN_POINT ( 'NONE',  ( -6.036737601443936896, -0.9515887055297654884, 10.55000000000000071 ) ) ;
#7017 = CARTESIAN_POINT ( 'NONE',  ( -4.670252132810324142, 2.386653583968803893, 10.20000054708695458 ) ) ;
#7018 = CARTESIAN_POINT ( 'NONE',  ( -4.230438025186652240, 4.590999285672733521, 10.54999999999999716 ) ) ;
#7019 = CARTESIAN_POINT ( 'NONE',  ( -4.830148432751304455, 3.503813660578048328, -3.333333333333333037 ) ) ;
#7020 = CARTESIAN_POINT ( 'NONE',  ( 4.173889946364909065, -5.012138954449759431, 10.20000054708695458 ) ) ;
#7021 = EDGE_LOOP ( 'NONE', ( #6904, #1641, #6381, #2947 ) ) ;
#7022 = CARTESIAN_POINT ( 'NONE',  ( 0.1896977718166860394, 5.334193082648575057, 10.55000000000000071 ) ) ;
#7023 = CARTESIAN_POINT ( 'NONE',  ( -2.010242951416036039, 4.482821892302955469, 10.20000054708696169 ) ) ;
#7024 = CARTESIAN_POINT ( 'NONE',  ( 0.1704022720372699862, -5.377413347294651480, 5.000000000000000000 ) ) ;
#7025 = CARTESIAN_POINT ( 'NONE',  ( 2.299518889766836605, -4.531159051096927293, 10.20000054708695458 ) ) ;
#7026 = CARTESIAN_POINT ( 'NONE',  ( 3.777424719659108643, 3.044435483803904496, 10.20000054708695458 ) ) ;
#7027 = CARTESIAN_POINT ( 'NONE',  ( 6.160211539728369878, 2.279585733111003876, 10.20000054708695814 ) ) ;
#7028 = CARTESIAN_POINT ( 'NONE',  ( 5.173762681679799691, -3.073411379804814825, 5.000000000000024869 ) ) ;
#7029 = CARTESIAN_POINT ( 'NONE',  ( -2.719449089333045855, -4.616046973704461820, 10.20000054708695814 ) ) ;
#7030 = CARTESIAN_POINT ( 'NONE',  ( -3.805040797272901454, -2.645589398983049456, 10.55000000000001847 ) ) ;
#7031 = CARTESIAN_POINT ( 'NONE',  ( 0.4918679103819280640, 5.909869050862114115, 10.55000000000000249 ) ) ;
#7032 = CARTESIAN_POINT ( 'NONE',  ( -2.210029059896360781, 5.542816575422763847, 1.666666666666666297 ) ) ;
#7033 = CARTESIAN_POINT ( 'NONE',  ( 2.370919049534412792, 4.571956965613559909, 10.54999999999999538 ) ) ;
#7034 = CARTESIAN_POINT ( 'NONE',  ( -0.2006596549303091837, 4.838978085894283687, -3.333333333333333037 ) ) ;
#7035 = CARTESIAN_POINT ( 'NONE',  ( 1.179432434539152030, -4.220417473491707483, 10.55000000000000071 ) ) ;
#7036 = CARTESIAN_POINT ( 'NONE',  ( 3.182344368066303275, 3.023332592942669095, 10.55000000000000604 ) ) ;
#7037 = CARTESIAN_POINT ( 'NONE',  ( 4.312018030364506593, 2.205101750084092149, -1.666666666666666297 ) ) ;
#7038 = CARTESIAN_POINT ( 'NONE',  ( -3.539730810310473430, -4.232612283599253900, -1.666666666666666297 ) ) ;
#7039 = CARTESIAN_POINT ( 'NONE',  ( 4.890674676254819886, -0.4958499043328626343, 10.20000054708695991 ) ) ;
#7040 = CARTESIAN_POINT ( 'NONE',  ( 4.646369188651362059, -3.188622703862752150, 3.333333333333333037 ) ) ;
#7041 = CARTESIAN_POINT ( 'NONE',  ( -4.257304147301129937, -2.857526457809150600, -5.000000000000000000 ) ) ;
#7042 = LINE ( 'NONE', #2760, #3748 ) ;
#7043 = CARTESIAN_POINT ( 'NONE',  ( -4.215045891529108246, -2.154063696584817666, 0.000000000000000000 ) ) ;
#7044 = CARTESIAN_POINT ( 'NONE',  ( -5.123572763682084030, -2.593816790801770189, 10.55000000000000249 ) ) ;
#7045 = CARTESIAN_POINT ( 'NONE',  ( 5.604626029811762500, 2.827710600053702894, 10.20000054708695458 ) ) ;
#7046 = CARTESIAN_POINT ( 'NONE',  ( 4.860296697091318840, -3.304517335513998511, 10.55000000000000249 ) ) ;
#7047 = CARTESIAN_POINT ( 'NONE',  ( 4.117753766068318555, -4.738341904635169577, 0.000000000000000000 ) ) ;
#7048 = EDGE_CURVE ( 'NONE', #4445, #4590, #2909, .T. ) ;
#7049 = CARTESIAN_POINT ( 'NONE',  ( 3.972996821740307993, 2.573304974326865668, 0.000000000000000000 ) ) ;
#7050 = CARTESIAN_POINT ( 'NONE',  ( -6.518773151765566709, -0.9219336593036326910, 3.333333333333333037 ) ) ;
#7051 = CARTESIAN_POINT ( 'NONE',  ( -6.277932751345357332, -0.6145093588330885481, 10.20000054708695636 ) ) ;
#7052 = CARTESIAN_POINT ( 'NONE',  ( 5.549568239385187951, -0.9540490732971211862, -1.666666666666666519 ) ) ;
#7053 = CARTESIAN_POINT ( 'NONE',  ( -2.364361744479818839, -4.691915832326480462, 10.54999999999999893 ) ) ;
#7054 = CARTESIAN_POINT ( 'NONE',  ( -4.832089660691307742, 3.201068291900866392, 10.55000000000000071 ) ) ;
#7055 = CARTESIAN_POINT ( 'NONE',  ( 1.058259038248090755, 5.016989528068906523, 0.000000000000000000 ) ) ;
#7056 = CARTESIAN_POINT ( 'NONE',  ( 3.984718615642149242, -5.077283493097561440, 10.20000054708695814 ) ) ;
#7057 = EDGE_CURVE ( 'NONE', #7492, #5130, #7058, .T. ) ;
#7058 = B_SPLINE_CURVE_WITH_KNOTS ( 'NONE', 3,
 ( #7473, #2516, #4982, #651, #3145, #7430, #695, #5643, #2561, #5521, #3668, #2350, #2272, #4829, #7878, #7955, #3550, #1029, #7354, #7281, #3588, #2312, #2937, #1159, #1724, #1071, #1842, #1762, #6043, #493, #6002, #2983, #4786, #451, #5359, #3025, #3510, #4268, #3628, #6083, #5480, #4908, #7206, #4233, #7840, #7914, #7246, #4191, #5444, #6647, #4151, #572, #6123, #3068, #1805, #1116, #6691, #535, #5963, #2392, #4870, #6729, #2437, #1202, #6565, #408, #2893, #7799, #4741 ),
 .UNSPECIFIED., .F., .F.,
 ( 4, 1, 1, 1, 1, 1, 1, 1, 1, 1, 1, 1, 1, 1, 1, 1, 1, 1, 1, 1, 1, 1, 1, 1, 1, 1, 1, 1, 1, 1, 1, 1, 1, 1, 1, 1, 1, 1, 1, 1, 1, 1, 1, 1, 1, 1, 1, 1, 1, 1, 1, 1, 1, 1, 1, 1, 1, 1, 1, 1, 1, 1, 1, 1, 1, 1, 4 ),
 ( 0.000000000000000000, 0.001550136839284177882, 0.006071790579032732872, 0.01319933330643397081, 0.02235545058397470433, 0.03279841876312717536, 0.04368224385626463119, 0.05412521206154098652, 0.06328132952199551353, 0.07040887200001057222, 0.07493052570653438438, 0.07648066268273293056, 0.07830987249869737765, 0.08364196438749350870, 0.09204655913978677939, 0.1028430373207351034, 0.1151568493611582478, 0.1279904800311172652, 0.1403042919271871025, 0.1511007699844777730, 0.1595053650660853972, 0.1648374566927234830, 0.1666666665651366508, 0.1682168034675717572, 0.1727384570784420981, 0.1798659999250299957, 0.1890221172240486580, 0.1994650853702830962, 0.2103489104811955834, 0.2207918786954912727, 0.2299479960603503792, 0.2370755387243886070, 0.2415971925504385998, 0.2431473293182558337, 0.2449765393134491487, 0.2503086310241840473, 0.2587132258091817127, 0.2695097040632675189, 0.2818235159497663456, 0.2946571465833847658, 0.3069709587144876517, 0.3177674367777304498, 0.3261720316518775253, 0.3315041233572607604, 0.3333333332205335453, 0.3348834701217313636, 0.3394051238394396042, 0.3465326665844588594, 0.3556887839547354102, 0.3661317520994328834, 0.3770155771509099418, 0.3874585455141884571, 0.3966146627308363426, 0.4037422055325970982, 0.4082638591539680673, 0.4098139960758114264, 0.4116432060273030324, 0.4169752975787388016, 0.4253798926897007782, 0.4361763707277578339, 0.4484901827299386246, 0.4613238133271913011, 0.4736376252512040641, 0.4844341034546065794, 0.4928386983189818604, 0.4981707901223491053, 0.5000000163481791438 ),
 .UNSPECIFIED. ) ;
#7059 = ORIENTED_EDGE ( 'NONE', *, *, #7770, .T. ) ;
#7060 = CARTESIAN_POINT ( 'NONE',  ( -0.006733520079506275478, 5.001576202155749939, 10.55000000000000249 ) ) ;
#7061 = CARTESIAN_POINT ( 'NONE',  ( -1.694000149998149185, 4.481256282494978649, 10.20000054708696169 ) ) ;
#7062 = CARTESIAN_POINT ( 'NONE',  ( 4.771635973406850972, -4.343064134404512444, 3.333333333333333037 ) ) ;
#7063 = CARTESIAN_POINT ( 'NONE',  ( 5.222369380898792102, -3.619921022511149555, 10.20000054708695458 ) ) ;
#7064 = CARTESIAN_POINT ( 'NONE',  ( 0.9181085490259700554, 6.452843073522602779, 10.20000054708695281 ) ) ;
#7065 = CARTESIAN_POINT ( 'NONE',  ( 2.371666416849588455, 6.059304634297759229, 5.000000000000000000 ) ) ;
#7066 = CARTESIAN_POINT ( 'NONE',  ( -4.124973028837838562, -2.542488161338704256, 10.55000000000000426 ) ) ;
#7067 = CARTESIAN_POINT ( 'NONE',  ( 0.1364552259262346579, 5.226145630091586725, 10.54999999999999893 ) ) ;
#7068 = CARTESIAN_POINT ( 'NONE',  ( -6.440971233593919543, -0.3802702459705247229, 3.333333333333333037 ) ) ;
#7069 = CARTESIAN_POINT ( 'NONE',  ( 0.4273049040287050238, 5.857337330294233091, 10.55000000000000249 ) ) ;
#7070 = CARTESIAN_POINT ( 'NONE',  ( 3.930152937962594795, 5.185930219046908540, 0.000000000000000000 ) ) ;
#7071 = CARTESIAN_POINT ( 'NONE',  ( 4.873720649479972522, -3.587520476166722094, 10.55000000000000426 ) ) ;
#7072 = CARTESIAN_POINT ( 'NONE',  ( 2.428332326023566523, 5.036548305263858438, 10.55000000000000071 ) ) ;
#7073 = CARTESIAN_POINT ( 'NONE',  ( 0.000000000000000000, 0.000000000000000000, -11.00000000000002487 ) ) ;
#7074 = CARTESIAN_POINT ( 'NONE',  ( -4.855646503676884329, 3.709193969460309770, 10.54999999999999716 ) ) ;
#7075 = CARTESIAN_POINT ( 'NONE',  ( -4.018825604028019249, -4.018224371688232210, 0.000000000000000000 ) ) ;
#7076 = CARTESIAN_POINT ( 'NONE',  ( 5.439193019016864028, 2.492165729884532333, 10.55000000000000249 ) ) ;
#7077 = AXIS2_PLACEMENT_3D ( 'NONE', #2828, #2172, #470 ) ;
#7078 = CARTESIAN_POINT ( 'NONE',  ( 1.058259038248090977, -5.016989528068908299, 0.000000000000000000 ) ) ;
#7079 = CARTESIAN_POINT ( 'NONE',  ( 5.748018482795087536, -0.4222848131969865748, -3.333333333333333037 ) ) ;
#7080 = CARTESIAN_POINT ( 'NONE',  ( -3.855327559271249616E-13, -12.14999999999964331, -6.000000000005404566 ) ) ;
#7081 = DIRECTION ( 'NONE',  ( 1.000000000000000000, 0.000000000000000000, 0.000000000000000000 ) ) ;
#7082 = CARTESIAN_POINT ( 'NONE',  ( -5.007205532966260364, -2.951587071971436771, -5.000000000000000000 ) ) ;
#7083 = CARTESIAN_POINT ( 'NONE',  ( -5.285825924431895473, -2.558733071708847451, 10.55000000000000071 ) ) ;
#7084 = CARTESIAN_POINT ( 'NONE',  ( 5.007205532966265693, 2.951587071971437659, 10.20000054708695458 ) ) ;
#7085 = CARTESIAN_POINT ( 'NONE',  ( 4.803508672799364554, -3.893346580729601047, 10.54999999999999893 ) ) ;
#7086 = CARTESIAN_POINT ( 'NONE',  ( -1.298451264820543294, -5.221076087381561592, 0.000000000000000000 ) ) ;
#7087 = CARTESIAN_POINT ( 'NONE',  ( 3.485117518757675281, 4.039144021101855664, 1.666666666666666297 ) ) ;
#7088 = CARTESIAN_POINT ( 'NONE',  ( -5.684602928100049191, 0.9504370040673590925, 1.666666666666666297 ) ) ;
#7089 = CARTESIAN_POINT ( 'NONE',  ( -6.293969882250029180, -0.6474204617397307793, 10.20000054708695458 ) ) ;
#7090 = CARTESIAN_POINT ( 'NONE',  ( 3.972996821740307105, -2.573304974326867889, 0.000000000000000000 ) ) ;
#7091 = CARTESIAN_POINT ( 'NONE',  ( -2.436566259970029957, -5.058315922201244597, 10.55000000000000249 ) ) ;
#7092 = CARTESIAN_POINT ( 'NONE',  ( -3.356349998691503078, 4.750394326649679755, 10.55000000000000249 ) ) ;
#7093 = CARTESIAN_POINT ( 'NONE',  ( -2.212433887838667346, 4.854468545862983930, -3.333333333333333037 ) ) ;
#7094 = CARTESIAN_POINT ( 'NONE',  ( 4.519545583414640966, -4.818594267327810599, 10.20000054708695636 ) ) ;
#7095 = CARTESIAN_POINT ( 'NONE',  ( 0.04271708172931970582, -4.955958031394548158, 10.54999999999999893 ) ) ;
#7096 = ORIENTED_EDGE ( 'NONE', *, *, #5032, .T. ) ;
#7097 = CARTESIAN_POINT ( 'NONE',  ( -0.8859579947650727538, 4.713916872438320915, 10.20000054708695281 ) ) ;
#7098 = CARTESIAN_POINT ( 'NONE',  ( 4.413977035674935046, -3.706055536428903174, 1.666666666666666297 ) ) ;
#7099 = CARTESIAN_POINT ( 'NONE',  ( 4.387797185284279422, -4.905026220840863260, 10.20000054708695636 ) ) ;
#7100 = CARTESIAN_POINT ( 'NONE',  ( 2.643120118131946583, 5.685577260857368032, 10.20000054708695281 ) ) ;
#7101 = CARTESIAN_POINT ( 'NONE',  ( -1.052720001348083523, 4.615017103915213248, 5.000000000000000000 ) ) ;
#7102 = CARTESIAN_POINT ( 'NONE',  ( -1.904998189758478455, -5.934246136520286541, 10.54999999999999893 ) ) ;
#7103 = CARTESIAN_POINT ( 'NONE',  ( 0.2733281787421558140, 5.660307927545480844, 10.55000000000000071 ) ) ;
#7104 = CARTESIAN_POINT ( 'NONE',  ( -4.873969894515737700, 1.592015537546809023, 0.000000000000000000 ) ) ;
#7105 = CARTESIAN_POINT ( 'NONE',  ( 5.617911649995843248, 0.4221517240340550425, 10.55000000000000071 ) ) ;
#7106 = CARTESIAN_POINT ( 'NONE',  ( 2.111129491559003313, 5.784689659224324210, 10.55000000000000249 ) ) ;
#7107 = CARTESIAN_POINT ( 'NONE',  ( -5.411334813100051377, 0.01531957209580311029, 10.20000054708695281 ) ) ;
#7108 = CARTESIAN_POINT ( 'NONE',  ( 3.799759560933618552, -4.761406807813231445, 10.55000000000000426 ) ) ;
#7109 = CARTESIAN_POINT ( 'NONE',  ( 5.678215679709420982, 0.07738645994917364712, -5.000000000000000888 ) ) ;
#7110 = CARTESIAN_POINT ( 'NONE',  ( -4.750931316941660931, 0.1077579770178630353, 10.54999999999999893 ) ) ;
#7111 = CARTESIAN_POINT ( 'NONE',  ( -3.945042019279604961, -3.924286919456764000, 0.000000000000000000 ) ) ;
#7112 = CARTESIAN_POINT ( 'NONE',  ( 6.091681027160453787, 1.323032302821624429, 10.55000000000000071 ) ) ;
#7113 = CARTESIAN_POINT ( 'NONE',  ( 4.491800750379475460, -4.813324326891781801, 3.333333333333333037 ) ) ;
#7114 = CARTESIAN_POINT ( 'NONE',  ( 6.193482167177077891, -0.6232326543441484290, -1.666666666666666297 ) ) ;
#7115 = CARTESIAN_POINT ( 'NONE',  ( 6.073494470734879691, 1.108401916272449439, 10.55000000000000249 ) ) ;
#7116 = CARTESIAN_POINT ( 'NONE',  ( -2.710634745066446971, -4.647372425121903738, -5.000000000000000000 ) ) ;
#7117 = CARTESIAN_POINT ( 'NONE',  ( -2.392446591315494864, -4.915885257161663802, 10.55000000000000071 ) ) ;
#7118 = CARTESIAN_POINT ( 'NONE',  ( 6.304921007630883700, 2.081055046146127907, 10.20000054708695458 ) ) ;
#7119 = CARTESIAN_POINT ( 'NONE',  ( 5.084612861887574553, 2.429562399373935921, 3.333333333333333037 ) ) ;
#7120 = CARTESIAN_POINT ( 'NONE',  ( -6.255643805310284300, -0.5241188672390326708, 5.000000000000000000 ) ) ;
#7121 = CARTESIAN_POINT ( 'NONE',  ( -5.502485069596326106, -2.850552479364355740, 10.20000054708695458 ) ) ;
#7122 = CARTESIAN_POINT ( 'NONE',  ( -2.382783059699694839, 4.540092616159148164, -4.999999999997232436 ) ) ;
#7123 = CARTESIAN_POINT ( 'NONE',  ( 4.291007783504368511, -2.245712686074321063, -3.333333333333333037 ) ) ;
#7124 = CARTESIAN_POINT ( 'NONE',  ( -4.921182337446118993, -2.546916275335755042, 10.55000000000000249 ) ) ;
#7125 = CARTESIAN_POINT ( 'NONE',  ( -4.256835255678445229, 2.273527487814289927, 10.55000000000000604 ) ) ;
#7126 = CARTESIAN_POINT ( 'NONE',  ( 1.922560767552540240, 6.296675729077716888, -3.333333333333333037 ) ) ;
#7127 = CARTESIAN_POINT ( 'NONE',  ( 2.488030746829181794, -4.593167962998825793, 10.20000054708695103 ) ) ;
#7128 = VERTEX_POINT ( 'NONE', #1684 ) ;
#7129 = CARTESIAN_POINT ( 'NONE',  ( -4.157883058702070755, 5.018571808878311558, 10.20000054708695458 ) ) ;
#7130 = CARTESIAN_POINT ( 'NONE',  ( 1.499767045398626486, -4.858023890765656105, 1.666666666666666297 ) ) ;
#7131 = CARTESIAN_POINT ( 'NONE',  ( 5.217881905327960368, -3.661458593670733119, 10.20000054708695458 ) ) ;
#7132 = CARTESIAN_POINT ( 'NONE',  ( 2.679751748588374838, 5.618663185140813532, 10.20000054708695281 ) ) ;
#7133 = CARTESIAN_POINT ( 'NONE',  ( 4.701149536034620269, 2.853607855873383947, 10.20000054708695636 ) ) ;
#7134 = CARTESIAN_POINT ( 'NONE',  ( -0.05254660229870321275, 5.812160726609316264, 5.000000000000000000 ) ) ;
#7135 = CARTESIAN_POINT ( 'NONE',  ( -2.728320544031484829, -4.807143614484910010, 10.20000054708695281 ) ) ;
#7136 = CARTESIAN_POINT ( 'NONE',  ( -2.382719924610032791, -4.435756530862596136, 10.55000000000000249 ) ) ;
#7137 = CARTESIAN_POINT ( 'NONE',  ( 0.4483010050627572185, 5.875529594782245901, 10.54999999999999893 ) ) ;
#7138 = ADVANCED_FACE ( 'NONE', ( #6608 ), #5025, .F. ) ;
#7139 = CARTESIAN_POINT ( 'NONE',  ( -3.815710851444237495, 3.424973976468144610, 0.000000000000000000 ) ) ;
#7140 = CARTESIAN_POINT ( 'NONE',  ( -2.767605643570029805, -4.943181380055426288, 10.20000054708695636 ) ) ;
#7141 = CARTESIAN_POINT ( 'NONE',  ( 0.9763774728495931976, 6.107648574547329900, 10.54999999999999893 ) ) ;
#7142 = CARTESIAN_POINT ( 'NONE',  ( 4.726178417126385867, -4.065228741818892821, 10.55000000000000071 ) ) ;
#7143 = CARTESIAN_POINT ( 'NONE',  ( -5.549568238828339162, 0.9540490732813362573, -1.666666666666666519 ) ) ;
#7144 = CARTESIAN_POINT ( 'NONE',  ( -4.468352578898932670, 0.5129260866989864276, 10.54999999999999893 ) ) ;
#7145 = CARTESIAN_POINT ( 'NONE',  ( -5.682530617115134852, -0.07702009724794428580, -5.000000000000000000 ) ) ;
#7146 = CARTESIAN_POINT ( 'NONE',  ( 4.553079637902986754, -4.832420171271764708, 5.000000000000000000 ) ) ;
#7147 = CARTESIAN_POINT ( 'NONE',  ( 5.655121071682121858, 0.07334690585049023770, -5.000000000000000000 ) ) ;
#7148 = CARTESIAN_POINT ( 'NONE',  ( -5.248533672560239616, -2.943904212591498037, -5.000000000000000000 ) ) ;
#7149 = CARTESIAN_POINT ( 'NONE',  ( -5.212414088650334065, 3.284765323266440884, 10.20000054708695458 ) ) ;
#7150 = CARTESIAN_POINT ( 'NONE',  ( -2.703505241136940018, -3.572800853352525063, 10.55000000000000249 ) ) ;
#7151 = CARTESIAN_POINT ( 'NONE',  ( 6.433344965106440938, 0.9757289509385252968, 10.20000054708695458 ) ) ;
#7152 = CARTESIAN_POINT ( 'NONE',  ( 4.692225750156279851, -3.010519890439858681, 10.54999999999999893 ) ) ;
#7153 = CARTESIAN_POINT ( 'NONE',  ( -3.581722154484193066, 5.155487022041025824, -5.999999999996562750 ) ) ;
#7154 = CARTESIAN_POINT ( 'NONE',  ( -0.1704022720372709576, 5.377413347294648815, 5.000000000000000000 ) ) ;
#7155 = CARTESIAN_POINT ( 'NONE',  ( -1.404414650986939961, -6.115637619031113914, 10.55000000000000249 ) ) ;
#7156 = CARTESIAN_POINT ( 'NONE',  ( -4.873969894515737700, 1.592015537546809023, 0.000000000000000000 ) ) ;
#7157 = CARTESIAN_POINT ( 'NONE',  ( -5.758970966145160908, -2.703365185115753633, 10.20000054708695636 ) ) ;
#7158 = CARTESIAN_POINT ( 'NONE',  ( -3.213266569546581408, 5.088083704188618661, -5.999999999996726174 ) ) ;
#7159 = CARTESIAN_POINT ( 'NONE',  ( 4.486534183822808330, -3.934215941351282275, -1.666666666666666297 ) ) ;
#7160 = CARTESIAN_POINT ( 'NONE',  ( -4.516783694629157075, -2.491115078608284517, 10.54999999999999893 ) ) ;
#7161 = CARTESIAN_POINT ( 'NONE',  ( -4.499415045465776863, 2.795824652279797373, 10.54999999999999716 ) ) ;
#7162 = CARTESIAN_POINT ( 'NONE',  ( 0.4382436727055020187, 5.618185107111754562, -3.333333333333333037 ) ) ;
#7163 = CARTESIAN_POINT ( 'NONE',  ( 4.702474055656830743, -2.453294402469651914, 10.20000054708695281 ) ) ;
#7164 = CARTESIAN_POINT ( 'NONE',  ( 2.116291285189405347, -4.142275375032451912, 10.54999999999999893 ) ) ;
#7165 = ORIENTED_EDGE ( 'NONE', *, *, #5962, .T. ) ;
#7166 = CARTESIAN_POINT ( 'NONE',  ( -3.062641788102464346, 4.531740002800052736, 10.55000000000000249 ) ) ;
#7167 = CARTESIAN_POINT ( 'NONE',  ( -4.352378405691889718, 4.925340963169297481, 10.20000054708695814 ) ) ;
#7168 = CARTESIAN_POINT ( 'NONE',  ( 5.192377491128977951, -3.921631092083313064, 5.000000000000000000 ) ) ;
#7169 = CARTESIAN_POINT ( 'NONE',  ( 4.702474055656830743, -2.453294402469651914, 10.20000054708695281 ) ) ;
#7170 = CARTESIAN_POINT ( 'NONE',  ( 2.289424053055898689, 6.092425504118620161, 10.20000054708695458 ) ) ;
#7171 = CARTESIAN_POINT ( 'NONE',  ( 0.07477099020677412111, 6.017315606013082352, 5.000000000000000000 ) ) ;
#7172 = CARTESIAN_POINT ( 'NONE',  ( -1.634886402339241762, -6.056093641128232008, 10.55000000000000249 ) ) ;
#7173 = CARTESIAN_POINT ( 'NONE',  ( 0.2472810459888924450, 5.499489812988293203, 10.55000000000000249 ) ) ;
#7174 = CARTESIAN_POINT ( 'NONE',  ( 2.855377237005242375, 4.030542105564119737, 10.20000054708695458 ) ) ;
#7175 = CARTESIAN_POINT ( 'NONE',  ( -6.456223770568879416, -0.8106471639654754258, 0.000000000000000000 ) ) ;
#7176 = CARTESIAN_POINT ( 'NONE',  ( -2.755324515853061484, -4.912783376991216144, 10.20000054708695281 ) ) ;
#7177 = CARTESIAN_POINT ( 'NONE',  ( 0.8942478740399936177, 6.091032923055313297, 10.54999999999999716 ) ) ;
#7178 = CARTESIAN_POINT ( 'NONE',  ( 4.860910926814753452, -3.681967891761541711, 10.55000000000000249 ) ) ;
#7179 = CARTESIAN_POINT ( 'NONE',  ( 5.959138762194273298, -0.3093691773889581942, -3.333333333333333037 ) ) ;
#7180 = CARTESIAN_POINT ( 'NONE',  ( -4.454354510186192329, 2.725724354762068646, 10.55000000000000249 ) ) ;
#7181 = CARTESIAN_POINT ( 'NONE',  ( -6.440971233593919543, -0.3802702459705247229, -3.333333333333333037 ) ) ;
#7182 = CARTESIAN_POINT ( 'NONE',  ( 6.034475403692967532, 1.722009003140819061, 10.54999999999999716 ) ) ;
#7183 = CARTESIAN_POINT ( 'NONE',  ( 1.949636613157420317, -5.287246778282475468, 1.666666666666666297 ) ) ;
#7184 = CARTESIAN_POINT ( 'NONE',  ( 5.549568239385187951, -0.9540490732971211862, -1.666666666666666519 ) ) ;
#7185 = CARTESIAN_POINT ( 'NONE',  ( 0.000000000000000000, 0.000000000000000000, 0.000000000000000000 ) ) ;
#7186 = CARTESIAN_POINT ( 'NONE',  ( 6.084415126347449743, 1.188548966637644533, 10.55000000000000249 ) ) ;
#7187 = CARTESIAN_POINT ( 'NONE',  ( -4.339720304343664736, 1.788319183032209825, -3.333333333333333037 ) ) ;
#7188 = CARTESIAN_POINT ( 'NONE',  ( -4.909238703545261373, 4.431877216256115304, 10.20000054708695281 ) ) ;
#7189 = CARTESIAN_POINT ( 'NONE',  ( -1.799586385543516354, -5.990188613065202894, 10.55000000000000426 ) ) ;
#7190 = CARTESIAN_POINT ( 'NONE',  ( 4.512813001798297030, -0.4185941725527942414, 10.55000000000000071 ) ) ;
#7191 = CARTESIAN_POINT ( 'NONE',  ( -2.669425199347730260, 4.671164775103695099, 10.20000054708695458 ) ) ;
#7192 = CARTESIAN_POINT ( 'NONE',  ( 4.028894480281568491, -5.206954424155692429, -1.666666666666666297 ) ) ;
#7193 = CARTESIAN_POINT ( 'NONE',  ( 2.371666416849258940, 6.059304634298201542, -5.999999999998124167 ) ) ;
#7194 = CARTESIAN_POINT ( 'NONE',  ( 1.908458813630810491, 6.359292723372316658, 5.000000000000000000 ) ) ;
#7195 = CONICAL_SURFACE ( 'NONE', #3744, 12.50000000000007816, 0.7853981633974471688 ) ;
#7196 = CARTESIAN_POINT ( 'NONE',  ( -2.331301026326637160, -5.527580990261626859, 10.55000000000000071 ) ) ;
#7197 = CARTESIAN_POINT ( 'NONE',  ( -5.851330226675902857, -1.405564791000387226, 0.000000000000000000 ) ) ;
#7198 = CARTESIAN_POINT ( 'NONE',  ( -4.386180324580204015, -2.852331941554329564, 10.20000054708695991 ) ) ;
#7199 = CARTESIAN_POINT ( 'NONE',  ( -0.6476541954610253171, 4.841088142863879007, -5.999999999997680966 ) ) ;
#7200 = CARTESIAN_POINT ( 'NONE',  ( 1.052720001348083079, -4.615017103915213248, -5.000000000000000000 ) ) ;
#7201 = CARTESIAN_POINT ( 'NONE',  ( -5.093553517722656743, -2.595901092182709036, 10.54999999999999893 ) ) ;
#7202 = CARTESIAN_POINT ( 'NONE',  ( -4.293733786656323659, 0.9165514061976192117, 10.55000000000000604 ) ) ;
#7203 = CARTESIAN_POINT ( 'NONE',  ( 1.708410305071416779, 5.770183011040061594, 0.000000000000000000 ) ) ;
#7204 = CARTESIAN_POINT ( 'NONE',  ( 4.974486444723770440, -4.333953505702207387, 10.20000054708695458 ) ) ;
#7205 = CONICAL_SURFACE ( 'NONE', #5924, 2.500000000000000000, 0.7853981633977252796 ) ;
#7206 = CARTESIAN_POINT ( 'NONE',  ( -2.673921665751363808, -5.679605890652212885, 10.20000054708695458 ) ) ;
#7207 = CARTESIAN_POINT ( 'NONE',  ( 1.708410305071416779, 5.770183011040061594, 0.000000000000000000 ) ) ;
#7208 = CARTESIAN_POINT ( 'NONE',  ( -2.902638760454611777, 4.411450549752201411, 10.55000000000000071 ) ) ;
#7209 = CARTESIAN_POINT ( 'NONE',  ( 3.247490944899273035, 5.006080960982938421, 3.333333333333333037 ) ) ;
#7210 = CARTESIAN_POINT ( 'NONE',  ( -4.256811199366234533, 4.974992072627892448, 10.20000054708695636 ) ) ;
#7211 = CARTESIAN_POINT ( 'NONE',  ( 4.641992031678379149, -0.9265593960872966495, 5.000000000000000000 ) ) ;
#7212 = CARTESIAN_POINT ( 'NONE',  ( 5.197938003761544579, -3.783254836116530573, 10.20000054708695458 ) ) ;
#7213 = CARTESIAN_POINT ( 'NONE',  ( 2.118833831743147655, 6.215194608271199961, 10.20000054708695814 ) ) ;
#7214 = CARTESIAN_POINT ( 'NONE',  ( -0.5718810293251508359, -6.353633239494892671, 10.20000054708695458 ) ) ;
#7215 = CARTESIAN_POINT ( 'NONE',  ( -2.373273726154917274, -5.448879283463804235, 10.55000000000000249 ) ) ;
#7216 = ORIENTED_EDGE ( 'NONE', *, *, #1525, .F. ) ;
#7217 = CARTESIAN_POINT ( 'NONE',  ( 2.718834610249681205, 4.652499042276421193, 10.20000054708695636 ) ) ;
#7218 = CARTESIAN_POINT ( 'NONE',  ( -6.147021845340259638, -1.960825888751873913, 3.333333333333333037 ) ) ;
#7219 = CARTESIAN_POINT ( 'NONE',  ( -2.489337965928677843, -5.899300255410079075, 10.20000054708695458 ) ) ;
#7220 = CARTESIAN_POINT ( 'NONE',  ( 5.369861732015708711, 0.3545903313999386186, 10.55000000000000071 ) ) ;
#7221 = CARTESIAN_POINT ( 'NONE',  ( 1.031241246502687003, 6.115719887604483596, 10.55000000000000249 ) ) ;
#7222 = CARTESIAN_POINT ( 'NONE',  ( 4.314384127427717708, -4.534919739672996997, 10.55000000000000249 ) ) ;
#7223 = CARTESIAN_POINT ( 'NONE',  ( -6.433344965106440050, -0.9757289509385247417, 5.000000000000024869 ) ) ;
#7224 = CARTESIAN_POINT ( 'NONE',  ( -4.374884425853373671, 2.580861221764106261, 10.55000000000000249 ) ) ;
#7225 = CARTESIAN_POINT ( 'NONE',  ( -6.162401348110472021, 1.196908415135740533, 0.000000000000000000 ) ) ;
#7226 = CARTESIAN_POINT ( 'NONE',  ( 6.026613165063817945, 1.747770141519816800, 10.55000000000000249 ) ) ;
#7227 = CARTESIAN_POINT ( 'NONE',  ( -5.851330226675902857, -1.405564791000387226, 0.000000000000000000 ) ) ;
#7228 = CARTESIAN_POINT ( 'NONE',  ( 5.790551135911332636, 2.284109871747715292, -3.333333333333333037 ) ) ;
#7229 = DIRECTION ( 'NONE',  ( -1.000000000000000000, 0.000000000000000000, 0.000000000000000000 ) ) ;
#7230 = CARTESIAN_POINT ( 'NONE',  ( 5.667929328527469224, 0.4348570122908094748, 10.55000000000000426 ) ) ;
#7231 = CARTESIAN_POINT ( 'NONE',  ( -5.499777161736416176, 0.4440181862372226118, -3.333333333333333037 ) ) ;
#7232 = CARTESIAN_POINT ( 'NONE',  ( -4.699068089596281084, 2.446548592067675276, 10.20000054708695281 ) ) ;
#7233 = CARTESIAN_POINT ( 'NONE',  ( -2.372684792686599931, -4.775281243972766099, 10.55000000000000426 ) ) ;
#7234 = CARTESIAN_POINT ( 'NONE',  ( 2.774563950083861918, 4.959725921755433475, 10.20000054708695458 ) ) ;
#7235 = CARTESIAN_POINT ( 'NONE',  ( 4.251039535322756358, -1.063767202235250453, 10.55000000000000249 ) ) ;
#7236 = CARTESIAN_POINT ( 'NONE',  ( 4.350894455684723106, -4.764497176725710936, -1.666666666666666297 ) ) ;
#7237 = CARTESIAN_POINT ( 'NONE',  ( -4.960140980963361201, 2.773821869950453323, -5.999999999997163158 ) ) ;
#7238 = CARTESIAN_POINT ( 'NONE',  ( -0.6675567257738417304, 4.646033348510059113, 1.666666666666666297 ) ) ;
#7239 = CARTESIAN_POINT ( 'NONE',  ( -0.2649302955999919829, -5.598389028546429280, 10.55000000000000249 ) ) ;
#7240 = CARTESIAN_POINT ( 'NONE',  ( -3.196713850561541115, -3.638267961793404837, 3.333333333333333037 ) ) ;
#7241 = CARTESIAN_POINT ( 'NONE',  ( -6.124997702220691842, -2.329706168433767655, 10.20000054708695458 ) ) ;
#7242 = CARTESIAN_POINT ( 'NONE',  ( -4.954707020477715496, 4.419694229628309046, -5.999999999996448174 ) ) ;
#7243 = CARTESIAN_POINT ( 'NONE',  ( 0.6675567257738422855, -4.646033348510059113, -1.666666666666666297 ) ) ;
#7244 = CARTESIAN_POINT ( 'NONE',  ( -4.426302986079483581, 2.678112798608585088, 10.54999999999999893 ) ) ;
#7245 = CARTESIAN_POINT ( 'NONE',  ( 4.714173653230958827, -2.475504607459788620, 10.20000054708695281 ) ) ;
#7246 = CARTESIAN_POINT ( 'NONE',  ( -2.729108392372209924, -4.849263011884232810, 10.20000054708695458 ) ) ;
#7247 = CARTESIAN_POINT ( 'NONE',  ( -3.182083250015423914, 4.663333873357664139, 10.55000000000000249 ) ) ;
#7248 = CARTESIAN_POINT ( 'NONE',  ( -4.909238703545261373, 4.431877216256115304, 10.20000054708695281 ) ) ;
#7249 = DIRECTION ( 'NONE',  ( -1.000000000000000000, 0.000000000000000000, 0.000000000000000000 ) ) ;
#7250 = CARTESIAN_POINT ( 'NONE',  ( -4.446867061209841223E-13, 12.50000000000067679, -6.349999999994487609 ) ) ;
#7251 = CARTESIAN_POINT ( 'NONE',  ( -1.157853835090889572, 4.594448488662478347, 10.20000054708695814 ) ) ;
#7252 = CARTESIAN_POINT ( 'NONE',  ( -2.146542847988700764, 4.146183293817276905, 10.55000000000000249 ) ) ;
#7253 = ORIENTED_EDGE ( 'NONE', *, *, #3375, .T. ) ;
#7254 = CARTESIAN_POINT ( 'NONE',  ( 2.741556569407477717, 4.400800207658545737, 10.20000054708695458 ) ) ;
#7255 = CARTESIAN_POINT ( 'NONE',  ( -5.851330226675902857, -1.405564791000387226, 0.000000000000000000 ) ) ;
#7256 = CARTESIAN_POINT ( 'NONE',  ( -2.177489545274235994, -6.175806390375790045, 10.20000054708695458 ) ) ;
#7257 = CARTESIAN_POINT ( 'NONE',  ( 6.080727484351753809, 2.389601153955395851, 10.20000054708695281 ) ) ;
#7258 = CARTESIAN_POINT ( 'NONE',  ( -3.032160204983461060, 4.504801078222995692, 10.55000000000000249 ) ) ;
#7259 = CARTESIAN_POINT ( 'NONE',  ( 4.243434302664724989, -1.093916219240893550, 10.54999999999999716 ) ) ;
#7260 = CARTESIAN_POINT ( 'NONE',  ( -0.8000434083654122119, -6.457546346331824338, 10.20000054708695458 ) ) ;
#7261 = CARTESIAN_POINT ( 'NONE',  ( -4.660696382550839623, 2.983950912821172530, 10.55000000000000426 ) ) ;
#7262 = CARTESIAN_POINT ( 'NONE',  ( -4.065683152054125671, 2.631766283387499961, -1.666666666666666297 ) ) ;
#7263 = CARTESIAN_POINT ( 'NONE',  ( -5.621187373405012622, -1.478589194937732554, 0.000000000000000000 ) ) ;
#7264 =( NAMED_UNIT ( * ) SI_UNIT ( $, .STERADIAN. ) SOLID_ANGLE_UNIT ( ) );
#7265 = CARTESIAN_POINT ( 'NONE',  ( 5.366312668532870589, 2.527941931142859922, 10.55000000000000249 ) ) ;
#7266 = CARTESIAN_POINT ( 'NONE',  ( -6.193482167177077002, 0.6232326543441494282, -1.666666666666666297 ) ) ;
#7267 = CARTESIAN_POINT ( 'NONE',  ( -4.548355827563631770, 1.974914040644055735, 10.20000054708695458 ) ) ;
#7268 = CARTESIAN_POINT ( 'NONE',  ( -2.280247881402336585, -5.600686875824850475, 10.55000000000000249 ) ) ;
#7269 = CARTESIAN_POINT ( 'NONE',  ( 1.908458813630810491, 6.359292723372316658, 10.20000054708695458 ) ) ;
#7270 = CARTESIAN_POINT ( 'NONE',  ( 4.196098256758244993, -1.991421243986765788, 10.55000000000000249 ) ) ;
#7271 = CARTESIAN_POINT ( 'NONE',  ( 2.212433887838666458, -4.854468545862981266, -3.333333333333333037 ) ) ;
#7272 = CARTESIAN_POINT ( 'NONE',  ( -0.6476541954610253171, 4.841088142863879007, -5.999999999997668532 ) ) ;
#7273 = CARTESIAN_POINT ( 'NONE',  ( 1.426011146523626039, 5.378650072249709702, 0.000000000000000000 ) ) ;
#7274 = CARTESIAN_POINT ( 'NONE',  ( -0.9302281779620921176, -6.104353259083786121, 10.55000000000000071 ) ) ;
#7275 = CARTESIAN_POINT ( 'NONE',  ( -4.771453672849816918, -2.386201666620088702, 3.333333333333333037 ) ) ;
#7276 = CARTESIAN_POINT ( 'NONE',  ( -3.851413015298801312, -3.008106675145048481, 10.20000054708695281 ) ) ;
#7277 = CARTESIAN_POINT ( 'NONE',  ( 2.814033178045507899, 5.085783199819224443, -4.999999999998702371 ) ) ;
#7278 = CARTESIAN_POINT ( 'NONE',  ( 5.192377491128977951, -3.921631092083313064, -5.000000000000000000 ) ) ;
#7279 = CARTESIAN_POINT ( 'NONE',  ( -4.454354510186192329, 2.725724354762068646, 10.55000000000000249 ) ) ;
#7280 = CARTESIAN_POINT ( 'NONE',  ( 2.944402268639965570, -4.439196576791947457, 10.54999999999999893 ) ) ;
#7281 = CARTESIAN_POINT ( 'NONE',  ( 4.061678536503896098, -5.083575693552933039, 10.20000054708695458 ) ) ;
#7282 = CARTESIAN_POINT ( 'NONE',  ( -0.6500325396619058838, 4.441622887150395549, 10.55000000000000071 ) ) ;
#7283 = CARTESIAN_POINT ( 'NONE',  ( -1.941275052549160218, 4.699058253462400359, 3.333333333333333037 ) ) ;
#7284 = CARTESIAN_POINT ( 'NONE',  ( -4.819912094396523017, 4.544295440234488836, 10.20000054708695636 ) ) ;
#7285 = CARTESIAN_POINT ( 'NONE',  ( 4.065683152054126559, -2.631766283387499517, 1.666666666666666297 ) ) ;
#7286 = CARTESIAN_POINT ( 'NONE',  ( 4.524403344384682946, -1.731645827392353398, 10.20000054708695458 ) ) ;
#7287 = CARTESIAN_POINT ( 'NONE',  ( -0.1260380425431923690, 5.485376725116532626, 10.20000054708695458 ) ) ;
#7288 = CARTESIAN_POINT ( 'NONE',  ( -1.779037813049364924, -6.376821491051622992, 10.20000054708695458 ) ) ;
#7289 = CARTESIAN_POINT ( 'NONE',  ( -2.040135146228930996, 4.134000291887290679, 10.55000000000000959 ) ) ;
#7290 = CARTESIAN_POINT ( 'NONE',  ( 3.868678216692782001, 2.981429057092634505, 5.000000000000000000 ) ) ;
#7291 = CARTESIAN_POINT ( 'NONE',  ( -3.851413015298801312, -3.008106675145048481, 10.20000054708695281 ) ) ;
#7292 = CARTESIAN_POINT ( 'NONE',  ( 2.741432913129228321, 5.477226305082727009, 10.20000054708695281 ) ) ;
#7293 = CARTESIAN_POINT ( 'NONE',  ( -5.976476242010899220, -1.740509143441728357, 1.666666666666666297 ) ) ;
#7294 = CARTESIAN_POINT ( 'NONE',  ( -0.6432952181173966499, -6.381328192232305518, 10.20000054708695458 ) ) ;
#7295 = CARTESIAN_POINT ( 'NONE',  ( 6.398296558011013602, 0.9487080677140410367, 10.20000054708695814 ) ) ;
#7296 = CARTESIAN_POINT ( 'NONE',  ( -0.03999523749849450555, 4.958551074553228410, 10.55000000000000604 ) ) ;
#7297 = CARTESIAN_POINT ( 'NONE',  ( -6.250020551732737850, -2.122577769221202004, 10.20000054708695458 ) ) ;
#7298 = CARTESIAN_POINT ( 'NONE',  ( 4.191978044916442769, -1.368520426871357554, 10.55000000000000426 ) ) ;
#7299 = CARTESIAN_POINT ( 'NONE',  ( -4.882270699514534407, -2.908697158505072711, 10.20000054708695458 ) ) ;
#7300 = CARTESIAN_POINT ( 'NONE',  ( -5.264636902339798752, -0.3035021527895687687, 10.55000000000000249 ) ) ;
#7301 = CARTESIAN_POINT ( 'NONE',  ( -6.162401348110470245, -1.196908415135740533, 0.000000000000000000 ) ) ;
#7302 = CARTESIAN_POINT ( 'NONE',  ( 6.456223770568875864, -0.8106471639654768691, 0.000000000000000000 ) ) ;
#7303 = CARTESIAN_POINT ( 'NONE',  ( 5.979674647718840497, 1.874791993963621950, 10.54999999999999893 ) ) ;
#7304 = CARTESIAN_POINT ( 'NONE',  ( -4.065683152054125671, 2.631766283387499961, -1.666666666666666297 ) ) ;
#7305 = CARTESIAN_POINT ( 'NONE',  ( -4.712579755136413695, 0.8059889744364651110, 10.20000054708695814 ) ) ;
#7306 = CARTESIAN_POINT ( 'NONE',  ( 0.2524238525700907010, -4.732896971509165773, 10.55000000000000071 ) ) ;
#7307 = CARTESIAN_POINT ( 'NONE',  ( 4.767050426095885030, -3.071498674072512536, 10.54999999999999893 ) ) ;
#7308 = CARTESIAN_POINT ( 'NONE',  ( -2.382783059699694839, 4.540092616159148164, 5.000000000000023093 ) ) ;
#7309 = CARTESIAN_POINT ( 'NONE',  ( -3.919221306132552041, 4.731740301617684885, 10.54999999999999716 ) ) ;
#7310 = CARTESIAN_POINT ( 'NONE',  ( 4.960140980963032575, -2.773821869950011454, -5.000000000000000000 ) ) ;
#7311 = CARTESIAN_POINT ( 'NONE',  ( -5.992420882726278819, -2.535915251144630567, -5.999999999999186429 ) ) ;
#7312 = CARTESIAN_POINT ( 'NONE',  ( 1.470471587390117962, 5.489517252965712579, 0.000000000000000000 ) ) ;
#7313 = CARTESIAN_POINT ( 'NONE',  ( -5.211866146445845338, -2.460587779626868254, 3.333333333333333037 ) ) ;
#7314 = CARTESIAN_POINT ( 'NONE',  ( 5.564139155517589863, 0.06115429241966183899, 5.000000000000000000 ) ) ;
#7315 = CARTESIAN_POINT ( 'NONE',  ( 4.571775429901920873, 2.836279366628511767, -5.000000000000277112 ) ) ;
#7316 = CARTESIAN_POINT ( 'NONE',  ( 3.549809307303227079, -5.387909593329603730, -3.333333333333333037 ) ) ;
#7317 = CARTESIAN_POINT ( 'NONE',  ( -4.785084485844878444, -2.870788481329635378, 10.20000054708695636 ) ) ;
#7318 = VECTOR ( 'NONE', #499, 1000.000000000000000 ) ;
#7319 = CARTESIAN_POINT ( 'NONE',  ( 4.873969894515740364, 1.592015537546809023, 0.000000000000000000 ) ) ;
#7320 = CARTESIAN_POINT ( 'NONE',  ( -2.759760858305035924, 4.331326692025558422, 10.54999999999999893 ) ) ;
#7321 = CARTESIAN_POINT ( 'NONE',  ( -0.1704022720372709576, 5.377413347294648815, 5.000000000000000000 ) ) ;
#7322 = CARTESIAN_POINT ( 'NONE',  ( -4.587014569552273713, 1.161269440114095941, 10.20000054708695458 ) ) ;
#7323 = CARTESIAN_POINT ( 'NONE',  ( 6.433344965106440938, 0.9757289509385252968, -5.000000000000000000 ) ) ;
#7324 = CARTESIAN_POINT ( 'NONE',  ( 4.866472944777186171, -0.5311565078413513774, 10.20000054708695636 ) ) ;
#7325 = CARTESIAN_POINT ( 'NONE',  ( 0.5096497412685159212, 6.325905535876484187, 10.20000054708695458 ) ) ;
#7326 = CONICAL_SURFACE ( 'NONE', #5281, 12.15000000000008384, 0.7853981633974508325 ) ;
#7327 = CARTESIAN_POINT ( 'NONE',  ( -2.226406287759351788, 4.158451868948740859, 10.55000000000000249 ) ) ;
#7328 = CARTESIAN_POINT ( 'NONE',  ( 3.972996821740307993, 2.573304974326865668, 0.000000000000000000 ) ) ;
#7329 = ORIENTED_EDGE ( 'NONE', *, *, #3024, .T. ) ;
#7330 = CARTESIAN_POINT ( 'NONE',  ( 1.299206499032195206, 6.473298057109535542, 10.20000054708695458 ) ) ;
#7331 = CARTESIAN_POINT ( 'NONE',  ( -4.873969894515736812, -1.592015537546811466, 0.000000000000000000 ) ) ;
#7332 = CARTESIAN_POINT ( 'NONE',  ( 0.1553430864274042422, -5.423175711851589753, 10.20000054708695458 ) ) ;
#7333 = CARTESIAN_POINT ( 'NONE',  ( 5.787512505539631924, 2.682112796284298106, 10.20000054708695458 ) ) ;
#7334 = CARTESIAN_POINT ( 'NONE',  ( -1.561677030518197951, 4.142918253056958378, 10.55000000000000249 ) ) ;
#7335 = CARTESIAN_POINT ( 'NONE',  ( -6.439547456064877551, -1.433619474739105337, 10.20000054708696346 ) ) ;
#7336 = CARTESIAN_POINT ( 'NONE',  ( 4.575600202586239895, -0.3363465293290159308, 10.54999999999999893 ) ) ;
#7337 = CARTESIAN_POINT ( 'NONE',  ( 0.3460384234886361710, -5.115696762701375633, 10.20000054708695458 ) ) ;
#7338 = CARTESIAN_POINT ( 'NONE',  ( -6.092222960126187026, -1.357442074611411975, 10.55000000000000426 ) ) ;
#7339 = CARTESIAN_POINT ( 'NONE',  ( 3.478790086499635947, 2.811453626836685871, 10.54999999999999893 ) ) ;
#7340 = CARTESIAN_POINT ( 'NONE',  ( 4.513263423121753881, 2.493892369791684605, 10.54999999999999893 ) ) ;
#7341 = B_SPLINE_CURVE_WITH_KNOTS ( 'NONE', 3,
 ( #7480, #5724, #6329, #2568 ),
 .UNSPECIFIED., .F., .F.,
 ( 4, 4 ),
 ( 0.000000000000000000, 1.000000000000000000 ),
 .UNSPECIFIED. ) ;
#7342 = CARTESIAN_POINT ( 'NONE',  ( -2.210029059896360781, 5.542816575422763847, -1.666666666666666297 ) ) ;
#7343 = CARTESIAN_POINT ( 'NONE',  ( -4.675641751539209245, 0.8923544841765201907, 10.20000054708695458 ) ) ;
#7344 = CARTESIAN_POINT ( 'NONE',  ( -1.491724103152985315, -6.094882284302846287, 10.54999999999999716 ) ) ;
#7345 = CARTESIAN_POINT ( 'NONE',  ( 4.979311498223693455, 2.569098103601115568, 10.55000000000000071 ) ) ;
#7346 = CARTESIAN_POINT ( 'NONE',  ( 1.908458813630810491, 6.359292723372316658, 5.000000000000023093 ) ) ;
#7347 = CARTESIAN_POINT ( 'NONE',  ( 5.173762681679799691, -3.073411379804814825, -5.000000000000000000 ) ) ;
#7348 = CARTESIAN_POINT ( 'NONE',  ( 4.571775429901591359, 2.836279366628954968, -6.000000000000275335 ) ) ;
#7349 = CARTESIAN_POINT ( 'NONE',  ( -5.251182211392754873, 3.439893223823211610, 5.000000000000000000 ) ) ;
#7350 = CARTESIAN_POINT ( 'NONE',  ( -4.091089480663188560, -4.128796472022229658, 0.000000000000000000 ) ) ;
#7351 = CARTESIAN_POINT ( 'NONE',  ( -5.811434037409889619, -0.1058673776205105027, -5.000000000000000000 ) ) ;
#7352 = CARTESIAN_POINT ( 'NONE',  ( 5.251182211392753985, -3.439893223823212498, -5.000000000000000000 ) ) ;
#7353 = CARTESIAN_POINT ( 'NONE',  ( -5.628565718739465318, -0.4236444761210420573, 10.55000000000000249 ) ) ;
#7354 = CARTESIAN_POINT ( 'NONE',  ( 4.553079637902986754, -4.832420171271764708, 10.20000054708695458 ) ) ;
#7355 =( NAMED_UNIT ( * ) SI_UNIT ( $, .STERADIAN. ) SOLID_ANGLE_UNIT ( ) );
#7356 = CARTESIAN_POINT ( 'NONE',  ( -4.764165677641807761, 3.068416277488521526, 10.55000000000000249 ) ) ;
#7357 = CARTESIAN_POINT ( 'NONE',  ( -1.052720001348083523, 4.615017103915213248, 5.000000000000000000 ) ) ;
#7358 = CARTESIAN_POINT ( 'NONE',  ( -4.599671682084452762, 2.198606514886609187, 10.20000054708695281 ) ) ;
#7359 = CARTESIAN_POINT ( 'NONE',  ( 5.461921777634673347, -1.467373371951509187, 0.000000000000000000 ) ) ;
#7360 = CARTESIAN_POINT ( 'NONE',  ( 5.051642221321243298, -0.2981845105988109590, 10.20000054708695458 ) ) ;
#7361 = CARTESIAN_POINT ( 'NONE',  ( -0.6717349409948312200, 4.844356698290478214, 10.20000054708695636 ) ) ;
#7362 = CARTESIAN_POINT ( 'NONE',  ( -0.6792241875855548061, -6.393705677434714296, 10.20000054708695458 ) ) ;
#7363 = CARTESIAN_POINT ( 'NONE',  ( -3.744591807871890055, -3.062394132672886293, 10.20000054708695458 ) ) ;
#7364 = CARTESIAN_POINT ( 'NONE',  ( -0.07148309077033195014, 5.736406014195126524, 10.20000054708695103 ) ) ;
#7365 = CARTESIAN_POINT ( 'NONE',  ( -4.533687937200373774, -1.816938096579815864, 0.000000000000000000 ) ) ;
#7366 = CARTESIAN_POINT ( 'NONE',  ( -1.197115323026094913, -6.476267968308718537, 10.20000054708695458 ) ) ;
#7367 = CARTESIAN_POINT ( 'NONE',  ( 6.327164816193534769, 1.948859367886062399, 10.20000054708695636 ) ) ;
#7368 = CARTESIAN_POINT ( 'NONE',  ( -0.7226053712506018689, 4.404350086315550250, 10.54999999999999716 ) ) ;
#7369 = CARTESIAN_POINT ( 'NONE',  ( -5.948073493174124593, -2.542614717241529210, 10.20000054708695636 ) ) ;
#7370 = CARTESIAN_POINT ( 'NONE',  ( 4.238695337150516274, -2.206214720117043004, 10.54999999999999893 ) ) ;
#7371 = CARTESIAN_POINT ( 'NONE',  ( -4.773087588978501827, -2.860248105178433864, 5.000000000000024869 ) ) ;
#7372 = CARTESIAN_POINT ( 'NONE',  ( -5.240453722101865885, -0.2901737161519398200, 10.54999999999999893 ) ) ;
#7373 = CARTESIAN_POINT ( 'NONE',  ( 2.444825838287375763, 4.136733408775206122, 10.55000000000000071 ) ) ;
#7374 = CARTESIAN_POINT ( 'NONE',  ( 4.553079637902656351, -4.832420171271322396, -6.000000000003664624 ) ) ;
#7375 = CARTESIAN_POINT ( 'NONE',  ( 5.449465857265455071, 2.431124405394460730, 3.333333333333333037 ) ) ;
#7376 = CARTESIAN_POINT ( 'NONE',  ( 4.863591316241458351, -2.703491047103842249, 5.000000000000000000 ) ) ;
#7377 = EDGE_CURVE ( 'NONE', #6528, #4630, #4730, .T. ) ;
#7378 = CARTESIAN_POINT ( 'NONE',  ( -4.454196241979006210, -2.847040058691285846, 10.20000054708695281 ) ) ;
#7379 = CARTESIAN_POINT ( 'NONE',  ( 6.087795764088873796, 1.431441249413716976, 10.55000000000000071 ) ) ;
#7380 = CARTESIAN_POINT ( 'NONE',  ( -1.755442576329604876, 5.037772316622273650, -1.666666666666666297 ) ) ;
#7381 = CARTESIAN_POINT ( 'NONE',  ( -0.1124131853392694447, -5.182989587379646323, 10.54999999999999716 ) ) ;
#7382 = CARTESIAN_POINT ( 'NONE',  ( -4.856940138843541810, 0.5154830861509837048, -4.999999999998198774 ) ) ;
#7383 = CARTESIAN_POINT ( 'NONE',  ( -3.411695169412193085, 4.763752289988439692, 10.54999999999999893 ) ) ;
#7384 = CARTESIAN_POINT ( 'NONE',  ( -0.9171783983772227034, -6.156819319221122022, -3.333333333333333037 ) ) ;
#7385 = CARTESIAN_POINT ( 'NONE',  ( 4.614358701534244211, -2.244722021817346036, 10.20000054708695636 ) ) ;
#7386 = CARTESIAN_POINT ( 'NONE',  ( 2.710634745066118345, 4.647372425122350492, -5.999999999998860467 ) ) ;
#7387 = CARTESIAN_POINT ( 'NONE',  ( -4.162298500840132753, 3.337064540658602141, 1.666666666666666297 ) ) ;
#7388 = CARTESIAN_POINT ( 'NONE',  ( -0.01384108672461569281, -5.029150790044231378, 10.55000000000000071 ) ) ;
#7389 = CARTESIAN_POINT ( 'NONE',  ( -5.248533672560239616, -2.943904212591498037, 5.000000000000000000 ) ) ;
#7390 = CARTESIAN_POINT ( 'NONE',  ( -4.773087588978501827, -2.860248105178433864, 5.000000000000000000 ) ) ;
#7391 = CARTESIAN_POINT ( 'NONE',  ( 2.740444013175200588, 4.333596967199334848, -4.999999999999011457 ) ) ;
#7392 = CARTESIAN_POINT ( 'NONE',  ( -2.371666416849585346, -6.059304634297760117, -5.000000000000000000 ) ) ;
#7393 = CARTESIAN_POINT ( 'NONE',  ( -5.995113419531326926, -1.839169689742639058, 10.55000000000000249 ) ) ;
#7394 = CARTESIAN_POINT ( 'NONE',  ( -4.742177691313817611, 2.541133983792142725, 10.20000054708695458 ) ) ;
#7395 = CARTESIAN_POINT ( 'NONE',  ( 2.445215795522889035, -4.207979322740402317, 10.55000000000000426 ) ) ;
#7396 = CARTESIAN_POINT ( 'NONE',  ( 6.162401348110472910, 1.196908415135738979, 0.000000000000000000 ) ) ;
#7397 = CARTESIAN_POINT ( 'NONE',  ( -4.757787895987384275, 3.062108511485570173, 10.54999999999999893 ) ) ;
#7398 = CARTESIAN_POINT ( 'NONE',  ( 0.3534438101688358036, 6.267603813795271428, 5.000000000000000000 ) ) ;
#7399 = CARTESIAN_POINT ( 'NONE',  ( -4.658399280963996247, 0.9362828046617672761, 10.20000054708695103 ) ) ;
#7400 = CARTESIAN_POINT ( 'NONE',  ( -5.655121071496466811, -0.07334690582561034788, -5.000000000000000000 ) ) ;
#7401 = CARTESIAN_POINT ( 'NONE',  ( 5.553453921842472774, 0.05023882292797544197, 10.20000054708695281 ) ) ;
#7402 = CARTESIAN_POINT ( 'NONE',  ( -3.106573937114396777, 5.031301219199717067, 10.20000054708695281 ) ) ;
#7403 = CARTESIAN_POINT ( 'NONE',  ( -5.684602928100049191, 0.9504370040673590925, -1.666666666666666297 ) ) ;
#7404 = CARTESIAN_POINT ( 'NONE',  ( 1.996895572397778817, -4.482083453111901150, 10.20000054708695458 ) ) ;
#7405 = CARTESIAN_POINT ( 'NONE',  ( 5.084612861887574553, 2.429562399373935921, -3.333333333333333037 ) ) ;
#7406 = CARTESIAN_POINT ( 'NONE',  ( 2.729108392372208591, 4.849263011884231922, 5.000000000000000000 ) ) ;
#7407 = ORIENTED_EDGE ( 'NONE', *, *, #3715, .F. ) ;
#7408 = CARTESIAN_POINT ( 'NONE',  ( 2.440315965724921821, 5.068611621535801248, 10.54999999999999893 ) ) ;
#7409 = CARTESIAN_POINT ( 'NONE',  ( -3.787067979927360106, -3.039822636734744510, 10.20000054708695458 ) ) ;
#7410 = CARTESIAN_POINT ( 'NONE',  ( 0.9181085490259700554, 6.452843073522602779, 10.20000054708695281 ) ) ;
#7411 = CARTESIAN_POINT ( 'NONE',  ( -5.211866146445845338, -2.460587779626868254, 3.333333333333333037 ) ) ;
#7412 = CARTESIAN_POINT ( 'NONE',  ( -1.418553924518353604, -6.462258147125797159, 10.20000054708695636 ) ) ;
#7413 = CARTESIAN_POINT ( 'NONE',  ( 6.094151169427643566, 0.3413341998956089807, 10.20000054708695281 ) ) ;
#7414 = CARTESIAN_POINT ( 'NONE',  ( -6.413168847486988788, -1.019081244588122992, 10.20000054708695458 ) ) ;
#7415 = CARTESIAN_POINT ( 'NONE',  ( 4.392133149510381251, -0.6660939974418017551, 10.55000000000000071 ) ) ;
#7416 = CARTESIAN_POINT ( 'NONE',  ( -1.908458813630812712, -6.359292723372315770, 10.20000054708695458 ) ) ;
#7417 = CARTESIAN_POINT ( 'NONE',  ( -5.545855572976834402, -0.4102039085629465287, 10.54999999999999716 ) ) ;
#7418 = CARTESIAN_POINT ( 'NONE',  ( 5.251182211392424470, -3.439893223822769741, -6.000000000003278267 ) ) ;
#7419 = CARTESIAN_POINT ( 'NONE',  ( 5.621187373405008181, 1.478589194937732110, 0.000000000000000000 ) ) ;
#7420 = CARTESIAN_POINT ( 'NONE',  ( 5.390907316931653703, 2.516710714123493009, 10.54999999999999893 ) ) ;
#7421 = CARTESIAN_POINT ( 'NONE',  ( -5.059752145698420911, 2.860573665242247099, -5.000000000000000000 ) ) ;
#7422 = CARTESIAN_POINT ( 'NONE',  ( -4.798227214781819683, 0.6405490155655793050, 10.20000054708695636 ) ) ;
#7423 = CARTESIAN_POINT ( 'NONE',  ( 0.4655241408030504902, -4.561149815230468363, 10.55000000000000426 ) ) ;
#7424 = CARTESIAN_POINT ( 'NONE',  ( 5.602355718927024775, 0.4197661797386424976, 10.54999999999999893 ) ) ;
#7425 = CARTESIAN_POINT ( 'NONE',  ( -4.856940138843541810, 0.5154830861509837048, 5.000000000000023093 ) ) ;
#7426 = CARTESIAN_POINT ( 'NONE',  ( 3.098866292598212890, 4.030722636955604621, -3.333333333333333037 ) ) ;
#7427 = CARTESIAN_POINT ( 'NONE',  ( -1.708410305071415447, -5.770183011040060705, 0.000000000000000000 ) ) ;
#7428 = CARTESIAN_POINT ( 'NONE',  ( 5.228489874714632002, -3.494264625780141298, 10.20000054708695281 ) ) ;
#7429 = CARTESIAN_POINT ( 'NONE',  ( -1.470471587390116408, -5.489517252965710803, 0.000000000000000000 ) ) ;
#7430 = CARTESIAN_POINT ( 'NONE',  ( 4.856940138843542698, -0.5154830861509849260, 10.20000054708695458 ) ) ;
#7431 = CARTESIAN_POINT ( 'NONE',  ( -2.508299862615522624, 5.189072434762286079, 3.333333333333333037 ) ) ;
#7432 = CARTESIAN_POINT ( 'NONE',  ( 3.262216905010056234, -4.716828814992772401, 10.55000000000000249 ) ) ;
#7433 = CARTESIAN_POINT ( 'NONE',  ( 0.1704022720372699862, -5.377413347294651480, 5.000000000000000000 ) ) ;
#7434 = CARTESIAN_POINT ( 'NONE',  ( 3.123419988198147923, 3.556803324690035240, -4.999999999999481304 ) ) ;
#7435 = CARTESIAN_POINT ( 'NONE',  ( -3.565988210183661522, -5.600584521419600392, 0.000000000000000000 ) ) ;
#7436 = CARTESIAN_POINT ( 'NONE',  ( -5.768432777716095750, -0.5091669137187829763, 10.55000000000000071 ) ) ;
#7437 = DIRECTION ( 'NONE',  ( -3.293975600896116958E-13, 4.427453442170423041E-13, -1.000000000000000000 ) ) ;
#7438 = DIRECTION ( 'NONE',  ( 8.881784197001268101E-16, 1.000000000000000000, 4.427471192595918859E-13 ) ) ;
#7439 = CARTESIAN_POINT ( 'NONE',  ( 3.423030048175828455, -4.766088002422140590, 10.55000000000000249 ) ) ;
#7440 = CARTESIAN_POINT ( 'NONE',  ( -4.571775429902248611, -2.836279366628068566, -5.999999999999787725 ) ) ;
#7441 = CARTESIAN_POINT ( 'NONE',  ( -4.091089480663187672, 4.128796472022226993, 0.000000000000000000 ) ) ;
#7442 = CARTESIAN_POINT ( 'NONE',  ( -4.374617482091021969, 2.581736137512975038, 10.55000000000000071 ) ) ;
#7443 = CARTESIAN_POINT ( 'NONE',  ( -0.3460384234886378363, 5.115696762701372968, 5.000000000000000000 ) ) ;
#7444 = CARTESIAN_POINT ( 'NONE',  ( -4.765060888849656173, 2.562563243645578748, 10.20000054708695458 ) ) ;
#7445 = LINE ( 'NONE', #1928, #3869 ) ;
#7446 = CARTESIAN_POINT ( 'NONE',  ( -5.240811429598109861, -0.2903910833657684099, 10.54999999999999893 ) ) ;
#7447 = CARTESIAN_POINT ( 'NONE',  ( -4.320884123545562616, 4.942564025145682827, 10.20000054708695281 ) ) ;
#7448 = CARTESIAN_POINT ( 'NONE',  ( -2.557005768023956183, 5.675329227395415010, -1.666666666666666297 ) ) ;
#7449 = CARTESIAN_POINT ( 'NONE',  ( 0.4334934905870349020, -5.043797667684979835, 10.20000054708695458 ) ) ;
#7450 = VECTOR ( 'NONE', #2919, 1000.000000000000000 ) ;
#7451 = CARTESIAN_POINT ( 'NONE',  ( 2.729108392372208591, 4.849263011884231922, -5.000000000000000000 ) ) ;
#7452 = CARTESIAN_POINT ( 'NONE',  ( 3.840358520603884607, 3.017819880700677970, 0.000000000000000000 ) ) ;
#7453 = EDGE_LOOP ( 'NONE', ( #2539, #4074 ) ) ;
#7454 = CARTESIAN_POINT ( 'NONE',  ( 2.517046236406223159, 5.866309817003237725, 10.20000054708695458 ) ) ;
#7455 = CARTESIAN_POINT ( 'NONE',  ( -1.002549712166490803, -5.675644021868743394, 1.666666666666666297 ) ) ;
#7456 = CIRCLE ( 'NONE', #5271, 2.500000000000000000 ) ;
#7457 = CARTESIAN_POINT ( 'NONE',  ( -0.2603527901845433812, -6.173842697168041127, 10.20000054708695281 ) ) ;
#7458 = CARTESIAN_POINT ( 'NONE',  ( 3.738365106422777195, 3.065417003658398976, 10.20000054708695458 ) ) ;
#7459 = CARTESIAN_POINT ( 'NONE',  ( -5.995816835829214320, -2.492335863539512530, 10.20000054708695458 ) ) ;
#7460 = CARTESIAN_POINT ( 'NONE',  ( 6.360431722562157830, 1.853173223275096371, 10.20000054708695458 ) ) ;
#7461 = CARTESIAN_POINT ( 'NONE',  ( -5.826894361857328342, -0.5677637237125594538, 10.54999999999999893 ) ) ;
#7462 = CARTESIAN_POINT ( 'NONE',  ( 2.068741240413551452, 5.820660361018753726, 10.54999999999999893 ) ) ;
#7463 = CIRCLE ( 'NONE', #111, 12.15000000000008384 ) ;
#7464 = CARTESIAN_POINT ( 'NONE',  ( 2.404054131820195117, 4.963143089138144504, 10.55000000000000071 ) ) ;
#7465 = CARTESIAN_POINT ( 'NONE',  ( -0.6675567257738417304, 4.646033348510059113, -1.666666666666666297 ) ) ;
#7466 = CARTESIAN_POINT ( 'NONE',  ( -0.2768287741223921516, -5.674169297936891176, 10.55000000000000426 ) ) ;
#7467 = CARTESIAN_POINT ( 'NONE',  ( 5.734884158246826402, 0.4807910733772494671, 10.54999999999999893 ) ) ;
#7468 = CARTESIAN_POINT ( 'NONE',  ( -5.655121071682118306, -0.07334690585048991851, 10.20000054708695458 ) ) ;
#7469 = CARTESIAN_POINT ( 'NONE',  ( 3.945042019279604073, 3.924286919456762224, 0.000000000000000000 ) ) ;
#7470 = CARTESIAN_POINT ( 'NONE',  ( -3.946728873431368800, 4.723095406767907178, 10.55000000000000249 ) ) ;
#7471 = CARTESIAN_POINT ( 'NONE',  ( 0.6211303116444789607, -4.652467623394941576, -3.333333333333333037 ) ) ;
#7472 = CARTESIAN_POINT ( 'NONE',  ( -3.067254368480953453, -5.888528640545023229, 0.000000000000000000 ) ) ;
#7473 = CARTESIAN_POINT ( 'NONE',  ( 5.678215680000000987, 0.07738646000000000413, 10.20000054708695281 ) ) ;
#7474 = CARTESIAN_POINT ( 'NONE',  ( 3.257457849049116394, -4.714808473656063370, 10.55000000000000071 ) ) ;
#7475 = CARTESIAN_POINT ( 'NONE',  ( -6.461538437134769275, -1.526872548237523164, -5.000000000000000000 ) ) ;
#7476 = CARTESIAN_POINT ( 'NONE',  ( 5.248533672560229846, 2.943904212591497149, -5.000000000000452971 ) ) ;
#7477 = CARTESIAN_POINT ( 'NONE',  ( -1.002549712166490803, -5.675644021868743394, -1.666666666666666297 ) ) ;
#7478 = CARTESIAN_POINT ( 'NONE',  ( -5.845223381368526816, -0.5888181666775540446, 10.55000000000000249 ) ) ;
#7479 = CARTESIAN_POINT ( 'NONE',  ( -1.052720001348083523, 4.615017103915213248, 10.20000054708695458 ) ) ;
#7480 = CARTESIAN_POINT ( 'NONE',  ( 5.485244519758261106, -1.469766839975191752, 0.000000000000000000 ) ) ;
#7481 = CARTESIAN_POINT ( 'NONE',  ( -3.868678216693111072, -2.981429057092192636, -6.000000000000083489 ) ) ;
#7482 = CARTESIAN_POINT ( 'NONE',  ( 6.301622807954567307, 1.385736526358676723, 1.666666666666666297 ) ) ;
#7483 = CARTESIAN_POINT ( 'NONE',  ( -4.409776867863544503, 0.6052952310145999215, 10.55000000000000249 ) ) ;
#7484 = CARTESIAN_POINT ( 'NONE',  ( -4.603342582428153307, 2.258170310738743414, 5.000000000000000000 ) ) ;
#7485 = CARTESIAN_POINT ( 'NONE',  ( -5.150939194589938985, 3.049831214758345066, 10.20000054708695458 ) ) ;
#7486 = CARTESIAN_POINT ( 'NONE',  ( -0.3460384234886378363, 5.115696762701372968, -5.000000000000000000 ) ) ;
#7487 = CARTESIAN_POINT ( 'NONE',  ( -5.726002005517552007, -0.4742324119835417129, 10.54999999999999893 ) ) ;
#7488 = CARTESIAN_POINT ( 'NONE',  ( -3.262340652560571819, 5.087754252283787970, 10.20000054708695458 ) ) ;
#7489 = CARTESIAN_POINT ( 'NONE',  ( -3.872358905603290324, 3.735029819091830738, 0.000000000000000000 ) ) ;
#7490 = CARTESIAN_POINT ( 'NONE',  ( 1.127426502674639730, -4.605336832460095842, 10.20000054708695991 ) ) ;
#7491 = CARTESIAN_POINT ( 'NONE',  ( 5.211866146445846226, 2.460587779626869143, -3.333333333333333037 ) ) ;
#7492 = VERTEX_POINT ( 'NONE', #2874 ) ;
#7493 = CARTESIAN_POINT ( 'NONE',  ( 0.9876188334726827556, 6.463069111978890113, 10.20000054708695636 ) ) ;
#7494 = CARTESIAN_POINT ( 'NONE',  ( -3.636476399296000750, -5.052096566640849495, 1.666666666666666297 ) ) ;
#7495 = CARTESIAN_POINT ( 'NONE',  ( 3.945771792901173303, -5.087545250391086071, 10.20000054708695281 ) ) ;
#7496 = CARTESIAN_POINT ( 'NONE',  ( 2.873386979106149486, 3.990437084022263381, 10.20000054708695281 ) ) ;
#7497 = CARTESIAN_POINT ( 'NONE',  ( 6.013064057749352820, 0.2582088017621466114, 10.20000054708695458 ) ) ;
#7498 = CARTESIAN_POINT ( 'NONE',  ( -3.478731530464239885, -2.811977244750055061, 10.55000000000000071 ) ) ;
#7499 = CARTESIAN_POINT ( 'NONE',  ( 1.361652637637119412, 6.116508161900148899, 10.55000000000000426 ) ) ;
#7500 = CARTESIAN_POINT ( 'NONE',  ( 2.381461865105349851, 4.441767985142361930, 10.54999999999999893 ) ) ;
#7501 = CARTESIAN_POINT ( 'NONE',  ( 3.213266569545920603, -5.088083704187731371, -6.000000000003349321 ) ) ;
#7502 = CARTESIAN_POINT ( 'NONE',  ( -4.117753766068317667, 4.738341904635172241, 0.000000000000000000 ) ) ;
#7503 = CARTESIAN_POINT ( 'NONE',  ( 3.516832295617378090, -4.778685184638743699, 10.55000000000000249 ) ) ;
#7504 = CARTESIAN_POINT ( 'NONE',  ( -5.655121071682118306, -0.07334690585048991851, 5.000000000000023093 ) ) ;
#7505 = CARTESIAN_POINT ( 'NONE',  ( 6.414361532096309659, 1.483351403618799802, -3.333333333333333037 ) ) ;
#7506 = CARTESIAN_POINT ( 'NONE',  ( -2.891161923887255014, -5.768179829214143517, -3.333333333333333037 ) ) ;
#7507 = CARTESIAN_POINT ( 'NONE',  ( 5.627234520478681112, 0.06914924742944567049, 10.20000054708695281 ) ) ;
#7508 = CARTESIAN_POINT ( 'NONE',  ( 0.05254660229870469768, -5.812160726609311823, 5.000000000000000000 ) ) ;
#7509 = CARTESIAN_POINT ( 'NONE',  ( 0.4651281415140525732, -4.561428103378566412, 10.54999999999999893 ) ) ;
#7510 = CARTESIAN_POINT ( 'NONE',  ( 5.684602928100047414, -0.9504370040673595366, 1.666666666666666297 ) ) ;
#7511 = CARTESIAN_POINT ( 'NONE',  ( 4.954707020477381541, -4.419694229627871174, -5.000000000000000000 ) ) ;
#7512 = CARTESIAN_POINT ( 'NONE',  ( -3.239718612251402341, -4.766787623886893144, -3.333333333333333037 ) ) ;
#7513 = CARTESIAN_POINT ( 'NONE',  ( -4.544865095602993676, -2.494184585503501417, 10.54999999999999893 ) ) ;
#7514 = CARTESIAN_POINT ( 'NONE',  ( 2.500000000000000000, 0.000000000000000000, 10.19999999999907558 ) ) ;
#7515 = CARTESIAN_POINT ( 'NONE',  ( 2.850000000000931788, 0.000000000000000000, 10.55000000000000071 ) ) ;
#7516 = CARTESIAN_POINT ( 'NONE',  ( 4.643619795990169052, -4.199632133150936752, 10.55000000000000071 ) ) ;
#7517 = CARTESIAN_POINT ( 'NONE',  ( 5.684602928100047414, -0.9504370040673595366, 1.666666666666666297 ) ) ;
#7518 = CARTESIAN_POINT ( 'NONE',  ( -4.776270920503455031, 3.082527251106081057, 10.55000000000000249 ) ) ;
#7519 = CARTESIAN_POINT ( 'NONE',  ( -1.949636613157420983, 5.287246778282475468, 1.666666666666666297 ) ) ;
#7520 = CARTESIAN_POINT ( 'NONE',  ( -6.442429696337112155, -1.364982312406604059, 10.20000054708695636 ) ) ;
#7521 = CARTESIAN_POINT ( 'NONE',  ( -2.997400859223740444, 4.979915817394201305, -5.000000000000000000 ) ) ;
#7522 = CARTESIAN_POINT ( 'NONE',  ( -4.946913012646355412, -0.08490809649307001772, 10.54999999999999893 ) ) ;
#7523 = CARTESIAN_POINT ( 'NONE',  ( -2.833223928029108940, 4.796093999029034549, 10.20000054708695458 ) ) ;
#7524 = CARTESIAN_POINT ( 'NONE',  ( -1.986936700746141149, 4.130077348028109441, 10.54999999999999893 ) ) ;
#7525 = CARTESIAN_POINT ( 'NONE',  ( -4.061678536503901427, 5.083575693552930375, -5.000000000000000000 ) ) ;
#7526 = CARTESIAN_POINT ( 'NONE',  ( 1.455100348211826766, -4.513689009831011845, 10.20000054708695281 ) ) ;
#7527 = CARTESIAN_POINT ( 'NONE',  ( 3.966817943941785884, 2.509106068899837449, -1.666666666666666297 ) ) ;
#7528 = EDGE_LOOP ( 'NONE', ( #6262, #5618 ) ) ;
#7529 = CARTESIAN_POINT ( 'NONE',  ( -0.2148109030297837563, 5.317917040385097494, 10.20000054708695636 ) ) ;
#7530 = CARTESIAN_POINT ( 'NONE',  ( -1.480912986585613877, -6.046034824646977057, 1.666666666666666297 ) ) ;
#7531 = CARTESIAN_POINT ( 'NONE',  ( 2.579039868891662035, -4.633152914829059554, 10.20000054708695458 ) ) ;
#7532 = CARTESIAN_POINT ( 'NONE',  ( 2.822352354586418866, 4.111738630730560118, 10.20000054708695458 ) ) ;
#7533 = CARTESIAN_POINT ( 'NONE',  ( 5.787512505539631924, 2.682112796284298106, 10.20000054708695458 ) ) ;
#7534 = ADVANCED_FACE ( 'NONE', ( #1746 ), #7205, .F. ) ;
#7535 = CARTESIAN_POINT ( 'NONE',  ( 5.059752145698424464, -2.860573665242248431, 5.000000000000024869 ) ) ;
#7536 = CARTESIAN_POINT ( 'NONE',  ( -2.810239741616188613, -4.144449259850324196, 10.20000054708695636 ) ) ;
#7537 = CARTESIAN_POINT ( 'NONE',  ( -2.959398888050715826, -3.240186553352975452, 10.55000000000000071 ) ) ;
#7538 = CARTESIAN_POINT ( 'NONE',  ( 1.786511004085547638, 5.996294663295966387, 10.54999999999999893 ) ) ;
#7539 = CARTESIAN_POINT ( 'NONE',  ( 5.371053174174040379, 1.454363143550995607, 0.000000000000000000 ) ) ;
#7540 = CARTESIAN_POINT ( 'NONE',  ( 2.279869554119642761, 5.601114448322349837, 10.55000000000000249 ) ) ;
#7541 = CARTESIAN_POINT ( 'NONE',  ( -0.09050372642129615730, 5.563739157988876194, -5.000000000000000000 ) ) ;
#7542 = CARTESIAN_POINT ( 'NONE',  ( 1.932845214987824356, -4.127749888070467499, 10.55000000000000426 ) ) ;
#7543 = CARTESIAN_POINT ( 'NONE',  ( 4.824398752473926244, 2.520028588243905965, 10.55000000000000249 ) ) ;
#7544 = CARTESIAN_POINT ( 'NONE',  ( -4.742177691313817611, 2.541133983792142725, 10.20000054708695458 ) ) ;
#7545 = CARTESIAN_POINT ( 'NONE',  ( 4.257304147301131714, 2.857526457809149711, -5.000000000000000000 ) ) ;
#7546 = CARTESIAN_POINT ( 'NONE',  ( -4.876138284121437572, 3.425139324161968979, 10.55000000000000249 ) ) ;
#7547 = CARTESIAN_POINT ( 'NONE',  ( -3.872358905603288104, -3.735029819091824521, 0.000000000000000000 ) ) ;
#7548 = DIRECTION ( 'NONE',  ( 0.000000000000000000, 0.000000000000000000, 1.000000000000000000 ) ) ;
#7549 = CARTESIAN_POINT ( 'NONE',  ( 5.202320535997452922, -0.1570431422977856539, 10.20000054708695281 ) ) ;
#7550 = CARTESIAN_POINT ( 'NONE',  ( -1.163863866783202639, -5.852560542697736956, 1.666666666666666297 ) ) ;
#7551 = CARTESIAN_POINT ( 'NONE',  ( -0.8000434083654122119, -6.457546346331824338, -5.000000000000000000 ) ) ;
#7552 = CARTESIAN_POINT ( 'NONE',  ( 5.655121071681794120, 0.07334690585093316118, -6.000000000001867839 ) ) ;
#7553 = CARTESIAN_POINT ( 'NONE',  ( -0.9543576300478090468, -5.553851180038732238, -1.666666666666666297 ) ) ;
#7554 = CARTESIAN_POINT ( 'NONE',  ( -5.363066493929214751, -2.529357653102715986, 10.55000000000000249 ) ) ;
#7555 = CARTESIAN_POINT ( 'NONE',  ( 0.000000000000000000, 0.000000000000000000, 10.19999999999907558 ) ) ;
#7556 = FACE_OUTER_BOUND ( 'NONE', #5700, .T. ) ;
#7557 = CARTESIAN_POINT ( 'NONE',  ( 4.678346258787616563, -4.147234568674979194, 10.55000000000000071 ) ) ;
#7558 = CARTESIAN_POINT ( 'NONE',  ( 5.959138762194273298, -0.3093691773889581942, 3.333333333333333037 ) ) ;
#7559 = CARTESIAN_POINT ( 'NONE',  ( 4.641992031678379149, -0.9265593960872966495, -5.000000000000000000 ) ) ;
#7560 = CARTESIAN_POINT ( 'NONE',  ( -4.091089480663187672, 4.128796472022226993, 0.000000000000000000 ) ) ;
#7561 = CARTESIAN_POINT ( 'NONE',  ( -6.160859573235605957, -0.4237394329085826250, 10.20000054708695458 ) ) ;
#7562 = CARTESIAN_POINT ( 'NONE',  ( -4.742177691313817611, 2.541133983792142725, -4.999999999997339906 ) ) ;
#7563 = CARTESIAN_POINT ( 'NONE',  ( -4.960140980963031687, 2.773821869950010566, -5.000000000000000000 ) ) ;
#7564 = CARTESIAN_POINT ( 'NONE',  ( -5.286501409487204484, -2.560011143839830083, 10.54999999999999893 ) ) ;
#7565 = CARTESIAN_POINT ( 'NONE',  ( -4.224222374254620327, 4.990204014281838241, 10.20000054708695458 ) ) ;
#7566 = CARTESIAN_POINT ( 'NONE',  ( -4.819424246252061117, 3.847084950121478997, 10.55000000000000071 ) ) ;
#7567 = CARTESIAN_POINT ( 'NONE',  ( -4.863591316241459239, 2.703491047103844469, -5.000000000000000000 ) ) ;
#7568 = CARTESIAN_POINT ( 'NONE',  ( 0.6674490572350020301, -4.847182135886599852, 10.20000054708695636 ) ) ;
#7569 = CARTESIAN_POINT ( 'NONE',  ( 4.018825604028020138, 4.018224371688232210, 0.000000000000000000 ) ) ;
#7570 = VERTEX_POINT ( 'NONE', #3689 ) ;
#7571 = CARTESIAN_POINT ( 'NONE',  ( -0.8253475737099043030, 4.746791245639995438, 10.20000054708695814 ) ) ;
#7572 = CARTESIAN_POINT ( 'NONE',  ( -1.375385888544237156, -6.303890028515529487, 3.333333333333333037 ) ) ;
#7573 = CARTESIAN_POINT ( 'NONE',  ( 3.224570082018857864, -5.076663942331972379, 10.20000054708695636 ) ) ;
#7574 = CARTESIAN_POINT ( 'NONE',  ( 4.766937548868802388, 2.865995365524205862, 10.20000054708695281 ) ) ;
#7575 = CARTESIAN_POINT ( 'NONE',  ( 5.211793370771433231, 2.935341472799349205, 10.20000054708695636 ) ) ;
#7576 = CARTESIAN_POINT ( 'NONE',  ( 4.856940138843542698, -0.5154830861509849260, 10.20000054708695458 ) ) ;
#7577 = CARTESIAN_POINT ( 'NONE',  ( -2.903071805579689801, -3.303108264211777279, 10.54999999999999716 ) ) ;
#7578 = CARTESIAN_POINT ( 'NONE',  ( 1.031241246502687003, 6.115719887604483596, 10.55000000000000249 ) ) ;
#7579 = CIRCLE ( 'NONE', #7077, 2.500000000000000000 ) ;
#7580 = CARTESIAN_POINT ( 'NONE',  ( -3.562529458288298034, 5.536492484120600466, 1.666666666666666297 ) ) ;
#7581 = CARTESIAN_POINT ( 'NONE',  ( 0.05254660229837530838, -5.812160726608869510, -6.000000000002628120 ) ) ;
#7582 = CARTESIAN_POINT ( 'NONE',  ( 2.370164796540028540, 4.729494510449781863, 10.54999999999999716 ) ) ;
#7583 = CARTESIAN_POINT ( 'NONE',  ( -1.052720001348083523, 4.615017103915213248, -5.000000000000000000 ) ) ;
#7584 = CARTESIAN_POINT ( 'NONE',  ( 3.300121337264092514, -4.732844880409886379, 10.54999999999999893 ) ) ;
#7585 = CARTESIAN_POINT ( 'NONE',  ( 4.616958580275305479, 2.495179882724168685, 10.55000000000000249 ) ) ;
#7586 = CARTESIAN_POINT ( 'NONE',  ( 6.633242581027162466, -0.2879441185641440915, 0.000000000000000000 ) ) ;
#7587 = CARTESIAN_POINT ( 'NONE',  ( -5.416526759925428536, -1.969588487282300404, -1.666666666666666297 ) ) ;
#7588 = AXIS2_PLACEMENT_3D ( 'NONE', #208, #5156, #4389 ) ;
#7589 = CARTESIAN_POINT ( 'NONE',  ( 4.676312697168565791, -0.8907371909153564138, 10.20000054708695636 ) ) ;
#7590 = CARTESIAN_POINT ( 'NONE',  ( -1.245018387212212030, 4.202087670699123478, 10.55000000000000604 ) ) ;
#7591 = CARTESIAN_POINT ( 'NONE',  ( -2.673921665751363808, -5.679605890652212885, 5.000000000000000000 ) ) ;
#7592 = CARTESIAN_POINT ( 'NONE',  ( 1.518572041796068639, -4.483362720821384428, -5.000000000000000000 ) ) ;
#7593 = CARTESIAN_POINT ( 'NONE',  ( -6.147021845340259638, -1.960825888751873913, -3.333333333333333037 ) ) ;
#7594 = CARTESIAN_POINT ( 'NONE',  ( -4.348228230902822844, -2.504227523075997386, 10.55000000000000426 ) ) ;
#7595 = CARTESIAN_POINT ( 'NONE',  ( 5.604626029811762500, 2.827710600053702894, 10.20000054708695458 ) ) ;
#7596 = DIRECTION ( 'NONE',  ( -3.293975600896118473E-13, 4.427453442170422537E-13, -1.000000000000000000 ) ) ;
#7597 = CARTESIAN_POINT ( 'NONE',  ( 2.799776449901753228, 5.326812330412148633, 5.000000000000000000 ) ) ;
#7598 = CARTESIAN_POINT ( 'NONE',  ( -4.340798672100181221, 2.647104865981876998, 3.333333333333333037 ) ) ;
#7599 = CARTESIAN_POINT ( 'NONE',  ( -6.183000071170476453, -0.4546863904678867807, 10.20000054708695458 ) ) ;
#7600 = CARTESIAN_POINT ( 'NONE',  ( 5.435415167955227389, -0.9491906648941097480, -1.666666666666666297 ) ) ;
#7601 = CARTESIAN_POINT ( 'NONE',  ( 4.682432112862865203, -4.150622557479635155, 10.55000000000000249 ) ) ;
#7602 = CARTESIAN_POINT ( 'NONE',  ( -5.628365588111839735, -0.4238265808283572800, 10.55000000000000071 ) ) ;
#7603 = CARTESIAN_POINT ( 'NONE',  ( -4.765060888849656173, 2.562563243645578748, 10.20000054708695458 ) ) ;
#7604 = CARTESIAN_POINT ( 'NONE',  ( -4.876987948393023409, 3.540003512234454863, 10.54999999999999893 ) ) ;
#7605 = CARTESIAN_POINT ( 'NONE',  ( -2.835030769196474676, 4.788108697936169555, -5.000000000000000000 ) ) ;
#7606 = CARTESIAN_POINT ( 'NONE',  ( 3.224570082018857864, -5.076663942331972379, 10.20000054708695636 ) ) ;
#7607 = ORIENTED_EDGE ( 'NONE', *, *, #5370, .T. ) ;
#7608 = CARTESIAN_POINT ( 'NONE',  ( 0.1232938606442951085, 5.202277957670114361, 10.55000000000000249 ) ) ;
#7609 = CARTESIAN_POINT ( 'NONE',  ( -0.2874215559141718446, 5.210909770110531802, 10.20000054708695636 ) ) ;
#7610 = CARTESIAN_POINT ( 'NONE',  ( 0.07787028463680549517, -5.682519034184775997, 5.000000000000000000 ) ) ;
#7611 = CARTESIAN_POINT ( 'NONE',  ( 3.488578914120128882, -5.127735072203668309, 10.20000054708695636 ) ) ;
#7612 = CARTESIAN_POINT ( 'NONE',  ( 3.623374161332753030, 3.133978022447442502, 10.20000054708695281 ) ) ;
#7613 = CARTESIAN_POINT ( 'NONE',  ( 6.396863497524679865, 1.723971539067256309, 10.20000054708695814 ) ) ;
#7614 = CARTESIAN_POINT ( 'NONE',  ( 5.192377491128977951, -3.921631092083313064, 5.000000000000024869 ) ) ;
#7615 = CARTESIAN_POINT ( 'NONE',  ( -2.757810723231517880, -4.321764387916669392, 10.20000054708695636 ) ) ;
#7616 = CARTESIAN_POINT ( 'NONE',  ( -4.601136523665319444, -2.495092338690574785, 10.54999999999999893 ) ) ;
#7617 = CARTESIAN_POINT ( 'NONE',  ( 2.457306997903578871, 5.141170203352957380, 10.55000000000000249 ) ) ;
#7618 = CARTESIAN_POINT ( 'NONE',  ( -3.213266569546251894, 5.088083704188176348, 5.000000000000000000 ) ) ;
#7619 = CARTESIAN_POINT ( 'NONE',  ( 3.569246665806127705, 2.758889283408012982, 10.55000000000000249 ) ) ;
#7620 = CARTESIAN_POINT ( 'NONE',  ( 1.426011146523626039, 5.378650072249709702, 0.000000000000000000 ) ) ;
#7621 = CARTESIAN_POINT ( 'NONE',  ( 0.7818029051865204027, -4.374118434156230251, 10.55000000000000249 ) ) ;
#7622 = CARTESIAN_POINT ( 'NONE',  ( 4.460621906195014752, 2.495647276394429515, 10.55000000000000249 ) ) ;
#7623 = CARTESIAN_POINT ( 'NONE',  ( 6.162401348110472910, 1.196908415135738979, 0.000000000000000000 ) ) ;
#7624 = CARTESIAN_POINT ( 'NONE',  ( -3.604071719379966954, -4.332058221710632040, -1.666666666666666297 ) ) ;
#7625 = CARTESIAN_POINT ( 'NONE',  ( 5.066077182476479202, -0.2830426191739363606, 10.20000054708695281 ) ) ;
#7626 = CARTESIAN_POINT ( 'NONE',  ( 4.142919934894312206, -4.364618222124516222, 0.000000000000000000 ) ) ;
#7627 = CARTESIAN_POINT ( 'NONE',  ( 1.982048622023625528, -4.463975086240834500, -5.000000000000000000 ) ) ;
#7628 = CARTESIAN_POINT ( 'NONE',  ( 5.678215680000000987, 0.07738646000000012903, -5.000000000001862510 ) ) ;
#7629 = CARTESIAN_POINT ( 'NONE',  ( -4.462859396372666154, -2.435689484388370740, -3.333333333333333037 ) ) ;
#7630 = CARTESIAN_POINT ( 'NONE',  ( -5.736970542665864592, -2.256298531612903169, 10.54999999999999893 ) ) ;
#7631 = CARTESIAN_POINT ( 'NONE',  ( 5.007205532966265693, 2.951587071971437659, 10.20000054708695458 ) ) ;
#7632 = CARTESIAN_POINT ( 'NONE',  ( -1.917231410342049671E-12, 12.15000000000273950, -10.99999999999464606 ) ) ;
#7633 = CARTESIAN_POINT ( 'NONE',  ( 4.078254761772208248, -3.036039421225010582, -1.666666666666666297 ) ) ;
#7634 = CARTESIAN_POINT ( 'NONE',  ( 2.044647574793998501, -5.935250330072825875, 0.000000000000000000 ) ) ;
#7635 = CARTESIAN_POINT ( 'NONE',  ( 4.533687937200369333, 1.816938096579821194, 0.000000000000000000 ) ) ;
#7636 = CARTESIAN_POINT ( 'NONE',  ( 5.485244519223072324, -1.469766839920268575, 0.000000000000000000 ) ) ;
#7637 = CARTESIAN_POINT ( 'NONE',  ( -3.945042019279602297, 3.924286919456760447, 0.000000000000000000 ) ) ;
#7638 = CARTESIAN_POINT ( 'NONE',  ( -4.926076769383772813, 0.4469631041046009945, 10.20000054708695103 ) ) ;
#7639 = CARTESIAN_POINT ( 'NONE',  ( 5.380059953839476883, -0.02379233995175442443, -5.000000000000000000 ) ) ;
#7640 = CARTESIAN_POINT ( 'NONE',  ( -2.520797872920168992, -3.922383625369109783, 10.55000000000000249 ) ) ;
#7641 = CARTESIAN_POINT ( 'NONE',  ( -4.866617536381529163, 3.340074942097037702, 10.55000000000000426 ) ) ;
#7642 = CARTESIAN_POINT ( 'NONE',  ( 2.852930899763221895, -4.816013909536556170, 10.20000054708695281 ) ) ;
#7643 = ORIENTED_EDGE ( 'NONE', *, *, #3024, .F. ) ;
#7644 = CARTESIAN_POINT ( 'NONE',  ( 0.1958277292025718541, 5.348245767776833581, 10.55000000000000071 ) ) ;
#7645 = CARTESIAN_POINT ( 'NONE',  ( -2.297448435757698526, 4.531263051694963906, 10.20000054708695281 ) ) ;
#7646 = CARTESIAN_POINT ( 'NONE',  ( 4.495563247843129773, -4.305525677697850107, 1.666666666666666297 ) ) ;
#7647 = CARTESIAN_POINT ( 'NONE',  ( 3.743748445612261389, -5.123719777760245009, 10.20000054708695458 ) ) ;
#7648 = CARTESIAN_POINT ( 'NONE',  ( 1.506379751635592568, 6.448720677297458792, 10.20000054708695636 ) ) ;
#7649 = CARTESIAN_POINT ( 'NONE',  ( -0.07787028463680581436, 5.682519034184775997, 5.000000000000000000 ) ) ;
#7650 = CARTESIAN_POINT ( 'NONE',  ( -5.013501013380823323, -2.583258919301573364, 10.55000000000000249 ) ) ;
#7651 = CARTESIAN_POINT ( 'NONE',  ( 0.2627267969398588421, 5.579212704573404125, 10.55000000000000249 ) ) ;
#7652 = CARTESIAN_POINT ( 'NONE',  ( -6.456223770568879416, 0.8106471639654754258, 0.000000000000000000 ) ) ;
#7653 = CARTESIAN_POINT ( 'NONE',  ( 0.4918679103819280640, 5.909869050862114115, 10.55000000000000249 ) ) ;
#7654 = CARTESIAN_POINT ( 'NONE',  ( 1.350213967088333078, 6.500749273344065493, -5.000000000000000000 ) ) ;
#7655 = CARTESIAN_POINT ( 'NONE',  ( 0.9485347422034604570, -4.299154062472196891, 10.55000000000000782 ) ) ;
#7656 = CARTESIAN_POINT ( 'NONE',  ( 3.346165198936595253, 2.896769917603218225, 10.54999999999999893 ) ) ;
#7657 = LINE ( 'NONE', #3448, #2565 ) ;
#7658 = CARTESIAN_POINT ( 'NONE',  ( -5.976476242010899220, -1.740509143441728357, -1.666666666666666297 ) ) ;
#7659 = CARTESIAN_POINT ( 'NONE',  ( 6.089580020354867784, 1.404262065746172627, 10.54999999999999893 ) ) ;
#7660 = B_SPLINE_SURFACE_WITH_KNOTS ( 'NONE', 1, 3, ( 
 ( #2680, #4538, #2028, #6321, #5065, #3269, #7000, #165, #6964, #5755, #5147, #6398, #1471, #3342, #5869, #1050, #5297, #6511, #1094, #2137, #1704, #275, #431, #6584, #4683, #7112, #4608, #7659, #7775, #2290, #5221, #2914, #4054, #7182, #7226, #966, #5983, #3451, #5906, #5833, #4172, #6476, #2755, #4763, #4646, #5334, #7738, #3488, #1619, #2211, #1661, #6628, #2831, #343, #4091, #7698, #7076, #1544, #4016, #4129, #2250, #3529, #5380, #5943, #6542, #1583, #1004, #386, #2872, #7817, #934, #3417, #2793, #309, #5262, #2175, #3570, #2960, #2415, #5422, #3651, #3686, #7976, #4809, #2459, #29, #6671, #642, #5500, #6186, #3134, #514, #6712, #7339, #1742, #6142, #5543, #7897, #7935, #1137, #5585, #4928, #2502, #7860, #2371, #3607, #4849, #1784, #1182, #4970, #6105, #1823, #4287, #6747, #1225, #3089, #594, #7373, #3858, #4413, #5055, #5671, #3895, #4453, #3819, #2093, #2630, #6310, #768, #6272, #6390, #3332, #1387, #6230, #6992, #5138, #117, #6354, #7617, #727, #4529, #5784, #683, #3219, #2671, #3260, #74, #3177, #5628, #226, #2549, #5709, #156, #845, #6873, #4565, #1982, #7462, #5098, #3934, #3780, #1463, #805, #7538, #1309, #5015, #2709, #5177, #2018, #6914, #1944, #1349, #2588, #4488, #7499, #6951, #1425, #3296, #5748, #192, #7578, #2054, #4046, #7766, #6426, #2903, #3372, #5975, #3442, #7731, #3409, #2281, #335, #923, #7031, #7137, #1499, #995, #6464, #5824, #1040, #6534, #7103, #265, #7651, #2129, #7173, #4600, #373, #2783, #5252, #5896, #299, #7067, #3520, #420, #1534, #2240, #7688, #2202, #4638, #4008, #2821, #1610, #1574, #5860, #6501, #5289, #4672, #4083, #2861, #3479, #5933, #4710, #1650, #2639, #1651, #1041, #2203, #5108, #4497, #814, #2681, #5148, #7590, #7001, #5897, #4673, #1611, #374, #3034, #6822, #628, #3638, #2994, #1851, #2448, #3723, #7289, #4797, #7252, #2403, #7327, #1891, #1772, #4278, #5410, #6053, #1213, #4320, #6133, #3078, #5532, #6780, #3119, #16, #2490, #4959, #1731, #1125, #6194, #1870, #3742, #4299, #39, #604, #6758, #6114, #3788, #1792, #3698, #7383, #2468, #5638, #2510, #4978, #1909, #2557, #4378, #6239, #124, #5509, #734, #7309, #7470, #5023, #691, #1952, #7943, #2423, #4422, #3825, #4259, #6281, #4858, #273, #4014, #5753, #2753, #3303, #5145, #2596, #6474, #5716, #5063, #1542, #1432, #1505, #4536, #2716, #3941, #2062, #5219, #7074, #3340, #5790, #932, #6962, #163, #5105, #7546, #2026, #3903, #6361, #4761, #429, #2870, #1617, #1002, #5332, #5941, #1092, #7261, #2912, #5295, #2958, #5982, #7736, #1135, #3605, #7180, #307, #384, #5378, #7224, #1581, #1702, #4807, #964, #5420, #7773, #3568, #6021, #2829, #3486, #1659, #4052, #7815, #2289, #2209, #2248, #5904, #472, #4170, #7858, #5260, #4717, #4089, #4127, #6582, #1048, #2329, #1740, #6626, #4681, #4209, #6669, #7144, #2791, #7696, #3527, #2173, #4644, #7110, #6509, #3449, #341, #6540, #6711, #3176, #5542, #6834, #1308, #554, #6746, #7372, #7300, #6185, #28, #3046, #3088, #3650, #3779, #7417, #6229, #3005, #2414, #7896, #2370, #4286, #1224, #7461, #5499, #7975, #1943, #1181, #593, #5584, #2458, #1822, #4927, #6104, #3685, #4892, #641, #6141, #7934, #6872, #1862, #4331, #6792, #7338, #1267, #3733, #3133, #4848, #2501, #5463, #4969, #1901, #4367, #682, #5627, #73, #2548, #5014, #4412, #1348, #6063, #1783, #512, #4252, #6425, #4564, #2670, #5097, #116, #5670, #5783, #264, #3218, #884, #2017, #5176, #5211, #6950, #3969, #4487, #1424, #3818, #7650, #4452, #6271, #2745, #2629, #3331, #5747, #1462, #5137, #3295, #7616, #2128, #804, #3894, #191, #5708, #4599, #2587, #7066, #2092, #225, #2708, #7030, #3933, #155, #726, #6389, #5054, #1498, #3259, #7498, #3371, #5823, #6353, #1981, #6913, #1386, #3857, #6309, #767, #7537, #7577, #2053, #4528, #6991, #844, #1081, #3559, #2280, #7730, #4709, #4671, #4007, #2860, #1649, #2820, #2320, #459, #2946, #2782, #5895, #5368, #7136, #3441, #958, #5325, #4752, #6575, #5973, #6533, #419, #2902, #6463, #6011, #7807, #5251, #922, #7687, #2201, #1533, #334, #4082, #5409, #1693, #1609, #4045, #7215, #1039, #4161, #6616, #7848, #994, #3408, #4796, #5859, #5288, #4120, #298, #3478, #2166, #4637, #7102, #5932, #1573, #372, #6500, #7765, #2239, #7172, #3519, #1212, #5530, #4357, #2360, #2536, #2401, #4838, #2447, #6821, #4198, #1295, #3722, #4916, #5615, #1124, #4958, #6658, #627, #4880, #6052, #2993, #3766, #5573, #1169, #15, #3637, #6093, #4442, #2082, #5003, #2659, #2007, #5165, #5660, #755, #3249, #3962, #3885, #5128, #145, #2619, #4519, #5086, #6982, #3922, #3323, #3549, #5316, #7756, #7095, #2736, #1028, #4035, #5886, #5280, #2193, #2435, #4232, #4461, #1396, #1840, #7913, #2981, #5442, #3626, #5680, #4311, #6769, #3710, #6162, #5984, #30, #6952, #6465, #924, #6915, #5212, #193, #5178, #2672, #6427, #7757, #5358, #4073, #3399, #5243, #4629, #364, #2850, #6607, #7164, #7798, #3627, #7954, #7395, #1245, #3108, #1201, #5562, #4, #2982, #6206, #1881, #5443, #2349, #7280, #4869, #6689, #534, #6728, #52, #6811, #2391, #1158, #661, #3711, #3154, #4992, #7439, #3667, #5479, #1804, #3067, #5520, #6163, #2436, #1841, #4546, #5803, #3800, #1366, #7010, #1403, #705, #3199, #94, #1922, #3836, #1995, #3275, #4390, #6289, #744, #2607, #3238, #6330, #7516, #7557, #1553, #902, #6405, #7707, #5115, #7085, #2182, #861, #1478, #3872, #4654, #6328, #5191, #4506, #2108, #3911, #5800, #244, #7046, #3986, #5230, #7667, #4025, #3537, #7827, #7152, #2339, #439, #7785, #2381, #3459, #3015, #1591, #1752, #4818, #2925, #396, #354, #2839, #1105, #6073, #6518, #4222, #5344, #481, #524, #2260, #7270, #4138, #2301, #4062, #5471, #7746, #5305, #2220, #5950, #6637, #4774, #7235, #1714, #6031, #2971, #1629, #5432, #6680, #1148, #1016, #3497, #2881, #1097, #6587, #4721, #1052, #5986, #2917, #347, #4057, #6513, #2214, #1622, #7820, #4766, #2294, #969, #5836, #278, #4093, #4611, #1547, #1008, #2785, #4676, #1655, #425, #5255, #2907, #7220, #7691, #7810, #5373, #2285, #2168, #4640, #7105 ),
 ( #4048, #6504, #5495, #1262, #7853, #4363, #2325, #7413, #4886, #3682, #4843, #3775, #1817, #2365, #1303, #588, #2952, #4922, #7295, #6830, #24, #7970, #3084, #1778, #466, #1897, #5416, #1736, #4247, #4326, #550, #6706, #1176, #4282, #3728, #5538, #7367, #7929, #1856, #6786, #4803, #2497, #6180, #4204, #7257, #6664, #3645, #1130, #3041, #2409, #3601, #636, #7333, #3000, #3128, #5579, #6058, #508, #5458, #6742, #6138, #3929, #2050, #5052, #800, #4560, #5668, #1458, #222, #3171, #113, #7574, #762, #5010, #5623, #68, #5171, #2544, #6305, #5093, #3328, #1346, #1495, #6909, #4408, #3255, #840, #678, #6385, #5743, #5705, #7026, #7458, #5778, #7612, #152, #1382, #6224, #2089, #2705, #2013, #1940, #4484, #6869, #3853, #723, #3814, #6268, #6945, #2626, #6988, #3215, #2584, #7496, #1978, #7532, #1421, #4449, #3892, #6349, #3292, #188, #2666, #5134, #4525, #3405, #7805, #3516, #3474, #4042, #880, #2278, #5820, #4117, #4748, #5322, #7683, #2162, #2816, #5249, #1530, #5969, #414, #2899, #4706, #4635, #7132, #7100, #6422, #5286, #5858, #6497, #6461, #2237, #3438, #2198, #4003, #7170, #5892, #1570, #7213, #261, #3967, #3367, #6572, #1647, #7726, #955, #2742, #5207, #5929, #5365, #7648, #1035, #332, #7763, #2125, #4670, #4595, #1606, #4079, #7064, #918, #296, #2779, #6532, #992, #370, #2857, #7325, #542, #1166, #3075, #6171, #6698, #1768, #3635, #3595, #5569, #1079, #4954, #5528, #1209, #3675, #6130, #1812, #4239, #2989, #2357, #6090, #7287, #2444, #623, #4276, #6654, #4318, #6735, #1122, #2486, #1691, #3032, #4158, #5487, #579, #7961, #2943, #4914, #3115, #2317, #6778, #7921, #7361, #1848, #4197, #4836, #2399, #5406, #1252, #3719, #6050, #4877, #7251, #11, #6614, #3556, #6009, #500, #457, #7845, #7885, #4793, #1730, #5451, #1373, #829, #2533, #1969, #6936, #3843, #3206, #4439, #5000, #5657, #3806, #2003, #2575, #1930, #214, #752, #6899, #6297, #4399, #3246, #101, #6861, #6213, #3881, #4354, #5043, #178, #6377, #7523, #1335, #2041, #5082, #6258, #2696, #7402, #5696, #1887, #7488, #4474, #6338, #668, #790, #3918, #59, #4515, #141, #2655, #5124, #713, #2615, #1410, #3161, #3282, #5733, #7565, #6978, #7447, #1449, #3320, #5770, #6818, #1291, #3763, #5612, #3493, #392, #6677, #7743, #7188, #1143, #252, #7781, #4770, #1667, #1011, #2256, #2836, #5947, #1625, #7824, #2877, #2217, #6069, #6591, #4724, #4134, #4688, #1056, #5340, #7149, #3958, #1710, #2079, #4096, #3533, #6547, #3576, #5990, #435, #5302, #477, #2921, #5385, #520, #1486, #3614, #7603, #7865, #6027, #2298, #7232, #6413, #7017, #4176, #1749, #4552, #2335, #6633, #1101, #5162, #2967, #5428, #4814, #7267, #870, #3357, #5812, #4217, #4417, #4294, #4973, #6796, #3138, #1271, #3738, #4373, #6878, #6191, #3093, #5589, #7343, #2376, #7305, #6716, #1314, #7422, #686, #5633, #34, #5548, #6753, #3693, #78, #599, #1188, #3657, #5506, #5375, #6622, #2206, #2170, #7855, #7107, #6506, #4678, #1088, #381, #2867, #5901, #3565, #6017, #468, #2954, #5329, #961, #3446, #1132, #3776, #5581, #5460, #6060, #7892, #4888, #4206, #3043, #1221, #69, #4364, #2411, #6708, #3130, #3730, #7414, #1305, #6225, #590, #3002, #1898, #25, #7335, #6788, #2545, #3647, #6831, #679, #2367, #1819, #2498, #7972, #4845, #7297, #1780, #3172, #4249, #2455, #4924, #5624, #1178, #7459, #7369, #1858, #4328, #5011, #6666, #1264, #6182, #638, #4966, #4188, #3706, #1878, #7911, #4867, #448, #4946, #2476, #1802, #1114, #570, #2934, #7317, #4827, #6040, #4230, #4309, #6159, #3735, #6674, #6750, #5545, #1903, #7378, #6437, #2029, #5720, #7003, #4499, #674, #4918, #2321, #1258, #7291, #3771, #7409, #7363, #2405, #4799, #6220, #6660, #20, #3167, #632, #6097, #546, #1216, #1172, #5454, #6825, #7850, #1126, #3123, #504, #2996, #7887, #584, #2361, #4243, #6702, #3080, #5739, #1454, #5006, #1491, #2085, #876, #3211, #4404, #5664, #108, #3849, #2951, #6663, #1044, #2865, #6620, #5254, #1735, #7690, #4802, #4713, #3523, #4675, #1129, #7176, #7140, #5862, #5978, #301, #4756, #5291, #4203, #5415, #5372, #5937, #6503, #3444, #5899, #6015, #337, #7219, #1613, #6536, #1654, #998, #2825, #2324, #7256, #3482, #1086, #378, #424, #4123, #2906, #1698, #4166, #3563, #465, #2543, #5009, #4842, #7928, #7412, #1219, #5494, #3040, #7366, #6829, #635, #23, #587, #2496, #4964, #507, #3170, #1896, #7294, #2999, #1777, #4281, #3600, #2408, #6137, #7457, #3774, #1816, #6100, #4362, #3127, #1302, #677, #5622, #3681, #5457, #6223, #67, #4885, #6179, #1939, #7332, #4407, #6868, #7890, #6741, #6057, #3083, #2364, #4246, #6705, #1175, #3644, #5537, #2453, #549, #7969, #4921, #1855, #4325, #6785, #1261, #3727, #5578, #1457, #6304, #3966, #6987, #761, #2124, #4594, #187, #1345, #1420, #3928, #5777, #2583, #221, #5819, #1977, #6421, #799, #2088, #4559, #3852, #2012, #2665, #5051, #6384, #3327, #3254, #6348, #6908, #7025, #2704, #1494, #6267, #5704, #3214, #5667, #7531, #4483, #2741, #151, #3291, #5206, #4448, #3891, #839, #5742, #5092, #5133, #1381, #6944, #2625, #5170, #7573, #2049, #3813, #4524, #7611, #879, #3366, #260, #7647, #722, #112, #7495, #4002, #954, #1605, #1569, #5364, #6531, #5321, #7099, #2277, #991, #7725, #2316, #3404, #2942, #1529, #1690, #7804, #5928, #331, #5857, #917, #1034, #3555, #6460, #4157, #5285, #413, #456, #2197, #7212, #4669, #7131, #7063, #5405, #7682, #295, #6008, #5891, #6571, #3473, #4705, #369, #2856, #2898, #7844, #4078, #7762, #2236, #3437, #2778, #5248, #2161, #4747, #3515, #5968, #6613, #7169, #1646, #2815, #4116, #1078, #4634, #4041, #6496, #1290, #5450, #1886, #4275, #5568, #10, #7286, #5486, #6129, #6049, #4913, #6777, #1767, #1811, #2356, #2485, #6170, #4953, #1729, #1165, #6653, #1121, #3031, #7920, #6212, #4238, #6734, #667, #7884, #7324, #4317, #1208, #541, #3674, #4835, #2398, #3634, #7360, #4876, #6697, #5611, #578, #3074, #5527, #6089, #7960, #2443, #1847, #3594, #1251, #4196, #3718, #622, #3114, #7401, #4353, #6817, #3762, #3160, #58 ) ),
 .UNSPECIFIED., .F., .T., .F.,
 ( 2, 2 ),
 ( 4, 2, 2, 2, 2, 2, 2, 2, 2, 2, 2, 2, 2, 2, 2, 2, 2, 2, 2, 2, 2, 2, 2, 2, 2, 2, 2, 2, 2, 2, 2, 2, 2, 2, 2, 2, 2, 2, 2, 2, 2, 2, 2, 2, 2, 2, 2, 2, 2, 2, 2, 2, 2, 2, 2, 2, 2, 2, 2, 2, 2, 2, 2, 2, 2, 2, 2, 2, 2, 2, 2, 2, 2, 2, 2, 2, 2, 2, 2, 2, 2, 2, 2, 2, 2, 2, 2, 2, 2, 2, 2, 2, 2, 2, 2, 2, 2, 2, 2, 2, 2, 2, 2, 2, 2, 2, 2, 2, 2, 2, 2, 2, 2, 2, 2, 2, 2, 2, 2, 2, 2, 2, 2, 2, 2, 2, 2, 2, 2, 2, 2, 2, 2, 2, 2, 2, 2, 2, 2, 2, 2, 2, 2, 2, 2, 2, 2, 2, 2, 2, 2, 2, 2, 2, 2, 2, 2, 2, 2, 2, 2, 2, 2, 2, 2, 2, 2, 2, 2, 2, 2, 2, 2, 2, 2, 2, 2, 2, 2, 2, 2, 2, 2, 2, 2, 2, 2, 2, 2, 2, 2, 2, 2, 2, 2, 2, 2, 2, 2, 2, 2, 2, 2, 2, 2, 2, 2, 2, 2, 2, 2, 2, 2, 2, 2, 2, 2, 2, 2, 2, 2, 2, 2, 2, 2, 2, 2, 2, 2, 2, 2, 2, 2, 2, 2, 2, 2, 2, 2, 2, 2, 2, 2, 2, 2, 2, 2, 2, 2, 2, 2, 2, 2, 2, 2, 2, 2, 2, 2, 2, 2, 2, 2, 2, 2, 2, 2, 2, 2, 2, 2, 2, 2, 2, 2, 2, 2, 2, 2, 2, 2, 2, 2, 2, 2, 2, 2, 2, 2, 2, 2, 2, 2, 2, 2, 2, 2, 2, 2, 2, 2, 2, 2, 2, 2, 2, 2, 2, 2, 2, 2, 2, 2, 2, 2, 2, 2, 2, 2, 2, 2, 2, 2, 2, 2, 2, 2, 2, 2, 2, 2, 2, 2, 2, 2, 2, 2, 2, 2, 2, 2, 2, 2, 2, 2, 2, 2, 2, 2, 2, 2, 2, 2, 2, 2, 2, 2, 2, 2, 2, 2, 2, 2, 2, 2, 2, 2, 2, 2, 2, 2, 2, 2, 2, 2, 2, 2, 2, 2, 2, 2, 2, 2, 2, 2, 2, 2, 2, 2, 2, 2, 2, 2, 2, 2, 2, 2, 2, 2, 2, 2, 2, 2, 2, 2, 2, 2, 2, 2, 2, 2, 2, 2, 2, 2, 2, 2, 2, 2, 2, 2, 2, 2, 2, 2, 4 ),
 ( 0.000000000000000000, 1.000000000000000000 ),
 ( 0.001883582712130030257, 0.001959048902339294122, 0.002034515092548558422, 0.002109981282757822721, 0.002185447472967086587, 0.002260913663176350452, 0.002336379853385614751, 0.002487312233804142916, 0.002562778424013406782, 0.002638244614222671081, 0.002713710804431935381, 0.002789176994641199246, 0.002864643184850463112, 0.002940109375059727411, 0.003015575565268991710, 0.003091041755478255576, 0.003241974135896783741, 0.003317440326106048040, 0.003392906516315311906, 0.003468372706524575771, 0.003543838896733840071, 0.003694771277152368236, 0.003770237467361632101, 0.003845703657570896401, 0.003921169847780160700, 0.003996636037989424566, 0.004072102228198688431, 0.004147568418407953164, 0.004223034608617217030, 0.004298500798826480895, 0.004373966989035744761, 0.004449433179245008627, 0.004524899369454273360, 0.004600365559663537225, 0.004675831749872801091, 0.004751297940082065824, 0.004826764130291329689, 0.004902230320500593555, 0.004977696510709857421, 0.005053162700919121286, 0.005204095081337649885, 0.005355027461756178483, 0.005505959842174706215, 0.005656892222593233946, 0.005807824603011762545, 0.005958756983430291143, 0.006109689363848818874, 0.006260621744267346606, 0.006411554124685874337, 0.006562486505104402068, 0.006713418885522930667, 0.006864351265941459265, 0.006939817456150723131, 0.007015283646359986996, 0.007166216026778514728, 0.007317148407197042459, 0.007468080787615570190, 0.007619013168034098789, 0.007769945548452627387, 0.007920877928871155119, 0.008071810309289682850, 0.008222742689708212316, 0.008298208879917477049, 0.008373675070126740047, 0.008449141260336003045, 0.008524607450545267778, 0.008600073640754532511, 0.008675539830963795510, 0.008751006021173058508, 0.008826472211382323241, 0.008901938401591587974, 0.008977404591800852707, 0.009052870782010117440, 0.009128336972219380438, 0.009203803162428643436, 0.009279269352637908169, 0.009354735542847172902, 0.009430201733056437635, 0.009505667923265702368, 0.009581134113474965366, 0.009732066493893493098, 0.009807532684102757831, 0.009882998874312020829, 0.009958465064521283827, 0.01003393125473054856, 0.01010939744493981329, 0.01018486363514907803, 0.01026032982535834276, 0.01033579601556760576, 0.01048672839598613349, 0.01056219458619539822, 0.01063766077640466295, 0.01071312696661392769, 0.01078859315682319069, 0.01086405934703245368, 0.01093952553724171842, 0.01101499172745098315, 0.01109045791766024615, 0.01116592410786950915, 0.01124139029807877388, 0.01131685648828803861, 0.01139232267849730335, 0.01146778886870656808, 0.01154325505891583108, 0.01161872124912509407, 0.01169418743933435881, 0.01176965362954362354, 0.01184511981975288827, 0.01192058600996215301, 0.01199605220017141601, 0.01214698458058994374, 0.01222245077079920847, 0.01229791696100847147, 0.01237338315121773447, 0.01244884934142699920, 0.01259978172184552693, 0.01275071410226405466, 0.01290164648268258239, 0.01297711267289184539, 0.01305257886310111012, 0.01320351124351963959, 0.01335444362393816732, 0.01350537600435669505, 0.01358084219456595979, 0.01365630838477522452, 0.01373177457498448925, 0.01380724076519375225, 0.01395817314561227998, 0.01410910552603080771, 0.01426003790644933544, 0.01433550409665860018, 0.01441097028686786491, 0.01448643647707712964, 0.01456190266728639264, 0.01471283504770492037, 0.01486376742812344984, 0.01493923361833271457, 0.01501469980854197757, 0.01509016599875124057, 0.01516563218896050530, 0.01524109837916977003, 0.01531656456937903303, 0.01539203075958829603, 0.01546749694979756076, 0.01554296314000682550, 0.01561842933021608849, 0.01569389552042535149, 0.01576936171063461622, 0.01584482790084388096, 0.01592029409105314569, 0.01599576028126241042, 0.01607122647147167516, 0.01614669266168093989, 0.01622215885189020462, 0.01629762504209946589, 0.01637309123230873062, 0.01644855742251799535, 0.01652402361272725662, 0.01659948980293652135, 0.01667495599314578608, 0.01682588837356431555, 0.01697682075398284501, 0.01705228694419210975, 0.01712775313440137448, 0.01720321932461063574, 0.01727868551481990048, 0.01735415170502916521, 0.01742961789523842647, 0.01750508408544769121, 0.01758055027565695594, 0.01765601646586622067, 0.01773148265607548540, 0.01780694884628474667, 0.01788241503649401140, 0.01795788122670327613, 0.01803334741691253740, 0.01810881360712180213, 0.01818427979733106686, 0.01825974598754033160, 0.01833521217774959633, 0.01841067836795886106, 0.01848614455816812580, 0.01856161074837739053, 0.01863707693858665526, 0.01878800931900518126, 0.01886347550921444599, 0.01893894169942370725, 0.01901440788963297199, 0.01908987407984223672, 0.01924080646026076619, 0.01939173884067929565, 0.01954267122109782512, 0.01969360360151635111, 0.01984453598193487711, 0.01999546836235340658, 0.02014640074277193604, 0.02022186693298119731, 0.02029733312319046204, 0.02044826550360898804, 0.02059919788402751750, 0.02075013026444604697, 0.02090106264486457643, 0.02105199502528310590, 0.02120292740570163190, 0.02127839359591089663, 0.02135385978612015789, 0.02142932597632942263, 0.02150479216653868736, 0.02158025835674795209, 0.02165572454695721683, 0.02173119073716648156, 0.02180665692737574629, 0.02188212311758501102, 0.02195758930779427576, 0.02203305549800353702, 0.02210852168821280175, 0.02218398787842206649, 0.02225945406863132775, 0.02233492025884059248, 0.02241038644904985722, 0.02248585263925912195, 0.02256131882946838668, 0.02263678501967764795, 0.02271225120988691268, 0.02278771740009617741, 0.02286318359030543867, 0.02301411597072396814, 0.02308958216093323287, 0.02316504835114249761, 0.02324051454135175887, 0.02331598073156102360, 0.02346691311197954960, 0.02354237930218881433, 0.02361784549239807907, 0.02369331168260734380, 0.02376877787281660853, 0.02391971025323513453, 0.02399517644344439926, 0.02407064263365366052, 0.02414610882386292526, 0.02422157501407218999, 0.02429704120428145472, 0.02437250739449071946, 0.02444797358469998419, 0.02452343977490924892, 0.02459890596511851366, 0.02467437215532777839, 0.02474983834553703965, 0.02482530453574630439, 0.02490077072595556912, 0.02497623691616483038, 0.02505170310637409511, 0.02512716929658335985, 0.02527810167700188931, 0.02542903405742041878, 0.02557996643783894825, 0.02573089881825747424, 0.02580636500846673898, 0.02588183119867600024, 0.02595729738888526497, 0.02603276357909452970, 0.02618369595951305917, 0.02633462833993158517, 0.02648556072035011116, 0.02656102691055937590, 0.02663649310076864063, 0.02678742548118717010, 0.02693835786160569956, 0.02708929024202422903, 0.02716475643223349029, 0.02724022262244275502, 0.02731568881265201976, 0.02739115500286128102, 0.02754208738327981049, 0.02769301976369833995, 0.02776848595390760469, 0.02784395214411686942, 0.02791941833432613415, 0.02799488452453539888, 0.02807035071474466015, 0.02814581690495392488, 0.02822128309516318961, 0.02829674928537245088, 0.02837221547558171561, 0.02844768166579098034, 0.02852314785600024508, 0.02859861404620950981, 0.02867408023641877107, 0.02874954642662803581, 0.02882501261683730054, 0.02890047880704656180, 0.02897594499725582654, 0.02905141118746509127, 0.02912687737767435600, 0.02920234356788362073, 0.02927780975809288547, 0.02935327594830215020, 0.02942874213851141493, 0.02950420832872067967, 0.02957967451892994093, 0.02965514070913920566, 0.02973060689934847040, 0.02980607308955773166, 0.02988153927976699639, 0.02995700546997626112, 0.03003247166018552586, 0.03010793785039479059, 0.03018340404060405532, 0.03025887023081332006, 0.03033433642102258479, 0.03040980261123184952, 0.03048526880144111079, 0.03056073499165037552, 0.03063620118185964025, 0.03071166737206890152, 0.03078713356227816625, 0.03086259975248743098, 0.03093806594269669571, 0.03101353213290596045, 0.03108899832311522171, 0.03116446451332448644, 0.03123993070353375118, 0.03131539689374301244, 0.03139086308395228064, 0.03146632927416154191, 0.03154179546437080317, 0.03161726165458007137, 0.03169272784478933958, 0.03176819403499860084, 0.03191912641541713030, 0.03207005879583565977, 0.03214552498604492103, 0.03222099117625418924, 0.03229645736646345744, 0.03237192355667271870, 0.03252285593709124123, 0.03259832212730050249, 0.03267378831750977070, 0.03274925450771903890, 0.03282472069792830016, 0.03297565307834682269, 0.03312658545876535215, 0.03320205164897462036, 0.03327751783918388162, 0.03335298402939314288, 0.03342845021960241109, 0.03357938260002094055, 0.03373031498043946308, 0.03380578117064872434, 0.03388124736085799255, 0.03395671355106726075, 0.03403217974127652201, 0.03410764593148578327, 0.03418311212169504454, 0.03425857831190430580, 0.03433404450211357400, 0.03440951069232284221, 0.03448497688253210347, 0.03456044307274136473, 0.03463590926295063294, 0.03471137545315990114, 0.03478684164336916240, 0.03486230783357842367, 0.03493777402378769187, 0.03501324021399696007, 0.03508870640420622133, 0.03516417259441548260, 0.03523963878462475080, 0.03531510497483401900, 0.03539057116504328027, 0.03546603735525254153, 0.03554150354546180279, 0.03569243592588033226, 0.03576790211608960046, 0.03584336830629886173, 0.03591883449650812299, 0.03599430068671738425, 0.03606976687692664552, 0.03614523306713591372, 0.03622069925734518192, 0.03629616544755444318, 0.03637163163776370445, 0.03644709782797297265, 0.03652256401818224085, 0.03659803020839150212, 0.03667349639860076338, 0.03674896258881003158, 0.03682442877901929978, 0.03689989496922856105, 0.03697536115943782231, 0.03705082734964709051, 0.03712629353985635872, 0.03720175973006561998, 0.03735269211048414251, 0.03742815830069340377, 0.03750362449090267197, 0.03757909068111194018, 0.03765455687132120144, 0.03780548925173972397, 0.03795642163215825343, 0.03810735401257678290, 0.03825828639299531236, 0.03840921877341384183, 0.03848468496362310309, 0.03856015115383236436, 0.03863561734404162562, 0.03871108353425089382, 0.03878654972446016203, 0.03886201591466942329, 0.03901294829508794582, 0.03916388067550647528, 0.03931481305592500475, 0.03939027924613426601, 0.03946574543634353421, 0.03954121162655280242, 0.03961667781676206368, 0.03976761019718059315, 0.03991854257759912261, 0.03999400876780838388, 0.04006947495801765208, 0.04014494114822692028, 0.04022040733843618154, 0.04029587352864544281, 0.04037133971885470407, 0.04044680590906396533, 0.04052227209927323354 ),
 .UNSPECIFIED. ) ;
#7661 = CARTESIAN_POINT ( 'NONE',  ( 4.057804548095642616, -5.184456327696183919, 3.333333333333333037 ) ) ;
#7662 = CARTESIAN_POINT ( 'NONE',  ( 6.456223770568875864, -0.8106471639654768691, 0.000000000000000000 ) ) ;
#7663 = CARTESIAN_POINT ( 'NONE',  ( 4.960140980963032575, -2.773821869950011454, -5.000000000000000000 ) ) ;
#7664 = CARTESIAN_POINT ( 'NONE',  ( -5.371053174174043932, -1.454363143550995829, 0.000000000000000000 ) ) ;
#7665 = CARTESIAN_POINT ( 'NONE',  ( -4.770262100989577370, -2.509879021727052351, 10.55000000000000249 ) ) ;
#7666 = CARTESIAN_POINT ( 'NONE',  ( 6.304921007630883700, 2.081055046146127907, 5.000000000000023093 ) ) ;
#7667 = CARTESIAN_POINT ( 'NONE',  ( 4.813654420807433887, -3.152731348235380704, 10.54999999999999716 ) ) ;
#7668 = CARTESIAN_POINT ( 'NONE',  ( 3.565988210183661966, -5.600584521419602169, 0.000000000000000000 ) ) ;
#7669 = CARTESIAN_POINT ( 'NONE',  ( 3.815710851444237939, 3.424973976468145498, 0.000000000000000000 ) ) ;
#7670 = CARTESIAN_POINT ( 'NONE',  ( 5.655121071682121858, 0.07334690585049014055, -5.000000000000000888 ) ) ;
#7671 = CARTESIAN_POINT ( 'NONE',  ( -6.301622807954568195, -1.385736526358674725, 1.666666666666666297 ) ) ;
#7672 = CARTESIAN_POINT ( 'NONE',  ( -4.954342350942240181, 0.4102563315449421211, 10.20000054708695814 ) ) ;
#7673 = CARTESIAN_POINT ( 'NONE',  ( 5.526321542317156776, -0.9537999460175093924, -1.666666666666666741 ) ) ;
#7674 = CARTESIAN_POINT ( 'NONE',  ( -4.972518485795441201, -2.566278095208043286, 10.55000000000000071 ) ) ;
#7675 = CARTESIAN_POINT ( 'NONE',  ( -3.524544054639100032, 4.779193060479275168, 10.55000000000000426 ) ) ;
#7676 = CARTESIAN_POINT ( 'NONE',  ( -0.3460384234886378363, 5.115696762701372968, -5.000000000000000000 ) ) ;
#7677 = CARTESIAN_POINT ( 'NONE',  ( 4.701581468569602684, -4.667119878451390314, 10.20000054708695281 ) ) ;
#7678 = ORIENTED_EDGE ( 'NONE', *, *, #4290, .T. ) ;
#7679 = CARTESIAN_POINT ( 'NONE',  ( -0.2213900411221246256, 4.761856250966219228, 10.55000000000000071 ) ) ;
#7680 = CARTESIAN_POINT ( 'NONE',  ( -0.2035685891655701907, 5.336325648234255148, 10.20000054708695636 ) ) ;
#7681 = CARTESIAN_POINT ( 'NONE',  ( 1.470471587390117740, -5.489517252965714356, 0.000000000000000000 ) ) ;
#7682 = CARTESIAN_POINT ( 'NONE',  ( 5.228489874714632002, -3.494264625780141298, 10.20000054708695281 ) ) ;
#7683 = CARTESIAN_POINT ( 'NONE',  ( 2.758365406810942666, 4.918963810808818060, 10.20000054708695636 ) ) ;
#7684 = CARTESIAN_POINT ( 'NONE',  ( -5.604626029812082244, -2.827710600053261469, -5.999999999999431566 ) ) ;
#7685 = CARTESIAN_POINT ( 'NONE',  ( 4.718486644035325028, 2.856201342173277702, 10.20000054708695458 ) ) ;
#7686 = CARTESIAN_POINT ( 'NONE',  ( -0.6476541954606959139, 4.841088142863436694, 5.000000000000000000 ) ) ;
#7687 = CARTESIAN_POINT ( 'NONE',  ( -2.444474189881195247, -5.079268139558374529, 10.54999999999999716 ) ) ;
#7688 = CARTESIAN_POINT ( 'NONE',  ( 0.03878489836380599048, 5.066131382003732142, 10.55000000000000071 ) ) ;
#7689 = CARTESIAN_POINT ( 'NONE',  ( -6.633242581027160689, -0.2879441185641482548, 0.000000000000000000 ) ) ;
#7690 = CARTESIAN_POINT ( 'NONE',  ( -2.721828014391149075, -4.749313653649395839, 10.20000054708695636 ) ) ;
#7691 = CARTESIAN_POINT ( 'NONE',  ( 5.417314309998237931, 0.3734406664252555297, 10.54999999999999716 ) ) ;
#7692 = CARTESIAN_POINT ( 'NONE',  ( 0.1614439960399910445, 5.274081274756944104, 10.55000000000000249 ) ) ;
#7693 = CARTESIAN_POINT ( 'NONE',  ( 0.1220607304236049767, 5.082794351157217783, -3.333333333333333037 ) ) ;
#7694 = CARTESIAN_POINT ( 'NONE',  ( 4.740869530200122917, -4.037106957316954237, 10.55000000000000249 ) ) ;
#7695 = CARTESIAN_POINT ( 'NONE',  ( -5.248533672560239616, -2.943904212591498037, 10.20000054708695458 ) ) ;
#7696 = CARTESIAN_POINT ( 'NONE',  ( -4.552119583169378814, 0.3719426637591121132, 10.54999999999999716 ) ) ;
#7697 = CARTESIAN_POINT ( 'NONE',  ( -3.689804543892920119, -2.901137757781257154, -1.666666666666666297 ) ) ;
#7698 = CARTESIAN_POINT ( 'NONE',  ( 5.463042937410136801, 2.478748549323643413, 10.54999999999999893 ) ) ;
#7699 = CARTESIAN_POINT ( 'NONE',  ( 5.173762681679799691, -3.073411379804814825, 5.000000000000000000 ) ) ;
#7700 = CARTESIAN_POINT ( 'NONE',  ( 6.147021845340256974, 1.960825888751876134, -3.333333333333333037 ) ) ;
#7701 = CARTESIAN_POINT ( 'NONE',  ( 0.1704022720372699862, -5.377413347294651480, -5.000000000002464695 ) ) ;
#7702 = DIRECTION ( 'NONE',  ( 3.293975600896116958E-13, -4.427453442170423041E-13, 1.000000000000000000 ) ) ;
#7703 = CARTESIAN_POINT ( 'NONE',  ( -6.414361532096308771, -1.483351403618801578, -3.333333333333333037 ) ) ;
#7704 = CARTESIAN_POINT ( 'NONE',  ( -2.097998502368278562, -5.796226679252569625, 10.55000000000000249 ) ) ;
#7705 = CARTESIAN_POINT ( 'NONE',  ( 4.802994161813472829, -3.130950081171780752, 10.55000000000000249 ) ) ;
#7706 = CARTESIAN_POINT ( 'NONE',  ( 5.811434037490126769, 0.1058673776733864980, 5.000000000000023093 ) ) ;
#7707 = CARTESIAN_POINT ( 'NONE',  ( 4.768036532995379773, -3.980327436503369398, 10.54999999999999893 ) ) ;
#7708 = CARTESIAN_POINT ( 'NONE',  ( 3.945042019279603185, -3.924286919456758227, 0.000000000000000000 ) ) ;
#7709 = CARTESIAN_POINT ( 'NONE',  ( -3.815710851444237939, -3.424973976468152603, 0.000000000000000000 ) ) ;
#7710 = CARTESIAN_POINT ( 'NONE',  ( 3.945042019279604073, 3.924286919456762224, 0.000000000000000000 ) ) ;
#7711 = CARTESIAN_POINT ( 'NONE',  ( 5.499777161736409070, -0.4440181862372239441, -3.333333333333333037 ) ) ;
#7712 = CARTESIAN_POINT ( 'NONE',  ( -4.533687937200371998, 1.816938096579820305, 0.000000000000000000 ) ) ;
#7713 = CARTESIAN_POINT ( 'NONE',  ( -3.372290125472503508, -3.323947869057089832, 10.20000054708694925 ) ) ;
#7714 = CARTESIAN_POINT ( 'NONE',  ( 0.8000434083650811434, 6.457546346332266651, -5.999999999997442046 ) ) ;
#7715 = CARTESIAN_POINT ( 'NONE',  ( 4.215045891529113575, -2.154063696584811893, 0.000000000000000000 ) ) ;
#7716 = CARTESIAN_POINT ( 'NONE',  ( -4.127101753809324869, -2.541974946098973120, 10.54999999999999893 ) ) ;
#7717 = CARTESIAN_POINT ( 'NONE',  ( -4.308612122654362331, 2.430316471517909527, 10.55000000000000604 ) ) ;
#7718 = CARTESIAN_POINT ( 'NONE',  ( 0.3534438101688358036, 6.267603813795271428, -5.000000000000000000 ) ) ;
#7719 = CARTESIAN_POINT ( 'NONE',  ( 2.074450611855195525, -4.489799710367021746, 10.20000054708695281 ) ) ;
#7720 = EDGE_CURVE ( 'NONE', #365, #6054, #2373, .T. ) ;
#7721 = EDGE_LOOP ( 'NONE', ( #3166, #1340, #1973, #6984 ) ) ;
#7722 = CARTESIAN_POINT ( 'NONE',  ( 0.1550848220738307581, 5.261890806495496342, 10.54999999999999893 ) ) ;
#7723 = CARTESIAN_POINT ( 'NONE',  ( -4.124115258570554055, 5.031732512537907098, 10.20000054708695458 ) ) ;
#7724 = CARTESIAN_POINT ( 'NONE',  ( 4.057804548095642616, -5.184456327696183919, 3.333333333333333037 ) ) ;
#7725 = CARTESIAN_POINT ( 'NONE',  ( 4.519545583414640966, -4.818594267327810599, 10.20000054708695636 ) ) ;
#7726 = CARTESIAN_POINT ( 'NONE',  ( 1.805724748645747280, 6.367136372790159093, 10.20000054708695636 ) ) ;
#7727 = CARTESIAN_POINT ( 'NONE',  ( 4.809125038169738353, 2.878549899424590386, 10.20000054708695636 ) ) ;
#7728 = CARTESIAN_POINT ( 'NONE',  ( 4.882270699514533518, 2.908697158505072711, 5.000000000000000000 ) ) ;
#7729 = CARTESIAN_POINT ( 'NONE',  ( -2.718794946037524252, -4.661437319069704266, 10.20000054708695103 ) ) ;
#7730 = CARTESIAN_POINT ( 'NONE',  ( -2.592722652467140509, -3.767975092828548256, 10.54999999999999893 ) ) ;
#7731 = CARTESIAN_POINT ( 'NONE',  ( 0.6593519819545504701, 6.009418175129476403, 10.54999999999999893 ) ) ;
#7732 = CARTESIAN_POINT ( 'NONE',  ( -5.851330226675901969, 1.405564791000387670, 0.000000000000000000 ) ) ;
#7733 = CARTESIAN_POINT ( 'NONE',  ( 0.5611105711213831837, 5.956461032524859256, 10.55000000000000249 ) ) ;
#7734 = CARTESIAN_POINT ( 'NONE',  ( 4.860296697091318840, -3.304517335513998511, 10.55000000000000249 ) ) ;
#7735 = CARTESIAN_POINT ( 'NONE',  ( 5.684602928100047414, -0.9504370040673595366, -1.666666666666666297 ) ) ;
#7736 = CARTESIAN_POINT ( 'NONE',  ( -4.515166000295049997, 2.818586603389198864, 10.54999999999999538 ) ) ;
#7737 = CARTESIAN_POINT ( 'NONE',  ( -6.518773151765566709, -0.9219336593036326910, -3.333333333333333037 ) ) ;
#7738 = CARTESIAN_POINT ( 'NONE',  ( 5.752192383621291150, 2.238011436668358556, 10.55000000000000249 ) ) ;
#7739 = CARTESIAN_POINT ( 'NONE',  ( 3.930152937962595683, -5.185930219046910317, 0.000000000000000000 ) ) ;
#7740 = CARTESIAN_POINT ( 'NONE',  ( 6.456223770568878528, 0.8106471639654770911, 0.000000000000000000 ) ) ;
#7741 = CARTESIAN_POINT ( 'NONE',  ( 5.380059953839476883, -0.02379233995175442443, -5.000000000000000000 ) ) ;
#7742 = CARTESIAN_POINT ( 'NONE',  ( -6.162401348110470245, -1.196908415135740533, 0.000000000000000000 ) ) ;
#7743 = CARTESIAN_POINT ( 'NONE',  ( -4.819912094396523017, 4.544295440234488836, 10.20000054708695636 ) ) ;
#7744 = CARTESIAN_POINT ( 'NONE',  ( -2.424137212693548538, -5.025424616944076384, 10.55000000000000426 ) ) ;
#7745 = CARTESIAN_POINT ( 'NONE',  ( 4.257304147301131714, 2.857526457809149711, 5.000000000000023093 ) ) ;
#7746 = CARTESIAN_POINT ( 'NONE',  ( 4.175819692118385440, -1.555043996313732579, 10.55000000000000249 ) ) ;
#7747 = CARTESIAN_POINT ( 'NONE',  ( -4.061678536504230941, 5.083575693553372687, -5.999999999996436628 ) ) ;
#7748 = CARTESIAN_POINT ( 'NONE',  ( 4.215045891529110023, 2.154063696584812337, 0.000000000000000000 ) ) ;
#7749 = CARTESIAN_POINT ( 'NONE',  ( -5.790551135911325531, -2.284109871747716625, 3.333333333333333037 ) ) ;
#7750 = CARTESIAN_POINT ( 'NONE',  ( -5.279927000639705881, -2.922791545718231632, 10.20000054708695281 ) ) ;
#7751 = CARTESIAN_POINT ( 'NONE',  ( 0.07477099020677412111, 6.017315606013082352, -4.999999999997387867 ) ) ;
#7752 = CARTESIAN_POINT ( 'NONE',  ( 5.485244519223072324, -1.469766839920268575, 0.000000000000000000 ) ) ;
#7753 = CARTESIAN_POINT ( 'NONE',  ( -2.664609183977422635, -3.616011397941922390, 10.54999999999999716 ) ) ;
#7754 = CARTESIAN_POINT ( 'NONE',  ( -4.331132587560500902, 0.8121366270240654162, 10.55000000000000071 ) ) ;
#7755 = CARTESIAN_POINT ( 'NONE',  ( 2.299518889766836605, -4.531159051096927293, 10.20000054708695458 ) ) ;
#7756 = CARTESIAN_POINT ( 'NONE',  ( 0.005194315260683103272, -5.004509339660706324, 10.55000000000000249 ) ) ;
#7757 = CARTESIAN_POINT ( 'NONE',  ( 1.659467399576362467, -4.132611681409452231, 10.54999999999999716 ) ) ;
#7758 = ORIENTED_EDGE ( 'NONE', *, *, #2402, .F. ) ;
#7759 = CARTESIAN_POINT ( 'NONE',  ( -3.213441307924250978, 4.691706551523061819, 10.55000000000000249 ) ) ;
#7760 = CARTESIAN_POINT ( 'NONE',  ( -5.005647227578966962, 4.282403454081821437, 10.20000054708695281 ) ) ;
#7761 = CARTESIAN_POINT ( 'NONE',  ( 4.028894480281568491, -5.206954424155692429, 1.666666666666666297 ) ) ;
#7762 = CARTESIAN_POINT ( 'NONE',  ( 4.897990689412547560, -2.726368537552641413, 10.20000054708695814 ) ) ;
#7763 = CARTESIAN_POINT ( 'NONE',  ( 1.333780923754037451, 6.470939191549262226, 10.20000054708695281 ) ) ;
#7764 = CARTESIAN_POINT ( 'NONE',  ( -2.719012228693148625, -4.684629167066990618, 10.20000054708695636 ) ) ;
#7765 = CARTESIAN_POINT ( 'NONE',  ( -1.718210574339787300, -6.025791090187948562, 10.55000000000000249 ) ) ;
#7766 = CARTESIAN_POINT ( 'NONE',  ( 0.8942478740399936177, 6.091032923055313297, 10.54999999999999716 ) ) ;
#7767 = CARTESIAN_POINT ( 'NONE',  ( 2.718892757506426783, 4.673741883709398692, 10.20000054708695636 ) ) ;
#7768 = CARTESIAN_POINT ( 'NONE',  ( -5.435415167955230942, 0.9491906648941093039, 1.666666666666666297 ) ) ;
#7769 = CARTESIAN_POINT ( 'NONE',  ( 0.2246197692193283857, 5.422293873628743377, 10.55000000000000249 ) ) ;
#7770 = EDGE_CURVE ( 'NONE', #4036, #7570, #7463, .T. ) ;
#7771 = CARTESIAN_POINT ( 'NONE',  ( 4.263648151285305943, -2.296892756651053968, 10.54999999999999716 ) ) ;
#7772 = CARTESIAN_POINT ( 'NONE',  ( 5.485244519223072324, -1.469766839920268575, 0.000000000000000000 ) ) ;
#7773 = CARTESIAN_POINT ( 'NONE',  ( -4.256835255678445229, 2.273527487814289927, 10.55000000000000604 ) ) ;
#7774 = CARTESIAN_POINT ( 'NONE',  ( -5.604626029811752730, -2.827710600053704226, -5.000000000000000000 ) ) ;
#7775 = CARTESIAN_POINT ( 'NONE',  ( 6.087795764088873796, 1.431441249413716976, 10.55000000000000071 ) ) ;
#7776 = CARTESIAN_POINT ( 'NONE',  ( 1.755442576329603321, -5.037772316622269209, 1.666666666666666297 ) ) ;
#7777 = CARTESIAN_POINT ( 'NONE',  ( -6.255643805310284300, -0.5241188672390326708, 5.000000000000000000 ) ) ;
#7778 = DIRECTION ( 'NONE',  ( 3.293975600896113929E-13, -4.427453442170421022E-13, 1.000000000000000000 ) ) ;
#7779 = DIRECTION ( 'NONE',  ( 3.293975600896125036E-13, -4.427453442170434149E-13, 1.000000000000000000 ) ) ;
#7780 = CARTESIAN_POINT ( 'NONE',  ( -4.018825604028020138, 4.018224371688233099, 0.000000000000000000 ) ) ;
#7781 = CARTESIAN_POINT ( 'NONE',  ( -5.023232620960287775, 4.251500849256410142, 10.20000054708695636 ) ) ;
#7782 = CARTESIAN_POINT ( 'NONE',  ( -1.955629357345283426, -5.902940320653105921, 10.55000000000000249 ) ) ;
#7783 = CARTESIAN_POINT ( 'NONE',  ( 4.324972964128765085, -0.8288745339933666356, 10.54999999999999893 ) ) ;
#7784 = CARTESIAN_POINT ( 'NONE',  ( -0.09050372642129615730, 5.563739157988876194, 10.20000054708695458 ) ) ;
#7785 = CARTESIAN_POINT ( 'NONE',  ( 4.600352177528334252, -2.924612998701892064, 10.55000000000000249 ) ) ;
#7786 = CARTESIAN_POINT ( 'NONE',  ( 4.117753766068318555, -4.738341904635169577, 0.000000000000000000 ) ) ;
#7787 = CARTESIAN_POINT ( 'NONE',  ( 0.8000434083650811434, 6.457546346332266651, -5.999999999997430500 ) ) ;
#7788 = CARTESIAN_POINT ( 'NONE',  ( -0.2006596549303091837, 4.838978085894283687, 3.333333333333333037 ) ) ;
#7789 = CARTESIAN_POINT ( 'NONE',  ( -1.958463010339640320, -5.906960298902534490, 10.55000000000000071 ) ) ;
#7790 = CARTESIAN_POINT ( 'NONE',  ( -6.162401348110472021, 1.196908415135740533, 0.000000000000000000 ) ) ;
#7791 = CARTESIAN_POINT ( 'NONE',  ( -4.715877746243092083, -2.855740729627955776, 10.20000054708695458 ) ) ;
#7792 = CARTESIAN_POINT ( 'NONE',  ( -2.669425199347730260, 4.671164775103695099, -4.999999999997079669 ) ) ;
#7793 = CARTESIAN_POINT ( 'NONE',  ( 4.057804548095642616, -5.184456327696183919, -3.333333333333333037 ) ) ;
#7794 = CARTESIAN_POINT ( 'NONE',  ( -4.179967020519871568, -2.530425864464009411, 10.54999999999999893 ) ) ;
#7795 = CARTESIAN_POINT ( 'NONE',  ( -4.412868192873634854, 2.654047641815134639, 10.55000000000000071 ) ) ;
#7796 = CARTESIAN_POINT ( 'NONE',  ( -0.6933294261304645545, 4.834757971955979450, 0.000000000000000000 ) ) ;
#7797 = CARTESIAN_POINT ( 'NONE',  ( 4.565347179989111659, -1.255060648666039391, 10.20000054708695991 ) ) ;
#7798 = CARTESIAN_POINT ( 'NONE',  ( 2.207544360789564397, -4.154570065474953111, 10.55000000000000426 ) ) ;
#7799 = CARTESIAN_POINT ( 'NONE',  ( -5.705468039007896230, -0.08215326004263408255, 10.20000054708695458 ) ) ;
#7800 = CARTESIAN_POINT ( 'NONE',  ( 4.142919934894312206, 4.364618222124520663, 0.000000000000000000 ) ) ;
#7801 = CARTESIAN_POINT ( 'NONE',  ( -3.581030023282225194, 4.781599381105720248, 10.55000000000000249 ) ) ;
#7802 = CARTESIAN_POINT ( 'NONE',  ( -3.143676259033749254, 5.047304042829387605, 10.20000054708695636 ) ) ;
#7803 = CARTESIAN_POINT ( 'NONE',  ( 3.213266569546250118, -5.088083704188173684, 5.000000000000000000 ) ) ;
#7804 = CARTESIAN_POINT ( 'NONE',  ( 4.836779842199590895, -4.524909023064098257, 10.20000054708695636 ) ) ;
#7805 = CARTESIAN_POINT ( 'NONE',  ( 2.718892757506426783, 4.673741883709398692, 10.20000054708695636 ) ) ;
#7806 = CARTESIAN_POINT ( 'NONE',  ( 5.678215680000000987, 0.07738646000000001801, 10.20000054708695458 ) ) ;
#7807 = CARTESIAN_POINT ( 'NONE',  ( -2.398869965992002307, -4.943561912934033131, 10.55000000000000249 ) ) ;
#7808 = CARTESIAN_POINT ( 'NONE',  ( 2.932744056111729059, 3.872787349505695698, 10.20000054708695636 ) ) ;
#7809 = CARTESIAN_POINT ( 'NONE',  ( -6.414361532096308771, -1.483351403618801578, 3.333333333333333037 ) ) ;
#7810 = CARTESIAN_POINT ( 'NONE',  ( 5.441495203074726561, 0.3820041282256060322, 10.54999999999999893 ) ) ;
#7811 = CARTESIAN_POINT ( 'NONE',  ( 1.632089148427876335, 6.056966676410302952, 10.54999999999999893 ) ) ;
#7812 = CARTESIAN_POINT ( 'NONE',  ( 4.768036532995379773, -3.980327436503369398, 10.54999999999999893 ) ) ;
#7813 = CARTESIAN_POINT ( 'NONE',  ( -4.641992031678378261, 0.9265593960873019785, -4.999999999998087752 ) ) ;
#7814 = CARTESIAN_POINT ( 'NONE',  ( -6.461538437134769275, -1.526872548237523164, 5.000000000000024869 ) ) ;
#7815 = CARTESIAN_POINT ( 'NONE',  ( -4.190665037581362107, 1.949044356546535850, 10.55000000000000071 ) ) ;
#7816 = CARTESIAN_POINT ( 'NONE',  ( -6.456223770568879416, 0.8106471639654754258, 0.000000000000000000 ) ) ;
#7817 = CARTESIAN_POINT ( 'NONE',  ( 4.926223717439671468, 2.548457726321327943, 10.54999999999999893 ) ) ;
#7818 = ADVANCED_FACE ( 'NONE', ( #7821 ), #7326, .T. ) ;
#7819 = CARTESIAN_POINT ( 'NONE',  ( -5.811434037490125881, -0.1058673776733867616, 5.000000000000000000 ) ) ;
#7820 = CARTESIAN_POINT ( 'NONE',  ( 4.762395821933624873, -0.09571707434765608369, 10.55000000000000249 ) ) ;
#7821 = FACE_OUTER_BOUND ( 'NONE', #2621, .T. ) ;
#7822 = CARTESIAN_POINT ( 'NONE',  ( -1.976385360537679566E-12, 2.656472065302266043E-12, -11.00000000000002487 ) ) ;
#7823 = CARTESIAN_POINT ( 'NONE',  ( -4.291007783504368511, 2.245712686074323727, -3.333333333333333037 ) ) ;
#7824 = CARTESIAN_POINT ( 'NONE',  ( -5.182672480134237425, 3.849844795712689116, 10.20000054708695103 ) ) ;
#7825 = CARTESIAN_POINT ( 'NONE',  ( -2.369562580432475141, -4.605420195273174144, 10.55000000000000426 ) ) ;
#7826 = CARTESIAN_POINT ( 'NONE',  ( -3.213266569546251894, 5.088083704188176348, 10.20000054708695458 ) ) ;
#7827 = CARTESIAN_POINT ( 'NONE',  ( 4.742281273972112743, -3.048935263181711708, 10.55000000000000249 ) ) ;
#7828 = CARTESIAN_POINT ( 'NONE',  ( 3.067254368480953453, -5.888528640545023229, 0.000000000000000000 ) ) ;
#7829 = CARTESIAN_POINT ( 'NONE',  ( -5.123227066717662481, 0.2064956504721069674, -5.999999999998246736 ) ) ;
#7830 = CARTESIAN_POINT ( 'NONE',  ( 1.058259038248090755, 5.016989528068906523, 0.000000000000000000 ) ) ;
#7831 = AXIS2_PLACEMENT_3D ( 'NONE', #433, #7702, #5908 ) ;
#7832 = CARTESIAN_POINT ( 'NONE',  ( -0.3267857966352827326, -5.748911506686708250, 10.55000000000000249 ) ) ;
#7833 = CARTESIAN_POINT ( 'NONE',  ( -5.040141342650134249, 0.6683356128300457222, 3.333333333333333037 ) ) ;
#7834 = CARTESIAN_POINT ( 'NONE',  ( -3.938284777738100040, -2.969348394361833510, 10.20000054708696524 ) ) ;
#7835 = CARTESIAN_POINT ( 'NONE',  ( -0.09050372642162556047, 5.563739157989318507, -5.999999999997544187 ) ) ;
#7836 = CARTESIAN_POINT ( 'NONE',  ( 2.835030769196477340, -4.788108697936173108, -5.000000000000000000 ) ) ;
#7837 = CARTESIAN_POINT ( 'NONE',  ( -4.565384396853870541, 2.884364651843716931, 10.54999999999999893 ) ) ;
#7838 = CARTESIAN_POINT ( 'NONE',  ( 4.589878462754461097, -1.151562387923171782, 10.20000054708695458 ) ) ;
#7839 = CIRCLE ( 'NONE', #6447, 2.850000000000931788 ) ;
#7840 = CARTESIAN_POINT ( 'NONE',  ( -2.814033178045508787, -5.085783199819224443, 10.20000054708695458 ) ) ;
#7841 = CARTESIAN_POINT ( 'NONE',  ( -1.039883499624065566, 4.262974499554537111, 10.55000000000000071 ) ) ;
#7842 = CARTESIAN_POINT ( 'NONE',  ( -5.173385109098052048, 3.885126629737820192, 10.20000054708695103 ) ) ;
#7843 = CARTESIAN_POINT ( 'NONE',  ( 5.678215680000000987, 0.07738646000000001801, 10.55000000000000071 ) ) ;
#7844 = CARTESIAN_POINT ( 'NONE',  ( 4.943999019522615335, -2.760729645007842681, 10.20000054708695636 ) ) ;
#7845 = CARTESIAN_POINT ( 'NONE',  ( -1.489833371651404281, 4.507278159779968263, 10.20000054708695281 ) ) ;
#7846 = LINE ( 'NONE', #2318, #5914 ) ;
#7847 = CARTESIAN_POINT ( 'NONE',  ( -0.3611616220698464774, -6.244498695426072388, 10.20000054708695458 ) ) ;
#7848 = CARTESIAN_POINT ( 'NONE',  ( -2.280247881402336585, -5.600686875824850475, 10.55000000000000249 ) ) ;
#7849 = VERTEX_POINT ( 'NONE', #4852 ) ;
#7850 = CARTESIAN_POINT ( 'NONE',  ( -3.169264764605839613, -3.530499854274970151, 10.20000054708695458 ) ) ;
#7851 = CARTESIAN_POINT ( 'NONE',  ( 2.798771434348375831, 5.237400760359143703, 10.20000054708695458 ) ) ;
#7852 = CARTESIAN_POINT ( 'NONE',  ( -3.470362048767141605, -3.219190813529884121, 5.000000000000000000 ) ) ;
#7853 = CARTESIAN_POINT ( 'NONE',  ( 5.953017998123340426, 0.2068524008364282796, 10.20000054708695814 ) ) ;
#7854 = CARTESIAN_POINT ( 'NONE',  ( -2.146542847988700764, 4.146183293817276905, 10.55000000000000249 ) ) ;
#7855 = CARTESIAN_POINT ( 'NONE',  ( -5.372890496662610538, 0.03761367926725574240, 10.20000054708695636 ) ) ;
#7856 = CARTESIAN_POINT ( 'NONE',  ( 4.814263507727242875, -0.03991767630079047502, 10.55000000000000071 ) ) ;
#7857 = CARTESIAN_POINT ( 'NONE',  ( -4.773087588978501827, -2.860248105178433864, 10.20000054708695458 ) ) ;
#7858 = CARTESIAN_POINT ( 'NONE',  ( -4.188554564412821257, 1.398613028041461259, 10.55000000000000071 ) ) ;
#7859 = CARTESIAN_POINT ( 'NONE',  ( -4.339720304343664736, 1.788319183032209825, -3.333333333333333037 ) ) ;
#7860 = CARTESIAN_POINT ( 'NONE',  ( 2.906607642196368246, 3.299762082327605928, 10.54999999999999716 ) ) ;
#7861 = CARTESIAN_POINT ( 'NONE',  ( -1.708410305071415447, -5.770183011040060705, 0.000000000000000000 ) ) ;
#7862 = DIRECTION ( 'NONE',  ( 0.000000000000000000, 0.000000000000000000, -1.000000000000000000 ) ) ;
#7863 = CARTESIAN_POINT ( 'NONE',  ( 6.082674227001654721, 1.485251095303089741, 10.55000000000000071 ) ) ;
#7864 = CARTESIAN_POINT ( 'NONE',  ( -5.040141342650134249, 0.6683356128300457222, -3.333333333333333037 ) ) ;
#7865 = CARTESIAN_POINT ( 'NONE',  ( -4.753146854409883382, 2.543375106947269426, 10.20000054708695458 ) ) ;
#7866 = CARTESIAN_POINT ( 'NONE',  ( -2.521557300347323061, -3.922036284619197399, 10.54999999999999893 ) ) ;
#7867 = CARTESIAN_POINT ( 'NONE',  ( 2.874891515540367593, 3.948492002339777152, 10.20000054708695458 ) ) ;
#7868 = EDGE_CURVE ( 'NONE', #5130, #4961, #380, .T. ) ;
#7869 = CARTESIAN_POINT ( 'NONE',  ( 2.557005768023955294, -5.675329227395412346, -1.666666666666666297 ) ) ;
#7870 = CARTESIAN_POINT ( 'NONE',  ( -4.954707020477715496, 4.419694229628309046, -5.999999999996435740 ) ) ;
#7871 = CARTESIAN_POINT ( 'NONE',  ( -1.122902491428185989, 4.711163676717597504, 1.666666666666666297 ) ) ;
#7872 = CARTESIAN_POINT ( 'NONE',  ( -4.668414645444201483, -2.013852510967591325, 1.666666666666666297 ) ) ;
#7873 = CARTESIAN_POINT ( 'NONE',  ( -5.570606647671834111, -2.818594071766050480, 10.20000054708695458 ) ) ;
#7874 = CARTESIAN_POINT ( 'NONE',  ( 1.908458813630810491, 6.359292723372316658, -4.999999999997839950 ) ) ;
#7875 = CARTESIAN_POINT ( 'NONE',  ( 2.711647814721307892, -5.315450139805472318, -3.333333333333333037 ) ) ;
#7876 = CARTESIAN_POINT ( 'NONE',  ( -4.340337468151582279, 2.506195924124741570, 10.54999999999999716 ) ) ;
#7877 = EDGE_CURVE ( 'NONE', #2774, #4702, #6564, .T. ) ;
#7878 = CARTESIAN_POINT ( 'NONE',  ( 5.173762681679799691, -3.073411379804814825, 10.20000054708695458 ) ) ;
#7879 = CARTESIAN_POINT ( 'NONE',  ( 3.565988210183660634, 5.600584521419603945, 0.000000000000000000 ) ) ;
#7880 = CARTESIAN_POINT ( 'NONE',  ( -2.147833852893235029, 4.145825705441750664, 10.54999999999999716 ) ) ;
#7881 = CARTESIAN_POINT ( 'NONE',  ( -1.982048622023628859, 4.463975086240834500, 5.000000000000000000 ) ) ;
#7882 = CARTESIAN_POINT ( 'NONE',  ( -2.640749540419043306, 4.664693610113531008, 10.20000054708695458 ) ) ;
#7883 = CARTESIAN_POINT ( 'NONE',  ( 5.678215680769328699, 0.07738646013456570993, 5.000000000000000000 ) ) ;
#7884 = CARTESIAN_POINT ( 'NONE',  ( 4.820502840248813037, -0.6031543634655017749, 10.20000054708695281 ) ) ;
#7885 = CARTESIAN_POINT ( 'NONE',  ( -1.535240925159687908, 4.499769872121253123, 10.20000054708695636 ) ) ;
#7886 = CARTESIAN_POINT ( 'NONE',  ( -4.863591316241459239, 2.703491047103844469, 5.000000000000000000 ) ) ;
#7887 = CARTESIAN_POINT ( 'NONE',  ( -2.973820260036004193, -3.801180963565258697, 10.20000054708695636 ) ) ;
#7888 = CARTESIAN_POINT ( 'NONE',  ( 2.758365406810942666, 4.918963810808818060, 10.20000054708695636 ) ) ;
#7889 = CARTESIAN_POINT ( 'NONE',  ( -4.090348123528645630, -2.593265403588362439, 3.333333333333333037 ) ) ;
#7890 = CARTESIAN_POINT ( 'NONE',  ( 0.2032508262055086889, -5.336763893317134411, 10.20000054708695458 ) ) ;
#7891 = CARTESIAN_POINT ( 'NONE',  ( -1.040909578972592398, 4.264473758931584868, 10.55000000000000604 ) ) ;
#7892 = CARTESIAN_POINT ( 'NONE',  ( -6.183000071170476453, -0.4546863904678867807, 10.20000054708695458 ) ) ;
#7893 = CARTESIAN_POINT ( 'NONE',  ( 5.082380525370974844, 0.1905293989446354974, 10.54999999999999716 ) ) ;
#7894 = CARTESIAN_POINT ( 'NONE',  ( -4.523082045645673510, 1.395826287385323772, -5.999999999997929656 ) ) ;
#7895 = CARTESIAN_POINT ( 'NONE',  ( 1.518572041796068639, -4.483362720821384428, 5.000000000000024869 ) ) ;
#7896 = CARTESIAN_POINT ( 'NONE',  ( -5.703980773998899245, -0.4574824500688386419, 10.54999999999999893 ) ) ;
#7897 = CARTESIAN_POINT ( 'NONE',  ( 3.223157146548336183, 2.991815627442747427, 10.55000000000000071 ) ) ;
#7898 = CARTESIAN_POINT ( 'NONE',  ( 1.298451264820540185, -5.221076087381557151, 0.000000000000000000 ) ) ;
#7899 = CARTESIAN_POINT ( 'NONE',  ( 0.000000000000000000, 0.000000000000000000, -10.64999999999721325 ) ) ;
#7900 = CARTESIAN_POINT ( 'NONE',  ( 4.617964342173579873, 2.495726112147648390, 10.54999999999999716 ) ) ;
#7901 = CARTESIAN_POINT ( 'NONE',  ( -4.078254761772208248, 3.036039421225010582, -1.666666666666666297 ) ) ;
#7902 = CARTESIAN_POINT ( 'NONE',  ( 0.005194315260683103272, -5.004509339660706324, 10.55000000000000249 ) ) ;
#7903 = CARTESIAN_POINT ( 'NONE',  ( 4.668202567104299483, -2.990745560257072277, 10.54999999999999716 ) ) ;
#7904 = CARTESIAN_POINT ( 'NONE',  ( -1.982048622023628859, 4.463975086240834500, 10.20000054708695458 ) ) ;
#7905 = CARTESIAN_POINT ( 'NONE',  ( 1.552475556725905648, -4.587569381479216446, -3.333333333333333037 ) ) ;
#7906 = CARTESIAN_POINT ( 'NONE',  ( -3.213266569546581408, 5.088083704188618661, -5.999999999996713740 ) ) ;
#7907 = CARTESIAN_POINT ( 'NONE',  ( 2.494907568016747401, 6.092602184811370059, 1.666666666666666297 ) ) ;
#7908 = CARTESIAN_POINT ( 'NONE',  ( -3.945042019279604961, -3.924286919456764000, 0.000000000000000000 ) ) ;
#7909 = CARTESIAN_POINT ( 'NONE',  ( 5.123227066717328526, -0.2064956504716665142, 5.000000000000000000 ) ) ;
#7910 = CARTESIAN_POINT ( 'NONE',  ( 3.930152937962595683, -5.185930219046910317, 0.000000000000000000 ) ) ;
#7911 = CARTESIAN_POINT ( 'NONE',  ( -5.356829154773219415, -2.903292504961398013, 10.20000054708695636 ) ) ;
#7912 = CARTESIAN_POINT ( 'NONE',  ( -5.726177570307259934, -0.4738448823126144571, 10.55000000000000071 ) ) ;
#7913 = CARTESIAN_POINT ( 'NONE',  ( 0.5937552383748196938, -4.477560297735570849, 10.54999999999999893 ) ) ;
#7914 = CARTESIAN_POINT ( 'NONE',  ( -2.774563950083861030, -4.959725921755433475, 10.20000054708695458 ) ) ;
#7915 = CARTESIAN_POINT ( 'NONE',  ( 0.2420490677627294418, 4.727368662354398232, 0.000000000000000000 ) ) ;
#7916 = CARTESIAN_POINT ( 'NONE',  ( -2.307013040447730035, 4.173508408610405063, 10.55000000000000071 ) ) ;
#7917 = CARTESIAN_POINT ( 'NONE',  ( 0.4750015549338932885, 5.743902374239028497, 3.333333333333333037 ) ) ;
#7918 = CARTESIAN_POINT ( 'NONE',  ( -4.670252132810324142, 2.386653583968803893, 10.20000054708695458 ) ) ;
#7919 = CARTESIAN_POINT ( 'NONE',  ( 4.863591316241458351, -2.703491047103842249, 5.000000000000000000 ) ) ;
#7920 = CARTESIAN_POINT ( 'NONE',  ( 4.701641300626200781, -0.8312079943594993248, 10.20000054708695281 ) ) ;
#7921 = CARTESIAN_POINT ( 'NONE',  ( -0.5988959512687772602, 4.898097538857775213, 10.20000054708695281 ) ) ;
#7922 = CARTESIAN_POINT ( 'NONE',  ( -4.603342582428153307, 2.258170310738743414, 5.000000000000000000 ) ) ;
#7923 = CARTESIAN_POINT ( 'NONE',  ( -1.455297699075420281, -6.457169145461024939, 10.20000054708695458 ) ) ;
#7924 = CARTESIAN_POINT ( 'NONE',  ( 3.134419601341340123, 4.540937647741741578, 3.333333333333333037 ) ) ;
#7925 = EDGE_LOOP ( 'NONE', ( #1936, #4200, #5491, #1257 ) ) ;
#7926 = CARTESIAN_POINT ( 'NONE',  ( 3.309963142595197194, 3.381502067491163999, 10.20000054708695636 ) ) ;
#7927 = CARTESIAN_POINT ( 'NONE',  ( -3.815710851444237939, -3.424973976468152603, 0.000000000000000000 ) ) ;
#7928 = CARTESIAN_POINT ( 'NONE',  ( -1.455297699075420281, -6.457169145461024939, 10.20000054708695458 ) ) ;
#7929 = CARTESIAN_POINT ( 'NONE',  ( 6.301793067254989111, 2.011852162870159777, 10.20000054708695281 ) ) ;
#7930 = CARTESIAN_POINT ( 'NONE',  ( -0.6514439365730144704, 4.442947182746326718, 10.55000000000000604 ) ) ;
#7931 = CARTESIAN_POINT ( 'NONE',  ( -4.603342582428482821, 2.258170310739186171, -5.999999999997521094 ) ) ;
#7932 = CARTESIAN_POINT ( 'NONE',  ( 4.196098256758244993, -1.991421243986765788, 10.55000000000000249 ) ) ;
#7933 = CARTESIAN_POINT ( 'NONE',  ( 0.1704022720372699862, -5.377413347294651480, 10.20000054708695458 ) ) ;
#7934 = CARTESIAN_POINT ( 'NONE',  ( -6.073894349417747307, -1.110741550734804850, 10.54999999999999893 ) ) ;
#7935 = CARTESIAN_POINT ( 'NONE',  ( 3.183156238990438869, 3.024849343532100665, 10.55000000000000249 ) ) ;
#7936 = CARTESIAN_POINT ( 'NONE',  ( 5.416526759925426759, 1.969588487282300848, 1.666666666666666297 ) ) ;
#7937 = CARTESIAN_POINT ( 'NONE',  ( 4.533687937200369333, -1.816938096579818529, 0.000000000000000000 ) ) ;
#7938 = DIRECTION ( 'NONE',  ( -1.000000000000000000, 0.000000000000000000, 0.000000000000000000 ) ) ;
#7939 = CARTESIAN_POINT ( 'NONE',  ( 5.238907490690661639, 2.572547473366796567, 10.54999999999999716 ) ) ;
#7940 = CARTESIAN_POINT ( 'NONE',  ( -4.856940138843541810, 0.5154830861509837048, -5.000000000000000000 ) ) ;
#7941 = CARTESIAN_POINT ( 'NONE',  ( 0.2300764513000909672, -4.753578519834662508, 10.54999999999999716 ) ) ;
#7942 = CARTESIAN_POINT ( 'NONE',  ( 4.504661433748298194, -2.803659185038994028, 10.55000000000000071 ) ) ;
#7943 = CARTESIAN_POINT ( 'NONE',  ( -4.105402761418074142, 4.659348999389577806, 10.55000000000000249 ) ) ;
#7944 = CARTESIAN_POINT ( 'NONE',  ( 3.565988210183661966, -5.600584521419602169, 0.000000000000000000 ) ) ;
#7945 = CARTESIAN_POINT ( 'NONE',  ( 3.470362048766807206, 3.219190813530330431, -5.999999999999743316 ) ) ;
#7946 = CARTESIAN_POINT ( 'NONE',  ( 0.9171783983772251458, 6.156819319221125575, 3.333333333333333037 ) ) ;
#7947 = CARTESIAN_POINT ( 'NONE',  ( 3.611613073146330510, -4.781582559655930709, 10.54999999999999893 ) ) ;
#7948 = CARTESIAN_POINT ( 'NONE',  ( -5.489297186633656622, -1.471292881111661455, 0.000000000000000000 ) ) ;
#7949 = CARTESIAN_POINT ( 'NONE',  ( -2.371666416849585346, -6.059304634297760117, 5.000000000000000000 ) ) ;
#7950 = CARTESIAN_POINT ( 'NONE',  ( 6.461538437134771051, 1.526872548237521388, -5.000000000001479705 ) ) ;
#7951 = CARTESIAN_POINT ( 'NONE',  ( 1.982048622023625528, -4.463975086240834500, -5.000000000000000000 ) ) ;
#7952 = CARTESIAN_POINT ( 'NONE',  ( -6.052278170231651266, -1.655796530579599635, 10.55000000000000071 ) ) ;
#7953 = CARTESIAN_POINT ( 'NONE',  ( -5.678215680000207932, -0.07738645999953595866, -5.999999999998189004 ) ) ;
#7954 = CARTESIAN_POINT ( 'NONE',  ( 2.386520498382996180, -4.191982085740883157, 10.54999999999999716 ) ) ;
#7955 = CARTESIAN_POINT ( 'NONE',  ( 5.251182211392753985, -3.439893223823212498, 10.20000054708695458 ) ) ;
#7956 = CARTESIAN_POINT ( 'NONE',  ( 0.6933294261304642214, 4.834757971955977673, 0.000000000000000000 ) ) ;
#7957 = CARTESIAN_POINT ( 'NONE',  ( -0.2006596549303091837, 4.838978085894283687, 3.333333333333333037 ) ) ;
#7958 = CARTESIAN_POINT ( 'NONE',  ( -4.869983632069935453, 2.699960822927714332, 10.20000054708695103 ) ) ;
#7959 = LINE ( 'NONE', #7843, #6442 ) ;
#7960 = CARTESIAN_POINT ( 'NONE',  ( 5.335129893479579444, -0.06113708192367253713, 10.20000054708695458 ) ) ;
#7961 = CARTESIAN_POINT ( 'NONE',  ( -0.4153652489557380090, 5.062232449554458391, 10.20000054708695458 ) ) ;
#7962 =( GEOMETRIC_REPRESENTATION_CONTEXT ( 3 ) GLOBAL_UNCERTAINTY_ASSIGNED_CONTEXT ( ( #3125 ) ) GLOBAL_UNIT_ASSIGNED_CONTEXT ( ( #1707, #5466, #7264 ) ) REPRESENTATION_CONTEXT ( 'NONE', 'WORKASPACE' ) );
#7963 = CARTESIAN_POINT ( 'NONE',  ( -5.123227066717332967, 0.2064956504716642105, 5.000000000000000000 ) ) ;
#7964 = CARTESIAN_POINT ( 'NONE',  ( -1.673381827431862590, -6.410279608898041381, 10.20000054708695458 ) ) ;
#7965 = CARTESIAN_POINT ( 'NONE',  ( 3.457288572021225193, 3.727848306711875281, 1.666666666666666297 ) ) ;
#7966 = ORIENTED_EDGE ( 'NONE', *, *, #85, .F. ) ;
#7967 = CARTESIAN_POINT ( 'NONE',  ( 0.1364147788454683763, 6.063329558875163450, 10.20000054708695458 ) ) ;
#7968 = CARTESIAN_POINT ( 'NONE',  ( -3.604071719379966954, -4.332058221710632040, 1.666666666666666297 ) ) ;
#7969 = CARTESIAN_POINT ( 'NONE',  ( 0.4883258059541158991, -4.991499798716937164, 10.20000054708695281 ) ) ;
#7970 = CARTESIAN_POINT ( 'NONE',  ( 6.428676136816794617, 1.118130156344586901, 10.20000054708695281 ) ) ;
#7971 = CARTESIAN_POINT ( 'NONE',  ( -0.3844825649411149904, 4.621341098298316297, 10.54999999999999893 ) ) ;
#7972 = CARTESIAN_POINT ( 'NONE',  ( -6.321099318534653122, -1.967300149563180778, 10.20000054708695991 ) ) ;
#7973 = CARTESIAN_POINT ( 'NONE',  ( 5.592099656784581541, 0.4181933847430190920, 10.55000000000000249 ) ) ;
#7974 = CARTESIAN_POINT ( 'NONE',  ( -2.710634745066446971, -4.647372425121903738, 5.000000000000024869 ) ) ;
#7975 = CARTESIAN_POINT ( 'NONE',  ( -5.879418658311336365, -0.6320942547204861928, 10.54999999999999893 ) ) ;
#7976 = CARTESIAN_POINT ( 'NONE',  ( 4.306115542801887131, 2.509450918138660835, 10.55000000000000249 ) ) ;
#7977 = CARTESIAN_POINT ( 'NONE',  ( 3.213266569545920603, -5.088083704187731371, -6.000000000003336886 ) ) ;
#7978 = CARTESIAN_POINT ( 'NONE',  ( 5.976476242010902773, 1.740509143441727025, 1.666666666666666297 ) ) ;
#7979 = CARTESIAN_POINT ( 'NONE',  ( 3.708550414856205624, 2.688044396232093014, 10.54999999999999893 ) ) ;
#7980 = CARTESIAN_POINT ( 'NONE',  ( -2.365357561638858463, 4.984955822707349604, -3.333333333333333037 ) ) ;
#7981 = CARTESIAN_POINT ( 'NONE',  ( -0.1562356843841505027, -5.263585785606064604, 10.54999999999999893 ) ) ;
#7982 = CARTESIAN_POINT ( 'NONE',  ( 5.588443044646408175, 0.4175077468827366189, 10.54999999999999893 ) ) ;
#7983 = CARTESIAN_POINT ( 'NONE',  ( -5.380059953839469777, 0.02379233995175580874, -4.999999999998244959 ) ) ;
#7984 = CARTESIAN_POINT ( 'NONE',  ( -4.117753766068320331, -4.738341904635167801, 0.000000000000000000 ) ) ;
#7985 = CARTESIAN_POINT ( 'NONE',  ( 5.034550618108670328, -4.230977002217545468, 10.20000054708695636 ) ) ;
#7986 = CARTESIAN_POINT ( 'NONE',  ( -3.872358905603290324, 3.735029819091830738, 0.000000000000000000 ) ) ;
#7987 = CARTESIAN_POINT ( 'NONE',  ( -0.1957681335418484103, -5.348036750854935129, 10.55000000000000071 ) ) ;
#7988 = CARTESIAN_POINT ( 'NONE',  ( -4.117753766068320331, -4.738341904635167801, 0.000000000000000000 ) ) ;
#7989 = CARTESIAN_POINT ( 'NONE',  ( 2.669425199347730260, -4.671164775103693323, 5.000000000000000000 ) ) ;
ENDSEC;
END-ISO-10303-21;
